0 0.015481538077 0.0286657141700911 0.0001 0.7932571838100649 0.3552528358739034 0.9935583910708118 0.7932571838100649 0.0001 0.2222777777777777
1 0.1021204078368 0.2947740980094969 0.9999 0.9646756954471976 0.5766468120601562 0.9935583910708118 0.964667429177818 0.8787121214242 0.6666333333333333
0 0.0257358977948 0.1327265306535388 0.0001 0.7958368407981425 0.0001 0.0001 0.7958368407981425 0.8460846152308 0.6666333333333333
1 0.3333666663334 0.1500699998988297 0.9999 0.7385828937520353 0.3552528358739034 0.9935583910708118 0.6863890642496482 0.8888111112222 0.2222777777777777
0 0.0105145836665999 0.0101911485106298 0.0001 0.9950843462917968 0.7721713821139808 0.9999 0.9950843462917968 0.0001 0.6666333333333333
0 0.0087939128695999 0.0208331800964801 0.0001 0.0001115729371154 0.5320109296724792 0.9935583910708118 0.0001115729371154 0.0001 0.4444555555555555
0 0.0527210526842 0.0271092485015011 0.0001 0.942889524889079 0.3903778420099519 0.0001 0.942889524889079 0.0001 0.4444555555555555
0 0.0233511628372 0.0208331800964801 0.0001 0.36691615047731 0.5320109296724792 0.9935583910708118 0.36691615047731 0.0001 0.9999
0 0.045545454091 0.0198133183357039 0.0001 0.6805563170421495 0.5550263060529741 0.9676095641562829 0.6805563170421495 0.0001 0.2222777777777777
0 0.125075 0.0604620742845073 0.0001 0.6653533692814182 0.0001 0.9935583910708118 0.6653533693814082 0.0001 0.2222777777777777
1 0.1358753085062 0.4333466665992198 0.5 0.9358393073167725 0.3552528358739034 0.0001 0.9356078491744032 0.8856371431428001 0.0001
0 0.0909909091818 0.0660208790875263 0.0001 0.0233036869216851 0.0001 0.9935583910708118 0.0233036869216851 0.0001 0.2222777777777777
1 0.5833166663334 0.4603253970983958 0.9999 0.7179825607372881 0.0001 0.0001 0.5699121218135089 0.9999 0.6666333333333333
0 0.2222777775556 0.1721435065789099 0.0001 0.0009957432929401 0.0001 0.0001 0.0001092583696903 0.8332666663334 0.4444555555555555
0 0.0159698413968 0.1905380951417426 0.0001 0.0002603674857784 0.0001 0.0001 0.0002603674857784 0.809461905238 0.6666333333333333
0 0.0257358977948 0.0477095232795844 0.0001 0.0024531586473322 0.0001 0.0001 0.0024531586473322 0.0001 0.2222777777777777
0 0.0435695653478 0.0660208790875263 0.0001 0.0001 0.0001 0.0001 0.0001 0.0001 0.6666333333333333
0 0.0345758624482 0.0072863435755817 0.0001 0.8963508811361157 0.8377246122879141 0.9935583910708118 0.8963508811361157 0.0001 0.6666333333333333
0 0.045545454091 0.0725061503460126 0.0001 0.107524721531327 0.0001 0.0001 0.107524721531327 0.0001 0.6666333333333333
0 0.0223177775556 0.1006089944895248 0.0001 0.0001308610989812 0.0001 0.0001 0.0001308610989812 0.7272272724546001 0.2222777777777777
0 0.0130844155974 0.1568146827765493 0.0001 0.2715912382196787 0.0001 0.0001 0.2715912382196787 0.8332666663334 0.4444555555555555
0 0.5 0.0514290177442296 0.0001 0.0131988821837559 0.0001 0.0001 0.0131988821837559 0.0001 0.6666333333333333
0 0.0667533336666 0.0179535716092325 0.0001 0.9862641346739728 0.5969955221040889 0.9999 0.9862641346739728 0.0001 0.6666333333333333
0 0.0625875 0.069133809413004 0.0001 0.9820962333776018 0.3552528358739034 0.9935583910708118 0.9819920771435426 0.0001 0.0001
0 0.0667533336666 0.0477095232795844 0.0001 0.992608294393159 0.0001 0.9935583910708118 0.992608294393159 0.0001 0.2222777777777777
0 0.0572314284286 0.0893678570344604 0.0001 0.2311184532504412 0.126940298526394 0.0001 0.2304240785233639 0.9999 0.0001
0 0.018964151415 0.0801705627530441 0.0001 0.017561869677262 0.0001 0.0001 0.017561869677262 0.0001 0.6666333333333333
0 0.022567415618 0.0352535437223516 0.0001 0.7150011583178355 0.7375435962901706 0.9934936808266296 0.7147967035620825 0.0001 0.2222777777777777
0 0.30004 0.325431745614218 0.0001 0.9972451741651208 0.4229009946651793 0.9999 0.2731859853745462 0.6363363632728 0.0001
0 0.1111888887778 0.0477095232795844 0.0001 0.3536210247127168 0.0001 0.0001 0.3536210247127168 0.0001 0.6666333333333333
0 0.0513717945898 0.0363739231731992 0.0001 0.9120586281730524 0.7249017053215078 0.9934936808266296 0.9119776177132344 0.0001 0.6666333333333333
0 0.20006 0.0725061503460126 0.0001 0.9601192749904348 0.0001 0.0001 0.9601192749904348 0.0001 0.0001
0 0.2353470591764 0.3560893942306415 0.0001 0.9957869872882538 0.0001 0.9935583910708118 0.9813787128762836 0.9999 0.0001
0 0.0378283018302 0.0893678570344604 0.0001 0.989445031947565 0.126940298526394 0.9935583910708118 0.989445031947565 0.8570714284286001 0.0001
0 0.0069013604558 0.0198133183357039 0.0001 0.9982503641605176 0.5550263060529741 0.9935583910708118 0.9982503641605176 0.0001 0.6666333333333333
1 0.809461905238 0.625195414792178 0.9999 0.9998193202069554 0.4229009946651793 0.9935583910708118 0.965308899020942 0.9999 0.6666333333333333
0 0.0435695653478 0.1568146827765493 0.0001 0.0301862625391743 0.0001 0.0001 0.0301862625391743 0.7999400000000001 0.6666333333333333
0 0.0134306663334 0.0230839083134385 0.0001 0.2353888574470037 0.4812183739394952 0.9934936808266296 0.2353888574470037 0.0001 0.0001
0 0.3333666663334 0.0312487835841248 0.0001 0.9528167680689432 0.7827316297181688 0.9935583910708118 0.2399254385972816 0.0001 0.0001
0 0.0103020411836 0.0134901784539988 0.0001 0.0656103926128895 0.6977216418951675 0.0001 0.0656103926128895 0.0001 0.2222777777777777
0 0.0667533336666 0.0414451127211006 0.0001 0.0062290137377204 0.0668580519227549 0.9934936808266296 0.0062290137377204 0.0001 0.4444555555555555
0 0.033706722311 0.2994906595685703 0.0001 0.1204235576163344 0.0001 0.0001 0.1204119847792089 0.7575242428484 0.6666333333333333
0 0.0834166663334 0.0444033072142027 0.0001 0.0120448976396963 0.0001 0.0001 0.0120448976396963 0.0001 0.6666333333333333
0 0.3333666663334 0.0414451127211006 0.0001 0.8605062686137789 0.0668580519227549 0.0001 0.8605062686137789 0.0001 0.6666333333333333
0 0.0107361703404 0.0303518851424466 0.0001 0.6520009301758468 0.3172007463159851 0.9999 0.6520009301758468 0.0001 0.9999
0 0.5 0.0725061503460126 0.0001 0.0008208270690639 0.0001 0.0001 0.0008208270690639 0.0001 0.6666333333333333
0 0.3333666663334 0.0761717392843895 0.0001 0.1625357282550233 0.7721713821139808 0.9935583910708118 0.1625258085517858 0.0001 0.6666333333333333
0 0.1177235295882 0.114660416561281 0.0001 0.0013878996878512 0.5550263060529741 0.9935583910708118 0.0007100576995132 0.9229923076154 0.6666333333333333
0 0.0174878257392 0.0893678570344604 0.0001 0.754055324934238 0.126940298526394 0.0001 0.7540354856277529 0.9267439021464 0.6666333333333333
0 0.03134375 0.0101911485106298 0.0001 0.9833461077863508 0.7721713821139808 0.9935583910708118 0.9833461077863508 0.0001 0.0001
0 0.0883176469412 0.0861043014233814 0.0001 0.3218940540369767 0.5320109296724792 0.9935583910708118 0.0007990038619274 0.0001 0.9999
0 0.0698534885116 0.3675860118294864 0.5 0.0076339651638505 0.0001 0.0001 0.0076108193896095 0.8665933336666 0.4444555555555555
1 0.0212438063927999 0.2242615075069359 0.9999 0.0266184993390687 0.5074611941055762 0.6764132533646445 0.0266135395374449 0.8481446431428 0.6666333333333333
0 0.0073449277246 0.114660416561281 0.0001 0.0002620207196563 0.0001 0.0001 0.0002620207196563 0.8655985076716001 0.0001
0 0.0286657147142 0.0387827379808193 0.0001 0.9635602873268596 0.126940298526394 0.6764779636088267 0.9635602873268596 0.0001 0.2222777777777777
0 0.59998 0.325431745614218 0.0001 0.1461302999232634 0.0001 0.6764779636088267 0.14611707375227 0.9999 0.6666333333333333
0 0.029505882647 0.1905380951417426 0.0001 0.2304912164771344 0.0001 0.5469926710127753 0.2304912164771344 0.9229923076154 0.2222777777777777
0 0.10008 0.0893678570344604 0.0001 0.954263382008695 0.0001 0.0001 0.954263382008695 0.74995 0.0001
0 0.025095 0.0477095232795844 0.0001 0.0030202312661195 0.0001 0.9935583910708118 0.0030202312661195 0.0001 0.2222777777777777
0 0.0687137255098 0.4308174106465378 0.5 0.0332602481555806 0.0001 0.9935583910708118 0.0332602481555806 0.8888111112222 0.2222777777777777
0 0.0031205437704 0.0256680774479604 0.0001 0.8296446209876992 0.4229009946651793 0.9988646350932188 0.8296446209876992 0.0001 0.6666333333333333
0 0.0186148152962 0.1568146827765493 0.0001 0.6344492877192317 0.0001 0.0001 0.6344492877192317 0.8063903226774001 0.6666333333333333
0 0.1667333336665999 0.0514290177442296 0.0001 0.3444751183217123 0.0001 0.0001 0.3444751183217123 0.0001 0.6666333333333333
0 0.30004 0.2411232141953837 0.0001 0.4471284938926566 0.3172007463159851 0.0001 0.1392592972428896 0.8332666663334 0.6666333333333333
0 0.20006 0.0088446060276005 0.0001 0.8064113404396733 0.8025590312087699 0.9935583910708118 0.8064113404396733 0.0001 0.9999
0 0.25005 0.114660416561281 0.0001 0.5323073246599747 0.0001 0.0001 0.5323073246599747 0.9999 0.2222777777777777
0 0.1667333336665999 0.0286657141700911 0.0001 0.0045902895018061 0.3552528358739034 0.0001 0.0045902895018061 0.0001 0.0001
0 0.0197039214314 0.0444033072142027 0.0001 0.764737121894202 0.6343014926319703 0.9870873626531236 0.764737121894202 0.0001 0.6666333333333333
0 0.0625875 0.0101911485106298 0.0001 0.7989549137845133 0.7721713821139808 0.9935583910708118 0.7989549137845133 0.0001 0.0001
0 0.0385538456924 0.0256680774479604 0.0001 0.9443602765034024 0.4229009946651793 0.9612032459827768 0.9443602765034024 0.0001 0.6666333333333333
0 0.0417583336666 0.0801705627530441 0.0001 0.544913311071424 0.0001 0.0001 0.544913311071424 0.0001 0.4444555555555555
0 0.0167633336666 0.0084316665486347 0.0001 0.1654745863494614 0.8118779105689221 0.9935583910708118 0.1654745863494614 0.0001 0.4444555555555555
0 0.1818818183635999 0.1568146827765493 0.0001 0.1907683410546635 0.0001 0.0001 0.1907613973523882 0.74995 0.4444555555555555
0 0.0378283018302 0.0278722218287824 0.0001 0.7064456908976949 0.8208313440029749 0.8252469239691724 0.7064456908976949 0.0001 0.4444555555555555
0 0.1667333336665999 0.0065922074900109 0.0001 0.053157940173871 0.85338928134167 0.9993176078023596 0.053157940173871 0.0001 0.2222777777777777
0 0.0174878257392 0.0845502264075178 0.0001 0.99980774736983 0.1813004266474776 0.9935583910708118 0.3501425382418089 0.0001 0.6666333333333333
0 0.0261817396086 0.1399529760881015 0.0001 0.7504875617341323 0.126940298526394 0.0001 0.729089248902868 0.9267439021464 0.0001
0 0.10008 0.0148213653182882 0.0001 0.997499778181721 0.6676805179591463 0.9935583910708118 0.997499778181721 0.0001 0.6666333333333333
0 0.9999 0.3495198977372285 0.0001 0.8357220526085506 0.0001 0.0001 0.8059912437522894 0.9999 0.6666333333333333
1 0.2273272724546 0.7108421765472788 0.9999 0.9383737749456168 0.0001 0.0001 0.2198001460489972 0.8181181816364 0.6666333333333333
0 0.1177235295882 0.0400797920301761 0.0001 0.0001185166393907 0.6830862222490127 0.9999 0.0001115729371154 0.0001 0.9999
0 0.5333266663334 0.2492821042347835 0.0001 0.1381317650408168 0.5320109296724792 0.0001 0.1362255412840828 0.7999400000000001 0.6666333333333333
0 0.0001 0.0414451127211006 0.0001 0.6898917986840457 0.0668580519227549 0.9935583910708118 0.6898917986840457 0.0001 0.0001
1 0.3125375 0.0958255320870982 0.5 0.9411198614103452 0.7827316297181688 0.9935583910708118 0.9047594277193168 0.9999 0.6666333333333333
0 0.7999400000000001 0.0869002906461667 0.0001 0.3413834977773182 0.7116431383842602 0.9934936808266296 0.1635872098988917 0.0001 0.6666333333333333
1 0.5185148152962 0.7750772488753068 0.9999 0.9983280679526 0.6343014926319703 0.9999 0.9983148417816065 0.9999 0.6666333333333333
0 0.20006 0.1399529760881015 0.0001 0.9819573584321863 0.126940298526394 0.0001 0.9539624862436332 0.9999 0.0001
0 0.0228227275454 0.0198133183357039 0.0001 0.917852688767902 0.5550263060529741 0.9935583910708118 0.917852688767902 0.0001 0.4444555555555555
1 0.1875625 0.1905380951417426 0.5 0.5819744018582578 0.0001 0.0001 0.5816966519674269 0.6666333336666 0.0001
0 0.0527210526842 0.0801705627530441 0.0001 0.0005281976733718 0.0001 0.0001 0.0005281976733718 0.0001 0.4444555555555555
0 0.9999 0.0477095232795844 0.0001 0.6859173303509312 0.5969955221040889 0.6764132533646445 0.6859173303509312 0.0001 0.6666333333333333
0 0.0209291663333999 0.0230839083134385 0.0001 0.0001154305494906 0.4812183739394952 0.0001 0.0001154305494906 0.0001 0.2222777777777777
0 0.20006 0.1006089944895248 0.0001 0.0211560853193444 0.0001 0.0001 0.0211560853193444 0.8570714284286001 0.6666333333333333
0 0.0606939397878 0.114660416561281 0.0001 0.2806323271430668 0.0001 0.0001 0.2805199045396381 0.89992 0.6666333333333333
0 0.1167433336666 0.5329604390379119 0.5 0.0596657739465813 0.0001 0.0001 0.0507199135543354 0.8420368419474 0.2222777777777777
0 0.0164901643114 0.0321846791057838 0.0001 0.3404163330610238 0.2758397789640208 0.9935583910708118 0.3404163330610238 0.0001 0.6666333333333333
0 0.0715142852858 0.0556444446692672 0.0001 0.000204156234059 0.0001 0.0001 0.000204156234059 0.0001 0.0001
0 0.25005 0.0893678570344604 0.0001 0.9882199566469247 0.0001 0.0001 0.9882199566469247 0.9999 0.6666333333333333
0 0.0435695653478 0.0072863435755817 0.0001 0.0014725472821988 0.8377246122879141 0.9999 0.0014725472821988 0.0001 0.4444555555555555
0 0.380024 0.214342857287386 0.5 0.7147658424631013 0.9999 0.9935583910708118 0.7138747283050113 0.9999 0.2222777777777777
0 0.1429285715714 0.114660416561281 0.0001 0.000738824708915 0.0001 0.0001 0.0006508705468216 0.5555444448888 0.4444555555555555
0 0.0667533336666 0.0179535716092325 0.0001 0.5874715346893283 0.5969955221040889 0.9999 0.5874715346893283 0.0001 0.6666333333333333
0 0.0527210526842 0.1905380951417426 0.0001 0.8270539421071355 0.0001 0.0001 0.8270539421071355 0.7142428568572 0.6666333333333333
0 0.0606939397878 0.0946926065150229 0.0001 0.0395487476676766 0.0668580519227549 0.0001 0.0394379783981158 0.7367947365790001 0.6666333333333333
0 0.74995 0.0965943024690231 0.5 0.6877585254419469 0.4531010659844927 0.9935583910708118 0.6792640085973037 0.9999 0.2222777777777777
0 0.9999 0.2411232141953837 0.0001 0.082221377789661 0.0001 0.0001 0.0822074902851205 0.9999 0.4444555555555555
0 0.0099019612155999 0.0128732868569253 0.0001 0.0010296905818114 0.7116431383842602 0.9935583910708118 0.0010296905818114 0.0001 0.2222777777777777
0 0.10008 0.1327265306535388 0.0001 0.0020982560090483 0.0001 0.0001 0.0020982560090483 0.6666333336666 0.2222777777777777
1 0.0923892304616 0.2130203700518715 0.9999 0.381761384882187 0.4229009946651793 0.5146375259247403 0.3817498120450615 0.9229923076154 0.6666333333333333
0 0.0334266663334 0.0363739231731992 0.0001 0.3177686969656298 0.1813004266474776 0.9935583910708118 0.3177686969656298 0.0001 0.2222777777777777
0 0.020096 0.0946926065150229 0.0001 0.0001082663693696 0.0668580519227549 0.0001 0.0001016532338779 0.6666333336666 0.6666333333333333
0 0.20006 0.1006089944895248 0.0001 0.0201442821884561 0.0001 0.0001 0.020063271828628 0.6666333336666 0.0001
0 0.6666333336666 0.0414451127211006 0.0001 0.9514776169309964 0.6676805179591463 0.9935583910708118 0.9288476157635904 0.0001 0.6666333333333333
0 0.120076 0.0454637918606861 0.0001 0.3436931201993052 0.8377246122879141 0.9935583910708118 0.2311449055924279 0.0001 0.6666333333333333
0 0.25005 0.0444033072142027 0.0001 0.950999821041407 0.0001 0.0001 0.950999821041407 0.0001 0.0001
0 0.185248147963 0.1287118386330371 0.0001 0.8409915848096372 0.6343014926319703 0.9935583910708118 0.5779200252545738 0.9999 0.2222777777777777
0 0.0527210526842 0.024329847111694 0.0001 0.000127003486606 0.4531010659844927 0.9935583910708118 0.000127003486606 0.0001 0.2222777777777777
0 0.0247864197284 0.0660208790875263 0.0001 0.0649744336160188 0.3903778420099519 0.0001 0.0649744336160188 0.0001 0.6666333333333333
0 0.2143428568571999 0.0861043014233814 0.0001 0.1505439878222358 0.5320109296724792 0.9934936808266296 0.0174555091646957 0.0001 0.2222777777777777
0 0.10008 0.0444033072142027 0.0001 0.2153214294843065 0.0001 0.0001 0.2153214294843065 0.0001 0.0001
1 0.30004 0.1975153532213351 0.9999 0.9532403366074648 0.4812183739394952 0.9999 0.9530204513022212 0.9999 0.4444555555555555
0 0.40002 0.1905380951417426 0.0001 0.2116296707436568 0.0001 0.0001 0.2116296707436568 0.9999 0.0001
0 0.40002 0.0321846791057838 0.0001 0.195751636617694 0.7721713821139808 0.9935583910708118 0.1956127616722785 0.0001 0.0001
0 0.1579631580526 0.392878571356307 0.0001 0.9519279684782784 0.0001 0.0001 0.0523725252947902 0.9229923076154 0.4444555555555555
0 0.0001 0.0230839083134385 0.0001 0.9909958021213756 0.4812183739394952 0.5530754389652344 0.9909958021213756 0.0001 0.2222777777777777
0 0.0572314284286 0.114660416561281 0.0001 0.6810534010936047 0.0001 0.0001 0.681046787958113 0.7691769228462 0.6666333333333333
0 0.0527210526842 0.0179535716092325 0.0001 0.1581247957791774 0.5969955221040889 0.9935583910708118 0.1581247957791774 0.0001 0.6666333333333333
0 0.080084 0.0893678570344604 0.0001 0.0040810814686061 0.126940298526394 0.0001 0.0036760295694752 0.89992 0.0001
0 0.0385538456924 0.0092747515289612 0.0001 0.003722321217947 0.7928518657899629 0.9935583910708118 0.003722321217947 0.0001 0.6666333333333333
0 0.0099019612155999 0.0188552665318994 0.0001 0.8818748224353207 0.5766468120601562 0.93531912931243 0.8818748224353207 0.0001 0.6666333333333333
0 0.0236247061175999 0.0946926065150229 0.0001 0.000458760250659 0.0668580519227549 0.9935583910708118 0.0001925832969436 0.9353967742258 0.0001
0 0.1429285715714 0.0660208790875263 0.0001 0.1278032173852688 0.0001 0.9935583910708118 0.1278032173852688 0.0001 0.2222777777777777
0 0.029505882647 0.0179535716092325 0.0001 0.1895915413031467 0.5969955221040889 0.9935583910708118 0.1895915413031467 0.0001 0.6666333333333333
0 0.20006 0.0148213653182882 0.0001 0.9743952875924812 0.6676805179591463 0.9935583910708118 0.9743952875924812 0.0001 0.6666333333333333
0 0.0741592591852 0.3560893942306415 0.0001 0.0002421815131612 0.0001 0.0001 0.0001165327387392 0.94991 0.6666333333333333
0 0.125075 0.0294915941397251 0.0001 0.95750545033563 0.8025590312087699 0.9935583910708118 0.9574393194806632 0.0001 0.6666333333333333
0 0.25005 0.0092747515289612 0.0001 0.1941221707514701 0.7928518657899629 0.9935583910708118 0.1941221707514701 0.0001 0.4444555555555555
0 0.1739782603914 0.1568146827765493 0.0001 0.2762180880994751 0.3172007463159851 0.0001 0.2759171924344033 0.7999400000000001 0.0001
0 0.0527210526842 0.0414451127211006 0.0001 0.6270723834734139 0.0668580519227549 0.9934936808266296 0.6270723834734139 0.0001 0.6666333333333333
0 0.20006 0.0188552665318994 0.0001 0.0479787868912307 0.5766468120601562 0.9935583910708118 0.0479787868912307 0.0001 0.6666333333333333
0 0.0834166663334 0.004515399005978 0.0001 0.005099497634996 0.9002569568340085 0.9935583910708118 0.005099497634996 0.0001 0.6666333333333333
0 0.0715142852858 0.1327265306535388 0.0001 0.0181173694589238 0.0001 0.0001 0.0181173694589238 0.9999 0.6666333333333333
1 0.033801123427 0.1905380951417426 0.5 0.4060000208089913 0.0001 0.0001 0.4060000208089913 0.84368125 0.6666333333333333
1 0.4615461543076 0.1809028338878574 0.9999 0.7339151528810923 0.9061021319689854 0.9870873626531236 0.7129896761377937 0.9090090908182 0.6666333333333333
0 0.10008 0.0946926065150229 0.0001 0.2537699469582103 0.0668580519227549 0.9935583910708118 0.0001066131354916 0.7142428568572 0.6666333333333333
0 0.2857571431428 0.392878571356307 0.0001 0.0004124686021872 0.0001 0.9935583910708118 0.0001347187113563 0.6666333336666 0.0001
1 0.9090090908182 0.2616306946193726 0.9999 0.5843861965136624 0.6514420741309764 0.9934936808266296 0.5816804498954613 0.9999 0.4444555555555555
0 0.0345758624482 0.0321846791057838 0.0001 0.2013644985199491 0.2758397789640208 0.9352544190682476 0.2013644985199491 0.0001 0.0001
0 0.0770076923846 0.0208331800964801 0.0001 0.5839340814435847 0.5320109296724792 0.9934936808266296 0.5839340814435847 0.0001 0.2222777777777777
0 0.0556444448888 0.0010039783349409 0.0001 0.9745437515743604 0.9794997737688208 0.9934936808266296 0.9745437515743604 0.0001 0.4444555555555555
0 0.025095 0.0080349203779803 0.0001 0.9577121094698804 0.8208313440029749 0.9935583910708118 0.9577121094698804 0.0001 0.2222777777777777
0 0.032351613387 0.2411232141953837 0.0001 0.5501323633448904 0.0001 0.0001 0.5501257502093987 0.74995 0.6666333333333333
0 0.1667333336665999 0.2641164504047757 0.5 0.6382804724499263 0.0001 0.0001 0.6381415975045108 0.9999 0.2222777777777777
0 0.030706122551 0.204990986010868 0.0001 0.987198233912789 0.0001 0.9676742744004648 0.9871817011740498 0.8787121214242 0.6666333333333333
0 0.0690517238966 0.2411232141953837 0.0001 0.9876793363701244 0.0001 0.0001 0.9680731715582772 0.9999 0.6666333333333333
0 0.0488707319024 0.1568146827765493 0.0001 0.630013556235267 0.0001 0.0001 0.1349591341365945 0.9443555551112 0.0001
0 0.0093574071482 0.114660416561281 0.0001 0.0582704114569251 0.0001 0.0001 0.0582704114569251 0.8213642852858 0.6666333333333333
0 0.0477095241904 0.0179535716092325 0.0001 0.991385423471016 0.5969955221040889 0.9935583910708118 0.991385423471016 0.0001 0.2222777777777777
0 0.0223177775556 0.0141387059845284 0.0001 0.7680772293698598 0.6830862222490127 0.9999 0.7680772293698598 0.0001 0.9999
0 0.0715142852858 0.1905380951417426 0.0001 0.0001165327387392 0.0001 0.0001 0.0001 0.874925 0.6666333333333333
0 0.40002 0.2130203700518715 0.0001 0.0701199703765513 0.0001 0.0001 0.0701083974394359 0.9999 0.2222777777777777
1 0.74995 0.1261570341601258 0.5 0.2741514968569626 0.2307187248240624 0.0001 0.2741415772537151 0.9999 0.6666333333333333
0 0.0417583336666 0.0084316665486347 0.0001 0.4082148555555374 0.8118779105689221 0.0001 0.4082148555555374 0.0001 0.2222777777777777
0 0.0103020411836 0.0188552665318994 0.0001 0.027246743111189 0.5766468120601562 0.9935583910708118 0.027246743111189 0.0001 0.6666333333333333
0 0.0099019612155999 0.0303518851424466 0.0001 0.8160712493821096 0.3172007463159851 0.9935583910708118 0.8160712493821096 0.0001 0.0001
0 0.0527210526842 0.0134901784539988 0.0001 0.0607729156975497 0.6977216418951675 0.0001 0.0607729156975497 0.0001 0.2222777777777777
0 0.5 0.0604620742845073 0.0001 0.0067312780686451 0.0001 0.0001 0.0067312780686451 0.0001 0.0001
0 0.0556444448888 0.114660416561281 0.0001 0.0612049710832867 0.0001 0.0001 0.0612049710832867 0.615361538077 0.0001
0 0.0909909091818 0.0514290177442296 0.0001 0.6471530377070943 0.5550263060529741 0.9935583910708118 0.6267152764566327 0.0001 0.0001
0 0.0371296295926 0.0053451173744458 0.0001 0.7013870060100171 0.8815325826790495 0.9935583910708118 0.7013870060100171 0.0001 0.6666333333333333
0 0.05009 0.0148213653182882 0.0001 0.847812438229164 0.6676805179591463 0.9935583910708118 0.847812438229164 0.0001 0.6666333333333333
0 0.0909909091818 0.0725061503460126 0.0001 0.9050206448714084 0.0001 0.0001 0.9050206448714084 0.0001 0.0001
0 0.3333666663334 0.0072863435755817 0.0001 0.0906557154812918 0.8377246122879141 0.9999 0.0906557154812918 0.0001 0.4444555555555555
0 0.0134306663334 0.0097232017615027 0.0001 0.3010833144645318 0.7827316297181688 0.9935583910708118 0.3010833144645318 0.0001 0.6666333333333333
0 0.0118623530587999 0.0179535716092325 0.0001 0.9779809061984202 0.5969955221040889 0.9935583910708118 0.9779809061984202 0.0001 0.9999
0 0.125075 0.1905380951417426 0.0001 0.9582290328278206 0.0001 0.9935583910708118 0.9581711683422232 0.9999 0.2222777777777777
0 0.5 0.0893678570344604 0.0001 0.9931367906882148 0.0001 0.0001 0.9931367906882148 0.9999 0.6666333333333333
0 0.25005 0.0893678570344604 0.0001 0.6740754867560452 0.0001 0.9935583910708118 0.6740754867560452 0.9999 0.2222777777777777
0 0.1739782603914 0.6626658733129602 0.0001 0.0037801858035343 0.0001 0.0001 0.0037537333615576 0.7777222224444 0.6666333333333333
0 0.0125975 0.0188552665318994 0.0001 0.6205948597550555 0.5766468120601562 0.9999 0.6205948597550555 0.0001 0.6666333333333333
0 0.0589117642942 0.0631385359687426 0.0001 0.9533342425715028 0.4229009946651793 0.9935583910708118 0.9533342425715028 0.0001 0.6666333333333333
0 0.0085016803278 0.0444033072142027 0.0001 0.2282863965242708 0.0001 0.0001 0.2282863965242708 0.0001 0.6666333333333333
0 0.0527210526842 0.0076534337143396 0.0001 0.6160242211269783 0.8294404136369463 0.9934936808266296 0.6160242211269783 0.0001 0.4444555555555555
0 0.0435695653478 0.0725061503460126 0.0001 0.0077458366226599 0.0001 0.9935583910708118 0.0077458366226599 0.0001 0.2222777777777777
0 0.0125975 0.0134901784539988 0.0001 0.5334723309965305 0.6977216418951675 0.9935583910708118 0.5334723309965305 0.0001 0.4444555555555555
0 0.0130844155974 0.0303518851424466 0.0001 0.9229470842672668 0.3172007463159851 0.9935583910708118 0.9229470842672668 0.0001 0.0001
0 0.0247864197284 0.0120023810728217 0.0001 0.6899695025761179 0.9999 0.9934936808266296 0.6898934520179134 0.0001 0.6666333333333333
0 0.010967391087 0.0725061503460126 0.0001 0.0240073199184627 0.0001 0.0001 0.0240073199184627 0.0001 0.4444555555555555
0 0.0282633801972 0.0761717392843895 0.0001 0.8731438876466848 0.2758397789640208 0.9935583910708118 0.8717981233732461 0.0001 0.6666333333333333
0 0.20006 0.0725061503460126 0.0001 0.2019508594005921 0.0001 0.0001 0.2019508594005921 0.0001 0.2222777777777777
0 0.0130844155974 0.0725061503460126 0.0001 0.001454030642808 0.0001 0.0001 0.001454030642808 0.0001 0.4444555555555555
0 0.9999 0.1568146827765493 0.0001 0.0001324041439312 0.0001 0.9935583910708118 0.0001115729371154 0.0001 0.4444555555555555
0 0.4444555551112 0.392878571356307 0.5 0.0011145585540147 0.126940298526394 0.0001 0.0003430311794745 0.8570714284286001 0.2222777777777777
0 0.0690517238966 0.0946926065150229 0.0001 0.8482045946240752 0.0668580519227549 0.9934936808266296 0.8481999654892249 0.7999400000000001 0.4444555555555555
0 0.10008 0.0725061503460126 0.0001 0.4603447584814649 0.0001 0.0001 0.4603447584814649 0.0001 0.6666333333333333
0 0.0625875 0.0604620742845073 0.0001 0.0001925832969436 0.0001 0.0001 0.0001925832969436 0.0001 0.0001
0 0.010967391087 0.0363739231731992 0.0001 0.0425108619252634 0.1813004266474776 0.0001 0.0425108619252634 0.0001 0.2222777777777777
0 0.3158263161052 0.5952190475708713 0.5 0.6632231821292196 0.0001 0.0001 0.0001879541620934 0.5 0.4444555555555555
0 0.0435695653478 0.0801705627530441 0.0001 0.07288975376014 0.0001 0.0001 0.07288975376014 0.0001 0.2222777777777777
0 0.0857971431428 0.114660416561281 0.0001 0.9538120384610924 0.3172007463159851 0.0001 0.7832620461524479 0.7599480000000001 0.0001
0 0.025095 0.1905380951417426 0.0001 0.064017188502972 0.0001 0.0001 0.0075568124163974 0.954454545909 0.2222777777777777
0 0.0073449277246 0.0444033072142027 0.0001 0.0001446384145938 0.0001 0.0001 0.0001446384145938 0.0001 0.6666333333333333
0 0.0589117642942 0.0444033072142027 0.0001 0.0794091603699757 0.0001 0.0001 0.0794091603699757 0.0001 0.4444555555555555
0 0.0228227275454 0.1006089944895248 0.0001 0.3468568235006007 0.0001 0.8252469239691724 0.3468568235006007 0.9229923076154 0.4444555555555555
0 0.9999 0.0830447171527553 0.5 0.3320921034053967 0.5550263060529741 0.9935583910708118 0.3316986243433912 0.0001 0.2222777777777777
0 0.59998 0.0541782086892355 0.5 0.871632796085844 0.7721713821139808 0.9935583910708118 0.8715402127889004 0.0001 0.0001
0 0.0435695653478 0.0097232017615027 0.0001 0.0935026516123335 0.7827316297181688 0.93531912931243 0.0935026516123335 0.0001 0.4444555555555555
0 0.0105145836665999 0.0604620742845073 0.0001 0.9188122484483736 0.0001 0.0001 0.9188122484483736 0.0001 0.6666333333333333
0 0.25005 0.114660416561281 0.0001 0.0338257778294078 0.0001 0.0001 0.0338257778294078 0.9999 0.4444555555555555
0 0.6666333336666 0.1327265306535388 0.0001 0.9547626704386474 0.8608020262584182 0.9935583910708118 0.95246131438603 0.9999 0.6666333333333333
0 0.0667533336666 0.0179535716092325 0.0001 0.974735861870523 0.5969955221040889 0.9935583910708118 0.974735861870523 0.0001 0.6666333333333333
0 0.09383125 0.0928564860742567 0.0001 0.0063447429088949 0.4812183739394952 0.9999 0.0062845637558825 0.9129608693044 0.4444555555555555
0 0.1334066663333999 0.0893678570344604 0.0001 0.4638050588797657 0.126940298526394 0.0001 0.0289595340046562 0.59998 0.6666333333333333
1 0.2105842107367999 0.3350670068681032 0.9999 0.5960222627856908 0.6161814503477434 0.9935583910708118 0.5959164533177539 0.8665933336666 0.6666333333333333
0 0.09383125 0.4940488094635891 0.0001 0.5318207112563963 0.0001 0.0001 0.3574764574069009 0.9229923076154 0.6666333333333333
0 0.0589117642942 0.0604620742845073 0.0001 0.9845450614117778 0.0001 0.9999 0.9845450614117778 0.0001 0.4444555555555555
0 0.0083628101073999 0.0893678570344604 0.0001 0.004972195626696 0.0001 0.0001 0.004972195626696 0.8181181816364 0.0001
0 0.25005 0.1006089944895248 0.0001 0.1299596365015984 0.0001 0.0001 0.1299596365015984 0.9999 0.6666333333333333
0 0.3333666663334 0.1006089944895248 0.0001 0.038089238323695 0.4229009946651793 0.9935583910708118 0.0380753508191544 0.74995 0.4444555555555555
0 0.0124432098642 0.0414451127211006 0.0001 0.0977885966473044 0.0668580519227549 0.0001 0.0977885966473044 0.0001 0.6666333333333333
0 0.0107361703404 0.0141387059845284 0.0001 0.9970021429856464 0.6830862222490127 0.9993176078023596 0.9970021429856464 0.0001 0.4444555555555555
1 0.2857571431428 0.1840109829078822 0.5 0.1304192464185707 0.5320109296724792 0.0001 0.0083250333231818 0.9999 0.6666333333333333
0 0.0164901643114 0.1327265306535388 0.0001 0.0183157622238044 0.0001 0.0001 0.0183157622238044 0.8332666663334 0.6666333333333333
0 0.05009 0.0893678570344604 0.0001 0.187314984358638 0.0001 0.0001 0.187314984358638 0.9165833336666 0.6666333333333333
0 0.125075 0.024329847111694 0.0001 0.9757234169379316 0.4531010659844927 0.9935583910708118 0.9757234169379316 0.0001 0.2222777777777777
0 0.045545454091 0.0604620742845073 0.0001 0.0001082663693696 0.0001 0.0001 0.0001082663693696 0.0001 0.6666333333333333
0 0.2727727275454 0.0801705627530441 0.0001 0.8943272748743392 0.5766468120601562 0.9935583910708118 0.8942832977932924 0.0001 0.4444555555555555
0 0.075085 0.2641164504047757 0.0001 0.6771153047057246 0.0001 0.0001 0.0576868060993987 0.8665933336666 0.0001
0 0.1429285715714 0.0363739231731992 0.0001 0.9227338120975148 0.1813004266474776 0.9935583910708118 0.9227338120975148 0.0001 0.6666333333333333
0 0.0099019612155999 0.0725061503460126 0.0001 0.9837473020731065 0.0001 0.9935583910708118 0.9837473020731065 0.0001 0.2222777777777777
0 0.0223177775556 0.0514290177442296 0.0001 0.0001038576123751 0.0001 0.9935583910708118 0.0001038576123751 0.0001 0.2222777777777777
1 0.2778222224443999 0.325431745614218 0.9999 0.1055330785577804 0.0001 0.0001 0.1054906446216737 0.5714142852858 0.2222777777777777
1 0.275045 0.210772142763199 0.9999 0.9833615383358414 0.8118779105689221 0.0001 0.9829256253377292 0.9999 0.2222777777777777
0 0.0087939128695999 0.0303518851424466 0.0001 0.7343367375189624 0.3172007463159851 0.9999 0.7343367375189624 0.0001 0.6666333333333333
0 0.25005 0.0363739231731992 0.0001 0.6825132412043498 0.7249017053215078 0.9934936808266296 0.6823677531234427 0.0001 0.6666333333333333
0 0.0909909091818 0.0660208790875263 0.0001 0.9078328622910938 0.0001 0.0001 0.9078328622910938 0.0001 0.2222777777777777
0 0.1905380947619999 0.0358071432184651 0.9999 0.7262356996363347 0.9999 0.9934936808266296 0.700522344293904 0.0001 0.6666333333333333
0 0.0031205437704 0.0208331800964801 0.0001 0.1444836399847531 0.5320109296724792 0.9935583910708118 0.1444836399847531 0.0001 0.0001
0 0.0286657147142 0.0444033072142027 0.0001 0.491319159277757 0.0001 0.0001 0.491319159277757 0.0001 0.9999
0 0.0715142852858 0.1568146827765493 0.0001 0.9759625904050412 0.0001 0.9935583910708118 0.9759625904050412 0.7999400000000001 0.6666333333333333
0 0.0834166663334 0.114660416561281 0.0001 0.7738879880868301 0.0001 0.0001 0.7738879880868301 0.9999 0.0001
0 0.3077307695384 0.0591942776563088 0.0001 0.9955522225781388 0.8679546737274111 0.9934936808266296 0.712409377348013 0.0001 0.6666333333333333
0 0.015481538077 0.0059467838623865 0.0001 0.3119436649828814 0.8679546737274111 0.9935583910708118 0.3119436649828814 0.0001 0.0001
0 0.0267613336666 0.0375489547866724 0.0001 0.0740475960165647 0.7116431383842602 0.9934936808266296 0.0740360230794492 0.0001 0.6666333333333333
0 0.0173379307242 0.0477095232795844 0.0001 0.9837974513339534 0.0001 0.0001 0.9837974513339534 0.0001 0.0001
0 0.0141816900986 0.0556444446692672 0.0001 0.3330256514995933 0.0001 0.0001 0.3330256514995933 0.0001 0.2222777777777777
0 0.0286657147142 0.0256680774479604 0.0001 0.5084665764521803 0.4229009946651793 0.9988646350932188 0.5084665764521803 0.0001 0.6666333333333333
0 0.1111888887778 0.0604620742845073 0.0001 0.0061046876303926 0.0001 0.0001 0.0061046876303926 0.0001 0.6666333333333333
0 0.0834166663334 0.0171034016771313 0.0001 0.9996010882355796 0.6161814503477434 0.9935583910708118 0.9996010882355796 0.0001 0.6666333333333333
0 0.0141816900986 0.0604620742845073 0.0001 0.573071676231697 0.0001 0.0001 0.573071676231697 0.0001 0.6666333333333333
0 0.1111888887778 0.0604620742845073 0.0001 0.0001069437022752 0.0001 0.9999 0.0001069437022752 0.0001 0.4444555555555555
0 0.5 0.114660416561281 0.0001 0.119520870621119 0.0001 0.0001 0.119520870621119 0.9999 0.0001
0 0.0228227275454 0.03418409033426 0.0001 0.1905438266145697 0.2307187248240624 0.9951114379310516 0.1905438266145697 0.0001 0.2222777777777777
1 0.30004 0.3076825816907122 0.9999 0.7556930571698315 0.0668580519227549 0.0001 0.5419622187063233 0.6666333336666 0.4444555555555555
0 0.0462446152308 0.325431745614218 0.0001 0.3957639461614691 0.0001 0.0001 0.0004194123044625 0.9229923076154 0.4444555555555555
0 0.0001 0.0444033072142027 0.0001 0.0016061317592169 0.0001 0.0001 0.0016061317592169 0.0001 0.6666333333333333
1 0.4166833336666 0.2692260583388959 0.9999 0.9817991953249052 0.0001 0.0001 0.9796466338209506 0.9999 0.2222777777777777
0 0.0870391306956 0.325431745614218 0.0001 0.7474809193508695 0.0001 0.0001 0.0077844130463813 0.8822764704117999 0.4444555555555555
0 0.011333707809 0.1905380951417426 0.0001 0.0219380834417515 0.0001 0.0001 0.0219380834417515 0.84368125 0.2222777777777777
0 0.0625875 0.0321846791057838 0.0001 0.9944908212310328 0.2758397789640208 0.9999 0.9944908212310328 0.0001 0.2222777777777777
0 0.025095 0.0134901784539988 0.0001 0.0001617221979624 0.6977216418951675 0.0001 0.0001617221979624 0.0001 0.2222777777777777
0 0.10008 0.0363739231731992 0.0001 0.3182095697653657 0.1813004266474776 0.9935583910708118 0.3182095697653657 0.0001 0.6666333333333333
0 0.0209291663333999 0.0101911485106298 0.0001 0.5398142863372191 0.7721713821139808 0.9935583910708118 0.5398142863372191 0.0001 0.0001
0 0.015481538077 0.0363739231731992 0.0001 0.0001115729371154 0.1813004266474776 0.9935583910708118 0.0001115729371154 0.0001 0.0001
0 0.59998 0.204990986010868 0.5 0.0109862518157069 0.0001 0.0001 0.000967968383849 0.6666333336666 0.2222777777777777
1 0.258668965862 0.2498447867948743 0.9999 0.9812977025164554 0.8748606789675165 0.9935583910708118 0.9806380466007244 0.6110888887778 0.0001
0 0.040092 0.0725061503460126 0.0001 0.8015796500428863 0.0001 0.0001 0.8015796500428863 0.0001 0.4444555555555555
0 0.0667533336666 0.1006089944895248 0.0001 0.0052221705084459 0.0001 0.8252469239691724 0.0052221705084459 0.5714142852858 0.4444555555555555
1 0.9999 0.7975595237854357 0.9999 0.1407373233262519 0.0001 0.0001 0.1407174841197568 0.9999 0.6666333333333333
0 0.1111888887778 0.0286657141700911 0.0001 0.992735596401459 0.3552528358739034 0.9935583910708118 0.992735596401459 0.0001 0.2222777777777777
0 0.025095 0.0171034016771313 0.0001 0.9300759975319862 0.6161814503477434 0.9935583910708118 0.9300759975319862 0.0001 0.0001
0 0.0334266663334 0.1327265306535388 0.0001 0.8923979052433741 0.0001 0.0001 0.8923979052433741 0.9999 0.6666333333333333
0 0.0174878257392 0.0845502264075178 0.0001 0.896746013332009 0.1813004266474776 0.0001 0.0121705464141184 0.0001 0.0001
0 0.0770076923846 0.114660416561281 0.0001 0.0001562112517193 0.0001 0.0001 0.0001562112517193 0.7777222224444 0.6666333333333333
0 0.20006 0.0179535716092325 0.0001 0.6666021416009085 0.5969955221040889 0.6764132533646445 0.6666021416009085 0.0001 0.6666333333333333
0 0.125075 0.0062637330194361 0.0001 0.9456739672996832 0.8608020262584182 0.9935583910708118 0.9456739672996832 0.0001 0.4444555555555555
0 0.5 0.0037622705545669 0.0001 0.6500879279002394 0.9172529277086646 0.9935583910708118 0.6500879279002394 0.0001 0.4444555555555555
0 0.0834166663334 0.1006089944895248 0.0001 0.0001138875045405 0.0001 0.0001 0.0001138875045405 0.8888111112222 0.4444555555555555
0 0.0715142852858 0.0477095232795844 0.0001 0.0001181859726171 0.0001 0.9935583910708118 0.0001181859726171 0.0001 0.6666333333333333
0 0.10008 0.0444033072142027 0.0001 0.4012055289743775 0.0001 0.0001 0.4012055289743775 0.0001 0.0001
0 0.20006 0.0400797920301761 0.0001 0.0008109073658264 0.6830862222490127 0.9935583910708118 0.0008109073658264 0.0001 0.6666333333333333
0 0.0087939128695999 0.0660208790875263 0.0001 0.9790255543289412 0.0001 0.9935583910708118 0.9790255543289412 0.0001 0.2222777777777777
0 0.0690517238966 0.0444033072142027 0.0001 0.831683106654347 0.6343014926319703 0.9355779702891592 0.714785130624967 0.0001 0.0001
0 0.045545454091 0.0477095232795844 0.0001 0.0012856729599094 0.0001 0.9935583910708118 0.0012856729599094 0.0001 0.2222777777777777
1 0.2308230771538 0.0928564860742567 0.5 0.8638095080940471 0.4812183739394952 0.9935583910708118 0.8637400706713344 0.7777222224444 0.0001
0 0.0105145836665999 0.0256680774479604 0.0001 0.4228977937684383 0.4229009946651793 0.5469926710127753 0.4228977937684383 0.0001 0.4444555555555555
0 0.0169033616554 0.392878571356307 0.0001 0.0011924828239428 0.0001 0.0001 0.0011670223822868 0.7575242428484 0.4444555555555555
0 0.3333666663334 0.0604620742845073 0.0001 0.0001181859726171 0.0001 0.0001 0.0001181859726171 0.0001 0.6666333333333333
0 0.6666333336666 0.325431745614218 0.0001 0.7571767043883647 0.0001 0.0001 0.7571304127398929 0.9999 0.0001
0 0.0435695653478 0.0148213653182882 0.0001 0.9298974440735908 0.6676805179591463 0.9935583910708118 0.9298974440735908 0.0001 0.6666333333333333
0 0.0228227275454 0.1327265306535388 0.0001 0.0573429252536109 0.0001 0.0001 0.0573429252536109 0.8635636367272 0.6666333333333333
0 0.0527210526842 0.1778918153783323 0.0001 0.5086980346945393 0.0001 0.0001 0.1425641900570257 0.7930448273104 0.6666333333333333
0 0.1818818183635999 0.0591942776563088 0.0001 0.0117423486407566 0.8679546737274111 0.9935583910708118 0.0001578645855872 0.0001 0.0001
0 0.3333666663334 0.0072863435755817 0.0001 0.2178674699502764 0.8377246122879141 0.9935583910708118 0.2178674699502764 0.0001 0.6666333333333333
0 0.0162258061936 0.0042563870091852 0.0001 0.9160380563077908 0.9061021319689854 0.9935583910708118 0.9160380563077908 0.0001 0.6666333333333333
0 0.045545454091 0.0321846791057838 0.0001 0.9946721302125447 0.2758397789640208 0.9999 0.9946721302125447 0.0001 0.2222777777777777
0 0.021834782174 0.1905380951417426 0.5 0.6095333610486987 0.0001 0.0001 0.6095024999497175 0.8655985076716001 0.2222777777777777
1 0.0741592591852 0.2411232141953837 0.5 0.6678999608920074 0.0001 0.0001 0.6678668954145289 0.8063903226774001 0.6666333333333333
0 0.03134375 0.0363739231731992 0.0001 0.9926953667438596 0.1813004266474776 0.9934936808266296 0.9926953667438596 0.0001 0.6666333333333333
0 0.1111888887778 0.0514290177442296 0.0001 0.0001049598016237 0.0001 0.0001 0.0001049598016237 0.0001 0.6666333333333333
0 0.10008 0.0363739231731992 0.0001 0.0001181859726171 0.1813004266474776 0.9935583910708118 0.0001181859726171 0.0001 0.6666333333333333
0 0.20006 0.0198133183357039 0.0001 0.6013706009681086 0.5550263060529741 0.0001 0.6013706009681086 0.0001 0.2222777777777777
0 0.9999 0.0527743664184493 0.0001 0.0602814527812654 0.7827316297181688 0.93531912931243 0.0602536777721844 0.0001 0.4444555555555555
0 0.0358071431428 0.0801705627530441 0.0001 0.0590130617331257 0.0001 0.0001 0.0590130617331257 0.0001 0.4444555555555555
0 0.20006 0.2262452383602077 0.0001 0.602836503069726 0.0001 0.0001 0.3655455320012988 0.9165833336666 0.2222777777777777
0 0.0690517238966 0.1187398615809809 0.0001 0.1366884576688109 0.5320109296724792 0.0001 0.1364553461925739 0.8517814816296 0.6666333333333333
0 0.0834166663334 0.1006089944895248 0.0001 0.7114891655137477 0.0001 0.0001 0.7114891655137477 0.9999 0.4444555555555555
0 0.6666333336666 0.0514290177442296 0.0001 0.0006422735106784 0.5550263060529741 0.9935583910708118 0.0005612631508502 0.0001 0.6666333333333333
0 0.0909909091818 0.0893678570344604 0.0001 0.0001231457742409 0.0001 0.0001 0.0001231457742409 0.9999 0.2222777777777777
1 0.5714142852858 0.2641164504047757 0.9999 0.9749011891579252 0.7496108550440016 0.0001 0.9748532442755756 0.8332666663334 0.6666333333333333
0 0.0286657147142 0.0256680774479604 0.0001 0.0213726640568422 0.4229009946651793 0.9934936808266296 0.0213726640568422 0.0001 0.6666333333333333
0 0.056268539045 0.2411232141953837 0.0001 0.5452039564664748 0.126940298526394 0.0001 0.2816474367417109 0.84368125 0.6666333333333333
0 0.020096 0.0477095232795844 0.0001 0.9668447896898912 0.0001 0.9934936808266296 0.9668447896898912 0.0001 0.6666333333333333
0 0.0001 0.0155409264963977 0.0001 0.8045677756867685 0.6514420741309764 0.6764132533646445 0.8045677756867685 0.0001 0.2222777777777777
1 0.5 0.1261570341601258 0.5 0.0042083834769061 0.2307187248240624 0.0001 0.0006439268445463 0.6666333336666 0.0001
0 0.0145898554491999 0.1006089944895248 0.0001 0.56391239398474 0.0001 0.0001 0.5612555842492093 0.8655985076716001 0.6666333333333333
0 0.015481538077 0.114660416561281 0.0001 0.0002573915848061 0.0001 0.0001 0.0002573915848061 0.7825521742608 0.4444555555555555
0 0.0435695653478 0.114660416561281 0.0001 0.5078590526980483 0.0001 0.0001 0.5078590526980483 0.7999400000000001 0.0001
0 0.0001 0.1327265306535388 0.0001 0.0282833452501961 0.0001 0.0001 0.0282833452501961 0.9999 0.6666333333333333
0 0.0209291663333999 0.0414451127211006 0.0001 0.0770433266962693 0.0668580519227549 0.9934936808266296 0.0770433266962693 0.0001 0.6666333333333333
0 0.015481538077 0.004515399005978 0.0001 0.996049306629594 0.9002569568340085 0.9935583910708118 0.996049306629594 0.0001 0.2222777777777777
0 0.0334266663334 0.0660208790875263 0.0001 0.3723658342762063 0.3903778420099519 0.0001 0.3720996573224909 0.0001 0.0001
0 0.5 0.0660208790875263 0.0001 0.0016623430109362 0.0001 0.0001 0.0016623430109362 0.0001 0.2222777777777777
0 0.0417583336666 0.0303518851424466 0.0001 0.8129118446488808 0.3172007463159851 0.0001 0.8129118446488808 0.0001 0.0001
0 0.3333666663334 0.0101911485106298 0.0001 0.7402223895104247 0.7721713821139808 0.9935583910708118 0.7402223895104247 0.0001 0.0001
0 0.9999 0.1513754227502828 0.0001 0.3472443506606717 0.9002569568340085 0.9999 0.3472443506606717 0.0001 0.6666333333333333
0 0.3333666663334 0.2130203700518715 0.0001 0.9758005696853848 0.0001 0.0001 0.9757079863884413 0.9999 0.0001
0 0.20006 0.004515399005978 0.0001 0.0019136405597803 0.9002569568340085 0.9935583910708118 0.0019136405597803 0.0001 0.6666333333333333
0 0.2857571431428 0.0725061503460126 0.0001 0.0014401431382675 0.7928518657899629 0.9935583910708118 0.0001092583696903 0.0001 0.4444555555555555
0 0.021834782174 0.0801705627530441 0.0001 0.0484284771049656 0.0001 0.0001 0.0484284771049656 0.0001 0.6666333333333333
0 0.0715142852858 0.0303518851424466 0.0001 0.9810943499499508 0.3172007463159851 0.9935583910708118 0.9810943499499508 0.0001 0.6666333333333333
0 0.59998 0.0266166971504662 0.0001 0.8634484332759629 0.9794997737688208 0.9934936808266296 0.8634484332759629 0.0001 0.4444555555555555
1 0.2222777775556 0.6626658733129602 0.9999 0.7449904289030618 0.0001 0.0001 0.7449024747409683 0.9999 0.4444555555555555
0 0.020096 0.0042563870091852 0.0001 0.3885894025818248 0.9061021319689854 0.9870873626531236 0.3885894025818248 0.0001 0.6666333333333333
0 0.0909909091818 0.114660416561281 0.0001 0.1174261737027518 0.0001 0.0001 0.1174261737027518 0.7999400000000001 0.0001
0 0.0667533336666 0.0001 0.0001 0.0959220514035505 0.9999 0.9935583910708118 0.0959220514035505 0.0001 0.6666333333333333
0 0.0520376623896 0.325431745614218 0.5 0.4660832691581422 0.0001 0.0001 0.0065383962500075 0.9229923076154 0.2222777777777777
0 0.018964151415 0.0725061503460126 0.0001 0.1107856372644164 0.0001 0.0001 0.1107856372644164 0.0001 0.4444555555555555
0 0.3636636367272 0.325431745614218 0.0001 0.6616423224788927 0.0001 0.0001 0.6610521039858744 0.7999400000000001 0.0001
0 0.0715142852858 0.0271092485015011 0.0001 0.0001810103598281 0.3903778420099519 0.0001 0.0001810103598281 0.0001 0.6666333333333333
0 0.0246852459672 0.0454637918606861 0.5 0.9845992887628456 0.8377246122879141 0.9935583910708118 0.9845992887628456 0.0001 0.6666333333333333
0 0.0107361703404 0.0117255813247649 0.0001 0.5659574927868795 0.7375435962901706 0.9934936808266296 0.5659574927868795 0.0001 0.2222777777777777
0 0.20006 0.1568146827765493 0.0001 0.0001925832969436 0.0001 0.0001 0.0001925832969436 0.74995 0.0001
0 0.25005 0.114660416561281 0.0001 0.0001192881618657 0.0001 0.9935583910708118 0.0001038576123751 0.8332666663334 0.2222777777777777
0 0.0556444448888 0.1905380951417426 0.0001 0.0001 0.0001 0.0001 0.0001 0.9090090908182 0.4444555555555555
0 0.05009 0.1905380951417426 0.0001 0.8754248532481977 0.0001 0.9935583910708118 0.8754017074739567 0.9999 0.2222777777777777
0 0.0137027209116 0.0725061503460126 0.0001 0.5785141013599672 0.3172007463159851 0.0001 0.5784678097114953 0.0001 0.0001
0 0.060088 0.0541782086892355 0.0001 0.8906818078821511 0.7721713821139808 0.9935583910708118 0.8906818078821511 0.0001 0.0001
0 0.9999 0.204990986010868 0.0001 0.0040380963878801 0.0001 0.0001 0.0040380963878801 0.9999 0.6666333333333333
0 0.0909909091818 0.0179535716092325 0.0001 0.0001132261709933 0.5969955221040889 0.9999 0.0001132261709933 0.0001 0.6666333333333333
0 0.0345758624482 0.1905380951417426 0.0001 0.0232573952732133 0.0001 0.0001 0.0232573952732133 0.9999 0.0001
0 0.0435695653478 0.1568146827765493 0.0001 0.435803573655711 0.0001 0.0001 0.435803573655711 0.6666333336666 0.6666333333333333
0 0.080084 0.2772554423798994 0.0001 0.1818139939151923 0.0001 0.0001 0.0389965545537506 0.74995 0.2222777777777777
0 0.0378283018302 0.1721435065789099 0.0001 0.3248320304200119 0.0001 0.0001 0.3248050269334059 0.8570714284286001 0.2222777777777777
0 0.0001 0.1006089944895248 0.0001 0.195906713635075 0.0001 0.0001 0.195906713635075 0.9999 0.4444555555555555
0 0.20006 0.0106798938373071 0.0001 0.9661008168465864 0.7611417911583644 0.9612032459827768 0.9661008168465864 0.0001 0.6666333333333333
0 0.0164901643114 0.0059467838623865 0.0001 0.0788652335254294 0.8679546737274111 0.9935583910708118 0.0788652335254294 0.0001 0.0001
1 0.6363363632728 0.1421523290464466 0.5 0.975393864552376 0.7721713821139808 0.9935583910708118 0.9753773318136368 0.7999400000000001 0.6666333333333333
0 0.9999 0.069133809413004 0.0001 0.926754572079101 0.3552528358739034 0.9935583910708118 0.9259830446045708 0.0001 0.2222777777777777
0 0.125075 0.1327265306535388 0.0001 0.1005842813282505 0.0001 0.0001 0.1005842813282505 0.9999 0.6666333333333333
1 0.9999 0.4458725052175681 0.9999 0.9901526328456356 0.7249017053215078 0.9934936808266296 0.9287401529617854 0.9999 0.6666333333333333
0 0.0228227275454 0.0122857710501887 0.0001 0.0043803238998 0.7249017053215078 0.9934936808266296 0.0043803238998 0.0001 0.6666333333333333
0 0.05009 0.1006089944895248 0.0001 0.4006268834184748 0.0001 0.0001 0.4006268834184748 0.74995 0.4444555555555555
0 0.0834166663334 0.0230839083134385 0.0001 0.988704365672006 0.4812183739394952 0.9934936808266296 0.988704365672006 0.0001 0.0001
0 0.0625875 0.0128732868569253 0.0001 0.1405527078769839 0.7116431383842602 0.9935583910708118 0.1405527078769839 0.0001 0.2222777777777777
1 0.4615461543076 0.4551371798892663 0.9999 0.5148862356849413 0.0001 0.0001 0.2818155195522296 0.9999 0.2222777777777777
0 0.018964151415 0.0893678570344604 0.0001 0.1747054710015871 0.0001 0.0001 0.1747054710015871 0.7825521742608 0.6666333333333333
0 0.0345758624482 0.1905380951417426 0.0001 0.8267776892658765 0.0001 0.8058338367163784 0.8267776892658765 0.8234647061175999 0.6666333333333333
0 0.0345758624482 0.114660416561281 0.0001 0.3723410352680875 0.0001 0.0001 0.3723013566551174 0.9472789473158 0.6666333333333333
1 0.0494728394568 0.1568146827765493 0.9999 0.057490066568396 0.3172007463159851 0.0001 0.0574107095424357 0.8856371431428001 0.6666333333333333
1 0.101528985145 0.4450954682154875 0.5 0.8866660077021886 0.5320109296724792 0.9934936808266296 0.7823130675087606 0.8655985076716001 0.0001
0 0.2857571431428 0.1568146827765493 0.0001 0.0358950143061189 0.0001 0.9935583910708118 0.034876598139729 0.6666333336666 0.0001
0 0.5 0.0163004630706905 0.0001 0.9849663153828744 0.6343014926319703 0.9935583910708118 0.9849663153828744 0.0001 0.2222777777777777
0 0.25005 0.0208331800964801 0.0001 0.0025699899077654 0.5320109296724792 0.0001 0.0025699899077654 0.0001 0.6666333333333333
0 0.0625875 0.1327265306535388 0.0001 0.96513530536417 0.0001 0.9935583910708118 0.9651303455625462 0.9090090908182 0.6666333333333333
0 0.0186148152962 0.0556444446692672 0.0001 0.0001208312068158 0.0001 0.0001 0.0001208312068158 0.0001 0.4444555555555555
0 0.0257358977948 0.0069328486934205 0.0001 0.6835531499111026 0.8457019905987614 0.9999 0.6835531499111026 0.0001 0.6666333333333333
0 0.0150223879254 0.024329847111694 0.0001 0.9054604154818958 0.4531010659844927 0.9935583910708118 0.9054604154818958 0.0001 0.6666333333333333
0 0.0834166663334 0.0111908551365703 0.0001 0.9986504562580244 0.7496108550440016 0.0001 0.9986504562580244 0.0001 0.6666333333333333
0 0.0228227275454 0.0801705627530441 0.0001 0.0001077152247503 0.0001 0.0001 0.0001077152247503 0.0001 0.2222777777777777
0 0.1111888887778 0.0321846791057838 0.0001 0.3131356748060431 0.2758397789640208 0.0001 0.3131356748060431 0.0001 0.4444555555555555
0 0.0105145836665999 0.0163004630706905 0.0001 0.940276692134605 0.6343014926319703 0.9870873626531236 0.940276692134605 0.0001 0.6666333333333333
1 0.15631875 0.0958255320870982 0.5 0.8921168488847875 0.7827316297181688 0.9935583910708118 0.77757974682748 0.8124375 0.0001
0 0.1334066663333999 0.0321846791057838 0.0001 0.1449581294065867 0.7721713821139808 0.9935583910708118 0.1449581294065867 0.0001 0.0001
0 0.0527210526842 0.0801705627530441 0.0001 0.0111637030848539 0.0001 0.0001 0.0111637030848539 0.0001 0.4444555555555555
0 0.0228227275454 0.0122857710501887 0.0001 0.9089168582678214 0.7249017053215078 0.0001 0.9089168582678214 0.0001 0.2222777777777777
0 0.9999 0.0527743664184493 0.0001 0.000247141314785 0.7827316297181688 0.9935583910708118 0.0001859701614519 0.0001 0.6666333333333333
0 0.0233511628372 0.0631385359687426 0.0001 0.370654696716607 0.4229009946651793 0.9988646350932188 0.370654696716607 0.0001 0.6666333333333333
0 0.045545454091 0.0117255813247649 0.0001 0.9890631259226648 0.7375435962901706 0.9934936808266296 0.9890631259226648 0.0001 0.6666333333333333
0 0.9999 0.107221428643693 0.0001 0.9737571242171132 0.5969955221040889 0.9999 0.9441734566756372 0.9999 0.6666333333333333
0 0.0223177775556 0.0387827379808193 0.0001 0.0001192881618657 0.126940298526394 0.0001 0.0001192881618657 0.0001 0.2222777777777777
1 0.1714942852858 0.2310061903846554 0.9999 0.8474492693215004 0.3552528358739034 0.0001 0.8474492693215004 0.8570714284286001 0.2222777777777777
0 0.0556444448888 0.0230839083134385 0.0001 0.9903454044753452 0.4812183739394952 0.9999 0.9903454044753452 0.0001 0.4444555555555555
0 0.0104072161444 0.0604620742845073 0.0001 0.1653264531343456 0.0001 0.0001 0.1653264531343456 0.0001 0.6666333333333333
0 0.25005 0.0198133183357039 0.0001 0.2905453521516171 0.5550263060529741 0.9935583910708118 0.2905453521516171 0.0001 0.2222777777777777
0 0.3333666663334 0.0278722218287824 0.0001 0.9868526999331132 0.8208313440029749 0.9935583910708118 0.986841126995998 0.0001 0.2222777777777777
0 0.0606939397878 0.1327265306535388 0.0001 0.0056781431908987 0.0001 0.0001 0.0056781431908987 0.7367947365790001 0.0001
0 0.20006 0.0514290177442296 0.0001 0.5940680940466171 0.0001 0.0001 0.5940680940466171 0.0001 0.0001
0 0.0073449277246 0.0084316665486347 0.0001 0.5818625303994484 0.8118779105689221 0.0001 0.5818625303994484 0.0001 0.2222777777777777
0 0.0286657147142 0.0363739231731992 0.0001 0.4531138933611835 0.1813004266474776 0.93531912931243 0.4531138933611835 0.0001 0.2222777777777777
0 0.0001 0.0141387059845284 0.0001 0.987609568280638 0.6830862222490127 0.9993176078023596 0.987609568280638 0.0001 0.4444555555555555
0 0.20006 0.0660208790875263 0.0001 0.5623120256947016 0.0001 0.9999 0.5623120256947016 0.0001 0.0001
0 0.0589117642942 0.0514290177442296 0.0001 0.0290669967064711 0.0001 0.9935583910708118 0.0290669967064711 0.0001 0.0001
0 0.4444555551112 0.0358071432184651 0.0001 0.6837879147212076 0.9999 0.9935583910708118 0.6050524400055208 0.0001 0.6666333333333333
0 0.5 0.325431745614218 0.0001 0.0110402586889291 0.0001 0.0001 0.0110402586889291 0.9999 0.2222777777777777
0 0.1667333336665999 0.0604620742845073 0.0001 0.414312677527503 0.0001 0.0001 0.414312677527503 0.0001 0.6666333333333333
0 0.0572314284286 0.0946926065150229 0.0001 0.912936516060159 0.0668580519227549 0.0001 0.5592891813394629 0.8570714284286001 0.4444555555555555
0 0.25005 0.0444033072142027 0.0001 0.0001729093738403 0.0001 0.9935583910708118 0.0001729093738403 0.0001 0.9999
0 0.4285857147142 0.2216673994082223 0.0001 0.812019077256913 0.0001 0.0001 0.8120058510859196 0.74995 0.6666333333333333
1 0.0639170210426 0.2641164504047757 0.9999 0.90850409114394 0.2307187248240624 0.9935583910708118 0.9084809452697094 0.8063903226774001 0.2222777777777777
1 0.20006 0.325431745614218 0.9999 0.9608445108164932 0.3172007463159851 0.9934936808266296 0.9608252226546272 0.9999 0.2222777777777777
1 0.0152027188519999 0.4940488094635891 0.9999 0.0013647539136102 0.0001 0.0001 0.0001016532338779 0.8481446431428 0.6666333333333333
0 0.10008 0.194667492966508 0.0001 0.9913352741101792 0.8025590312087699 0.9935583910708118 0.9468760070150104 0.6666333336666 0.2222777777777777
0 0.0125975 0.0444033072142027 0.0001 0.9871998872466567 0.0001 0.0001 0.9871998872466567 0.0001 0.0001
0 0.05009 0.0179535716092325 0.0001 0.3967350787790564 0.5969955221040889 0.9935583910708118 0.3967350787790564 0.0001 0.6666333333333333
0 0.0527210526842 0.0801705627530441 0.0001 0.1634007206379101 0.0001 0.0001 0.1634007206379101 0.0001 0.4444555555555555
0 0.0105145836665999 0.0141387059845284 0.0001 0.9525112431690316 0.6830862222490127 0.9993176078023596 0.9525112431690316 0.0001 0.4444555555555555
0 0.095319047381 0.1568146827765493 0.0001 0.1841092879769373 0.0001 0.0001 0.1839819859686373 0.9999 0.0001
0 0.10008 0.0928564860742567 0.0001 0.982690309482995 0.4812183739394952 0.5530754389652344 0.9674024938500504 0.9999 0.2222777777777777
1 0.2778222224443999 0.1369773813257473 0.5 0.9824202749169044 0.5969955221040889 0.9935583910708118 0.0448987391839621 0.9999 0.0001
0 0.033801123427 0.204990986010868 0.0001 0.0096978009832364 0.0001 0.9935583910708118 0.003008658329004 0.84368125 0.2222777777777777
0 0.0228227275454 0.0660208790875263 0.0001 0.1152157476132101 0.0001 0.0001 0.1152157476132101 0.0001 0.2222777777777777
0 0.032351613387 0.1568146827765493 0.0001 0.5496049692390832 0.0001 0.0001 0.5496049692390832 0.8570714284286001 0.0001
0 0.0087939128695999 0.0514290177442296 0.0001 0.9869700822381756 0.0001 0.0001 0.9869700822381756 0.0001 0.6666333333333333
1 0.1352081079729999 0.2411232141953837 0.9999 0.0098752523523733 0.126940298526394 0.6764779636088267 0.0001038576123751 0.7777222224444 0.2222777777777777
0 0.0409081637346 0.1230912693996537 0.0001 0.6071223378157792 0.0001 0.0001 0.337890131901539 0.9258407408148 0.0001
0 0.0597895527014 0.0358071432184651 0.0001 0.8585173811633489 0.9999 0.9935583910708118 0.8584876222536162 0.0001 0.6666333333333333
0 0.05009 0.0331621687474359 0.0001 0.991049808994598 0.7611417911583644 0.9935583910708118 0.991049808994598 0.0001 0.2222777777777777
0 0.011333707809 0.0660208790875263 0.0001 0.90952250731033 0.0001 0.0001 0.90952250731033 0.0001 0.2222777777777777
0 0.3333666663334 0.0219210312923715 0.0001 0.0001092583696903 0.5074611941055762 0.0001 0.0001092583696903 0.0001 0.4444555555555555
0 0.25005 0.0556444446692672 0.0001 0.017131467625393 0.0001 0.9935583910708118 0.017131467625393 0.0001 0.2222777777777777
0 0.6249750000000001 0.2857571427126139 0.5 0.4394655733866381 0.0001 0.0001 0.0107493929160226 0.6666333336666 0.4444555555555555
0 0.2778222224443999 0.5502544977506136 0.5 0.1348858390015166 0.0001 0.0001 0.0001154305494906 0.7777222224444 0.2222777777777777
1 0.25005 0.5502544977506136 0.9999 0.343498364668944 0.0001 0.0001 0.3434613312901726 0.7142428568572 0.4444555555555555
1 0.1364363632728 0.1479401003089452 0.5 0.2706002663955962 0.0668580519227549 0.9935583910708118 0.2705688541519956 0.74995 0.6666333333333333
0 0.0073449277246 0.0725061503460126 0.0001 0.077071432372124 0.0001 0.9935583910708118 0.077071432372124 0.0001 0.0001
0 0.1429285715714 0.0387827379808193 0.0001 0.6432909918774184 0.126940298526394 0.0001 0.6432909918774184 0.0001 0.6666333333333333
0 0.20006 0.0303518851424466 0.0001 0.6764159702770134 0.3172007463159851 0.9999 0.6764159702770134 0.0001 0.6666333333333333
0 0.9999 0.1399529760881015 0.0001 0.7150099758318244 0.126940298526394 0.9935583910708118 0.7149917897592173 0.9999 0.6666333333333333
0 0.0124432098642 0.0604620742845073 0.0001 0.3833553495156847 0.0001 0.0001 0.3833553495156847 0.0001 0.6666333333333333
0 0.0031205437704 0.1327265306535388 0.0001 0.172736422757652 0.0001 0.0001 0.172736422757652 0.8481446431428 0.6666333333333333
1 0.5333266663334 0.5663132648209183 0.9999 0.8562138207322342 0.0001 0.0001 0.8558203417702188 0.9999 0.2222777777777777
0 0.0150223879254 0.0037622705545669 0.0001 0.4331930555686521 0.9172529277086646 0.9935583910708118 0.4331930555686521 0.0001 0.4444555555555555
0 0.0532808507022 0.1755499115310893 0.0001 0.8060474551039988 0.4229009946651793 0.5146375259247403 0.6904258059253444 0.884538461923 0.6666333333333333
0 0.0107361703404 0.0321846791057838 0.0001 0.8196026406369811 0.2758397789640208 0.9935583910708118 0.8196026406369811 0.0001 0.6666333333333333
0 0.05009 0.0514290177442296 0.0001 0.6974419659198617 0.0001 0.0001 0.6974419659198617 0.0001 0.4444555555555555
0 0.0653043475218 0.0541782086892355 0.0001 0.2831965535816538 0.7721713821139808 0.9935583910708118 0.0208270839784179 0.0001 0.0001
0 0.10008 0.0111908551365703 0.0001 0.7387013782463465 0.7496108550440016 0.0001 0.7387013782463465 0.0001 0.6666333333333333
0 0.0134306663334 0.1327265306535388 0.0001 0.8948596287817701 0.0001 0.0001 0.8948596287817701 0.8918135136216 0.0001
0 0.0417583336666 0.1568146827765493 0.0001 0.0933313725229868 0.0001 0.9999 0.0933313725229868 0.9090090908182 0.2222777777777777
1 0.320036 0.5277722218287824 0.9999 0.6939390111076086 0.0001 0.9935583910708118 0.6933520991823363 0.74995 0.6666333333333333
0 0.0527210526842 0.0514290177442296 0.0001 0.4216928883410668 0.0001 0.0001 0.4216928883410668 0.0001 0.6666333333333333
1 0.0534226663334 0.1327265306535388 0.9999 0.221273763475355 0.4531010659844927 0.9935583910708118 0.0036065920467725 0.9332466663334 0.2222777777777777
0 0.0417583336666 0.0163004630706905 0.0001 0.4754689001608753 0.6343014926319703 0.9355779702891592 0.4754689001608753 0.0001 0.0001
1 0.74995 0.2641164504047757 0.9999 0.7830421608472042 0.2307187248240624 0.9935583910708118 0.7827952721553445 0.9999 0.2222777777777777
0 0.05009 0.0801705627530441 0.0001 0.4487971975161491 0.2307187248240624 0.9935583910708118 0.4487779092542934 0.0001 0.2222777777777777
0 0.5 0.0278722218287824 0.0001 0.4348016902280602 0.8208313440029749 0.9935583910708118 0.409838920764436 0.0001 0.2222777777777777
0 0.0001 0.0303518851424466 0.0001 0.1036114242515557 0.3172007463159851 0.0001 0.1036114242515557 0.0001 0.6666333333333333
1 0.1905380947619999 0.4940488094635891 0.9999 0.0069743092481196 0.0001 0.0001 0.0001810103598281 0.74995 0.0001
0 0.125075 0.0371509601752798 0.0001 0.8779014562914549 0.9002569568340085 0.9935583910708118 0.8778744528048488 0.0001 0.2222777777777777
0 0.0228227275454 0.0660208790875263 0.0001 0.0073446424358941 0.0001 0.0001 0.0073446424358941 0.0001 0.2222777777777777
0 0.1364363632728 0.1049325086618491 0.0001 0.995287037524754 0.3903778420099519 0.0001 0.9458105276776736 0.9999 0.4444555555555555
0 0.1111888887778 0.0256680774479604 0.0001 0.8669341941159197 0.4229009946651793 0.9999 0.8669341941159197 0.0001 0.0001
1 0.0320085110212 0.4940488094635891 0.5 0.2931261114289333 0.0001 0.0001 0.2931261114289333 0.8063903226774001 0.0001
1 0.0556444448888 0.204990986010868 0.5 0.0999147057092822 0.0001 0.0001 0.0288322318963662 0.8063903226774001 0.6666333333333333
0 0.20006 0.0501385812401474 0.0001 0.966576959502298 0.8025590312087699 0.9935583910708118 0.9665257080522024 0.0001 0.6666333333333333
0 0.0715142852858 0.0171034016771313 0.0001 0.4166245043279873 0.6161814503477434 0.9935583910708118 0.4166245043279873 0.0001 0.2222777777777777
0 0.05009 0.1568146827765493 0.0001 0.0094161934800304 0.0001 0.0001 0.0094161934800304 0.74995 0.0001
0 0.10008 0.0725061503460126 0.0001 0.0373030518221492 0.0001 0.0001 0.0373030518221492 0.0001 0.2222777777777777
0 0.0385538456924 0.0171034016771313 0.0001 0.8984703770626017 0.6161814503477434 0.9935583910708118 0.8984703770626017 0.0001 0.0001
0 0.20006 0.0141387059845284 0.0001 0.4307660507416126 0.6830862222490127 0.9934936808266296 0.4307660507416126 0.0001 0.6666333333333333
0 0.015481538077 0.0604620742845073 0.0001 0.9734821298493987 0.0001 0.0001 0.9734821298493987 0.0001 0.2222777777777777
0 0.0246852459672 0.0501385812401474 0.0001 0.0306872043029947 0.8025590312087699 0.9935583910708118 0.0041659494408094 0.0001 0.2222777777777777
0 0.1305086960433999 0.1778918153783323 0.0001 0.7191233191103543 0.0001 0.0001 0.1277574767814263 0.8332666663334 0.6666333333333333
0 0.0834166663334 0.1327265306535388 0.0001 0.2681716083346788 0.0001 0.0001 0.2681716083346788 0.9999 0.6666333333333333
0 0.1429285715714 0.0604620742845073 0.0001 0.485259884032497 0.0001 0.0001 0.4852598841324869 0.0001 0.2222777777777777
0 0.20006 0.0001 0.0001 0.343753740208019 0.9999 0.9935583910708118 0.343753740208019 0.0001 0.2222777777777777
0 0.0001 0.1568146827765493 0.0001 0.6777402419100991 0.0001 0.0001 0.6777402419100991 0.9999 0.2222777777777777
1 0.450714084155 0.5768244590080386 0.9999 0.9555286869669346 0.85338928134167 0.9993176078023596 0.9553358050483072 0.9332466663334 0.2222777777777777
1 0.45001 0.3339693188899606 0.5 0.8035354720158381 0.9794997737688208 0.9934936808266296 0.5778150974980397 0.8665933336666 0.4444555555555555
0 0.0466023256744 0.0707855683405697 0.0001 0.9409005271497308 0.8025590312087699 0.9935583910708118 0.3840004676922127 0.0001 0.2222777777777777
0 0.0228227275454 0.0444033072142027 0.0001 0.0001173593556781 0.0001 0.9935583910708118 0.0001173593556781 0.0001 0.9999
0 0.0286657147142 0.0321846791057838 0.0001 0.3170858951756681 0.2758397789640208 0.9999 0.3170858951756681 0.0001 0.2222777777777777
0 0.1429285715714 0.0072863435755817 0.0001 0.0021021136214235 0.8377246122879141 0.9999 0.0021021136214235 0.0001 0.4444555555555555
0 0.3125375 0.0477095232795844 0.0001 0.8531839223858025 0.9999 0.9935583910708118 0.8124075964173045 0.0001 0.6666333333333333
1 0.3636636367272 0.2579849208838315 0.9999 0.6620126556666671 0.0001 0.9935583910708118 0.661908499432608 0.9999 0.0001
0 0.0606939397878 0.0761717392843895 0.0001 0.8552802725380475 0.2758397789640208 0.9352544190682476 0.0018822283161799 0.0001 0.0001
0 0.1177235295882 0.0725061503460126 0.0001 0.3418480674959143 0.3172007463159851 0.0001 0.3115617589579814 0.0001 0.0001
0 0.0834166663334 0.0604620742845073 0.0001 0.6429867896446009 0.0001 0.0001 0.6429867896446009 0.0001 0.2222777777777777
0 0.0909909091818 0.0444033072142027 0.0001 0.0400959810799687 0.0001 0.0001 0.0400959810799687 0.0001 0.0001
0 0.25005 0.0414451127211006 0.0001 0.0015102418945274 0.0668580519227549 0.0001 0.0015102418945274 0.0001 0.6666333333333333
0 0.2222777775556 0.0604620742845073 0.0001 0.3308538018337731 0.4531010659844927 0.5146375259247403 0.3308538018337731 0.0001 0.0001
0 0.0556444448888 0.0188552665318994 0.0001 0.8573055320337021 0.5766468120601562 0.93531912931243 0.8573055320337021 0.0001 0.6666333333333333
0 0.2857571431428 0.1230912693996537 0.0001 0.001757240875305 0.0001 0.0001 0.0008314080058586 0.7999400000000001 0.4444555555555555
0 0.1667333336665999 0.0556444446692672 0.0001 0.0098592706582635 0.7611417911583644 0.9612032459827768 0.0098592706582635 0.0001 0.6666333333333333
0 0.0271216215946 0.0514290177442296 0.0001 0.0046481540873933 0.0001 0.0001 0.0046481540873933 0.0001 0.2222777777777777
0 0.20006 0.0141387059845284 0.0001 0.0006867466418804 0.6830862222490127 0.9999 0.0006867466418804 0.0001 0.9999
0 0.9999 0.2130203700518715 0.0001 0.0026807591773262 0.0001 0.0001 0.0026774526095804 0.0001 0.6666333333333333
0 0.0278722224443999 0.1568146827765493 0.0001 0.0050350200139071 0.0001 0.0001 0.0050350200139071 0.9999 0.6666333333333333
0 0.0667533336666 0.0101911485106298 0.0001 0.0036677632001056 0.7721713821139808 0.9999 0.0036677632001056 0.0001 0.6666333333333333
0 0.1818818183635999 0.024329847111694 0.0001 0.9059140735969236 0.8608020262584182 0.9935583910708118 0.9059071297946584 0.0001 0.4444555555555555
0 0.0118623530587999 0.0056407631144572 0.0001 0.4227542896881727 0.8748606789675165 0.9935583910708118 0.4227542896881727 0.0001 0.0001
0 0.0141816900986 0.0477095232795844 0.0001 0.9927155367171182 0.0001 0.0001 0.9927155367171182 0.0001 0.4444555555555555
0 0.0134306663334 0.114660416561281 0.0001 0.9959906705215316 0.0001 0.0001 0.9959906705215316 0.8918135136216 0.4444555555555555
0 0.0001 0.0725061503460126 0.0001 0.6146794488538605 0.0001 0.0001 0.6146794488538605 0.0001 0.0001
0 0.1739782603914 0.1108282103577652 0.0001 0.9922341035930092 0.5766468120601562 0.9935583910708118 0.9922258372236396 0.9999 0.6666333333333333
0 0.0358071431428 0.0387827379808193 0.0001 0.7831926087297352 0.126940298526394 0.0001 0.7831926087297352 0.0001 0.0001
0 0.0770076923846 0.0062637330194361 0.0001 0.716747896400184 0.8608020262584182 0.9935583910708118 0.716747896400184 0.0001 0.4444555555555555
1 0.065022077987 0.2290791381338784 0.9999 0.2281210692368686 0.1813004266474776 0.0001 0.2280362011646753 0.7741387092904 0.2222777777777777
0 0.1177235295882 0.0631385359687426 0.0001 0.7754420647283969 0.4229009946651793 0.0001 0.7754420647283969 0.0001 0.6666333333333333
1 0.40002 0.3119423808704812 0.9999 0.5402926333714279 0.3552528358739034 0.0001 0.5402386263982157 0.74995 0.2222777777777777
0 0.0345758624482 0.1568146827765493 0.0001 0.8713666191321285 0.0001 0.9935583910708118 0.8713666191321285 0.8517814816296 0.0001
1 0.0152027188519999 0.3495198977372285 0.9999 0.0384443613398346 0.0001 0.0001 0.038414602430102 0.8481446431428 0.6666333333333333
0 0.0371296295926 0.0134901784539988 0.0001 0.0001694374227127 0.6977216418951675 0.9935583910708118 0.0001694374227127 0.0001 0.0001
0 0.030706122551 0.0965943024690231 0.0001 0.989678143523792 0.4531010659844927 0.9935583910708118 0.9893921272635916 0.8787121214242 0.6666333333333333
0 0.0527210526842 0.1568146827765493 0.0001 0.0023997028187394 0.0001 0.0001 0.0023997028187394 0.74995 0.6666333333333333
0 0.8570714284286001 0.0650357743620518 0.0001 0.9452596570308618 0.9794997737688208 0.9934936808266296 0.8366386272082965 0.0001 0.4444555555555555
0 0.0001 0.0219210312923715 0.0001 0.2838562094973847 0.5074611941055762 0.9935583910708118 0.2838562094973847 0.0001 0.0001
0 0.9999 0.0725061503460126 0.0001 0.993861254891808 0.7928518657899629 0.9935583910708118 0.993861254891808 0.0001 0.4444555555555555
0 0.0931046513488 0.6626658733129602 0.5 0.1783575511292667 0.0001 0.0001 0.0001069437022752 0.8570714284286001 0.4444555555555555
0 0.125075 0.114660416561281 0.0001 0.2568874687999619 0.0001 0.0001 0.2568411771514901 0.874925 0.2222777777777777
0 0.0435695653478 0.0219210312923715 0.0001 0.4965034928398668 0.5074611941055762 0.6764132533646445 0.4965034928398668 0.0001 0.6666333333333333
0 0.0286657147142 0.0303518851424466 0.0001 0.9131216826540464 0.3172007463159851 0.0001 0.9131216826540464 0.0001 0.2222777777777777
1 0.1352081079729999 0.325431745614218 0.9999 0.6058215426237081 0.0001 0.0001 0.0431396567420131 0.9332466663334 0.4444555555555555
0 0.05009 0.0208331800964801 0.0001 0.0145446464571944 0.5320109296724792 0.9935583910708118 0.0145446464571944 0.0001 0.6666333333333333
0 0.1818818183635999 0.0946926065150229 0.0001 0.0153530969215882 0.6676805179591463 0.9935583910708118 0.0117406954068787 0.9999 0.6666333333333333
0 0.0518137931724 0.3675860118294864 0.0001 0.0380668639719391 0.0001 0.0001 0.0379549925131297 0.8517814816296 0.2222777777777777
0 0.011333707809 0.0188552665318994 0.0001 0.7399677853938349 0.5766468120601562 0.0001 0.7399677853938349 0.0001 0.6666333333333333
1 0.1334066663333999 0.6107836991982599 0.9999 0.2872856488966942 0.0001 0.0001 0.2872470724729727 0.8420368419474 0.2222777777777777
0 0.0667533336666 0.114660416561281 0.0001 0.0276319557038348 0.0001 0.0001 0.0276319557038348 0.9999 0.6666333333333333
0 0.040092 0.0660208790875263 0.0001 0.341840352271164 0.0001 0.0001 0.341840352271164 0.0001 0.2222777777777777
0 0.05009 0.0556444446692672 0.0001 0.0203255911699682 0.0001 0.9935583910708118 0.0203255911699682 0.0001 0.2222777777777777
0 0.0162258061936 0.0047829042442598 0.0001 0.9837991045678314 0.8942201374235851 0.9935583910708118 0.9837991045678314 0.0001 0.6666333333333333
0 0.1305086960433999 0.1479401003089452 0.0001 0.3496250638392393 0.0668580519227549 0.0001 0.349610184334378 0.9999 0.6666333333333333
0 0.0130844155974 0.1006089944895248 0.0001 0.0591334200391504 0.0001 0.9935583910708118 0.0591334200391504 0.9229923076154 0.4444555555555555
0 0.125075 0.1006089944895248 0.0001 0.0003083123681281 0.0001 0.0001 0.0003083123681281 0.74995 0.0001
1 0.9443555551112 0.6761552380566971 0.9999 0.985722412207924 0.3552528358739034 0.9999 0.7206603119685524 0.5 0.2222777777777777
0 0.115461538077 0.1096019046559168 0.0001 0.460045516050271 0.3552528358739034 0.9935583910708118 0.460045516050271 0.9165833336666 0.6666333333333333
1 0.9284857147142 0.5600293992256464 0.9999 0.9948032898332202 0.2758397789640208 0.9999 0.9903978683036172 0.9999 0.2222777777777777
0 0.011333707809 0.0286657141700911 0.0001 0.0001049598016237 0.3552528358739034 0.9676095641562829 0.0001049598016237 0.0001 0.6666333333333333
1 0.1905380947619999 0.1809028338878574 0.9999 0.00026698062127 0.1813004266474776 0.9352544190682476 0.0002140758373066 0.8332666663334 0.6666333333333333
0 0.0228227275454 0.0286657141700911 0.0001 0.7556645106382753 0.3552528358739034 0.9999 0.7556645106382753 0.0001 0.2222777777777777
0 0.0286657147142 0.0208331800964801 0.0001 0.0471174316428734 0.5320109296724792 0.0001 0.0471174316428734 0.0001 0.6666333333333333
0 0.045545454091 0.1721435065789099 0.0001 0.992581290906553 0.0001 0.9935583910708118 0.9925002805467248 0.9165833336666 0.0001
0 0.1429285715714 0.0387827379808193 0.0001 0.5161013912823441 0.126940298526394 0.9999 0.5161013912823441 0.0001 0.0001
0 0.03134375 0.03418409033426 0.0001 0.0739649323228686 0.2307187248240624 0.9935583910708118 0.0739649323228686 0.0001 0.6666333333333333
0 0.040092 0.392878571356307 0.0001 0.140734016758506 0.0001 0.0001 0.140734016758506 0.6666333336666 0.0001
0 0.0625875 0.1568146827765493 0.0001 0.0103073076381203 0.0001 0.0001 0.0103073076381203 0.8888111112222 0.4444555555555555
1 0.7142428568572 0.1905380951417426 0.9999 0.440048076654906 0.3552528358739034 0.9935583910708118 0.4400210731682999 0.9999 0.2222777777777777
0 0.0207144332886 0.1230912693996537 0.0001 0.7205561557344933 0.0001 0.0001 0.3816473090448803 0.74995 0.2222777777777777
0 0.0105145836665999 0.0208331800964801 0.0001 0.9581541947477824 0.5320109296724792 0.9999 0.9581541947477824 0.0001 0.4444555555555555
0 0.0625875 0.0660208790875263 0.0001 0.9850820444540588 0.0001 0.9999 0.9850820444540588 0.0001 0.0001
0 0.6666333336666 0.6626658733129602 0.0001 0.0005463837459789 0.0001 0.0001 0.0004967855297612 0.6666333336666 0.6666333333333333
0 0.0236247061175999 0.046009183415382 0.0001 0.0690695909219316 0.6161814503477434 0.0001 0.0689737010572421 0.0001 0.6666333333333333
0 0.03134375 0.0208331800964801 0.0001 0.3506451332395072 0.5320109296724792 0.9935583910708118 0.3506451332395072 0.0001 0.6666333333333333
1 0.3571714284286 0.6205116070976919 0.9999 0.0025947890158742 0.0001 0.9935583910708118 0.0018475096048235 0.7999400000000001 0.6666333333333333
0 0.0513717945898 0.1568146827765493 0.0001 0.2985422338001858 0.0001 0.9999 0.2894574985625144 0.9999 0.0001
0 0.3333666663334 0.2130203700518715 0.0001 0.0637047199007847 0.0001 0.9935583910708118 0.0636005636667256 0.3333666663334 0.0001
0 0.0173379307242 0.0414451127211006 0.0001 0.0577496304866097 0.0668580519227549 0.0001 0.0577496304866097 0.0001 0.6666333333333333
0 0.0264105258421999 0.0076534337143396 0.0001 0.8412701062229431 0.8294404136369463 0.9934936808266296 0.8412701062229431 0.0001 0.4444555555555555
0 0.0378283018302 0.114660416561281 0.0001 0.0014193118314617 0.0001 0.0001 0.0004240415393026 0.7825521742608 0.0001
0 0.1053421053684 0.1905380951417426 0.0001 0.1279181749339784 0.0001 0.0001 0.127908916664278 0.9999 0.4444555555555555
1 0.6249750000000001 0.4280682197015318 0.9999 0.423680122557619 0.2758397789640208 0.9935583910708118 0.0002273020083 0.6666333336666 0.0001
0 0.1111888887778 0.0414451127211006 0.0001 0.5436912115717663 0.0668580519227549 0.9935583910708118 0.5436912115717663 0.0001 0.0001
0 0.25005 0.1006089944895248 0.0001 0.0001192881618657 0.0001 0.0001 0.0001192881618657 0.3333666663334 0.2222777777777777
0 0.25005 0.0414451127211006 0.0001 0.0775128562164892 0.0668580519227549 0.0001 0.0775128562164892 0.0001 0.6666333333333333
0 0.0233511628372 0.0171034016771313 0.0001 0.6941423636741131 0.6161814503477434 0.9988646350932188 0.6941423636741131 0.0001 0.6666333333333333
0 0.045545454091 0.0188552665318994 0.0001 0.9741555630807424 0.5766468120601562 0.0001 0.9741555630807424 0.0001 0.6666333333333333
0 0.0909909091818 0.1568146827765493 0.0001 0.0001049598016237 0.0001 0.0001 0.0001049598016237 0.7999400000000001 0.6666333333333333
0 0.40002 0.0761717392843895 0.0001 0.389567037945996 0.2758397789640208 0.9935583910708118 0.389567037945996 0.0001 0.2222777777777777
0 0.0246852459672 0.0541782086892355 0.0001 0.454197889337911 0.7721713821139808 0.9993176078023596 0.1439049944288504 0.0001 0.0001
0 0.2727727275454 0.0774654759616387 0.0001 0.5394803251946688 0.5969955221040889 0.9935583910708118 0.5353884744565021 0.0001 0.6666333333333333
0 0.2857571431428 0.1568146827765493 0.0001 0.0624548454920357 0.0001 0.0001 0.0285269275742899 0.9999 0.2222777777777777
0 0.0278722224443999 0.0117255813247649 0.0001 0.5675383524372065 0.7375435962901706 0.9935583910708118 0.5675383524372065 0.0001 0.4444555555555555
0 0.0105145836665999 0.0660208790875263 0.0001 0.9649567519057743 0.0001 0.9935583910708118 0.9649567519057743 0.0001 0.2222777777777777
0 0.0513717945898 0.0414451127211006 0.0001 0.715801893557479 0.6676805179591463 0.9935583910708118 0.715801893557479 0.0001 0.6666333333333333
0 0.3333666663334 0.0072863435755817 0.0001 0.7463097407345235 0.8377246122879141 0.9935583910708118 0.7463097407345235 0.0001 0.6666333333333333
1 0.2453339623961999 0.3535345897577303 0.9999 0.9470187395728008 0.6343014926319703 0.9355779702891592 0.94674098968197 0.8570714284286001 0.0001
0 0.0087939128695999 0.0088446060276005 0.0001 0.4036543570085535 0.8025590312087699 0.9935583910708118 0.4036543570085535 0.0001 0.9999
0 0.0105145836665999 0.0122857710501887 0.0001 0.9704191660254886 0.7249017053215078 0.9999 0.9704191660254886 0.0001 0.0001
0 0.1334066663333999 0.0604620742845073 0.0001 0.7647338153264562 0.4531010659844927 0.9935583910708118 0.697853961621258 0.0001 0.0001
0 0.0477095241904 0.0163004630706905 0.0001 0.9835428473173534 0.6343014926319703 0.9355779702891592 0.9835428473173534 0.0001 0.0001
0 0.0134306663334 0.0556444446692672 0.0001 0.9980833835392472 0.0001 0.0001 0.9980833835392472 0.0001 0.6666333333333333
0 0.0527210526842 0.0271092485015011 0.0001 0.711625725891738 0.3903778420099519 0.0001 0.711625725891738 0.0001 0.4444555555555555
1 0.2105842107367999 0.4378431211765646 0.9999 0.6537380241272674 0.0001 0.0001 0.6534834201106675 0.9229923076154 0.0001
0 0.10008 0.0514290177442296 0.0001 0.6247555968713058 0.5550263060529741 0.9676095641562829 0.6247324510970649 0.0001 0.2222777777777777
0 0.125075 0.1006089944895248 0.0001 0.9055275383371836 0.0001 0.0001 0.9055275383371836 0.9999 0.4444555555555555
0 0.0556444448888 0.0230839083134385 0.0001 0.9981710070345672 0.4812183739394952 0.9999 0.9981710070345672 0.0001 0.4444555555555555
0 0.045545454091 0.0271092485015011 0.0001 0.1716783280782819 0.3903778420099519 0.0001 0.1716783280782819 0.0001 0.6666333333333333
0 0.05009 0.0801705627530441 0.0001 0.4191402348395951 0.0001 0.0001 0.4191402348395951 0.0001 0.6666333333333333
0 0.0099019612155999 0.03418409033426 0.0001 0.159320112170085 0.2307187248240624 0.9935583910708118 0.159320112170085 0.0001 0.0001
0 0.3333666663334 0.0697865203328793 0.0001 0.9734435534256772 0.9002569568340085 0.9935583910708118 0.9734204076514364 0.0001 0.2222777777777777
0 0.3333666663334 0.325431745614218 0.0001 0.511510803258844 0.0001 0.0001 0.0001231457742409 0.6666333336666 0.2222777777777777
0 0.5 0.0230839083134385 0.0001 0.6029676626904011 0.8748606789675165 0.9935583910708118 0.6028287878449757 0.0001 0.0001
0 0.0862896556206 0.325431745614218 0.0001 0.6432298207240853 0.0001 0.0001 0.0012457181746899 0.8517814816296 0.0001
0 0.0001 0.1327265306535388 0.0001 0.1421095399416771 0.0001 0.0001 0.1421095399416771 0.0001 0.6666333333333333
0 0.0625875 0.0477095232795844 0.0001 0.596741436520887 0.0001 0.0001 0.596741436520887 0.0001 0.0001
0 0.0087939128695999 0.0660208790875263 0.0001 0.1935064918167959 0.0001 0.0001 0.1935064918167959 0.0001 0.2222777777777777
0 0.9999 0.1721435065789099 0.0001 0.8821624919293991 0.0001 0.0001 0.723516065513593 0.9999 0.6666333333333333
0 0.0186148152962 0.0387827379808193 0.0001 0.0003468887918496 0.6977216418951675 0.0001 0.0001038576123751 0.0001 0.2222777777777777
0 0.1818818183635999 0.0387827379808193 0.0001 0.9149872359974696 0.6977216418951675 0.9935583910708118 0.914975663060354 0.0001 0.4444555555555555
0 0.015481538077 0.0321846791057838 0.0001 0.2951089367885011 0.2758397789640208 0.9935583910708118 0.2951089367885011 0.0001 0.2222777777777777
0 0.0741592591852 0.0514290177442296 0.0001 0.1343441165354676 0.5550263060529741 0.9935583910708118 0.1343308903644742 0.0001 0.6666333333333333
0 0.0770076923846 0.0179535716092325 0.0001 0.0001347187113563 0.5969955221040889 0.9935583910708118 0.0001347187113563 0.0001 0.0001
1 0.59998 0.392878571356307 0.9999 0.5908045330793291 0.0001 0.9935583910708118 0.590673373458654 0.74995 0.2222777777777777
0 0.029505882647 0.0514290177442296 0.0001 0.0620580599622744 0.0001 0.0001 0.0620580599622744 0.0001 0.6666333333333333
1 0.3571714284286 0.1513754227502828 0.9999 0.939704659714194 0.5320109296724792 0.9999 0.9395079201831912 0.9999 0.0001
0 0.0001 0.1568146827765493 0.0001 0.1699363294197014 0.0001 0.0001 0.1699363294197014 0.9999 0.2222777777777777
0 0.3333666663334 0.392878571356307 0.0001 0.6442763425663299 0.0001 0.0001 0.6442598098275908 0.9999 0.6666333333333333
0 0.0286657147142 0.0893678570344604 0.0001 0.3350084769591511 0.0001 0.0001 0.3350084769591511 0.7599480000000001 0.0001
0 0.20006 0.0286657141700911 0.0001 0.5029942427292186 0.3552528358739034 0.9676095641562829 0.5029942427292186 0.0001 0.6666333333333333
0 0.0715142852858 0.0171034016771313 0.0001 0.927468234968044 0.6161814503477434 0.9935583910708118 0.927468234968044 0.0001 0.2222777777777777
0 0.1177235295882 0.1721435065789099 0.0001 0.2368354713867554 0.0001 0.0001 0.2367197422155809 0.6999599999999999 0.0001
0 0.0278722224443999 0.0230839083134385 0.0001 0.0001578645855872 0.4812183739394952 0.0001 0.0001578645855872 0.0001 0.2222777777777777
0 0.065660655246 0.392878571356307 0.0001 0.5807757788996044 0.0001 0.0001 0.0975835907469322 0.8332666663334 0.6666333333333333
0 0.018964151415 0.0117255813247649 0.0001 0.5476789061758641 0.7375435962901706 0.9934936808266296 0.5476789061758641 0.0001 0.6666333333333333
0 0.0318396827936 0.0631385359687426 0.0001 0.0001892767291977 0.4229009946651793 0.0001 0.0001462916484718 0.0001 0.6666333333333333
0 0.030396969394 0.0604620742845073 0.0001 0.0261043314042549 0.0001 0.0001 0.0261043314042549 0.0001 0.0001
0 0.3333666663334 0.0801705627530441 0.0001 0.8333744049074613 0.0001 0.0001 0.8333744049074613 0.0001 0.6666333333333333
0 0.0715142852858 0.107221428643693 0.0001 0.0001396785129801 0.0001 0.0001 0.0001099196032475 0.874925 0.6666333333333333
0 0.0625875 0.1327265306535388 0.0001 0.0002273020083 0.0001 0.0001 0.0002273020083 0.9999 0.0001
0 0.0260688311948 0.0893678570344604 0.0001 0.0805988556257124 0.126940298526394 0.0001 0.0805595077795058 0.8332666663334 0.4444555555555555
1 0.74995 0.2819176654040854 0.9999 0.0022922400169345 0.5320109296724792 0.0001 0.0022046165216147 0.6666333336666 0.6666333333333333
0 0.0271216215946 0.1905380951417426 0.0001 0.3874002032762535 0.0001 0.0001 0.3874002032762535 0.6363363632728 0.9999
0 0.09383125 0.0928564860742567 0.0001 0.8510214411786106 0.4812183739394952 0.0001 0.2240666926331846 0.9999 0.2222777777777777
0 0.0286657147142 0.0444033072142027 0.0001 0.8067170306229772 0.0001 0.0001 0.8067170306229772 0.0001 0.6666333333333333
0 0.20006 0.0171034016771313 0.0001 0.2194606739602039 0.6161814503477434 0.9935583910708118 0.2194606740601939 0.0001 0.2222777777777777
0 0.0205040813674 0.0928564860742567 0.0001 0.3189761373382822 0.4812183739394952 0.0001 0.3189761373382822 0.8124375 0.2222777777777777
0 0.0228227275454 0.0188552665318994 0.0001 0.9850407126072108 0.5766468120601562 0.0001 0.9850407126072108 0.0001 0.6666333333333333
0 0.080084 0.392878571356307 0.0001 0.0109924239955072 0.0001 0.0001 0.0055855598939551 0.9999 0.4444555555555555
0 0.0233511628372 0.1905380951417426 0.0001 0.9572739921932608 0.0001 0.0001 0.9572739921932608 0.9090090908182 0.6666333333333333
0 0.1111888887778 0.1905380951417426 0.0001 0.0028119188979913 0.0001 0.0001 0.0028119188979913 0.9999 0.2222777777777777
0 0.0909909091818 0.0303518851424466 0.0001 0.9516479040200224 0.3172007463159851 0.9935583910708118 0.9516479040200224 0.0001 0.0001
0 0.0834166663334 0.1568146827765493 0.0001 0.6160311649292435 0.0001 0.0001 0.6160311649292435 0.9999 0.4444555555555555
0 0.0103020411836 0.0303518851424466 0.0001 0.7584925443686888 0.3172007463159851 0.9999 0.7584925443686888 0.0001 0.9999
0 0.0572314284286 0.2411232141953837 0.0001 0.6185497610529058 0.0001 0.0001 0.6185497610529058 0.9472789473158 0.6666333333333333
0 0.0572314284286 0.046009183415382 0.0001 0.4983138268319013 0.6161814503477434 0.9934936808266296 0.4982443893091986 0.0001 0.0001
0 0.2857571431428 0.0893678570344604 0.0001 0.6553620893361661 0.126940298526394 0.6764779636088267 0.6552772213639628 0.9999 0.2222777777777777
0 0.015481538077 0.0208331800964801 0.0001 0.9870543991657498 0.5320109296724792 0.0001 0.9870543991657498 0.0001 0.6666333333333333
0 0.9999 0.1006089944895248 0.0001 0.7129417312554439 0.7611417911583644 0.9612032459827768 0.0007017914301335 0.0001 0.6666333333333333
0 0.0228227275454 0.0477095232795844 0.0001 0.9598266456947324 0.0001 0.9935583910708118 0.9598266456947324 0.0001 0.6666333333333333
0 0.0182232626224 0.0680688591122105 0.5 0.8903776056493335 0.968091752245745 0.9935583910708118 0.8903776056493335 0.0001 0.6666333333333333
0 0.0477095241904 0.0801705627530441 0.0001 0.0657068335222083 0.0001 0.9935583910708118 0.0657068335222083 0.0001 0.0001
0 0.3333666663334 0.107221428643693 0.5 0.993526412037855 0.8208313440029749 0.9935583910708118 0.9934454016780268 0.615361538077 0.2222777777777777
1 0.1380034477932 0.2411232141953837 0.9999 0.5160975336699689 0.5550263060529741 0.9676095641562829 0.3957006809185566 0.9999 0.2222777777777777
0 0.5 0.0893678570344604 0.0001 0.998444899213033 0.0001 0.9935583910708118 0.9984448993130228 0.9999 0.2222777777777777
1 0.5 0.5820229298208004 0.9999 0.9888994518691406 0.7721713821139808 0.9999 0.9888994518691406 0.94991 0.6666333333333333
0 0.3333666663334 0.0188552665318994 0.0001 0.3279886797301143 0.5766468120601562 0.9999 0.3279886797301143 0.0001 0.6666333333333333
0 0.020096 0.0444033072142027 0.0001 0.9569797095636908 0.0001 0.0001 0.9569797095636908 0.0001 0.6666333333333333
0 0.5 0.0120023810728217 0.0001 0.9687477069788696 0.9999 0.9934936808266296 0.9686716564206652 0.0001 0.6666333333333333
1 0.1380034477932 0.1641458586298982 0.9999 0.331830886253305 0.2758397789640208 0.0001 0.2951348380858585 0.9332466663334 0.6666333333333333
0 0.0069013604558 0.0084316665486347 0.0001 0.8901633414792608 0.8118779105689221 0.9935583910708118 0.8901633414792608 0.0001 0.4444555555555555
0 0.045545454091 0.0141387059845284 0.0001 0.0041852376026752 0.6830862222490127 0.9993176078023596 0.0041852376026752 0.0001 0.4444555555555555
0 0.0834166663334 0.0179535716092325 0.0001 0.0040463627572497 0.5969955221040889 0.9935583910708118 0.0040463627572497 0.0001 0.0001
0 0.045545454091 0.0088446060276005 0.0001 0.9579402611444936 0.8025590312087699 0.9935583910708118 0.9579402611444936 0.0001 0.6666333333333333
0 0.0082950816558 0.0604620742845073 0.0001 0.9725254357809812 0.0001 0.0001 0.9725254357809812 0.0001 0.2222777777777777
0 0.9999 0.1680558202316137 0.0001 0.1854864643939863 0.7611417911583644 0.9935583910708118 0.1446688065786404 0.9999 0.4444555555555555
0 0.3333666663334 0.0294915941397251 0.0001 0.7989931043470074 0.8025590312087699 0.9935583910708118 0.7989815315098818 0.0001 0.9999
0 0.0278722224443999 0.1327265306535388 0.0001 0.9796196304343344 0.0001 0.0001 0.9796196304343344 0.9999 0.2222777777777777
0 0.20006 0.0861043014233814 0.0001 0.7975970255293301 0.5320109296724792 0.9934936808266296 0.7975160151695019 0.0001 0.2222777777777777
0 0.0286657147142 0.03418409033426 0.0001 0.2150436795934756 0.2307187248240624 0.0001 0.2150436795934756 0.0001 0.2222777777777777
0 0.1667333336665999 0.0286657141700911 0.0001 0.0003661769537154 0.3552528358739034 0.9935583910708118 0.0003661769537154 0.0001 0.2222777777777777
0 0.0107361703404 0.114660416561281 0.0001 0.0334971071552549 0.0001 0.0001 0.0334971071552549 0.884538461923 0.4444555555555555
0 0.20006 0.3736080498602391 0.0001 0.7261960211233546 0.1813004266474776 0.0001 0.7261497294748828 0.8665933336666 0.6666333333333333
0 0.0174878257392 0.046009183415382 0.0001 0.9564930961601126 0.6161814503477434 0.9935583910708118 0.9564699503858716 0.0001 0.2222777777777777
0 0.0001 0.1327265306535388 0.0001 0.0001115729371154 0.0001 0.0001 0.0001115729371154 0.0001 0.0001
1 0.1464121947074 0.3675860118294864 0.9999 0.895727597165619 0.0001 0.0001 0.8653988545915894 0.9443555551112 0.2222777777777777
1 0.0413288655774 0.5663132648209183 0.9999 0.3891789597412958 0.0001 0.0001 0.3890655451375464 0.74995 0.4444555555555555
0 0.125075 0.0893678570344604 0.0001 0.0001154305494906 0.0001 0.0001 0.0001154305494906 0.5 0.2222777777777777
0 0.0186148152962 0.0188552665318994 0.0001 0.5358054299595219 0.5766468120601562 0.9935583910708118 0.5358054299595219 0.0001 0.4444555555555555
1 0.6249750000000001 0.2081329188085039 0.9999 0.9229884161141148 0.2758397789640208 0.0001 0.920417576540036 0.9999 0.6666333333333333
0 0.1818818183635999 0.107221428643693 0.0001 0.0186675786721982 0.0001 0.0001 0.0186073996191758 0.9999 0.4444555555555555
0 0.0589117642942 0.0303518851424466 0.0001 0.7092036809663123 0.3172007463159851 0.0001 0.7092036809663123 0.0001 0.6666333333333333
0 0.0477095241904 0.0219210312923715 0.0001 0.0097865266678049 0.5074611941055762 0.9935583910708118 0.0097865266678049 0.0001 0.0001
0 0.020096 0.0271092485015011 0.0001 0.8807105876212401 0.3903778420099519 0.0001 0.8807105876212401 0.0001 0.4444555555555555
0 0.0141816900986 0.1006089944895248 0.0001 0.1375005454677142 0.0001 0.0001 0.1375005454677142 0.9332466663334 0.4444555555555555
0 0.0770076923846 0.0256680774479604 0.0001 0.8248435161175839 0.4229009946651793 0.9988646350932188 0.8248435161175839 0.0001 0.6666333333333333
0 0.0271216215946 0.0660208790875263 0.0001 0.998348458303714 0.0001 0.0001 0.998348458303714 0.0001 0.2222777777777777
0 0.0205040813674 0.0230839083134385 0.0001 0.9817991953249052 0.4812183739394952 0.0001 0.9817991953249052 0.0001 0.2222777777777777
1 0.064901852037 0.6320082246965366 0.9999 0.9530267337709394 0.0001 0.0001 0.0253041473092307 0.8213642852858 0.6666333333333333
0 0.0572314284286 0.0660208790875263 0.0001 0.1729992932436115 0.3903778420099519 0.0001 0.1729992932436115 0.0001 0.0001
0 0.0001 0.1006089944895248 0.0001 0.0001254604416559 0.0001 0.0001 0.0001254604416559 0.0001 0.4444555555555555
0 0.2667133336666 0.1187398615809809 0.0001 0.5563427181092124 0.5320109296724792 0.9935583910708118 0.4275570477921661 0.9999 0.4444555555555555
0 0.0228227275454 0.1006089944895248 0.0001 0.099557598792491 0.0001 0.0001 0.099557598792491 0.9165833336666 0.0001
1 0.2046045459089999 0.2278113404939775 0.9999 0.9918836097117198 0.6676805179591463 0.9935583910708118 0.991838971297126 0.9165833336666 0.6666333333333333
1 0.3809761905238 0.6626658733129602 0.9999 0.8454178376460457 0.0001 0.0001 0.8453761751324241 0.9999 0.4444555555555555
0 0.9999 0.204990986010868 0.0001 0.7010169698923921 0.0001 0.0001 0.7010051882762455 0.9999 0.2222777777777777
0 0.0271216215946 0.0286657141700911 0.0001 0.2494730903196711 0.3552528358739034 0.9999 0.2494730903196711 0.0001 0.2222777777777777
0 0.1111888887778 0.0477095232795844 0.0001 0.9981247153860956 0.0001 0.0001 0.9981247153860956 0.0001 0.2222777777777777
0 0.0770076923846 0.0010039783349409 0.0001 0.0066572115110821 0.9794997737688208 0.9934936808266296 0.0066572115110821 0.0001 0.4444555555555555
0 0.0385538456924 0.0072863435755817 0.0001 0.9945222334746334 0.8377246122879141 0.9935583910708118 0.9945222334746334 0.0001 0.6666333333333333
0 0.067883050678 0.1905380951417426 0.0001 0.2846200216471747 0.126940298526394 0.9999 0.0599435237374222 0.7999400000000001 0.0001
0 0.0061410875408 0.107221428643693 0.0001 0.3855936718021301 0.0001 0.0001 0.2947231731512259 0.8481446431428 0.2222777777777777
0 0.045545454091 0.0148213653182882 0.0001 0.963779621487484 0.968091752245745 0.9935583910708118 0.9636771185872928 0.0001 0.6666333333333333
0 0.0223177775556 0.0163004630706905 0.0001 0.6640263422252061 0.6343014926319703 0.9935583910708118 0.6640263422252061 0.0001 0.2222777777777777
1 0.10008 0.1568146827765493 0.5 0.0028312070598571 0.0001 0.0001 0.0028130210872399 0.9999 0.6666333333333333
0 0.20006 0.0387827379808193 0.0001 0.4811419412161428 0.126940298526394 0.0001 0.4811419412161428 0.0001 0.4444555555555555
0 0.40002 0.0725061503460126 0.0001 0.9821618131879394 0.3172007463159851 0.9934936808266296 0.9821348098013232 0.0001 0.2222777777777777
0 0.0087939128695999 0.1327265306535388 0.0001 0.0299388227026953 0.0001 0.0001 0.0299388227026953 0.877475509796 0.2222777777777777
0 0.0417583336666 0.1905380951417426 0.0001 0.9096845280299866 0.0001 0.0001 0.9096845280299866 0.8420368419474 0.0001
0 0.0141816900986 0.0477095232795844 0.0001 0.7243675011587029 0.0001 0.0001 0.7243675011587029 0.0001 0.2222777777777777
1 0.7777222224444 0.3609300754846345 0.9999 0.4563008526256477 0.0668580519227549 0.9935583910708118 0.4562231488335654 0.9999 0.6666333333333333
0 0.0087939128695999 0.114660416561281 0.0001 0.4453561851797242 0.0001 0.0001 0.4453561851797242 0.877475509796 0.0001
1 0.7240931034138001 0.6320082246965366 0.9999 0.9964664825104697 0.5766468120601562 0.9935583910708118 0.9847232842033996 0.7999400000000001 0.6666333333333333
0 0.0690517238966 0.069133809413004 0.0001 0.1157828202319974 0.3552528358739034 0.0001 0.1156439453865719 0.0001 0.0001
0 0.0909909091818 0.204990986010868 0.0001 0.1088225408224258 0.0001 0.0001 0.1088142744530562 0.8570714284286001 0.6666333333333333
0 0.0834166663334 0.0660208790875263 0.0001 0.9362212134416624 0.0001 0.0001 0.9362212134416624 0.0001 0.2222777777777777
0 0.0715142852858 0.0163004630706905 0.0001 0.96204037825203 0.6343014926319703 0.9355779702891592 0.96204037825203 0.0001 0.0001
0 0.0589117642942 0.0725061503460126 0.0001 0.7786560275794572 0.0001 0.9935583910708118 0.7786560275794572 0.0001 0.2222777777777777
0 0.1291064515484 0.4940488094635891 0.5 0.1568184748423504 0.0001 0.0001 0.1567891784861389 0.6666333336666 0.2222777777777777
0 0.0870391306956 0.0387827379808193 0.0001 0.9964929349524464 0.6977216418951675 0.9935583910708118 0.9897227818383958 0.0001 0.0001
0 0.0001 0.0444033072142027 0.0001 0.7066758264729596 0.0001 0.0001 0.7066758264729596 0.0001 0.6666333333333333
0 0.2667133336666 0.1500699998988297 0.5 0.0247387279243214 0.3552528358739034 0.9999 0.0010412634189369 0.9999 0.2222777777777777
0 0.0223177775556 0.114660416561281 0.0001 0.8795556110768598 0.0001 0.0001 0.8795556110768598 0.8181181816364 0.4444555555555555
0 0.0409081637346 0.0946926065150229 0.0001 0.6824928508532353 0.0668580519227549 0.0001 0.682458132041889 0.9258407408148 0.2222777777777777
0 0.0001 0.0414451127211006 0.0001 0.5823871689821389 0.0668580519227549 0.0001 0.5823871689821389 0.0001 0.2222777777777777
0 0.0566924532452 0.114660416561281 0.0001 0.0090273436528651 0.3172007463159851 0.9999 0.0090134562483145 0.8570714284286001 0.9999
0 0.0417583336666 0.0556444446692672 0.0001 0.8173766738090209 0.0001 0.0001 0.8173766738090209 0.0001 0.4444555555555555
0 0.0073449277246 0.0208331800964801 0.0001 0.0004306545748044 0.5320109296724792 0.0001 0.0004306545748044 0.0001 0.6666333333333333
0 0.0125975 0.0053451173744458 0.0001 0.4229278833449444 0.8815325826790495 0.9935583910708118 0.4229278833449444 0.0001 0.6666333333333333
0 0.0477095241904 0.0477095232795844 0.0001 0.2638119273089285 0.0001 0.0001 0.2638119273089285 0.0001 0.2222777777777777
0 0.0358071431428 0.0117255813247649 0.0001 0.9968054035546337 0.7375435962901706 0.9934936808266296 0.9968054035546337 0.0001 0.6666333333333333
1 0.6666333336666 0.7975595237854357 0.9999 0.0002487945486629 0.0001 0.0001 0.0001330654774784 0.5 0.6666333333333333
0 0.0371296295926 0.0331621687474359 0.0001 0.9909456527605388 0.7611417911583644 0.9935583910708118 0.9907566285542764 0.0001 0.2222777777777777
0 0.25005 0.1086383785305283 0.0001 0.978531776745242 0.7249017053215078 0.9999 0.9698289475324704 0.874925 0.0001
0 0.0770076923846 0.0387827379808193 0.0001 0.1798190444738898 0.126940298526394 0.0001 0.1798190444738898 0.0001 0.6666333333333333
0 0.045545454091 0.0363739231731992 0.0001 0.9079231310206124 0.1813004266474776 0.9935583910708118 0.9079231310206124 0.0001 0.4444555555555555
0 0.2353470591764 0.0617759741902114 0.0001 0.2291113797274039 0.85338928134167 0.9935583910708118 0.0045638371598193 0.0001 0.6666333333333333
0 0.0105145836665999 0.0106798938373071 0.0001 0.9463174211434484 0.7611417911583644 0.9935583910708118 0.9463174211434484 0.0001 0.4444555555555555
0 0.0085016803278 0.0801705627530441 0.0001 0.1761239792654841 0.0001 0.0001 0.1761239792654841 0.0001 0.0001
0 0.5 0.0556444446692672 0.0001 0.3407023493212244 0.0001 0.0001 0.3407023493212244 0.0001 0.4444555555555555
0 0.0186148152962 0.0321846791057838 0.0001 0.1415865545928644 0.2758397789640208 0.9999 0.1415865545928644 0.0001 0.2222777777777777
0 0.0107361703404 0.0208331800964801 0.0001 0.0003711367553392 0.5320109296724792 0.0001 0.0003711367553392 0.0001 0.6666333333333333
0 0.0248884293224 0.1667333329960992 0.0001 0.6069834628703638 0.0001 0.0001 0.0029469361310416 0.8181181816364 0.0001
0 0.0286657147142 0.0171034016771313 0.0001 0.8009570274059369 0.6161814503477434 0.9934936808266296 0.8009570274059369 0.0001 0.0001
0 0.25005 0.069133809413004 0.0001 0.3620659433411423 0.3552528358739034 0.9935583910708118 0.3620451121343265 0.0001 0.4444555555555555
0 0.0667533336666 0.2692260583388959 0.0001 0.9673446292644632 0.0001 0.0001 0.0055624141197142 0.8918135136216 0.2222777777777777
0 0.0572314284286 0.1230912693996537 0.0001 0.3294843407414643 0.0001 0.9935583910708118 0.3294843407414643 0.9999 0.2222777777777777
0 0.0513717945898 0.1905380951417426 0.0001 0.1263951798692386 0.0001 0.0001 0.0272130163001634 0.8460846152308 0.4444555555555555
1 0.6841736838948 0.2273272722674079 0.9999 0.9927763771036876 0.85338928134167 0.9935583910708118 0.8723189043435616 0.9999 0.6666333333333333
0 0.0625875 0.1905380951417426 0.0001 0.000204156234059 0.0001 0.0001 0.000204156234059 0.89992 0.0001
0 0.0909909091818 0.0163004630706905 0.0001 0.7577189778990431 0.6343014926319703 0.9999 0.7577189778990431 0.0001 0.6666333333333333
0 0.040092 0.0271092485015011 0.0001 0.6360446962076464 0.3903778420099519 0.9935583910708118 0.6360446962076464 0.0001 0.6666333333333333
0 0.2667133336666 0.2772554423798994 0.0001 0.0051193369414811 0.0001 0.0001 0.0004124686021872 0.9999 0.6666333333333333
0 0.0318396827936 0.392878571356307 0.0001 0.5320141442196532 0.0001 0.0001 0.5320141442196532 0.809461905238 0.0001
0 0.03134375 0.0363739231731992 0.0001 0.0001347187113563 0.1813004266474776 0.0001 0.0001347187113563 0.0001 0.0001
0 0.05009 0.0444033072142027 0.0001 0.2980677444783421 0.0001 0.0001 0.2980677444783421 0.0001 0.2222777777777777
1 0.0205040813674 0.3675860118294864 0.5 0.0664706456719982 0.0001 0.0001 0.0177718353792581 0.8124375 0.6666333333333333
0 0.065022077987 0.4480623380565073 0.0001 0.6100618572437645 0.0001 0.0001 0.0220499549005609 0.8332666663334 0.2222777777777777
1 0.0580594197972 0.1809028338878574 0.9999 0.951559178435444 0.7249017053215078 0.0001 0.9514357340395192 0.8655985076716001 0.2222777777777777
0 0.1515848489695999 0.304354613012435 0.0001 0.8776788155630847 0.0001 0.0001 0.7789999083252549 0.8665933336666 0.6666333333333333
0 0.3333666663334 0.1049325086618491 0.0001 0.5899481376325955 0.3903778420099519 0.0001 0.4757443353842912 0.9999 0.4444555555555555
0 0.3333666663334 0.0171034016771313 0.0001 0.0323355174753829 0.6161814503477434 0.0001 0.0323355174753829 0.0001 0.6666333333333333
1 0.3214642852858 0.5238047621456433 0.9999 0.4832266082423446 0.0001 0.0001 0.3325318740158839 0.7142428568572 0.2222777777777777
0 0.0334266663334 0.0556444446692672 0.0001 0.0240856850440922 0.0001 0.0001 0.0240856850440922 0.0001 0.6666333333333333
0 0.021834782174 0.1905380951417426 0.0001 0.8756786858423128 0.0001 0.0001 0.8756786858423128 0.8332666663334 0.4444555555555555
0 0.0351807014562 0.1721435065789099 0.0001 0.0021206302608142 0.0001 0.0001 0.0021206302608142 0.7930448273104 0.4444555555555555
0 0.115461538077 0.1049325086618491 0.0001 0.2126689182168525 0.3903778420099519 0.0001 0.212629570270656 0.9165833336666 0.4444555555555555
0 0.0093574071482 0.0556444446692672 0.0001 0.5380436309581548 0.0001 0.0001 0.5380436309581548 0.0001 0.0001
0 0.1539153847692 0.2411232141953837 0.0001 0.3672274617957847 0.0001 0.0001 0.364326518691531 0.9999 0.2222777777777777
0 0.0105145836665999 0.0725061503460126 0.0001 0.9838024111355772 0.0001 0.9935583910708118 0.9838024111355772 0.0001 0.6666333333333333
0 0.0667533336666 0.1006089944895248 0.0001 0.8713765387353761 0.0001 0.0001 0.8713765387353761 0.8332666663334 0.6666333333333333
0 0.1334066663333999 0.1327265306535388 0.0001 0.2008784362609901 0.0001 0.9935583910708118 0.2008668633238746 0.9090090908182 0.2222777777777777
0 0.1111888887778 0.0303518851424466 0.0001 0.3857391598830372 0.3172007463159851 0.0001 0.3857391598830372 0.0001 0.6666333333333333
0 0.0257358977948 0.1568146827765493 0.0001 0.0001578645855872 0.0001 0.0001 0.0001578645855872 0.5 0.0001
0 0.0031205437704 0.0363739231731992 0.0001 0.2672606548701038 0.1813004266474776 0.9935583910708118 0.2672606548701038 0.0001 0.0001
0 0.125075 0.0981652688678411 0.0001 0.968903114663024 0.7721713821139808 0.9935583910708118 0.7882846896616748 0.9999 0.0001
1 0.1053421053684 0.4378431211765646 0.9999 0.4982945386700356 0.0001 0.0001 0.2509158466470477 0.9229923076154 0.2222777777777777
0 0.1111888887778 0.0363739231731992 0.0001 0.5874136701037411 0.1813004266474776 0.0001 0.5874136701037411 0.0001 0.2222777777777777
0 0.1818818183635999 0.1438441392478743 0.0001 0.5327349712887172 0.0001 0.0001 0.5327349712887172 0.9999 0.6666333333333333
0 0.03134375 0.0219210312923715 0.0001 0.8436564405366817 0.5074611941055762 0.0001 0.8436564405366817 0.0001 0.4444555555555555
0 0.125075 0.0303518851424466 0.0001 0.7886864349930599 0.3172007463159851 0.0001 0.7886864349930599 0.0001 0.6666333333333333
0 0.2727727275454 0.0861043014233814 0.0001 0.1427328239121737 0.5320109296724792 0.0001 0.1427195977411803 0.0001 0.6666333333333333
0 0.20006 0.0660208790875263 0.0001 0.1389672189918168 0.0001 0.0001 0.1389672189918168 0.0001 0.2222777777777777
0 0.0358071431428 0.0477095232795844 0.0001 0.0126866982495836 0.0001 0.0001 0.0126866982495836 0.0001 0.4444555555555555
0 0.0909909091818 0.1568146827765493 0.0001 0.9946908673297814 0.0001 0.9935583910708118 0.9946908673297814 0.9999 0.6666333333333333
0 0.0162258061936 0.1006089944895248 0.0001 0.9753654282097476 0.0001 0.0001 0.9753654282097476 0.74995 0.4444555555555555
0 0.1429285715714 0.2411232141953837 0.0001 0.3536755827305582 0.0001 0.0001 0.3411652657059525 0.9999 0.0001
1 0.0896343285522 0.1261570341601258 0.5 0.6548440637889773 0.7496108550440016 0.0001 0.6547961189066276 0.879924 0.6666333333333333
0 0.05009 0.0604620742845073 0.0001 0.098729309021612 0.0001 0.0001 0.098729309021612 0.0001 0.6666333333333333
0 0.10008 0.0198133183357039 0.0001 0.8276094418887971 0.5550263060529741 0.9935583910708118 0.8276094418887971 0.0001 0.4444555555555555
0 0.0257358977948 0.1905380951417426 0.0001 0.0001462916484718 0.0001 0.0001 0.0001462916484718 0.74995 0.0001
0 0.0667533336666 0.0179535716092325 0.0001 0.7720991467351486 0.5969955221040889 0.9999 0.7720991467351486 0.0001 0.6666333333333333
0 0.1818818183635999 0.0495129151483229 0.0001 0.26984141404743 0.5766468120601562 0.9999 0.26984141404743 0.0001 0.0001
0 0.0091616313112 0.1327265306535388 0.0001 0.2105930686046496 0.1813004266474776 0.0001 0.0931676985694525 0.8481446431428 0.6666333333333333
0 0.0687137255098 0.2166465440771841 0.5 0.9943681484575728 0.5320109296724792 0.9935583910708118 0.9899970598780892 0.8888111112222 0.9999
1 0.1552413795172 0.3384022891428931 0.5 0.5710363474478359 0.3903778420099519 0.9935583910708118 0.413846454575029 0.6110888887778 0.6666333333333333
0 0.0667533336666 0.1568146827765493 0.0001 0.000102314567425 0.0001 0.0001 0.000102314567425 0.7999400000000001 0.4444555555555555
0 0.0278722224443999 0.0321846791057838 0.0001 0.0539371828731516 0.2758397789640208 0.0001 0.0539371828731516 0.0001 0.0001
0 0.0186148152962 0.0414451127211006 0.0001 0.0086639542673559 0.0668580519227549 0.9935583910708118 0.0086639542673559 0.0001 0.0001
0 0.0145898554491999 0.0725061503460126 0.0001 0.7474978929453101 0.3172007463159851 0.0001 0.7474978929453101 0.0001 0.2222777777777777
0 0.0205040813674 0.0271092485015011 0.0001 0.8517320179776535 0.3903778420099519 0.0001 0.8517320179776535 0.0001 0.4444555555555555
0 0.0390532467922 0.0414451127211006 0.0001 0.8957854617512063 0.8679546737274111 0.9935583910708118 0.8785881156937919 0.0001 0.0001
0 0.1765352938824 0.2641164504047757 0.0001 0.8536554358066739 0.0001 0.0001 0.8536554358066739 0.8181181816364 0.4444555555555555
0 0.0264105258421999 0.0134901784539988 0.0001 0.4648102488751622 0.6977216418951675 0.9935583910708118 0.4648102488751622 0.0001 0.0001
0 0.0173379307242 0.0363739231731992 0.0001 0.7970106646486872 0.1813004266474776 0.0001 0.7970106646486872 0.0001 0.2222777777777777
0 0.20006 0.1006089944895248 0.0001 0.7865619791649602 0.0001 0.9935583910708118 0.7865619791649602 0.9999 0.6666333333333333
0 0.0082950816558 0.0514290177442296 0.0001 0.1971056672605021 0.0001 0.0001 0.1971056672605021 0.0001 0.2222777777777777
0 0.0345758624482 0.1006089944895248 0.0001 0.8724114876405052 0.0001 0.0001 0.8723437034516704 0.9472789473158 0.6666333333333333
0 0.3333666663334 0.0400797920301761 0.0001 0.99958174487926 0.6830862222490127 0.9999 0.9978539092975296 0.0001 0.9999
0 0.3333666663334 0.4378431211765646 0.0001 0.2782582270000008 0.0001 0.0001 0.0103453329172225 0.74995 0.6666333333333333
0 0.040092 0.0893678570344604 0.0001 0.3363625076019592 0.0001 0.0001 0.3363625076019592 0.9090090908182 0.6666333333333333
1 0.10008 0.392878571356307 0.5 0.2585693985944479 0.0001 0.0001 0.1417458198893943 0.8420368419474 0.6666333333333333
0 0.0174878257392 0.114660416561281 0.0001 0.005206960336811 0.0001 0.0001 0.0052003473013093 0.877475509796 0.6666333333333333
0 0.09383125 0.0928564860742567 0.0001 0.3428201920138325 0.4812183739394952 0.6764132533646445 0.2581666612627421 0.9229923076154 0.4444555555555555
0 0.1111888887778 0.1006089944895248 0.0001 0.0001115729371154 0.0001 0.0001 0.0001115729371154 0.59998 0.4444555555555555
0 0.125075 0.2262452383602077 0.0001 0.1849965445226521 0.0001 0.0001 0.1849502528741803 0.9999 0.2222777777777777
0 0.0390532467922 0.1327265306535388 0.0001 0.6589944403462887 0.1813004266474776 0.9935583910708118 0.6589944403462887 0.9229923076154 0.4444555555555555
1 0.061312245102 0.6626658733129602 0.9999 0.9921299473589502 0.0001 0.9935583910708118 0.991435572731863 0.8787121214242 0.0001
0 0.0186148152962 0.114660416561281 0.0001 0.008235756593984 0.0001 0.0001 0.008235756593984 0.8063903226774001 0.4444555555555555
0 0.1786357147142 0.0958255320870982 0.0001 0.9263891986929504 0.7827316297181688 0.9935583910708118 0.926374319288079 0.9999 0.6666333333333333
0 0.0667533336666 0.03418409033426 0.0001 0.000127003486606 0.2307187248240624 0.9951114379310516 0.000127003486606 0.0001 0.2222777777777777
0 0.20006 0.0556444446692672 0.0001 0.0028675790050914 0.0001 0.0001 0.0028675790050914 0.0001 0.6666333333333333
0 0.0167633336666 0.0001 0.0001 0.9635134445337684 0.9999 0.9934936808266296 0.9635134445337684 0.0001 0.6666333333333333
0 0.045545454091 0.0363739231731992 0.0001 0.2220198304082393 0.1813004266474776 0.9935583910708118 0.2220198304082393 0.0001 0.4444555555555555
0 0.1429285715714 0.2641164504047757 0.0001 0.4946197535238265 0.0001 0.0001 0.0258312107482642 0.9999 0.4444555555555555
0 0.2222777775556 0.0331621687474359 0.0001 0.7183380144202014 0.7611417911583644 0.9935583910708118 0.7183380144202014 0.0001 0.6666333333333333
0 0.0104072161444 0.0303518851424466 0.0001 0.1681687600305471 0.3172007463159851 0.9999 0.1681687600305471 0.0001 0.9999
0 0.0518137931724 0.325431745614218 0.0001 0.753441960566989 0.0001 0.0001 0.7534370007653651 0.6110888887778 0.6666333333333333
0 0.0834166663334 0.107221428643693 0.0001 0.5104422377316171 0.0001 0.9935583910708118 0.3315713223350912 0.9999 0.2222777777777777
0 0.0682681816364 0.1006089944895248 0.0001 0.0613868311094281 0.4229009946651793 0.0001 0.0613736049384347 0.9999 0.6666333333333333
0 0.0385538456924 0.0387827379808193 0.0001 0.1754758961868787 0.126940298526394 0.0001 0.1754758961868787 0.0001 0.4444555555555555
0 0.9999 0.107221428643693 0.0001 0.9508887211050726 0.0001 0.0001 0.7706174834172669 0.9999 0.4444555555555555
1 0.240052 0.42178435410626 0.9999 0.4093445921361074 0.0001 0.0001 0.0698548956120845 0.74995 0.6666333333333333
0 0.0267613336666 0.325431745614218 0.0001 0.3477386792890004 0.0001 0.0001 0.3477386792890004 0.8918135136216 0.2222777777777777
0 0.0278722224443999 0.03418409033426 0.0001 0.4434003632067725 0.2307187248240624 0.9935583910708118 0.4434003632067725 0.0001 0.0001
0 0.0141816900986 0.03418409033426 0.0001 0.5781939175330294 0.2307187248240624 0.0001 0.5781939175330294 0.0001 0.2222777777777777
0 0.0085016803278 0.0893678570344604 0.0001 0.0001308610989812 0.0001 0.9935583910708118 0.0001308610989812 0.7575242428484 0.2222777777777777
0 0.1579631580526 0.1778918153783323 0.0001 0.3754624147222142 0.0001 0.0001 0.3754359622802374 0.8332666663334 0.6666333333333333
0 0.6666333336666 0.2411232141953837 0.0001 0.0811103783263274 0.0001 0.0001 0.0810640866778556 0.5 0.0001
0 0.045545454091 0.2411232141953837 0.0001 0.9346395822688602 0.0001 0.0001 0.9346395822688602 0.8635636367272 0.2222777777777777
0 0.2222777775556 0.0400797920301761 0.0001 0.1592490214135044 0.6830862222490127 0.9935583910708118 0.1592490214135044 0.0001 0.6666333333333333
0 0.0253050419832 0.3675860118294864 0.0001 0.4573457212340144 0.0001 0.0001 0.4573457212340144 0.7575242428484 0.0001
0 0.1539153847692 0.0604620742845073 0.0001 0.0095881339029242 0.4531010659844927 0.9935583910708118 0.0095815207674326 0.0001 0.6666333333333333
0 0.20006 0.0256680774479604 0.0001 0.0011928134907164 0.4229009946651793 0.0001 0.0011928134907164 0.0001 0.6666333333333333
0 0.021834782174 0.0893678570344604 0.0001 0.0001069437022752 0.0001 0.9934936808266296 0.0001069437022752 0.9410882357058 0.9999
0 0.0001 0.0062637330194361 0.0001 0.7809960701447339 0.8608020262584182 0.9935583910708118 0.7809960701447339 0.0001 0.4444555555555555
0 0.0589117642942 0.024329847111694 0.0001 0.99684012226599 0.4531010659844927 0.0001 0.99684012226599 0.0001 0.4444555555555555
0 0.1500699999999999 0.0702275416348366 0.0001 0.2971789448876772 0.6514420741309764 0.9934936808266296 0.2971650573831367 0.0001 0.4444555555555555
0 0.0150223879254 0.0660208790875263 0.0001 0.0065191080881417 0.0001 0.0001 0.0065191080881417 0.0001 0.2222777777777777
0 0.125075 0.0477095232795844 0.0001 0.5294218121052116 0.0001 0.0001 0.5294218121052116 0.0001 0.0001
0 0.25005 0.0514290177442296 0.0001 0.3637588949281244 0.0001 0.0001 0.3637588949281244 0.0001 0.6666333333333333
0 0.0031205437704 0.0198133183357039 0.0001 0.1175551289449298 0.5550263060529741 0.0001 0.1175551289449298 0.0001 0.6666333333333333
0 0.0001 0.0188552665318994 0.0001 0.6852070842186618 0.5766468120601562 0.9935583910708118 0.6852070842186618 0.0001 0.4444555555555555
0 0.25005 0.0725061503460126 0.0001 0.6578464076041738 0.3172007463159851 0.9935583910708118 0.657776970181461 0.0001 0.0001
0 0.0589117642942 0.0477095232795844 0.0001 0.80938326401159 0.0001 0.0001 0.80938326401159 0.0001 0.9999
0 0.0257358977948 0.1568146827765493 0.0001 0.089667388891408 0.0001 0.0001 0.089667388891408 0.8460846152308 0.4444555555555555
0 0.9999 0.3773139197289183 0.9999 0.0807014688148214 0.0001 0.9935583910708118 0.0806281736797435 0.0001 0.2222777777777777
1 0.6249750000000001 0.5833166664980496 0.9999 0.198710444207545 0.0001 0.0001 0.1985908575239853 0.8570714284286001 0.2222777777777777
0 0.20006 0.1905380951417426 0.0001 0.0555805362439161 0.0001 0.0001 0.0555805362439161 0.9999 0.4444555555555555
0 0.0435695653478 0.0556444446692672 0.0001 0.1768299268296868 0.0001 0.0001 0.1768299268296868 0.0001 0.0001
0 0.0141816900986 0.0230839083134385 0.0001 0.0624162691683042 0.4812183739394952 0.9935583910708118 0.0624162691683042 0.0001 0.2222777777777777
0 0.1072214284286 0.1778918153783323 0.0001 0.9770636702651272 0.0001 0.0001 0.9770537506618796 0.89992 0.6666333333333333
1 0.5555444448888 0.6205116070976919 0.9999 0.3842975057449093 0.0001 0.9935583910708118 0.0203988862050561 0.3333666663334 0.4444555555555555
0 0.0556444448888 0.0198133183357039 0.0001 0.9522612682872814 0.5550263060529741 0.9935583910708118 0.9522612682872814 0.0001 0.2222777777777777
0 0.0435695653478 0.1568146827765493 0.0001 0.0565080224472303 0.0001 0.0001 0.0565080224472303 0.7999400000000001 0.6666333333333333
0 0.3333666663334 0.1905380951417426 0.0001 0.0470551583002917 0.0001 0.0001 0.0470551583002917 0.6666333336666 0.2222777777777777
1 0.9999 0.1568146827765493 0.5 0.5538059360129329 0.5074611941055762 0.9935583910708118 0.5504405333790109 0.9999 0.4444555555555555
0 0.0282633801972 0.0312487835841248 0.0001 0.9057282456694892 0.7827316297181688 0.9935583910708118 0.810618754965633 0.0001 0.6666333333333333
1 0.9999 0.325431745614218 0.9999 0.1184677356433827 0.0001 0.0001 0.003490862975588 0.9999 0.0001
0 0.0257358977948 0.03418409033426 0.0001 0.0006786455559026 0.2307187248240624 0.9935583910708118 0.0006786455559026 0.0001 0.2222777777777777
0 0.0082950816558 0.0444033072142027 0.0001 0.883333009312188 0.0001 0.0001 0.883333009312188 0.0001 0.4444555555555555
0 0.1818818183635999 0.0604620742845073 0.0001 0.9944510877235788 0.4531010659844927 0.93531912931243 0.9944411679203512 0.0001 0.6666333333333333
0 0.0770076923846 0.0171034016771313 0.0001 0.4814173764395587 0.6161814503477434 0.0001 0.4814173764395587 0.0001 0.6666333333333333
0 0.0130844155974 0.0188552665318994 0.0001 0.0001115729371154 0.5766468120601562 0.0001 0.0001115729371154 0.0001 0.0001
0 0.0423450702958 0.1479401003089452 0.0001 0.0184893558805762 0.0668580519227549 0.0001 0.0074140798586068 0.9999 0.2222777777777777
0 0.05009 0.0286657141700911 0.0001 0.2751109462485167 0.3552528358739034 0.0001 0.2751109462485167 0.0001 0.2222777777777777
0 0.5714142852858 0.0893678570344604 0.0001 0.7857502221328205 0.6977216418951675 0.9935583910708118 0.7855650555389333 0.9999 0.0001
0 0.10008 0.114660416561281 0.0001 0.5993089695272198 0.0001 0.0001 0.5992957433562264 0.9999 0.6666333333333333
0 0.20006 0.0725061503460126 0.0001 0.7060360097637238 0.0001 0.9935583910708118 0.7060360097637238 0.0001 0.2222777777777777
0 0.25005 0.0444033072142027 0.0001 0.4103613550686194 0.0001 0.0001 0.4103613550686194 0.0001 0.6666333333333333
0 0.0193269228462 0.0363739231731992 0.0001 0.2323451817849593 0.1813004266474776 0.0001 0.2323451817849593 0.0001 0.0001
0 0.0261817396086 0.5952190475708713 0.0001 0.0007232839704965 0.0001 0.0001 0.0001297589097325 0.877475509796 0.6666333333333333
1 0.2571914284286 0.7469744047317946 0.9999 0.7521524076452598 0.0001 0.0001 0.7520747038531774 0.8888111112222 0.6666333333333333
0 0.025095 0.0128732868569253 0.0001 0.6422097513238175 0.7116431383842602 0.9934936808266296 0.6422097513238175 0.0001 0.6666333333333333
0 0.0435695653478 0.0097232017615027 0.0001 0.8851059792586774 0.7827316297181688 0.93531912931243 0.8851059792586774 0.0001 0.4444555555555555
0 0.3333666663334 0.0363739231731992 0.0001 0.0200100363778909 0.1813004266474776 0.9935583910708118 0.0200100363778909 0.0001 0.4444555555555555
0 0.20006 0.0501385812401474 0.0001 0.3979222940839862 0.8025590312087699 0.9935583910708118 0.0003858508768187 0.0001 0.9999
0 0.0318396827936 0.325431745614218 0.0001 0.1552117286931789 0.0001 0.9999 0.1552001557560634 0.809461905238 0.2222777777777777
0 0.0589117642942 0.0230839083134385 0.0001 0.5805856525040932 0.4812183739394952 0.9934936808266296 0.5805856525040932 0.0001 0.0001
0 0.125075 0.4480623380565073 0.0001 0.2498632628139307 0.0001 0.0001 0.0002835132600193 0.9165833336666 0.6666333333333333
0 0.0385538456924 0.0208331800964801 0.0001 0.8645038827211343 0.9002569568340085 0.9935583910708118 0.8644923098840089 0.0001 0.2222777777777777
0 0.0130844155974 0.0801705627530441 0.0001 0.000119839306485 0.0001 0.0001 0.000119839306485 0.0001 0.6666333333333333
0 0.05009 0.0414451127211006 0.0001 0.0001082663693696 0.0668580519227549 0.9676742744004648 0.0001082663693696 0.0001 0.6666333333333333
0 0.040092 0.0092747515289612 0.0001 0.9963586891418812 0.7928518657899629 0.9935583910708118 0.9963586891418812 0.0001 0.4444555555555555
0 0.0069013604558 0.0414451127211006 0.0001 0.1372081365498677 0.0668580519227549 0.0001 0.1372081365498677 0.0001 0.2222777777777777
0 0.0261817396086 0.1327265306535388 0.5 0.6177532140924111 0.1813004266474776 0.9935583910708118 0.6177532140924111 0.9267439021464 0.4444555555555555
0 0.9999 0.0893678570344604 0.0001 0.8789329884399104 0.8118779105689221 0.9935583910708118 0.6259722956136484 0.9999 0.4444555555555555
0 0.5 0.0239047621456434 0.0001 0.8918931058671787 0.9999 0.9935583910708118 0.8467818980810293 0.0001 0.2222777777777777
0 0.20006 0.0604620742845073 0.0001 0.7038681256994277 0.0001 0.0001 0.7038681256994277 0.0001 0.2222777777777777
0 0.0909909091818 0.0414451127211006 0.0001 0.2411686999705289 0.0668580519227549 0.0001 0.2411686999705289 0.0001 0.6666333333333333
0 0.9999 0.0660208790875263 0.0001 0.9954837770557567 0.9172529277086646 0.9935583910708118 0.9954212833353192 0.0001 0.4444555555555555
0 0.0223177775556 0.0387827379808193 0.0001 0.7293669987936989 0.126940298526394 0.0001 0.7293669987936989 0.0001 0.0001
0 0.0690517238966 0.0286657141700911 0.0001 0.5576481425361236 0.8118779105689221 0.0001 0.1734814978901954 0.0001 0.2222777777777777
0 0.10008 0.325431745614218 0.0001 0.011309191165761 0.0001 0.0001 0.0112265274720649 0.9332466663334 0.6666333333333333
0 0.0385538456924 0.1905380951417426 0.0001 0.0001138875045405 0.0001 0.0001 0.0001138875045405 0.7999400000000001 0.4444555555555555
0 0.032880327623 0.1568146827765493 0.0001 0.761513239539884 0.0001 0.0001 0.761513239539884 0.8332666663334 0.6666333333333333
0 0.0031205437704 0.0801705627530441 0.0001 0.0042927004044801 0.0001 0.0001 0.0042927004044801 0.0001 0.6666333333333333
0 0.3333666663334 0.1568146827765493 0.0001 0.0009563954467335 0.0001 0.6764132533646445 0.0009563954467335 0.9999 0.0001
0 0.0107361703404 0.0101911485106298 0.0001 0.0918979848542184 0.7721713821139808 0.9935583910708118 0.0918979848542184 0.0001 0.6666333333333333
0 0.3333666663334 0.0640752975076399 0.0001 0.2143261590921575 0.6977216418951675 0.9935583910708118 0.2141178467240293 0.0001 0.0001
0 0.3333666663334 0.0141387059845284 0.0001 0.8201845927606296 0.6830862222490127 0.9935583910708118 0.8201845927606296 0.0001 0.6666333333333333
0 0.0667533336666 0.0088446060276005 0.0001 0.9755988703527584 0.8025590312087699 0.9935583910708118 0.9755988703527584 0.0001 0.6666333333333333
0 0.1111888887778 0.0514290177442296 0.0001 0.6984403224019109 0.0001 0.9935583910708118 0.6984403224019109 0.0001 0.2222777777777777
0 0.05009 0.0444033072142027 0.0001 0.621981955775352 0.0001 0.0001 0.621981955775352 0.0001 0.2222777777777777
0 0.3333666663334 0.0477095232795844 0.0001 0.9802445676387092 0.0001 0.0001 0.9802445676387092 0.0001 0.0001
0 0.20006 0.0179535716092325 0.0001 0.292474721782582 0.5969955221040889 0.6764132533646445 0.292474721782582 0.0001 0.6666333333333333
0 0.40002 0.0660208790875263 0.0001 0.0107057465017495 0.3903778420099519 0.0001 0.0107057465017495 0.0001 0.6666333333333333
0 0.0130844155974 0.0556444446692672 0.0001 0.3921207937367061 0.0001 0.0001 0.3921207937367061 0.0001 0.0001
0 0.0223177775556 0.0604620742845073 0.0001 0.9635398968757554 0.0001 0.0001 0.9635398969757452 0.0001 0.6666333333333333
1 0.0371296295926 0.2262452383602077 0.9999 0.0765159325904622 0.0001 0.0001 0.001010953464575 0.8213642852858 0.6666333333333333
0 0.0246852459672 0.2641164504047757 0.0001 0.0265556749518576 0.0001 0.0001 0.0002388749454154 0.9766488371628 0.0001
0 0.045545454091 0.0444033072142027 0.0001 0.1880602798690373 0.0001 0.0001 0.1880602798690373 0.0001 0.4444555555555555
0 0.0527210526842 0.0069328486934205 0.0001 0.949498649083814 0.8457019905987614 0.9999 0.949498649083814 0.0001 0.6666333333333333
0 0.0625875 0.1568146827765493 0.0001 0.0083878577103929 0.0001 0.0001 0.0083812445749012 0.9229923076154 0.6666333333333333
0 0.0170457631694 0.0171034016771313 0.0001 0.707085287129085 0.6161814503477434 0.9935583910708118 0.707085287129085 0.0001 0.2222777777777777
0 0.029505882647 0.03418409033426 0.0001 0.7818347204745519 0.2307187248240624 0.9935583910708118 0.7818347204745519 0.0001 0.2222777777777777
0 0.040092 0.1905380951417426 0.0001 0.0004124686021872 0.0001 0.0001 0.0004124686021872 0.9999 0.2222777777777777
0 0.0770076923846 0.0725061503460126 0.0001 0.0001066131354916 0.0001 0.0001 0.0001066131354916 0.0001 0.6666333333333333
0 0.1667333336665999 0.0128732868569253 0.0001 0.2062499203176386 0.7116431383842602 0.9934936808266296 0.2062499203176386 0.0001 0.6666333333333333
0 0.25005 0.0148213653182882 0.0001 0.9597886204156304 0.6676805179591463 0.9935583910708118 0.9597886204156304 0.0001 0.6666333333333333
0 0.0286657147142 0.114660416561281 0.0001 0.04981722645913 0.0001 0.0001 0.04981722645913 0.7599480000000001 0.0001
0 0.1667333336665999 0.114660416561281 0.0001 0.2342107351283824 0.0001 0.0001 0.2342107351283824 0.9999 0.4444555555555555
0 0.260917391087 0.204990986010868 0.0001 0.1511049985501406 0.4531010659844927 0.9935583910708118 0.0001132261709933 0.8665933336666 0.6666333333333333
1 0.0811648647838 0.2917083332490248 0.5 0.1022392076361304 0.0001 0.0001 0.0269425408783714 0.7777222224444 0.6666333333333333
0 0.1305086960433999 0.0541782086892355 0.0001 0.9825789890688148 0.7721713821139808 0.9999 0.9794295040388236 0.0001 0.6666333333333333
0 0.0667533336666 0.0001 0.0001 0.6250570436809969 0.9999 0.9935583910708118 0.6250570436809969 0.0001 0.6666333333333333
0 0.0556444448888 0.0477095232795844 0.0001 0.7836393231424876 0.0001 0.0001 0.7836393231424876 0.0001 0.4444555555555555
0 0.3333666663334 0.0230839083134385 0.0001 0.8983739361532829 0.4812183739394952 0.5530754389652344 0.8983739361532829 0.0001 0.2222777777777777
1 0.6666333336666 0.1616323123917895 0.9999 0.4531138933611835 0.6161814503477434 0.9935583910708118 0.4530598863879714 0.74995 0.2222777777777777
0 0.10008 0.0271092485015011 0.0001 0.1429097241366913 0.3903778420099519 0.9999 0.1429097241366913 0.0001 0.0001
0 0.0073449277246 0.1905380951417426 0.0001 0.7279699830701648 0.0001 0.0001 0.7279699830701648 0.8655985076716001 0.6666333333333333
0 0.20006 0.0179535716092325 0.0001 0.0050118741396762 0.5969955221040889 0.9999 0.0050118741396762 0.0001 0.6666333333333333
0 0.040092 0.0387827379808193 0.0001 0.8603762110823625 0.126940298526394 0.6764779636088267 0.8603762110823625 0.0001 0.2222777777777777
0 0.029505882647 0.0134901784539988 0.0001 0.6554971066692065 0.6977216418951675 0.9935583910708118 0.6554971066692065 0.0001 0.0001
0 0.0556444448888 0.0092747515289612 0.0001 0.0001231457742409 0.7928518657899629 0.93531912931243 0.0001231457742409 0.0001 0.2222777777777777
0 0.10008 0.0556444446692672 0.0001 0.4850512705946211 0.0001 0.0001 0.4850512705946211 0.0001 0.6666333333333333
0 0.1111888887778 0.1438441392478743 0.0001 0.1439373986727716 0.0001 0.0001 0.1439373986727716 0.9165833336666 0.4444555555555555
0 0.0085016803278 0.0414451127211006 0.0001 0.9266686018176592 0.0668580519227549 0.0001 0.9266686019176492 0.0001 0.6666333333333333
0 0.0870391306956 0.0477095232795844 0.0001 0.5695004568788763 0.5969955221040889 0.9999 0.5694905371756389 0.0001 0.6666333333333333
0 0.03134375 0.0660208790875263 0.0001 0.0153646698587037 0.0001 0.0001 0.0153646698587037 0.0001 0.4444555555555555
0 0.1035275863448 0.0801705627530441 0.5 0.0967453813728057 0.5766468120601562 0.9999 0.0771524427319522 0.0001 0.0001
0 0.74995 0.1261570341601258 0.0001 0.8943504207485701 0.2307187248240624 0.9935583910708118 0.8937486293184365 0.9999 0.2222777777777777
0 0.0150223879254 0.0069328486934205 0.0001 0.5964306211525776 0.8457019905987614 0.9999 0.5964306211525776 0.0001 0.6666333333333333
0 0.0308630771538 0.0331621687474359 0.0001 0.8607278071529005 0.7611417911583644 0.9612032459827768 0.2440966464613988 0.0001 0.6666333333333333
0 0.0134306663334 0.0321846791057838 0.0001 0.965813147352508 0.2758397789640208 0.0001 0.965813147352508 0.0001 0.6666333333333333
0 0.7058411765294 0.3452690470650201 0.9999 0.5784735962300479 0.5969955221040889 0.9935583910708118 0.5725980292252151 0.59998 0.9999
0 0.125075 0.0541782086892355 0.0001 0.7269697528763921 0.7721713821139808 0.9935583910708118 0.7269234612279202 0.0001 0.6666333333333333
0 0.0715142852858 0.0363739231731992 0.0001 0.0485118021322088 0.1813004266474776 0.9935583910708118 0.0485118021322088 0.0001 0.4444555555555555
0 0.10008 0.0893678570344604 0.0001 0.000178695792403 0.0001 0.0001 0.000178695792403 0.5714142852858 0.4444555555555555
0 0.25005 0.0141387059845284 0.0001 0.9921993848816528 0.6830862222490127 0.9935583910708118 0.9921993848816528 0.0001 0.0001
0 0.0770076923846 0.0088446060276005 0.0001 0.877214796889118 0.8025590312087699 0.9935583910708118 0.877214796889118 0.0001 0.2222777777777777
1 0.2881779658814 0.2953215564721573 0.9999 0.7077881486033876 0.8608020262584182 0.9935583910708118 0.7077812048011224 0.7999400000000001 0.4444555555555555
0 0.0625875 0.1568146827765493 0.0001 0.3583708781327367 0.0001 0.0001 0.3583708781327367 0.8888111112222 0.6666333333333333
0 0.5 0.1006089944895248 0.0001 0.0037200066505219 0.0001 0.0001 0.0037200066505219 0.9999 0.4444555555555555
0 0.0556444448888 0.114660416561281 0.0001 0.7716081245745757 0.0001 0.0001 0.7716081245745757 0.5714142852858 0.0001
0 0.0589117642942 0.0141387059845284 0.0001 0.0012283588190117 0.6830862222490127 0.9999 0.0012283588190117 0.0001 0.9999
0 0.0308630771538 0.1230912693996537 0.0001 0.6342646722699636 0.0001 0.0001 0.2988508447899978 0.9165833336666 0.2222777777777777
0 0.6666333336666 0.1568146827765493 0.0001 0.1676063165466101 0.0001 0.0001 0.1674674417011846 0.9999 0.0001
0 0.0278722224443999 0.1006089944895248 0.0001 0.0074001923540663 0.0001 0.0001 0.0074001923540663 0.9999 0.4444555555555555
0 0.0278722224443999 0.0059467838623865 0.0001 0.2028491377388031 0.8679546737274111 0.9934936808266296 0.2028491377388031 0.0001 0.6666333333333333
0 0.0247864197284 0.046009183415382 0.0001 0.8007255691635778 0.6161814503477434 0.9935583910708118 0.8007173027942082 0.0001 0.6666333333333333
0 0.0105145836665999 0.0303518851424466 0.0001 0.4193171350641129 0.3172007463159851 0.0001 0.4193171350641129 0.0001 0.0001
1 0.2222777775556 0.2641164504047757 0.9999 0.8786344073422636 0.2307187248240624 0.9935583910708118 0.8782177825060172 0.8570714284286001 0.0001
0 0.0358071431428 0.0604620742845073 0.0001 0.1250295762893151 0.0001 0.0001 0.1250295762893151 0.0001 0.0001
0 0.3333666663334 0.0893678570344604 0.0001 0.0828771760930167 0.0001 0.9935583910708118 0.0828771760930167 0.6666333336666 0.2222777777777777
0 0.010098 0.0477095232795844 0.0001 0.3707842031034042 0.0001 0.0001 0.3707842031034042 0.0001 0.2222777777777777
0 0.029505882647 0.0725061503460126 0.0001 0.5071489178545965 0.0001 0.0001 0.5071489178545965 0.0001 0.6666333333333333
0 0.0371296295926 0.0363739231731992 0.0001 0.2710334238705917 0.1813004266474776 0.0001 0.2710334238705917 0.0001 0.0001
0 0.0667533336666 0.0725061503460126 0.0001 0.0455468222625675 0.0001 0.9999 0.0455468222625675 0.0001 0.0001
0 0.0488707319024 0.069133809413004 0.0001 0.0021698978102583 0.3552528358739034 0.9935583910708118 0.0001049598016237 0.0001 0.6666333333333333
0 0.0186148152962 0.0042563870091852 0.0001 0.6966123535818785 0.9061021319689854 0.9935583910708118 0.6966123535818785 0.0001 0.6666333333333333
1 0.1892513511622 0.6963892856781535 0.9999 0.0051457892834679 0.0001 0.0001 0.0001694374227127 0.9332466663334 0.2222777777777777
0 0.0286657147142 0.0893678570344604 0.0001 0.479385173241629 0.0001 0.0001 0.479385173241629 0.7691769228462 0.4444555555555555
0 0.0834166663334 0.1905380951417426 0.0001 0.0053043381519866 0.0001 0.0001 0.0053043381519866 0.9999 0.9999
0 0.0118623530587999 0.0414451127211006 0.0001 0.6193687924540946 0.0668580519227549 0.0001 0.6193687924540946 0.0001 0.4444555555555555
0 0.20006 0.0444033072142027 0.0001 0.1704185339662954 0.0001 0.0001 0.1704185339662954 0.0001 0.0001
0 0.0205040813674 0.0801705627530441 0.0001 0.6241615207659125 0.2307187248240624 0.9951114379310516 0.6241152291174406 0.0001 0.2222777777777777
0 0.0589117642942 0.0444033072142027 0.0001 0.3008617759254103 0.0001 0.0001 0.3008617759254103 0.0001 0.6666333333333333
0 0.0667533336666 0.0893678570344604 0.0001 0.11750718406258 0.0001 0.0001 0.11750718406258 0.9999 0.0001
0 0.0257358977948 0.0387827379808193 0.0001 0.0001104156534028 0.126940298526394 0.0001 0.0001104156534028 0.0001 0.9999
0 0.125075 0.0444033072142027 0.0001 0.0467411466531544 0.0001 0.0001 0.0467411466531544 0.0001 0.4444555555555555
0 0.1667333336665999 0.0725061503460126 0.0001 0.4101050977181515 0.0001 0.9935583910708118 0.4101050977181515 0.0001 0.0001
0 0.0417583336666 0.0171034016771313 0.0001 0.5546623314596665 0.6161814503477434 0.0001 0.5546623314596665 0.0001 0.6666333333333333
0 0.5 0.0946926065150229 0.0001 0.940934694816458 0.968091752245745 0.9935583910708118 0.9409098957083492 0.9999 0.6666333333333333
0 0.0423450702958 0.0414451127211006 0.0001 0.97026706490908 0.8679546737274111 0.9934936808266296 0.9702554919719644 0.0001 0.6666333333333333
0 0.0286657147142 0.0198133183357039 0.0001 0.0522376181506778 0.5550263060529741 0.0001 0.0522376181506778 0.0001 0.6666333333333333
0 0.1429285715714 0.0660208790875263 0.0001 0.0443316665651749 0.3903778420099519 0.0001 0.0442671889440859 0.0001 0.6666333333333333
0 0.0205040813674 0.3675860118294864 0.0001 0.1346466655344072 0.0001 0.93531912931243 0.1022309412667608 0.8124375 0.2222777777777777
0 0.0105145836665999 0.0230839083134385 0.0001 0.9927664575004402 0.4812183739394952 0.9934936808266296 0.9927664575004402 0.0001 0.0001
0 0.0518137931724 0.1905380951417426 0.0001 0.6535065658849085 0.0001 0.9935583910708118 0.1753948858270505 0.6110888887778 0.0001
0 0.0031205437704 0.0387827379808193 0.0001 0.6339582656586489 0.126940298526394 0.9935583910708118 0.6339582656586489 0.0001 0.6666333333333333
0 0.0834166663334 0.0801705627530441 0.0001 0.1242426183652842 0.0001 0.0001 0.1242426183652842 0.0001 0.6666333333333333
0 0.0257358977948 0.0072863435755817 0.0001 0.2980710510460879 0.8377246122879141 0.9935583910708118 0.2980710510460879 0.0001 0.6666333333333333
0 0.025095 0.0171034016771313 0.0001 0.6291736935272726 0.6161814503477434 0.0001 0.6291736935272726 0.0001 0.6666333333333333
0 0.0085016803278 0.0122857710501887 0.0001 0.558678131639629 0.7249017053215078 0.0001 0.558678131639629 0.0001 0.2222777777777777
1 0.5555444448888 0.3773139197289183 0.5 0.6235790175976347 0.0001 0.9935583910708118 0.6234980071378164 0.9999 0.0001
0 0.9999 0.0861043014233814 0.0001 0.783724962637166 0.5320109296724792 0.9934936808266296 0.394030324061186 0.0001 0.0001
0 0.1305086960433999 0.114660416561281 0.0001 0.8333958974478243 0.3172007463159851 0.0001 0.3663247747005793 0.8332666663334 0.0001
1 0.384638461923 0.2857571427126139 0.9999 0.4628527736683326 0.0001 0.9935583910708118 0.4628345876957155 0.9999 0.6666333333333333
0 0.1111888887778 0.0604620742845073 0.0001 0.1093868580180865 0.0001 0.0001 0.1093868580180865 0.0001 0.2222777777777777
1 0.2222777775556 0.1809028338878574 0.5 0.943326980932141 0.1813004266474776 0.9935583910708118 0.9429103560958948 0.874925 0.0001
1 0.2083916663334 0.1827557688221971 0.5 0.0086408084931149 0.3903778420099519 0.0001 0.0086209691866299 0.9999 0.6666333333333333
1 0.3571714284286 0.2692260583388959 0.5 0.0177536494066409 0.0001 0.0001 0.0003397246117286 0.7142428568572 0.6666333333333333
0 0.25005 0.0101911485106298 0.0001 0.0001099196032475 0.7721713821139808 0.9999 0.0001099196032475 0.0001 0.6666333333333333
0 0.0589117642942 0.0556444446692672 0.0001 0.9682037801343232 0.0001 0.0001 0.9682037801343232 0.0001 0.6666333333333333
0 0.4736894741578 0.3675860118294864 0.5 0.9310712679241352 0.3172007463159851 0.9935583910708118 0.883946373579447 0.9999 0.2222777777777777
0 0.5 0.114660416561281 0.0001 0.0011118031308882 0.3172007463159851 0.0001 0.0010688179501723 0.5 0.6666333333333333
0 0.0167633336666 0.0080349203779803 0.0001 0.9057381653727268 0.8208313440029749 0.9935583910708118 0.9057381653727268 0.0001 0.2222777777777777
0 0.021834782174 0.0444033072142027 0.0001 0.8518960226979513 0.6343014926319703 0.9870873626531236 0.8168168755592825 0.0001 0.6666333333333333
1 0.240052 0.4940488094635891 0.9999 0.7909040252627226 0.0001 0.9935583910708118 0.7908615912266259 0.9999 0.2222777777777777
0 0.1667333336665999 0.1327265306535388 0.0001 0.9854110457949854 0.0001 0.0001 0.9854110457949854 0.9999 0.6666333333333333
0 0.0209291663333999 0.024329847111694 0.0001 0.0001192881618657 0.4531010659844927 0.0001 0.0001192881618657 0.0001 0.2222777777777777
0 0.0001 0.0363739231731992 0.0001 0.0563112829162276 0.1813004266474776 0.0001 0.0563112829162276 0.0001 0.6666333333333333
0 0.40002 0.0400797920301761 0.0001 0.4257840778456765 0.6830862222490127 0.9999 0.425757460120308 0.0001 0.9999
0 0.25005 0.1568146827765493 0.0001 0.0336449097035971 0.0001 0.0001 0.0336449097035971 0.9999 0.6666333333333333
1 0.1167433336666 0.1006089944895248 0.5 0.1021367047359392 0.9061021319689854 0.9870873626531236 0.09445063835569 0.8420368419474 0.6666333333333333
1 0.1380034477932 0.4378431211765646 0.9999 0.7680668138164468 0.0001 0.0001 0.0164095383670804 0.9999 0.6666333333333333
0 0.10008 0.0208331800964801 0.0001 0.127871552618733 0.5320109296724792 0.0001 0.127871552618733 0.0001 0.6666333333333333
0 0.0205040813674 0.0414451127211006 0.0001 0.0006902184930181 0.0668580519227549 0.9935583910708118 0.0006902184930181 0.0001 0.6666333333333333
0 0.0518137931724 0.114660416561281 0.0001 0.9377789272177584 0.3172007463159851 0.9999 0.88293837296647 0.9999 0.9999
0 0.2273272724546 0.1688587588380546 0.0001 0.069294436028799 0.4531010659844927 0.9934936808266296 0.0066386948716914 0.9284857147142 0.0001
0 0.0572314284286 0.0375489547866724 0.0001 0.9974898585784734 0.7116431383842602 0.9934936808266296 0.9974898585784734 0.0001 0.6666333333333333
0 0.0909909091818 0.0725061503460126 0.0001 0.0001165327387392 0.0001 0.9935583910708118 0.0001165327387392 0.0001 0.6666333333333333
0 0.1667333336665999 0.0660208790875263 0.0001 0.9379058986592748 0.0001 0.9935583910708118 0.9379058986592748 0.0001 0.6666333333333333
0 0.1579631580526 0.3675860118294864 0.0001 0.5232094733402479 0.0001 0.0001 0.0004055248999119 0.7272272724546001 0.4444555555555555
0 0.0286657147142 0.1006089944895248 0.0001 0.1006289197428444 0.0001 0.6764779636088267 0.1006289197428444 0.9999 0.6666333333333333
0 0.03134375 0.0208331800964801 0.0001 0.94983591679411 0.5320109296724792 0.9935583910708118 0.94983591679411 0.0001 0.6666333333333333
0 0.1334066663333999 0.325431745614218 0.0001 0.002662573204709 0.0001 0.0001 0.0001049598016237 0.874925 0.6666333333333333
0 0.0162258061936 0.0059467838623865 0.0001 0.0002735936567718 0.8679546737274111 0.9935583910708118 0.0002735936567718 0.0001 0.0001
0 0.0909909091818 0.0208331800964801 0.0001 0.0225464879073868 0.5320109296724792 0.9935583910708118 0.0225464879073868 0.0001 0.6666333333333333
0 0.1111888887778 0.0208331800964801 0.0001 0.7141833392948234 0.5320109296724792 0.0001 0.7141833392948234 0.0001 0.6666333333333333
0 0.0105145836665999 0.0303518851424466 0.0001 0.9141516717575516 0.3172007463159851 0.9934936808266296 0.9141516717575516 0.0001 0.0001
0 0.0001 0.0604620742845073 0.0001 0.8148147619378591 0.0001 0.0001 0.8148147619378591 0.0001 0.6666333333333333
0 0.0715142852858 0.0097232017615027 0.0001 0.8684317288389933 0.7827316297181688 0.93531912931243 0.8684317288389933 0.0001 0.4444555555555555
0 0.0518137931724 0.1778918153783323 0.0001 0.5249546683776463 0.0001 0.0001 0.4252038891448338 0.9999 0.2222777777777777
0 0.0625875 0.0579701966879964 0.0001 0.7498317634307765 0.4812183739394952 0.9935583910708118 0.7498317634307765 0.0001 0.2222777777777777
0 0.0193269228462 0.0117255813247649 0.0001 0.1839380088875906 0.7375435962901706 0.9935583910708118 0.1839380088875906 0.0001 0.4444555555555555
0 0.25005 0.2411232141953837 0.0001 0.9735554248844868 0.0001 0.9935583910708118 0.0154919718670037 0.9999 0.0001
0 0.045545454091 0.0171034016771313 0.0001 0.9898616567838112 0.6161814503477434 0.9935583910708118 0.9898616567838112 0.0001 0.0001
0 0.0741592591852 0.0249867960528436 0.0001 0.3988529214716645 0.85338928134167 0.9935583910708118 0.3988529214716645 0.0001 0.6666333333333333
0 0.0124432098642 0.0556444446692672 0.0001 0.6212528624369084 0.0001 0.0001 0.6212528624369084 0.0001 0.0001
0 0.080084 0.0660208790875263 0.0001 0.3838230164230656 0.3903778420099519 0.0001 0.3836378498291784 0.0001 0.0001
0 0.0228227275454 0.0363739231731992 0.0001 0.5580300485610236 0.1813004266474776 0.0001 0.5580300485610236 0.0001 0.0001
1 0.2381476189523999 0.4940488094635891 0.9999 0.7111644627408878 0.0001 0.0001 0.7110999851197989 0.9999 0.6666333333333333
0 0.20006 0.1006089944895248 0.0001 0.1902065589042736 0.0001 0.0001 0.1766282274970603 0.8570714284286001 0.6666333333333333
1 0.0242643501632 0.3400940993443207 0.9999 0.126874628992706 0.2758397789640208 0.0001 0.1268580962539668 0.8481446431428 0.6666333333333333
0 0.0556444448888 0.0477095232795844 0.0001 0.0615675889463209 0.5969955221040889 0.9935583910708118 0.060880929543984 0.0001 0.2222777777777777
0 0.20006 0.0101911485106298 0.0001 0.0043356854852061 0.7721713821139808 0.9935583910708118 0.0043356854852061 0.0001 0.0001
0 0.0186148152962 0.1230912693996537 0.0001 0.5871342669790324 0.0001 0.0001 0.4401136564652436 0.8213642852858 0.6666333333333333
0 0.1667333336665999 0.1905380951417426 0.0001 0.0049143310411088 0.0001 0.0001 0.0049143310411088 0.6666333336666 0.2222777777777777
0 0.0073449277246 0.0363739231731992 0.0001 0.551641801571863 0.1813004266474776 0.9935583910708118 0.551641801571863 0.0001 0.0001
0 0.0271216215946 0.0893678570344604 0.0001 0.0001034718511376 0.0001 0.9934936808266296 0.0001034718511376 0.7777222224444 0.9999
0 0.0477095241904 0.0088446060276005 0.0001 0.9947531405723732 0.8025590312087699 0.9935583910708118 0.9947531405723732 0.0001 0.2222777777777777
1 0.3636636367272 0.2772554423798994 0.9999 0.9357390087950784 0.0001 0.0001 0.5772449387893521 0.8332666663334 0.2222777777777777
0 0.1177235295882 0.0631385359687426 0.0001 0.9421052120992568 0.4229009946651793 0.9988646350932188 0.9421052120992568 0.0001 0.6666333333333333
0 0.0233511628372 0.0088446060276005 0.0001 0.94986451842013 0.8025590312087699 0.9935583910708118 0.94986451842013 0.0001 0.9999
0 0.20006 0.1568146827765493 0.0001 0.6150150633302786 0.0001 0.0001 0.6150150633302786 0.9999 0.0001
0 0.040092 0.0271092485015011 0.0001 0.2516256518236255 0.3903778420099519 0.0001 0.2516256518236255 0.0001 0.6666333333333333
0 0.1111888887778 0.0604620742845073 0.0001 0.5540412518676672 0.0001 0.9935583910708118 0.5540412518676672 0.0001 0.2222777777777777
0 0.0527210526842 0.1096019046559168 0.0001 0.0005281976733718 0.3552528358739034 0.0001 0.0004124686021872 0.8665933336666 0.2222777777777777
0 0.1035275863448 0.1667333329960992 0.0001 0.2303893598120076 0.5969955221040889 0.6764132533646445 0.2303199223892948 0.74995 0.6666333333333333
0 0.040092 0.1006089944895248 0.0001 0.1190463811992854 0.0001 0.0001 0.1190463811992854 0.9443555551112 0.0001
0 0.59998 0.204990986010868 0.0001 0.4298137654301896 0.0001 0.0001 0.0015929055882235 0.6666333336666 0.6666333333333333
0 0.0173379307242 0.0321846791057838 0.0001 0.5920494476864543 0.2758397789640208 0.0001 0.5920494476864543 0.0001 0.6666333333333333
0 0.0371296295926 0.0514290177442296 0.0001 0.8786525933148808 0.0001 0.0001 0.8786525933148808 0.0001 0.6666333333333333
0 0.015481538077 0.114660416561281 0.0001 0.3922203207359251 0.0001 0.0001 0.3922203207359251 0.9229923076154 0.4444555555555555
0 0.0061410875408 0.0845502264075178 0.0001 0.048694654058681 0.1813004266474776 0.9935583910708118 0.0486648951489484 0.0001 0.6666333333333333
1 0.122026829756 0.1755499115310893 0.9999 0.0351179759853356 0.4229009946651793 0.9934936808266296 0.0240608860359733 0.9443555551112 0.6666333333333333
0 0.0173379307242 0.0414451127211006 0.0001 0.8684409871086939 0.0668580519227549 0.0001 0.8684409871086939 0.0001 0.4444555555555555
0 0.0166256202147999 0.2130203700518715 0.0001 0.2827667025744141 0.0001 0.0001 0.0426800468250408 0.8181181816364 0.6666333333333333
0 0.5 0.0660208790875263 0.0001 0.5755051445092689 0.0001 0.0001 0.5755051445092689 0.0001 0.6666333333333333
0 0.0001 0.0084316665486347 0.0001 0.0025974342500729 0.8118779105689221 0.9935583910708118 0.0025974342500729 0.0001 0.4444555555555555
0 0.022567415618 0.0193269231936579 0.0001 0.5198857333199374 0.9172529277086646 0.9935583910708118 0.4105865308422604 0.0001 0.4444555555555555
0 0.9999 0.325431745614218 0.0001 0.0140205589191331 0.0001 0.0001 0.0140089859820176 0.9999 0.6666333333333333
0 0.0625875 0.0106798938373071 0.0001 0.7461609461858605 0.7611417911583644 0.9935583910708118 0.7461609461858605 0.0001 0.6666333333333333
0 0.1429285715714 0.0179535716092325 0.0001 0.7459526338177324 0.5969955221040889 0.6764132533646445 0.7459526338177324 0.0001 0.6666333333333333
0 0.6666333336666 0.1438441392478743 0.0001 0.9840636282876688 0.0001 0.9999 0.9840173366391972 0.9999 0.0001
1 0.0492704919344 0.392878571356307 0.9999 0.0006902184930181 0.0001 0.0001 0.0005397706104872 0.89992 0.0001
0 0.0834166663334 0.0321846791057838 0.0001 0.0025236982592936 0.2758397789640208 0.0001 0.0025236982592936 0.0001 0.6666333333333333
0 0.0667533336666 0.0725061503460126 0.0001 0.9915975934515194 0.0001 0.9935583910708118 0.9915975934515194 0.0001 0.2222777777777777
0 0.0164901643114 0.0660208790875263 0.0001 0.8297504304556362 0.3903778420099519 0.0001 0.8297342283836706 0.0001 0.4444555555555555
1 0.7142428568572 0.1905380951417426 0.9999 0.9957499540094722 0.3552528358739034 0.9935583910708118 0.995666629082219 0.9999 0.4444555555555555
0 0.2857571431428 0.0761717392843895 0.0001 0.2570467340964917 0.2758397789640208 0.0001 0.2570335079254984 0.0001 0.6666333333333333
0 0.0589117642942 0.0946926065150229 0.0001 0.3606401607081964 0.0668580519227549 0.0001 0.1266775588949197 0.9229923076154 0.4444555555555555
0 0.3333666663334 0.0069328486934205 0.0001 0.1407389766601198 0.8457019905987614 0.9999 0.1407389766601198 0.0001 0.6666333333333333
1 0.2593074071482 0.8734372023658974 0.9999 0.0006092081331899 0.0001 0.0001 0.0004819060249 0.6666333336666 0.0001
0 0.3600279999999999 0.1999492805054582 0.5 0.9957445533521472 0.7375435962901706 0.9934936808266296 0.9953819353891228 0.9999 0.2222777777777777
0 0.0589117642942 0.0084316665486347 0.0001 0.0021761802789764 0.8118779105689221 0.9935583910708118 0.0021761802789764 0.0001 0.4444555555555555
1 0.529405882647 0.2483496596299463 0.9999 0.9421366243428572 0.6161814503477434 0.9988646350932188 0.94211843827025 0.9999 0.6666333333333333
0 0.0435695653478 0.0363739231731992 0.0001 0.0856315290271047 0.1813004266474776 0.0001 0.0856315290271047 0.0001 0.2222777777777777
0 0.0909909091818 0.0363739231731992 0.0001 0.9759625904050412 0.1813004266474776 0.9935583910708118 0.9759625904050412 0.0001 0.4444555555555555
0 0.0197039214314 0.1006089944895248 0.0001 0.3436005369023616 0.0001 0.0001 0.3435955771007378 0.8888111112222 0.6666333333333333
0 0.5 0.0660208790875263 0.0001 0.6904324189608461 0.0001 0.0001 0.6904324189608461 0.0001 0.6666333333333333
0 0.1429285715714 0.0477095232795844 0.0001 0.6232241149593507 0.0001 0.0001 0.6232241149593507 0.0001 0.2222777777777777
0 0.1429285715714 0.1230912693996537 0.0001 0.8589009404221268 0.0001 0.9935583910708118 0.0257571440907113 0.9999 0.6666333333333333
0 0.25005 0.03418409033426 0.0001 0.6872482151195083 0.7496108550440016 0.0001 0.6872382955162608 0.0001 0.6666333333333333
0 0.25005 0.0477095232795844 0.0001 0.0116051270292091 0.0001 0.0001 0.0116051270292091 0.0001 0.6666333333333333
0 0.30004 0.3675860118294864 0.0001 0.0019786692254986 0.0001 0.0001 0.0019400929017671 0.8332666663334 0.2222777777777777
0 0.0625875 0.0387827379808193 0.0001 0.9965045077895718 0.126940298526394 0.9999 0.9965045077895718 0.0001 0.0001
0 0.0150223879254 0.0363739231731992 0.0001 0.0182678173414547 0.1813004266474776 0.0001 0.0182678173414547 0.0001 0.6666333333333333
0 0.0069013604558 0.0148213653182882 0.0001 0.9186320416561105 0.6676805179591463 0.9935583910708118 0.9186320416561105 0.0001 0.6666333333333333
1 0.3077307695384 0.2579849208838315 0.9999 0.0001848679722033 0.0001 0.0001 0.0001848679722033 0.8332666663334 0.2222777777777777
0 0.0130844155974 0.0801705627530441 0.0001 0.1226270400036008 0.0001 0.9935583910708118 0.1226270400036008 0.0001 0.4444555555555555
0 0.045545454091 0.0387827379808193 0.0001 0.0233036869216851 0.126940298526394 0.0001 0.0233036869216851 0.0001 0.2222777777777777
0 0.0105145836665999 0.0001 0.0001 0.9454051451117688 0.9999 0.9934936808266296 0.9454051451117688 0.0001 0.6666333333333333
0 0.0390532467922 0.0774654759616387 0.0001 0.2838198375521504 0.5969955221040889 0.9935583910708118 0.2838198375521504 0.0001 0.6666333333333333
0 0.0134306663334 0.0444033072142027 0.0001 0.8993036267350943 0.0001 0.0001 0.8993036267350943 0.0001 0.0001
0 0.0345758624482 0.1568146827765493 0.0001 0.0049606226895806 0.0001 0.0001 0.0049606226895806 0.9332466663334 0.0001
0 0.0527210526842 0.0148213653182882 0.0001 0.9726047929069316 0.6676805179591463 0.9935583910708118 0.9726047929069316 0.0001 0.6666333333333333
0 0.0320085110212 0.0660208790875263 0.0001 0.9368461506460368 0.6830862222490127 0.9934936808266296 0.8020382679595378 0.0001 0.6666333333333333
0 0.1429285715714 0.1327265306535388 0.0001 0.0303978814750483 0.0001 0.0001 0.0303708780884322 0.9999 0.2222777777777777
0 0.0083628101073999 0.0893678570344604 0.0001 0.0005364640427414 0.0001 0.0001 0.0005364640427414 0.8181181816364 0.6666333333333333
0 0.0834166663334 0.0801705627530441 0.0001 0.9709978115813912 0.0001 0.9935583910708118 0.9709978115813912 0.0001 0.0001
0 0.0271216215946 0.1568146827765493 0.0001 0.0002504478825308 0.0001 0.0001 0.0002504478825308 0.9332466663334 0.0001
0 0.3333666663334 0.069133809413004 0.0001 0.8043617778860654 0.3552528358739034 0.0001 0.8043015987330531 0.0001 0.4444555555555555
0 0.0518137931724 0.1201587994629951 0.0001 0.7047629895807338 0.2758397789640208 0.9935583910708118 0.7047629895807338 0.9999 0.0001
0 0.0715142852858 0.0219210312923715 0.0001 0.0106726810242711 0.5074611941055762 0.6764132533646445 0.0106726810242711 0.0001 0.6666333333333333
0 0.018964151415 0.1905380951417426 0.0001 0.7546808131832418 0.0001 0.0001 0.7546808131832418 0.7825521742608 0.2222777777777777
0 0.074465288967 0.2917083332490248 0.0001 0.9449957946445716 0.5074611941055762 0.0001 0.1655000467911174 0.8181181816364 0.4444555555555555
0 0.0448671637762 0.2641164504047757 0.0001 0.1043950757078307 0.0001 0.0001 0.1043449263469938 0.879924 0.2222777777777777
0 0.3333666663334 0.1399529760881015 0.0001 0.0002504478825308 0.126940298526394 0.0001 0.0001694374227127 0.6666333336666 0.0001
0 0.0073449277246 0.0065922074900109 0.0001 0.3085489443949182 0.85338928134167 0.9993176078023596 0.3085489443949182 0.0001 0.2222777777777777
0 0.9999 0.107221428643693 0.0001 0.0012920098231617 0.0001 0.0001 0.0012457181746899 0.9999 0.4444555555555555
0 0.03134375 0.0088446060276005 0.0001 0.4467819679126601 0.8025590312087699 0.9935583910708118 0.4467819679126601 0.0001 0.9999
0 0.10008 0.0363739231731992 0.0001 0.8017869705106838 0.1813004266474776 0.0001 0.8017869705106838 0.0001 0.6666333333333333
0 0.1905380947619999 0.0823094685175249 0.9999 0.957798079731322 0.7375435962901706 0.9934936808266296 0.9526944258622668 0.0001 0.6666333333333333
0 0.0690517238966 0.0801705627530441 0.0001 0.4000482378625721 0.2307187248240624 0.9935583910708118 0.4000482378625721 0.0001 0.2222777777777777
0 0.1429285715714 0.0845502264075178 0.0001 0.1646552242814993 0.1813004266474776 0.0001 0.1646089326330274 0.0001 0.0001
1 0.2857571431428 0.2130203700518715 0.9999 0.785930428825094 0.4229009946651793 0.9988646350932188 0.7857568351683222 0.8888111112222 0.6666333333333333
1 0.1622297295675999 0.4940488094635891 0.9999 0.2506303815314664 0.0001 0.9935583910708118 0.0025303113947853 0.6363363632728 0.0001
0 0.095319047381 0.2411232141953837 0.0001 0.2650618017176775 0.0001 0.0001 0.2643249930544936 0.9165833336666 0.2222777777777777
0 0.1111888887778 0.0801705627530441 0.0001 0.0001077152247503 0.0001 0.0001 0.0001077152247503 0.0001 0.2222777777777777
0 0.0130844155974 0.0444033072142027 0.0001 0.1731497410261525 0.0001 0.0001 0.1731497410261525 0.0001 0.6666333333333333
0 0.0286657147142 0.0514290177442296 0.0001 0.9168095836823308 0.0001 0.9935583910708118 0.9168095836823308 0.0001 0.2222777777777777
0 0.0435695653478 0.1905380951417426 0.0001 0.0001092583696903 0.0001 0.0001 0.0001092583696903 0.7999400000000001 0.4444555555555555
0 0.017640351228 0.0725061503460126 0.0001 0.8284889831097718 0.0001 0.0001 0.8284889831097718 0.0001 0.0001
0 0.3333666663334 0.0444033072142027 0.0001 0.0001385763237315 0.0001 0.0001 0.0001385763237315 0.0001 0.2222777777777777
0 0.3333666663334 0.0321846791057838 0.0001 0.0001495982162176 0.2758397789640208 0.0001 0.0001495982162176 0.0001 0.6666333333333333
0 0.25005 0.0801705627530441 0.0001 0.0104886166196324 0.0001 0.0001 0.0104886166196324 0.0001 0.2222777777777777
0 0.0082950816558 0.0286657141700911 0.0001 0.552681710278616 0.3552528358739034 0.9935583910708118 0.552681710378606 0.0001 0.6666333333333333
0 0.125075 0.0725061503460126 0.0001 0.994521682330014 0.0001 0.9935583910708118 0.994521682330014 0.0001 0.2222777777777777
0 0.05009 0.0801705627530441 0.0001 0.1178791704842324 0.0001 0.0001 0.1178791704842324 0.0001 0.6666333333333333
1 0.4444555551112 0.1500699998988297 0.5 0.857093913097828 0.3552528358739034 0.9935583910708118 0.8570608476203495 0.6666333336666 0.6666333333333333
0 0.0345758624482 0.0363739231731992 0.0001 0.0041775223779249 0.1813004266474776 0.0001 0.0041775223779249 0.0001 0.2222777777777777
0 0.0150223879254 0.0171034016771313 0.0001 0.8706490986308104 0.6161814503477434 0.9934936808266296 0.8706490986308104 0.0001 0.0001
0 0.25005 0.2411232141953837 0.0001 0.6251694661844356 0.0001 0.0001 0.6251595465811881 0.74995 0.6666333333333333
0 0.0069013604558 0.1905380951417426 0.0001 0.1323469627156678 0.0001 0.0001 0.1323469627156678 0.8124375 0.6666333333333333
0 0.0909909091818 0.0278722218287824 0.0001 0.618795547555517 0.8208313440029749 0.9935583910708118 0.6184252144677324 0.0001 0.2222777777777777
0 0.3333666663334 0.069133809413004 0.0001 0.4481221109509377 0.3552528358739034 0.0001 0.4481221109509377 0.0001 0.0001
0 0.0385538456924 0.0271092485015011 0.0001 0.0001092583696903 0.3903778420099519 0.0001 0.0001092583696903 0.0001 0.4444555555555555
1 0.74995 0.3384022891428931 0.9999 0.5667973553948839 0.3903778420099519 0.0001 0.5409996831248792 0.74995 0.6666333333333333
0 0.0223177775556 0.1905380951417426 0.0001 0.5515607912120348 0.0001 0.0001 0.5515607912120348 0.7272272724546001 0.4444555555555555
0 0.10008 0.0171034016771313 0.0001 0.6296663688217334 0.6161814503477434 0.9934936808266296 0.6296663688217334 0.0001 0.0001
0 0.0228227275454 0.0363739231731992 0.0001 0.4584401879586088 0.1813004266474776 0.9999 0.4584401879586088 0.0001 0.6666333333333333
0 0.0435695653478 0.0015094926285844 0.0001 0.2965731856562406 0.968091752245745 0.9935583910708118 0.2965731856562406 0.0001 0.6666333333333333
0 0.0385538456924 0.1568146827765493 0.0001 0.0002273020083 0.0001 0.0001 0.0002273020083 0.7999400000000001 0.0001
1 0.1765352938824 0.5952190475708713 0.5 0.0093318765524564 0.0001 0.0001 0.0093054242104696 0.9999 0.6666333333333333
0 0.0435695653478 0.0660208790875263 0.0001 0.8168615139738763 0.0001 0.0001 0.8168615139738763 0.0001 0.6666333333333333
0 0.1667333336665999 0.0801705627530441 0.0001 0.3489445766167027 0.0001 0.0001 0.3489445766167027 0.0001 0.4444555555555555
0 0.1667333336665999 0.0141387059845284 0.0001 0.0001115729371154 0.6830862222490127 0.9934936808266296 0.0001115729371154 0.0001 0.6666333333333333
0 0.20006 0.0015094926285844 0.0001 0.8887722775576712 0.968091752245745 0.9935583910708118 0.8887722775576712 0.0001 0.6666333333333333
0 0.5 0.0059467838623865 0.0001 0.0909704986509042 0.8679546737274111 0.9935583910708118 0.0909704986509042 0.0001 0.0001
0 0.0770076923846 0.1006089944895248 0.0001 0.9544485485025924 0.0001 0.0001 0.6465049546284888 0.7691769228462 0.0001
0 0.0625875 0.107221428643693 0.0001 0.2073939852584506 0.0001 0.0001 0.0445432855010489 0.89992 0.6666333333333333
0 0.0286657147142 0.0271092485015011 0.0001 0.9333627043735052 0.3903778420099519 0.0001 0.9333627043735052 0.0001 0.6666333333333333
0 0.3333666663334 0.4940488094635891 0.5 0.0009756836085993 0.0001 0.0001 0.0001154305494906 0.6666333336666 0.2222777777777777
0 0.0117255814185999 0.0444033072142027 0.0001 0.000433299809003 0.0001 0.9935583910708118 0.000433299809003 0.0001 0.9999
0 0.10008 0.1905380951417426 0.0001 0.0975670581081829 0.0001 0.9935583910708118 0.0975670581081829 0.9999 0.4444555555555555
0 0.5 0.2130203700518715 0.0001 0.1091498889294743 0.0001 0.0001 0.0885881322384586 0.9999 0.6666333333333333
0 0.0625875 0.0414451127211006 0.0001 0.0002319311431501 0.0668580519227549 0.9934936808266296 0.0002319311431501 0.0001 0.4444555555555555
0 0.0130844155974 0.0171034016771313 0.0001 0.996964117706544 0.6161814503477434 0.0001 0.996964117706544 0.0001 0.6666333333333333
0 0.0246852459672 0.0660208790875263 0.0001 0.9970170224905076 0.6830862222490127 0.9934936808266296 0.9970170224905076 0.0001 0.6666333333333333
0 0.010098 0.0660208790875263 0.0001 0.0926099944092935 0.0001 0.9935583910708118 0.0926099944092935 0.0001 0.2222777777777777
0 0.0909909091818 0.0514290177442296 0.0001 0.2935813125889111 0.0001 0.0001 0.2935813125889111 0.0001 0.2222777777777777
0 0.0477095241904 0.0286657141700911 0.0001 0.0354668166327471 0.3552528358739034 0.9935583910708118 0.0354668166327471 0.0001 0.0001
0 0.045545454091 0.024329847111694 0.0001 0.9787285162762444 0.4531010659844927 0.9934936808266296 0.9787285162762444 0.0001 0.0001
0 0.0162258061936 0.0321846791057838 0.0001 0.7961311234277126 0.2758397789640208 0.9352544190682476 0.7961311234277126 0.0001 0.0001
0 0.10008 0.0072863435755817 0.0001 0.0001046291348501 0.8377246122879141 0.9999 0.0001046291348501 0.0001 0.4444555555555555
0 0.025095 0.1905380951417426 0.0001 0.3290067313331367 0.0001 0.5469926710127753 0.3290067313331367 0.9090090908182 0.2222777777777777
0 0.9999 0.2081329188085039 0.5 0.8101960681385143 0.2758397789640208 0.9935583910708118 0.8101459188776673 0.9999 0.2222777777777777
0 0.0308630771538 0.107221428643693 0.0001 0.6108449576554101 0.0001 0.0001 0.6108218117811792 0.9229923076154 0.2222777777777777
0 0.0085016803278 0.0271092485015011 0.0001 0.1969853089544773 0.3903778420099519 0.0001 0.1969853089544773 0.0001 0.4444555555555555
0 0.20006 0.1327265306535388 0.0001 0.4679195043475442 0.0001 0.0001 0.4679195043475442 0.9999 0.2222777777777777
0 0.0125975 0.0271092485015011 0.0001 0.0227018955915414 0.3903778420099519 0.9999 0.0227018955915414 0.0001 0.0001
0 0.0318396827936 0.1230912693996537 0.0001 0.0001810103598281 0.0001 0.0001 0.0001231457742409 0.809461905238 0.2222777777777777
0 0.015481538077 0.1568146827765493 0.0001 0.0001231457742409 0.0001 0.0001 0.0001231457742409 0.7825521742608 0.4444555555555555
1 0.30004 0.2641164504047757 0.9999 0.7882345404008279 0.2307187248240624 0.9935583910708118 0.7881342417791439 0.9999 0.2222777777777777
0 0.0083628101073999 0.0363739231731992 0.0001 0.0426833533927866 0.1813004266474776 0.0001 0.0426833533927866 0.0001 0.6666333333333333
1 0.545445454091 0.3317946545048207 0.9999 0.9663355816566912 0.8377246122879141 0.9935583910708118 0.9662661441339888 0.8570714284286001 0.6666333333333333
0 0.03134375 0.0801705627530441 0.0001 0.0001231457742409 0.0001 0.0001 0.0001231457742409 0.0001 0.2222777777777777
0 0.040092 0.0198133183357039 0.0001 0.2277669381210597 0.5550263060529741 0.9935583910708118 0.2277669381210597 0.0001 0.4444555555555555
0 0.125075 0.0444033072142027 0.0001 0.8197167164742877 0.0001 0.9999 0.8197167164742877 0.0001 0.0001
1 0.0574655735902 0.114660416561281 0.9999 0.7629353849383106 0.8608020262584182 0.9935583910708118 0.762796509992895 0.9766488371628 0.4444555555555555
0 0.0834166663334 0.0527743664184493 0.0001 0.9005372990718777 0.7827316297181688 0.93531912931243 0.4756980437358193 0.0001 0.4444555555555555
0 0.20006 0.1327265306535388 0.0001 0.0003000459987585 0.0001 0.0001 0.0003000459987585 0.9999 0.6666333333333333
0 0.1429285715714 0.0801705627530441 0.0001 0.0001099196032475 0.0001 0.0001 0.0001099196032475 0.0001 0.6666333333333333
0 0.6666333336666 0.0303518851424466 0.0001 0.0612165440204021 0.7928518657899629 0.9935583910708118 0.0612099308849104 0.0001 0.6666333333333333
0 0.5 0.0725061503460126 0.0001 0.999032031616151 0.0001 0.9935583910708118 0.999032031616151 0.0001 0.4444555555555555
0 0.0909909091818 0.0414451127211006 0.0001 0.0092935206065806 0.0668580519227549 0.0001 0.0092935206065806 0.0001 0.4444555555555555
0 0.0152027188519999 0.2081329188085039 0.5 0.4556329303405473 0.2758397789640208 0.9999 0.1073114492615851 0.8481446431428 0.2222777777777777
0 0.2143428568571999 0.1327265306535388 0.0001 0.1627341210199039 0.1813004266474776 0.0001 0.1627341210199039 0.8332666663334 0.0001
0 0.0385538456924 0.0286657141700911 0.0001 0.1951729910617913 0.3552528358739034 0.9935583910708118 0.1951729910617913 0.0001 0.0001
0 0.0164901643114 0.0893678570344604 0.0001 0.6231194076806623 0.126940298526394 0.9935583910708118 0.6231144478790386 0.9766488371628 0.6666333333333333
0 0.0193269228462 0.1905380951417426 0.0001 0.0012380029499396 0.0001 0.0001 0.0012380029499396 0.7599480000000001 0.2222777777777777
0 0.0223177775556 0.0477095232795844 0.0001 0.0016305959009841 0.0001 0.9935583910708118 0.0016305959009841 0.0001 0.2222777777777777
1 0.6249750000000001 0.1414858589741887 0.9999 0.8660844118046778 0.5766468120601562 0.0001 0.8466005890995172 0.9999 0.6666333333333333
0 0.4285857147142 0.3675860118294864 0.0001 0.409121400263118 0.0001 0.0001 0.0004240415393026 0.7999400000000001 0.0001
0 0.0556444448888 0.0271092485015011 0.0001 0.7438910022768537 0.3903778420099519 0.9935583910708118 0.7438910022768537 0.0001 0.0001
0 0.0572314284286 0.2411232141953837 0.0001 0.9353162117790318 0.0001 0.0001 0.935242145121479 0.9165833336666 0.4444555555555555
0 0.0182232626224 0.1840109829078822 0.0001 0.2550429672411903 0.5320109296724792 0.0001 0.0753917069561353 0.8481446431428 0.6666333333333333
0 0.0134306663334 0.114660416561281 0.0001 0.9806628457088332 0.0001 0.0001 0.9806628457088332 0.8918135136216 0.6666333333333333
0 0.0345758624482 0.0556444446692672 0.0001 0.0050532059865242 0.0001 0.0001 0.0050532059865242 0.0001 0.0001
0 0.3333666663334 0.0396401132572785 0.0001 0.0155581028219605 0.8815325826790495 0.9935583910708118 0.0002554076841546 0.0001 0.6666333333333333
0 0.0625875 0.114660416561281 0.0001 0.7215089920905458 0.0001 0.0001 0.7215089920905458 0.9999 0.0001
0 0.0087939128695999 0.0303518851424466 0.0001 0.8795178061756133 0.3172007463159851 0.9934936808266296 0.8795178061756133 0.0001 0.2222777777777777
0 0.0286657147142 0.0893678570344604 0.0001 0.7605328486525964 0.0001 0.0001 0.7605328486525964 0.9472789473158 0.0001
0 0.0870391306956 0.1568146827765493 0.0001 0.5397679946887473 0.0001 0.9935583910708118 0.5397679946887473 0.9999 0.0001
0 0.1081864863784 0.0591942776563088 0.5 0.3065854070972262 0.8679546737274111 0.9935583910708118 0.3064465321518108 0.0001 0.0001
0 0.05009 0.0514290177442296 0.0001 0.266281917216694 0.0001 0.0001 0.266281917216694 0.0001 0.6666333333333333
0 0.0572314284286 0.0845502264075178 0.0001 0.0216680487756709 0.1813004266474776 0.0001 0.0017664992449953 0.0001 0.2222777777777777
0 0.030396969394 0.0514290177442296 0.0001 0.0001016532338779 0.0001 0.0001 0.0001016532338779 0.0001 0.6666333333333333
1 0.3500299999999999 0.165245535614922 0.9999 0.8602681972359282 0.6977216418951675 0.9935583910708118 0.860106176516272 0.74995 0.0001
0 0.0001 0.0556444446692672 0.0001 0.0001099196032475 0.0001 0.0001 0.0001099196032475 0.0001 0.6666333333333333
0 0.1667333336665999 0.0444033072142027 0.0001 0.0001347187113563 0.0001 0.9999 0.0001347187113563 0.0001 0.0001
0 0.2778222224443999 0.1513754227502828 0.0001 0.985265557814068 0.5320109296724792 0.9935583910708118 0.985247371741461 0.8570714284286001 0.6666333333333333
0 0.075085 0.1667333329960992 0.0001 0.9656742724070926 0.0001 0.0001 0.5727160728638248 0.8665933336666 0.0001
0 0.125075 0.1327265306535388 0.0001 0.9503600043321712 0.0001 0.0001 0.9503600043321712 0.6666333336666 0.6666333333333333
0 0.0105145836665999 0.0286657141700911 0.0001 0.9129750924838806 0.3552528358739034 0.0001 0.9129750924838806 0.0001 0.2222777777777777
0 0.0278722224443999 0.0198133183357039 0.0001 0.1752708903864964 0.5550263060529741 0.0001 0.1752708903864964 0.0001 0.6666333333333333
0 0.25005 0.6428285718621581 0.5 0.7964354910439121 0.0001 0.0001 0.0003684915211405 0.9229923076154 0.9999
0 0.9999 0.2772554423798994 0.0001 0.2599118563001405 0.0001 0.0001 0.2595646688866069 0.9999 0.0001
0 0.040092 0.0893678570344604 0.0001 0.991369607160288 0.0001 0.9934936808266296 0.991369607160288 0.9443555551112 0.9999
0 0.03134375 0.0556444446692672 0.0001 0.3319548816938591 0.0001 0.9935583910708118 0.3319548816938591 0.0001 0.6666333333333333
0 0.2222777775556 0.114660416561281 0.0001 0.0001082663693696 0.0001 0.0001 0.0001033065677458 0.59998 0.6666333333333333
1 0.89992 0.4674250630724791 0.9999 0.2446749613505279 0.0668580519227549 0.0001 0.0065461115747478 0.5 0.4444555555555555
0 0.09383125 0.0725061503460126 0.0001 0.1419723183301296 0.6343014926319703 0.9355779702891592 0.0815964405852865 0.0001 0.0001
0 0.040092 0.0514290177442296 0.0001 0.2311763177360384 0.0001 0.0001 0.2311763177360384 0.0001 0.0001
0 0.10008 0.2772554423798994 0.0001 0.0493262043985472 0.0001 0.0001 0.0492964454888146 0.7142428568572 0.6666333333333333
0 0.0715142852858 0.0604620742845073 0.0001 0.292454882576087 0.0001 0.0001 0.292454882576087 0.0001 0.2222777777777777
0 0.0233511628372 0.0122857710501887 0.0001 0.186828922099679 0.7249017053215078 0.0001 0.186828922099679 0.0001 0.2222777777777777
0 0.6666333336666 0.2130203700518715 0.0001 0.0062259276478202 0.0001 0.0001 0.0060369034415578 0.5 0.2222777777777777
0 0.0589117642942 0.1006089944895248 0.0001 0.8031443076212477 0.0001 0.9935583910708118 0.8031443076212477 0.8181181816364 0.6666333333333333
0 0.0061410875408 0.1327265306535388 0.0001 0.8047793946226425 0.0001 0.9676742744004648 0.804769475019395 0.8481446431428 0.6666333333333333
0 0.0667533336666 0.325431745614218 0.0001 0.9401752914236624 0.0001 0.0001 0.5458399154633454 0.8332666663334 0.2222777777777777
0 0.0371296295926 0.0321846791057838 0.0001 0.2638929376687567 0.7721713821139808 0.9993176078023596 0.2638350731831594 0.0001 0.0001
0 0.4285857147142 0.0556444446692672 0.5 0.0610016185167823 0.7611417911583644 0.9935583910708118 0.0603155101590747 0.0001 0.6666333333333333
0 0.0811648647838 0.1568146827765493 0.5 0.1082565703928872 0.0001 0.0001 0.0989095157138856 0.8570714284286001 0.2222777777777777
0 0.0137027209116 0.2772554423798994 0.0001 0.0003198853052436 0.0001 0.0001 0.0002851665938872 0.8124375 0.0001
1 0.9999 0.0591942776563088 0.9999 0.7095773206218428 0.8679546737274111 0.9935583910708118 0.5465265748656823 0.0001 0.0001
0 0.0589117642942 0.0604620742845073 0.0001 0.6997866377199787 0.0001 0.0001 0.6997866377199787 0.0001 0.0001
0 0.3333666663334 0.0477095232795844 0.0001 0.5776183580670269 0.0001 0.0001 0.5776183580670269 0.0001 0.4444555555555555
1 0.8888111112222 0.2994906595685703 0.5 0.2998813849381325 0.3903778420099519 0.0001 0.2998483195606441 0.9999 0.6666333333333333
0 0.0741592591852 0.0946926065150229 0.0001 0.0004047533774369 0.0668580519227549 0.0001 0.0003276006299839 0.8460846152308 0.2222777777777777
0 0.0541432431892 0.0604620742845073 0.0001 0.8502483707591202 0.4531010659844927 0.0001 0.85023911238943 0.0001 0.4444555555555555
0 0.2857571431428 0.2772554423798994 0.0001 0.7007190837249168 0.0001 0.0001 0.1031584274700751 0.74995 0.6666333333333333
0 0.1143628568572 0.0742999492527738 0.9999 0.7931486189190013 0.7827316297181688 0.9935583910708118 0.7931072870721534 0.0001 0.6666333333333333
0 0.0435695653478 0.0101911485106298 0.0001 0.2781739101724168 0.7721713821139808 0.9935583910708118 0.2781739101724168 0.0001 0.0001
0 0.1667333336665999 0.0477095232795844 0.0001 0.3157412330914781 0.0001 0.9934936808266296 0.3157412330914781 0.0001 0.6666333333333333
0 0.9999 0.5952190475708713 0.5 0.0003013686658528 0.0001 0.0001 0.0001486062158969 0.0001 0.4444555555555555
0 0.20006 0.0101911485106298 0.0001 0.0002388749454154 0.7721713821139808 0.9935583910708118 0.0002388749454154 0.0001 0.0001
0 0.0107361703404 0.114660416561281 0.0001 0.1039360168354877 0.0001 0.93531912931243 0.1039360168354877 0.8063903226774001 0.2222777777777777
0 0.0909909091818 0.0286657141700911 0.0001 0.019935969820328 0.3552528358739034 0.0001 0.019935969820328 0.0001 0.2222777777777777
0 0.0715142852858 0.069133809413004 0.0001 0.9948843002930382 0.3552528358739034 0.9935583910708118 0.9948843002930382 0.0001 0.4444555555555555
0 0.0976414638048 0.3560893942306415 0.0001 0.1694381430790076 0.0001 0.0001 0.0001033065677458 0.9999 0.6666333333333333
0 0.05009 0.0387827379808193 0.0001 0.9339992145149952 0.126940298526394 0.0001 0.9339992145149952 0.0001 0.0001
0 0.1667333336665999 0.1327265306535388 0.0001 0.0035487275611752 0.0001 0.0001 0.0035487275611752 0.5 0.2222777777777777
0 0.0162258061936 0.0893678570344604 0.0001 0.0001099196032475 0.0001 0.0001 0.0001099196032475 0.74995 0.6666333333333333
0 0.4285857147142 0.1778918153783323 0.5 0.2490564655834147 0.0001 0.0001 0.2454920089510549 0.6666333336666 0.2222777777777777
0 0.0130844155974 0.1006089944895248 0.0001 0.9096012031027332 0.0001 0.0001 0.9096012031027332 0.8332666663334 0.4444555555555555
1 0.1429285715714 0.1688587588380546 0.9999 0.928027592262091 0.4531010659844927 0.5146375259247403 0.928027592262091 0.7618523810476 0.0001
0 0.0073449277246 0.0477095232795844 0.0001 0.0001066131354916 0.0001 0.0001 0.0001066131354916 0.0001 0.6666333333333333
1 0.0770076923846 0.1249141567732755 0.9999 0.9949807412023572 0.6514420741309764 0.6764132533646445 0.9949807412023572 0.7825521742608 0.2222777777777777
0 0.20006 0.0179535716092325 0.0001 0.9036897601028314 0.5969955221040889 0.9935583910708118 0.9036897601028314 0.0001 0.0001
0 0.0001 0.0725061503460126 0.0001 0.6191118738700694 0.0001 0.0001 0.6191118738700694 0.0001 0.4444555555555555
0 0.9999 0.046009183415382 0.0001 0.6290684351039649 0.6161814503477434 0.9935583910708118 0.2290816208176713 0.0001 0.2222777777777777
0 0.1072214284286 0.2641164504047757 0.0001 0.0058649630186639 0.0001 0.0001 0.0058236311718159 0.874925 0.6666333333333333
0 0.25005 0.392878571356307 0.0001 0.0001710907565806 0.0001 0.0001 0.0001066131354916 0.9999 0.6666333333333333
0 0.018964151415 0.0230839083134385 0.0001 0.6733656814794774 0.4812183739394952 0.9935583910708118 0.6733656814794774 0.0001 0.0001
0 0.0477095241904 0.0230839083134385 0.0001 0.4326144100127494 0.4812183739394952 0.0001 0.4326144100127494 0.0001 0.2222777777777777
0 0.120076 0.325431745614218 0.0001 0.8784075782347548 0.0001 0.0001 0.1974482254391955 0.89992 0.4444555555555555
0 0.0145898554491999 0.0400797920301761 0.0001 0.9964350703668592 0.6830862222490127 0.9935583910708118 0.9011619056094786 0.0001 0.6666333333333333
0 0.2105842107367999 0.1438441392478743 0.0001 0.4786051590198733 0.3903778420099519 0.9999 0.4781769613465015 0.8332666663334 0.0001
0 0.0105145836665999 0.1327265306535388 0.0001 0.9730346439141712 0.0001 0.9935583910708118 0.9730346439141712 0.9999 0.2222777777777777
0 0.25005 0.0141387059845284 0.0001 0.9956051272621124 0.6830862222490127 0.9934936808266296 0.9956051272621124 0.0001 0.6666333333333333
1 0.6922692304615999 0.5572802082806404 0.9999 0.0291248612920584 0.0001 0.0001 0.0097980996049203 0.9999 0.0001
0 0.6666333336666 0.1327265306535388 0.0001 0.0720627596590681 0.0001 0.0001 0.0033819419203129 0.5 0.4444555555555555
0 0.0267613336666 0.1568146827765493 0.0001 0.8676732071576008 0.0001 0.0001 0.8676616342204855 0.9332466663334 0.6666333333333333
0 0.1429285715714 0.0477095232795844 0.0001 0.1216271404766016 0.0001 0.0001 0.1216271404766016 0.0001 0.0001
0 0.0162258061936 0.1568146827765493 0.0001 0.0010104023199557 0.0001 0.0001 0.0010104023199557 0.74995 0.2222777777777777
0 0.40002 0.2772554423798994 0.0001 0.4230783311274854 0.0001 0.0001 0.4230474700285042 0.9999 0.2222777777777777
0 0.0667533336666 0.0321846791057838 0.0001 0.0680985684932721 0.2758397789640208 0.9935583910708118 0.0680985684932721 0.0001 0.2222777777777777
0 0.0556444448888 0.0286657141700911 0.0001 0.9676030908934384 0.3552528358739034 0.0001 0.9676030908934384 0.0001 0.2222777777777777
0 0.0286657147142 0.0208331800964801 0.0001 0.9982305248540324 0.5320109296724792 0.0001 0.9982305248540324 0.0001 0.6666333333333333
0 0.0173379307242 0.0001 0.0001 0.6823886946191763 0.9999 0.9935583910708118 0.6823886946191763 0.0001 0.2222777777777777
0 0.2857571431428 0.0579701966879964 0.0001 0.0191104354725756 0.4812183739394952 0.5530754389652344 0.0191104354725756 0.0001 0.2222777777777777
0 0.3333666663334 0.0414451127211006 0.0001 0.0001810103598281 0.0668580519227549 0.9935583910708118 0.0001810103598281 0.0001 0.0001
0 0.25005 0.0604620742845073 0.0001 0.1059458457816515 0.0001 0.0001 0.1059458457816515 0.0001 0.2222777777777777
0 0.0371296295926 0.0604620742845073 0.0001 0.5233658730247233 0.0001 0.0001 0.5233658730247233 0.0001 0.6666333333333333
0 0.0770076923846 0.0256680774479604 0.0001 0.9840520553505534 0.4229009946651793 0.9612032459827768 0.9840520553505534 0.0001 0.6666333333333333
0 0.0082950816558 0.0198133183357039 0.0001 0.7832774767019386 0.5550263060529741 0.9935583910708118 0.7832774767019386 0.0001 0.2222777777777777
0 0.0345758624482 0.0893678570344604 0.0001 0.1269738254251413 0.0001 0.0001 0.1269738254251413 0.9332466663334 0.4444555555555555
1 0.0522634782174 0.1173511139097203 0.5 0.7989664867216288 0.7827316297181688 0.9935583910708118 0.0093467560573176 0.877475509796 0.0001
0 0.0244853659512 0.004515399005978 0.0001 0.3012569081213037 0.9002569568340085 0.9935583910708118 0.3012569081213037 0.0001 0.6666333333333333
1 0.20006 0.232401641595893 0.9999 0.6698822352069459 0.4812183739394952 0.0001 0.6698706623698203 0.7367947365790001 0.2222777777777777
0 0.0261817396086 0.204990986010868 0.0001 0.0023831700800002 0.0001 0.0001 0.001520161497775 0.877475509796 0.6666333333333333
0 0.1334066663333999 0.0514290177442296 0.0001 0.0008935710595225 0.5550263060529741 0.9934936808266296 0.0008935710595225 0.0001 0.6666333333333333
0 0.2222777775556 0.2130203700518715 0.0001 0.0055276953083679 0.0001 0.0001 0.0021792663688765 0.3333666663334 0.2222777777777777
0 0.10008 0.0134901784539988 0.0001 0.0001138875045405 0.6977216418951675 0.9935583910708118 0.0001138875045405 0.0001 0.4444555555555555
0 0.0083628101073999 0.0556444446692672 0.0001 0.013281545877452 0.0001 0.0001 0.013281545877452 0.0001 0.0001
0 0.0435695653478 0.392878571356307 0.0001 0.0807747639498992 0.0001 0.0001 0.0807361875261778 0.9410882357058 0.2222777777777777
0 0.0715142852858 0.0188552665318994 0.0001 0.1182131316267827 0.5766468120601562 0.9999 0.1182131316267827 0.0001 0.0001
0 0.25005 0.1905380951417426 0.0001 0.0448293017612494 0.0001 0.0001 0.0142282099537141 0.9999 0.4444555555555555
0 0.0909909091818 0.0059467838623865 0.0001 0.9433534332741278 0.8679546737274111 0.9934936808266296 0.9433534332741278 0.0001 0.6666333333333333
0 0.2105842107367999 0.0534687402540796 0.0001 0.4733907359812474 0.9002569568340085 0.9935583910708118 0.4180060895020307 0.0001 0.6666333333333333
0 0.0167633336666 0.0444033072142027 0.0001 0.6622755260526367 0.0001 0.0001 0.6622755260526367 0.0001 0.6666333333333333
0 0.5 0.114660416561281 0.0001 0.1457252481241225 0.0001 0.0001 0.1457252481241225 0.9999 0.6666333333333333
0 0.0770076923846 0.0444033072142027 0.0001 0.001349874408749 0.0001 0.0001 0.001349874408749 0.0001 0.0001
0 0.1667333336665999 0.1905380951417426 0.0001 0.6576149493618146 0.0001 0.0001 0.6576149493618146 0.7999400000000001 0.0001
0 0.1177235295882 0.392878571356307 0.0001 0.963650666245306 0.0001 0.0001 0.9636457064436824 0.9999 0.6666333333333333
0 0.03134375 0.0198133183357039 0.0001 0.5671032109615695 0.5550263060529741 0.9676095641562829 0.5671032109615695 0.0001 0.2222777777777777
0 0.0385538456924 0.0893678570344604 0.0001 0.0010126066984529 0.0001 0.0001 0.0010126066984529 0.9165833336666 0.6666333333333333
0 0.0625875 0.0256680774479604 0.0001 0.6789091059590199 0.4229009946651793 0.9999 0.6789091059590199 0.0001 0.0001
0 0.134688461923 0.4047809524291286 0.5 0.9689571215362464 0.0001 0.9935583910708118 0.9680004275678188 0.7599480000000001 0.2222777777777777
0 0.5 0.1721435065789099 0.0001 0.1113437821802868 0.0001 0.0001 0.0404762338709908 0.5 0.6666333333333333
0 0.25005 0.1667333329960992 0.0001 0.9050360754208993 0.0001 0.0001 0.9050360754208993 0.9999 0.2222777777777777
0 0.040092 0.0001 0.0001 0.7006182340586036 0.9999 0.9934936808266296 0.7006182340586036 0.0001 0.6666333333333333
1 0.2381476189523999 0.2544350878967898 0.9999 0.9946082036360852 0.0668580519227549 0.0001 0.9945552989521118 0.9999 0.6666333333333333
0 0.20006 0.0387827379808193 0.0001 0.0705281083655823 0.126940298526394 0.0001 0.0705281083655823 0.0001 0.4444555555555555
0 0.05009 0.1667333329960992 0.0001 0.0047847144653837 0.0001 0.0001 0.0046736145290493 0.8665933336666 0.4444555555555555
0 0.0286657147142 0.0256680774479604 0.0001 0.0111091450670125 0.4229009946651793 0.9988646350932188 0.0111091450670125 0.0001 0.6666333333333333
0 0.0205040813674 0.0801705627530441 0.0001 0.0125408795019029 0.0001 0.0001 0.0125408795019029 0.0001 0.2222777777777777
0 0.0770076923846 0.0076534337143396 0.0001 0.9392787765082572 0.8294404136369463 0.9934936808266296 0.9392787765082572 0.0001 0.4444555555555555
1 0.2857571431428 0.1616323123917895 0.9999 0.785930428825094 0.6161814503477434 0.9988646350932188 0.7857568351683222 0.8888111112222 0.6666333333333333
0 0.0385538456924 0.1006089944895248 0.0001 0.0169418923745012 0.0001 0.0001 0.0169418923745012 0.7999400000000001 0.6666333333333333
0 0.0244853659512 0.0477095232795844 0.0001 0.0679496637556812 0.0001 0.0001 0.0679496637556812 0.0001 0.4444555555555555
0 0.0186148152962 0.0477095232795844 0.0001 0.1306771570029166 0.0001 0.0001 0.1306771570029166 0.0001 0.4444555555555555
0 0.20006 0.1905380951417426 0.0001 0.1054389522158867 0.0001 0.0001 0.1054389522158867 0.9999 0.9999
0 0.045545454091 0.0604620742845073 0.0001 0.4242918335910001 0.0001 0.0001 0.4242918335910001 0.0001 0.6666333333333333
0 0.040092 0.0256680774479604 0.0001 0.9949438181125034 0.4229009946651793 0.9352544190682476 0.9949438181125034 0.0001 0.6666333333333333
1 0.4166833336666 0.6205116070976919 0.5 0.8446083951813311 0.0001 0.0001 0.1418268302492225 0.74995 0.6666333333333333
0 0.5 0.114660416561281 0.0001 0.2680476127941347 0.0001 0.9935583910708118 0.2680476127941347 0.9999 0.0001
0 0.03134375 0.1905380951417426 0.0001 0.9425375015614728 0.0001 0.8058338367163784 0.9425375015614728 0.9129608693044 0.6666333333333333
0 0.045545454091 0.0893678570344604 0.0001 0.0055084071465021 0.0001 0.0001 0.0055084071465021 0.7777222224444 0.2222777777777777
1 0.1079215683726 0.5181369615865997 0.9999 0.0030163736537443 0.1813004266474776 0.9935583910708118 0.0025881758803826 0.8888111112222 0.0001
0 0.0477095241904 0.0414451127211006 0.0001 0.4027408685986977 0.0668580519227549 0.0001 0.4027408685986977 0.0001 0.2222777777777777
0 0.0857971431428 0.1201587994629951 0.0001 0.9480788182528124 0.2758397789640208 0.0001 0.9480186390998 0.9472789473158 0.4444555555555555
0 0.0107361703404 0.0084316665486347 0.0001 0.0167649921499836 0.8118779105689221 0.9935583910708118 0.0167649921499836 0.0001 0.4444555555555555
0 0.030396969394 0.0106798938373071 0.0001 0.7655158135488531 0.7611417911583644 0.9935583910708118 0.7655158135488531 0.0001 0.6666333333333333
0 0.2222777775556 0.0387827379808193 0.0001 0.977740961108846 0.6977216418951675 0.0001 0.977740961108846 0.0001 0.2222777777777777
0 0.9999 0.0660208790875263 0.0001 0.0526228308433136 0.3903778420099519 0.0001 0.0052086136706789 0.0001 0.6666333333333333
0 0.040092 0.1327265306535388 0.0001 0.0001154305494906 0.0001 0.0001 0.0001154305494906 0.74995 0.2222777777777777
0 0.0667533336666 0.004515399005978 0.0001 0.9333941165171158 0.9002569568340085 0.9935583910708118 0.9333941165171158 0.0001 0.6666333333333333
1 0.0182232626224 0.5952190475708713 0.9999 0.4233560810183163 0.0001 0.0001 0.0187191607890674 0.8481446431428 0.6666333333333333
0 0.0233511628372 0.1568146827765493 0.0001 0.6052552415273958 0.0001 0.0001 0.6052552415273958 0.9090090908182 0.2222777777777777
0 0.0137027209116 0.0514290177442296 0.0001 0.7636046298905054 0.5550263060529741 0.9934936808266296 0.7635980168550037 0.0001 0.6666333333333333
0 0.0870391306956 0.2130203700518715 0.0001 0.4387789139843012 0.0001 0.0001 0.000127003486606 0.8665933336666 0.2222777777777777
0 0.095319047381 0.2772554423798994 0.0001 0.1060037103672388 0.0001 0.0001 0.105830116610477 0.9165833336666 0.0001
0 0.0518137931724 0.0893678570344604 0.0001 0.0006323539074308 0.5074611941055762 0.9935583910708118 0.0003661769537154 0.6110888887778 0.0001
0 0.20006 0.0363739231731992 0.0001 0.7503718325629578 0.1813004266474776 0.0001 0.7503718325629578 0.0001 0.0001
0 0.045545454091 0.0477095232795844 0.0001 0.6766060966725245 0.0001 0.0001 0.6766060966725245 0.0001 0.0001
0 0.0087939128695999 0.0556444446692672 0.0001 0.0001231457742409 0.0001 0.0001 0.0001231457742409 0.0001 0.2222777777777777
0 0.0099019612155999 0.0444033072142027 0.0001 0.9968054035546337 0.0001 0.0001 0.9968054035546337 0.0001 0.0001
0 0.59998 0.0830447171527553 0.0001 0.3580779181702609 0.5550263060529741 0.9935583910708118 0.1995614389969534 0.0001 0.4444555555555555
0 0.115461538077 0.0660208790875263 0.0001 0.039568256307388 0.6830862222490127 0.9993176078023596 0.0395520542354224 0.0001 0.4444555555555555
0 0.0345758624482 0.0725061503460126 0.0001 0.957804692766824 0.0001 0.9999 0.957804692766824 0.0001 0.0001
0 0.0667533336666 0.0286657141700911 0.0001 0.8428023596573732 0.3552528358739034 0.0001 0.8428023596573732 0.0001 0.4444555555555555
0 0.0556444448888 0.0092747515289612 0.0001 0.0011663611487296 0.7928518657899629 0.9935583910708118 0.0011663611487296 0.0001 0.6666333333333333
0 0.0345758624482 0.0092747515289612 0.0001 0.9182214789107264 0.7928518657899629 0.93531912931243 0.9182214789107264 0.0001 0.2222777777777777
0 0.0435695653478 0.0208331800964801 0.0001 0.9922341035930092 0.5320109296724792 0.9934936808266296 0.9922341035930092 0.0001 0.0001
0 0.0667533336666 0.0208331800964801 0.0001 0.581440394616959 0.5320109296724792 0.9935583910708118 0.581440394616959 0.0001 0.6666333333333333
1 0.1291064515484 0.325431745614218 0.9999 0.5584698191715108 0.0001 0.0001 0.558423527523039 0.8570714284286001 0.0001
0 0.0228227275454 0.1006089944895248 0.0001 0.4610721985860306 0.0001 0.0001 0.4610721985860306 0.9165833336666 0.0001
0 0.0462446152308 0.1667333329960992 0.5 0.6883255980607341 0.0001 0.0001 0.6883255980607341 0.9229923076154 0.2222777777777777
0 0.1429285715714 0.0188552665318994 0.0001 0.0001049598016237 0.5766468120601562 0.9935583910708118 0.0001049598016237 0.0001 0.6666333333333333
0 0.0267613336666 0.0321846791057838 0.0001 0.7953325925665662 0.7721713821139808 0.9993176078023596 0.7953094467923254 0.0001 0.0001
0 0.25005 0.0556444446692672 0.0001 0.000204156234059 0.0001 0.9935583910708118 0.000204156234059 0.0001 0.0001
0 0.0105145836665999 0.0321846791057838 0.0001 0.860008964084478 0.2758397789640208 0.0001 0.860008964084478 0.0001 0.4444555555555555
1 0.1380034477932 0.1006089944895248 0.5 0.7422443423383434 0.6343014926319703 0.9870873626531236 0.7422228497979804 0.9999 0.6666333333333333
0 0.125075 0.0069328486934205 0.0001 0.4345536992469619 0.8457019905987614 0.9999 0.4345536992469619 0.0001 0.6666333333333333
0 0.375025 0.1399529760881015 0.0001 0.0020766532797575 0.126940298526394 0.9935583910708118 0.0010813828876084 0.6666333336666 0.4444555555555555
0 0.0345758624482 0.0286657141700911 0.0001 0.3052753535354648 0.8118779105689221 0.9935583910708118 0.0978980433497609 0.0001 0.4444555555555555
0 0.25005 0.0148213653182882 0.0001 0.1246112982191908 0.6676805179591463 0.9935583910708118 0.1246112982191908 0.0001 0.6666333333333333
0 0.0257358977948 0.0155409264963977 0.0001 0.988731369158612 0.6514420741309764 0.6764132533646445 0.988731369158612 0.0001 0.2222777777777777
0 0.0228227275454 0.0134901784539988 0.0001 0.0001347187113563 0.6977216418951675 0.9935583910708118 0.0001347187113563 0.0001 0.0001
0 0.0385538456924 0.1568146827765493 0.0001 0.0013190133097678 0.0001 0.0001 0.0013190133097678 0.9090090908182 0.2222777777777777
0 0.0141816900986 0.1327265306535388 0.0001 0.0321916827283437 0.0001 0.0001 0.0321916827283437 0.9999 0.2222777777777777
0 0.0625875 0.0631385359687426 0.0001 0.0452062479845256 0.4229009946651793 0.0001 0.045197981615156 0.0001 0.6666333333333333
0 0.0414140495372 0.1327265306535388 0.0001 0.6111530175006029 0.6161814503477434 0.0001 0.1241599546715881 0.8181181816364 0.6666333333333333
0 0.0286657147142 0.114660416561281 0.0001 0.0058054451991987 0.0001 0.0001 0.0058054451991987 0.7618523810476 0.0001
0 0.015481538077 0.0208331800964801 0.0001 0.925631999678652 0.5320109296724792 0.9935583910708118 0.925631999678652 0.0001 0.6666333333333333
0 0.4444555551112 0.2772554423798994 0.5 0.2522667910999657 0.4531010659844927 0.0001 0.0528863625628304 0.9999 0.4444555555555555
0 0.0083628101073999 0.1568146827765493 0.0001 0.0122780091159333 0.0001 0.0001 0.0122780091159333 0.8181181816364 0.6666333333333333
1 0.1067453336666 0.2879612870934358 0.5 0.777280504396286 0.4229009946651793 0.0001 0.137746552448171 0.9332466663334 0.6666333333333333
0 0.3333666663334 0.1006089944895248 0.0001 0.0163715130879782 0.0001 0.0001 0.0163715130879782 0.9999 0.2222777777777777
0 0.1429285715714 0.1905380951417426 0.0001 0.000311618935874 0.0001 0.0001 0.000311618935874 0.9999 0.6666333333333333
0 0.0589117642942 0.0117255813247649 0.0001 0.992349832664194 0.7375435962901706 0.9935583910708118 0.992349832664194 0.0001 0.0001
0 0.0909909091818 0.0047829042442598 0.0001 0.9982272182862866 0.8942201374235851 0.9935583910708118 0.9982272182862866 0.0001 0.6666333333333333
0 0.0093574071482 0.0097232017615027 0.0001 0.8292851994034931 0.7827316297181688 0.93531912931243 0.8292851994034931 0.0001 0.4444555555555555
0 0.1515848489695999 0.0769434415798147 0.0001 0.5544027675414528 0.8679546737274111 0.9934936808266296 0.1684709783627132 0.0001 0.6666333333333333
0 0.025095 0.0893678570344604 0.0001 0.2311415990246821 0.0001 0.0001 0.2311415990246821 0.9165833336666 0.6666333333333333
0 0.10008 0.0660208790875263 0.0001 0.0014259249669534 0.6830862222490127 0.9934936808266296 0.0014193118314617 0.0001 0.6666333333333333
0 0.0667533336666 0.0286657141700911 0.0001 0.0029122174196853 0.3552528358739034 0.0001 0.0029122174196853 0.0001 0.0001
0 0.1667333336665999 0.0534687402540796 0.0001 0.0001231457742409 0.5320109296724792 0.9935583910708118 0.0001231457742409 0.0001 0.6666333333333333
0 0.125075 0.0363739231731992 0.0001 0.0095220029479674 0.1813004266474776 0.9935583910708118 0.0095220029479674 0.0001 0.6666333333333333
0 0.25005 0.0219210312923715 0.0001 0.6171097602486458 0.5074611941055762 0.9935583910708118 0.6171097602486458 0.0001 0.0001
0 0.10008 0.0179535716092325 0.0001 0.835285588565809 0.5969955221040889 0.9999 0.835285588565809 0.0001 0.6666333333333333
0 0.5 0.0363739231731992 0.0001 0.9797287463700274 0.1813004266474776 0.9934936808266296 0.9797287463700274 0.0001 0.6666333333333333
0 0.0426446803618 0.1438441392478743 0.5 0.0153831864980944 0.3903778420099519 0.0001 0.0001462916484718 0.884538461923 0.4444555555555555
0 0.0150223879254 0.0414451127211006 0.0001 0.2703059837660261 0.0668580519227549 0.9935583910708118 0.2703059837660261 0.0001 0.6666333333333333
1 0.5555444448888 0.4940488094635891 0.5 0.8443901631099655 0.0001 0.0001 0.8443901631099655 0.74995 0.0001
0 0.0488707319024 0.0331621687474359 0.0001 0.5712370547801416 0.7611417911583644 0.9935583910708118 0.0001185166393907 0.0001 0.4444555555555555
0 0.0435695653478 0.2994906595685703 0.0001 0.1390636600011255 0.0001 0.0001 0.138847632308257 0.9031451608388 0.2222777777777777
0 0.384638461923 0.0836412401457906 0.0001 0.497006087837565 0.8377246122879141 0.9935583910708118 0.0500883632144692 0.0001 0.6666333333333333
0 0.0414140495372 0.0958255320870982 0.0001 0.951636331082907 0.7827316297181688 0.9935583910708118 0.82767887931151 0.8181181816364 0.0001
0 0.0286657147142 0.114660416561281 0.0001 0.0023027107648013 0.0001 0.9935583910708118 0.0023027107648013 0.7618523810476 0.2222777777777777
0 0.0001 0.0303518851424466 0.0001 0.9868642727702388 0.3172007463159851 0.0001 0.9868642727702388 0.0001 0.0001
0 0.5 0.1721435065789099 0.0001 0.0011316423373833 0.0001 0.0001 0.0011217227341357 0.9999 0.6666333333333333
0 0.0667533336666 0.2411232141953837 0.0001 0.9139618760288142 0.0001 0.0001 0.9136632949311676 0.6363363632728 0.4444555555555555
0 0.2143428568571999 0.2216673994082223 0.0001 0.3225290211335165 0.0001 0.0001 0.2871429163389036 0.8332666663334 0.2222777777777777
0 0.1305086960433999 0.1778918153783323 0.0001 0.1311070080101562 0.0001 0.0001 0.0515564696945839 0.9999 0.6666333333333333
0 0.0435695653478 0.0097232017615027 0.0001 0.975901419351698 0.7827316297181688 0.9935583910708118 0.975901419351698 0.0001 0.6666333333333333
0 0.0589117642942 0.0256680774479604 0.0001 0.9888085219060648 0.4229009946651793 0.9935583910708118 0.9888085219060648 0.0001 0.4444555555555555
0 0.20006 0.0230839083134385 0.0001 0.1740138517976263 0.4812183739394952 0.9935583910708118 0.1740138517976263 0.0001 0.2222777777777777
1 0.7999400000000001 0.130190935373737 0.5 0.999300192470518 0.8679546737274111 0.9934936808266296 0.9990918801023896 0.9999 0.6666333333333333
0 0.0870391306956 0.0321846791057838 0.0001 0.9768537046631212 0.7721713821139808 0.9935583910708118 0.9767726942033028 0.0001 0.0001
0 0.1429285715714 0.024329847111694 0.0001 0.565765382390727 0.8608020262584182 0.9935583910708118 0.5657584386884518 0.0001 0.4444555555555555
0 0.25005 0.0414451127211006 0.0001 0.0419393805494817 0.0668580519227549 0.0001 0.0419393805494817 0.0001 0.6666333333333333
1 0.0780064935844 0.392878571356307 0.9999 0.4494381163146436 0.0001 0.9935583910708118 0.4493372666483303 0.7741387092904 0.6666333333333333
0 0.029505882647 0.1905380951417426 0.0001 0.2101444804801735 0.0001 0.0001 0.2101444804801735 0.9229923076154 0.2222777777777777
0 0.20006 0.0514290177442296 0.0001 0.0005976351960745 0.0001 0.0001 0.0005976351960745 0.0001 0.2222777777777777
0 0.589725641282 0.2619523805669705 0.5 0.6622016798729295 0.9999 0.9935583910708118 0.6620820930893798 0.8460846152308 0.2222777777777777
0 0.0124432098642 0.1568146827765493 0.0001 0.1671742612608631 0.0001 0.0001 0.1671742612608631 0.8856371431428001 0.2222777777777777
0 0.010967391087 0.0363739231731992 0.0001 0.6590592487341412 0.1813004266474776 0.9935583910708118 0.6590592487341412 0.0001 0.4444555555555555
1 0.0738557379016 0.4674250630724791 0.9999 0.9238398517592245 0.0668580519227549 0.9935583910708118 0.9237819871736374 0.89992 0.6666333333333333
0 0.1667333336665999 0.1905380951417426 0.0001 0.9796543491456908 0.0001 0.0001 0.9796543491456908 0.9999 0.6666333333333333
0 0.0625875 0.0414451127211006 0.0001 0.135648548962058 0.0668580519227549 0.0001 0.135648548962058 0.0001 0.6666333333333333
0 0.0435695653478 0.1568146827765493 0.0001 0.0001069437022752 0.0001 0.0001 0.0001069437022752 0.8822764704117999 0.4444555555555555
0 0.0527210526842 0.1479401003089452 0.0001 0.4610192939020571 0.0668580519227549 0.0001 0.3198182044247737 0.7930448273104 0.6666333333333333
0 0.1667333336665999 0.0321846791057838 0.0001 0.8211749032511648 0.2758397789640208 0.9935583910708118 0.8211749032511648 0.0001 0.6666333333333333
0 0.20006 0.1380794530103071 0.0001 0.9876975224427312 0.4229009946651793 0.9999 0.9876975224427312 0.8332666663334 0.0001
0 0.1380034477932 0.2411232141953837 0.0001 0.6528199064825715 0.5550263060529741 0.0001 0.0276898202894221 0.6110888887778 0.2222777777777777
1 0.8275206897585999 0.3997375705328735 0.9999 0.8674814275282119 0.8815325826790495 0.9935583910708118 0.811741327366082 0.9999 0.6666333333333333
0 0.03134375 0.0286657141700911 0.0001 0.0008429809429741 0.3552528358739034 0.9935583910708118 0.0008429809429741 0.0001 0.4444555555555555
0 0.0625875 0.0801705627530441 0.0001 0.0506273302573918 0.0001 0.0001 0.0506273302573918 0.0001 0.6666333333333333
0 0.0093574071482 0.0604620742845073 0.0001 0.5627137710260866 0.0001 0.0001 0.5627137710260866 0.0001 0.6666333333333333
0 0.03134375 0.0444033072142027 0.0001 0.9959490081079 0.0001 0.9999 0.9959490081079 0.0001 0.0001
1 0.045034831236 0.2994906595685703 0.9999 0.8241441815888828 0.0001 0.0001 0.8241259956162656 0.84368125 0.6666333333333333
0 0.0556444448888 0.1667333329960992 0.0001 0.90946801048634 0.0001 0.9935583910708118 0.9094033374848832 0.94991 0.2222777777777777
0 0.0834166663334 0.024329847111694 0.0001 0.9199381274165688 0.4531010659844927 0.9934936808266296 0.9199381274165688 0.0001 0.0001
0 0.0435695653478 0.0097232017615027 0.0001 0.9307852516639348 0.7827316297181688 0.9935583910708118 0.9307852516639348 0.0001 0.6666333333333333
0 0.0715142852858 0.1905380951417426 0.0001 0.3219735213518548 0.0001 0.0001 0.3219735213518548 0.8570714284286001 0.2222777777777777
0 0.10008 0.0080349203779803 0.0001 0.840833421702356 0.8208313440029749 0.9935583910708118 0.840833421702356 0.0001 0.2222777777777777
0 0.115461538077 0.1778918153783323 0.0001 0.0028844424106042 0.0001 0.0001 0.0005559726824528 0.9165833336666 0.4444555555555555
0 0.1177235295882 0.2130203700518715 0.5 0.6684726546459655 0.0001 0.0001 0.6684622389925626 0.9999 0.9999
0 0.0556444448888 0.0271092485015011 0.0001 0.6584845709795415 0.3903778420099519 0.9935583910708118 0.6584845709795415 0.0001 0.6666333333333333
0 0.1818818183635999 0.1230912693996537 0.0001 0.9189676561325284 0.0001 0.0001 0.9189676561325284 0.7999400000000001 0.6666333333333333
0 0.03134375 0.0444033072142027 0.0001 0.992430843124012 0.0001 0.0001 0.992430843124012 0.0001 0.0001
0 0.0811648647838 0.2641164504047757 0.0001 0.1755723370961975 0.0001 0.0001 0.0004510449259187 0.74995 0.2222777777777777
0 0.1429285715714 0.2130203700518715 0.0001 0.0015846392188539 0.0001 0.0001 0.0010770843195419 0.5555444448888 0.6666333333333333
0 0.0069013604558 0.0660208790875263 0.0001 0.0001092583696903 0.0001 0.0001 0.0001092583696903 0.0001 0.4444555555555555
0 0.0162258061936 0.1327265306535388 0.0001 0.0152419969852539 0.0001 0.0001 0.0152419969852539 0.74995 0.9999
0 0.1077707695384 0.1905380951417426 0.0001 0.9350093643120156 0.6161814503477434 0.9935583910708118 0.8360031090671272 0.9229923076154 0.6666333333333333
0 0.0909909091818 0.1006089944895248 0.0001 0.7395974523060501 0.0001 0.0001 0.7395974523060501 0.9999 0.0001
0 0.0107361703404 0.0084316665486347 0.0001 0.961932364405596 0.8118779105689221 0.0001 0.961932364405596 0.0001 0.2222777777777777
0 0.20006 0.0893678570344604 0.0001 0.0126797544473184 0.0001 0.0001 0.0126797544473184 0.9999 0.0001
0 0.1500699999999999 0.4940488094635891 0.5 0.0129227856267929 0.0001 0.0001 0.0127491919700211 0.8332666663334 0.2222777777777777
0 0.0001 0.0188552665318994 0.0001 0.0006554997816617 0.5766468120601562 0.9999 0.0006554997816617 0.0001 0.0001
0 0.0001 0.0321846791057838 0.0001 0.711598722405132 0.2758397789640208 0.9935583910708118 0.711598722505122 0.0001 0.2222777777777777
0 0.045545454091 0.0208331800964801 0.0001 0.0017450067046323 0.5320109296724792 0.0001 0.0017450067046323 0.0001 0.6666333333333333
0 0.0770076923846 0.0725061503460126 0.0001 0.0509579848321962 0.0001 0.0001 0.0509579848321962 0.0001 0.6666333333333333
0 0.3333666663334 0.0148213653182882 0.0001 0.1376357831786102 0.6676805179591463 0.9935583910708118 0.1376357831786102 0.0001 0.6666333333333333
0 0.0334266663334 0.0303518851424466 0.0001 0.0277790970186199 0.3172007463159851 0.0001 0.0277790970186199 0.0001 0.6666333333333333
0 0.1667333336665999 0.0141387059845284 0.0001 0.2012371965116491 0.6830862222490127 0.9935583910708118 0.2012371965116491 0.0001 0.0001
0 0.0271216215946 0.004515399005978 0.0001 0.847514849131838 0.9002569568340085 0.9935583910708118 0.847514849131838 0.0001 0.2222777777777777
0 0.1334066663333999 0.1230912693996537 0.0001 0.131223398414888 0.0001 0.0001 0.131223398414888 0.8332666663334 0.4444555555555555
0 0.545445454091 0.1399529760881015 0.0001 0.9695280518673988 0.6977216418951675 0.9935583910708118 0.9163968165584496 0.9999 0.0001
0 0.0492704919344 0.392878571356307 0.5 0.0096268205155736 0.0001 0.0001 0.0017016909571328 0.89992 0.4444555555555555
0 0.4285857147142 0.0749149661653351 0.0001 0.6362745011161376 0.6161814503477434 0.9934936808266296 0.6361240533335967 0.0001 0.0001
0 0.0124432098642 0.0321846791057838 0.0001 0.0001 0.2758397789640208 0.0001 0.0001 0.0001 0.0001
0 0.40002 0.1277427744488146 0.5 0.7287227734274586 0.4812183739394952 0.5530754389652344 0.6808224939958648 0.9999 0.2222777777777777
0 0.03134375 0.0801705627530441 0.0001 0.0365701007713404 0.0001 0.0001 0.0365701007713404 0.0001 0.2222777777777777
0 0.1111888887778 0.0271092485015011 0.0001 0.6577561388746552 0.3903778420099519 0.0001 0.6577561388746552 0.0001 0.4444555555555555
0 0.0625875 0.0134901784539988 0.0001 0.1164694796343343 0.6977216418951675 0.0001 0.1164694796343343 0.0001 0.2222777777777777
0 0.125075 0.0631385359687426 0.0001 0.5870284575110952 0.4229009946651793 0.5146375259247403 0.5870119247723562 0.0001 0.6666333333333333
0 0.0228227275454 0.0725061503460126 0.0001 0.3279837199284905 0.0001 0.0001 0.3279837199284905 0.0001 0.0001
0 0.1429285715714 0.024329847111694 0.0001 0.7691778132797805 0.4531010659844927 0.9935583910708118 0.7691778132797805 0.0001 0.0001
0 0.25005 0.046009183415382 0.0001 0.9323591676119866 0.6161814503477434 0.9935583910708118 0.9267264664032464 0.0001 0.6666333333333333
0 0.1035275863448 0.1667333329960992 0.0001 0.9807074840234372 0.0001 0.0001 0.9487199575291524 0.9999 0.0001
0 0.0166256202147999 0.0631385359687426 0.0001 0.0174454792725303 0.4229009946651793 0.5469926710127753 0.0001393479461965 0.0001 0.4444555555555555
0 0.9999 0.0363739231731992 0.0001 0.0003036832332779 0.7249017053215078 0.9935583910708118 0.000255077017381 0.0001 0.4444555555555555
0 0.0001 0.0092747515289612 0.0001 0.7885470090030152 0.7928518657899629 0.93531912931243 0.7885470090030152 0.0001 0.2222777777777777
0 0.0228227275454 0.0363739231731992 0.0001 0.001010953464575 0.1813004266474776 0.0001 0.001010953464575 0.0001 0.6666333333333333
0 0.0286657147142 0.0179535716092325 0.0001 0.9948380086445664 0.5969955221040889 0.9935583910708118 0.9948380086445664 0.0001 0.6666333333333333
0 0.25005 0.0208331800964801 0.0001 0.5408045969277443 0.5320109296724792 0.0001 0.5408045969277443 0.0001 0.6666333333333333
0 0.2222777775556 0.114660416561281 0.0001 0.6417369152358517 0.0001 0.0001 0.1159139799526625 0.59998 0.2222777777777777
0 0.0770076923846 0.325431745614218 0.0001 0.984144638647497 0.0001 0.9935583910708118 0.9839826179278408 0.7691769228462 0.0001
0 0.0870391306956 0.1006089944895248 0.0001 0.5184159736059448 0.0001 0.9999 0.5183465360832421 0.9999 0.0001
0 0.20006 0.0428842340656171 0.0001 0.3011384235270026 0.6514420741309764 0.6764132533646445 0.3011384235270026 0.0001 0.2222777777777777
1 0.4444555551112 0.2772554423798994 0.5 0.4201768369786023 0.0001 0.0001 0.1907752847569388 0.9999 0.6666333333333333
0 0.125075 0.1568146827765493 0.0001 0.7308499846786849 0.0001 0.0001 0.7308499846786849 0.9999 0.6666333333333333
0 0.0286657147142 0.024329847111694 0.0001 0.0099601203245767 0.4531010659844927 0.9935583910708118 0.0099601203245767 0.0001 0.0001
0 0.10008 0.0801705627530441 0.0001 0.426285680843054 0.0001 0.0001 0.426285680843054 0.0001 0.6666333333333333
0 0.25005 0.0303518851424466 0.0001 0.214866779368958 0.3172007463159851 0.9935583910708118 0.214866779368958 0.0001 0.6666333333333333
0 0.1111888887778 0.114660416561281 0.0001 0.3243019427848589 0.0001 0.0001 0.3243019427848589 0.6666333336666 0.0001
0 0.0130844155974 0.0660208790875263 0.0001 0.5869573667545147 0.0001 0.0001 0.5869573667545147 0.0001 0.6666333333333333
0 0.0299447758508 0.0801705627530441 0.0001 0.8766124544143551 0.2307187248240624 0.0001 0.6172965800764111 0.0001 0.6666333333333333
0 0.0334266663334 0.0660208790875263 0.0001 0.0001347187113563 0.0001 0.0001 0.0001347187113563 0.0001 0.2222777777777777
0 0.0073449277246 0.03418409033426 0.0001 0.0597660724682752 0.2307187248240624 0.9951114379310516 0.0597660724682752 0.0001 0.2222777777777777
1 0.1334066663333999 0.1327265306535388 0.5 0.9982586305298872 0.8608020262584182 0.9935583910708118 0.9881901977371922 0.8665933336666 0.6666333333333333
0 0.0164901643114 0.0141387059845284 0.0001 0.7987234555421542 0.6830862222490127 0.9935583910708118 0.7987234555421542 0.0001 0.0001
0 0.20006 0.0414451127211006 0.0001 0.8266396319383043 0.0668580519227549 0.9934936808266296 0.8266396319383043 0.0001 0.4444555555555555
0 0.0286657147142 0.0556444446692672 0.0001 0.1035271073239817 0.0001 0.9935583910708118 0.1035271073239817 0.0001 0.0001
0 0.1177235295882 0.1327265306535388 0.0001 0.2284765229197818 0.0001 0.0001 0.2263140418125798 0.9999 0.6666333333333333
0 0.05009 0.0556444446692672 0.0001 0.9037453100210036 0.0001 0.0001 0.9037453100210036 0.0001 0.4444555555555555
0 0.0345758624482 0.0893678570344604 0.0001 0.7058276973955956 0.0001 0.0001 0.7058276973955956 0.9999 0.0001
0 0.0834166663334 0.0556444446692672 0.0001 0.0084117575088671 0.0001 0.9999 0.0084117575088671 0.0001 0.6666333333333333
0 0.0435695653478 0.0163004630706905 0.0001 0.7951094006935768 0.6343014926319703 0.9870873626531236 0.7951094006935768 0.0001 0.6666333333333333
0 0.0667533336666 0.1006089944895248 0.0001 0.2602226715684599 0.0001 0.0001 0.2602226715684599 0.9999 0.6666333333333333
0 0.1429285715714 0.004515399005978 0.0001 0.6811377180211787 0.9002569568340085 0.9999 0.6811377180211787 0.0001 0.6666333333333333
0 0.0286657147142 0.0801705627530441 0.0001 0.1455560631243551 0.0001 0.0001 0.1455560631243551 0.0001 0.2222777777777777
0 0.0625875 0.046009183415382 0.0001 0.9904667546817008 0.6161814503477434 0.0001 0.8391046492147689 0.0001 0.6666333333333333
0 0.0667533336666 0.0256680774479604 0.0001 0.3934665580101446 0.4229009946651793 0.5146375259247403 0.3934665580101446 0.0001 0.6666333333333333
0 0.0031205437704 0.0076534337143396 0.0001 0.9170055516908586 0.8294404136369463 0.9934936808266296 0.9170055516908586 0.0001 0.4444555555555555
0 0.6249750000000001 0.2411232141953837 0.0001 0.9869684290042976 0.126940298526394 0.9935583910708118 0.9869684290042976 0.9999 0.0001
0 0.0541432431892 0.325431745614218 0.0001 0.0977522246020802 0.0001 0.0001 0.0977175058907238 0.7777222224444 0.6666333333333333
0 0.20006 0.0761717392843895 0.0001 0.0971091014250885 0.2758397789640208 0.0001 0.0969173217956995 0.0001 0.6666333333333333
0 0.25005 0.0076534337143396 0.0001 0.2520862537409186 0.8294404136369463 0.9934936808266296 0.2520862537409186 0.0001 0.4444555555555555
0 0.5 0.0725061503460126 0.0001 0.8295004555738865 0.0001 0.0001 0.8295004555738865 0.0001 0.4444555555555555
0 0.1875625 0.0861043014233814 0.0001 0.5977681190566466 0.5320109296724792 0.9935583910708118 0.0995609053602368 0.0001 0.6666333333333333
0 0.0741592591852 0.0236959477858923 0.0001 0.0570502959579087 0.8679546737274111 0.9935583910708118 0.0570155772465523 0.0001 0.0001
0 0.1111888887778 0.2411232141953837 0.5 0.5073869892324472 0.0001 0.0001 0.5073406975839754 0.7999400000000001 0.4444555555555555
1 0.0817163264694 0.1230912693996537 0.9999 0.2126226265683807 0.5074611941055762 0.9935583910708118 0.2125369869737124 0.9258407408148 0.4444555555555555
0 0.0435695653478 0.0761717392843895 0.0001 0.571169931924854 0.2758397789640208 0.0001 0.571169931924854 0.0001 0.4444555555555555
0 0.30004 0.2310061903846554 0.0001 0.252250589028 0.3552528358739034 0.0001 0.0102108667288015 0.874925 0.2222777777777777
0 0.05009 0.0725061503460126 0.0001 0.9211681625188326 0.0001 0.0001 0.9211681625188326 0.0001 0.6666333333333333
1 0.1613580649354 0.9999 0.9999 0.5107547063338044 0.0001 0.0001 0.5107547063338044 0.8570714284286001 0.4444555555555555
0 0.0087939128695999 0.0477095232795844 0.0001 0.0001115729371154 0.0001 0.0001 0.0001115729371154 0.0001 0.4444555555555555
0 0.05009 0.0278722218287824 0.0001 0.8336967932128859 0.8208313440029749 0.9935583910708118 0.7981525253109919 0.0001 0.2222777777777777
0 0.1111888887778 0.1905380951417426 0.0001 0.0103106142058662 0.0001 0.0001 0.0103106142058662 0.3333666663334 0.6666333333333333
0 0.9999 0.0331621687474359 0.0001 0.6189382802132977 0.7611417911583644 0.9935583910708118 0.61887270030297 0.0001 0.2222777777777777
0 0.0417583336666 0.325431745614218 0.0001 0.0183828850790921 0.0001 0.0001 0.0016831742177521 0.7894157892632 0.4444555555555555
1 0.59998 0.9999 0.9999 0.3331143771841618 0.0001 0.0001 0.0008175205013181 0.59998 0.2222777777777777
0 0.10008 0.0556444446692672 0.0001 0.3410782063539458 0.0001 0.9999 0.3410782063539458 0.0001 0.6666333333333333
0 0.10008 0.03418409033426 0.0001 0.0003198853052436 0.2307187248240624 0.9935583910708118 0.0003198853052436 0.0001 0.2222777777777777
0 0.1291064515484 0.3560893942306415 0.0001 0.5082279540297002 0.0001 0.0001 0.2712455939510851 0.6666333336666 0.2222777777777777
0 0.0286657147142 0.0286657141700911 0.0001 0.0298099776494452 0.3552528358739034 0.0001 0.0298099776494452 0.0001 0.4444555555555555
0 0.0117255814185999 0.024329847111694 0.0001 0.0681757212407251 0.4531010659844927 0.0001 0.0681757212407251 0.0001 0.2222777777777777
0 0.0130844155974 0.0256680774479604 0.0001 0.002599748817498 0.4229009946651793 0.0001 0.002599748817498 0.0001 0.0001
0 0.0770076923846 0.1905380951417426 0.0001 0.0719145431523217 0.0001 0.0001 0.0719145431523217 0.9999 0.4444555555555555
0 0.25005 0.1187398615809809 0.0001 0.9224054719901454 0.5320109296724792 0.9999 0.8316877357891973 0.7999400000000001 0.4444555555555555
0 0.1471294122351999 0.0893678570344604 0.5 0.959131719923026 0.8118779105689221 0.0001 0.94138658940869 0.9999 0.2222777777777777
0 0.0105145836665999 0.0363739231731992 0.0001 0.948604228357978 0.1813004266474776 0.0001 0.948604228357978 0.0001 0.0001
0 0.0909909091818 0.0660208790875263 0.0001 0.0588903888596759 0.3903778420099519 0.0001 0.0587283681400195 0.0001 0.0001
0 0.1429285715714 0.0444033072142027 0.0001 0.9909425666706388 0.0001 0.0001 0.9909425666706388 0.0001 0.4444555555555555
0 0.0371296295926 0.1438441392478743 0.0001 0.8124555412996542 0.0001 0.0001 0.8121579522023283 0.9999 0.6666333333333333
0 0.0082950816558 0.0604620742845073 0.0001 0.716410763676324 0.0001 0.0001 0.716410763676324 0.0001 0.6666333333333333
0 0.0909909091818 0.0352535437223516 0.0001 0.1833524195294227 0.7375435962901706 0.9935583910708118 0.0721228555204499 0.0001 0.4444555555555555
0 0.05009 0.1327265306535388 0.0001 0.0129771782612525 0.0001 0.0001 0.0129771782612525 0.9999 0.9999
0 0.029505882647 0.0477095232795844 0.0001 0.3245465653044307 0.0001 0.0001 0.3245465653044307 0.0001 0.2222777777777777
0 0.0031205437704 0.0556444446692672 0.0001 0.0535475615235113 0.0001 0.0001 0.0535475615235113 0.0001 0.2222777777777777
0 0.0271216215946 0.0477095232795844 0.0001 0.9141439565328014 0.0001 0.9935583910708118 0.9141439565328014 0.0001 0.2222777777777777
0 0.0909909091818 0.0271092485015011 0.0001 0.7612156503425682 0.3903778420099519 0.9999 0.7612156503425682 0.0001 0.0001
0 0.0909909091818 0.1568146827765493 0.0001 0.9802379545032176 0.0001 0.0001 0.9802379545032176 0.9999 0.6666333333333333
0 0.1539153847692 0.2411232141953837 0.0001 0.0273634641826943 0.0001 0.0001 0.0273472621107287 0.6666333336666 0.4444555555555555
0 0.8570714284286001 0.204990986010868 0.5 0.5557948234633631 0.4531010659844927 0.9935583910708118 0.4517989901867262 0.5 0.6666333333333333
0 0.040092 0.0423959612039519 0.0001 0.9207227707731744 0.8608020262584182 0.9935583910708118 0.920713512403484 0.0001 0.4444555555555555
0 0.25005 0.107221428643693 0.0001 0.201360640907574 0.0001 0.0001 0.2000066102647659 0.9999 0.2222777777777777
1 0.120076 0.1006089944895248 0.5 0.0525021418705153 0.4229009946651793 0.0001 0.0524442772849281 0.9999 0.6666333333333333
1 0.0242643501632 0.1641458586298982 0.5 0.986158325206036 0.7721713821139808 0.9935583910708118 0.4851669996658058 0.8481446431428 0.0001
0 0.0909909091818 0.03418409033426 0.0001 0.6665338062674544 0.2307187248240624 0.9935583910708118 0.6665338062674544 0.0001 0.2222777777777777
0 0.0520376623896 0.1641458586298982 0.0001 0.7665345603820168 0.2758397789640208 0.0001 0.7665229874449012 0.9229923076154 0.4444555555555555
1 0.1334066663333999 0.6626658733129602 0.9999 0.2078205296979445 0.0001 0.9935583910708118 0.1776598698344437 0.8181181816364 0.6666333333333333
0 0.1905380947619999 0.2262452383602077 0.0001 0.297477525985324 0.0001 0.9935583910708118 0.297477525985324 0.9999 0.2222777777777777
0 0.045545454091 0.046009183415382 0.0001 0.5084401241101935 0.6161814503477434 0.9934936808266296 0.5083938324617218 0.0001 0.0001
0 0.5 0.0845502264075178 0.0001 0.0105966304660667 0.1813004266474776 0.0001 0.0011415620406208 0.0001 0.0001
0 0.1429285715714 0.024329847111694 0.0001 0.0001231457742409 0.4531010659844927 0.9935583910708118 0.0001231457742409 0.0001 0.2222777777777777
0 0.10008 0.0477095232795844 0.0001 0.6015634828867361 0.0001 0.0001 0.6015634828867361 0.0001 0.2222777777777777
0 0.0715142852858 0.0363739231731992 0.0001 0.0059310939736208 0.1813004266474776 0.0001 0.0059310939736208 0.0001 0.6666333333333333
0 0.0909909091818 0.1905380951417426 0.0001 0.9843645239527408 0.0001 0.9935583910708118 0.9843645239527408 0.9999 0.0001
0 0.0286657147142 0.0387827379808193 0.0001 0.5743131345861172 0.126940298526394 0.0001 0.5743131345861172 0.0001 0.0001
0 0.0228227275454 0.0171034016771313 0.0001 0.8305208556409279 0.6161814503477434 0.9988646350932188 0.8305208556409279 0.0001 0.6666333333333333
0 0.0345758624482 0.1327265306535388 0.0001 0.1712286377645571 0.0001 0.0001 0.1709740337479571 0.9999 0.0001
0 0.0625875 0.0256680774479604 0.0001 0.8555117307804067 0.4229009946651793 0.0001 0.8555117307804067 0.0001 0.0001
0 0.010098 0.1006089944895248 0.0001 0.8747227632963702 0.0001 0.0001 0.8747227632963702 0.6666333336666 0.0001
0 0.3333666663334 0.0405270525007175 0.0001 0.0735185485768897 0.8748606789675165 0.9935583910708118 0.0734606840912923 0.0001 0.0001
0 0.25005 0.1905380951417426 0.0001 0.0001115729371154 0.0001 0.0001 0.0001115729371154 0.9999 0.4444555555555555
0 0.0909909091818 0.0556444446692672 0.0001 0.9446578657007184 0.0001 0.0001 0.9446578657007184 0.0001 0.2222777777777777
0 0.1111888887778 0.0801705627530441 0.0001 0.000102314567425 0.0001 0.9935583910708118 0.000102314567425 0.0001 0.4444555555555555
0 0.20006 0.0208331800964801 0.0001 0.0005976351960745 0.5320109296724792 0.9935583910708118 0.0005976351960745 0.0001 0.0001
1 0.1364363632728 0.1006089944895248 0.5 0.7594532613328733 0.4229009946651793 0.9988646350932188 0.7594020098827776 0.74995 0.6666333333333333
0 0.0308630771538 0.0845502264075178 0.0001 0.9069301751958884 0.1813004266474776 0.0001 0.7692356778653676 0.0001 0.0001
0 0.25005 0.0556444446692672 0.0001 0.0388113879598633 0.0001 0.9935583910708118 0.0388113879598633 0.0001 0.2222777777777777
0 0.25005 0.0725061503460126 0.0001 0.0005629164847181 0.0001 0.0001 0.0005629164847181 0.0001 0.0001
0 0.021834782174 0.1006089944895248 0.0001 0.0001 0.0001 0.0001 0.0001 0.8332666663334 0.4444555555555555
0 0.2353470591764 0.2579849208838315 0.5 0.7676463313678253 0.0001 0.0001 0.7676270432059595 0.8888111112222 0.2222777777777777
1 0.1596425531064 0.4940488094635891 0.9999 0.9872709780032376 0.5074611941055762 0.6764132533646445 0.700355363672634 0.884538461923 0.6666333333333333
0 0.25005 0.0761717392843895 0.0001 0.8363635225516641 0.7721713821139808 0.9935583910708118 0.714446209680793 0.0001 0.6666333333333333
1 0.7999400000000001 0.392878571356307 0.9999 0.0026113217546134 0.0001 0.0001 0.0026014020513759 0.9999 0.6666333333333333
0 0.0715142852858 0.0893678570344604 0.0001 0.9943172275742612 0.126940298526394 0.9999 0.9942825088629046 0.9999 0.0001
0 0.125075 0.024329847111694 0.0001 0.0352006396790317 0.4531010659844927 0.9935583910708118 0.0352006396790317 0.0001 0.2222777777777777
0 0.545445454091 0.0596119043524061 0.0001 0.5306154752622412 0.9999 0.9935583910708118 0.5306039023251257 0.0001 0.6666333333333333
1 0.3478565217826 0.4642928567815348 0.9999 0.277413955635002 0.0001 0.0001 0.0020365338110859 0.9999 0.2222777777777777
0 0.080084 0.0579701966879964 0.0001 0.6967275316084336 0.4812183739394952 0.0001 0.6967275316084336 0.0001 0.2222777777777777
1 0.0363246376232 0.2544350878967898 0.9999 0.8051398082071696 0.0668580519227549 0.0001 0.8051348483055558 0.8655985076716001 0.6666333333333333
1 0.1111888887778 0.7108421765472788 0.5 0.0555954157487773 0.0001 0.0001 0.0538578257472014 0.8181181816364 0.6666333333333333
1 0.239182608913 0.3359703124209607 0.9999 0.6469331523018607 0.5550263060529741 0.9935583910708118 0.6005604971698467 0.9410882357058 0.0001
0 0.25005 0.0286657141700911 0.0001 0.9491983044633712 0.8118779105689221 0.0001 0.949163585752015 0.0001 0.2222777777777777
0 0.0031205437704 0.0387827379808193 0.0001 0.4696477257905019 0.126940298526394 0.9999 0.4696477257905019 0.0001 0.0001
0 0.5 0.0286657141700911 0.0001 0.7992581240170104 0.3552528358739034 0.0001 0.7992581240170104 0.0001 0.4444555555555555
0 0.0174878257392 0.1568146827765493 0.0001 0.7955987695202816 0.0001 0.0001 0.7955673573766712 0.9267439021464 0.6666333333333333
0 0.0105145836665999 0.03418409033426 0.0001 0.860008964084478 0.2307187248240624 0.0001 0.860008964084478 0.0001 0.4444555555555555
0 0.017640351228 0.0514290177442296 0.0001 0.0203393683855909 0.0001 0.0001 0.0203393683855909 0.0001 0.6666333333333333
0 0.0150223879254 0.0660208790875263 0.0001 0.1599496785093097 0.0001 0.0001 0.1599496785093097 0.0001 0.4444555555555555
0 0.5 0.0271092485015011 0.0001 0.8588748187469136 0.3903778420099519 0.0001 0.8588748187469136 0.0001 0.4444555555555555
0 0.9999 0.169785225293522 0.0001 0.8656363748248209 0.6830862222490127 0.9935583910708118 0.7497915337731772 0.9999 0.6666333333333333
0 0.1667333336665999 0.0893678570344604 0.0001 0.4554527235482838 0.0001 0.0001 0.4554527235482838 0.9999 0.6666333333333333
0 0.0228227275454 0.0387827379808193 0.0001 0.9628389091131764 0.126940298526394 0.0001 0.9628389091131764 0.0001 0.0001
1 0.0520376623896 0.5663132648209183 0.5 0.0188944077797071 0.0001 0.0001 0.018558793303289 0.7741387092904 0.0001
0 0.0556444448888 0.1438441392478743 0.0001 0.4826407985063209 0.0001 0.0001 0.4826325321369513 0.9999 0.6666333333333333
0 0.1429285715714 0.1905380951417426 0.0001 0.0009575527304461 0.0001 0.0001 0.0009575527304461 0.74995 0.9999
0 0.015481538077 0.0387827379808193 0.0001 0.9234022854272445 0.126940298526394 0.6764779636088267 0.9234022854272445 0.0001 0.2222777777777777
0 0.0150223879254 0.1568146827765493 0.0001 0.0001231457742409 0.0001 0.0001 0.0001231457742409 0.8063903226774001 0.0001
0 0.5 0.0321846791057838 0.0001 0.0408019286441714 0.7721713821139808 0.9935583910708118 0.0001462916484718 0.0001 0.0001
0 0.0031205437704 0.0080349203779803 0.0001 0.9788365300226888 0.8208313440029749 0.9935583910708118 0.9788365300226888 0.0001 0.2222777777777777
0 0.1305086960433999 0.1568146827765493 0.0001 0.0081508885217907 0.0001 0.0001 0.0081508885217907 0.9999 0.2222777777777777
0 0.1364363632728 0.0928564860742567 0.5 0.0332371023813397 0.4812183739394952 0.9935583910708118 0.0330442205627021 0.74995 0.2222777777777777
1 0.2105842107367999 0.2772554423798994 0.9999 0.2627521792956905 0.0001 0.9935583910708118 0.2372306035826487 0.9999 0.6666333333333333
0 0.125075 0.0069328486934205 0.0001 0.9777167131453562 0.8457019905987614 0.9999 0.9777167131453562 0.0001 0.6666333333333333
0 0.20006 0.1006089944895248 0.0001 0.0551523385705442 0.0001 0.0001 0.0551523385705442 0.6666333336666 0.0001
0 0.03134375 0.0604620742845073 0.0001 0.1316294422143497 0.0001 0.0001 0.1316294422143497 0.0001 0.6666333333333333
0 0.09383125 0.3675860118294864 0.0001 0.2764032546933624 0.0001 0.0001 0.2761949423252342 0.9229923076154 0.0001
0 0.0334266663334 0.1230912693996537 0.0001 0.0394710438755942 0.0001 0.0001 0.0029276479691759 0.8420368419474 0.2222777777777777
0 0.5 0.0072863435755817 0.0001 0.2746719471605044 0.8377246122879141 0.9999 0.2746719471605044 0.0001 0.4444555555555555
0 0.40002 0.0591942776563088 0.0001 0.8040817134278095 0.8679546737274111 0.9935583910708118 0.7296678944587708 0.0001 0.0001
0 0.1305086960433999 0.1261570341601258 0.0001 0.9392263126799852 0.2307187248240624 0.9935583910708118 0.3208046573029339 0.9999 0.2222777777777777
0 0.9999 0.2411232141953837 0.0001 0.0017664992449953 0.0001 0.0001 0.0016083361377141 0.0001 0.2222777777777777
0 0.0625875 0.0761717392843895 0.0001 0.9688799687887932 0.2758397789640208 0.9935583910708118 0.9687758125547344 0.0001 0.0001
0 0.0173379307242 0.0047829042442598 0.0001 0.0197541097941865 0.8942201374235851 0.9935583910708118 0.0197541097941865 0.0001 0.6666333333333333
0 0.040092 0.0893678570344604 0.0001 0.9957605349462668 0.0001 0.0001 0.9957605349462668 0.9999 0.6666333333333333
0 0.0267613336666 0.2130203700518715 0.0001 0.9998837979280344 0.0001 0.0001 0.9998683673785438 0.8918135136216 0.2222777777777777
0 0.0371296295926 0.0065922074900109 0.0001 0.0024184398359859 0.85338928134167 0.9993176078023596 0.0024184398359859 0.0001 0.2222777777777777
0 0.0667533336666 0.0444033072142027 0.0001 0.605025987663534 0.0001 0.0001 0.605025987663534 0.0001 0.6666333333333333
0 0.0358071431428 0.0556444446692672 0.0001 0.2278416661121597 0.0001 0.9935583910708118 0.2278416661121597 0.0001 0.6666333333333333
0 0.0492704919344 0.0801705627530441 0.0001 0.1374588829540926 0.5766468120601562 0.0001 0.0399686790716687 0.0001 0.0001
0 0.0121821750816 0.4940488094635891 0.0001 0.1393244361975257 0.0001 0.0001 0.1393244361975257 0.8481446431428 0.4444555555555555
0 0.0770076923846 0.0725061503460126 0.0001 0.0001016532338779 0.0001 0.0001 0.0001016532338779 0.0001 0.6666333333333333
0 0.0308630771538 0.046009183415382 0.0001 0.9683707607555934 0.6161814503477434 0.9935583910708118 0.9674217820119162 0.0001 0.0001
0 0.0282633801972 0.1721435065789099 0.0001 0.5247602435140587 0.0001 0.0001 0.5247602435140587 0.9999 0.4444555555555555
0 0.1429285715714 0.114660416561281 0.0001 0.7283651153660482 0.0001 0.0001 0.7283651153660482 0.9999 0.6666333333333333
0 0.0883176469412 0.0953190475708713 0.0001 0.270413446567831 0.9999 0.9934936808266296 0.0990930290738949 0.8888111112222 0.6666333333333333
0 0.030396969394 0.0303518851424466 0.0001 0.0001115729371154 0.3172007463159851 0.0001 0.0001115729371154 0.0001 0.0001
0 0.0186148152962 0.0141387059845284 0.0001 0.2620412719298641 0.6830862222490127 0.9934936808266296 0.2620412719298641 0.0001 0.6666333333333333
0 0.1111888887778 0.1905380951417426 0.0001 0.2345208890631546 0.0001 0.0001 0.2345208890631546 0.74995 0.4444555555555555
0 0.0385538456924 0.0080349203779803 0.0001 0.7265509237616384 0.8208313440029749 0.9935583910708118 0.7265509237616384 0.0001 0.2222777777777777
0 0.5 0.0101911485106298 0.0001 0.9867022520505824 0.7721713821139808 0.9935583910708118 0.9867022520505824 0.0001 0.0001
0 0.2143428568571999 0.3675860118294864 0.0001 0.0098675370276331 0.0001 0.0001 0.0097980996049203 0.5555444448888 0.0001
0 0.095319047381 0.1721435065789099 0.0001 0.2287112877298867 0.0001 0.0001 0.2287020293601964 0.9165833336666 0.4444555555555555
0 0.0413288655774 0.0823094685175249 0.5 0.3611053917603396 0.7375435962901706 0.9934936808266296 0.3603492948353 0.0001 0.2222777777777777
0 0.5714142852858 0.1764213181078715 0.0001 0.2251560893672273 0.7375435962901706 0.9935583910708118 0.2251560893672273 0.74995 0.4444555555555555
0 0.0103020411836 0.0230839083134385 0.0001 0.0001192881618657 0.4812183739394952 0.5530754389652344 0.0001192881618657 0.0001 0.2222777777777777
0 0.0001 0.0303518851424466 0.0001 0.9660716089814833 0.3172007463159851 0.9934936808266296 0.9660716089814833 0.0001 0.2222777777777777
0 0.25005 0.0092747515289612 0.0001 0.8832712871142255 0.7928518657899629 0.93531912931243 0.8832712871142255 0.0001 0.2222777777777777
0 0.0073449277246 0.0387827379808193 0.0001 0.9180401699292142 0.126940298526394 0.0001 0.9180401699292142 0.0001 0.0001
0 0.2174478257392 0.0958255320870982 0.0001 0.4491570598560668 0.7827316297181688 0.9935583910708118 0.4491041551720933 0.7777222224444 0.6666333333333333
0 0.0770076923846 0.0198133183357039 0.0001 0.5065884583713008 0.5550263060529741 0.9935583910708118 0.5065884583713008 0.0001 0.2222777777777777
0 0.0541432431892 0.2411232141953837 0.0001 0.94207875975727 0.0001 0.0001 0.94207875975727 0.6363363632728 0.6666333333333333
0 0.017640351228 0.0065922074900109 0.0001 0.0002002985216939 0.85338928134167 0.9993176078023596 0.0002002985216939 0.0001 0.2222777777777777
0 0.045545454091 0.0514290177442296 0.0001 0.4620096043925924 0.0001 0.0001 0.4620096043925924 0.0001 0.2222777777777777
0 0.10008 0.0263750672122827 0.0001 0.0869398190660703 0.8377246122879141 0.9935583910708118 0.0869348592644466 0.0001 0.6666333333333333
0 0.9999 0.2262452383602077 0.0001 0.9455258339845772 0.0001 0.9935583910708118 0.945440966012374 0.9999 0.2222777777777777
0 0.029505882647 0.0128732868569253 0.0001 0.0311346901382322 0.7116431383842602 0.9935583910708118 0.0311346901382322 0.0001 0.2222777777777777
0 0.40002 0.1327265306535388 0.0001 0.787115825612754 0.0001 0.0001 0.7868982548749355 0.9999 0.4444555555555555
0 0.0001 0.0256680774479604 0.0001 0.9788511890497044 0.4229009946651793 0.9935583910708118 0.9788511890497044 0.0001 0.4444555555555555
0 0.30004 0.0830447171527553 0.5 0.998493395240002 0.5550263060529741 0.9934936808266296 0.9984619830963914 0.0001 0.6666333333333333
0 0.05009 0.0444033072142027 0.0001 0.0001347187113563 0.0001 0.0001 0.0001347187113563 0.0001 0.0001
0 0.9999 0.2411232141953837 0.0001 0.0202484384225152 0.0001 0.0001 0.0202352122515218 0.9999 0.6666333333333333
0 0.0105145836665999 0.0106798938373071 0.0001 0.9054681307066462 0.7611417911583644 0.9935583910708118 0.9054681307066462 0.0001 0.2222777777777777
0 0.0572314284286 0.1327265306535388 0.0001 0.0001424340360966 0.0001 0.0001 0.0001231457742409 0.9999 0.2222777777777777
0 0.0130844155974 0.0363739231731992 0.0001 0.8085990064162216 0.1813004266474776 0.0001 0.8085990064162216 0.0001 0.2222777777777777
0 0.0715142852858 0.0556444446692672 0.0001 0.8849809918178025 0.0001 0.0001 0.8849809918178025 0.0001 0.4444555555555555
0 0.040092 0.1568146827765493 0.0001 0.0006902184930181 0.0001 0.0001 0.0006902184930181 0.9090090908182 0.0001
0 0.0118623530587999 0.0256680774479604 0.0001 0.8713120611142872 0.4229009946651793 0.9988646350932188 0.8713120611142872 0.0001 0.6666333333333333
0 0.40002 0.0845502264075178 0.0001 0.2522968806764719 0.1813004266474776 0.0001 0.2522968806764719 0.0001 0.0001
0 0.0286657147142 0.0188552665318994 0.0001 0.1032906892799988 0.5766468120601562 0.9935583910708118 0.1032906892799988 0.0001 0.6666333333333333
0 0.0345758624482 0.0363739231731992 0.0001 0.0002504478825308 0.1813004266474776 0.0001 0.0002504478825308 0.0001 0.0001
0 0.1053421053684 0.1438441392478743 0.0001 0.9627347529791072 0.0001 0.9999 0.9446925844120748 0.9090090908182 0.0001
0 0.0492704919344 0.1327265306535388 0.0001 0.9965045077895718 0.1813004266474776 0.9935583910708118 0.9964906202850312 0.8332666663334 0.4444555555555555
0 0.0556444448888 0.0208331800964801 0.0001 0.0001049598016237 0.5320109296724792 0.9935583910708118 0.0001049598016237 0.0001 0.6666333333333333
0 0.0345758624482 0.0042563870091852 0.0001 0.8877687407961526 0.9061021319689854 0.9870873626531236 0.8877687407961526 0.0001 0.6666333333333333
0 0.021834782174 0.1721435065789099 0.0001 0.9790409848784318 0.0001 0.9935583910708118 0.9789831202928446 0.9031451608388 0.0001
0 0.2857571431428 0.392878571356307 0.0001 0.0117010167939086 0.0001 0.0001 0.011692750424539 0.74995 0.6666333333333333
0 0.0150223879254 0.004515399005978 0.0001 0.8197679679243833 0.9002569568340085 0.9935583910708118 0.8197679679243833 0.0001 0.6666333333333333
0 0.5 0.0387827379808193 0.0001 0.1472881421796881 0.126940298526394 0.0001 0.1472881421796881 0.0001 0.2222777777777777
0 0.0173379307242 0.0387827379808193 0.0001 0.0001154305494906 0.126940298526394 0.0001 0.0001154305494906 0.0001 0.2222777777777777
0 0.125075 0.0725061503460126 0.0001 0.5468208574952524 0.0001 0.0001 0.5468208574952524 0.0001 0.6666333333333333
0 0.0834166663334 0.0188552665318994 0.0001 0.6778721731532391 0.5766468120601562 0.9935583910708118 0.6778721731532391 0.0001 0.4444555555555555
1 0.0580594197972 0.1905380951417426 0.9999 0.9305620598909352 0.6977216418951675 0.9935583910708118 0.9305296556470142 0.8655985076716001 0.4444555555555555
0 0.0271216215946 0.0801705627530441 0.0001 0.0450414718417427 0.0001 0.9935583910708118 0.0450414718417427 0.0001 0.2222777777777777
0 0.0286657147142 0.0387827379808193 0.0001 0.9871420226610697 0.126940298526394 0.9935583910708118 0.9871420226610697 0.0001 0.4444555555555555
0 0.0150223879254 0.0208331800964801 0.0001 0.5155227457264414 0.5320109296724792 0.9999 0.5155227457264414 0.0001 0.0001
0 0.5 0.325431745614218 0.0001 0.2200646697688347 0.0001 0.0001 0.0044894399354828 0.5 0.6666333333333333
0 0.0378283018302 0.1327265306535388 0.0001 0.0144618133805184 0.0001 0.0001 0.0144264684320883 0.7825521742608 0.2222777777777777
0 0.0909909091818 0.0080349203779803 0.0001 0.0973379144332489 0.8208313440029749 0.8252469239691724 0.0973379144332489 0.0001 0.4444555555555555
0 0.3333666663334 0.1905380951417426 0.0001 0.9968979867515873 0.0001 0.9935583910708118 0.9968979867515873 0.9999 0.0001
0 0.0409081637346 0.0845502264075178 0.0001 0.9269066731955098 0.1813004266474776 0.0001 0.9269066731955098 0.0001 0.6666333333333333
0 0.025095 0.0660208790875263 0.0001 0.641613470839927 0.0001 0.0001 0.641613470839927 0.0001 0.2222777777777777
1 0.375025 0.3675860118294864 0.9999 0.4464787575801732 0.0001 0.9935583910708118 0.1754296045384069 0.874925 0.0001
0 0.0541432431892 0.392878571356307 0.0001 0.0012506780763036 0.0001 0.0001 0.0004339611425502 0.74995 0.6666333333333333
1 0.160068 0.2130203700518715 0.9999 0.0618954880979988 0.0001 0.0001 0.0618144777381706 0.74995 0.2222777777777777
0 0.0334266663334 0.114660416561281 0.0001 0.97988580738805 0.0001 0.0001 0.97988580738805 0.9999 0.0001
0 0.0556444448888 0.0477095232795844 0.0001 0.0056070524343181 0.5969955221040889 0.9935583910708118 0.0055905196955789 0.0001 0.6666333333333333
0 0.0811648647838 0.3675860118294864 0.0001 0.0711345289305661 0.0001 0.0001 0.0710187997593916 0.8570714284286001 0.0001
0 0.0209291663333999 0.0092747515289612 0.0001 0.7429960305063885 0.7928518657899629 0.93531912931243 0.7429960305063885 0.0001 0.2222777777777777
0 0.018964151415 0.0477095232795844 0.0001 0.1758230835004223 0.0001 0.0001 0.1758230835004223 0.0001 0.0001
0 0.015481538077 0.0604620742845073 0.0001 0.8093455579004167 0.0001 0.0001 0.8093455579004167 0.0001 0.6666333333333333
0 0.0589117642942 0.0363739231731992 0.0001 0.2946768815027542 0.1813004266474776 0.0001 0.2946768815027542 0.0001 0.0001
0 0.1111888887778 0.0604620742845073 0.0001 0.590137933361333 0.0001 0.0001 0.590137933361333 0.0001 0.4444555555555555
0 0.0589117642942 0.1568146827765493 0.0001 0.1429097241366913 0.0001 0.0001 0.1429097241366913 0.74995 0.4444555555555555
0 0.0124432098642 0.0230839083134385 0.0001 0.4236916954947344 0.4812183739394952 0.9935583910708118 0.4236916954947344 0.0001 0.0001
0 0.0477095241904 0.0604620742845073 0.0001 0.0001049598016237 0.0001 0.0001 0.0001049598016237 0.0001 0.6666333333333333
0 0.0770076923846 0.114660416561281 0.0001 0.0001231457742409 0.0001 0.93531912931243 0.0001231457742409 0.9999 0.2222777777777777
1 0.3600279999999999 0.3384022891428931 0.9999 0.8591456248354792 0.3903778420099519 0.9935583910708118 0.8591456248354792 0.9090090908182 0.0001
0 0.0690517238966 0.2772554423798994 0.0001 0.9083767891356402 0.0001 0.0001 0.9082263412531092 0.8234647061175999 0.0001
1 0.2174478257392 0.9999 0.9999 0.0708914977510916 0.0001 0.0001 0.0694217380370989 0.7999400000000001 0.0001
0 0.10008 0.1568146827765493 0.0001 0.9573417763820956 0.0001 0.9999 0.9570061619056776 0.874925 0.0001
0 0.115461538077 0.0622246227164196 0.0001 0.4471351070281482 0.7116431383842602 0.9934936808266296 0.3384720840251876 0.0001 0.6666333333333333
0 0.0770076923846 0.0208331800964801 0.0001 0.0001925832969436 0.9002569568340085 0.9935583910708118 0.0001777037920823 0.0001 0.6666333333333333
0 0.2222777775556 0.046009183415382 0.0001 0.9051749503663146 0.6161814503477434 0.9935583910708118 0.7831463170812633 0.0001 0.2222777777777777
0 0.2143428568571999 0.0527743664184493 0.0001 0.901003191357578 0.7827316297181688 0.9935583910708118 0.901003191357578 0.0001 0.6666333333333333
0 0.0001 0.1568146827765493 0.0001 0.0210238234094307 0.0001 0.0001 0.0210238234094307 0.9999 0.0001
0 0.0741592591852 0.0286657141700911 0.0001 0.9741379281527546 0.8118779105689221 0.0001 0.974122497603264 0.0001 0.2222777777777777
0 0.1429285715714 0.0845502264075178 0.0001 0.5389297853146209 0.1813004266474776 0.0001 0.0001429850807259 0.0001 0.6666333333333333
0 0.0667533336666 0.0001 0.0001 0.756343454715872 0.9999 0.9935583910708118 0.756343454715872 0.0001 0.2222777777777777
0 0.1111888887778 0.0556444446692672 0.0001 0.9905120544298418 0.0001 0.0001 0.9905120544298418 0.0001 0.4444555555555555
0 0.0150223879254 0.0188552665318994 0.0001 0.9788773108249076 0.5766468120601562 0.9935583910708118 0.9788773108249076 0.0001 0.6666333333333333
0 0.0667533336666 0.0660208790875263 0.0001 0.4607646897854672 0.0001 0.0001 0.4607646897854672 0.0001 0.6666333333333333
0 0.045545454091 0.2411232141953837 0.0001 0.2377265855448453 0.0001 0.0001 0.1199606412316062 0.9165833336666 0.0001
0 0.20006 0.0604620742845073 0.0001 0.9998391595134404 0.0001 0.0001 0.9998391595134404 0.0001 0.6666333333333333
1 0.15631875 0.1213163529061329 0.5 0.7158415721704492 0.6676805179591463 0.9935583910708118 0.4378172602142499 0.9229923076154 0.6666333333333333
0 0.0770076923846 0.0256680774479604 0.0001 0.4906433012900604 0.4229009946651793 0.9935583910708118 0.4906433012900604 0.0001 0.4444555555555555
1 0.1522434782173999 0.232401641595893 0.9999 0.0032594047332289 0.4812183739394952 0.9935583910708118 0.0002967395310026 0.8332666663334 0.0001
0 0.0186148152962 0.0801705627530441 0.0001 0.2015843838251928 0.0001 0.0001 0.2015843838251928 0.0001 0.0001
0 0.0118623530587999 0.0171034016771313 0.0001 0.8713120611142872 0.6161814503477434 0.9988646350932188 0.8713120611142872 0.0001 0.6666333333333333
0 0.0105145836665999 0.0117255813247649 0.0001 0.9936228529471738 0.7375435962901706 0.9935583910708118 0.9936228529471738 0.0001 0.4444555555555555
0 0.0606939397878 0.1327265306535388 0.0001 0.9956118410874862 0.0001 0.0001 0.9956118410874862 0.8665933336666 0.6666333333333333
1 0.2857571431428 0.5833166664980496 0.9999 0.3778282483959206 0.0001 0.0001 0.0001231457742409 0.8888111112222 0.4444555555555555
0 0.1667333336665999 0.1230912693996537 0.0001 0.0015929055882235 0.0001 0.0001 0.0015929055882235 0.74995 0.2222777777777777
0 0.025095 0.0303518851424466 0.0001 0.3483173248449031 0.3172007463159851 0.0001 0.3483173248449031 0.0001 0.0001
0 0.1429285715714 0.1179030521905241 0.0001 0.4261682984380016 0.6830862222490127 0.9935583910708118 0.4261682984380016 0.7367947365790001 0.0001
0 0.061312245102 0.2411232141953837 0.5 0.2848283340153029 0.0001 0.0001 0.284704889719368 0.9258407408148 0.2222777777777777
0 0.0087939128695999 0.0604620742845073 0.0001 0.0001099196032475 0.0001 0.0001 0.0001099196032475 0.0001 0.6666333333333333
0 0.0625875 0.03418409033426 0.0001 0.9978932571437364 0.2307187248240624 0.9935583910708118 0.9978932571437364 0.0001 0.0001
0 0.0385538456924 0.0414451127211006 0.0001 0.7176568659641074 0.0668580519227549 0.9935583910708118 0.7176568659641074 0.0001 0.6666333333333333
0 0.1111888887778 0.0444033072142027 0.0001 0.0001069437022752 0.0001 0.0001 0.0001069437022752 0.0001 0.4444555555555555
0 0.0667533336666 0.0444033072142027 0.0001 0.8870633442765793 0.0001 0.0001 0.8870633442765793 0.0001 0.2222777777777777
0 0.0087939128695999 0.0725061503460126 0.0001 0.1812623518458956 0.0001 0.0001 0.1812623518458956 0.0001 0.6666333333333333
0 0.0435695653478 0.0363739231731992 0.0001 0.0038149045148906 0.1813004266474776 0.0001 0.0038149045148906 0.0001 0.6666333333333333
0 0.5 0.0219210312923715 0.0001 0.5357869132201412 0.5074611941055762 0.9935583910708118 0.5357869132201412 0.0001 0.0001
0 0.1579631580526 0.42178435410626 0.0001 0.0251368361211769 0.0001 0.0001 0.0251368361211769 0.7272272724546001 0.4444555555555555
0 0.0271216215946 0.0387827379808193 0.0001 0.9845844092579844 0.126940298526394 0.9935583910708118 0.9845844092579844 0.0001 0.0001
0 0.0105145836665999 0.1006089944895248 0.0001 0.988324774214531 0.0001 0.9676095641562829 0.988324774214531 0.9999 0.4444555555555555
0 0.0909909091818 0.0208331800964801 0.0001 0.1712170649274317 0.5320109296724792 0.9935583910708118 0.1712170649274317 0.0001 0.4444555555555555
0 0.0223177775556 0.114660416561281 0.0001 0.0001611710533431 0.0001 0.0001 0.0001611710533431 0.7272272724546001 0.6666333333333333
0 0.0770076923846 0.0001 0.0001 0.7735292278361712 0.9999 0.9935583910708118 0.7735292278361712 0.0001 0.2222777777777777
0 0.0257358977948 0.1568146827765493 0.0001 0.8230282223239255 0.0001 0.0001 0.8230282223239255 0.8460846152308 0.6666333333333333
1 0.1515848489695999 0.1179030521905241 0.9999 0.7860256573562362 0.6830862222490127 0.9993176078023596 0.7859029844827865 0.8888111112222 0.4444555555555555
0 0.0223177775556 0.0303518851424466 0.0001 0.4635041632146939 0.3172007463159851 0.9935583910708118 0.4635041632146939 0.0001 0.6666333333333333
0 0.0264105258421999 0.1327265306535388 0.0001 0.0001077152247503 0.0001 0.0001 0.0001077152247503 0.9229923076154 0.2222777777777777
0 0.0137027209116 0.325431745614218 0.0001 0.0001138875045405 0.0001 0.0001 0.0001069437022752 0.8124375 0.4444555555555555
0 0.20006 0.0134901784539988 0.0001 0.8362428336788559 0.6977216418951675 0.9935583910708118 0.8362428336788559 0.0001 0.0001
0 0.0260688311948 0.0286657141700911 0.0001 0.9688336771403214 0.8118779105689221 0.9935583910708118 0.4141533020420453 0.0001 0.4444555555555555
0 0.3333666663334 0.0444033072142027 0.0001 0.4071721913256679 0.0001 0.0001 0.4071721913256679 0.0001 0.6666333333333333
0 0.0909909091818 0.0725061503460126 0.0001 0.501542669087833 0.0001 0.9935583910708118 0.501542669087833 0.0001 0.0001
0 0.25005 0.1327265306535388 0.0001 0.000204156234059 0.0001 0.0001 0.000204156234059 0.9999 0.0001
0 0.25005 0.0059467838623865 0.0001 0.5494776672307831 0.8679546737274111 0.9935583910708118 0.5494776672307831 0.0001 0.0001
0 0.5 0.0680688591122105 0.0001 0.7074264124517562 0.6676805179591463 0.9935583910708118 0.7074264124517562 0.0001 0.6666333333333333
0 0.0099019612155999 0.0725061503460126 0.0001 0.9905791772851296 0.0001 0.0001 0.9905791772851296 0.0001 0.0001
0 0.1429285715714 0.0072863435755817 0.0001 0.0001555500181621 0.8377246122879141 0.9999 0.0001555500181621 0.0001 0.4444555555555555
0 0.40002 0.1905380951417426 0.0001 0.7513175047388891 0.0001 0.0001 0.4621633588428691 0.9999 0.6666333333333333
0 0.0145898554491999 0.0725061503460126 0.0001 0.2174508451140301 0.3172007463159851 0.0001 0.2173698347542019 0.0001 0.0001
0 0.0556444448888 0.0097232017615027 0.0001 0.0001115729371154 0.7827316297181688 0.9935583910708118 0.0001115729371154 0.0001 0.6666333333333333
0 0.0186148152962 0.0444033072142027 0.0001 0.4501159582029916 0.0001 0.0001 0.4501159582029916 0.0001 0.6666333333333333
0 0.2857571431428 0.0477095232795844 0.0001 0.9176081145434772 0.5969955221040889 0.9935583910708118 0.2473899663384194 0.0001 0.2222777777777777
0 0.2222777775556 0.4097402780447547 0.5 0.6244199823948875 0.3172007463159851 0.0001 0.3116504845425599 0.8181181816364 0.2222777777777777
1 0.275045 0.3359703124209607 0.9999 0.2715387743914066 0.5550263060529741 0.9676095641562829 0.2713536077975193 0.8665933336666 0.2222777777777777
0 0.0572314284286 0.1006089944895248 0.0001 0.6702757142689512 0.0001 0.0001 0.670174864602638 0.7367947365790001 0.6666333333333333
0 0.0527210526842 0.1568146827765493 0.0001 0.977176092868556 0.0001 0.0001 0.977176092868556 0.7142428568572 0.6666333333333333
1 0.0923892304616 0.1479401003089452 0.5 0.6794612991729359 0.6676805179591463 0.9935583910708118 0.5148614365768325 0.9229923076154 0.6666333333333333
0 0.0834166663334 0.1905380951417426 0.0001 0.6814237006847551 0.0001 0.8058338367163784 0.6814237006847551 0.8888111112222 0.6666333333333333
0 0.0909909091818 0.6626658733129602 0.0001 0.7952780345487248 0.0001 0.0001 0.7397892319354391 0.9229923076154 0.6666333333333333
0 0.0435695653478 0.0414451127211006 0.0001 0.957168182725324 0.0668580519227549 0.9935583910708118 0.957168182725324 0.0001 0.0001
0 0.1539153847692 0.0869002906461667 0.0001 0.0114662520837936 0.7116431383842602 0.9934936808266296 0.0114083874982064 0.0001 0.6666333333333333
0 0.0345758624482 0.0278722218287824 0.0001 0.9337793291097616 0.8208313440029749 0.9935583910708118 0.9337793291097616 0.0001 0.2222777777777777
0 0.40002 0.114660416561281 0.0001 0.110811428272856 0.0001 0.0001 0.110788282498615 0.9999 0.6666333333333333
0 0.1500699999999999 0.204990986010868 0.0001 0.0134485263987321 0.0001 0.0001 0.0113406033093716 0.9332466663334 0.6666333333333333
0 0.0087939128695999 0.0072863435755817 0.0001 0.5702394699205575 0.8377246122879141 0.9935583910708118 0.5702394699205575 0.0001 0.6666333333333333
0 0.0085016803278 0.0477095232795844 0.0001 0.0186265775921137 0.0001 0.0001 0.0186265775921137 0.0001 0.6666333333333333
0 0.0173379307242 0.1568146827765493 0.0001 0.2849672089607183 0.0001 0.0001 0.2849672089607183 0.74995 0.0001
0 0.10008 0.1568146827765493 0.0001 0.0014347423809523 0.0001 0.0001 0.0014347423809523 0.9999 0.2222777777777777
0 0.025095 0.0444033072142027 0.0001 0.2099978903100077 0.0001 0.0001 0.2099978903100077 0.0001 0.0001
0 0.3333666663334 0.2411232141953837 0.0001 0.999823618775022 0.0001 0.0001 0.999795843765941 0.9999 0.4444555555555555
0 0.1667333336665999 0.0179535716092325 0.0001 0.5979797379925206 0.5969955221040889 0.9935583910708118 0.5979797379925206 0.0001 0.6666333333333333
0 0.0209291663333999 0.0056407631144572 0.0001 0.3180310163069701 0.8748606789675165 0.9935583910708118 0.3180310163069701 0.0001 0.0001
0 0.0625875 0.1568146827765493 0.0001 0.1529704416046459 0.0001 0.0001 0.1528971464695681 0.8124375 0.2222777777777777
0 0.0286657147142 0.0660208790875263 0.0001 0.2116346305452805 0.0001 0.0001 0.2116346305452805 0.0001 0.6666333333333333
0 0.120076 0.42178435410626 0.0001 0.0765390784646931 0.0001 0.0001 0.0002180437385996 0.89992 0.4444555555555555
0 0.080084 0.392878571356307 0.0001 0.4735547406015553 0.0001 0.0001 0.1725548933982841 0.9443555551112 0.9999
1 0.2308230771538 0.0965943024690231 0.5 0.7771515490541182 0.4531010659844927 0.5146375259247403 0.77707053869429 0.9999 0.0001
0 0.1111888887778 0.0604620742845073 0.0001 0.9455026882103365 0.0001 0.0001 0.9455026882103365 0.0001 0.6666333333333333
0 0.040092 0.0321846791057838 0.0001 0.0002983927648806 0.2758397789640208 0.0001 0.0002983927648806 0.0001 0.6666333333333333
0 0.0435695653478 0.114660416561281 0.0001 0.8598102406528239 0.0001 0.0001 0.8598102406528239 0.8822764704117999 0.6666333333333333
0 0.0732560978536 0.0477095232795844 0.0001 0.971449155128994 0.8208313440029749 0.9935583910708118 0.8001314930581845 0.0001 0.2222777777777777
0 0.05009 0.0256680774479604 0.0001 0.6247247357723246 0.4229009946651793 0.9988646350932188 0.6247247357723246 0.0001 0.6666333333333333
0 0.0244853659512 0.0208331800964801 0.0001 0.984630700906456 0.5320109296724792 0.9934936808266296 0.984630700906456 0.0001 0.0001
0 0.0257358977948 0.0303518851424466 0.0001 0.9126471933322028 0.3172007463159851 0.0001 0.9126471933322028 0.0001 0.6666333333333333
0 0.0556444448888 0.0514290177442296 0.0001 0.951780165929936 0.0001 0.0001 0.951780165929936 0.0001 0.6666333333333333
0 0.0625875 0.1006089944895248 0.0001 0.0013647539136102 0.0001 0.9935583910708118 0.0013647539136102 0.89992 0.6666333333333333
0 0.1818818183635999 0.1721435065789099 0.0001 0.0006092081331899 0.0001 0.0001 0.0001115729371154 0.8332666663334 0.0001
0 0.018964151415 0.1327265306535388 0.0001 0.0455468222625675 0.0001 0.9935583910708118 0.0455468222625675 0.7825521742608 0.0001
0 0.0667533336666 0.0556444446692672 0.0001 0.0138849905414635 0.0001 0.0001 0.0138849905414635 0.0001 0.6666333333333333
0 0.0477095241904 0.114660416561281 0.0001 0.4040717533672749 0.0001 0.0001 0.4040717533672749 0.8460846152308 0.2222777777777777
1 0.09383125 0.2917083332490248 0.5 0.4233709605231776 0.0001 0.0001 0.4233643473876859 0.9229923076154 0.6666333333333333
0 0.0715142852858 0.0604620742845073 0.0001 0.0001165327387392 0.0001 0.9935583910708118 0.0001165327387392 0.0001 0.6666333333333333
0 0.0228227275454 0.0256680774479604 0.0001 0.701474629505337 0.4229009946651793 0.9935583910708118 0.701474629505337 0.0001 0.6666333333333333
0 0.09383125 0.1568146827765493 0.5 0.0042025970583433 0.0001 0.9935583910708118 0.004193338688653 0.9129608693044 0.9999
0 0.0345758624482 0.0179535716092325 0.0001 0.0005976351960745 0.5969955221040889 0.9935583910708118 0.0005976351960745 0.0001 0.2222777777777777
0 0.1111888887778 0.0230839083134385 0.0001 0.9980807383050486 0.4812183739394952 0.9999 0.9980807383050486 0.0001 0.4444555555555555
0 0.0492704919344 0.0680688591122105 0.0001 0.0556731195408597 0.6676805179591463 0.9935583910708118 0.0556731195408597 0.0001 0.6666333333333333
0 0.018964151415 0.0208331800964801 0.0001 0.8629299668730726 0.5320109296724792 0.9934936808266296 0.8629299668730726 0.0001 0.0001
0 0.0124432098642 0.0556444446692672 0.0001 0.8512390119164291 0.0001 0.0001 0.8512390119164291 0.0001 0.4444555555555555
1 0.120076 0.1905380951417426 0.9999 0.6165542604669841 0.5074611941055762 0.9935583910708118 0.6165195417556277 0.9999 0.0001
0 0.0118623530587999 0.114660416561281 0.0001 0.0001115729371154 0.0001 0.0001 0.0001115729371154 0.9353967742258 0.4444555555555555
0 0.1035275863448 0.1096019046559168 0.0001 0.9740117282337132 0.3552528358739034 0.9935583910708118 0.9740034619643336 0.7777222224444 0.6666333333333333
0 0.0349767442558 0.2216673994082223 0.0001 0.5639414915609254 0.0001 0.0001 0.5639414915609254 0.8570714284286001 0.4444555555555555
1 0.0564267603944 0.2011875941028675 0.5 0.9484008757914736 0.0668580519227549 0.9934936808266296 0.9483562374768696 0.9999 0.6666333333333333
0 0.0371296295926 0.0271092485015011 0.0001 0.9945116525378388 0.3903778420099519 0.0001 0.9945116525378388 0.0001 0.4444555555555555
0 0.0423450702958 0.0556444446692672 0.0001 0.9870571546888662 0.7611417911583644 0.9935583910708118 0.8991261753659574 0.0001 0.2222777777777777
0 0.0463870367408 0.0914325554409919 0.0001 0.9822273929982768 0.8025590312087699 0.9935583910708118 0.907042046654698 0.8213642852858 0.2222777777777777
0 0.025095 0.0101911485106298 0.0001 0.0191605847334226 0.7721713821139808 0.9935583910708118 0.0191605847334226 0.0001 0.0001
0 0.1667333336665999 0.0514290177442296 0.0001 0.722988671407786 0.0001 0.0001 0.722988671407786 0.0001 0.6666333333333333
0 0.022567415618 0.2772554423798994 0.0001 0.0046481540873933 0.0001 0.0001 0.0046200484115387 0.84368125 0.6666333333333333
0 0.20006 0.1568146827765493 0.0001 0.2811944399602303 0.0001 0.0001 0.2811805524556898 0.6666333336666 0.4444555555555555
0 0.2222777775556 0.0725061503460126 0.0001 0.9379316896677145 0.3172007463159851 0.9999 0.9379316896677145 0.0001 0.9999
1 0.521734782174 0.2521199789871096 0.5 0.7325726951753996 0.7721713821139808 0.9935583910708118 0.7322139349247406 0.6666333336666 0.0001
0 0.0435695653478 0.0514290177442296 0.0001 0.9927846434730574 0.5550263060529741 0.9934936808266296 0.9927449649600772 0.0001 0.6666333333333333
0 0.040092 0.114660416561281 0.0001 0.1049604949927501 0.0001 0.0001 0.1049604949927501 0.74995 0.6666333333333333
0 0.125075 0.1006089944895248 0.0001 0.005122643409237 0.0001 0.0001 0.005122643409237 0.9999 0.4444555555555555
0 0.3333666663334 0.069133809413004 0.0001 0.9266411575753416 0.3552528358739034 0.9935583910708118 0.926041680712633 0.0001 0.4444555555555555
0 0.0462446152308 0.0363739231731992 0.0001 0.232393126767299 0.9061021319689854 0.9870873626531236 0.0958592270163395 0.0001 0.6666333333333333
0 0.5 0.0092747515289612 0.0001 0.5075671959247208 0.7928518657899629 0.9935583910708118 0.5075671959247208 0.0001 0.6666333333333333
0 0.0556444448888 0.0188552665318994 0.0001 0.0001810103598281 0.5766468120601562 0.9999 0.0001810103598281 0.0001 0.0001
0 0.0715142852858 0.1905380951417426 0.0001 0.0001082663693696 0.0001 0.0001 0.0001082663693696 0.5555444448888 0.6666333333333333
0 0.0909909091818 0.0256680774479604 0.0001 0.0230176706614846 0.4229009946651793 0.0001 0.0230176706614846 0.0001 0.6666333333333333
0 0.0173379307242 0.0514290177442296 0.0001 0.9842487948815564 0.0001 0.0001 0.9842487948815564 0.0001 0.4444555555555555
0 0.0870391306956 0.046009183415382 0.0001 0.5397679946887473 0.6161814503477434 0.9935583910708118 0.5397101302031501 0.0001 0.0001
1 0.384638461923 0.6205116070976919 0.9999 0.0003237429176187 0.0001 0.9935583910708118 0.0002851665938872 0.6666333336666 0.2222777777777777
0 0.120076 0.0946926065150229 0.0001 0.6069487441590072 0.8679546737274111 0.9935583910708118 0.6069487441590072 0.9999 0.0001
0 0.0351807014562 0.0893678570344604 0.0001 0.628509077709928 0.126940298526394 0.0001 0.2933922883826487 0.7930448273104 0.0001
0 0.0556444448888 0.0286657141700911 0.0001 0.9766453921950028 0.3552528358739034 0.0001 0.9766453921950028 0.0001 0.0001
0 0.1111888887778 0.0001 0.0001 0.6763592078806748 0.9999 0.9935583910708118 0.6763592078806748 0.0001 0.2222777777777777
0 0.375025 0.1261570341601258 0.0001 0.943577727336366 0.2307187248240624 0.9951114379310516 0.9435160051384034 0.9999 0.2222777777777777
0 0.1177235295882 0.0660208790875263 0.0001 0.772200657635019 0.3903778420099519 0.0001 0.5307758427480196 0.0001 0.4444555555555555
0 0.0909909091818 0.0134901784539988 0.0001 0.0146471493573855 0.6977216418951675 0.9935583910708118 0.0146471493573855 0.0001 0.0001
1 0.134688461923 0.2832774804106521 0.5 0.9959142893965436 0.3172007463159851 0.9935583910708118 0.9936575716585302 0.7599480000000001 0.0001
0 0.0883176469412 0.2411232141953837 0.5 0.004740737384337 0.0001 0.9935583910708118 0.0046944457358652 0.9229923076154 0.2222777777777777
0 0.1111888887778 0.2130203700518715 0.0001 0.0825292172569981 0.0001 0.0001 0.0824875547433764 0.9165833336666 0.4444555555555555
0 0.03134375 0.0414451127211006 0.0001 0.0001 0.0668580519227549 0.0001 0.0001 0.0001 0.2222777777777777
0 0.0435695653478 0.0179535716092325 0.0001 0.9950049891658466 0.5969955221040889 0.9935583910708118 0.9950049891658466 0.0001 0.6666333333333333
1 0.0496768596446 0.1667333329960992 0.9999 0.0923179161582206 0.5969955221040889 0.6764132533646445 0.0921955739515444 0.8181181816364 0.6666333333333333
0 0.0770076923846 0.0122857710501887 0.0001 0.9909610833100294 0.7249017053215078 0.0001 0.9909610833100294 0.0001 0.2222777777777777
0 0.0378283018302 0.1568146827765493 0.0001 0.988220617980472 0.0001 0.9935583910708118 0.9882113596107815 0.7825521742608 0.4444555555555555
0 0.0318396827936 0.0230839083134385 0.0001 0.1499691999786982 0.8748606789675165 0.9935583910708118 0.1498766166817546 0.0001 0.0001
0 0.032880327623 0.0524326902435038 0.0001 0.8799834780834579 0.9061021319689854 0.9870873626531236 0.7273037140189423 0.0001 0.6666333333333333
0 0.0909909091818 0.1327265306535388 0.0001 0.0006265674888681 0.0001 0.0001 0.0006265674888681 0.7999400000000001 0.9999
0 0.0527210526842 0.0134901784539988 0.0001 0.1889004731438153 0.6977216418951675 0.9935583910708118 0.1889004731438153 0.0001 0.0001
0 0.0167633336666 0.0604620742845073 0.0001 0.7426334126433543 0.0001 0.9935583910708118 0.7426334126433543 0.0001 0.2222777777777777
0 0.0889711112222 0.1641458586298982 0.0001 0.885427706230555 0.2758397789640208 0.9935583910708118 0.8851152376283679 0.8332666663334 0.0001
0 0.1667333336665999 0.0037622705545669 0.0001 0.0043055959086999 0.9172529277086646 0.9935583910708118 0.0043055959086999 0.0001 0.4444555555555555
0 0.6666333336666 0.0477095232795844 0.0001 0.958355232746862 0.5969955221040889 0.9999 0.9583420065758684 0.0001 0.6666333333333333
0 0.1111888887778 0.0230839083134385 0.0001 0.5209157224234429 0.4812183739394952 0.0001 0.5209157224234429 0.0001 0.2222777777777777
0 0.03134375 0.0801705627530441 0.0001 0.0128031988432432 0.0001 0.0001 0.0128031988432432 0.0001 0.2222777777777777
1 0.2667133336666 0.5277722218287824 0.9999 0.9730577897884022 0.0001 0.0001 0.8486324617306633 0.9999 0.6666333333333333
1 0.2941588234705999 0.2290791381338784 0.5 0.0148819141674904 0.1813004266474776 0.9935583910708118 0.0035140088498188 0.8888111112222 0.6666333333333333
1 0.1429285715714 0.304354613012435 0.9999 0.002282320413687 0.0001 0.0001 0.002282320413687 0.9999 0.6666333333333333
0 0.0260688311948 0.0303518851424466 0.0001 0.9889782579504616 0.7928518657899629 0.93531912931243 0.9889782579504616 0.0001 0.2222777777777777
0 0.0228227275454 0.0363739231731992 0.0001 0.6991848463898351 0.1813004266474776 0.0001 0.6991848463898351 0.0001 0.2222777777777777
0 0.0556444448888 0.0256680774479604 0.0001 0.0010076468968291 0.4229009946651793 0.9988646350932188 0.0010076468968291 0.0001 0.6666333333333333
0 0.25005 0.0604620742845073 0.0001 0.0085283858896863 0.0001 0.0001 0.0085283858896863 0.0001 0.6666333333333333
0 0.25005 0.0414451127211006 0.0001 0.2445268281354121 0.0668580519227549 0.0001 0.2445268281354121 0.0001 0.4444555555555555
0 0.0082950816558 0.1568146827765493 0.0001 0.0661466041326955 0.0001 0.9999 0.0661466041326955 0.89992 0.2222777777777777
1 0.0121821750816 0.4378431211765646 0.9999 0.2311068803133257 0.0001 0.0001 0.0084440689621122 0.8481446431428 0.0001
0 0.1111888887778 0.0134901784539988 0.0001 0.9193247630493196 0.6977216418951675 0.9935583910708118 0.9193247630493196 0.0001 0.0001
0 0.0174878257392 0.0631385359687426 0.0001 0.0268681435540449 0.4229009946651793 0.0001 0.0192531680303662 0.0001 0.0001
0 0.1429285715714 0.0604620742845073 0.0001 0.1725826684073652 0.4531010659844927 0.5146375259247403 0.1724553663990652 0.0001 0.0001
0 0.0145898554491999 0.046009183415382 0.0001 0.6811195320485615 0.6161814503477434 0.9935583910708118 0.3661048893953357 0.0001 0.2222777777777777
0 0.1429285715714 0.0893678570344604 0.0001 0.9995296668122255 0.0001 0.0001 0.9995296668122255 0.74995 0.4444555555555555
0 0.1429285715714 0.0179535716092325 0.0001 0.9906618409788256 0.5969955221040889 0.9935583910708118 0.9906618409788256 0.0001 0.6666333333333333
0 0.0082950816558 0.0208331800964801 0.0001 0.9813864282010238 0.5320109296724792 0.9934936808266296 0.9813864282010238 0.0001 0.2222777777777777
0 0.05009 0.0556444446692672 0.0001 0.2317433904548156 0.0001 0.0001 0.2317433904548156 0.0001 0.0001
0 0.0909909091818 0.0117255813247649 0.0001 0.9641350751703972 0.7375435962901706 0.9935583910708118 0.9641350751703972 0.0001 0.4444555555555555
0 0.0286657147142 0.0084316665486347 0.0001 0.0349113168510854 0.8118779105689221 0.0001 0.0349113168510854 0.0001 0.2222777777777777
0 0.010967391087 0.0725061503460126 0.0001 0.3523169229528999 0.0001 0.0001 0.3523169229528999 0.0001 0.4444555555555555
0 0.10008 0.1905380951417426 0.0001 0.0010836974550335 0.0001 0.0001 0.0010836974550335 0.3333666663334 0.6666333333333333
0 0.1111888887778 0.0801705627530441 0.0001 0.0115274231371368 0.0001 0.0001 0.0115274231371368 0.0001 0.6666333333333333
0 0.0205040813674 0.0893678570344604 0.0001 0.7944607665703421 0.126940298526394 0.0001 0.7944414784084763 0.8787121214242 0.2222777777777777
0 0.030396969394 0.0725061503460126 0.0001 0.0001038576123751 0.0001 0.0001 0.0001038576123751 0.0001 0.2222777777777777
0 0.5 0.0761717392843895 0.0001 0.0144318931869921 0.2758397789640208 0.0001 0.0144318931869921 0.0001 0.4444555555555555
0 0.3333666663334 0.0122857710501887 0.0001 0.8749079298902575 0.7249017053215078 0.9999 0.8749079298902575 0.0001 0.0001
0 0.9999 0.0604620742845073 0.0001 0.7996773940874552 0.7249017053215078 0.9934936808266296 0.7996658211503399 0.0001 0.6666333333333333
1 0.20006 0.2641164504047757 0.5 0.0291711529405302 0.5766468120601562 0.9999 0.0124251504307184 0.7272272724546001 0.0001
1 0.3077307695384 0.1604022795783693 0.5 0.938241513035703 0.7827316297181688 0.9935583910708118 0.9360310870461512 0.9165833336666 0.6666333333333333
0 0.0488707319024 0.2772554423798994 0.0001 0.9370213975366866 0.0001 0.0001 0.2899485206230972 0.9999 0.6666333333333333
0 0.0445355551112 0.0203151550911922 0.0001 0.3990876862817694 0.9061021319689854 0.9870873626531236 0.399076113344654 0.0001 0.6666333333333333
0 0.20006 0.1568146827765493 0.0001 0.0005744893218436 0.0001 0.0001 0.0005744893218436 0.9999 0.0001
1 0.1404228068246 0.3736080498602391 0.9999 0.7639584303395408 0.1813004266474776 0.9935583910708118 0.7635418055032943 0.8665933336666 0.0001
0 0.6666333336666 0.2130203700518715 0.0001 0.7034251610098915 0.0001 0.0001 0.7033395215152131 0.9999 0.4444555555555555
1 0.40002 0.4766056652763101 0.9999 0.8493618857358805 0.4812183739394952 0.6764132533646445 0.7541862640770673 0.9999 0.4444555555555555
0 0.0150223879254 0.0134901784539988 0.0001 0.1159139799526625 0.6977216418951675 0.0001 0.1159139799526625 0.0001 0.2222777777777777
0 0.0715142852858 0.0725061503460126 0.0001 0.0992732358661584 0.0001 0.0001 0.0992732358661584 0.0001 0.6666333333333333
0 0.0385538456924 0.0088446060276005 0.0001 0.4688376219922402 0.8025590312087699 0.9935583910708118 0.4688376219922402 0.0001 0.6666333333333333
0 0.0105145836665999 0.0230839083134385 0.0001 0.9170796183484116 0.4812183739394952 0.5530754389652344 0.9170796183484116 0.0001 0.2222777777777777
0 0.2105842107367999 0.5663132648209183 0.0001 0.6540736386036856 0.0001 0.0001 0.0002080138464342 0.9090090908182 0.2222777777777777
0 0.0105145836665999 0.0188552665318994 0.0001 0.990818901896858 0.5766468120601562 0.93531912931243 0.990818901896858 0.0001 0.6666333333333333
1 0.3928785715714 0.1676932028290825 0.5 0.0017235140642794 0.9002569568340085 0.9935583910708118 0.0012457181746899 0.9999 0.6666333333333333
0 0.375025 0.0660208790875263 0.0001 0.9369602264833434 0.6830862222490127 0.9934936808266296 0.9369403871768583 0.0001 0.6666333333333333
0 0.045545454091 0.0893678570344604 0.0001 0.9835004132812568 0.0001 0.0001 0.9835004132812568 0.9999 0.2222777777777777
1 0.0909909091818 0.4308174106465378 0.9999 0.9988505022567832 0.0001 0.0001 0.8276474671678995 0.7741387092904 0.6666333333333333
1 0.9999 0.6626658733129602 0.9999 0.6925651411583155 0.0001 0.0001 0.6925436486179525 0.9999 0.6666333333333333
0 0.0667533336666 0.0163004630706905 0.0001 0.9377025460927704 0.6343014926319703 0.9355779702891592 0.9377025460927704 0.0001 0.0001
0 0.1429285715714 0.1568146827765493 0.0001 0.1440091506629095 0.0001 0.0001 0.1439860048886685 0.9999 0.2222777777777777
0 0.0121821750816 0.1568146827765493 0.0001 0.0551407656334288 0.3172007463159851 0.9935583910708118 0.0030279464908698 0.8481446431428 0.0001
0 0.4285857147142 0.42178435410626 0.0001 0.382376402483314 0.0001 0.0001 0.2082773841917902 0.7999400000000001 0.2222777777777777
0 0.0105145836665999 0.0363739231731992 0.0001 0.9878248244510314 0.1813004266474776 0.9934936808266296 0.9878248244510314 0.0001 0.6666333333333333
0 0.05009 0.0660208790875263 0.0001 0.0019562949737328 0.0001 0.0001 0.0019562949737328 0.0001 0.4444555555555555
0 0.0083628101073999 0.024329847111694 0.0001 0.9967508455367922 0.4531010659844927 0.9935583910708118 0.9967508455367922 0.0001 0.6666333333333333
0 0.20006 0.0363739231731992 0.0001 0.0001154305494906 0.1813004266474776 0.93531912931243 0.0001154305494906 0.0001 0.2222777777777777
0 0.0173379307242 0.114660416561281 0.0001 0.4995901535826372 0.0001 0.0001 0.4995901535826372 0.9999 0.6666333333333333
0 0.0667533336666 0.0801705627530441 0.0001 0.1021885072306642 0.0001 0.9935583910708118 0.1021885072306642 0.0001 0.2222777777777777
0 0.0625875 0.0477095232795844 0.0001 0.5469354843771884 0.0001 0.0001 0.5469354843771884 0.0001 0.2222777777777777
0 0.2308230771538 0.1327265306535388 0.0001 0.0021507198373204 0.1813004266474776 0.9935583910708118 0.0020882261168829 0.9999 0.4444555555555555
0 0.0857971431428 0.0444033072142027 0.0001 0.0374375180105702 0.8457019905987614 0.9999 0.0374110656685834 0.0001 0.6666333333333333
0 0.3333666663334 0.0946926065150229 0.0001 0.2706237428366107 0.0668580519227549 0.0001 0.0283934532861997 0.5 0.4444555555555555
0 0.0556444448888 0.1230912693996537 0.0001 0.956022464450644 0.0001 0.0001 0.9559877457392876 0.8181181816364 0.0001
1 0.2121787877576 0.2895557745609114 0.9999 0.9379753360819876 0.7827316297181688 0.9935583910708118 0.8133582283948598 0.7142428568572 0.6666333333333333
0 0.3333666663334 0.0256680774479604 0.0001 0.1653330661698473 0.4229009946651793 0.0001 0.1653330661698473 0.0001 0.6666333333333333
1 0.1111888887778 0.8159541123482684 0.9999 0.6059881925782046 0.0001 0.0001 0.5417238166616991 0.8856371431428001 0.2222777777777777
0 0.0667533336666 0.0893678570344604 0.0001 0.2300983837501833 0.0001 0.0001 0.2300983837501833 0.6999599999999999 0.6666333333333333
0 0.030706122551 0.1201587994629951 0.0001 0.0058533901815384 0.2758397789640208 0.9935583910708118 0.0001099196032475 0.8787121214242 0.6666333333333333
0 0.0770076923846 0.1568146827765493 0.0001 0.9568834890322278 0.0001 0.0001 0.9568834890322278 0.7777222224444 0.4444555555555555
0 0.0278722224443999 0.0286657141700911 0.0001 0.045967304711189 0.3552528358739034 0.0001 0.045967304711189 0.0001 0.2222777777777777
0 0.9999 0.0645525154973872 0.0001 0.1661828484810892 0.8377246122879141 0.9999 0.1661249839954919 0.0001 0.4444555555555555
0 0.0173379307242 0.0321846791057838 0.0001 0.4555364894312285 0.2758397789640208 0.9999 0.4555364894312285 0.0001 0.2222777777777777
0 0.0121821750816 0.2011875941028675 0.0001 0.0106220908077327 0.0668580519227549 0.0001 0.004078766901181 0.8481446431428 0.4444555555555555
0 0.0667533336666 0.0134901784539988 0.0001 0.9637261656588912 0.6977216418951675 0.0001 0.9637261656588912 0.0001 0.2222777777777777
0 0.40002 0.0801705627530441 0.0001 0.0001115729371154 0.2307187248240624 0.0001 0.000102314567425 0.0001 0.4444555555555555
0 0.25005 0.0059467838623865 0.0001 0.8225272805601052 0.8679546737274111 0.9934936808266296 0.8225272805601052 0.0001 0.6666333333333333
0 0.0248884293224 0.1261570341601258 0.0001 0.0507662052028072 0.2307187248240624 0.9935583910708118 0.0487177999329119 0.8181181816364 0.0001
0 0.0031205437704 0.0163004630706905 0.0001 0.0297420831716926 0.6343014926319703 0.9935583910708118 0.0297420831716926 0.0001 0.2222777777777777
0 0.0261817396086 0.2641164504047757 0.0001 0.77859816299387 0.0001 0.0001 0.1957770970593499 0.877475509796 0.4444555555555555
0 0.0082950816558 0.0444033072142027 0.0001 0.0096152475784582 0.0001 0.0001 0.0096152475784582 0.0001 0.4444555555555555
0 0.0589117642942 0.0101911485106298 0.0001 0.5077804681944628 0.7721713821139808 0.9935583910708118 0.5077804681944628 0.0001 0.0001
0 0.0625875 0.0604620742845073 0.0001 0.9992472877865444 0.0001 0.0001 0.9992472877865444 0.0001 0.6666333333333333
1 0.1875625 0.1905380951417426 0.5 0.0003347648101049 0.0001 0.0001 0.0001082663693696 0.9999 0.6666333333333333
0 0.030396969394 0.0117255813247649 0.0001 0.3603917288713967 0.7375435962901706 0.9934936808266296 0.3603917288713967 0.0001 0.2222777777777777
0 0.1429285715714 0.0303518851424466 0.0001 0.0004163262145624 0.3172007463159851 0.9935583910708118 0.0004163262145624 0.0001 0.2222777777777777
0 0.1429285715714 0.0514290177442296 0.0001 0.006372517817986 0.0001 0.0001 0.006372517817986 0.0001 0.4444555555555555
0 0.045545454091 0.0495129151483229 0.0001 0.8379969563191811 0.5766468120601562 0.93531912931243 0.8379969563191811 0.0001 0.6666333333333333
0 0.1667333336665999 0.0893678570344604 0.0001 0.9777772229651422 0.0001 0.9934936808266296 0.9777772229651422 0.9999 0.9999
0 0.20006 0.0001 0.0001 0.9363270229095992 0.9999 0.9934936808266296 0.9363270229095992 0.0001 0.6666333333333333
0 0.6666333336666 0.2994906595685703 0.5 0.008795113988021 0.0001 0.0001 0.0079348608289223 0.5 0.2222777777777777
0 0.0286657147142 0.1568146827765493 0.0001 0.0001016532338779 0.0001 0.0001 0.0001016532338779 0.8665933336666 0.6666333333333333
0 0.1111888887778 0.0179535716092325 0.0001 0.265962835579005 0.5969955221040889 0.9935583910708118 0.265962835579005 0.0001 0.6666333333333333
0 0.0286657147142 0.0387827379808193 0.0001 0.1708235858654263 0.126940298526394 0.0001 0.1708235858654263 0.0001 0.4444555555555555
0 0.2222777775556 0.0534687402540796 0.0001 0.9243126878471902 0.5320109296724792 0.9935583910708118 0.924254823261603 0.0001 0.0001
0 0.20006 0.093583283959498 0.5 0.6272746338506696 0.7928518657899629 0.93531912931243 0.627185908266091 0.9090090908182 0.2222777777777777
0 0.0477095241904 0.0059467838623865 0.0001 0.9897955258288544 0.8679546737274111 0.9934936808266296 0.9897955258288544 0.0001 0.6666333333333333
0 0.1667333336665999 0.0514290177442296 0.0001 0.3863690568890355 0.0001 0.0001 0.3863690568890355 0.0001 0.2222777777777777
0 0.015481538077 0.1568146827765493 0.0001 0.5558477281473366 0.0001 0.0001 0.5558477281473366 0.9229923076154 0.6666333333333333
0 0.0715142852858 0.0604620742845073 0.0001 0.9555618626333408 0.0001 0.0001 0.9555618626333408 0.0001 0.4444555555555555
0 0.0001 0.0117255813247649 0.0001 0.0001231457742409 0.7375435962901706 0.9935583910708118 0.0001231457742409 0.0001 0.0001
0 0.0186148152962 0.0084316665486347 0.0001 0.9884729074296468 0.8118779105689221 0.0001 0.9884729074296468 0.0001 0.2222777777777777
0 0.20006 0.0088446060276005 0.0001 0.7592540419510537 0.8025590312087699 0.9935583910708118 0.7592540419510537 0.0001 0.9999
0 0.8332666663334 0.304354613012435 0.0001 0.0221860744228498 0.0001 0.0001 0.0058335508750534 0.9999 0.6666333333333333
0 0.1429285715714 0.0725061503460126 0.0001 0.6340260498474837 0.0001 0.0001 0.6340260498474837 0.0001 0.6666333333333333
0 0.1429285715714 0.114660416561281 0.0001 0.0689588215523808 0.0001 0.0001 0.0689588215523808 0.7999400000000001 0.2222777777777777
1 0.1167433336666 0.2504908285726537 0.5 0.2206631546312225 0.4229009946651793 0.0001 0.0338036239554976 0.8420368419474 0.6666333333333333
0 0.5 0.0363739231731992 0.0001 0.9927085929148528 0.1813004266474776 0.9935583910708118 0.9927085929148528 0.0001 0.6666333333333333
0 0.0834166663334 0.0134901784539988 0.0001 0.0005513435476026 0.6977216418951675 0.9935583910708118 0.0005513435476026 0.0001 0.4444555555555555
0 0.029505882647 0.0065922074900109 0.0001 0.7546229485976547 0.85338928134167 0.9993176078023596 0.7546229485976547 0.0001 0.2222777777777777
0 0.0527210526842 0.0056407631144572 0.0001 0.2853028234371365 0.8748606789675165 0.9935583910708118 0.2853028234371365 0.0001 0.0001
0 0.010967391087 0.0414451127211006 0.0001 0.9668547093931288 0.0668580519227549 0.9935583910708118 0.9668547093931288 0.0001 0.0001
0 0.125075 0.0363739231731992 0.0001 0.996180466350259 0.1813004266474776 0.9935583910708118 0.996180466350259 0.0001 0.6666333333333333
0 0.1111888887778 0.1905380951417426 0.0001 0.5188248831174509 0.0001 0.0001 0.1943821754253953 0.9165833336666 0.2222777777777777
0 0.160068 0.1809028338878574 0.5 0.1112531828839847 0.1813004266474776 0.9935583910708118 0.0464657114297385 0.9999 0.4444555555555555
0 0.0345758624482 0.0556444446692672 0.0001 0.7525359670040277 0.0001 0.9935583910708118 0.7525359670040277 0.0001 0.0001
0 0.1111888887778 0.0444033072142027 0.0001 0.9787516620504856 0.0001 0.9935583910708118 0.9787516620504856 0.0001 0.9999
0 0.045545454091 0.0263750672122827 0.0001 0.9669704384643134 0.8377246122879141 0.9999 0.2431056746373163 0.0001 0.4444555555555555
0 0.025095 0.0097232017615027 0.0001 0.9616964975062324 0.7827316297181688 0.9935583910708118 0.9616964975062324 0.0001 0.6666333333333333
0 0.0001 0.0801705627530441 0.0001 0.1897634817260405 0.0001 0.0001 0.1897634817260405 0.0001 0.6666333333333333
0 0.20006 0.0556444446692672 0.0001 0.0581695617906119 0.0001 0.0001 0.0581695617906119 0.0001 0.6666333333333333
0 0.0527210526842 0.0363739231731992 0.0001 0.5381014955437419 0.1813004266474776 0.9352544190682476 0.5381014955437419 0.0001 0.6666333333333333
0 0.0001 0.0477095232795844 0.0001 0.0002195867835496 0.0001 0.0001 0.0002195867835496 0.0001 0.2222777777777777
0 0.20006 0.069133809413004 0.0001 0.914402969306396 0.3552528358739034 0.9935583910708118 0.91439966273865 0.0001 0.6666333333333333
0 0.0286657147142 0.1568146827765493 0.0001 0.3912759712270879 0.0001 0.0001 0.3912759712270879 0.8570714284286001 0.4444555555555555
1 0.1045567164776 0.1964892856781535 0.9999 0.9617708948305588 0.5969955221040889 0.9935583910708118 0.9617097236772256 0.8063903226774001 0.6666333333333333
0 0.0001 0.0286657141700911 0.0001 0.0001192881618657 0.3552528358739034 0.9935583910708118 0.0001192881618657 0.0001 0.2222777777777777
0 0.0870391306956 0.0514290177442296 0.0001 0.0246623466993434 0.5550263060529741 0.9935583910708118 0.0001254604416559 0.0001 0.4444555555555555
0 0.1818818183635999 0.0534687402540796 0.0001 0.0141131422160767 0.5320109296724792 0.0001 0.0040430561895039 0.0001 0.6666333333333333
0 0.0410754102786 0.325431745614218 0.0001 0.4048295035261924 0.0001 0.0001 0.4015163443426868 0.89992 0.6666333333333333
0 0.0299447758508 0.0725061503460126 0.0001 0.9533375490392588 0.3172007463159851 0.9934936808266296 0.9532912573907868 0.0001 0.0001
0 0.0518137931724 0.1905380951417426 0.0001 0.6942217208000633 0.0001 0.9935583910708118 0.6938861063236451 0.74995 0.6666333333333333
0 0.10008 0.0171034016771313 0.0001 0.994953737715751 0.6161814503477434 0.9935583910708118 0.994953737715751 0.0001 0.0001
0 0.0770076923846 0.0725061503460126 0.0001 0.4415486974678799 0.0001 0.9935583910708118 0.4415486974678799 0.0001 0.0001
0 0.0087939128695999 0.0271092485015011 0.0001 0.3725162821587372 0.3903778420099519 0.9999 0.3725162821587372 0.0001 0.0001
0 0.0834166663334 0.1327265306535388 0.0001 0.1404000556159558 0.0001 0.0001 0.0082324500262382 0.9090090908182 0.6666333333333333
0 0.0667533336666 0.0477095232795844 0.0001 0.0182849011248232 0.0001 0.0001 0.0182849011248232 0.0001 0.2222777777777777
0 0.032351613387 0.0604620742845073 0.0001 0.6113150382202593 0.0001 0.9935583910708118 0.6113150382202593 0.0001 0.6666333333333333
0 0.0371296295926 0.1568146827765493 0.0001 0.0178528457390863 0.0001 0.9999 0.0178528457390863 0.7999400000000001 0.2222777777777777
1 0.075085 0.1399529760881015 0.5 0.992329001457378 0.126940298526394 0.9935583910708118 0.8223923735159826 0.9999 0.4444555555555555
0 0.10008 0.0801705627530441 0.0001 0.7754464734853914 0.0001 0.9935583910708118 0.7754464734853914 0.0001 0.2222777777777777
0 0.40002 0.1166677625715318 0.0001 0.8956664260122859 0.9061021319689854 0.9935583910708118 0.7989069689021636 0.7142428568572 0.6666333333333333
0 0.0435695653478 0.0188552665318994 0.0001 0.980626473663609 0.5766468120601562 0.0001 0.980626473663609 0.0001 0.0001
0 0.375025 0.114660416561281 0.0001 0.2132498783401803 0.3172007463159851 0.9935583910708118 0.2131672146464842 0.5 0.6666333333333333
0 0.0667533336666 0.0444033072142027 0.0001 0.6722755133229495 0.0001 0.0001 0.6722755133229495 0.0001 0.9999
0 0.1875625 0.1261570341601258 0.5 0.2873975203555036 0.2307187248240624 0.0001 0.2549663655383666 0.6666333336666 0.2222777777777777
0 0.0667533336666 0.0725061503460126 0.0001 0.0160077930356953 0.0001 0.0001 0.0160077930356953 0.0001 0.6666333333333333
0 0.0606939397878 0.0631385359687426 0.0001 0.2795395136523503 0.4229009946651793 0.0001 0.0935396849911049 0.0001 0.0001
0 0.0690517238966 0.046009183415382 0.0001 0.8103029797956999 0.6161814503477434 0.9935583910708118 0.8103029797956999 0.0001 0.6666333333333333
0 0.1111888887778 0.0198133183357039 0.0001 0.9786623853212876 0.5550263060529741 0.0001 0.9786623853212876 0.0001 0.6666333333333333
0 0.0253050419832 0.1667333329960992 0.0001 0.9589272651672728 0.0001 0.0001 0.9588462548074448 0.7575242428484 0.0001
1 0.384638461923 0.2745284815713129 0.5 0.9797535454781362 0.8377246122879141 0.9935583910708118 0.7902008331216464 0.8234647061175999 0.6666333333333333
0 0.874925 0.0715142854252278 0.0001 0.8623011719563329 0.9999 0.9935583910708118 0.862274168569717 0.0001 0.2222777777777777
0 0.2857571431428 0.0278722218287824 0.0001 0.8448145031709621 0.8208313440029749 0.9935583910708118 0.8448145031709621 0.0001 0.2222777777777777
0 0.0105145836665999 0.0286657141700911 0.0001 0.99505326471497 0.3552528358739034 0.9935583910708118 0.99505326471497 0.0001 0.4444555555555555
0 0.0164901643114 0.2772554423798994 0.0001 0.9965160807266874 0.0001 0.9935583910708118 0.9963887787183872 0.89992 0.0001
0 0.0170457631694 0.0444033072142027 0.0001 0.0056063911007709 0.0001 0.0001 0.0056063911007709 0.0001 0.4444555555555555
0 0.0105145836665999 0.0088446060276005 0.0001 0.9939171355767438 0.8025590312087699 0.9935583910708118 0.9939171355767438 0.0001 0.6666333333333333
0 0.0213723406808 0.2411232141953837 0.0001 0.005990611793086 0.0001 0.0001 0.0036760295694752 0.884538461923 0.0001
0 0.045545454091 0.0725061503460126 0.0001 0.0001231457742409 0.0001 0.9935583910708118 0.0001231457742409 0.0001 0.2222777777777777
0 0.1111888887778 0.0321846791057838 0.0001 0.0063262262695041 0.7721713821139808 0.9999 0.0001099196032475 0.0001 0.6666333333333333
0 0.0741592591852 0.1957263123508721 0.0001 0.6642415982956096 0.6830862222490127 0.9999 0.3648318691123559 0.8213642852858 0.9999
0 0.0770076923846 0.0117255813247649 0.0001 0.9981440035479612 0.7375435962901706 0.9934936808266296 0.9981440035479612 0.0001 0.2222777777777777
0 0.1818818183635999 0.114660416561281 0.0001 0.0901488220155169 0.0001 0.0001 0.0901438622138931 0.9999 0.6666333333333333
0 0.125075 0.0230839083134385 0.0001 0.8303715100476355 0.4812183739394952 0.0001 0.8303715100476355 0.0001 0.2222777777777777
0 0.0261817396086 0.0604620742845073 0.0001 0.9852787839850616 0.7249017053215078 0.9999 0.9852787839850616 0.0001 0.0001
0 0.263205263421 0.2692260583388959 0.0001 0.6042962328915533 0.0001 0.0001 0.5316114068879474 0.9999 0.4444555555555555
0 0.0082950816558 0.0303518851424466 0.0001 0.9962846224843284 0.3172007463159851 0.9934936808266296 0.9962846224843284 0.0001 0.2222777777777777
0 0.0173379307242 0.0088446060276005 0.0001 0.9822632139988716 0.8025590312087699 0.9935583910708118 0.9822632139988716 0.0001 0.6666333333333333
0 0.0851893617234 0.4141775692785568 0.0001 0.4452801346215199 0.0668580519227549 0.0001 0.2994135087517806 0.884538461923 0.6666333333333333
0 0.05009 0.0725061503460126 0.0001 0.2455614463737676 0.0001 0.0001 0.2455614463737676 0.0001 0.2222777777777777
0 0.0371296295926 0.1568146827765493 0.0001 0.0296572151994893 0.0001 0.0001 0.0296572151994893 0.9999 0.0001
0 0.25005 0.0286657141700911 0.0001 0.8968000203052211 0.3552528358739034 0.9935583910708118 0.8968000203052211 0.0001 0.2222777777777777
0 0.0625875 0.0604620742845073 0.0001 0.2446317558919462 0.0001 0.0001 0.2446317558919462 0.0001 0.2222777777777777
0 0.0462446152308 0.2216673994082223 0.0001 0.946914583338742 0.0001 0.9999 0.8765628561981375 0.9165833336666 0.0001
0 0.3333666663334 0.1006089944895248 0.0001 0.0200100363778909 0.0001 0.9935583910708118 0.0200100363778909 0.6666333336666 0.4444555555555555
0 0.0527210526842 0.0801705627530441 0.0001 0.0016160513624644 0.0001 0.0001 0.0016160513624644 0.0001 0.4444555555555555
0 0.045545454091 0.024329847111694 0.0001 0.0943365625183833 0.4531010659844927 0.9935583910708118 0.0943365625183833 0.0001 0.6666333333333333
0 0.017640351228 0.0001 0.0001 0.5856694670666635 0.9999 0.9935583910708118 0.5856694670666635 0.0001 0.6666333333333333
0 0.0001 0.0893678570344604 0.0001 0.959340032391144 0.0001 0.9935583910708118 0.959340032391144 0.9999 0.2222777777777777
1 0.4235447061176 0.5756377108692902 0.9999 0.7851236315945781 0.9002569568340085 0.9999 0.7849500379378062 0.9353967742258 0.6666333333333333
1 0.15631875 0.1179030521905241 0.5 0.9689378333743806 0.6830862222490127 0.9935583910708118 0.6900885382150482 0.8124375 0.6666333333333333
0 0.125075 0.0604620742845073 0.0001 0.8876711976975853 0.0001 0.0001 0.8876711976975853 0.0001 0.6666333333333333
0 0.25005 0.0556444446692672 0.0001 0.5623087191269558 0.0001 0.9935583910708118 0.5623087191269558 0.0001 0.6666333333333333
0 0.021834782174 0.0845502264075178 0.0001 0.6430330812930727 0.1813004266474776 0.9935583910708118 0.6429404979961291 0.0001 0.0001
0 0.045545454091 0.114660416561281 0.0001 0.0359925574046864 0.0001 0.0001 0.0359925574046864 0.9284857147142 0.6666333333333333
0 0.120076 0.2641164504047757 0.0001 0.5127105283067561 0.0001 0.0001 0.5127105283067561 0.9999 0.0001
0 0.1667333336665999 0.0660208790875263 0.0001 0.2534740110947623 0.0001 0.0001 0.2534740110947623 0.0001 0.6666333333333333
0 0.0413288655774 0.0524326902435038 0.0001 0.4348016902280602 0.9061021319689854 0.9935583910708118 0.4347504387779646 0.0001 0.6666333333333333
0 0.0173379307242 0.0514290177442296 0.0001 0.2324394184157708 0.0001 0.0001 0.2324394184157708 0.0001 0.6666333333333333
0 0.0073449277246 0.1568146827765493 0.0001 0.7803622053374326 0.0001 0.0001 0.7803622053374326 0.8655985076716001 0.6666333333333333
0 0.25005 0.0062637330194361 0.0001 0.0036859491727228 0.8608020262584182 0.9935583910708118 0.0036859491727228 0.0001 0.6666333333333333
0 0.9999 0.0801705627530441 0.0001 0.0001165327387392 0.5766468120601562 0.93531912931243 0.0001016532338779 0.0001 0.6666333333333333
0 0.020096 0.0387827379808193 0.0001 0.98740434200241 0.126940298526394 0.6764779636088267 0.98740434200241 0.0001 0.2222777777777777
0 0.5 0.0312487835841248 0.0001 0.996657270239528 0.7827316297181688 0.93531912931243 0.9966480118698376 0.0001 0.4444555555555555
0 0.0087939128695999 0.1568146827765493 0.0001 0.9069648939072448 0.0001 0.0001 0.9069648939072448 0.877475509796 0.0001
1 0.125075 0.1277427744488146 0.9999 0.0719330597917125 0.4812183739394952 0.9934936808266296 0.0717131744864688 0.9229923076154 0.0001
0 0.0667533336666 0.0101911485106298 0.0001 0.0005281976733718 0.7721713821139808 0.9935583910708118 0.0005281976733718 0.0001 0.0001
0 0.10008 0.0303518851424466 0.0001 0.0002388749454154 0.3172007463159851 0.0001 0.0002388749454154 0.0001 0.0001
0 0.3333666663334 0.0303518851424466 0.0001 0.4799939083740377 0.3172007463159851 0.0001 0.4799939083740377 0.0001 0.0001
0 0.0690517238966 0.1187398615809809 0.0001 0.9481876036217216 0.5320109296724792 0.9935583910708118 0.9330849544826744 0.74995 0.0001
1 0.0182232626224 0.1230912693996537 0.5 0.6509373796446978 0.7611417911583644 0.9935583910708118 0.0001099196032475 0.8481446431428 0.6666333333333333
0 0.5 0.1905380951417426 0.0001 0.8384146833446761 0.0001 0.0001 0.1707001415694914 0.6666333336666 0.2222777777777777
0 0.040092 0.0556444446692672 0.0001 0.0024261551607262 0.0001 0.9935583910708118 0.0024261551607262 0.0001 0.2222777777777777
1 0.125075 0.2130203700518715 0.5 0.6026204753768576 0.0001 0.0001 0.0404051431144101 0.8124375 0.6666333333333333
0 0.03134375 0.0321846791057838 0.0001 0.3997612297020408 0.2758397789640208 0.0001 0.3997612297020408 0.0001 0.4444555555555555
0 0.0150223879254 0.1568146827765493 0.0001 0.0888989476067679 0.0001 0.0001 0.0888989476067679 0.8063903226774001 0.0001
0 0.5 0.1905380951417426 0.0001 0.0089417041581867 0.0001 0.0001 0.0089417041581867 0.9999 0.4444555555555555
0 0.0286657147142 0.0321846791057838 0.0001 0.209087487990052 0.2758397789640208 0.9935583910708118 0.209087487990052 0.0001 0.2222777777777777
1 0.0348756524782 0.2130203700518715 0.9999 0.779125557099677 0.0001 0.0001 0.7791172907303073 0.9267439021464 0.6666333333333333
0 0.0130844155974 0.0271092485015011 0.0001 0.9551429232296694 0.3903778420099519 0.9999 0.9551429232296694 0.0001 0.0001
0 0.0001 0.0444033072142027 0.0001 0.1278996582945876 0.0001 0.0001 0.1278996582945876 0.0001 0.2222777777777777
0 0.0667533336666 0.0801705627530441 0.0001 0.956959870257206 0.0001 0.9935583910708118 0.956959870257206 0.0001 0.0001
0 0.125075 0.0286657141700911 0.0001 0.959542944101947 0.8118779105689221 0.9935583910708118 0.9359990135689936 0.0001 0.4444555555555555
0 0.0909909091818 0.0660208790875263 0.0001 0.02253756020447 0.0001 0.0001 0.02253756020447 0.0001 0.4444555555555555
0 0.0105145836665999 0.0286657141700911 0.0001 0.9387950289167132 0.3552528358739034 0.9935583910708118 0.9387950289167132 0.0001 0.4444555555555555
0 0.1622297295675999 0.2130203700518715 0.0001 0.6931553596513336 0.4229009946651793 0.9999 0.2388028662968226 0.74995 0.0001
0 0.10008 0.0725061503460126 0.0001 0.0001902687295185 0.0001 0.0001 0.0001902687295185 0.0001 0.4444555555555555
0 0.0286657147142 0.1905380951417426 0.0001 0.0001694374227127 0.0001 0.0001 0.0001694374227127 0.7618523810476 0.0001
0 0.20006 0.0387827379808193 0.0001 0.1540467223566232 0.126940298526394 0.6764779636088267 0.1540467223566232 0.0001 0.2222777777777777
0 0.0358071431428 0.0042563870091852 0.0001 0.0006042482315762 0.9061021319689854 0.9935583910708118 0.0006042482315762 0.0001 0.6666333333333333
0 0.029505882647 0.0928564860742567 0.0001 0.0022224719274482 0.4812183739394952 0.6764132533646445 0.0021970114857922 0.8888111112222 0.4444555555555555
0 0.5 0.1667333329960992 0.0001 0.0295745515057932 0.0001 0.9935583910708118 0.0087201655190752 0.9999 0.6666333333333333
0 0.1429285715714 0.0477095232795844 0.0001 0.944411527953498 0.0001 0.0001 0.944411527953498 0.0001 0.6666333333333333
1 0.0462446152308 0.1568146827765493 0.5 0.752825289731984 0.0001 0.9999 0.7520151859337223 0.9165833336666 0.0001
0 0.0385538456924 0.2411232141953837 0.0001 0.6778162924683034 0.0001 0.0001 0.1480960415994527 0.7599480000000001 0.6666333333333333
0 0.0130844155974 0.0801705627530441 0.0001 0.2143878812901199 0.0001 0.0001 0.2143878812901199 0.0001 0.2222777777777777
0 0.0556444448888 0.0271092485015011 0.0001 0.3756756868919662 0.3903778420099519 0.9935583910708118 0.3756756868919662 0.0001 0.0001
0 0.045545454091 0.0556444446692672 0.0001 0.0001810103598281 0.0001 0.0001 0.0001810103598281 0.0001 0.0001
0 0.0857971431428 0.1905380951417426 0.0001 0.5118309870857817 0.0001 0.0001 0.1517282824206473 0.8665933336666 0.0001
1 0.0448671637762 0.114660416561281 0.5 0.0915425311713052 0.3172007463159851 0.0001 0.0915226918648201 0.8063903226774001 0.6666333333333333
0 0.3333666663334 0.0725061503460126 0.0001 0.6725787235554465 0.0001 0.0001 0.6725787235554465 0.0001 0.0001
0 0.3333666663334 0.1006089944895248 0.0001 0.0001038576123751 0.0001 0.0001 0.0001038576123751 0.9999 0.2222777777777777
0 0.0770076923846 0.0465650643003648 0.0001 0.7257284755037863 0.8294404136369463 0.9934936808266296 0.537464985402252 0.0001 0.4444555555555555
0 0.0345758624482 0.0208331800964801 0.0001 0.9006808031521434 0.5320109296724792 0.9935583910708118 0.9006808031521434 0.0001 0.6666333333333333
0 0.0213723406808 0.0845502264075178 0.0001 0.9633481172463664 0.1813004266474776 0.93531912931243 0.9633481172463664 0.0001 0.2222777777777777
0 0.0417583336666 0.0514290177442296 0.0001 0.0016114222276142 0.0001 0.0001 0.0016114222276142 0.0001 0.4444555555555555
0 0.0667533336666 0.0660208790875263 0.0001 0.0399471865313057 0.0001 0.0001 0.0399471865313057 0.0001 0.6666333333333333
1 0.1510132073208 0.1127148349813946 0.9999 0.7302673712214893 0.9172529277086646 0.9935583910708118 0.7111419782002042 0.7825521742608 0.4444555555555555
0 0.5 0.0604620742845073 0.0001 0.0032401165713631 0.0001 0.9935583910708118 0.0032401165713631 0.0001 0.2222777777777777
0 0.1667333336665999 0.1327265306535388 0.0001 0.0138320857575 0.0001 0.0001 0.0090375940228762 0.9999 0.6666333333333333
0 0.061312245102 0.2411232141953837 0.0001 0.0039802318022929 0.0001 0.9935583910708118 0.0001909300630656 0.9258407408148 0.6666333333333333
0 0.1429285715714 0.0188552665318994 0.0001 0.9871585553998088 0.5766468120601562 0.93531912931243 0.9871585553998088 0.0001 0.6666333333333333
0 0.0371296295926 0.2130203700518715 0.0001 0.6689927743827238 0.0001 0.0001 0.6689927743827238 0.8213642852858 0.6666333333333333
0 0.0625875 0.0256680774479604 0.0001 0.210733596783943 0.4229009946651793 0.5146375259247403 0.210733596783943 0.0001 0.6666333333333333
0 0.05009 0.0171034016771313 0.0001 0.6628227594649289 0.6161814503477434 0.9935583910708118 0.6628227594649289 0.0001 0.0001
1 0.3409409091818 0.5502544977506136 0.5 0.4691550503960513 0.4229009946651793 0.9352544190682476 0.0059988781624556 0.9090090908182 0.6666333333333333
0 0.0625875 0.1006089944895248 0.0001 0.0003592332514401 0.0001 0.0001 0.0003592332514401 0.874925 0.4444555555555555
0 0.0118623530587999 0.0141387059845284 0.0001 0.9197749493132098 0.6830862222490127 0.9999 0.9197749493132098 0.0001 0.9999
0 0.0385538456924 0.0278722218287824 0.0001 0.7316075143597569 0.8208313440029749 0.8252469239691724 0.7316075143597569 0.0001 0.4444555555555555
0 0.0209291663333999 0.0893678570344604 0.0001 0.2779385942176926 0.0001 0.9935583910708118 0.2779385942176926 0.9999 0.2222777777777777
0 0.0141816900986 0.0893678570344604 0.0001 0.0001231457742409 0.0001 0.0001 0.0001231457742409 0.9332466663334 0.2222777777777777
1 0.0878017541404 0.1213163529061329 0.9999 0.5508680698188256 0.6676805179591463 0.9935583910708118 0.5508515370800863 0.8665933336666 0.6666333333333333
0 0.0834166663334 0.0303518851424466 0.0001 0.0141379413241855 0.3172007463159851 0.0001 0.0141379413241855 0.0001 0.2222777777777777
1 0.0870391306956 0.3495198977372285 0.9999 0.9852738241834376 0.4531010659844927 0.9935583910708118 0.8131598356299791 0.9267439021464 0.6666333333333333
0 0.0150223879254 0.0556444446692672 0.0001 0.2526903596384873 0.0001 0.0001 0.2526903596384873 0.0001 0.0001
0 0.0082950816558 0.0660208790875263 0.0001 0.7088548403189008 0.0001 0.0001 0.7088548403189008 0.0001 0.6666333333333333
0 0.0223177775556 0.0387827379808193 0.0001 0.946150771188952 0.126940298526394 0.0001 0.946150771188952 0.0001 0.0001
0 0.0308630771538 0.1006089944895248 0.0001 0.8728653111389149 0.0001 0.9935583910708118 0.8728653111389149 0.9165833336666 0.9999
0 0.030396969394 0.1568146827765493 0.0001 0.3256079665515466 0.0001 0.0001 0.3256079665515466 0.89992 0.6666333333333333
0 0.045545454091 0.0801705627530441 0.0001 0.010096680702567 0.0001 0.0001 0.010096680702567 0.0001 0.4444555555555555
0 0.0186148152962 0.0088446060276005 0.0001 0.1304202383189015 0.8025590312087699 0.9935583910708118 0.1304202383189015 0.0001 0.9999
0 0.0834166663334 0.2772554423798994 0.0001 0.9709515199329196 0.0001 0.0001 0.377099154957487 0.8420368419474 0.0001
0 0.018964151415 0.0514290177442296 0.0001 0.0281835978731214 0.0001 0.0001 0.0281835978731214 0.0001 0.2222777777777777
0 0.0589117642942 0.0321846791057838 0.0001 0.0001138875045405 0.2758397789640208 0.0001 0.0001138875045405 0.0001 0.4444555555555555
0 0.1667333336665999 0.0444033072142027 0.0001 0.5977069480033033 0.0001 0.0001 0.5977069480033033 0.0001 0.6666333333333333
0 0.5 0.5663132648209183 0.5 0.6753600798761507 0.0001 0.9935583910708118 0.6128702170510746 0.9999 0.2222777777777777
0 0.25005 0.0414451127211006 0.0001 0.004638895817693 0.0668580519227549 0.0001 0.004638895817693 0.0001 0.4444555555555555
0 0.03134375 0.0122857710501887 0.0001 0.988553917789475 0.7249017053215078 0.9999 0.988553917789475 0.0001 0.0001
0 0.1429285715714 0.0141387059845284 0.0001 0.0882855832395189 0.6830862222490127 0.9935583910708118 0.0882855832395189 0.0001 0.0001
1 0.6046302327674 0.5142828570850456 0.9999 0.9964258119971688 0.8118779105689221 0.9935583910708118 0.9940927131341672 0.9090090908182 0.4444555555555555
0 0.74995 0.1327265306535388 0.0001 0.0008329510508087 0.1813004266474776 0.93531912931243 0.0007789440775966 0.9999 0.2222777777777777
0 0.0909909091818 0.0893678570344604 0.0001 0.873264576519493 0.0001 0.0001 0.873264576519493 0.9999 0.0001
1 0.30004 0.2705331666865159 0.9999 0.886751647196867 0.7375435962901706 0.9935583910708118 0.8867400743597416 0.9999 0.4444555555555555
0 0.0848288138474 0.1249141567732755 0.5 0.3578603474324424 0.6514420741309764 0.9934936808266296 0.3578163703513957 0.7999400000000001 0.4444555555555555
0 0.3333666663334 0.0725061503460126 0.0001 0.7872662734952849 0.3172007463159851 0.0001 0.7870232423158104 0.0001 0.0001
0 0.0448671637762 0.2917083332490248 0.0001 0.2716567078410883 0.0001 0.0001 0.0001247991081088 0.8063903226774001 0.6666333333333333
0 0.0253050419832 0.0928564860742567 0.0001 0.9531755283196024 0.4812183739394952 0.9934936808266296 0.9531292366711304 0.7575242428484 0.0001
0 0.0073449277246 0.0725061503460126 0.0001 0.8418325497068802 0.0001 0.0001 0.8418325497068802 0.0001 0.0001
0 0.0260688311948 0.107221428643693 0.0001 0.0001115729371154 0.0001 0.0001 0.0001033065677458 0.8332666663334 0.6666333333333333
0 0.0527210526842 0.0117255813247649 0.0001 0.8785071053339637 0.7375435962901706 0.9934936808266296 0.8785071053339637 0.0001 0.2222777777777777
0 0.025095 0.0069328486934205 0.0001 0.1228141904981396 0.8457019905987614 0.9999 0.1228141904981396 0.0001 0.6666333333333333
0 0.0625875 0.1905380951417426 0.0001 0.2804931215308778 0.0001 0.0001 0.2804931215308778 0.874925 0.4444555555555555
0 0.0385538456924 0.0556444446692672 0.0001 0.9959952997563718 0.0001 0.0001 0.9959952997563718 0.0001 0.6666333333333333
0 0.74995 0.2641164504047757 0.0001 0.0380062439632253 0.0001 0.0001 0.0380012841616015 0.9999 0.6666333333333333
0 0.1818818183635999 0.392878571356307 0.5 0.0362576321691532 0.0001 0.0001 0.0362576321691532 0.9999 0.2222777777777777
0 0.040092 0.0801705627530441 0.0001 0.0060021847302014 0.0001 0.0001 0.0060021847302014 0.0001 0.2222777777777777
0 0.0625875 0.0294915941397251 0.0001 0.9955169527221632 0.8025590312087699 0.9935583910708118 0.995486091623182 0.0001 0.2222777777777777
0 0.0233511628372 0.0256680774479604 0.0001 0.6941423636741131 0.4229009946651793 0.9988646350932188 0.6941423636741131 0.0001 0.6666333333333333
0 0.25005 0.1399529760881015 0.0001 0.2611237054297873 0.126940298526394 0.0001 0.0116464587760671 0.9999 0.6666333333333333
0 0.1429285715714 0.0263750672122827 0.0001 0.0924286855277713 0.8377246122879141 0.9999 0.0924124834558057 0.0001 0.4444555555555555
1 0.2727727275454 0.0928564860742567 0.5 0.9938288507478767 0.4812183739394952 0.9999 0.9937432112531984 0.9999 0.4444555555555555
1 0.0934146663334 0.1964892856781535 0.9999 0.5309527429725373 0.5969955221040889 0.9999 0.0740971941327924 0.8918135136216 0.6666333333333333
0 0.125075 0.0037622705545669 0.0001 0.9866351291952948 0.9172529277086646 0.9935583910708118 0.9866351291952948 0.0001 0.4444555555555555
0 0.20006 0.0088446060276005 0.0001 0.0122085716932206 0.8025590312087699 0.9935583910708118 0.0122085716932206 0.0001 0.6666333333333333
1 0.2143428568571999 0.6626658733129602 0.9999 0.5714926507970625 0.0001 0.0001 0.1038693348359015 0.7142428568572 0.6666333333333333
0 0.0667533336666 0.1049325086618491 0.0001 0.0503380075294354 0.3903778420099519 0.9935583910708118 0.0323305576737591 0.8332666663334 0.0001
0 0.017640351228 0.0514290177442296 0.0001 0.3329567651215098 0.0001 0.0001 0.3329567651215098 0.0001 0.6666333333333333
0 0.0870391306956 0.1327265306535388 0.0001 0.0065461115747478 0.0001 0.0001 0.003722321217947 0.7999400000000001 0.2222777777777777
0 0.10008 0.1438441392478743 0.0001 0.730975633453107 0.0001 0.0001 0.730975633453107 0.8332666663334 0.0001
0 0.0690517238966 0.0579701966879964 0.0001 0.0018822283161799 0.4812183739394952 0.9935583910708118 0.0001462916484718 0.0001 0.0001
0 0.0909909091818 0.0604620742845073 0.0001 0.998324761384854 0.0001 0.9999 0.998324761384854 0.0001 0.6666333333333333
0 0.0770076923846 0.1568146827765493 0.0001 0.0073148835261615 0.0001 0.0001 0.0073148835261615 0.9999 0.6666333333333333
0 0.0625875 0.0604620742845073 0.0001 0.3234868172911927 0.0001 0.0001 0.3234868172911927 0.0001 0.6666333333333333
0 0.0105145836665999 0.0042563870091852 0.0001 0.9949520844818732 0.9061021319689854 0.9935583910708118 0.9949520844818732 0.0001 0.6666333333333333
0 0.0385538456924 0.0208331800964801 0.0001 0.4399086505648713 0.5320109296724792 0.9935583910708118 0.4399086505648713 0.0001 0.6666333333333333
0 0.1667333336665999 0.0801705627530441 0.0001 0.9944908212310328 0.0001 0.9935583910708118 0.9944908212310328 0.0001 0.0001
0 0.5 0.0830447171527553 0.0001 0.0114893978580345 0.5550263060529741 0.0001 0.0005761426557115 0.0001 0.6666333333333333
0 0.0320085110212 0.1049325086618491 0.0001 0.4762442851477907 0.3903778420099519 0.0001 0.340311184926634 0.8063903226774001 0.4444555555555555
0 0.0134306663334 0.0801705627530441 0.0001 0.851370281826022 0.0001 0.0001 0.851370281826022 0.0001 0.6666333333333333
0 0.10008 0.0208331800964801 0.0001 0.0131244849594194 0.5320109296724792 0.9935583910708118 0.0131244849594194 0.0001 0.6666333333333333
0 0.0141816900986 0.0514290177442296 0.0001 0.5823794537573886 0.0001 0.0001 0.5823794537573886 0.0001 0.4444555555555555
0 0.0167633336666 0.03418409033426 0.0001 0.996638753600137 0.2307187248240624 0.0001 0.996638753600137 0.0001 0.4444555555555555
0 0.0278722224443999 0.0271092485015011 0.0001 0.6885096624653728 0.3903778420099519 0.0001 0.6885096624653728 0.0001 0.6666333333333333
0 0.40002 0.0845502264075178 0.0001 0.6001157667577357 0.1813004266474776 0.9999 0.4540953864377198 0.0001 0.6666333333333333
1 0.0984409838688 0.392878571356307 0.9999 0.1195374033598582 0.0001 0.9935583910708118 0.1194034882160665 0.8332666663334 0.6666333333333333
0 0.2727727275454 0.0861043014233814 0.0001 0.9862277627287388 0.5320109296724792 0.9935583910708118 0.9735785707587176 0.0001 0.0001
0 0.0186148152962 0.0477095232795844 0.0001 0.651580833488463 0.0001 0.0001 0.651580833488463 0.0001 0.4444555555555555
0 0.0572314284286 0.0579701966879964 0.0001 0.0131503861567868 0.4812183739394952 0.0001 0.0131156674454305 0.0001 0.2222777777777777
0 0.2222777775556 0.392878571356307 0.0001 0.82000934576999 0.0001 0.0001 0.6227193155831552 0.9999 0.6666333333333333
0 0.0435695653478 0.0286657141700911 0.0001 0.0094823244349872 0.3552528358739034 0.9935583910708118 0.0094823244349872 0.0001 0.6666333333333333
0 0.5 0.2772554423798994 0.0001 0.6993260359026757 0.0001 0.0001 0.6993005754610196 0.9999 0.4444555555555555
0 0.0073449277246 0.0604620742845073 0.0001 0.1573179985486615 0.0001 0.0001 0.1573179985486615 0.0001 0.0001
0 0.0572314284286 0.2411232141953837 0.0001 0.2570109131958867 0.0001 0.0001 0.1595940044485407 0.8665933336666 0.2222777777777777
0 0.0031205437704 0.1327265306535388 0.0001 0.1401808316442593 0.0001 0.0001 0.1401808316442593 0.8481446431428 0.4444555555555555
0 0.0435695653478 0.1905380951417426 0.0001 0.0010605515808026 0.0001 0.0001 0.0010605515808026 0.9999 0.0001
0 0.9999 0.0321846791057838 0.0001 0.989931094306514 0.7721713821139808 0.9935583910708118 0.9896880631270396 0.0001 0.0001
0 0.0061410875408 0.0801705627530441 0.0001 0.8602836277854189 0.2307187248240624 0.0001 0.8602836277854189 0.0001 0.2222777777777777
0 0.1111888887778 0.0387827379808193 0.0001 0.0147099737445966 0.126940298526394 0.9935583910708118 0.0147099737445966 0.0001 0.6666333333333333
0 0.0462446152308 0.0477095232795844 0.5 0.719630322865047 0.8208313440029749 0.9935583910708118 0.7195801735042101 0.0001 0.2222777777777777
0 0.2308230771538 0.1905380951417426 0.0001 0.7331959791458962 0.0001 0.0001 0.7331827528749129 0.8570714284286001 0.6666333333333333
0 0.05009 0.0845502264075178 0.0001 0.357062588093771 0.1813004266474776 0.93531912931243 0.3570471575442804 0.0001 0.2222777777777777
0 0.0589117642942 0.0514290177442296 0.0001 0.0001099196032475 0.0001 0.0001 0.0001099196032475 0.0001 0.6666333333333333
0 0.0205040813674 0.0444033072142027 0.0001 0.6214248027598123 0.0001 0.0001 0.6214248028598023 0.0001 0.6666333333333333
0 0.0167633336666 0.0387827379808193 0.0001 0.4692611905307619 0.126940298526394 0.0001 0.4692611905307619 0.0001 0.9999
0 0.0556444448888 0.1905380951417426 0.0001 0.000278222791622 0.0001 0.0001 0.000278222791622 0.9165833336666 0.4444555555555555
0 0.0286657147142 0.0198133183357039 0.0001 0.0001066131354916 0.5550263060529741 0.9935583910708118 0.0001066131354916 0.0001 0.6666333333333333
0 0.0186148152962 0.0556444446692672 0.0001 0.547892178345616 0.0001 0.0001 0.547892178345616 0.0001 0.0001
0 0.20006 0.024329847111694 0.0001 0.338526641943039 0.4531010659844927 0.0001 0.338526641943039 0.0001 0.4444555555555555
0 0.1111888887778 0.0101911485106298 0.0001 0.2341753550834789 0.7721713821139808 0.9935583910708118 0.2341753550834789 0.0001 0.6666333333333333
0 0.0544369564348 0.2544350878967898 0.0001 0.853129364367961 0.0668580519227549 0.9676742744004648 0.8530615801791263 0.9031451608388 0.6666333333333333
0 0.0087939128695999 0.0556444446692672 0.0001 0.8606517565946962 0.0001 0.93531912931243 0.8606517565946962 0.0001 0.6666333333333333
0 0.0134306663334 0.0556444446692672 0.0001 0.9988121463109074 0.0001 0.0001 0.9988121463109074 0.0001 0.4444555555555555
0 0.0909909091818 0.1905380951417426 0.0001 0.090125676141286 0.0001 0.0001 0.0143184786832326 0.8181181816364 0.4444555555555555
0 0.0134306663334 0.0556444446692672 0.0001 0.0032081532831333 0.0001 0.0001 0.0032081532831333 0.0001 0.6666333333333333
0 0.2222777775556 0.0845502264075178 0.0001 0.0004819060249 0.1813004266474776 0.0001 0.0001578645855872 0.0001 0.0001
0 0.59998 0.1667333329960992 0.0001 0.0169485054100029 0.0001 0.9999 0.0084854008089603 0.6666333336666 0.6666333333333333
0 0.59998 0.1778918153783323 0.0001 0.0036082453806404 0.0001 0.0001 0.0001132261709933 0.6666333336666 0.6666333333333333
0 0.0174878257392 0.2130203700518715 0.0001 0.1158638306918155 0.0001 0.0001 0.001222572400449 0.877475509796 0.2222777777777777
0 0.0385538456924 0.0208331800964801 0.0001 0.0050383265816529 0.5320109296724792 0.0001 0.0050383265816529 0.0001 0.6666333333333333
1 0.1936096773225999 0.1840109829078822 0.9999 0.990775916816132 0.5320109296724792 0.9999 0.9907411980047856 0.6666333336666 0.0001
0 0.3333666663334 0.0080349203779803 0.0001 0.0933360017578269 0.8208313440029749 0.8252469239691724 0.0933360017578269 0.0001 0.4444555555555555
0 0.0248884293224 0.0725061503460126 0.0001 0.8469439188006855 0.6343014926319703 0.9935583910708118 0.8001083472839435 0.0001 0.2222777777777777
0 0.1111888887778 0.0725061503460126 0.0001 0.9946142656269578 0.0001 0.9935583910708118 0.9946142656269578 0.0001 0.2222777777777777
0 0.025095 0.0256680774479604 0.0001 0.6370135141578187 0.4229009946651793 0.0001 0.6370135141578187 0.0001 0.6666333333333333
0 0.0870391306956 0.1327265306535388 0.0001 0.3089925726177806 0.0001 0.0001 0.3089661202757939 0.9999 0.6666333333333333
0 0.1334066663333999 0.0444033072142027 0.0001 0.739747900088591 0.6343014926319703 0.9355779702891592 0.7396900356029938 0.0001 0.0001
0 0.1072214284286 0.1399529760881015 0.0001 0.0267292686086294 0.126940298526394 0.0001 0.0064072366293323 0.7142428568572 0.0001
1 0.0532808507022 0.1513754227502828 0.9999 0.5305598150551512 0.5320109296724792 0.9934936808266296 0.5304942352448135 0.884538461923 0.2222777777777777
0 0.0001 0.1327265306535388 0.0001 0.0246841699064799 0.0001 0.0001 0.0246841699064799 0.9999 0.6666333333333333
0 0.0496768596446 0.1438441392478743 0.0001 0.8813077498165334 0.6830862222490127 0.9935583910708118 0.6168783020062868 0.8181181816364 0.0001
0 0.0625875 0.325431745614218 0.0001 0.7666703491375421 0.0001 0.0001 0.4627194096691602 0.9229923076154 0.2222777777777777
1 0.4285857147142 0.4551371798892663 0.9999 0.1489276379380774 0.0001 0.9935583910708118 0.1488852039019807 0.7999400000000001 0.2222777777777777
1 0.6470294122352 0.6064601850259358 0.9999 0.384494245275912 0.0001 0.0001 0.2935427361651896 0.9999 0.4444555555555555
0 0.0087939128695999 0.1568146827765493 0.0001 0.0243171432864513 0.0001 0.0001 0.0243171432864513 0.9267439021464 0.6666333333333333
0 0.5 0.0514290177442296 0.0001 0.0014926069665396 0.0001 0.9935583910708118 0.0014926069665396 0.0001 0.2222777777777777
0 0.1539153847692 0.325431745614218 0.0001 0.1178659443132391 0.0001 0.6764132533646445 0.1177733610162954 0.9999 0.0001
0 0.1818818183635999 0.392878571356307 0.5 0.7334406635592488 0.0001 0.0001 0.1695197045834551 0.7999400000000001 0.2222777777777777
1 0.0556444448888 0.1201587994629951 0.5 0.0159201696403654 0.2758397789640208 0.0001 0.0023071195217958 0.8063903226774001 0.6666333333333333
0 0.1429285715714 0.114660416561281 0.0001 0.975731132262672 0.0001 0.0001 0.975731132262672 0.7999400000000001 0.0001
1 0.0273054418232 0.2262452383602077 0.9999 0.063507980469772 0.0001 0.0001 0.0634462582718096 0.8124375 0.2222777777777777
0 0.0741592591852 0.114660416561281 0.5 0.2906186472866949 0.5550263060529741 0.9676095641562829 0.290595501512454 0.8063903226774001 0.2222777777777777
0 0.0690517238966 0.1327265306535388 0.0001 0.344885130022467 0.0001 0.0001 0.3448685972837279 0.9999 0.6666333333333333
0 0.0299447758508 0.2411232141953837 0.0001 0.000204156234059 0.0001 0.0001 0.0001578645855872 0.8063903226774001 0.0001
0 0.0001 0.1006089944895248 0.0001 0.0005976351960745 0.0001 0.0001 0.0005976351960745 0.9999 0.0001
0 0.5 0.2772554423798994 0.0001 0.6024072032071057 0.0001 0.0001 0.6024072032071057 0.9999 0.6666333333333333
0 0.0345758624482 0.0893678570344604 0.0001 0.000331458242359 0.126940298526394 0.0001 0.000331458242359 0.6110888887778 0.4444555555555555
0 0.0286657147142 0.1568146827765493 0.0001 0.3623668390062141 0.0001 0.0001 0.3623668390062141 0.8888111112222 0.0001
0 0.0130844155974 0.0092747515289612 0.0001 0.8859021955523987 0.7928518657899629 0.93531912931243 0.8859021955523987 0.0001 0.2222777777777777
0 0.3333666663334 0.0604620742845073 0.0001 0.8880508994439779 0.0001 0.0001 0.8880508994439779 0.0001 0.2222777777777777
0 0.0228227275454 0.0092747515289612 0.0001 0.1392735154142037 0.7928518657899629 0.9935583910708118 0.1392735154142037 0.0001 0.4444555555555555
0 0.0134306663334 0.0363739231731992 0.0001 0.5659988245337376 0.1813004266474776 0.0001 0.5659988245337376 0.0001 0.6666333333333333
0 0.1786357147142 0.2081329188085039 0.5 0.970731634627676 0.2758397789640208 0.9935583910708118 0.9706930582039544 0.89992 0.2222777777777777
0 0.20006 0.0230839083134385 0.0001 0.350049403900236 0.4812183739394952 0.0001 0.350049403900236 0.0001 0.2222777777777777
0 0.4444555551112 0.2262452383602077 0.5 0.2986926816827167 0.0001 0.0001 0.1353225235221038 0.9999 0.4444555555555555
0 0.0085016803278 0.0444033072142027 0.0001 0.4349521380106011 0.0001 0.0001 0.4349521380106011 0.0001 0.0001
0 0.0351807014562 0.0893678570344604 0.0001 0.279146034690335 0.126940298526394 0.0001 0.2791367763206446 0.8665933336666 0.4444555555555555
0 0.0435695653478 0.0042563870091852 0.0001 0.8236746520686631 0.9061021319689854 0.9870873626531236 0.8236746520686631 0.0001 0.6666333333333333
0 0.030396969394 0.114660416561281 0.0001 0.4148268454623168 0.0001 0.9935583910708118 0.4148268454623168 0.8888111112222 0.0001
0 0.0417583336666 0.1327265306535388 0.0001 0.0001694374227127 0.0001 0.0001 0.0001694374227127 0.874925 0.0001
0 0.4444555551112 0.2772554423798994 0.0001 0.9990075631748158 0.0001 0.9999 0.1147148059493797 0.6666333336666 0.6666333333333333
0 0.0572314284286 0.325431745614218 0.0001 0.0894313015141988 0.0001 0.0001 0.0779972652415703 0.7691769228462 0.0001
0 0.1111888887778 0.0725061503460126 0.0001 0.8845404496848404 0.0001 0.9935583910708118 0.8845404496848404 0.0001 0.2222777777777777
0 0.0257358977948 0.0893678570344604 0.0001 0.6800019194497363 0.0001 0.0001 0.6800019194497363 0.8460846152308 0.6666333333333333
0 0.0698534885116 0.114660416561281 0.0001 0.0004321425252905 0.3172007463159851 0.9999 0.0001173593556781 0.8665933336666 0.9999
0 0.0909909091818 0.0198133183357039 0.0001 0.1112065605687393 0.5550263060529741 0.0001 0.1112065605687393 0.0001 0.6666333333333333
0 0.0031205437704 0.0725061503460126 0.0001 0.0086546959976555 0.0001 0.0001 0.0086546959976555 0.0001 0.4444555555555555
0 0.0278722224443999 0.1905380951417426 0.0001 0.0002504478825308 0.0001 0.0001 0.0002504478825308 0.8181181816364 0.0001
0 0.10008 0.325431745614218 0.0001 0.99115947607491 0.0001 0.9935583910708118 0.9650493352027182 0.9999 0.6666333333333333
0 0.0073449277246 0.0363739231731992 0.0001 0.0144851286377292 0.1813004266474776 0.0001 0.0144851286377292 0.0001 0.0001
0 0.045545454091 0.2130203700518715 0.0001 0.2958044137048269 0.0001 0.0001 0.2957581220563551 0.9165833336666 0.6666333333333333
0 0.1429285715714 0.0477095232795844 0.0001 0.265327978671393 0.9999 0.9935583910708118 0.2652701141857956 0.0001 0.2222777777777777
0 0.10008 0.0363739231731992 0.0001 0.766593196390089 0.1813004266474776 0.0001 0.7665931964900791 0.0001 0.2222777777777777
0 0.0174878257392 0.1230912693996537 0.0001 0.608264198378094 0.0001 0.0001 0.608264198378094 0.9267439021464 0.2222777777777777
1 0.4166833336666 0.1596725983413419 0.5 0.5316636503383638 0.8815325826790495 0.9935583910708118 0.2296057083557326 0.9999 0.6666333333333333
0 0.9999 0.0514290177442296 0.0001 0.7712455067115416 0.5550263060529741 0.0001 0.7712377914867913 0.0001 0.2222777777777777
0 0.1429285715714 0.0208331800964801 0.0001 0.9579134781357332 0.5320109296724792 0.9999 0.9579134781357332 0.0001 0.4444555555555555
0 0.040092 0.114660416561281 0.0001 0.2596230186234447 0.0001 0.0001 0.2596230186234447 0.89992 0.0001
0 0.0082950816558 0.0725061503460126 0.0001 0.1775165862320237 0.0001 0.0001 0.1775165862320237 0.0001 0.2222777777777777
0 0.0207144332886 0.1721435065789099 0.0001 0.9559645998650568 0.0001 0.9935583910708118 0.9552355065266132 0.74995 0.0001
0 0.7999400000000001 0.114660416561281 0.0001 0.9061817935955891 0.5550263060529741 0.0001 0.9061200713976266 0.9999 0.2222777777777777
0 0.0082950816558 0.0725061503460126 0.0001 0.0001162020719656 0.0001 0.0001 0.0001162020719656 0.0001 0.4444555555555555
0 0.020096 0.0059467838623865 0.0001 0.8530004090257932 0.8679546737274111 0.9935583910708118 0.8530004090257932 0.0001 0.0001
0 0.0257358977948 0.1006089944895248 0.0001 0.0067428510057605 0.0001 0.0001 0.0067428510057605 0.5 0.0001
0 0.0031205437704 0.0725061503460126 0.0001 0.7538585854032352 0.0001 0.0001 0.7538585854032352 0.0001 0.6666333333333333
0 0.5 0.204990986010868 0.0001 0.0003033525665044 0.0001 0.0001 0.0002868198277651 0.5 0.6666333333333333
1 0.0435695653478 0.6205116070976919 0.5 0.0035503807950531 0.0001 0.0001 0.0001347187113563 0.877475509796 0.6666333333333333
0 0.0385538456924 0.0761717392843895 0.0001 0.5985517705129215 0.2758397789640208 0.0001 0.2285443071086166 0.0001 0.6666333333333333
0 0.0130844155974 0.114660416561281 0.0001 0.9949851498593616 0.0001 0.0001 0.9949851498593616 0.9229923076154 0.6666333333333333
0 0.3333666663334 0.4940488094635891 0.0001 0.326645119835173 0.0001 0.9999 0.326645119835173 0.74995 0.2222777777777777
0 0.0164901643114 0.325431745614218 0.0001 0.0023528600256483 0.0001 0.0001 0.0023142837019168 0.89992 0.2222777777777777
1 0.3636636367272 0.3326069402295603 0.5 0.9819771977386712 0.7827316297181688 0.9935583910708118 0.9818002975141538 0.9229923076154 0.6666333333333333
0 0.018964151415 0.0198133183357039 0.0001 0.9873781100382788 0.5550263060529741 0.9935583910708118 0.9873781100382788 0.0001 0.4444555555555555
0 0.0589117642942 0.1006089944895248 0.0001 0.0100087265404736 0.0001 0.0001 0.0100087265404736 0.40002 0.4444555555555555
0 0.1429285715714 0.0444033072142027 0.0001 0.8121688638058967 0.0001 0.0001 0.8121688638058967 0.0001 0.4444555555555555
1 0.1591590908181999 0.202801154183631 0.9999 0.993366595596706 0.5766468120601562 0.9935583910708118 0.9769661271665598 0.8635636367272 0.6666333333333333
0 0.0286657147142 0.0171034016771313 0.0001 0.5084665764521803 0.6161814503477434 0.9988646350932188 0.5084665764521803 0.0001 0.6666333333333333
0 0.20006 0.0444033072142027 0.0001 0.8575634426180477 0.0001 0.0001 0.8575634426180477 0.0001 0.6666333333333333
0 0.0257358977948 0.1006089944895248 0.0001 0.0001115729371154 0.0001 0.0001 0.0001115729371154 0.74995 0.2222777777777777
0 0.0834166663334 0.0321846791057838 0.0001 0.9708920021134544 0.7721713821139808 0.9935583910708118 0.9703596482060234 0.0001 0.6666333333333333
0 0.0345758624482 0.114660416561281 0.0001 0.97877226358038 0.0001 0.0001 0.97877226358038 0.8234647061175999 0.2222777777777777
0 0.125075 0.0101911485106298 0.0001 0.7473165840637879 0.7721713821139808 0.9935583910708118 0.7473165840637879 0.0001 0.0001
0 0.0698534885116 0.2216673994082223 0.5 0.6134681508688331 0.0001 0.9935583910708118 0.6134488626069773 0.8665933336666 0.2222777777777777
0 0.74995 0.0541782086892355 0.0001 0.8750583777727883 0.7721713821139808 0.9993176078023596 0.8750583777727883 0.0001 0.0001
0 0.10008 0.0271092485015011 0.0001 0.9566311995830528 0.3903778420099519 0.0001 0.9566311995830528 0.0001 0.4444555555555555
0 0.05009 0.0375489547866724 0.0001 0.3442568863503366 0.7116431383842602 0.9934936808266296 0.3442568863503366 0.0001 0.6666333333333333
0 0.10008 0.1006089944895248 0.0001 0.7763943500398199 0.0001 0.0001 0.7763943500398199 0.9999 0.6666333333333333
0 0.0145898554491999 0.114660416561281 0.0001 0.0267755602571013 0.0001 0.0001 0.0265672478889731 0.8655985076716001 0.0001
1 0.040092 0.1096019046559168 0.5 0.1296967661156288 0.3552528358739034 0.9676095641562829 0.1296570875026587 0.9332466663334 0.6666333333333333
1 0.5833166663334 0.0971501833540059 0.5 0.9554854814083628 0.9172529277086646 0.9935583910708118 0.6082356519465277 0.9999 0.4444555555555555
0 0.0001 0.0230839083134385 0.0001 0.0013151556973926 0.4812183739394952 0.0001 0.0013151556973926 0.0001 0.2222777777777777
0 0.1111888887778 0.114660416561281 0.0001 0.7034668235235131 0.0001 0.0001 0.7034668235235131 0.8332666663334 0.0001
0 0.0572314284286 0.0363739231731992 0.0001 0.6566003908077997 0.7249017053215078 0.0001 0.6566003908077997 0.0001 0.2222777777777777
1 0.615361538077 0.3400940993443207 0.9999 0.9231272910595302 0.2758397789640208 0.0001 0.8463277991103 0.9999 0.6666333333333333
0 0.0173379307242 0.0660208790875263 0.0001 0.0002983927648806 0.0001 0.0001 0.0002983927648806 0.0001 0.6666333333333333
0 0.1111888887778 0.1006089944895248 0.0001 0.979426748515707 0.0001 0.0001 0.979426748515707 0.9999 0.2222777777777777
1 0.0331512394298 0.0946926065150229 0.5 0.9290013701138772 0.6676805179591463 0.9935583910708118 0.9278407724343258 0.8181181816364 0.6666333333333333
0 0.0589117642942 0.0001 0.0001 0.8173541892683373 0.9999 0.9935583910708118 0.8173541892683373 0.0001 0.6666333333333333
0 0.030094 0.0266166971504662 0.0001 0.3824319525014761 0.9794997737688208 0.9934936808266296 0.3821773483848861 0.0001 0.4444555555555555
1 0.59998 0.5572802082806404 0.9999 0.4576846421781885 0.0001 0.0001 0.4575275812601558 0.59998 0.6666333333333333
0 0.045545454091 0.1438441392478743 0.0001 0.2380081930480514 0.0001 0.0001 0.2379233249758581 0.9999 0.2222777777777777
0 0.0082950816558 0.0321846791057838 0.0001 0.6765912171676632 0.2758397789640208 0.0001 0.6765912171676632 0.0001 0.6666333333333333
0 0.032351613387 0.392878571356307 0.0001 0.4234337849103886 0.0001 0.0001 0.4234337849103886 0.74995 0.6666333333333333
0 0.2222777775556 0.0660208790875263 0.0001 0.5603261141452437 0.3903778420099519 0.0001 0.3187045597272416 0.0001 0.4444555555555555
0 0.0435695653478 0.1905380951417426 0.0001 0.2518223913546283 0.0001 0.0001 0.2518223913546283 0.7999400000000001 0.0001
0 0.1875625 0.2216673994082223 0.0001 0.0002427325577906 0.0001 0.9935583910708118 0.0001501492608469 0.9999 0.2222777777777777
0 0.10008 0.0556444446692672 0.0001 0.792245931823796 0.0001 0.0001 0.792245931823796 0.0001 0.6666333333333333
0 0.0926740744814 0.1462761159698066 0.0001 0.8730050127012692 0.5550263060529741 0.0001 0.8729653340882992 0.9999 0.6666333333333333
0 0.0572314284286 0.03418409033426 0.0001 0.0464577757271425 0.7496108550440016 0.0001 0.046406524177057 0.0001 0.6666333333333333
0 0.015481538077 0.0179535716092325 0.0001 0.8463641710555344 0.5969955221040889 0.9935583910708118 0.8463641711555243 0.0001 0.6666333333333333
0 0.015481538077 0.0444033072142027 0.0001 0.0001069437022752 0.0001 0.9935583910708118 0.0001069437022752 0.0001 0.9999
0 0.022567415618 0.0534687402540796 0.0001 0.5778924707233384 0.5320109296724792 0.9935583910708118 0.5778858575878467 0.0001 0.6666333333333333
0 0.1429285715714 0.114660416561281 0.0001 0.0518540588918999 0.0001 0.0001 0.0010003725277802 0.7142428568572 0.4444555555555555
0 0.2308230771538 0.0893678570344604 0.0001 0.8729752537915366 0.5074611941055762 0.0001 0.8376014933565243 0.9999 0.4444555555555555
0 0.3333666663334 0.4940488094635891 0.0001 0.0210623998331521 0.0001 0.0001 0.0208463721402837 0.3333666663334 0.2222777777777777
0 0.0103020411836 0.0117255813247649 0.0001 0.9736480081814304 0.7375435962901706 0.9934936808266296 0.9736480081814304 0.0001 0.2222777777777777
0 0.20006 0.0303518851424466 0.0001 0.9561613393960596 0.3172007463159851 0.0001 0.9561613393960596 0.0001 0.0001
0 0.0117255814185999 0.0117255813247649 0.0001 0.9190200097718728 0.7375435962901706 0.9934936808266296 0.9190200097718728 0.0001 0.2222777777777777
1 0.8332666663334 0.1905380951417426 0.9999 0.296713713835534 0.3552528358739034 0.9935583910708118 0.2966475829805671 0.9999 0.6666333333333333
1 0.30004 0.4940488094635891 0.9999 0.8321361034358277 0.7928518657899629 0.9935583910708118 0.8168053026221672 0.954454545909 0.6666333333333333
0 0.2857571431428 0.2411232141953837 0.0001 0.10106207721784 0.0001 0.0001 0.1006107336702373 0.8332666663334 0.0001
0 0.25005 0.0286657141700911 0.0001 0.7110216199941694 0.3552528358739034 0.0001 0.7110216199941694 0.0001 0.4444555555555555
0 0.0134306663334 0.0141387059845284 0.0001 0.661778882856883 0.6830862222490127 0.9993176078023596 0.661778882856883 0.0001 0.4444555555555555
0 0.0001 0.0171034016771313 0.0001 0.000566222952474 0.6161814503477434 0.0001 0.000566222952474 0.0001 0.6666333333333333
0 0.0351807014562 0.114660416561281 0.0001 0.0480697168543065 0.0001 0.0001 0.0476299462438192 0.8665933336666 0.0001
0 0.0247864197284 0.0845502264075178 0.0001 0.2245334667302779 0.1813004266474776 0.0001 0.2244640293075651 0.0001 0.0001
0 0.0031205437704 0.0286657141700911 0.0001 0.8203030772549408 0.3552528358739034 0.0001 0.8203030772549408 0.0001 0.2222777777777777
0 0.0173379307242 0.0514290177442296 0.0001 0.0712965496502225 0.0001 0.0001 0.0712965496502225 0.0001 0.0001
1 0.0261817396086 0.1479401003089452 0.5 0.8931567575915403 0.0668580519227549 0.9676742744004648 0.8931501445560386 0.9267439021464 0.6666333333333333
0 0.0264105258421999 0.0188552665318994 0.0001 0.7302647259872905 0.5766468120601562 0.9935583910708118 0.7302647259872905 0.0001 0.6666333333333333
0 0.0371296295926 0.0188552665318994 0.0001 0.0240026907836125 0.5766468120601562 0.9935583910708118 0.0240026907836125 0.0001 0.4444555555555555
1 0.0770076923846 0.9999 0.9999 0.132914035434445 0.0001 0.0001 0.0032643645348527 0.9165833336666 0.6666333333333333
0 0.017640351228 0.0171034016771313 0.0001 0.9945288465101352 0.6161814503477434 0.9935583910708118 0.9945288465101352 0.0001 0.6666333333333333
0 0.1579631580526 0.204990986010868 0.0001 0.046087442539368 0.0001 0.0001 0.0460808294038763 0.5 0.6666333333333333
0 0.0264105258421999 0.0801705627530441 0.0001 0.0576620069912898 0.0001 0.0001 0.0576620069912898 0.0001 0.6666333333333333
1 0.4666733336665999 0.1270587300944951 0.9999 0.9738370323876928 0.8208313440029749 0.9935583910708118 0.9434079912919692 0.9999 0.2222777777777777
0 0.0417583336666 0.0321846791057838 0.0001 0.0001810103598281 0.2758397789640208 0.9935583910708118 0.0001810103598281 0.0001 0.2222777777777777
0 0.045545454091 0.0141387059845284 0.0001 0.8429600819089529 0.6830862222490127 0.9935583910708118 0.8429600819089529 0.0001 0.6666333333333333
0 0.0770076923846 0.0801705627530441 0.0001 0.2325187754417311 0.2307187248240624 0.9935583910708118 0.2317896821032875 0.0001 0.0001
1 0.9999 0.121818688430895 0.5 0.7917631761325826 0.8377246122879141 0.9935583910708118 0.74702064820034 0.9999 0.6666333333333333
1 0.1134793815876 0.5181369615865997 0.9999 0.9820653722786205 0.1813004266474776 0.0001 0.9761014653504566 0.74995 0.2222777777777777
0 0.0909909091818 0.0271092485015011 0.0001 0.0216752130557819 0.3903778420099519 0.0001 0.0216752130557819 0.0001 0.6666333333333333
1 0.2083916663334 0.3495198977372285 0.9999 0.0227514937077691 0.0001 0.9676742744004648 0.0227283479335282 0.9090090908182 0.6666333333333333
1 0.05009 0.325431745614218 0.9999 0.4534803688365929 0.0001 0.0001 0.4534803688365929 0.954454545909 0.2222777777777777
0 0.5 0.325431745614218 0.0001 0.0753933601900132 0.0001 0.0001 0.0753470685415414 0.9999 0.0001
0 0.0233511628372 0.0660208790875263 0.0001 0.8771299289169147 0.0001 0.9999 0.8771299289169147 0.0001 0.0001
0 0.25005 0.1721435065789099 0.5 0.9774323502190236 0.2307187248240624 0.9951114379310516 0.9774014891200424 0.9999 0.2222777777777777
1 0.241431034138 0.1674866486124508 0.9999 0.9870355518595856 0.9794997737688208 0.9934936808266296 0.9415308651114206 0.74995 0.4444555555555555
0 0.045545454091 0.0101911485106298 0.0001 0.8809837082772308 0.7721713821139808 0.9935583910708118 0.8809837082772308 0.0001 0.0001
0 0.0166256202147999 0.1721435065789099 0.0001 0.8406135363971124 0.0001 0.0001 0.8406135363971124 0.8181181816364 0.2222777777777777
0 0.045545454091 0.0444033072142027 0.0001 0.0003970380526966 0.0001 0.0001 0.0003970380526966 0.0001 0.2222777777777777
0 0.0260688311948 0.0631385359687426 0.0001 0.9972127700211896 0.4229009946651793 0.5469926710127753 0.9954004521285036 0.0001 0.4444555555555555
0 0.1132849054906 0.5400352808706709 0.5 0.1952192827102631 0.0001 0.9935583910708118 0.19514212996281 0.7825521742608 0.2222777777777777
0 0.0870391306956 0.0286657141700911 0.0001 0.0302397183677671 0.8118779105689221 0.0001 0.0302397183677671 0.0001 0.2222777777777777
1 0.3559610165594 0.3967697345160797 0.9999 0.6736110272263769 0.8294404136369463 0.9934936808266296 0.6059650467039738 0.7999400000000001 0.4444555555555555
0 0.1429285715714 0.0101911485106298 0.0001 0.0685769155274808 0.7721713821139808 0.9935583910708118 0.0685769155274808 0.0001 0.0001
0 0.1111888887778 0.0101911485106298 0.0001 0.0001231457742409 0.7721713821139808 0.9993176078023596 0.0001231457742409 0.0001 0.0001
0 0.0371296295926 0.1006089944895248 0.0001 0.0154595677230724 0.0001 0.0001 0.0154595677230724 0.9999 0.4444555555555555
0 0.1334066663333999 0.1905380951417426 0.0001 0.3939107372776363 0.0001 0.0001 0.3939107372776363 0.5 0.2222777777777777
0 0.0589117642942 0.0556444446692672 0.0001 0.1060500019157206 0.0001 0.0001 0.1060500019157206 0.0001 0.0001
1 0.3636636367272 0.2772554423798994 0.5 0.1159630270242609 0.0001 0.9999 0.1138269982590457 0.7999400000000001 0.6666333333333333
0 0.080084 0.2130203700518715 0.0001 0.2517876726432719 0.0001 0.0001 0.0370638783550398 0.9090090908182 0.4444555555555555
0 0.0334266663334 0.2411232141953837 0.0001 0.1020110559615172 0.0001 0.0001 0.1015018478283272 0.8665933336666 0.0001
0 0.125075 0.1006089944895248 0.0001 0.2124652349835745 0.0001 0.0001 0.2124467183441838 0.874925 0.4444555555555555
0 0.0527210526842 0.0188552665318994 0.0001 0.988234836151786 0.5766468120601562 0.9935583910708118 0.988234836151786 0.0001 0.6666333333333333
0 0.0186148152962 0.0171034016771313 0.0001 0.0526101557169496 0.6161814503477434 0.9935583910708118 0.0526101557169496 0.0001 0.2222777777777777
0 0.25005 0.0556444446692672 0.0001 0.0001462916484718 0.0001 0.0001 0.0001462916484718 0.0001 0.0001
1 0.7691769228462 0.3145532255616849 0.9999 0.8857219887601352 0.5320109296724792 0.9935583910708118 0.8856922298504026 0.9999 0.6666333333333333
0 0.061312245102 0.325431745614218 0.0001 0.0406283349873996 0.0001 0.0001 0.0001462916484718 0.9258407408148 0.0001
0 0.120076 0.0556444446692672 0.5 0.6706229015824948 0.7611417911583644 0.9935583910708118 0.6706063688437556 0.0001 0.6666333333333333
0 0.1291064515484 0.0604620742845073 0.5 0.8930079630428774 0.8608020262584182 0.9935583910708118 0.8929153797459337 0.0001 0.4444555555555555
0 0.0410754102786 0.304354613012435 0.0001 0.0311633469587062 0.0001 0.0001 0.0311550805893366 0.89992 0.6666333333333333
0 0.021834782174 0.0725061503460126 0.0001 0.000102314567425 0.0001 0.0001 0.000102314567425 0.0001 0.4444555555555555
0 0.3333666663334 0.0271092485015011 0.0001 0.8211077803958773 0.3903778420099519 0.0001 0.8211077803958773 0.0001 0.4444555555555555
0 0.0286657147142 0.0062637330194361 0.0001 0.7047583604458837 0.8608020262584182 0.9935583910708118 0.7047583604458837 0.0001 0.4444555555555555
0 0.0173379307242 0.0053451173744458 0.0001 0.0430321939402082 0.8815325826790495 0.9935583910708118 0.0430321939402082 0.0001 0.6666333333333333
0 0.030396969394 0.1905380951417426 0.0001 0.0813633291090495 0.0001 0.0001 0.0813633291090495 0.8888111112222 0.6666333333333333
0 0.0286657147142 0.0363739231731992 0.0001 0.0462610361961398 0.1813004266474776 0.0001 0.0462610361961398 0.0001 0.6666333333333333
0 0.0141816900986 0.1006089944895248 0.0001 0.010809571969045 0.0001 0.9935583910708118 0.010809571969045 0.9332466663334 0.4444555555555555
0 0.0318396827936 0.1568146827765493 0.0001 0.0488996599590533 0.0001 0.0001 0.0488996599590533 0.809461905238 0.6666333333333333
0 0.0589117642942 0.1905380951417426 0.0001 0.2475420674548282 0.0001 0.0001 0.2475420674548282 0.59998 0.6666333333333333
0 0.0414140495372 0.0547569864225067 0.0001 0.0004256947731806 0.968091752245745 0.9935583910708118 0.0002206889727982 0.0001 0.6666333333333333
1 0.1170978727446 0.198173585001104 0.5 0.9989301900495068 0.8377246122879141 0.9999 0.9989301900495068 0.8063903226774001 0.4444555555555555
0 0.0001 0.024329847111694 0.0001 0.9974419135961335 0.4531010659844927 0.9934936808266296 0.9974419135961335 0.0001 0.0001
0 0.0625875 0.1327265306535388 0.0001 0.6389842156356317 0.0001 0.0001 0.6389842156356317 0.89992 0.6666333333333333
0 0.1818818183635999 0.2772554423798994 0.0001 0.0029430785186665 0.0001 0.0001 0.0028582105464631 0.8181181816364 0.2222777777777777
0 0.0527210526842 0.0477095232795844 0.0001 0.0080158712887404 0.5969955221040889 0.9935583910708118 0.0077579607043946 0.0001 0.6666333333333333
0 0.0589117642942 0.0514290177442296 0.0001 0.1943050226779422 0.0001 0.0001 0.1943050226779422 0.0001 0.0001
0 0.03134375 0.1327265306535388 0.0001 0.9662104839268988 0.0001 0.9935583910708118 0.9662104839268988 0.9129608693044 0.2222777777777777
0 0.0205040813674 0.1006089944895248 0.0001 0.3961805709977153 0.0001 0.9935583910708118 0.3961805709977153 0.8787121214242 0.9999
0 0.6666333336666 0.1438441392478743 0.0001 0.0027733424742698 0.0001 0.9935583910708118 0.0027650761049002 0.9999 0.6666333333333333
1 0.354867742258 0.3061612241181501 0.9999 0.7114135559112348 0.6161814503477434 0.9935583910708118 0.6700133949276109 0.7142428568572 0.2222777777777777
0 0.030396969394 0.1568146827765493 0.0001 0.3412462761657707 0.0001 0.0001 0.3412462761657707 0.7367947365790001 0.0001
0 0.05009 0.0256680774479604 0.0001 0.0406746266358714 0.4229009946651793 0.9935583910708118 0.0406746266358714 0.0001 0.6666333333333333
0 0.0770076923846 0.0106798938373071 0.0001 0.0001115729371154 0.7611417911583644 0.9935583910708118 0.0001115729371154 0.0001 0.2222777777777777
0 0.1539153847692 0.114660416561281 0.0001 0.148024950842872 0.0001 0.0001 0.1479863745191404 0.9999 0.2222777777777777
1 0.1026435901794 0.1809028338878574 0.5 0.1772267123594481 0.1813004266474776 0.9934936808266296 0.0151728902293147 0.5 0.6666333333333333
0 0.0345758624482 0.0604620742845073 0.0001 0.0001115729371154 0.0001 0.9935583910708118 0.0001115729371154 0.0001 0.6666333333333333
0 0.040092 0.1006089944895248 0.0001 0.9272935390220336 0.0001 0.6764779636088267 0.9272935391220236 0.9999 0.6666333333333333
0 0.0909909091818 0.0861043014233814 0.0001 0.0014112108454739 0.5320109296724792 0.9935583910708118 0.0001243031579434 0.0001 0.9999
1 0.1957130435652 0.5572802082806404 0.9999 0.8161360577699621 0.5550263060529741 0.9935583910708118 0.8159670932480406 0.9031451608388 0.4444555555555555
0 0.25005 0.1568146827765493 0.0001 0.0001231457742409 0.0001 0.0001 0.0001231457742409 0.9999 0.4444555555555555
0 0.0834166663334 0.0604620742845073 0.0001 0.9530752297979084 0.0001 0.0001 0.9530752297979084 0.0001 0.2222777777777777
0 0.0834166663334 0.0534687402540796 0.5 0.0005033986652529 0.9002569568340085 0.9935583910708118 0.0003794031247088 0.0001 0.6666333333333333
0 0.2222777775556 0.0579701966879964 0.0001 0.6473922111742036 0.4812183739394952 0.5530754389652344 0.6473922111742036 0.0001 0.2222777777777777
0 0.018964151415 0.0414451127211006 0.0001 0.1462824010396722 0.0668580519227549 0.9935583910708118 0.1462824010396722 0.0001 0.6666333333333333
0 0.125075 0.1568146827765493 0.0001 0.0002620207196563 0.0001 0.0001 0.0002620207196563 0.5 0.0001
0 0.05009 0.0106798938373071 0.0001 0.3822094219620338 0.7611417911583644 0.9612032459827768 0.3822094219620338 0.0001 0.6666333333333333
0 0.0257358977948 0.024329847111694 0.0001 0.8449688086658682 0.4531010659844927 0.9935583910708118 0.8449688086658682 0.0001 0.0001
0 0.045545454091 0.0141387059845284 0.0001 0.8300490115532829 0.6830862222490127 0.9993176078023596 0.8300490115532829 0.0001 0.4444555555555555
0 0.25005 0.0303518851424466 0.0001 0.0001462916484718 0.3172007463159851 0.0001 0.0001462916484718 0.0001 0.0001
0 0.0358071431428 0.0092747515289612 0.0001 0.8613444779879055 0.7928518657899629 0.9935583910708118 0.8613444779879055 0.0001 0.6666333333333333
0 0.20006 0.0179535716092325 0.0001 0.2004849572989746 0.5969955221040889 0.9935583910708118 0.2004849572989746 0.0001 0.0001
1 0.9999 0.3185494165807439 0.9999 0.727733565026182 0.8025590312087699 0.9935583910708118 0.7277153790535649 0.9999 0.6666333333333333
0 0.0385538456924 0.0604620742845073 0.0001 0.671213120075513 0.0001 0.9676742744004648 0.671213120075513 0.0001 0.6666333333333333
0 0.0667533336666 0.0303518851424466 0.0001 0.7067634499682794 0.3172007463159851 0.0001 0.7067634499682794 0.0001 0.6666333333333333
0 0.0271216215946 0.0801705627530441 0.0001 0.1361742898339872 0.0001 0.0001 0.1361742898339872 0.0001 0.6666333333333333
0 0.040092 0.0163004630706905 0.0001 0.8487895226486958 0.6343014926319703 0.9870873626531236 0.8487895226486958 0.0001 0.6666333333333333
0 0.0334266663334 0.0001 0.0001 0.8308234046398676 0.9999 0.9934936808266296 0.8308234046398676 0.0001 0.6666333333333333
0 0.0606939397878 0.0208331800964801 0.0001 0.8763429708928938 0.9002569568340085 0.9935583910708118 0.8762696758578059 0.0001 0.2222777777777777
0 0.0834166663334 0.1201587994629951 0.0001 0.3449231553015692 0.2758397789640208 0.0001 0.1958607526533768 0.8181181816364 0.6666333333333333
0 0.0082950816558 0.0363739231731992 0.0001 0.7190362467596537 0.1813004266474776 0.0001 0.7190362467596537 0.0001 0.2222777777777777
0 0.0134306663334 0.0477095232795844 0.0001 0.6848112906892213 0.0001 0.0001 0.6848112906892213 0.0001 0.4444555555555555
1 0.4761952379047999 0.6626658733129602 0.9999 0.7935040726019145 0.0001 0.0001 0.7934230622420864 0.9999 0.6666333333333333
1 0.2353470591764 0.2411232141953837 0.9999 0.3757021393339428 0.0001 0.0001 0.3756740336580882 0.9999 0.6666333333333333
0 0.0589117642942 0.1905380951417426 0.0001 0.0369088013376587 0.0001 0.0001 0.0369088013376587 0.74995 0.4444555555555555
0 0.0477095241904 0.0286657141700911 0.0001 0.9930712108778772 0.3552528358739034 0.0001 0.9930712108778772 0.0001 0.2222777777777777
0 0.0556444448888 0.0321846791057838 0.0001 0.2016554745817734 0.2758397789640208 0.0001 0.2016554745817734 0.0001 0.6666333333333333
0 0.5 0.03418409033426 0.0001 0.0001231457742409 0.2307187248240624 0.9935583910708118 0.0001231457742409 0.0001 0.2222777777777777
0 0.0197039214314 0.2130203700518715 0.0001 0.1959807802926279 0.0001 0.0001 0.0001092583696903 0.8888111112222 0.4444555555555555
0 0.2308230771538 0.325431745614218 0.0001 0.0021507198373204 0.0001 0.9935583910708118 0.0020812824146077 0.9999 0.4444555555555555
1 0.1297037040739999 0.5127840392298314 0.9999 0.9559298811537004 0.4229009946651793 0.9999 0.9542749548458204 0.8213642852858 0.0001
0 0.115461538077 0.0556444446692672 0.5 0.0007295663392247 0.7611417911583644 0.9935583910708118 0.0007087351324088 0.0001 0.4444555555555555
0 0.3636636367272 0.1500699998988297 0.5 0.0081246566576497 0.3552528358739034 0.0001 0.0079973545493597 0.8332666663334 0.4444555555555555
1 0.0851893617234 0.3400940993443207 0.9999 0.4848892498749648 0.2758397789640208 0.0001 0.4050245897233273 0.8063903226774001 0.0001
0 0.0770076923846 0.114660416561281 0.0001 0.7109148185259115 0.0001 0.0001 0.7109148185259115 0.9999 0.6666333333333333
0 0.0228227275454 0.0230839083134385 0.0001 0.1525522737234496 0.4812183739394952 0.6764132533646445 0.1525522737234496 0.0001 0.4444555555555555
0 0.025095 0.0761717392843895 0.0001 0.7591302117938914 0.2758397789640208 0.0001 0.7591302117938914 0.0001 0.4444555555555555
0 0.125075 0.0141387059845284 0.0001 0.816931116679981 0.6830862222490127 0.9999 0.816931116679981 0.0001 0.9999
0 0.0105145836665999 0.0556444446692672 0.0001 0.9900898084584244 0.0001 0.93531912931243 0.9900898084584244 0.0001 0.6666333333333333
0 0.0527210526842 0.0171034016771313 0.0001 0.8878282586156178 0.6161814503477434 0.9988646350932188 0.8878282586156178 0.0001 0.6666333333333333
0 0.0572314284286 0.0321846791057838 0.0001 0.5451146796372871 0.7721713821139808 0.9935583910708118 0.4157411054946376 0.0001 0.0001
1 0.3871193546452 0.3163173097578116 0.9999 0.9942747936381544 0.6514420741309764 0.6764132533646445 0.9884343311059152 0.8570714284286001 0.2222777777777777
0 0.1429285715714 0.0047829042442598 0.0001 0.0001049598016237 0.8942201374235851 0.9935583910708118 0.0001049598016237 0.0001 0.6666333333333333
0 0.015481538077 0.0303518851424466 0.0001 0.9767418331043216 0.3172007463159851 0.9935583910708118 0.9767418331043216 0.0001 0.2222777777777777
0 0.6666333336666 0.0495129151483229 0.0001 0.193440360961829 0.5766468120601562 0.9999 0.1933841496101197 0.0001 0.6666333333333333
0 0.1579631580526 0.0928564860742567 0.0001 0.1539271355730735 0.4812183739394952 0.9934936808266296 0.1538461252132453 0.7142428568572 0.0001
0 0.0606939397878 0.1006089944895248 0.0001 0.0505648365369543 0.0001 0.0001 0.0504236470241138 0.8665933336666 0.4444555555555555
0 0.015248484697 0.0219210312923715 0.0001 0.0001162020719656 0.5074611941055762 0.0001 0.0001162020719656 0.0001 0.4444555555555555
0 0.25005 0.0084316665486347 0.0001 0.3490255869765309 0.8118779105689221 0.9935583910708118 0.3490255869765309 0.0001 0.4444555555555555
0 0.0371296295926 0.021368188549639 0.0001 0.9034930205718288 0.8942201374235851 0.9935583910708118 0.9034930205718288 0.0001 0.6666333333333333
1 0.6249750000000001 0.0981652688678411 0.9999 0.805829223032633 0.7721713821139808 0.9935583910708118 0.8058044239245241 0.9999 0.6666333333333333
0 0.9999 0.107221428643693 0.0001 0.9863335721966756 0.0001 0.9934936808266296 0.9863137328901906 0.9999 0.6666333333333333
0 0.0390532467922 0.2917083332490248 0.0001 0.94597717753218 0.0001 0.0001 0.5806628052515463 0.7741387092904 0.2222777777777777
0 0.0462446152308 0.0371509601752798 0.0001 0.1278748591864788 0.9002569568340085 0.9935583910708118 0.1278748591864788 0.0001 0.6666333333333333
1 0.1344014923284 0.6385777211899496 0.9999 0.9530019346628308 0.0001 0.0001 0.9472270519409288 0.879924 0.0001
0 0.7142428568572 0.1058374309151116 0.0001 0.0044117360434105 0.7375435962901706 0.9934936808266296 0.0021913903506213 0.9999 0.6666333333333333
0 0.0556444448888 0.0387827379808193 0.0001 0.8150258297291137 0.126940298526394 0.6764779636088267 0.8150258298291038 0.0001 0.2222777777777777
0 0.9999 0.0400797920301761 0.0001 0.2127952282248318 0.6830862222490127 0.9934936808266296 0.2127654693150992 0.0001 0.6666333333333333
0 0.0667533336666 0.0423959612039519 0.5 0.2633374379870849 0.8608020262584182 0.9935583910708118 0.263314292112854 0.0001 0.4444555555555555
0 0.03134375 0.0188552665318994 0.0001 0.8054340907367497 0.5766468120601562 0.9935583910708118 0.8054340907367497 0.0001 0.6666333333333333
0 0.2143428568571999 0.0801705627530441 0.0001 0.8091159297741619 0.5766468120601562 0.0001 0.4076053489006535 0.0001 0.0001
0 0.0087939128695999 0.0556444446692672 0.0001 0.9923359451596532 0.0001 0.0001 0.9923359451596532 0.0001 0.4444555555555555
0 0.40002 0.0400797920301761 0.0001 0.902191894712984 0.6830862222490127 0.9935583910708118 0.9021836283436144 0.0001 0.6666333333333333
0 0.0107361703404 0.1568146827765493 0.0001 0.0283610491422684 0.0001 0.0001 0.0283610491422684 0.8063903226774001 0.2222777777777777
1 0.3158263161052 0.2310061903846554 0.9999 0.8670769266737103 0.3552528358739034 0.9935583910708118 0.8670769266737103 0.9999 0.2222777777777777
1 0.0182232626224 0.1721435065789099 0.9999 0.851520729708553 0.5766468120601562 0.9935583910708118 0.8514876642310746 0.8481446431428 0.6666333333333333
0 0.0164901643114 0.1006089944895248 0.0001 0.1342948489860235 0.0001 0.9935583910708118 0.1342879052837482 0.89992 0.9999
0 0.0073449277246 0.1327265306535388 0.0001 0.0009415159418723 0.0001 0.0001 0.0009415159418723 0.8655985076716001 0.6666333333333333
0 0.0061410875408 0.1568146827765493 0.0001 0.3157412330914781 0.0001 0.0001 0.3157213938849831 0.8481446431428 0.6666333333333333
0 0.125075 0.0363739231731992 0.0001 0.5240569410840648 0.1813004266474776 0.9935583910708118 0.5240569410840648 0.0001 0.6666333333333333
0 0.1352081079729999 0.1827557688221971 0.0001 0.307817095533358 0.3903778420099519 0.0001 0.2495011959955258 0.8570714284286001 0.6666333333333333
0 0.0477095241904 0.0303518851424466 0.0001 0.96161879371415 0.3172007463159851 0.9999 0.96161879371415 0.0001 0.6666333333333333
0 0.3333666663334 0.1327265306535388 0.0001 0.0732341856505571 0.0001 0.0001 0.0732341856505571 0.9999 0.6666333333333333
0 0.10008 0.0188552665318994 0.0001 0.9714260092547632 0.5766468120601562 0.0001 0.9714260092547632 0.0001 0.0001
0 0.0589117642942 0.0141387059845284 0.0001 0.7859155494202227 0.6830862222490127 0.9934936808266296 0.7859155494202227 0.0001 0.6666333333333333
0 0.10008 0.1905380951417426 0.0001 0.0133548409125399 0.0001 0.0001 0.0133548409125399 0.8570714284286001 0.2222777777777777
0 0.10008 0.0230839083134385 0.0001 0.8630804146556136 0.4812183739394952 0.9934936808266296 0.8630804146556136 0.0001 0.0001
0 0.9999 0.0379534738667206 0.0001 0.7564839829951554 0.8942201374235851 0.9935583910708118 0.7564839829951554 0.0001 0.6666333333333333
0 0.018964151415 0.0725061503460126 0.0001 0.0129360117977863 0.0001 0.0001 0.0129360117977863 0.0001 0.6666333333333333
0 0.0909909091818 0.0303518851424466 0.0001 0.7663817979320607 0.3172007463159851 0.9999 0.7663817979320607 0.0001 0.9999
0 0.1667333336665999 0.0188552665318994 0.0001 0.999490318866029 0.5766468120601562 0.9999 0.999490318866029 0.0001 0.0001
0 0.0909909091818 0.0660208790875263 0.0001 0.0102803042515042 0.0001 0.0001 0.0102803042515042 0.0001 0.2222777777777777
0 0.0273054418232 0.2262452383602077 0.0001 0.4088243622104213 0.0001 0.0001 0.3329600716892557 0.8124375 0.2222777777777777
0 0.0205040813674 0.0702275416348366 0.0001 0.3383021275029453 0.6514420741309764 0.9934936808266296 0.3383021275029453 0.0001 0.4444555555555555
0 0.241431034138 0.6963892856781535 0.5 0.5922125705953593 0.0001 0.0001 0.581291600068296 0.7777222224444 0.2222777777777777
0 0.040092 0.0893678570344604 0.0001 0.0002273020083 0.0001 0.0001 0.0002273020083 0.74995 0.0001
0 0.0162258061936 0.0171034016771313 0.0001 0.1775772062407375 0.6161814503477434 0.0001 0.1775772062407375 0.0001 0.6666333333333333
0 0.0345758624482 0.0001 0.0001 0.12954466499922 0.9999 0.9935583910708118 0.12954466499922 0.0001 0.6666333333333333
0 0.0124432098642 0.0141387059845284 0.0001 0.896364107307109 0.6830862222490127 0.9935583910708118 0.896364107307109 0.0001 0.6666333333333333
0 0.0299447758508 0.2772554423798994 0.0001 0.0001308610989812 0.0001 0.0001 0.0001077152247503 0.879924 0.2222777777777777
0 0.0286657147142 0.0101911485106298 0.0001 0.0071594758420068 0.7721713821139808 0.9935583910708118 0.0071594758420068 0.0001 0.0001
0 0.9999 0.114660416561281 0.0001 0.0057198057045204 0.0001 0.0001 0.00571054733483 0.9999 0.4444555555555555
1 0.1111888887778 0.3452690470650201 0.9999 0.5406558022790915 0.5969955221040889 0.9935583910708118 0.5353074640966738 0.8213642852858 0.6666333333333333
0 0.0001 0.0725061503460126 0.0001 0.3978108083864143 0.0001 0.0001 0.3978108083864143 0.0001 0.2222777777777777
0 0.0715142852858 0.1905380951417426 0.0001 0.0011681796659994 0.0001 0.0001 0.0011681796659994 0.5555444448888 0.9999
1 0.9999 0.3560893942306415 0.5 0.7577322040700365 0.0001 0.0001 0.0812608262088583 0.9999 0.2222777777777777
0 0.0105145836665999 0.0141387059845284 0.0001 0.9746581580784406 0.6830862222490127 0.9935583910708118 0.9746581580784406 0.0001 0.6666333333333333
0 0.0286657147142 0.0604620742845073 0.0001 0.565355701356746 0.0001 0.0001 0.565355701356746 0.0001 0.6666333333333333
0 0.0556444448888 0.0801705627530441 0.0001 0.0001099196032475 0.0001 0.0001 0.0001099196032475 0.0001 0.6666333333333333
0 0.3077307695384 0.2772554423798994 0.0001 0.6384733542685638 0.0001 0.0001 0.6382187502519638 0.8570714284286001 0.0001
0 0.074553191383 0.1024220815021812 0.0001 0.353425938515582 0.9002569568340085 0.9999 0.3401617290444239 0.8063903226774001 0.6666333333333333
0 0.25005 0.0725061503460126 0.0001 0.088084986196131 0.0001 0.0001 0.088084986196131 0.0001 0.2222777777777777
0 0.0667533336666 0.0660208790875263 0.0001 0.5118842224365286 0.0001 0.0001 0.5118842224365286 0.0001 0.4444555555555555
0 0.030396969394 0.114660416561281 0.0001 0.9037277853819335 0.0001 0.0001 0.9037277853819335 0.89992 0.6666333333333333
1 0.1667333336665999 0.2819176654040854 0.9999 0.961068253734112 0.5320109296724792 0.9934936808266296 0.9609409517258118 0.9999 0.0001
0 0.0417583336666 0.0725061503460126 0.0001 0.0001385763237315 0.0001 0.0001 0.0001385763237315 0.0001 0.2222777777777777
1 0.1818818183635999 0.1327265306535388 0.5 0.6192160300041385 0.4531010659844927 0.5146375259247403 0.6191813112927822 0.9999 0.0001
0 0.5 0.0660208790875263 0.0001 0.7746795752457013 0.9172529277086646 0.9935583910708118 0.6070505858256413 0.0001 0.4444555555555555
0 0.0371296295926 0.0010039783349409 0.0001 0.7646643779037433 0.9794997737688208 0.9934936808266296 0.7646643779037433 0.0001 0.4444555555555555
1 0.2188062499999999 0.4603253970983958 0.9999 0.2256560391307269 0.0001 0.0001 0.2180526364441737 0.8332666663334 0.0001
0 0.0527210526842 0.1096019046559168 0.0001 0.7817922864384552 0.3552528358739034 0.0001 0.7470041154616007 0.7930448273104 0.4444555555555555
0 0.0209291663333999 0.0725061503460126 0.0001 0.1024276807977635 0.0001 0.0001 0.1024276807977635 0.0001 0.0001
0 0.40002 0.392878571356307 0.0001 0.0011762807519772 0.0001 0.0001 0.0011762807519772 0.9999 0.0001
0 0.0087939128695999 0.0141387059845284 0.0001 0.8703564692351183 0.6830862222490127 0.9935583910708118 0.8703564692351183 0.0001 0.6666333333333333
0 0.1667333336665999 0.0363739231731992 0.0001 0.6756538113611014 0.1813004266474776 0.9935583910708118 0.6756538113611014 0.0001 0.6666333333333333
1 0.5555444448888 0.2692260583388959 0.9999 0.1999707893641609 0.0001 0.0001 0.1999658295625371 0.74995 0.6666333333333333
0 0.0732560978536 0.0660208790875263 0.0001 0.5763615398560127 0.6830862222490127 0.9935583910708118 0.0001330654774784 0.0001 0.6666333333333333
0 0.10008 0.0080349203779803 0.0001 0.9975807885415492 0.8208313440029749 0.9935583910708118 0.9975807885415492 0.0001 0.2222777777777777
0 0.0909909091818 0.0556444446692672 0.5 0.7153329151818784 0.7611417911583644 0.9935583910708118 0.7152789082086664 0.0001 0.2222777777777777
0 0.1429285715714 0.0514290177442296 0.0001 0.2931409908338046 0.0001 0.0001 0.2931409908338046 0.0001 0.6666333333333333
0 0.40002 0.0567876106928437 0.9999 0.8874281665181106 0.8815325826790495 0.9935583910708118 0.8874199001487412 0.0001 0.6666333333333333
1 0.3111488887778 0.4940488094635891 0.9999 0.4231439110378129 0.4531010659844927 0.0001 0.0002735936567718 0.8332666663334 0.2222777777777777
0 0.5 0.0294915941397251 0.0001 0.0001148795048612 0.8025590312087699 0.9935583910708118 0.0001016532338779 0.0001 0.6666333333333333
1 0.3636636367272 0.1353543284415421 0.9999 0.9938003042163208 0.85338928134167 0.9993176078023596 0.9887005080596308 0.74995 0.2222777777777777
0 0.0186148152962 0.0477095232795844 0.0001 0.2100210360842486 0.0001 0.9999 0.2100210360842486 0.0001 0.6666333333333333
0 0.1061393938788 0.202801154183631 0.0001 0.4439442900513188 0.5766468120601562 0.0001 0.4439442900513188 0.7142428568572 0.0001
0 0.125075 0.1568146827765493 0.0001 0.9977196634869644 0.0001 0.0001 0.9969789972114054 0.8888111112222 0.0001
0 0.0606939397878 0.0303518851424466 0.0001 0.6721482112146597 0.7928518657899629 0.9935583910708118 0.6721227508729937 0.0001 0.4444555555555555
0 0.022567415618 0.114660416561281 0.0001 0.2589198924757374 0.0001 0.0001 0.0789677365256105 0.84368125 0.6666333333333333
0 0.0286657147142 0.0414451127211006 0.0001 0.8741970225244311 0.0668580519227549 0.0001 0.8741970225244311 0.0001 0.6666333333333333
0 0.1429285715714 0.0198133183357039 0.0001 0.0814145805591451 0.5550263060529741 0.0001 0.0814145805591451 0.0001 0.6666333333333333
0 0.20006 0.1568146827765493 0.0001 0.0074565138947035 0.0001 0.0001 0.0074565138947035 0.6666333336666 0.2222777777777777
0 0.5 0.1006089944895248 0.0001 0.892741786089162 0.0001 0.0001 0.8927263555396714 0.9999 0.2222777777777777
1 0.0870391306956 0.2194438778916956 0.9999 0.880534018063496 0.6161814503477434 0.9935583910708118 0.8648213112249353 0.9031451608388 0.6666333333333333
0 0.0169033616554 0.1905380951417426 0.0001 0.2096507029964641 0.0001 0.0001 0.2096159841851178 0.7575242428484 0.0001
0 0.0715142852858 0.0387827379808193 0.0001 0.0485118021322088 0.126940298526394 0.9935583910708118 0.0485118021322088 0.0001 0.4444555555555555
0 0.0073449277246 0.0444033072142027 0.0001 0.0344715462405981 0.0001 0.0001 0.0344715462405981 0.0001 0.0001
0 0.0174878257392 0.0203151550911922 0.0001 0.5484724772353865 0.9061021319689854 0.9870873626531236 0.5484724772353865 0.0001 0.6666333333333333
0 0.1471294122351999 0.0958255320870982 0.0001 0.8689478806744586 0.7827316297181688 0.93531912931243 0.8611870864030993 0.9999 0.4444555555555555
1 0.0272848939336 0.1282794866087832 0.9999 0.260050731245556 0.9172529277086646 0.9935583910708118 0.2554470271400004 0.8481446431428 0.4444555555555555
0 0.030396969394 0.0286657141700911 0.0001 0.9928706137344993 0.3552528358739034 0.9935583910708118 0.9928706137344993 0.0001 0.0001
0 0.0073449277246 0.0171034016771313 0.0001 0.077071432372124 0.6161814503477434 0.9935583910708118 0.077071432372124 0.0001 0.0001
1 0.3500299999999999 0.7750772488753068 0.9999 0.008363058602284 0.0001 0.0001 0.0005976351960745 0.9999 0.0001
0 0.125075 0.0148213653182882 0.0001 0.9059332515698614 0.6676805179591463 0.9935583910708118 0.9059332515698614 0.0001 0.6666333333333333
0 0.40002 0.2411232141953837 0.0001 0.0476275406855372 0.0001 0.0001 0.0455154866112708 0.9999 0.4444555555555555
0 0.25005 0.0541782086892355 0.0001 0.9851977736252332 0.7721713821139808 0.9935583910708118 0.9851051903282896 0.0001 0.0001
0 0.20006 0.0053451173744458 0.0001 0.3378157345772126 0.8815325826790495 0.9935583910708118 0.3378157345772126 0.0001 0.6666333333333333
0 0.0385538456924 0.0271092485015011 0.0001 0.0985276096889856 0.3903778420099519 0.0001 0.0985276096889856 0.0001 0.0001
0 0.0001 0.1006089944895248 0.0001 0.8839430670117011 0.0001 0.0001 0.8839430670117011 0.9999 0.6666333333333333
0 0.0082950816558 0.0117255813247649 0.0001 0.3785712293388947 0.7375435962901706 0.9935583910708118 0.3785712293388947 0.0001 0.4444555555555555
0 0.010098 0.0303518851424466 0.0001 0.5893265069959669 0.3172007463159851 0.0001 0.5893265069959669 0.0001 0.6666333333333333
0 0.0589117642942 0.0256680774479604 0.0001 0.0001975430985674 0.4229009946651793 0.9935583910708118 0.0001975430985674 0.0001 0.6666333333333333
0 0.0435695653478 0.0321846791057838 0.0001 0.6972852356686028 0.2758397789640208 0.0001 0.6972852356686028 0.0001 0.6666333333333333
0 0.0082950816558 0.0080349203779803 0.0001 0.8167818261811526 0.8208313440029749 0.8252469239691724 0.8167818261811526 0.0001 0.4444555555555555
0 0.0083628101073999 0.0387827379808193 0.0001 0.1970431735400646 0.126940298526394 0.0001 0.1970431735400646 0.0001 0.4444555555555555
0 0.1429285715714 0.0303518851424466 0.0001 0.0100031054053027 0.3172007463159851 0.0001 0.0100031054053027 0.0001 0.6666333333333333
0 0.0435695653478 0.114660416561281 0.0001 0.4987750899827516 0.0001 0.0001 0.4987750899827516 0.9999 0.6666333333333333
0 0.040092 0.0660208790875263 0.0001 0.2381944617311973 0.0001 0.0001 0.2381944617311973 0.0001 0.6666333333333333
0 0.1724793102414 0.1513754227502828 0.0001 0.9911925415523886 0.5320109296724792 0.9999 0.9906023231593604 0.7777222224444 0.0001
0 0.0334266663334 0.1327265306535388 0.0001 0.080640518139334 0.0001 0.0001 0.0210886316972932 0.8420368419474 0.4444555555555555
1 0.7332866663334 0.325431745614218 0.5 0.9736017165329586 0.5766468120601562 0.93531912931243 0.9725303956825953 0.9999 0.6666333333333333
0 0.025095 0.114660416561281 0.0001 0.0002388749454154 0.0001 0.0001 0.0002388749454154 0.9165833336666 0.0001
0 0.0909909091818 0.0725061503460126 0.0001 0.657563697911719 0.0001 0.0001 0.657563697911719 0.0001 0.6666333333333333
0 0.3333666663334 0.0604620742845073 0.0001 0.6922295267818873 0.0001 0.9935583910708118 0.6922295267818873 0.0001 0.2222777777777777
0 0.0857971431428 0.204990986010868 0.0001 0.3960555835568404 0.0001 0.0001 0.0049698810592709 0.9999 0.4444555555555555
0 0.0334266663334 0.1327265306535388 0.0001 0.1891319313861743 0.0001 0.0001 0.1891319313861743 0.6363363632728 0.2222777777777777
0 0.2308230771538 0.1667333329960992 0.0001 0.5844840702790033 0.0001 0.0001 0.0062419093419301 0.9999 0.6666333333333333
0 0.0909909091818 0.0303518851424466 0.0001 0.6282924989724302 0.3172007463159851 0.9999 0.6282924989724302 0.0001 0.6666333333333333
0 0.0069013604558 0.114660416561281 0.0001 0.0113257239045002 0.0001 0.9935583910708118 0.0113257239045002 0.8124375 0.2222777777777777
0 0.0857971431428 0.0405270525007175 0.0001 0.0002388749454154 0.8748606789675165 0.9935583910708118 0.0001578645855872 0.0001 0.0001
0 0.045545454091 0.0387827379808193 0.0001 0.0072983507874223 0.126940298526394 0.0001 0.0072983507874223 0.0001 0.0001
1 0.3571714284286 0.1414858589741887 0.9999 0.304915601384475 0.5766468120601562 0.9999 0.304894108844112 0.9999 0.6666333333333333
0 0.0639170210426 0.1840109829078822 0.9999 0.9900213629360426 0.5320109296724792 0.9935583910708118 0.8957345408678943 0.884538461923 0.9999
0 0.1334066663333999 0.325431745614218 0.0001 0.8185092760016454 0.0001 0.0001 0.8183935469304608 0.9999 0.2222777777777777
0 0.0673134456218 0.2994906595685703 0.0001 0.4352398075046796 0.3903778420099519 0.9935583910708118 0.4245117188962438 0.7575242428484 0.6666333333333333
0 0.0667533336666 0.0256680774479604 0.0001 0.2415803649051615 0.4229009946651793 0.9999 0.2415803649051615 0.0001 0.0001
0 0.0209291663333999 0.024329847111694 0.0001 0.2079842037514688 0.4531010659844927 0.5146375259247403 0.2079842037514688 0.0001 0.0001
0 0.3333666663334 0.0946926065150229 0.0001 0.9227364573317134 0.0668580519227549 0.0001 0.9227109968900574 0.9999 0.4444555555555555
0 0.0909909091818 0.0271092485015011 0.0001 0.1837852464376346 0.3903778420099519 0.0001 0.1837852464376346 0.0001 0.4444555555555555
0 0.20006 0.1568146827765493 0.0001 0.2663695407120138 0.0001 0.0001 0.2661612283438856 0.9999 0.0001
0 0.74995 0.0861043014233814 0.5 0.6915979764420211 0.5320109296724792 0.0001 0.5387429653868657 0.0001 0.6666333333333333
0 0.1111888887778 0.0106798938373071 0.0001 0.884773010116448 0.7611417911583644 0.9935583910708118 0.884773010116448 0.0001 0.6666333333333333
1 0.232611628372 0.107221428643693 0.5 0.1248361433260582 0.9999 0.9934936808266296 0.1129259644977082 0.9165833336666 0.6666333333333333
0 0.1429285715714 0.0604620742845073 0.0001 0.3979667671151983 0.0001 0.0001 0.3979667671151983 0.0001 0.6666333333333333
0 0.029505882647 0.0363739231731992 0.0001 0.0158970237661346 0.1813004266474776 0.0001 0.0158970237661346 0.0001 0.0001
0 0.0186148152962 0.0556444446692672 0.0001 0.000127003486606 0.0001 0.0001 0.000127003486606 0.0001 0.2222777777777777
0 0.0223177775556 0.0303518851424466 0.0001 0.8986555436564889 0.3172007463159851 0.9934936808266296 0.8986555436564889 0.0001 0.0001
0 0.030396969394 0.0725061503460126 0.0001 0.0272930347596608 0.0001 0.0001 0.0272930347596608 0.0001 0.6666333333333333
0 0.1212878785758 0.0707855683405697 0.0001 0.949368040507768 0.8025590312087699 0.9935583910708118 0.9480255828020752 0.0001 0.2222777777777777
1 0.074553191383 0.232401641595893 0.9999 0.0372258990746962 0.4812183739394952 0.9935583910708118 0.0341783658002766 0.8063903226774001 0.2222777777777777
0 0.0477095241904 0.1905380951417426 0.0001 0.5045532792723989 0.0001 0.0001 0.5045532792723989 0.9165833336666 0.6666333333333333
0 0.20006 0.0556444446692672 0.0001 0.0199128239460971 0.0001 0.0001 0.0199128239460971 0.0001 0.2222777777777777
0 0.1818818183635999 0.2579849208838315 0.0001 0.3951297505874042 0.0001 0.0001 0.1512190743874472 0.9999 0.0001
0 0.0103020411836 0.0117255813247649 0.0001 0.0001092583696903 0.7375435962901706 0.9935583910708118 0.0001092583696903 0.0001 0.4444555555555555
0 0.0417583336666 0.0801705627530441 0.0001 0.0001429850807259 0.0001 0.0001 0.0001429850807259 0.0001 0.6666333333333333
0 0.0164901643114 0.0271092485015011 0.0001 0.9631860965267098 0.3903778420099519 0.9999 0.9631860965267098 0.0001 0.0001
0 0.0909909091818 0.0208331800964801 0.0001 0.963139804878238 0.5320109296724792 0.9935583910708118 0.963139804878238 0.0001 0.0001
0 0.9999 0.069133809413004 0.0001 0.0037305875873166 0.3552528358739034 0.9676095641562829 0.0037206678840791 0.0001 0.6666333333333333
0 0.0435695653478 0.0477095232795844 0.0001 0.9756154030914976 0.0001 0.0001 0.9756154030914976 0.0001 0.0001
0 0.0117255814185999 0.0893678570344604 0.0001 0.247186613771915 0.0001 0.0001 0.247186613771915 0.8570714284286001 0.6666333333333333
0 0.0625875 0.1721435065789099 0.0001 0.0537134399555328 0.0001 0.0001 0.0536864364689268 0.8332666663334 0.2222777777777777
0 0.0001 0.0088446060276005 0.0001 0.0256678673615135 0.8025590312087699 0.9935583910708118 0.0256678673615135 0.0001 0.6666333333333333
0 0.0186148152962 0.1438441392478743 0.0001 0.207174099953207 0.0001 0.0001 0.2071470964666009 0.8213642852858 0.2222777777777777
1 0.4666733336665999 0.2504908285726537 0.9999 0.0182165657913691 0.4229009946651793 0.5146375259247403 0.0131162185900497 0.5714142852858 0.6666333333333333
0 0.0909909091818 0.0514290177442296 0.0001 0.0461810177366424 0.0001 0.0001 0.0461810177366424 0.0001 0.4444555555555555
0 0.25005 0.0179535716092325 0.0001 0.974463071781316 0.5969955221040889 0.9935583910708118 0.974463071781316 0.0001 0.6666333333333333
0 0.0164901643114 0.0256680774479604 0.0001 0.0001082663693696 0.4229009946651793 0.9934936808266296 0.0001082663693696 0.0001 0.6666333333333333
0 0.20006 0.0477095232795844 0.0001 0.0190861874090961 0.0001 0.0001 0.0190861874090961 0.0001 0.6666333333333333
0 0.0358071431428 0.0010039783349409 0.0001 0.7267029145891294 0.9794997737688208 0.9934936808266296 0.7267029145891294 0.0001 0.4444555555555555
0 0.011333707809 0.1327265306535388 0.0001 0.1517244248082721 0.0001 0.0001 0.1517244248082721 0.84368125 0.2222777777777777
0 0.0286657147142 0.004515399005978 0.0001 0.9898269380724548 0.9002569568340085 0.9935583910708118 0.9898269380724548 0.0001 0.2222777777777777
0 0.010967391087 0.1006089944895248 0.0001 0.3508385662027641 0.0001 0.0001 0.3508385662027641 0.9031451608388 0.6666333333333333
1 0.061312245102 0.1327265306535388 0.9999 0.6121830066041083 0.9061021319689854 0.9870873626531236 0.3567043788877413 0.8124375 0.6666333333333333
0 0.59998 0.0801705627530441 0.5 0.0002134145037594 0.5766468120601562 0.9935583910708118 0.000204156234059 0.0001 0.4444555555555555
0 0.018964151415 0.0230839083134385 0.0001 0.9833923994348224 0.4812183739394952 0.9999 0.9833923994348224 0.0001 0.4444555555555555
0 0.0104072161444 0.0042563870091852 0.0001 0.9475510934802316 0.9061021319689854 0.9870873626531236 0.9475510934802316 0.0001 0.6666333333333333
0 0.05009 0.0219210312923715 0.0001 0.6162880835132686 0.5074611941055762 0.9935583910708118 0.6162880835132686 0.0001 0.0001
0 0.20006 0.1327265306535388 0.0001 0.457206846288599 0.0001 0.0001 0.457206846288599 0.9999 0.0001
0 0.0417583336666 0.1568146827765493 0.0001 0.0013961660572208 0.0001 0.0001 0.0013961660572208 0.8420368419474 0.2222777777777777
0 0.0857971431428 0.1399529760881015 0.0001 0.0158923946312844 0.126940298526394 0.0001 0.0158715633244786 0.7599480000000001 0.4444555555555555
0 0.025095 0.0286657141700911 0.0001 0.7145024209325124 0.3552528358739034 0.9935583910708118 0.7145024210325024 0.0001 0.6666333333333333
0 0.0667533336666 0.0514290177442296 0.0001 0.5145638473795165 0.0001 0.0001 0.5145638473795165 0.0001 0.6666333333333333
0 0.0260688311948 0.0514290177442296 0.0001 0.7193124535055445 0.5550263060529741 0.9935583910708118 0.7192985660010041 0.0001 0.4444555555555555
1 0.0770076923846 0.2917083332490248 0.5 0.048120968404392 0.0001 0.0001 0.0323983418625939 0.5 0.6666333333333333
1 0.1081864863784 0.6626658733129602 0.9999 0.9977461158289512 0.0001 0.0001 0.433852711484383 0.74995 0.6666333333333333
0 0.0527210526842 0.0208331800964801 0.0001 0.6937340052072364 0.5320109296724792 0.0001 0.6937340052072364 0.0001 0.6666333333333333
0 0.5 0.0488997617915475 0.0001 0.9542888423503612 0.8118779105689221 0.9935583910708118 0.9542448652693144 0.0001 0.4444555555555555
0 0.4166833336666 0.093583283959498 0.0001 0.9963980369880876 0.7928518657899629 0.9935583910708118 0.9963980369880876 0.6666333336666 0.4444555555555555
0 0.1111888887778 0.0893678570344604 0.0001 0.8106931522899594 0.0001 0.0001 0.8106931522899594 0.9999 0.6666333333333333
0 0.0223177775556 0.0414451127211006 0.0001 0.9844756238890752 0.0668580519227549 0.9934936808266296 0.9844756238890752 0.0001 0.4444555555555555
0 0.20006 0.2411232141953837 0.0001 0.953935482857017 0.0001 0.0001 0.5684109499559057 0.5 0.2222777777777777
0 0.125075 0.0188552665318994 0.0001 0.0082936210795813 0.5766468120601562 0.9935583910708118 0.0082936210795813 0.0001 0.6666333333333333
0 0.25005 0.1905380951417426 0.0001 0.0135268915243616 0.0001 0.0001 0.0135268915243616 0.9999 0.4444555555555555
0 0.0082950816558 0.1327265306535388 0.0001 0.0002388749454154 0.0001 0.0001 0.0002388749454154 0.89992 0.0001
0 0.125075 0.0801705627530441 0.0001 0.0516705455318906 0.0001 0.0001 0.0516705455318906 0.0001 0.6666333333333333
0 0.74995 0.0774654759616387 0.0001 0.9401791490360376 0.5969955221040889 0.9935583910708118 0.920609356269415 0.0001 0.0001
0 0.25005 0.2411232141953837 0.0001 0.0002118714588093 0.0001 0.0001 0.0001308610989812 0.9999 0.2222777777777777
0 0.0233511628372 0.114660416561281 0.0001 0.0001099196032475 0.0001 0.0001 0.0001099196032475 0.9165833336666 0.6666333333333333
1 0.519996 0.412459908057888 0.9999 0.539733275977391 0.5320109296724792 0.9999 0.0037338941550625 0.7999400000000001 0.0001
0 0.025095 0.0188552665318994 0.0001 0.9872296461563896 0.5766468120601562 0.9935583910708118 0.9872296461563896 0.0001 0.6666333333333333
0 0.3333666663334 0.0179535716092325 0.0001 0.0286619448073402 0.5969955221040889 0.9935583910708118 0.0286619448073402 0.0001 0.0001
0 0.032880327623 0.0761717392843895 0.0001 0.0135963290470643 0.2758397789640208 0.0001 0.0135963290470643 0.0001 0.4444555555555555
1 0.0121821750816 0.2772554423798994 0.9999 0.0189638452024199 0.0001 0.0001 0.0189638452024199 0.8481446431428 0.2222777777777777
0 0.0286657147142 0.1006089944895248 0.0001 0.3583047471777798 0.0001 0.0001 0.3583047471777798 0.7599480000000001 0.0001
0 0.6666333336666 0.0312487835841248 0.0001 0.9967243930948154 0.7827316297181688 0.93531912931243 0.9967243930948154 0.0001 0.4444555555555555
0 0.125075 0.03418409033426 0.0001 0.0344070686195091 0.7496108550440016 0.0001 0.0337903977845042 0.0001 0.6666333333333333
0 0.0541432431892 0.0477095232795844 0.0001 0.9983115352138604 0.5969955221040889 0.9935583910708118 0.9983115352138604 0.0001 0.6666333333333333
0 0.0435695653478 0.0660208790875263 0.0001 0.4874137978005716 0.0001 0.0001 0.4874137978005716 0.0001 0.6666333333333333
0 0.025095 0.0062637330194361 0.0001 0.7282080543480257 0.8608020262584182 0.9935583910708118 0.7282080543480257 0.0001 0.6666333333333333
0 0.0770076923846 0.0101911485106298 0.0001 0.9936575716585302 0.7721713821139808 0.9935583910708118 0.9936575716585302 0.0001 0.0001
0 0.25005 0.0321846791057838 0.0001 0.9352722346979851 0.2758397789640208 0.9352544190682476 0.9352722346979851 0.0001 0.0001
0 0.0150223879254 0.0065922074900109 0.0001 0.8862874081450445 0.85338928134167 0.9935583910708118 0.8862874081450445 0.0001 0.6666333333333333
0 0.20006 0.0080349203779803 0.0001 0.8717068626434069 0.8208313440029749 0.8252469239691724 0.8717068626434069 0.0001 0.4444555555555555
0 0.5 0.1568146827765493 0.0001 0.001328381868386 0.0001 0.0001 0.001328381868386 0.9999 0.6666333333333333
0 0.0348756524782 0.2994906595685703 0.0001 0.0033597033549128 0.0001 0.0001 0.0001231457742409 0.877475509796 0.2222777777777777
0 0.0159698413968 0.0303518851424466 0.0001 0.994391294231814 0.3172007463159851 0.9999 0.994391294231814 0.0001 0.9999
0 0.25005 0.0444033072142027 0.0001 0.9525952295298218 0.6343014926319703 0.9870873626531236 0.952586963160452 0.0001 0.6666333333333333
0 0.0164901643114 0.0534687402540796 0.0001 0.779464478043851 0.5320109296724792 0.9935583910708118 0.0513167450828553 0.0001 0.6666333333333333
0 0.0556444448888 0.1568146827765493 0.0001 0.0039951112071642 0.0001 0.0001 0.0039256737844514 0.8181181816364 0.6666333333333333
0 0.021834782174 0.0198133183357039 0.0001 0.0001033065677458 0.5550263060529741 0.9935583910708118 0.0001033065677458 0.0001 0.6666333333333333
0 0.1364363632728 0.2216673994082223 0.0001 0.0422176814849419 0.0001 0.0001 0.0422176814849419 0.8332666663334 0.2222777777777777
0 0.0770076923846 0.1778918153783323 0.0001 0.5862332331177048 0.0001 0.0001 0.4738486925643517 0.8460846152308 0.0001
0 0.1143628568572 0.0675468257420889 0.0001 0.6649382875901119 0.8208313440029749 0.8252469239691724 0.555210887439063 0.0001 0.4444555555555555
0 0.0164901643114 0.0286657141700911 0.0001 0.0001347187113563 0.3552528358739034 0.0001 0.0001347187113563 0.0001 0.2222777777777777
0 0.0260688311948 0.069133809413004 0.0001 0.4784067662549927 0.3552528358739034 0.9935583910708118 0.4781157902931583 0.0001 0.6666333333333333
0 0.40002 0.2772554423798994 0.0001 0.990640899483092 0.0001 0.0001 0.9905907502222449 0.6666333336666 0.2222777777777777
0 0.032880327623 0.1905380951417426 0.0001 0.0605028811314591 0.0001 0.9935583910708118 0.0604951659067088 0.8332666663334 0.2222777777777777
0 0.05009 0.0444033072142027 0.0001 0.86668730532407 0.0001 0.0001 0.86668730532407 0.0001 0.2222777777777777
0 0.025095 0.0230839083134385 0.0001 0.9604741776287188 0.4812183739394952 0.5530754389652344 0.9604741776287188 0.0001 0.2222777777777777
1 0.0121821750816 0.1809028338878574 0.5 0.2460475086327267 0.1813004266474776 0.0001 0.2459086336873113 0.8481446431428 0.0001
0 0.0589117642942 0.0444033072142027 0.0001 0.0237318846950468 0.0001 0.0001 0.0237318846950468 0.0001 0.0001
0 0.0001 0.0141387059845284 0.0001 0.0032031934815095 0.6830862222490127 0.9935583910708118 0.0032031934815095 0.0001 0.6666333333333333
0 0.0164901643114 0.114660416561281 0.0001 0.300613784944312 0.0001 0.0001 0.300613784944312 0.8332666663334 0.0001
0 0.0371296295926 0.0059467838623865 0.0001 0.4386786154626072 0.8679546737274111 0.9935583910708118 0.4386786154626072 0.0001 0.0001
0 0.1714942852858 0.0650357743620518 0.0001 0.8757805274089567 0.9794997737688208 0.9934936808266296 0.329856216974189 0.0001 0.4444555555555555
0 0.0857971431428 0.0414451127211006 0.0001 0.7954251758635099 0.8679546737274111 0.9935583910708118 0.7953557383408072 0.0001 0.0001
0 0.0770076923846 0.1006089944895248 0.0001 0.1073924596214133 0.0001 0.9676095641562829 0.1073924596214133 0.9999 0.4444555555555555
0 0.0207144332886 0.0294915941397251 0.0001 0.7702864981756888 0.8025590312087699 0.9935583910708118 0.7702818690408387 0.0001 0.9999
0 0.1818818183635999 0.0660208790875263 0.0001 0.9224147303598358 0.3903778420099519 0.9999 0.9224147303598358 0.0001 0.0001
0 0.0099019612155999 0.0660208790875263 0.0001 0.4389795111276791 0.0001 0.9935583910708118 0.4389795111276791 0.0001 0.2222777777777777
0 0.0121821750816 0.5663132648209183 0.0001 0.5998975346863701 0.0001 0.0001 0.5852247365545624 0.8481446431428 0.6666333333333333
0 0.0385538456924 0.0321846791057838 0.0001 0.0001033065677458 0.2758397789640208 0.0001 0.0001033065677458 0.0001 0.6666333333333333
0 0.115461538077 0.2917083332490248 0.0001 0.6230102916449795 0.0001 0.0001 0.5609943670971177 0.9165833336666 0.6666333333333333
0 0.25005 0.0303518851424466 0.0001 0.851692670031457 0.3172007463159851 0.9934936808266296 0.851692670031457 0.0001 0.0001
1 0.1688974027662 0.4753135796973468 0.9999 0.5548590708906791 0.4229009946651793 0.0001 0.3656899177929673 0.8332666663334 0.6666333333333333
0 0.20006 0.0363739231731992 0.0001 0.0258497273876549 0.1813004266474776 0.0001 0.0258497273876549 0.0001 0.0001
0 0.0589117642942 0.114660416561281 0.0001 0.0148736477981208 0.0001 0.0001 0.0148736477981208 0.8888111112222 0.6666333333333333
0 0.1429285715714 0.392878571356307 0.0001 0.0131558971030299 0.0001 0.0001 0.0130699269415779 0.874925 0.6666333333333333
0 0.0082950816558 0.0171034016771313 0.0001 0.6899766667562389 0.6161814503477434 0.9935583910708118 0.6899766667562389 0.0001 0.2222777777777777
1 0.5499900000000001 0.3359703124209607 0.9999 0.900391480324197 0.5550263060529741 0.0001 0.8997626855074473 0.8570714284286001 0.2222777777777777
0 0.018964151415 0.0893678570344604 0.0001 0.065903573053211 0.0001 0.0001 0.065903573053211 0.8570714284286001 0.0001
0 0.0001 0.0514290177442296 0.0001 0.0001132261709933 0.0001 0.0001 0.0001132261709933 0.0001 0.6666333333333333
0 0.0105145836665999 0.1568146827765493 0.0001 0.7831115983699068 0.0001 0.9935583910708118 0.7831115983699068 0.9999 0.0001
0 0.0715142852858 0.0556444446692672 0.0001 0.4536192437820083 0.0001 0.0001 0.4536192437820083 0.0001 0.2222777777777777
0 0.2857571431428 0.0579701966879964 0.0001 0.6164223293238338 0.4812183739394952 0.9999 0.6164014980170281 0.0001 0.4444555555555555
0 0.0173379307242 0.0604620742845073 0.0001 0.0001049598016237 0.0001 0.0001 0.0001049598016237 0.0001 0.6666333333333333
0 0.045545454091 0.0271092485015011 0.0001 0.9901162608004112 0.3903778420099519 0.9935583910708118 0.9901162608004112 0.0001 0.0001
0 0.1667333336665999 0.0363739231731992 0.0001 0.0001077152247503 0.1813004266474776 0.93531912931243 0.0001077152247503 0.0001 0.2222777777777777
0 0.0267613336666 0.1721435065789099 0.0001 0.0003430311794745 0.0001 0.0001 0.0003430311794745 0.8918135136216 0.0001
0 0.2727727275454 0.0501385812401474 0.0001 0.8721436574529119 0.8025590312087699 0.9935583910708118 0.8721304312819185 0.0001 0.6666333333333333
1 0.3571714284286 0.4940488094635891 0.9999 0.3505470390963105 0.0001 0.0001 0.3505200356097044 0.8570714284286001 0.2222777777777777
1 0.10008 0.1187398615809809 0.5 0.8360543605172228 0.5320109296724792 0.9935583910708118 0.6082482167839739 0.9999 0.6666333333333333
0 0.0625875 0.1438441392478743 0.0001 0.1869523664956038 0.0001 0.0001 0.0497747925230233 0.89992 0.2222777777777777
0 0.0385538456924 0.0514290177442296 0.0001 0.111509109467689 0.0001 0.0001 0.111509109467689 0.0001 0.6666333333333333
0 0.20006 0.0101911485106298 0.0001 0.9952662063179384 0.7721713821139808 0.9935583910708118 0.9952662063179384 0.0001 0.0001
0 0.0770076923846 0.5952190475708713 0.0001 0.000305997800703 0.0001 0.0001 0.000305997800703 0.9999 0.4444555555555555
0 0.9999 0.1975153532213351 0.0001 0.9807190569605526 0.4812183739394952 0.9934936808266296 0.9806149007264936 0.9999 0.0001
0 0.25005 0.1006089944895248 0.0001 0.5071439580529727 0.0001 0.0001 0.5071439580529727 0.9999 0.0001
0 0.0213723406808 0.1230912693996537 0.0001 0.3601679859537778 0.0001 0.9935583910708118 0.3601679859537778 0.8063903226774001 0.0001
0 0.0223177775556 0.0556444446692672 0.0001 0.0030472347527255 0.0001 0.9935583910708118 0.0030472347527255 0.0001 0.2222777777777777
0 0.10008 0.1568146827765493 0.0001 0.0851443645788971 0.3172007463159851 0.0001 0.0851443645788971 0.9999 0.6666333333333333
0 0.5 0.0387827379808193 0.0001 0.5108588625678634 0.126940298526394 0.6764779636088267 0.5108588625678634 0.0001 0.2222777777777777
0 0.0244853659512 0.0072863435755817 0.0001 0.3612697270474211 0.8377246122879141 0.9999 0.3612697270474211 0.0001 0.4444555555555555
0 0.0073449277246 0.1327265306535388 0.0001 0.8624901962625854 0.0001 0.0001 0.8624901962625854 0.8655985076716001 0.0001
1 0.1279813956046 0.3359703124209607 0.9999 0.0365645899250873 0.5550263060529741 0.9935583910708118 0.0006984848623877 0.8570714284286001 0.6666333333333333
0 0.25005 0.0725061503460126 0.0001 0.568830881259908 0.0001 0.0001 0.568830881259908 0.0001 0.6666333333333333
0 0.1818818183635999 0.1905380951417426 0.0001 0.0311061437066661 0.0001 0.0001 0.0292313320935425 0.9999 0.4444555555555555
0 0.2778222224443999 0.1905380951417426 0.0001 0.6125963248726088 0.3552528358739034 0.0001 0.6125963248726088 0.9999 0.0001
0 0.0001 0.0171034016771313 0.0001 0.8870413006915869 0.6161814503477434 0.0001 0.8870413006915869 0.0001 0.6666333333333333
0 0.0087939128695999 0.1568146827765493 0.0001 0.5594859207704757 0.0001 0.0001 0.5594859207704757 0.877475509796 0.4444555555555555
0 0.2667133336666 0.0761717392843895 0.0001 0.638172458603492 0.7721713821139808 0.9935583910708118 0.6378831357755458 0.0001 0.0001
0 0.5 0.0387827379808193 0.0001 0.0040232168830188 0.126940298526394 0.0001 0.0040232168830188 0.0001 0.0001
0 0.0682681816364 0.3675860118294864 0.0001 0.4335402428821957 0.0001 0.0001 0.4335402428821957 0.9165833336666 0.0001
0 0.0286657147142 0.114660416561281 0.0001 0.3305297603944604 0.0001 0.0001 0.3305297603944604 0.9165833336666 0.0001
0 0.1334066663333999 0.1905380951417426 0.0001 0.628890983834818 0.0001 0.0001 0.108557466057959 0.9999 0.2222777777777777
0 0.032880327623 0.069133809413004 0.0001 0.0357792852349344 0.3552528358739034 0.9999 0.0099909814235579 0.0001 0.2222777777777777
1 0.2857571431428 0.1616323123917895 0.9999 0.7372481512710931 0.6161814503477434 0.9934936808266296 0.7372481512710931 0.9999 0.0001
0 0.0445355551112 0.0893678570344604 0.0001 0.6131248211676645 0.126940298526394 0.0001 0.6131248211676645 0.7272272724546001 0.2222777777777777
0 0.0417583336666 0.0179535716092325 0.0001 0.6459097763338469 0.5969955221040889 0.9935583910708118 0.6459097763338469 0.0001 0.6666333333333333
0 0.0589117642942 0.03418409033426 0.0001 0.0044321263945249 0.2307187248240624 0.9951114379310516 0.0044321263945249 0.0001 0.2222777777777777
0 0.25005 0.0444033072142027 0.0001 0.0290636901387253 0.0001 0.0001 0.0290636901387253 0.0001 0.6666333333333333
1 0.1012033712808 0.1778918153783323 0.9999 0.9010009869790808 0.7928518657899629 0.93531912931243 0.7841145839868062 0.84368125 0.2222777777777777
1 0.59998 0.3452690470650201 0.9999 0.4035201111979883 0.0001 0.0001 0.3281457406481468 0.74995 0.0001
1 0.0410754102786 0.1006089944895248 0.5 0.737907807186824 0.7611417911583644 0.9612032459827768 0.737907807186824 0.89992 0.6666333333333333
0 0.022567415618 0.2130203700518715 0.0001 0.1986564373343229 0.0001 0.0001 0.1869826764499657 0.84368125 0.6666333333333333
0 0.0527210526842 0.0271092485015011 0.0001 0.3223873906649846 0.3903778420099519 0.0001 0.3223873906649846 0.0001 0.6666333333333333
0 0.0105145836665999 0.0556444446692672 0.0001 0.961504166732224 0.0001 0.0001 0.961504166732224 0.0001 0.2222777777777777
0 0.0099019612155999 0.0414451127211006 0.0001 0.3154965486781257 0.0668580519227549 0.9935583910708118 0.3154965486781257 0.0001 0.0001
0 0.0174878257392 0.114660416561281 0.0001 0.0128384686992189 0.0001 0.0001 0.0128219359604796 0.9267439021464 0.6666333333333333
0 0.0223177775556 0.0303518851424466 0.0001 0.8447373504235092 0.3172007463159851 0.9934936808266296 0.8447373504235092 0.0001 0.0001
0 0.0667533336666 0.0001 0.0001 0.3319366957212419 0.9999 0.9935583910708118 0.3319366957212419 0.0001 0.6666333333333333
0 0.0150223879254 0.0556444446692672 0.0001 0.941865487487528 0.0001 0.0001 0.941865487487528 0.0001 0.6666333333333333
0 0.0001 0.0363739231731992 0.0001 0.850523806082526 0.1813004266474776 0.9935583910708118 0.850523806082526 0.0001 0.0001
0 0.0257358977948 0.0604620742845073 0.0001 0.1796603302219893 0.0001 0.0001 0.1796603302219893 0.0001 0.6666333333333333
0 0.0417583336666 0.0117255813247649 0.0001 0.9231476814106444 0.7375435962901706 0.9934936808266296 0.9231476814106444 0.0001 0.2222777777777777
0 0.0556444448888 0.114660416561281 0.0001 0.6025510379541449 0.0001 0.0001 0.6025510379541449 0.9165833336666 0.0001
0 0.10008 0.0514290177442296 0.0001 0.0085730243042801 0.0001 0.0001 0.0085730243042801 0.0001 0.6666333333333333
0 0.0770076923846 0.0171034016771313 0.0001 0.8248435161175839 0.6161814503477434 0.9988646350932188 0.8248435161175839 0.0001 0.6666333333333333
0 0.015481538077 0.0893678570344604 0.0001 0.0001099196032475 0.0001 0.0001 0.0001099196032475 0.9229923076154 0.6666333333333333
0 0.0152027188519999 0.2181299779859916 0.0001 0.8860989350834014 0.2307187248240624 0.9935583910708118 0.0911749534066572 0.8481446431428 0.2222777777777777
0 0.0082950816558 0.0477095232795844 0.0001 0.8149347895771101 0.0001 0.0001 0.8149347895771101 0.0001 0.4444555555555555
0 0.0556444448888 0.0801705627530441 0.0001 0.0001810103598281 0.0001 0.0001 0.0001810103598281 0.0001 0.0001
0 0.025095 0.1568146827765493 0.0001 0.3420062306031955 0.0001 0.0001 0.3420062306031955 0.8665933336666 0.2222777777777777
0 0.0371296295926 0.0725061503460126 0.0001 0.0022261091619676 0.0001 0.0001 0.0022261091619676 0.0001 0.6666333333333333
0 0.015481538077 0.0065922074900109 0.0001 0.8684237931363974 0.85338928134167 0.9935583910708118 0.8684237931363974 0.0001 0.6666333333333333
0 0.032880327623 0.0893678570344604 0.0001 0.7476290526659751 0.126940298526394 0.0001 0.7475133234948006 0.8332666663334 0.0001
0 0.0351807014562 0.107221428643693 0.0001 0.7322833723474533 0.0001 0.0001 0.6753654805334758 0.7930448273104 0.9999
0 0.0308630771538 0.1230912693996537 0.0001 0.0010026870952053 0.0001 0.0001 0.0006439268445463 0.9165833336666 0.0001
0 0.0477095241904 0.0514290177442296 0.0001 0.4109036285792979 0.0001 0.0001 0.4109036285792979 0.0001 0.0001
0 0.125075 0.2130203700518715 0.0001 0.0107751839244622 0.0001 0.0001 0.0107222792404887 0.9999 0.6666333333333333
0 0.25005 0.0303518851424466 0.0001 0.0001694374227127 0.3172007463159851 0.9935583910708118 0.0001694374227127 0.0001 0.0001
0 0.0909909091818 0.0477095232795844 0.0001 0.8376512569561235 0.0001 0.0001 0.8376512569561235 0.0001 0.9999
0 0.5 0.069133809413004 0.0001 0.8251444117826556 0.3552528358739034 0.0001 0.8251251236207898 0.0001 0.2222777777777777
0 0.0001 0.0604620742845073 0.0001 0.6196750888764815 0.0001 0.0001 0.6196750888764815 0.0001 0.2222777777777777
0 0.0233511628372 0.1006089944895248 0.0001 0.9925257409883808 0.0001 0.9676095641562829 0.9925257409883808 0.9090090908182 0.4444555555555555
0 0.1429285715714 0.0321846791057838 0.0001 0.7925319480839964 0.7721713821139808 0.9993176078023596 0.7925319480839964 0.0001 0.0001
0 0.0345758624482 0.2411232141953837 0.0001 0.1649167720003745 0.0001 0.0001 0.1648658512170525 0.8517814816296 0.4444555555555555
0 0.0130844155974 0.0477095232795844 0.0001 0.9903477190427704 0.0001 0.0001 0.9903477190427704 0.0001 0.0001
0 0.0186148152962 0.0230839083134385 0.0001 0.9849084507972872 0.4812183739394952 0.9999 0.9849084507972872 0.0001 0.4444555555555555
0 0.0121821750816 0.1108282103577652 0.0001 0.0180958769185608 0.5766468120601562 0.9999 0.0023798635122544 0.8481446431428 0.0001
0 0.1818818183635999 0.0495129151483229 0.0001 0.9321657346487298 0.5766468120601562 0.9935583910708118 0.9321657346487298 0.0001 0.6666333333333333
0 0.125075 0.0893678570344604 0.0001 0.2513131832214383 0.0001 0.0001 0.2513131832214383 0.9999 0.0001
0 0.0556444448888 0.0414451127211006 0.0001 0.0007315503398661 0.0668580519227549 0.0001 0.0007315503398661 0.0001 0.6666333333333333
0 0.1429285715714 0.0097232017615027 0.0001 0.8995397141123036 0.7827316297181688 0.93531912931243 0.8995397141123036 0.0001 0.4444555555555555
0 0.0589117642942 0.0725061503460126 0.0001 0.0001281056758546 0.0001 0.0001 0.0001281056758546 0.0001 0.6666333333333333
0 0.1087739128696 0.0711240434891814 0.0001 0.288047256667987 0.8942201374235851 0.9935583910708118 0.2880307239292477 0.0001 0.6666333333333333
0 0.020096 0.0495129151483229 0.0001 0.5142315395708343 0.5766468120601562 0.0001 0.5142265796692205 0.0001 0.6666333333333333
0 0.010098 0.0303518851424466 0.0001 0.8973362318250273 0.3172007463159851 0.0001 0.8973362318250273 0.0001 0.0001
0 0.022567415618 0.1721435065789099 0.0001 0.0023583709718914 0.0001 0.0001 0.0022624811072019 0.84368125 0.6666333333333333
0 0.1143628568572 0.0725061503460126 0.0001 0.7176204939188832 0.7928518657899629 0.93531912931243 0.0006477844569214 0.0001 0.2222777777777777
0 0.0702614039122 0.5663132648209183 0.5 0.0004394720887933 0.0001 0.0001 0.0002350173330402 0.7930448273104 0.2222777777777777
0 0.0105145836665999 0.0065922074900109 0.0001 0.9983346810880914 0.85338928134167 0.9935583910708118 0.9983346810880914 0.0001 0.6666333333333333
0 0.015481538077 0.1905380951417426 0.0001 0.0001077152247503 0.0001 0.0001 0.0001077152247503 0.7825521742608 0.2222777777777777
0 0.025095 0.0042563870091852 0.0001 0.099281502235528 0.9061021319689854 0.9870873626531236 0.099281502235528 0.0001 0.6666333333333333
0 0.010967391087 0.0179535716092325 0.0001 0.9532499256439289 0.5969955221040889 0.9935583910708118 0.9532499256439289 0.0001 0.6666333333333333
0 0.0099019612155999 0.0084316665486347 0.0001 0.9733008208678868 0.8118779105689221 0.0001 0.9733008208678868 0.0001 0.2222777777777777
0 0.045545454091 0.0101911485106298 0.0001 0.9769942328424144 0.7721713821139808 0.9999 0.9769942328424144 0.0001 0.6666333333333333
0 0.0286657147142 0.1568146827765493 0.0001 0.0002273020083 0.0001 0.0001 0.0002273020083 0.7618523810476 0.0001
0 0.280044 0.1455735453214849 0.0001 0.3975253432708331 0.7611417911583644 0.9935583910708118 0.1489461545774681 0.9999 0.4444555555555555
0 0.0770076923846 0.0444033072142027 0.0001 0.0001069437022752 0.0001 0.0001 0.0001069437022752 0.0001 0.4444555555555555
0 0.0423450702958 0.1049325086618491 0.0001 0.9445837990431653 0.3903778420099519 0.0001 0.9431140393291728 0.9332466663334 0.4444555555555555
0 0.045545454091 0.0117255813247649 0.0001 0.0001162020719656 0.7375435962901706 0.9935583910708118 0.0001162020719656 0.0001 0.4444555555555555
0 0.0105145836665999 0.0208331800964801 0.0001 0.9897945339285236 0.5320109296724792 0.9935583910708118 0.9897945339285236 0.0001 0.4444555555555555
0 0.25005 0.0444033072142027 0.0001 0.986285627214336 0.0001 0.0001 0.986285627214336 0.0001 0.0001
0 0.0105145836665999 0.0363739231731992 0.0001 0.9422837656576424 0.1813004266474776 0.9999 0.9422837656576424 0.0001 0.6666333333333333
0 0.1667333336665999 0.0171034016771313 0.0001 0.061917531782981 0.6161814503477434 0.9988646350932188 0.061917531782981 0.0001 0.6666333333333333
0 0.0715142852858 0.0801705627530441 0.0001 0.0295299131911893 0.0001 0.0001 0.0295299131911893 0.0001 0.4444555555555555
0 0.0371296295926 0.0387827379808193 0.0001 0.0001046291348501 0.126940298526394 0.0001 0.0001046291348501 0.0001 0.9999
0 0.0589117642942 0.0477095232795844 0.0001 0.0470050090394447 0.0001 0.0001 0.0470050090394447 0.0001 0.0001
0 0.0164901643114 0.114660416561281 0.0001 0.0874787860090029 0.0001 0.0001 0.0127343124651598 0.89992 0.6666333333333333
0 0.1111888887778 0.0321846791057838 0.0001 0.0001049598016237 0.2758397789640208 0.0001 0.0001049598016237 0.0001 0.6666333333333333
0 0.0186148152962 0.1006089944895248 0.0001 0.6196141382009941 0.0001 0.0001 0.6196141382009941 0.8063903226774001 0.4444555555555555
0 0.5 0.0477095232795844 0.0001 0.8275631502403255 0.0001 0.0001 0.8275631502403255 0.0001 0.0001
1 0.1021204078368 0.5833166664980496 0.9999 0.9284557900354528 0.0001 0.0001 0.4721540877434917 0.8787121214242 0.6666333333333333
0 0.029505882647 0.03418409033426 0.0001 0.5786722644672483 0.2307187248240624 0.9935583910708118 0.5786722644672483 0.0001 0.2222777777777777
0 0.5 0.114660416561281 0.0001 0.96653562765545 0.0001 0.0001 0.96653562765545 0.9999 0.6666333333333333
0 0.0001 0.0414451127211006 0.0001 0.0990391323896006 0.0668580519227549 0.0001 0.0990391323896006 0.0001 0.4444555555555555
0 0.0667533336666 0.2011875941028675 0.0001 0.0005199313040022 0.0668580519227549 0.9934936808266296 0.0004538004490352 0.8420368419474 0.6666333333333333
0 0.25005 0.0893678570344604 0.0001 0.9779465180538476 0.0001 0.0001 0.9779465180538476 0.9999 0.6666333333333333
0 0.3636636367272 0.1277427744488146 0.0001 0.9302765946753644 0.4812183739394952 0.5530754389652344 0.9302303030268924 0.59998 0.2222777777777777
0 0.061312245102 0.1778918153783323 0.0001 0.1113272494415476 0.0001 0.0001 0.0044977062048625 0.9258407408148 0.0001
0 0.0173379307242 0.0660208790875263 0.0001 0.0033966264447664 0.0001 0.9935583910708118 0.0033966264447664 0.0001 0.6666333333333333
0 0.3333666663334 0.0084316665486347 0.0001 0.9746039307273728 0.8118779105689221 0.9935583910708118 0.9746039307273728 0.0001 0.4444555555555555
0 0.0105145836665999 0.0141387059845284 0.0001 0.9852903569221768 0.6830862222490127 0.9935583910708118 0.9852903569221768 0.0001 0.6666333333333333
0 0.0031205437704 0.1568146827765493 0.0001 0.0001046291348501 0.0001 0.0001 0.0001046291348501 0.8481446431428 0.4444555555555555
0 0.0267613336666 0.0428842340656171 0.0001 0.0761378841779374 0.6514420741309764 0.6764132533646445 0.0761378841779374 0.0001 0.2222777777777777
0 0.120076 0.42178435410626 0.0001 0.0479126559362739 0.0001 0.0001 0.000119839306485 0.9090090908182 0.6666333333333333
1 0.4545545459089999 0.3495198977372285 0.9999 0.460494886796107 0.0001 0.0001 0.4066842315573765 0.9999 0.2222777777777777
0 0.25005 0.0660208790875263 0.0001 0.0014964645789147 0.0001 0.0001 0.0014964645789147 0.0001 0.2222777777777777
0 0.0589117642942 0.1568146827765493 0.0001 0.9652295419949816 0.0001 0.0001 0.9652295419949816 0.9999 0.6666333333333333
0 0.0667533336666 0.0725061503460126 0.0001 0.7668218992093215 0.0001 0.0001 0.7668218992093215 0.0001 0.6666333333333333
0 0.0625875 0.0604620742845073 0.0001 0.1359196857173972 0.0001 0.0001 0.1359196857173972 0.0001 0.2222777777777777
0 0.0435695653478 0.0604620742845073 0.0001 0.7687195260299025 0.0001 0.0001 0.7687195260299025 0.0001 0.4444555555555555
0 0.0358071431428 0.1568146827765493 0.0001 0.7477756428361411 0.0001 0.0001 0.7477756428361411 0.874925 0.2222777777777777
0 0.0358071431428 0.0084316665486347 0.0001 0.6809150772928085 0.8118779105689221 0.0001 0.6809150772928085 0.0001 0.2222777777777777
0 0.9999 0.392878571356307 0.0001 0.0001380252791022 0.0001 0.0001 0.0001380252791022 0.9999 0.6666333333333333
0 0.0870391306956 0.0400797920301761 0.0001 0.0792835116955436 0.6830862222490127 0.9934936808266296 0.0792835116955436 0.0001 0.6666333333333333
0 0.0141816900986 0.0208331800964801 0.0001 0.1552216482964264 0.5320109296724792 0.0001 0.1552216483964164 0.0001 0.6666333333333333
0 0.0589117642942 0.0080349203779803 0.0001 0.9093373407164428 0.8208313440029749 0.9935583910708118 0.9093373407164428 0.0001 0.2222777777777777
0 0.5 0.0946926065150229 0.0001 0.4178196003410391 0.0668580519227549 0.9934936808266296 0.4176529503865426 0.9999 0.4444555555555555
0 0.74995 0.3675860118294864 0.0001 0.0160739239906522 0.0001 0.0001 0.0160739239906522 0.5 0.6666333333333333
0 0.20006 0.0321846791057838 0.0001 0.000127003486606 0.2758397789640208 0.9935583910708118 0.000127003486606 0.0001 0.2222777777777777
0 0.0589117642942 0.0088446060276005 0.0001 0.3818463631433081 0.8025590312087699 0.9935583910708118 0.3818463631433081 0.0001 0.9999
0 0.0345758624482 0.0845502264075178 0.0001 0.0164062318993245 0.1813004266474776 0.0001 0.0164062318993245 0.0001 0.0001
0 0.0069013604558 0.0286657141700911 0.0001 0.0022911378276859 0.3552528358739034 0.9935583910708118 0.0022911378276859 0.0001 0.2222777777777777
0 0.010098 0.0363739231731992 0.0001 0.0001694374227127 0.1813004266474776 0.0001 0.0001694374227127 0.0001 0.0001
0 0.0625875 0.0761717392843895 0.0001 0.2920266848027252 0.2758397789640208 0.0001 0.2586203193777699 0.0001 0.4444555555555555
0 0.0883176469412 0.1096019046559168 0.0001 0.6531692981746124 0.3552528358739034 0.9676095641562829 0.6531692981746124 0.9999 0.6666333333333333
0 0.0896343285522 0.1479401003089452 0.0001 0.9876264316861506 0.6676805179591463 0.9935583910708118 0.9812249585259968 0.8063903226774001 0.6666333333333333
0 0.1111888887778 0.1667333329960992 0.0001 0.5370483605660057 0.0001 0.0001 0.3305991978171731 0.7999400000000001 0.0001
0 0.0104072161444 0.1905380951417426 0.0001 0.1158869764660565 0.0001 0.0001 0.1158869764660565 0.74995 0.0001
0 0.0527210526842 0.1006089944895248 0.0001 0.5515343388700481 0.0001 0.0001 0.5515343388700481 0.9090090908182 0.6666333333333333
0 0.0385538456924 0.1905380951417426 0.0001 0.8292759411337927 0.0001 0.0001 0.8292759411337927 0.9165833336666 0.6666333333333333
0 0.0770076923846 0.1905380951417426 0.0001 0.0024817050788984 0.0001 0.0001 0.0024817050788984 0.8332666663334 0.4444555555555555
0 0.1305086960433999 0.0371509601752798 0.0001 0.446420892994586 0.9002569568340085 0.9935583910708118 0.408653523976776 0.0001 0.6666333333333333
1 0.1429285715714 0.0893678570344604 0.5 0.8670684399264851 0.6977216418951675 0.9935583910708118 0.8669550253227356 0.89992 0.4444555555555555
0 0.0164901643114 0.0579701966879964 0.0001 0.8552339808895757 0.4812183739394952 0.9935583910708118 0.5866845766653075 0.0001 0.0001
0 0.0770076923846 0.0946926065150229 0.0001 0.2746711756380294 0.0668580519227549 0.0001 0.2746557450885389 0.9332466663334 0.2222777777777777
0 0.05009 0.0556444446692672 0.0001 0.0003777498908308 0.0001 0.0001 0.0003777498908308 0.0001 0.2222777777777777
0 0.0073449277246 0.1327265306535388 0.0001 0.7047668471931091 0.0001 0.0001 0.7047668471931091 0.8655985076716001 0.2222777777777777
0 0.0909909091818 0.1006089944895248 0.0001 0.8400420550213306 0.0001 0.0001 0.8400337886519611 0.9284857147142 0.6666333333333333
1 0.1579631580526 0.5238047621456433 0.9999 0.0002851665938872 0.0001 0.0001 0.0002851665938872 0.8665933336666 0.2222777777777777
0 0.0870391306956 0.1905380951417426 0.0001 0.0003083123681281 0.0001 0.0001 0.0002311596206751 0.7999400000000001 0.2222777777777777
0 0.1429285715714 0.0604620742845073 0.0001 0.7859519213654569 0.0001 0.0001 0.7859519213654569 0.0001 0.6666333333333333
0 0.25005 0.1327265306535388 0.0001 0.9336673326635112 0.0001 0.0001 0.9336673326635112 0.6666333336666 0.6666333333333333
1 0.5833166663334 0.2714742856275683 0.5 0.9656742724070926 0.3552528358739034 0.9935583910708118 0.6901116839892892 0.8332666663334 0.0001
0 0.2857571431428 0.1230912693996537 0.0001 0.831041967378007 0.0001 0.0001 0.6074417502202316 0.74995 0.4444555555555555
0 0.0968548391612 0.0477095232795844 0.5 0.7849771516133401 0.8208313440029749 0.8252469239691724 0.7849632641087996 0.0001 0.4444555555555555
0 0.025095 0.0321846791057838 0.0001 0.4687913303437684 0.2758397789640208 0.0001 0.4687913303437684 0.0001 0.6666333333333333
1 0.6666333336666 0.392878571356307 0.9999 0.9703983347186828 0.3552528358739034 0.9935583910708118 0.9259259516414484 0.9999 0.4444555555555555
0 0.0345758624482 0.0101911485106298 0.0001 0.5206958370182093 0.7721713821139808 0.9935583910708118 0.5206958370182093 0.0001 0.0001
0 0.0209291663333999 0.0303518851424466 0.0001 0.9414791727056336 0.3172007463159851 0.9935583910708118 0.9414791727056336 0.0001 0.2222777777777777
0 0.040092 0.0801705627530441 0.0001 0.3284890703493153 0.0001 0.0001 0.3284890703493153 0.0001 0.2222777777777777
0 0.2424757571516 0.392878571356307 0.0001 0.8263919716239795 0.126940298526394 0.0001 0.8263919716239795 0.7999400000000001 0.4444555555555555
0 0.0435695653478 0.0477095232795844 0.0001 0.0074620248409465 0.0001 0.0001 0.0074620248409465 0.0001 0.6666333333333333
0 0.0667533336666 0.0514290177442296 0.0001 0.1452196772254519 0.0001 0.0001 0.1452196772254519 0.0001 0.4444555555555555
0 0.025095 0.0056407631144572 0.0001 0.2571922221773989 0.8748606789675165 0.9935583910708118 0.2571922221773989 0.0001 0.0001
0 0.0134306663334 0.0286657141700911 0.0001 0.0300854128728611 0.3552528358739034 0.0001 0.0300854128728611 0.0001 0.0001
0 0.1667333336665999 0.0801705627530441 0.0001 0.06026987984415 0.2307187248240624 0.0001 0.0602583070070245 0.0001 0.4444555555555555
0 0.30004 0.0801705627530441 0.0001 0.7298976993672619 0.5766468120601562 0.9935583910708118 0.7298976993672619 0.0001 0.6666333333333333
0 0.0223177775556 0.03418409033426 0.0001 0.4031767815968098 0.2307187248240624 0.9935583910708118 0.4031767815968098 0.0001 0.2222777777777777
1 0.0516360827216 0.4480623380565073 0.9999 0.9021389899290206 0.0001 0.9935583910708118 0.9016297818958204 0.74995 0.0001
0 0.074553191383 0.135737549163064 0.0001 0.9654891058132054 0.7928518657899629 0.93531912931243 0.8974172421848553 0.884538461923 0.2222777777777777
0 0.0334266663334 0.392878571356307 0.0001 0.0672691765331445 0.0001 0.0001 0.04497203431904 0.8420368419474 0.2222777777777777
0 0.6666333336666 0.1721435065789099 0.0001 0.2127555497118516 0.2307187248240624 0.0001 0.0827157064179897 0.5 0.6666333333333333
0 0.030396969394 0.0208331800964801 0.0001 0.518285365029899 0.5320109296724792 0.0001 0.518285365029899 0.0001 0.6666333333333333
0 0.040092 0.1201587994629951 0.0001 0.9581287343061268 0.2758397789640208 0.0001 0.92084412097953 0.9332466663334 0.6666333333333333
1 0.4091090908182 0.5952190475708713 0.9999 0.6211487062028493 0.0001 0.9935583910708118 0.6194011965980258 0.9999 0.0001
1 0.0757151259496 0.3675860118294864 0.9999 0.968694802194906 0.3172007463159851 0.0001 0.8134904902047836 0.7575242428484 0.0001
0 0.1818818183635999 0.0845502264075178 0.0001 0.9556984229113412 0.1813004266474776 0.0001 0.9553165168864414 0.0001 0.0001
0 0.0105145836665999 0.0514290177442296 0.0001 0.9919315545940696 0.0001 0.0001 0.9919315545940696 0.0001 0.6666333333333333
0 0.0121821750816 0.107221428643693 0.0001 0.1280583725464881 0.5969955221040889 0.9935583910708118 0.0639857763593614 0.8481446431428 0.6666333333333333
0 0.40002 0.2411232141953837 0.0001 0.9723253897822226 0.0001 0.0001 0.9143186523788218 0.9999 0.6666333333333333
0 0.05009 0.0893678570344604 0.0001 0.1311780986667469 0.0001 0.0001 0.1311780986667469 0.9999 0.6666333333333333
0 0.0445355551112 0.1568146827765493 0.0001 0.2353673649066406 0.0001 0.6764779636088267 0.2353640583388948 0.8332666663334 0.6666333333333333
0 0.0667533336666 0.0387827379808193 0.0001 0.7250425876239243 0.126940298526394 0.6764779636088267 0.7250425876239243 0.0001 0.2222777777777777
1 0.029505882647 0.1905380951417426 0.5 0.0208386568155434 0.0001 0.9935583910708118 0.0011068432292745 0.8888111112222 0.0001
0 0.0811648647838 0.1905380951417426 0.0001 0.1027440070123259 0.0001 0.9935583910708118 0.0048911852668679 0.7777222224444 0.2222777777777777
0 0.025095 0.0321846791057838 0.0001 0.9720902944053342 0.2758397789640208 0.0001 0.9720902944053342 0.0001 0.4444555555555555
1 0.20006 0.1006089944895248 0.5 0.0120663901800593 0.4229009946651793 0.0001 0.0019169470275362 0.8332666663334 0.6666333333333333
0 0.0257358977948 0.0725061503460126 0.0001 0.8244764894975551 0.0001 0.0001 0.8244764894975551 0.0001 0.6666333333333333
0 0.0667533336666 0.0072863435755817 0.0001 0.0006571530155397 0.8377246122879141 0.9935583910708118 0.0006571530155397 0.0001 0.6666333333333333
0 0.2222777775556 0.107221428643693 0.0001 0.0001247991081088 0.0001 0.0001 0.0001066131354916 0.59998 0.6666333333333333
0 0.25005 0.0514290177442296 0.0001 0.2152103294479822 0.0001 0.0001 0.2152103294479822 0.0001 0.4444555555555555
0 0.080084 0.0387827379808193 0.0001 0.8045631465519183 0.6977216418951675 0.9935583910708118 0.804553888182228 0.0001 0.4444555555555555
0 0.017640351228 0.1568146827765493 0.0001 0.3991339779302412 0.0001 0.0001 0.3991339779302412 0.7930448273104 0.0001
0 0.0909909091818 0.1230912693996537 0.0001 0.8144533564530012 0.0001 0.0001 0.8144440980833109 0.9284857147142 0.4444555555555555
0 0.0130844155974 0.024329847111694 0.0001 0.9931764692011948 0.4531010659844927 0.9935583910708118 0.9931764692011948 0.0001 0.6666333333333333
0 0.2857571431428 0.5663132648209183 0.0001 0.8270886609184819 0.0001 0.0001 0.8270886609184819 0.74995 0.0001
0 0.1111888887778 0.03418409033426 0.0001 0.3131356748060431 0.2307187248240624 0.0001 0.3131356748060431 0.0001 0.4444555555555555
0 0.0186148152962 0.0556444446692672 0.0001 0.1412895165401678 0.0001 0.0001 0.1412895165401678 0.0001 0.0001
0 0.0244853659512 0.0134901784539988 0.0001 0.8775812723645273 0.6977216418951675 0.9935583910708118 0.8775812723645273 0.0001 0.0001
0 0.5 0.0331621687474359 0.0001 0.9107338052953576 0.7611417911583644 0.9935583910708118 0.9107338052953576 0.0001 0.2222777777777777
0 0.0001 0.0514290177442296 0.0001 0.9178472881105768 0.0001 0.0001 0.9178472881105768 0.0001 0.2222777777777777
0 0.0834166663334 0.0965943024690231 0.0001 0.6457604306405647 0.4531010659844927 0.9935583910708118 0.645745000091074 0.8181181816364 0.2222777777777777
0 0.1352081079729999 0.1513754227502828 0.0001 0.988067855530516 0.5320109296724792 0.9935583910708118 0.964075557350932 0.7777222224444 0.6666333333333333
0 0.0435695653478 0.0477095232795844 0.0001 0.4474369945935508 0.0001 0.0001 0.4474369945935508 0.0001 0.4444555555555555
0 0.10008 0.0303518851424466 0.0001 0.955050339932726 0.3172007463159851 0.0001 0.955050339932726 0.0001 0.0001
0 0.0001 0.0286657141700911 0.0001 0.7836290727724766 0.3552528358739034 0.9935583910708118 0.7836290727724766 0.0001 0.6666333333333333
0 0.0145898554491999 0.114660416561281 0.0001 0.4843072977513162 0.0001 0.0001 0.4842808454093295 0.8655985076716001 0.6666333333333333
0 0.40002 0.0294915941397251 0.0001 0.6558442939827501 0.8025590312087699 0.9935583910708118 0.0592838678216913 0.0001 0.6666333333333333
0 0.1818818183635999 0.1108282103577652 0.0001 0.9390631897710804 0.5766468120601562 0.9935583910708118 0.9388019726189886 0.8332666663334 0.6666333333333333
0 0.0061410875408 0.046009183415382 0.0001 0.9712639885351068 0.6161814503477434 0.9935583910708118 0.9711482593639325 0.0001 0.0001
0 0.20006 0.0556444446692672 0.0001 0.3196512238035037 0.5074611941055762 0.6764132533646445 0.2695768904275825 0.0001 0.6666333333333333
0 0.0909909091818 0.0363739231731992 0.0001 0.974122497603264 0.1813004266474776 0.0001 0.974122497603264 0.0001 0.0001
0 0.011333707809 0.0101911485106298 0.0001 0.6591888653098663 0.7721713821139808 0.9935583910708118 0.6591888653098663 0.0001 0.0001
1 0.9999 0.5293407530599692 0.9999 0.9906023231593604 0.7375435962901706 0.9935583910708118 0.9906023231593604 0.9999 0.0001
0 0.0667533336666 0.0556444446692672 0.0001 0.9783747158272093 0.0001 0.0001 0.9783747158272093 0.0001 0.6666333333333333
0 0.9999 0.0514290177442296 0.0001 0.7919367697893546 0.7928518657899629 0.9935583910708118 0.7919285034199849 0.0001 0.6666333333333333
0 0.25005 0.0604620742845073 0.0001 0.5870178765743007 0.0001 0.0001 0.5870178765743007 0.0001 0.4444555555555555
0 0.0001 0.1568146827765493 0.0001 0.0001208312068158 0.0001 0.0001 0.0001208312068158 0.0001 0.4444555555555555
0 0.0385538456924 0.0387827379808193 0.0001 0.0813109754697053 0.126940298526394 0.0001 0.0813109754697053 0.0001 0.2222777777777777
0 0.3333666663334 0.0660208790875263 0.0001 0.0002234443959248 0.0001 0.0001 0.0002234443959248 0.0001 0.2222777777777777
0 0.1539153847692 0.0604620742845073 0.0001 0.7526054044267405 0.4531010659844927 0.9935583910708118 0.7525591127782686 0.0001 0.0001
0 0.0351807014562 0.0278722218287824 0.0001 0.5478551450668345 0.8208313440029749 0.8252469239691724 0.4955525301955381 0.0001 0.4444555555555555
0 0.0435695653478 0.0065922074900109 0.0001 0.2184742210820438 0.85338928134167 0.9935583910708118 0.2184742210820438 0.0001 0.6666333333333333
0 0.0082950816558 0.0477095232795844 0.0001 0.3571590290030899 0.0001 0.0001 0.3571590290030899 0.0001 0.6666333333333333
1 0.075085 0.2917083332490248 0.5 0.807611451348813 0.0001 0.0001 0.807611451348813 0.9999 0.0001
0 0.0513717945898 0.0893678570344604 0.0001 0.0005362987593496 0.126940298526394 0.0001 0.0005362987593496 0.8234647061175999 0.9999
1 0.0248884293224 0.1399529760881015 0.5 0.0195557170293059 0.126940298526394 0.9935583910708118 0.0195391842905667 0.8181181816364 0.6666333333333333
0 0.1053421053684 0.114660416561281 0.0001 0.000127003486606 0.0001 0.0001 0.0001231457742409 0.5 0.2222777777777777
0 0.040092 0.1006089944895248 0.0001 0.9898401642434485 0.0001 0.0001 0.9898401642434485 0.9090090908182 0.6666333333333333
0 0.030396969394 0.114660416561281 0.0001 0.2192446463673254 0.0001 0.0001 0.2192446463673254 0.89992 0.0001
0 0.0167633336666 0.1905380951417426 0.0001 0.2226470821800389 0.0001 0.0001 0.2226470821800389 0.8420368419474 0.0001
0 0.0105145836665999 0.0725061503460126 0.0001 0.9841538970171874 0.0001 0.9935583910708118 0.9841538970171874 0.0001 0.4444555555555555
0 0.0099019612155999 0.1568146827765493 0.0001 0.9439958951175724 0.0001 0.0001 0.9439958951175724 0.8888111112222 0.4444555555555555
0 0.0150223879254 0.0256680774479604 0.0001 0.1452755578103977 0.4229009946651793 0.0001 0.1452755578103977 0.0001 0.6666333333333333
0 0.0345758624482 0.0271092485015011 0.0001 0.0476167200728258 0.3903778420099519 0.0001 0.0476167200728258 0.0001 0.6666333333333333
0 0.0351807014562 0.107221428643693 0.0001 0.6826273170416564 0.0001 0.9934936808266296 0.0167319266725052 0.7930448273104 0.6666333333333333
0 0.0589117642942 0.1905380951417426 0.0001 0.0105349082681042 0.0001 0.0001 0.0105349082681042 0.74995 0.2222777777777777
0 0.0209291663333999 0.0444033072142027 0.0001 0.8616619063917165 0.0001 0.0001 0.8616619063917165 0.0001 0.6666333333333333
0 0.10008 0.0236959477858923 0.0001 0.8791535350787012 0.8679546737274111 0.9934936808266296 0.8512495928532239 0.0001 0.6666333333333333
0 0.0358071431428 0.0604620742845073 0.0001 0.9816796085413554 0.0001 0.0001 0.9816796085413554 0.0001 0.0001
0 0.0715142852858 0.0208331800964801 0.0001 0.7774921233321601 0.5320109296724792 0.9935583910708118 0.7774921233321601 0.0001 0.6666333333333333
0 0.065022077987 0.1006089944895248 0.0001 0.5781476258845577 0.7611417911583644 0.9935583910708118 0.5781476258845577 0.7741387092904 0.2222777777777777
0 0.0260688311948 0.0236959477858923 0.0001 0.5215175137535865 0.8679546737274111 0.9935583910708118 0.52148279504223 0.0001 0.0001
0 0.0698534885116 0.0622246227164196 0.5 0.9732969632555116 0.7116431383842602 0.9935583910708118 0.9732699597689054 0.0001 0.2222777777777777
0 0.0001 0.0604620742845073 0.0001 0.462991648613748 0.0001 0.9676742744004648 0.462991648613748 0.0001 0.6666333333333333
1 0.2353470591764 0.1006089944895248 0.5 0.8346573447936886 0.6343014926319703 0.9355779702891592 0.830456378019839 0.9999 0.0001
0 0.0527210526842 0.0303518851424466 0.0001 0.827578580789816 0.3172007463159851 0.9935583910708118 0.827578580789816 0.0001 0.2222777777777777
0 0.0351807014562 0.0579701966879964 0.0001 0.7806118495524089 0.4812183739394952 0.9999 0.6860171880169236 0.0001 0.4444555555555555
1 0.0435695653478 0.2290791381338784 0.9999 0.1978562531393087 0.1813004266474776 0.9935583910708118 0.1978364139328136 0.9267439021464 0.6666333333333333
0 0.0345758624482 0.2772554423798994 0.0001 0.0318742543245327 0.0001 0.0001 0.031865987955163 0.8517814816296 0.6666333333333333
0 0.015481538077 0.0053451173744458 0.0001 0.2953927486702044 0.8815325826790495 0.9935583910708118 0.2953927486702044 0.0001 0.6666333333333333
0 0.0556444448888 0.0556444446692672 0.0001 0.0088653490305864 0.0001 0.9999 0.0088653490305864 0.0001 0.6666333333333333
0 0.25005 0.03418409033426 0.0001 0.9009916185204528 0.7496108550440016 0.0001 0.7883409009133941 0.0001 0.6666333333333333
1 0.0091616313112 0.1905380951417426 0.5 0.9858673491442118 0.0001 0.93531912931243 0.985840896802225 0.8481446431428 0.6666333333333333
0 0.115461538077 0.0861043014233814 0.0001 0.5554443295820736 0.5320109296724792 0.9935583910708118 0.551769103580163 0.0001 0.6666333333333333
0 0.3636636367272 0.5277722218287824 0.0001 0.0030626653022161 0.0001 0.0001 0.0029168465545354 0.74995 0.4444555555555555
0 0.25005 0.0477095232795844 0.0001 0.0078731387309498 0.0001 0.0001 0.0078731387309498 0.0001 0.2222777777777777
0 0.0105145836665999 0.0286657141700911 0.0001 0.9628736279245228 0.3552528358739034 0.0001 0.9628736279245228 0.0001 0.0001
0 0.0118623530587999 0.0303518851424466 0.0001 0.5059017989689639 0.3172007463159851 0.0001 0.5059017989689639 0.0001 0.2222777777777777
0 0.0069013604558 0.0230839083134385 0.0001 0.9495994987501272 0.4812183739394952 0.9934936808266296 0.9495994987501272 0.0001 0.0001
0 0.20006 0.0477095232795844 0.0001 0.1759352933252317 0.0001 0.9935583910708118 0.1759352933252317 0.0001 0.2222777777777777
0 0.0087939128695999 0.0801705627530441 0.0001 0.3810587438857301 0.0001 0.0001 0.3810587438857301 0.0001 0.6666333333333333
0 0.0164901643114 0.0230839083134385 0.0001 0.1703490965435826 0.8748606789675165 0.9935583910708118 0.1703143778322262 0.0001 0.0001
0 0.1081864863784 0.2011875941028675 0.0001 0.3780431738995404 0.0668580519227549 0.9935583910708118 0.3780282943946791 0.6363363632728 0.6666333333333333
0 0.0069013604558 0.0660208790875263 0.0001 0.3182509016122137 0.0001 0.0001 0.3182509016122137 0.0001 0.2222777777777777
0 0.0082950816558 0.0256680774479604 0.0001 0.9734248163084408 0.4229009946651793 0.9935583910708118 0.9734248163084408 0.0001 0.6666333333333333
0 0.1500699999999999 0.0830447171527553 0.5 0.941056375689587 0.5550263060529741 0.9935583910708118 0.9410494319873116 0.0001 0.4444555555555555
0 0.0286657147142 0.1568146827765493 0.0001 0.0002157290711845 0.0001 0.0001 0.0002157290711845 0.7599480000000001 0.0001
0 0.2727727275454 0.2216673994082223 0.0001 0.0002697360443966 0.0001 0.0001 0.0002234443959248 0.8332666663334 0.2222777777777777
0 0.0001 0.0148213653182882 0.0001 0.9987727983647108 0.6676805179591463 0.9935583910708118 0.9987727983647108 0.0001 0.6666333333333333
0 0.029505882647 0.0171034016771313 0.0001 0.8793519278435817 0.6161814503477434 0.9988646350932188 0.8793519278435817 0.0001 0.6666333333333333
0 0.0435695653478 0.0271092485015011 0.0001 0.1805795500559339 0.3903778420099519 0.9935583910708118 0.1805795500559339 0.0001 0.0001
0 0.0589117642942 0.0893678570344604 0.0001 0.6557748564600474 0.0001 0.0001 0.6557748564600474 0.9999 0.6666333333333333
1 0.2174478257392 0.6205116070976919 0.9999 0.8947888800908176 0.0001 0.0001 0.8947509390032555 0.7999400000000001 0.4444555555555555
1 0.0212438063927999 0.4940488094635891 0.5 0.1786468738572231 0.0001 0.0001 0.1505594183717264 0.8481446431428 0.0001
0 0.0087939128695999 0.0363739231731992 0.0001 0.2713844688965005 0.1813004266474776 0.93531912931243 0.2713844688965005 0.0001 0.2222777777777777
1 0.2273272724546 0.1755499115310893 0.5 0.0524012922042021 0.8457019905987614 0.9999 0.0043472584223215 0.89992 0.6666333333333333
0 0.0286657147142 0.0893678570344604 0.0001 0.9367612825738436 0.0001 0.0001 0.9367612825738436 0.9999 0.2222777777777777
0 0.0909909091818 0.0072863435755817 0.0001 0.2371710857631836 0.8377246122879141 0.9935583910708118 0.2371710857631836 0.0001 0.6666333333333333
0 0.0228227275454 0.0387827379808193 0.0001 0.3905908548697011 0.126940298526394 0.0001 0.3905908548697011 0.0001 0.4444555555555555
0 0.25005 0.1905380951417426 0.0001 0.0008175205013181 0.0001 0.0001 0.0008175205013181 0.3333666663334 0.0001
0 0.20006 0.0188552665318994 0.0001 0.0001069437022752 0.5766468120601562 0.9935583910708118 0.0001069437022752 0.0001 0.4444555555555555
0 0.0083628101073999 0.0171034016771313 0.0001 0.8703713487399796 0.6161814503477434 0.9935583910708118 0.8703713487399796 0.0001 0.2222777777777777
1 0.1539153847692 0.7975595237854357 0.9999 0.000225648774422 0.0001 0.0001 0.000225648774422 0.9165833336666 0.6666333333333333
0 0.0589117642942 0.0155409264963977 0.0001 0.929127018888299 0.6514420741309764 0.6764132533646445 0.929127018888299 0.0001 0.2222777777777777
0 0.05009 0.0893678570344604 0.0001 0.7534899055493286 0.0001 0.0001 0.7534899055493286 0.874925 0.6666333333333333
0 0.0173379307242 0.0179535716092325 0.0001 0.9853796336513748 0.5969955221040889 0.9935583910708118 0.9853796336513748 0.0001 0.6666333333333333
0 0.0166256202147999 0.1568146827765493 0.0001 0.0022085844229077 0.0001 0.0001 0.0019215762623764 0.8181181816364 0.4444555555555555
0 0.9999 0.1327265306535388 0.0001 0.2086400020548245 0.0001 0.0001 0.2085088424341493 0.9999 0.2222777777777777
0 0.5 0.1905380951417426 0.0001 0.0514423938572773 0.0001 0.0001 0.0514423938572773 0.9999 0.6666333333333333
0 0.0358071431428 0.0660208790875263 0.0001 0.150293241418011 0.0001 0.0001 0.150293241418011 0.0001 0.4444555555555555
0 0.1429285715714 0.0801705627530441 0.0001 0.0001082663693696 0.0001 0.0001 0.0001082663693696 0.0001 0.6666333333333333
0 0.011333707809 0.0208331800964801 0.0001 0.8948976540608723 0.5320109296724792 0.9935583910708118 0.8948976540608723 0.0001 0.6666333333333333
0 0.0606939397878 0.0660208790875263 0.0001 0.0036297379210034 0.3903778420099519 0.0001 0.0036098986145183 0.0001 0.6666333333333333
0 0.1111888887778 0.0556444446692672 0.0001 0.5923745913150157 0.0001 0.0001 0.5923745913150157 0.0001 0.2222777777777777
0 0.0150223879254 0.0101911485106298 0.0001 0.3877578062432 0.7721713821139808 0.9935583910708118 0.3877578062432 0.0001 0.0001
0 0.045545454091 0.0414451127211006 0.0001 0.4886620188754528 0.0668580519227549 0.9935583910708118 0.4886620188754528 0.0001 0.0001
0 0.0031205437704 0.1905380951417426 0.0001 0.0001165327387392 0.0001 0.0001 0.0001165327387392 0.8481446431428 0.6666333333333333
0 0.0345758624482 0.0056407631144572 0.0001 0.0005050518991308 0.8748606789675165 0.9935583910708118 0.0005050518991308 0.0001 0.0001
0 0.3333666663334 0.0387827379808193 0.0001 0.7761099871134873 0.126940298526394 0.0001 0.7761099871134873 0.0001 0.0001
0 0.125075 0.2216673994082223 0.0001 0.0637741574234874 0.0001 0.0001 0.0001501492608469 0.9999 0.2222777777777777
0 0.0118623530587999 0.0097232017615027 0.0001 0.8642446495696842 0.7827316297181688 0.93531912931243 0.8642446495696842 0.0001 0.4444555555555555
0 0.0870391306956 0.0946926065150229 0.0001 0.0001082663693696 0.0668580519227549 0.0001 0.0001082663693696 0.6666333336666 0.6666333333333333
0 0.3333666663334 0.0236959477858923 0.0001 0.0001462916484718 0.8679546737274111 0.9935583910708118 0.0001 0.0001 0.0001
1 0.1667333336665999 0.3560893942306415 0.9999 0.1388823510196134 0.0001 0.0001 0.1386475862095085 0.9999 0.6666333333333333
0 0.1143628568572 0.0823094685175249 0.0001 0.0613901376771739 0.7375435962901706 0.9935583910708118 0.0092078811119022 0.0001 0.0001
0 0.25005 0.0514290177442296 0.0001 0.5727700798370366 0.0001 0.0001 0.5727700798370366 0.0001 0.2222777777777777
0 0.25005 0.0230839083134385 0.0001 0.3340980746391954 0.4812183739394952 0.0001 0.3340980746391954 0.0001 0.2222777777777777
0 0.0667533336666 0.0080349203779803 0.0001 0.8809837082772308 0.8208313440029749 0.9935583910708118 0.8809837082772308 0.0001 0.2222777777777777
0 0.20006 0.0725061503460126 0.0001 0.988426615781175 0.0001 0.9935583910708118 0.988426615781175 0.0001 0.6666333333333333
1 0.4814851847038 0.2512402380061119 0.9999 0.9308536971863168 0.8118779105689221 0.9935583910708118 0.927187398987313 0.6666333336666 0.4444555555555555
0 0.0001 0.024329847111694 0.0001 0.9727403612846012 0.4531010659844927 0.9935583910708118 0.9727403612846012 0.0001 0.6666333333333333
0 0.20006 0.2994906595685703 0.0001 0.9061647098122206 0.0001 0.0001 0.9061647098122206 0.9999 0.6666333333333333
0 0.0527210526842 0.0363739231731992 0.0001 0.0286928059063214 0.1813004266474776 0.0001 0.0286928059063214 0.0001 0.2222777777777777
0 0.0083628101073999 0.0893678570344604 0.0001 0.991486493515185 0.0001 0.0001 0.991486493515185 0.8181181816364 0.4444555555555555
1 0.1940910450297999 0.3867470418353627 0.9999 0.2440850735242833 0.5766468120601562 0.0001 0.0021913903506213 0.879924 0.6666333333333333
0 0.0878017541404 0.5502544977506136 0.0001 0.9649567519057743 0.0001 0.0001 0.0018094843257213 0.7930448273104 0.6666333333333333
0 0.0770076923846 0.0893678570344604 0.0001 0.4685367263271683 0.0001 0.0001 0.4685367263271683 0.5 0.0001
0 0.0001 0.1905380951417426 0.0001 0.0007067512317573 0.0001 0.0001 0.0007067512317573 0.9999 0.6666333333333333
0 0.74995 0.4940488094635891 0.0001 0.0238476137662314 0.0001 0.0001 0.0237666034064032 0.5 0.0001
0 0.045545454091 0.0556444446692672 0.0001 0.8855880737163335 0.0001 0.9935583910708118 0.8855880737163335 0.0001 0.6666333333333333
1 0.521734782174 0.4068330865037897 0.9999 0.8018365686269113 0.4812183739394952 0.9935583910708118 0.5227596729375852 0.9999 0.2222777777777777
0 0.0271216215946 0.0069328486934205 0.0001 0.8390864632421516 0.8457019905987614 0.9999 0.8390864632421516 0.0001 0.6666333333333333
0 0.0134306663334 0.0604620742845073 0.0001 0.5038904912713896 0.0001 0.0001 0.5038904912713896 0.0001 0.6666333333333333
0 0.0260688311948 0.325431745614218 0.0001 0.7472633486130509 0.0001 0.0001 0.5701144824796825 0.9229923076154 0.4444555555555555
0 0.0371296295926 0.0801705627530441 0.0001 0.6967363490224326 0.0001 0.0001 0.6967363490224326 0.0001 0.6666333333333333
0 0.1429285715714 0.0414451127211006 0.0001 0.8881357674161814 0.0668580519227549 0.0001 0.8881357674161814 0.0001 0.6666333333333333
0 0.021834782174 0.0414451127211006 0.0001 0.0038149045148906 0.8679546737274111 0.9935583910708118 0.0007943746270872 0.0001 0.0001
0 0.1667333336665999 0.392878571356307 0.0001 0.0508958217785323 0.0001 0.0001 0.0501597846378235 0.6999599999999999 0.4444555555555555
0 0.0572314284286 0.1438441392478743 0.0001 0.005658855029033 0.0001 0.0001 0.005658855029033 0.8570714284286001 0.2222777777777777
0 0.0518137931724 0.2917083332490248 0.5 0.1800819148598594 0.0001 0.0001 0.1799044635907124 0.9999 0.2222777777777777
0 0.0173379307242 0.0303518851424466 0.0001 0.0001281056758546 0.3172007463159851 0.9999 0.0001281056758546 0.0001 0.6666333333333333
1 0.59998 0.3798243468885862 0.9999 0.0501181221242018 0.5320109296724792 0.0001 0.0500602576386045 0.9999 0.6666333333333333
0 0.74995 0.1778918153783323 0.0001 0.0038198643165144 0.0001 0.0001 0.0002239954405541 0.9999 0.6666333333333333
0 0.0435695653478 0.0514290177442296 0.0001 0.4627684567407586 0.0001 0.0001 0.4627684567407586 0.0001 0.6666333333333333
0 0.0257358977948 0.0042563870091852 0.0001 0.7437289815571974 0.9061021319689854 0.9935583910708118 0.7437289815571974 0.0001 0.6666333333333333
0 0.03134375 0.0725061503460126 0.0001 0.0076157791912333 0.0001 0.0001 0.0076157791912333 0.0001 0.6666333333333333
0 0.0589117642942 0.0111908551365703 0.0001 0.8716162633471048 0.7496108550440016 0.0001 0.8716162633471048 0.0001 0.6666333333333333
0 0.0462446152308 0.1327265306535388 0.0001 0.9895569035063644 0.1813004266474776 0.93531912931243 0.0259423106845986 0.9165833336666 0.2222777777777777
0 0.0117255814185999 0.0141387059845284 0.0001 0.191075023238288 0.6830862222490127 0.9999 0.191075023238288 0.0001 0.9999
1 0.7332866663334 0.7831066329163104 0.9999 0.4012402477857238 0.0001 0.0001 0.0257455711535959 0.0001 0.0001
1 0.1429285715714 0.5952190475708713 0.5 0.0221910342244736 0.0001 0.0001 0.0007232839704965 0.8888111112222 0.6666333333333333
0 0.0351807014562 0.1905380951417426 0.0001 0.0286735177444557 0.0001 0.0001 0.028604080221753 0.7930448273104 0.0001
0 0.0001 0.0179535716092325 0.0001 0.2267918377021693 0.5969955221040889 0.6764132533646445 0.2267918377021693 0.0001 0.6666333333333333
0 0.025095 0.0363739231731992 0.0001 0.7385740762380464 0.1813004266474776 0.9935583910708118 0.7385740762380464 0.0001 0.6666333333333333
0 0.0417583336666 0.0286657141700911 0.0001 0.9881928429713908 0.3552528358739034 0.0001 0.9881928429713908 0.0001 0.4444555555555555
1 0.3158263161052 0.3452690470650201 0.5 0.1370604440904634 0.0001 0.9935583910708118 0.0087532309965537 0.9999 0.6666333333333333
0 0.065660655246 0.2130203700518715 0.0001 0.4865480337952199 0.6343014926319703 0.9935583910708118 0.3294611948672334 0.89992 0.2222777777777777
0 0.2308230771538 0.0801705627530441 0.0001 0.9088182129800054 0.5766468120601562 0.9999 0.90880664004289 0.0001 0.6666333333333333
1 0.6756405408648 0.7108421765472788 0.9999 0.7647531035883118 0.6161814503477434 0.9935583910708118 0.7644020585624032 0.6666333336666 0.2222777777777777
0 0.045545454091 0.0444033072142027 0.0001 0.183183455107491 0.0001 0.0001 0.183183455107491 0.0001 0.0001
0 0.0556444448888 0.1568146827765493 0.0001 0.0009401933747679 0.0001 0.0001 0.0009401933747679 0.6428285715713999 0.4444555555555555
0 0.0286657147142 0.0271092485015011 0.0001 0.2113750667270568 0.3903778420099519 0.9935583910708118 0.2113750667270568 0.0001 0.0001
1 0.2727727275454 0.1310261907893364 0.9999 0.9698587064422032 0.9999 0.9935583910708118 0.8543362535959942 0.9165833336666 0.6666333333333333
0 0.0667533336666 0.0604620742845073 0.0001 0.2390210982681983 0.0001 0.0001 0.2390210982681983 0.0001 0.6666333333333333
0 0.0162258061936 0.0604620742845073 0.0001 0.0001082663693696 0.0001 0.0001 0.0001082663693696 0.0001 0.6666333333333333
0 0.0085016803278 0.0111908551365703 0.0001 0.1031947994153094 0.7496108550440016 0.9295599135807472 0.1031947994153094 0.0001 0.6666333333333333
0 0.3333666663334 0.1006089944895248 0.0001 0.0001138875045405 0.0001 0.9676095641562829 0.0001138875045405 0.3333666663334 0.4444555555555555
0 0.0223177775556 0.0660208790875263 0.0001 0.3638580913605597 0.0001 0.0001 0.3638580913605597 0.0001 0.6666333333333333
0 0.10008 0.1327265306535388 0.0001 0.9759718487747314 0.0001 0.0001 0.9759718487747314 0.9999 0.4444555555555555
0 0.0625875 0.0477095232795844 0.0001 0.1123688114821685 0.0001 0.0001 0.1123688114821685 0.0001 0.2222777777777777
0 0.040092 0.1905380951417426 0.0001 0.5528916759806122 0.0001 0.0001 0.5528916759806122 0.9999 0.0001
1 0.1111888887778 0.3773139197289183 0.5 0.9267463057097316 0.0001 0.0001 0.926671908385405 0.8332666663334 0.6666333333333333
0 0.0625875 0.2411232141953837 0.0001 0.1862618494808917 0.0001 0.9935583910708118 0.1862194154447951 0.7894157892632 0.2222777777777777
0 0.1429285715714 0.1905380951417426 0.0001 0.007647852668391 0.0001 0.0001 0.0076385943986906 0.9999 0.4444555555555555
0 0.0435695653478 0.024329847111694 0.0001 0.0002835132600193 0.4531010659844927 0.9935583910708118 0.0002835132600193 0.0001 0.6666333333333333
0 0.045545454091 0.107221428643693 0.0001 0.9013189665275112 0.0001 0.0001 0.1756246907355417 0.89992 0.6666333333333333
0 0.0477095241904 0.0230839083134385 0.0001 0.4227157132644512 0.4812183739394952 0.0001 0.4227157132644512 0.0001 0.2222777777777777
0 0.018964151415 0.0514290177442296 0.0001 0.0001991963324453 0.0001 0.0001 0.0001991963324453 0.0001 0.6666333333333333
0 0.0105145836665999 0.0893678570344604 0.0001 0.959352156372889 0.0001 0.0001 0.959352156372889 0.9999 0.6666333333333333
0 0.1429285715714 0.0514290177442296 0.0001 0.6768970727343487 0.0001 0.0001 0.6768970727343487 0.0001 0.6666333333333333
0 0.20006 0.0725061503460126 0.0001 0.0004240415393026 0.0001 0.6764779636088267 0.0004240415393026 0.0001 0.6666333333333333
0 0.0150223879254 0.0363739231731992 0.0001 0.8411343174674177 0.1813004266474776 0.0001 0.8411343174674177 0.0001 0.2222777777777777
1 0.9999 0.1641458586298982 0.9999 0.6929586201203309 0.7721713821139808 0.9935583910708118 0.689926517395402 0.9999 0.0001
0 0.0213723406808 0.1438441392478743 0.0001 0.7573635242161298 0.0001 0.0001 0.757338725108021 0.884538461923 0.6666333333333333
0 0.10008 0.0001 0.0001 0.5883312366038178 0.9999 0.9934936808266296 0.5883312366038178 0.0001 0.6666333333333333
0 0.0926740744814 0.1006089944895248 0.0001 0.5922015488028631 0.7611417911583644 0.9612032459827768 0.124586499111082 0.9999 0.6666333333333333
0 0.0378283018302 0.2130203700518715 0.0001 0.0214040762004527 0.0001 0.0001 0.0213925033633272 0.7825521742608 0.6666333333333333
0 0.1667333336665999 0.1006089944895248 0.0001 0.7726149679038403 0.0001 0.0001 0.7726149679038403 0.6666333336666 0.0001
0 0.0134306663334 0.0230839083134385 0.0001 0.8891850446815526 0.4812183739394952 0.0001 0.8891850446815526 0.0001 0.2222777777777777
0 0.0001 0.0097232017615027 0.0001 0.991030520832732 0.7827316297181688 0.9935583910708118 0.991030520832732 0.0001 0.6666333333333333
0 0.0741592591852 0.2411232141953837 0.0001 0.1367143589661684 0.0001 0.0001 0.1367027860290529 0.7999400000000001 0.2222777777777777
0 0.05009 0.0801705627530441 0.0001 0.0001115729371154 0.0001 0.0001 0.0001115729371154 0.0001 0.6666333333333333
0 0.30004 0.1479401003089452 0.0001 0.7727158175701535 0.0668580519227549 0.0001 0.7726910184620447 0.9999 0.6666333333333333
0 0.0145898554491999 0.2130203700518715 0.0001 0.0347793857079352 0.0001 0.8252469239691724 0.0347631836359695 0.8655985076716001 0.4444555555555555
0 0.25005 0.0556444446692672 0.0001 0.0359806539007873 0.0001 0.0001 0.0359806539007873 0.0001 0.4444555555555555
0 0.0082950816558 0.0271092485015011 0.0001 0.3354366747325128 0.3903778420099519 0.0001 0.3354366747325128 0.0001 0.4444555555555555
0 0.0909909091818 0.0893678570344604 0.0001 0.1237912748176815 0.0001 0.0001 0.1237912748176815 0.9999 0.0001
0 0.10008 0.0303518851424466 0.0001 0.0141032225128392 0.3172007463159851 0.0001 0.0141032225128392 0.0001 0.0001
0 0.25005 0.114660416561281 0.0001 0.0007761886544701 0.0001 0.0001 0.0007761886544701 0.9999 0.6666333333333333
0 0.20006 0.0015094926285844 0.0001 0.6189267072761822 0.968091752245745 0.9935583910708118 0.6189267072761822 0.0001 0.6666333333333333
0 0.0105145836665999 0.0179535716092325 0.0001 0.9920803492427226 0.5969955221040889 0.9935583910708118 0.9920803492427226 0.0001 0.6666333333333333
0 0.0173379307242 0.1327265306535388 0.0001 0.3022918570264328 0.0001 0.0001 0.3022918570264328 0.8517814816296 0.0001
0 0.0682681816364 0.1778918153783323 0.0001 0.703185216020307 0.0001 0.9935583910708118 0.6974219062355209 0.9374125 0.2222777777777777
0 0.0770076923846 0.0514290177442296 0.0001 0.0001099196032475 0.0001 0.0001 0.0001099196032475 0.0001 0.6666333333333333
0 0.0435695653478 0.0477095232795844 0.0001 0.2729528738983092 0.0001 0.0001 0.2729528738983092 0.0001 0.6666333333333333
0 0.0770076923846 0.0414451127211006 0.0001 0.8027508286592322 0.0668580519227549 0.0001 0.8027508286592322 0.0001 0.2222777777777777
0 0.0857971431428 0.1049325086618491 0.0001 0.2306786826399539 0.3903778420099519 0.9999 0.1407571626327369 0.7367947365790001 0.0001
0 0.0069013604558 0.0256680774479604 0.0001 0.4535878316383978 0.4229009946651793 0.9988646350932188 0.4535878316383978 0.0001 0.6666333333333333
0 0.0205040813674 0.0363739231731992 0.0001 0.9982543319618205 0.1813004266474776 0.9935583910708118 0.9982543319618205 0.0001 0.4444555555555555
0 0.05009 0.1006089944895248 0.0001 0.708764902256156 0.0001 0.0001 0.708764902256156 0.9999 0.9999
0 0.021834782174 0.0845502264075178 0.0001 0.4080335465740253 0.1813004266474776 0.0001 0.4074317552438816 0.0001 0.0001
0 0.0244853659512 0.0106798938373071 0.0001 0.7595541109991865 0.7611417911583644 0.9935583910708118 0.7595541109991865 0.0001 0.6666333333333333
0 0.0286657147142 0.114660416561281 0.0001 0.5510901595025665 0.0001 0.93531912931243 0.5510901595025665 0.8665933336666 0.2222777777777777
0 0.25005 0.0414451127211006 0.0001 0.3339900607927611 0.0668580519227549 0.0001 0.3339900607927611 0.0001 0.6666333333333333
0 0.0137027209116 0.1568146827765493 0.0001 0.7871951827387043 0.0001 0.0001 0.7871736901983413 0.8124375 0.6666333333333333
0 0.0118623530587999 0.0188552665318994 0.0001 0.4659976295634738 0.5766468120601562 0.9935583910708118 0.4659976295634738 0.0001 0.4444555555555555
0 0.0087939128695999 0.0303518851424466 0.0001 0.997422625434268 0.3172007463159851 0.9934936808266296 0.997422625434268 0.0001 0.2222777777777777
0 0.0073449277246 0.1006089944895248 0.0001 0.5025194227406012 0.0001 0.0001 0.5025194227406012 0.8655985076716001 0.4444555555555555
0 0.1429285715714 0.2411232141953837 0.0001 0.949722171623577 0.0001 0.9935583910708118 0.9497013404167612 0.9999 0.4444555555555555
0 0.045545454091 0.0294915941397251 0.0001 0.5874731879232064 0.8025590312087699 0.9935583910708118 0.5861621423611241 0.0001 0.6666333333333333
0 0.0083628101073999 0.0893678570344604 0.0001 0.0001214925403629 0.0001 0.0001 0.0001214925403629 0.8181181816364 0.6666333333333333
0 0.3333666663334 0.0660208790875263 0.0001 0.9952392028313324 0.0001 0.9935583910708118 0.9952392028313324 0.0001 0.2222777777777777
0 0.0589117642942 0.024329847111694 0.0001 0.9989976435715682 0.8608020262584182 0.9935583910708118 0.9980916499086168 0.0001 0.6666333333333333
1 0.0522634782174 0.107221428643693 0.5 0.8934431045185144 0.8208313440029749 0.8252469239691724 0.892820481881565 0.9267439021464 0.4444555555555555
0 0.0117255814185999 0.0171034016771313 0.0001 0.370654696716607 0.6161814503477434 0.9988646350932188 0.370654696716607 0.0001 0.6666333333333333
0 0.045545454091 0.0084316665486347 0.0001 0.9714931321100508 0.8118779105689221 0.9935583910708118 0.9714931321100508 0.0001 0.4444555555555555
0 0.20006 0.3609300754846345 0.0001 0.5986112883323867 0.0668580519227549 0.0001 0.0219843750902233 0.7691769228462 0.6666333333333333
0 0.0556444448888 0.0321846791057838 0.0001 0.015761455388465 0.2758397789640208 0.9935583910708118 0.015761455388465 0.0001 0.6666333333333333
0 0.0909909091818 0.0088446060276005 0.0001 0.8811075384343932 0.8025590312087699 0.9935583910708118 0.8811075384343932 0.0001 0.9999
0 0.0417583336666 0.1905380951417426 0.0001 0.7836902439258097 0.0001 0.0001 0.7836902439258097 0.8420368419474 0.6666333333333333
0 0.3333666663334 0.2641164504047757 0.0001 0.334804022203398 0.0001 0.0001 0.3046720191603711 0.59998 0.2222777777777777
0 0.0606939397878 0.0495129151483229 0.0001 0.6396901631998344 0.5766468120601562 0.9999 0.6396604042901017 0.0001 0.6666333333333333
0 0.0834166663334 0.1006089944895248 0.0001 0.8153537288807916 0.0001 0.9999 0.8152958643951942 0.8420368419474 0.0001
0 0.0105145836665999 0.0179535716092325 0.0001 0.954876746275954 0.5969955221040889 0.9999 0.954876746275954 0.0001 0.6666333333333333
0 0.1667333336665999 0.0256680774479604 0.0001 0.9974071948847772 0.4229009946651793 0.5469926710127753 0.9974071948847772 0.0001 0.4444555555555555
0 0.2857571431428 0.1721435065789099 0.0001 0.8059664446441805 0.0001 0.0001 0.7439819323399193 0.9999 0.6666333333333333
0 0.2143428568571999 0.1667333329960992 0.0001 0.0001231457742409 0.0001 0.9935583910708118 0.0001038576123751 0.9999 0.2222777777777777
0 0.1177235295882 0.0660208790875263 0.0001 0.4245156866975468 0.3903778420099519 0.0001 0.4245156866975468 0.0001 0.4444555555555555
0 0.0118623530587999 0.0303518851424466 0.0001 0.5899894694794436 0.3172007463159851 0.0001 0.5899894694794436 0.0001 0.6666333333333333
0 0.2857571431428 0.0321846791057838 0.0001 0.8021953288775704 0.7721713821139808 0.9935583910708118 0.8021027455806269 0.0001 0.0001
1 0.0477095241904 0.6963892856781535 0.5 0.0070668925450632 0.0001 0.0001 0.0070321738337068 0.8124375 0.6666333333333333
0 0.0174878257392 0.1006089944895248 0.0001 0.0213379453454858 0.0001 0.0001 0.0194036159128971 0.9267439021464 0.6666333333333333
0 0.0130844155974 0.0477095232795844 0.0001 0.6587490946993791 0.0001 0.0001 0.6587490946993791 0.0001 0.2222777777777777
0 0.0385538456924 0.0534687402540796 0.0001 0.9370197443028088 0.5320109296724792 0.9935583910708118 0.9298561122267426 0.0001 0.0001
0 0.0466023256744 0.0120023810728217 0.0001 0.4913998389708116 0.9999 0.9934936808266296 0.4708446955152774 0.0001 0.6666333333333333
0 0.25005 0.1568146827765493 0.0001 0.0048564664555215 0.0001 0.0001 0.0048333206812806 0.9999 0.4444555555555555
0 0.0209291663333999 0.0604620742845073 0.0001 0.1876439856995645 0.0001 0.0001 0.1876439856995645 0.0001 0.6666333333333333
0 0.0073449277246 0.0179535716092325 0.0001 0.1552695932787661 0.5969955221040889 0.9935583910708118 0.1552695932787661 0.0001 0.0001
0 0.3333666663334 0.114660416561281 0.0001 0.0505092866187821 0.0001 0.9935583910708118 0.0505092866187821 0.9999 0.4444555555555555
0 0.5 0.046009183415382 0.0001 0.7008992905171801 0.6161814503477434 0.9988646350932188 0.7008811045445631 0.0001 0.6666333333333333
0 0.05009 0.0444033072142027 0.0001 0.3870912065252038 0.0001 0.0001 0.3870912065252038 0.0001 0.4444555555555555
0 0.0286657147142 0.0387827379808193 0.0001 0.0002273020083 0.126940298526394 0.0001 0.0002273020083 0.0001 0.0001
0 0.0103020411836 0.0062637330194361 0.0001 0.2917859682906657 0.8608020262584182 0.9935583910708118 0.2917859682906657 0.0001 0.4444555555555555
0 0.0435695653478 0.1905380951417426 0.0001 0.0978910995474956 0.0001 0.0001 0.0978910995474956 0.9999 0.2222777777777777
1 0.4242575755152 0.6626658733129602 0.9999 0.9070073279433416 0.1813004266474776 0.0001 0.7001608285201284 0.7999400000000001 0.2222777777777777
0 0.0345758624482 0.0363739231731992 0.0001 0.7059202806925393 0.1813004266474776 0.0001 0.7059202806925393 0.0001 0.6666333333333333
0 0.040092 0.0660208790875263 0.0001 0.8222859027144985 0.0001 0.9999 0.8222859027144985 0.0001 0.0001
1 0.3863863632728 0.2611966742978924 0.5 0.9145302713146958 0.9061021319689854 0.9935583910708118 0.8912488805009384 0.89992 0.6666333333333333
0 0.125075 0.2310061903846554 0.0001 0.4595214285122098 0.3552528358739034 0.9935583910708118 0.0349576084995572 0.7894157892632 0.0001
0 0.122026829756 0.0769434415798147 0.5 0.986627854726256 0.8679546737274111 0.9934936808266296 0.9866162818891304 0.0001 0.6666333333333333
0 0.0073449277246 0.0725061503460126 0.0001 0.3151989595807998 0.0001 0.0001 0.3151989595807998 0.0001 0.6666333333333333
0 0.0417583336666 0.0111908551365703 0.0001 0.9891309101114998 0.7496108550440016 0.0001 0.9891309101114998 0.0001 0.6666333333333333
0 0.0299447758508 0.392878571356307 0.0001 0.4309727098758629 0.0001 0.0001 0.4309660967403712 0.879924 0.6666333333333333
0 0.0435695653478 0.0134901784539988 0.0001 0.7954791827367321 0.6977216418951675 0.0001 0.7954791827367321 0.0001 0.2222777777777777
0 0.20006 0.024329847111694 0.0001 0.0002697360443966 0.4531010659844927 0.9935583910708118 0.0002697360443966 0.0001 0.2222777777777777
0 0.5 0.1568146827765493 0.0001 0.5128216282430903 0.0001 0.0001 0.5128216282430903 0.9999 0.4444555555555555
0 0.3333666663334 0.0097232017615027 0.0001 0.9143021196400826 0.7827316297181688 0.9935583910708118 0.9143021196400826 0.0001 0.6666333333333333
1 0.1081864863784 0.1500699998988297 0.9999 0.1979250293284642 0.3552528358739034 0.9935583910708118 0.1895902187360423 0.9332466663334 0.4444555555555555
0 0.0625875 0.03418409033426 0.0001 0.5259923727059019 0.2307187248240624 0.9935583910708118 0.525992372805892 0.0001 0.2222777777777777
0 0.40002 0.0477095232795844 0.0001 0.6827232068063559 0.5969955221040889 0.9935583910708118 0.6827099806353625 0.0001 0.6666333333333333
0 0.0286657147142 0.0198133183357039 0.0001 0.531703328851344 0.5550263060529741 0.0001 0.531703328851344 0.0001 0.6666333333333333
0 0.0870391306956 0.1187398615809809 0.0001 0.8240449852564375 0.5320109296724792 0.9934936808266296 0.8240449852564375 0.9410882357058 0.2222777777777777
0 0.0228227275454 0.0514290177442296 0.0001 0.0339276193960518 0.0001 0.9935583910708118 0.0339276193960518 0.0001 0.2222777777777777
0 0.0770076923846 0.0363739231731992 0.0001 0.6024545970448261 0.7249017053215078 0.0001 0.6024545970448261 0.0001 0.2222777777777777
0 0.0257358977948 0.0801705627530441 0.0001 0.0001231457742409 0.0001 0.9935583910708118 0.0001231457742409 0.0001 0.2222777777777777
0 0.0409081637346 0.0387827379808193 0.0001 0.7664311756704327 0.6977216418951675 0.0001 0.3668069793471632 0.0001 0.2222777777777777
0 0.0371296295926 0.0801705627530441 0.0001 0.0371356304451676 0.0001 0.9935583910708118 0.0371356304451676 0.0001 0.4444555555555555
1 0.1143628568572 0.0919619661448764 0.9999 0.2736307158866471 0.6830862222490127 0.9935583910708118 0.2733909912749185 0.9999 0.6666333333333333
0 0.0698534885116 0.2641164504047757 0.0001 0.1062976622300454 0.0001 0.0001 0.0258335253156893 0.8665933336666 0.4444555555555555
0 0.1818818183635999 0.069133809413004 0.0001 0.958776817284742 0.3552528358739034 0.9935583910708118 0.9587685510153624 0.0001 0.6666333333333333
0 0.0278722224443999 0.0208331800964801 0.0001 0.018558793303289 0.5320109296724792 0.9999 0.018558793303289 0.0001 0.4444555555555555
0 0.0520376623896 0.1721435065789099 0.5 0.8262939876697106 0.2307187248240624 0.0001 0.8262554112459891 0.8332666663334 0.2222777777777777
0 0.1334066663333999 0.2411232141953837 0.0001 0.2418889758949736 0.0001 0.9999 0.2418812606702233 0.8332666663334 0.2222777777777777
0 0.0164901643114 0.0230839083134385 0.0001 0.9723263817825436 0.4812183739394952 0.9999 0.9723263817825436 0.0001 0.4444555555555555
0 0.0162258061936 0.0477095232795844 0.0001 0.3686895061850371 0.0001 0.0001 0.3686895061850371 0.0001 0.2222777777777777
0 0.09383125 0.2411232141953837 0.0001 0.8983430750543017 0.0001 0.9999 0.8976487004272143 0.8124375 0.0001
0 0.1818818183635999 0.0893678570344604 0.0001 0.8289056079460181 0.126940298526394 0.9935583910708118 0.8289056079460181 0.9999 0.0001
0 0.0378283018302 0.1905380951417426 0.0001 0.0129343584639184 0.0001 0.0001 0.0127839106813774 0.7825521742608 0.0001
0 0.0124432098642 0.0141387059845284 0.0001 0.9882044159085064 0.6830862222490127 0.9993176078023596 0.9882044159085064 0.0001 0.4444555555555555
0 0.0118623530587999 0.0604620742845073 0.0001 0.9836894374875192 0.0001 0.0001 0.9836894374875192 0.0001 0.2222777777777777
0 0.2727727275454 0.2411232141953837 0.0001 0.1120910615913376 0.0001 0.0001 0.1120331970057503 0.9999 0.0001
0 0.125075 0.0893678570344604 0.0001 0.0117354049384813 0.0001 0.0001 0.0117354049384813 0.9999 0.4444555555555555
0 0.0385538456924 0.0128732868569253 0.0001 0.9987744516985788 0.7116431383842602 0.9934936808266296 0.9987744516985788 0.0001 0.6666333333333333
0 0.0001 0.1006089944895248 0.0001 0.4366718726063436 0.0001 0.8252469239691724 0.4366718726063436 0.9999 0.4444555555555555
1 0.0870391306956 0.4378431211765646 0.9999 0.1688181656762569 0.0001 0.0001 0.1192100552528097 0.9031451608388 0.6666333333333333
0 0.10008 0.0101911485106298 0.0001 0.5989981541589106 0.7721713821139808 0.9935583910708118 0.5989981541589106 0.0001 0.0001
0 0.0257358977948 0.0514290177442296 0.0001 0.0161317885762395 0.0001 0.0001 0.0161317885762395 0.0001 0.6666333333333333
0 0.0286657147142 0.0363739231731992 0.0001 0.9871420226610697 0.1813004266474776 0.9935583910708118 0.9871420226610697 0.0001 0.4444555555555555
0 0.040092 0.0556444446692672 0.0001 0.0002504478825308 0.0001 0.0001 0.0002504478825308 0.0001 0.0001
1 0.1236707868988 0.3155130953946682 0.5 0.989254905552054 0.5969955221040889 0.9935583910708118 0.9891490960841168 0.84368125 0.6666333333333333
0 0.1429285715714 0.0117255813247649 0.0001 0.8458807540307739 0.7375435962901706 0.9935583910708118 0.8458807540307739 0.0001 0.4444555555555555
0 0.067883050678 0.0845502264075178 0.9999 0.9805146022047996 0.7249017053215078 0.0001 0.9804605952315876 0.0001 0.2222777777777777
0 0.0228227275454 0.0321846791057838 0.0001 0.9630665097431604 0.2758397789640208 0.9935583910708118 0.9630665097431604 0.0001 0.2222777777777777
0 0.40002 0.0660208790875263 0.0001 0.9498865069106583 0.3903778420099519 0.0001 0.9498703048386926 0.0001 0.4444555555555555
0 0.0667533336666 0.0219210312923715 0.0001 0.9779137832431426 0.5074611941055762 0.9935583910708118 0.9779137832431426 0.0001 0.4444555555555555
0 0.0278722224443999 0.1905380951417426 0.0001 0.0156655655237755 0.0001 0.0001 0.0156655655237755 0.9999 0.0001
1 0.1111888887778 0.4068330865037897 0.9999 0.8109213039645726 0.4812183739394952 0.9934936808266296 0.8102732208859673 0.8213642852858 0.0001
0 0.0001 0.0414451127211006 0.0001 0.4696662424298927 0.0668580519227549 0.0001 0.4696662424298927 0.0001 0.4444555555555555
0 0.125075 0.1086383785305283 0.5 0.8415895186273955 0.7249017053215078 0.0001 0.8415895186273955 0.8665933336666 0.2222777777777777
0 0.0572314284286 0.1438441392478743 0.0001 0.1211344650821509 0.0001 0.0001 0.1210815602981874 0.9165833336666 0.6666333333333333
0 0.1579631580526 0.1201587994629951 0.0001 0.4229411095159379 0.2758397789640208 0.0001 0.267508645851202 0.74995 0.6666333333333333
0 0.5 0.0946926065150229 0.0001 0.8785186781710892 0.0668580519227549 0.0001 0.6455906946961579 0.9999 0.6666333333333333
1 0.375025 0.42178435410626 0.9999 0.9061340196960584 0.4531010659844927 0.93531912931243 0.906125753226699 0.9090090908182 0.6666333333333333
0 0.0286657147142 0.0188552665318994 0.0001 0.0001138875045405 0.5766468120601562 0.9935583910708118 0.0001138875045405 0.0001 0.4444555555555555
0 0.3333666663334 0.0631385359687426 0.0001 0.0924898565811145 0.4229009946651793 0.0001 0.0629293348138793 0.0001 0.6666333333333333
1 0.9999 0.1187398615809809 0.9999 0.4265386316257761 0.5320109296724792 0.9935583910708118 0.4263187463205324 0.9999 0.0001
1 0.2105842107367999 0.2194438778916956 0.5 0.9662694507017344 0.6161814503477434 0.9935583910708118 0.9662082795484014 0.9229923076154 0.6666333333333333
0 0.0103020411836 0.0363739231731992 0.0001 0.4320159251503616 0.1813004266474776 0.9352544190682476 0.4320159251503616 0.0001 0.6666333333333333
0 0.10008 0.0363739231731992 0.0001 0.0435794273525003 0.1813004266474776 0.0001 0.0435794273525003 0.0001 0.6666333333333333
0 0.1429285715714 0.1905380951417426 0.0001 0.0009778879870965 0.0001 0.0001 0.0002223422066762 0.874925 0.6666333333333333
0 0.470594117353 0.2994906595685703 0.0001 0.191046421612268 0.3903778420099519 0.0001 0.191046421612268 0.40002 0.6666333333333333
0 0.0082950816558 0.0219210312923715 0.0001 0.8659752957689949 0.5074611941055762 0.6764132533646445 0.8659752957689949 0.0001 0.6666333333333333
0 0.0477095241904 0.0725061503460126 0.0001 0.5805463045578968 0.0001 0.0001 0.5805463045578968 0.0001 0.4444555555555555
0 0.10008 0.0363739231731992 0.0001 0.0358999741077427 0.1813004266474776 0.9935583910708118 0.0358999741077427 0.0001 0.6666333333333333
0 0.1539153847692 0.2411232141953837 0.0001 0.0165103880333936 0.0001 0.0001 0.0080737357743377 0.8570714284286001 0.0001
0 0.0435695653478 0.0893678570344604 0.0001 0.9974882052446054 0.0001 0.0001 0.9974882052446054 0.9999 0.6666333333333333
0 0.0435695653478 0.0725061503460126 0.0001 0.3393830373897726 0.0001 0.0001 0.3393830373897726 0.0001 0.2222777777777777
0 0.160068 0.107221428643693 0.0001 0.4341370744107156 0.5969955221040889 0.9935583910708118 0.334247971377107 0.89992 0.6666333333333333
1 0.3636636367272 0.1905380951417426 0.5 0.0886096247788216 0.126940298526394 0.0001 0.0872324483617725 0.8332666663334 0.0001
1 0.3064903226774 0.3971836877208314 0.9999 0.6928313181120309 0.7827316297181688 0.9935583910708118 0.6926461515181436 0.74995 0.0001
0 0.0244853659512 0.0303518851424466 0.0001 0.9637647420826126 0.3172007463159851 0.9934936808266296 0.9637647420826126 0.0001 0.0001
0 0.0162258061936 0.0414451127211006 0.0001 0.031718846640378 0.0668580519227549 0.0001 0.031718846640378 0.0001 0.6666333333333333
0 0.10008 0.0171034016771313 0.0001 0.5902473800637894 0.6161814503477434 0.0001 0.5902473800637894 0.0001 0.6666333333333333
0 0.1429285715714 0.1006089944895248 0.0001 0.3481298436835907 0.0001 0.0001 0.3481298436835907 0.9999 0.4444555555555555
0 0.029505882647 0.0660208790875263 0.0001 0.2946614509532635 0.0001 0.0001 0.2946614509532635 0.0001 0.2222777777777777
0 0.1923692304615999 0.0769434415798147 0.0001 0.9991877699670793 0.8679546737274111 0.9934936808266296 0.9985727523659522 0.0001 0.6666333333333333
0 0.3333666663334 0.1006089944895248 0.0001 0.1051982357038272 0.0001 0.0001 0.1051982357038272 0.6666333336666 0.4444555555555555
0 0.0488707319024 0.0845502264075178 0.0001 0.0263804280612079 0.1813004266474776 0.9935583910708118 0.0001049598016237 0.0001 0.6666333333333333
0 0.080084 0.1187398615809809 0.0001 0.8578992223778578 0.5320109296724792 0.9935583910708118 0.8578795483547645 0.9999 0.9999
0 0.045545454091 0.1568146827765493 0.0001 0.9862933425390764 0.0001 0.9935583910708118 0.9862277627287388 0.9090090908182 0.2222777777777777
0 0.0001 0.0141387059845284 0.0001 0.0001 0.6830862222490127 0.9935583910708118 0.0001 0.0001 0.6666333333333333
0 0.0031205437704 0.0514290177442296 0.0001 0.0001046291348501 0.0001 0.0001 0.0001046291348501 0.0001 0.4444555555555555
0 0.0770076923846 0.0556444446692672 0.0001 0.525043945106844 0.0001 0.9935583910708118 0.525043945106844 0.0001 0.6666333333333333
0 0.0103020411836 0.0047829042442598 0.0001 0.8138740495635514 0.8942201374235851 0.9935583910708118 0.8138740495635514 0.0001 0.6666333333333333
1 0.3333666663334 0.6205116070976919 0.9999 0.2981571255970505 0.0001 0.0001 0.2582257303272996 0.5 0.0001
0 0.0233511628372 0.0303518851424466 0.0001 0.8143518454531408 0.3172007463159851 0.9999 0.8143518454531408 0.0001 0.6666333333333333
0 0.25005 0.004515399005978 0.0001 0.0036049388128946 0.9002569568340085 0.9935583910708118 0.0036049388128946 0.0001 0.6666333333333333
0 0.0082950816558 0.0660208790875263 0.0001 0.199119353819041 0.0001 0.9935583910708118 0.199119353819041 0.0001 0.0001
0 0.0690517238966 0.0604620742845073 0.0001 0.8057763182486695 0.4531010659844927 0.9935583910708118 0.8057763182486695 0.0001 0.6666333333333333
0 0.9999 0.3560893942306415 0.5 0.000535912998112 0.0001 0.0001 0.0003777498908308 0.0001 0.2222777777777777
1 0.0902459012132 0.4333466665992198 0.5 0.9726643107263968 0.3552528358739034 0.0001 0.9721203839818404 0.89992 0.0001
0 0.09383125 0.0660208790875263 0.0001 0.9887738030947186 0.6830862222490127 0.9935583910708118 0.9863666375741642 0.0001 0.0001
0 0.0145898554491999 0.0387827379808193 0.0001 0.2860319167755801 0.6977216418951675 0.9935583910708118 0.2858583231188083 0.0001 0.0001
0 0.1212878785758 0.0604620742845073 0.5 0.0004422275119198 0.8608020262584182 0.9935583910708118 0.0004190817376789 0.0001 0.6666333333333333
0 0.125075 0.1568146827765493 0.0001 0.3036690334434818 0.0001 0.0001 0.3032871274185818 0.874925 0.0001
1 0.240052 0.2641164504047757 0.9999 0.2446549016661871 0.2307187248240624 0.0001 0.192542082623618 0.9999 0.2222777777777777
0 0.0834166663334 0.0198133183357039 0.0001 0.0561409958272016 0.5550263060529741 0.0001 0.0561409958272016 0.0001 0.6666333333333333
0 0.0770076923846 0.0171034016771313 0.0001 0.4415486974678799 0.6161814503477434 0.9935583910708118 0.4415486974678799 0.0001 0.0001
0 0.025095 0.0414451127211006 0.0001 0.9415364862465916 0.0668580519227549 0.9934936808266296 0.9415364862465916 0.0001 0.6666333333333333
1 0.3333666663334 0.2714742856275683 0.9999 0.0018590825419389 0.3552528358739034 0.0001 0.0003777498908308 0.8460846152308 0.0001
0 0.040092 0.0155409264963977 0.0001 0.0039931273065127 0.6514420741309764 0.9934936808266296 0.0039931273065127 0.0001 0.4444555555555555
0 0.0286657147142 0.0092747515289612 0.0001 0.0001181859726171 0.7928518657899629 0.9935583910708118 0.0001181859726171 0.0001 0.6666333333333333
1 0.115461538077 0.1327265306535388 0.5 0.4550162595055424 0.1813004266474776 0.9935583910708118 0.455003033334549 0.9165833336666 0.6666333333333333
0 0.0167633336666 0.0208331800964801 0.0001 0.8798065778589403 0.5320109296724792 0.9935583910708118 0.8798065778589403 0.0001 0.6666333333333333
0 0.0334266663334 0.0163004630706905 0.0001 0.863835960436034 0.6343014926319703 0.9870873626531236 0.863835960436034 0.0001 0.6666333333333333
0 0.0770076923846 0.024329847111694 0.0001 0.871073438691807 0.4531010659844927 0.0001 0.871073438691807 0.0001 0.2222777777777777
0 0.122026829756 0.325431745614218 0.0001 0.8133582283948598 0.0001 0.0001 0.81161567859166 0.9999 0.6666333333333333
0 0.0103020411836 0.1905380951417426 0.0001 0.0001462916484718 0.0001 0.0001 0.0001462916484718 0.8787121214242 0.0001
0 0.040092 0.0141387059845284 0.0001 0.0462064781782984 0.6830862222490127 0.9935583910708118 0.0462064781782984 0.0001 0.0001
0 0.0909909091818 0.1568146827765493 0.0001 0.5175954541542801 0.0001 0.9935583910708118 0.5175954541542801 0.8665933336666 0.9999
0 0.0271216215946 0.0556444446692672 0.0001 0.0002157290711845 0.0001 0.0001 0.0002157290711845 0.0001 0.0001
0 0.0513717945898 0.1006089944895248 0.0001 0.690159628971629 0.0001 0.0001 0.1598458530420142 0.9999 0.6666333333333333
0 0.0209291663333999 0.0893678570344604 0.0001 0.0001578645855872 0.0001 0.0001 0.0001578645855872 0.9999 0.0001
1 0.5 0.3061612241181501 0.5 0.9783003185028828 0.6161814503477434 0.9935583910708118 0.9712524155979914 0.8332666663334 0.0001
0 0.0466023256744 0.0303518851424466 0.0001 0.9893732799574272 0.7928518657899629 0.9935583910708118 0.9893593924528864 0.0001 0.4444555555555555
0 0.0031205437704 0.1327265306535388 0.0001 0.629658653596983 0.0001 0.9935583910708118 0.629658653596983 0.8481446431428 0.2222777777777777
0 0.05009 0.0556444446692672 0.0001 0.0031668214362853 0.0001 0.0001 0.0031668214362853 0.0001 0.0001
0 0.0625875 0.0171034016771313 0.0001 0.6097411223721975 0.6161814503477434 0.9988646350932188 0.6097411223721975 0.0001 0.6666333333333333
0 0.0667533336666 0.1327265306535388 0.0001 0.0001308610989812 0.0001 0.0001 0.0001308610989812 0.9090090908182 0.2222777777777777
0 0.0667533336666 0.1006089944895248 0.0001 0.1946174912801295 0.0001 0.0001 0.1946174912801295 0.9999 0.0001
0 0.025095 0.1568146827765493 0.0001 0.0001462916484718 0.0001 0.0001 0.0001462916484718 0.8665933336666 0.4444555555555555
0 0.0371296295926 0.0477095232795844 0.0001 0.9221303674335032 0.5969955221040889 0.9999 0.8725553223875445 0.0001 0.6666333333333333
0 0.0082950816558 0.0141387059845284 0.0001 0.9248670302451496 0.6830862222490127 0.9999 0.9248670302451496 0.0001 0.9999
0 0.1818818183635999 0.1438441392478743 0.0001 0.5632494315012633 0.0001 0.0001 0.563237858564148 0.7999400000000001 0.2222777777777777
0 0.10008 0.0801705627530441 0.0001 0.0003661769537154 0.0001 0.0001 0.0003661769537154 0.0001 0.6666333333333333
0 0.0770076923846 0.0477095232795844 0.0001 0.3951942283084831 0.0001 0.0001 0.3951942283084831 0.0001 0.6666333333333333
0 0.0385538456924 0.0256680774479604 0.0001 0.0369349230128719 0.4229009946651793 0.9988646350932188 0.0369349230128719 0.0001 0.6666333333333333
0 0.20006 0.0556444446692672 0.0001 0.7005735957439995 0.0001 0.0001 0.7005735957439995 0.0001 0.0001
0 0.0073449277246 0.0286657141700911 0.0001 0.0001231457742409 0.3552528358739034 0.0001 0.0001231457742409 0.0001 0.2222777777777777
0 0.0834166663334 0.024329847111694 0.0001 0.9707478366996416 0.8608020262584182 0.9935583910708118 0.9707478366996416 0.0001 0.4444555555555555
0 0.03134375 0.1006089944895248 0.0001 0.7482771356445906 0.0001 0.0001 0.7482771356445906 0.89992 0.4444555555555555
0 0.20006 0.1568146827765493 0.0001 0.2466840187742167 0.0001 0.0001 0.2466840187742167 0.5 0.0001
0 0.0909909091818 0.0845502264075178 0.0001 0.653062937662046 0.1813004266474776 0.93531912931243 0.4422122109959858 0.0001 0.2222777777777777
0 0.1081864863784 0.0761717392843895 0.0001 0.018325681827052 0.7721713821139808 0.9935583910708118 0.0135493760650453 0.0001 0.6666333333333333
0 0.3333666663334 0.0084316665486347 0.0001 0.7442914250411343 0.8118779105689221 0.9935583910708118 0.7442914250411343 0.0001 0.4444555555555555
0 0.1429285715714 0.0303518851424466 0.0001 0.3874089655957884 0.3172007463159851 0.0001 0.3874089655957884 0.0001 0.6666333333333333
0 0.1667333336665999 0.0256680774479604 0.0001 0.8907495920709859 0.4229009946651793 0.9935583910708118 0.8907495920709859 0.0001 0.6666333333333333
0 0.0385538456924 0.0303518851424466 0.0001 0.0001462916484718 0.3172007463159851 0.0001 0.0001462916484718 0.0001 0.2222777777777777
0 0.1053421053684 0.1327265306535388 0.0001 0.9902042149625048 0.0001 0.9999 0.990188012890539 0.74995 0.4444555555555555
0 0.1429285715714 0.0514290177442296 0.0001 0.0001115729371154 0.0001 0.0001 0.0001115729371154 0.0001 0.4444555555555555
1 0.3380605633662 0.5663132648209183 0.9999 0.9355800741653224 0.7249017053215078 0.9935583910708118 0.0885934227068559 0.9332466663334 0.4444555555555555
0 0.0358071431428 0.0604620742845073 0.0001 0.240806633152124 0.0001 0.0001 0.240806633152124 0.0001 0.6666333333333333
0 0.0228227275454 0.0363739231731992 0.0001 0.9905236272669672 0.1813004266474776 0.9935583910708118 0.9905236272669672 0.0001 0.4444555555555555
1 0.2353470591764 0.7975595237854357 0.9999 0.9805173576279262 0.0001 0.6764132533646445 0.978128378079989 0.9999 0.6666333333333333
0 0.5 0.2411232141953837 0.0001 0.4554593366837755 0.0001 0.0001 0.4554262712062971 0.9999 0.6666333333333333
0 0.0104072161444 0.0208331800964801 0.0001 0.0316494092176653 0.5320109296724792 0.9935583910708118 0.0316494092176653 0.0001 0.6666333333333333
0 0.0264105258421999 0.0801705627530441 0.0001 0.0002118714588093 0.0001 0.0001 0.0002118714588093 0.0001 0.2222777777777777
0 0.0228227275454 0.0188552665318994 0.0001 0.0291678463727844 0.5766468120601562 0.0001 0.0291678463727844 0.0001 0.6666333333333333
0 0.0572314284286 0.0534687402540796 0.0001 0.018325681827052 0.5320109296724792 0.0001 0.018325681827052 0.0001 0.6666333333333333
0 0.0909909091818 0.1568146827765493 0.0001 0.8779978972007737 0.0001 0.9999 0.0424105633035795 0.8665933336666 0.0001
0 0.1053421053684 0.325431745614218 0.0001 0.0278088559283525 0.0001 0.0001 0.0278088559283525 0.9090090908182 0.6666333333333333
0 0.032351613387 0.0120023810728217 0.0001 0.7144610891856543 0.9999 0.9935583910708118 0.7141023289349951 0.0001 0.2222777777777777
0 0.10008 0.0893678570344604 0.0001 0.9867138249876978 0.0001 0.9935583910708118 0.9867138249876978 0.9999 0.2222777777777777
1 0.375025 0.3560893942306415 0.9999 0.8934384752836744 0.5766468120601562 0.9935583910708118 0.493793447753589 0.9999 0.4444555555555555
0 0.1111888887778 0.0631385359687426 0.0001 0.1401305721944845 0.4229009946651793 0.5146375259247403 0.0179586552070233 0.0001 0.6666333333333333
0 0.0271216215946 0.0179535716092325 0.0001 0.6777650410182078 0.5969955221040889 0.9935583910708118 0.6777650410182078 0.0001 0.6666333333333333
0 0.05009 0.0286657141700911 0.0001 0.4473351530269068 0.3552528358739034 0.0001 0.4473351530269068 0.0001 0.2222777777777777
0 0.2941588234705999 0.2411232141953837 0.0001 0.9183063468829296 0.126940298526394 0.9935583910708118 0.918260055234458 0.74995 0.0001
0 0.5 0.3076825816907122 0.0001 0.0230490829050851 0.0668580519227549 0.9935583910708118 0.0229102079596696 0.6666333336666 0.0001
0 0.0197039214314 0.0495129151483229 0.0001 0.4980162376345854 0.5766468120601562 0.0001 0.49800466479746 0.0001 0.6666333333333333
1 0.5517137931724 0.3646450162768625 0.9999 0.7906802822451139 0.7375435962901706 0.9934936808266296 0.7819620224828518 0.9999 0.2222777777777777
0 0.0834166663334 0.0660208790875263 0.0001 0.9988885275358852 0.0001 0.9935583910708118 0.9988885275358852 0.0001 0.2222777777777777
0 0.0197039214314 0.0208331800964801 0.0001 0.999031260093676 0.9002569568340085 0.9935583910708118 0.999031260093676 0.0001 0.2222777777777777
1 0.5416583336666 0.5362030756788575 0.9999 0.2155330484201806 0.3172007463159851 0.0001 0.1335968371244168 0.874925 0.6666333333333333
0 0.0345758624482 0.0387827379808193 0.0001 0.7377689323413984 0.126940298526394 0.0001 0.7377689323413984 0.0001 0.0001
0 0.0001 0.0556444446692672 0.0001 0.820536739875797 0.0001 0.0001 0.820536739875797 0.0001 0.6666333333333333
1 0.954454545909 0.2381476194330294 0.9999 0.979482408722797 0.9999 0.9935583910708118 0.9794658759840578 0.9999 0.6666333333333333
0 0.0715142852858 0.0556444446692672 0.0001 0.5551153282411471 0.0001 0.9935583910708118 0.5551153282411471 0.0001 0.6666333333333333
0 0.0625875 0.0134901784539988 0.0001 0.628100168198422 0.6977216418951675 0.0001 0.628100168198422 0.0001 0.2222777777777777
0 0.20006 0.0893678570344604 0.0001 0.9394384827604786 0.0001 0.0001 0.9394384827604786 0.9999 0.6666333333333333
0 0.0606939397878 0.0514290177442296 0.0001 0.6432711525709334 0.5550263060529741 0.9935583910708118 0.6432711525709334 0.0001 0.6666333333333333
0 0.0228227275454 0.0163004630706905 0.0001 0.7338572882955051 0.6343014926319703 0.9355779702891592 0.7338572882955051 0.0001 0.0001
0 0.0001 0.03418409033426 0.0001 0.9935487862896208 0.2307187248240624 0.0001 0.9935487862896208 0.0001 0.4444555555555555
0 0.2222777775556 0.392878571356307 0.0001 0.0046666707267841 0.0001 0.0001 0.0045972333040713 0.6428285715713999 0.4444555555555555
0 0.125075 0.0660208790875263 0.0001 0.0001308610989812 0.0001 0.9935583910708118 0.0001308610989812 0.0001 0.2222777777777777
0 0.030396969394 0.024329847111694 0.0001 0.849655837698677 0.4531010659844927 0.9935583910708118 0.849655837698677 0.0001 0.0001
0 0.25005 0.0303518851424466 0.0001 0.981069550841842 0.3172007463159851 0.9935583910708118 0.981069550841842 0.0001 0.6666333333333333
0 0.0682681816364 0.1049325086618491 0.0001 0.0530460687150617 0.3903778420099519 0.9999 0.0529071937696462 0.9999 0.0001
0 0.0435695653478 0.1513754227502828 0.0001 0.6474385028226755 0.5320109296724792 0.9934936808266296 0.6472649091659035 0.9267439021464 0.2222777777777777
0 0.0228227275454 0.0188552665318994 0.0001 0.7580198735641149 0.5766468120601562 0.9999 0.7580198735641149 0.0001 0.6666333333333333
0 0.125075 0.0128732868569253 0.0001 0.9939865729994566 0.7116431383842602 0.9934936808266296 0.9939865729994566 0.0001 0.6666333333333333
0 0.0105145836665999 0.0122857710501887 0.0001 0.9689312202388888 0.7249017053215078 0.9934936808266296 0.9689312202388888 0.0001 0.6666333333333333
0 0.0104072161444 0.0604620742845073 0.0001 0.9820797006388624 0.0001 0.9935583910708118 0.9820797006388624 0.0001 0.6666333333333333
0 0.2308230771538 0.3675860118294864 0.0001 0.2785673891344322 0.0001 0.0001 0.0006687259526551 0.9999 0.6666333333333333
0 0.0099019612155999 0.0321846791057838 0.0001 0.0002157290711845 0.2758397789640208 0.9352544190682476 0.0002157290711845 0.0001 0.0001
0 0.0267613336666 0.0725061503460126 0.0001 0.9756269760286128 0.3172007463159851 0.0001 0.0002273020083 0.0001 0.2222777777777777
0 0.0909909091818 0.0278722218287824 0.0001 0.569461770266227 0.8208313440029749 0.8252469239691724 0.5693992765457895 0.0001 0.4444555555555555
0 0.10008 0.0208331800964801 0.0001 0.9647401731682766 0.5320109296724792 0.9935583910708118 0.9647401731682766 0.0001 0.6666333333333333
0 0.05009 0.107221428643693 0.0001 0.5814806242745583 0.0001 0.0001 0.581469051337443 0.9090090908182 0.2222777777777777
0 0.9999 0.1905380951417426 0.0001 0.0006786455559026 0.0001 0.0001 0.0004795914574749 0.9999 0.4444555555555555
0 0.0209291663333999 0.114660416561281 0.0001 0.1942340376107416 0.0001 0.0001 0.1942340376107416 0.9999 0.2222777777777777
0 0.0334266663334 0.0414451127211006 0.0001 0.5637956729132347 0.0668580519227549 0.0001 0.5637956729132347 0.0001 0.4444555555555555
0 0.03134375 0.0477095232795844 0.0001 0.4457380913046141 0.0001 0.0001 0.4457380913046141 0.0001 0.0001
0 0.20006 0.0037622705545669 0.0001 0.993194655173812 0.9172529277086646 0.9935583910708118 0.993194655173812 0.0001 0.4444555555555555
1 0.078345217826 0.1819278624126938 0.9999 0.6398422643162432 0.7827316297181688 0.9935583910708118 0.6398306913791278 0.877475509796 0.6666333333333333
1 0.59998 0.204990986010868 0.5 0.8080727144996632 0.0001 0.9935583910708118 0.8079850910043433 0.9999 0.6666333333333333
0 0.25005 0.2641164504047757 0.0001 0.6924626382581244 0.0001 0.0001 0.0005149715023784 0.9999 0.6666333333333333
0 0.0541432431892 0.2411232141953837 0.0001 0.4969978214681955 0.0001 0.0001 0.4969879018649479 0.6363363632728 0.6666333333333333
0 0.0518137931724 0.1778918153783323 0.0001 0.7357760769896754 0.0001 0.0001 0.7357320999086285 0.9999 0.4444555555555555
0 0.0236247061175999 0.2130203700518715 0.0001 0.8606223283517371 0.0001 0.9676095641562829 0.8606130699820469 0.9353967742258 0.4444555555555555
1 0.3043869564347999 0.325431745614218 0.5 0.199906311743072 0.1813004266474776 0.0001 0.1997905825718974 0.8332666663334 0.0001
0 0.2727727275454 0.114660416561281 0.5 0.9943596616103576 0.3172007463159851 0.9934936808266296 0.9928551831850088 0.7999400000000001 0.2222777777777777
0 0.0271216215946 0.0556444446692672 0.0001 0.0248043077346589 0.0001 0.9935583910708118 0.0248043077346589 0.0001 0.2222777777777777
0 0.25005 0.0286657141700911 0.0001 0.9906486147078422 0.3552528358739034 0.9935583910708118 0.9906486147078422 0.0001 0.0001
1 0.8332666663334 0.6205116070976919 0.9999 0.018281043512448 0.0001 0.0001 0.0179685749102608 0.9999 0.0001
0 0.5 0.0230839083134385 0.0001 0.2724221732247562 0.4812183739394952 0.9934936808266296 0.2724221732247562 0.0001 0.0001
0 0.125075 0.114660416561281 0.0001 0.0080197289011156 0.0001 0.9935583910708118 0.0079772948650189 0.89992 0.2222777777777777
0 0.095319047381 0.1327265306535388 0.0001 0.296354953584875 0.0001 0.0001 0.1410001938122115 0.9165833336666 0.0001
0 0.0371296295926 0.0321846791057838 0.0001 0.192592231884465 0.2758397789640208 0.9352544190682476 0.192592231884465 0.0001 0.0001
0 0.0435695653478 0.392878571356307 0.0001 0.1459104146180198 0.0001 0.0001 0.0001099196032475 0.8332666663334 0.6666333333333333
0 0.1042458336666 0.0477095232795844 0.0001 0.0834249605499382 0.9999 0.9935583910708118 0.0834095300004476 0.0001 0.2222777777777777
0 0.3529705877648 0.42178435410626 0.5 0.2144534611004575 0.0001 0.0001 0.0001231457742409 0.40002 0.2222777777777777
0 0.0834166663334 0.0363739231731992 0.0001 0.3528500483828058 0.1813004266474776 0.9935583910708118 0.3528500483828058 0.0001 0.2222777777777777
0 0.59998 0.42178435410626 0.0001 0.974477400141558 0.0001 0.0001 0.974431108493086 0.9999 0.2222777777777777
0 0.0435695653478 0.0725061503460126 0.0001 0.9979434064045832 0.0001 0.9935583910708118 0.9979434064045832 0.0001 0.2222777777777777
0 0.0556444448888 0.03418409033426 0.0001 0.9970407194093678 0.2307187248240624 0.9935583910708118 0.9970407194093678 0.0001 0.2222777777777777
0 0.25005 0.0514290177442296 0.0001 0.663520440659762 0.0001 0.0001 0.663520440659762 0.0001 0.6666333333333333
0 0.0286657147142 0.0208331800964801 0.0001 0.8918357924262107 0.5320109296724792 0.9935583910708118 0.8918357924262107 0.0001 0.6666333333333333
0 0.0105145836665999 0.0163004630706905 0.0001 0.9869915747785388 0.6343014926319703 0.9935583910708118 0.9869915747785388 0.0001 0.2222777777777777
0 0.0606939397878 0.1568146827765493 0.0001 0.0063030803952733 0.0001 0.9999 0.0063030803952733 0.8888111112222 0.0001
0 0.0271216215946 0.0286657141700911 0.0001 0.6622595443585269 0.3552528358739034 0.0001 0.6622595443585269 0.0001 0.2222777777777777
0 0.0413288655774 0.0761717392843895 0.0001 0.8241144226791502 0.7721713821139808 0.9935583910708118 0.8241144226791502 0.0001 0.0001
0 0.20006 0.0477095232795844 0.0001 0.9663894783409857 0.8208313440029749 0.8252469239691724 0.8698135343908926 0.0001 0.4444555555555555
0 0.0173379307242 0.03418409033426 0.0001 0.9848737320859308 0.2307187248240624 0.9935583910708118 0.9848737320859308 0.0001 0.0001
0 0.20006 0.0556444446692672 0.0001 0.2273754430596958 0.0001 0.0001 0.2273754430596958 0.0001 0.6666333333333333
1 0.0435695653478 0.325431745614218 0.9999 0.959495991119928 0.0001 0.0001 0.0194135355161446 0.877475509796 0.6666333333333333
0 0.9999 0.1096019046559168 0.0001 0.8103558845796633 0.3552528358739034 0.9676095641562829 0.8103558845796633 0.9999 0.6666333333333333
0 0.0909909091818 0.0303518851424466 0.0001 0.99072036679797 0.3172007463159851 0.9999 0.99072036679797 0.0001 0.9999
0 0.3333666663334 0.0303518851424466 0.0001 0.8410803104942056 0.3172007463159851 0.0001 0.8410803104942056 0.0001 0.0001
0 0.0682681816364 0.0604620742845073 0.0001 0.3234355658410971 0.7249017053215078 0.9999 0.3231115243017944 0.0001 0.0001
0 0.0358071431428 0.0660208790875263 0.0001 0.003277590805836 0.0001 0.0001 0.003277590805836 0.0001 0.6666333333333333
0 0.0001 0.1905380951417426 0.0001 0.0001162020719656 0.0001 0.0001 0.0001162020719656 0.9999 0.4444555555555555
0 0.1667333336665999 0.0387827379808193 0.0001 0.7785402984082826 0.126940298526394 0.0001 0.7785402984082826 0.0001 0.9999
0 0.0150223879254 0.114660416561281 0.0001 0.0002702870890259 0.0001 0.0001 0.0002702870890259 0.879924 0.6666333333333333
0 0.0117255814185999 0.0271092485015011 0.0001 0.4256127987563298 0.3903778420099519 0.0001 0.4256127987563298 0.0001 0.0001
0 0.1667333336665999 0.0414451127211006 0.0001 0.9759295250275526 0.8679546737274111 0.9934936808266296 0.9757889967482694 0.0001 0.6666333333333333
0 0.0351807014562 0.0631385359687426 0.0001 0.9864211955920056 0.4229009946651793 0.9352544190682476 0.9864211955920056 0.0001 0.6666333333333333
0 0.0134306663334 0.0893678570344604 0.0001 0.9887467997081024 0.0001 0.0001 0.9887467997081024 0.8918135136216 0.2222777777777777
0 0.0267613336666 0.0579701966879964 0.0001 0.9762287674587464 0.4812183739394952 0.5530754389652344 0.9762287674587464 0.0001 0.2222777777777777
0 0.9999 0.0495129151483229 0.0001 0.7289850926688091 0.5766468120601562 0.9999 0.7287767803006808 0.0001 0.0001
1 0.2353470591764 0.5663132648209183 0.9999 0.5505473348472687 0.0001 0.0001 0.0921773879789272 0.9999 0.6666333333333333
0 0.0556444448888 0.0122857710501887 0.0001 0.9527913076272874 0.7249017053215078 0.9935583910708118 0.9527913076272874 0.0001 0.4444555555555555
0 0.0358071431428 0.0163004630706905 0.0001 0.0117423486407566 0.6343014926319703 0.9355779702891592 0.0117423486407566 0.0001 0.0001
0 0.25005 0.0801705627530441 0.0001 0.0001308610989812 0.0001 0.9935583910708118 0.0001308610989812 0.0001 0.2222777777777777
0 0.0257358977948 0.0097232017615027 0.0001 0.9393343265264192 0.7827316297181688 0.9935583910708118 0.9393343265264192 0.0001 0.0001
0 0.0213723406808 0.046009183415382 0.0001 0.6465876183221849 0.6161814503477434 0.9935583910708118 0.6465677790156998 0.0001 0.6666333333333333
0 0.0667533336666 0.1327265306535388 0.0001 0.9949691682652416 0.0001 0.9935583910708118 0.9949691682652416 0.9999 0.2222777777777777
0 0.9999 0.0534687402540796 0.0001 0.0282337471339684 0.5320109296724792 0.9935583910708118 0.006985882185235 0.0001 0.0001
0 0.0223177775556 0.0801705627530441 0.0001 0.0001016532338779 0.0001 0.0001 0.0001016532338779 0.0001 0.6666333333333333
0 0.0001 0.0477095232795844 0.0001 0.0006246386826805 0.0001 0.0001 0.0006246386826805 0.0001 0.2222777777777777
0 0.0228227275454 0.1568146827765493 0.0001 0.1167734614892962 0.0001 0.0001 0.1167734614892962 0.8635636367272 0.4444555555555555
0 0.1667333336665999 0.0037622705545669 0.0001 0.5960192868847186 0.9172529277086646 0.9935583910708118 0.5960192868847186 0.0001 0.4444555555555555
0 0.0513717945898 0.1230912693996537 0.0001 0.0004356143764281 0.0001 0.0001 0.0002620207196563 0.74995 0.0001
1 0.9999 0.2130203700518715 0.9999 0.7622671319864366 0.4229009946651793 0.9934936808266296 0.762239026410572 0.9999 0.6666333333333333
0 0.0556444448888 0.107221428643693 0.0001 0.0326132673662138 0.0001 0.0001 0.0326132673662138 0.8181181816364 0.6666333333333333
0 0.125075 0.0725061503460126 0.0001 0.3779594080165957 0.3172007463159851 0.0001 0.3778706824320172 0.0001 0.2222777777777777
1 0.59998 0.5400352808706709 0.5 0.0001727439904585 0.0001 0.0001 0.0001099196032475 0.3333666663334 0.6666333333333333
0 0.120076 0.0396401132572785 0.0001 0.7492724060367396 0.8815325826790495 0.9935583910708118 0.4168074665433773 0.0001 0.6666333333333333
0 0.0534226663334 0.0725061503460126 0.0001 0.5455274468611582 0.7928518657899629 0.93531912931243 0.5454811552126865 0.0001 0.2222777777777777
0 0.5 0.2772554423798994 0.0001 0.0001181859726171 0.0001 0.0001 0.0001 0.9999 0.6666333333333333
0 0.25005 0.021368188549639 0.0001 0.7115976203158734 0.8942201374235851 0.9935583910708118 0.7115926604142597 0.0001 0.6666333333333333
0 0.3333666663334 0.0801705627530441 0.0001 0.0001501492608469 0.2307187248240624 0.9951114379310516 0.000127003486606 0.0001 0.2222777777777777
0 0.0385538456924 0.0271092485015011 0.0001 0.606404817314461 0.3903778420099519 0.0001 0.606404817314461 0.0001 0.6666333333333333
0 0.0556444448888 0.0444033072142027 0.0001 0.9058770403181422 0.0001 0.0001 0.9058770403181422 0.0001 0.0001
0 0.021834782174 0.1568146827765493 0.0001 0.8966650029721808 0.0001 0.0001 0.3505591630780553 0.9031451608388 0.6666333333333333
0 0.0001 0.114660416561281 0.0001 0.004358831359437 0.0001 0.0001 0.004358831359437 0.9999 0.0001
0 0.0083628101073999 0.1568146827765493 0.0001 0.0001033065677458 0.0001 0.9935583910708118 0.0001033065677458 0.8181181816364 0.6666333333333333
0 0.3333666663334 0.0072863435755817 0.0001 0.6220580063335563 0.8377246122879141 0.9935583910708118 0.6220580063335563 0.0001 0.6666333333333333
1 0.0527210526842 0.2917083332490248 0.5 0.855567942032126 0.0001 0.0001 0.6805458462942826 0.7930448273104 0.6666333333333333
0 0.40002 0.1905380951417426 0.0001 0.0008715273745402 0.0001 0.0001 0.0008715273745402 0.9999 0.2222777777777777
1 0.1765352938824 0.4551371798892663 0.9999 0.1093559969191053 0.0001 0.9935583910708118 0.1092441254602959 0.9229923076154 0.2222777777777777
0 0.010098 0.0128732868569253 0.0001 0.0008329510508087 0.7116431383842602 0.9935583910708118 0.0008329510508087 0.0001 0.2222777777777777
0 0.3529705877648 0.8553710882736395 0.5 0.2124405328657198 0.0001 0.0001 0.0563766278501663 0.9999 0.4444555555555555
0 0.0150223879254 0.0477095232795844 0.0001 0.5890338777002646 0.0001 0.0001 0.5890338777002646 0.0001 0.0001
0 0.0001 0.0188552665318994 0.0001 0.024745341059813 0.5766468120601562 0.0001 0.024745341059813 0.0001 0.6666333333333333
0 0.0770076923846 0.0219210312923715 0.0001 0.6556707003259784 0.5074611941055762 0.9935583910708118 0.6556707003259784 0.0001 0.4444555555555555
0 0.021834782174 0.0387827379808193 0.0001 0.9599804001450092 0.126940298526394 0.9999 0.9599804001450092 0.0001 0.0001
0 0.0625875 0.2411232141953837 0.0001 0.0001964409093187 0.0001 0.0001 0.0001347187113563 0.9090090908182 0.2222777777777777
0 0.0606939397878 0.392878571356307 0.0001 0.0001710907565806 0.0001 0.0001 0.0001165327387392 0.7367947365790001 0.6666333333333333
0 0.0909909091818 0.114660416561281 0.0001 0.0698777107195519 0.0001 0.0001 0.0698777107195519 0.8332666663334 0.4444555555555555
0 0.0477095241904 0.024329847111694 0.0001 0.0002890242062624 0.4531010659844927 0.9935583910708118 0.0002890242062624 0.0001 0.2222777777777777
1 0.7332866663334 0.4518945432483208 0.9999 0.2689040082408683 0.3172007463159851 0.9934936808266296 0.1490665128834928 0.9999 0.0001
0 0.25005 0.2772554423798994 0.0001 0.1702526556342638 0.0001 0.0001 0.1702333674723981 0.9999 0.2222777777777777
0 0.0426446803618 0.2772554423798994 0.5 0.6346542936196039 0.0001 0.9935583910708118 0.6345192762865637 0.8063903226774001 0.2222777777777777
0 0.045545454091 0.1438441392478743 0.0001 0.2720132637132502 0.0001 0.0001 0.1307504520380044 0.8635636367272 0.2222777777777777
0 0.10008 0.0163004630706905 0.0001 0.5282529480562907 0.6343014926319703 0.9935583910708118 0.5282529480562907 0.0001 0.2222777777777777
0 0.0715142852858 0.0134901784539988 0.0001 0.8511255974126697 0.6977216418951675 0.9935583910708118 0.8511255974126697 0.0001 0.4444555555555555
0 0.125075 0.0101911485106298 0.0001 0.7958186548255255 0.7721713821139808 0.9993176078023596 0.7958186548255255 0.0001 0.0001
0 0.1875625 0.5952190475708713 0.0001 0.9722906710708664 0.0001 0.0001 0.0813038112895843 0.7142428568572 0.6666333333333333
0 0.0228227275454 0.1568146827765493 0.0001 0.3422376888455546 0.0001 0.9999 0.3422376888455546 0.8635636367272 0.2222777777777777
1 0.0121821750816 0.4940488094635891 0.5 0.0028774987083289 0.0001 0.0001 0.0027501967000289 0.8481446431428 0.0001
0 0.125075 0.107221428643693 0.0001 0.4307627441738668 0.0001 0.0001 0.4306007234542104 0.9999 0.0001
0 0.0087939128695999 0.024329847111694 0.0001 0.0180032936216172 0.4531010659844927 0.5146375259247403 0.0180032936216172 0.0001 0.0001
0 0.0121821750816 0.1187398615809809 0.0001 0.0544417617715014 0.5320109296724792 0.9935583910708118 0.0360570350257753 0.8481446431428 0.4444555555555555
0 0.10008 0.1327265306535388 0.0001 0.8962020864874627 0.0001 0.0001 0.8962020864874627 0.9999 0.2222777777777777
0 0.1364363632728 0.0749149661653351 0.5 0.7594532613328733 0.6161814503477434 0.9988646350932188 0.7594020098827776 0.0001 0.6666333333333333
0 0.0186148152962 0.024329847111694 0.0001 0.963723050371925 0.4531010659844927 0.93531912931243 0.963723050371925 0.0001 0.6666333333333333
0 0.10008 0.1327265306535388 0.0001 0.0084093502507559 0.0001 0.0001 0.008235756593984 0.874925 0.2222777777777777
0 0.0527210526842 0.0117255813247649 0.0001 0.7404075560043221 0.7375435962901706 0.9934936808266296 0.7404075560043221 0.0001 0.6666333333333333
0 0.0870391306956 0.069133809413004 0.0001 0.0417300761810328 0.3552528358739034 0.9935583910708118 0.0417300761810328 0.0001 0.4444555555555555
0 0.0099019612155999 0.0208331800964801 0.0001 0.0002967395310026 0.5320109296724792 0.9935583910708118 0.0002967395310026 0.0001 0.6666333333333333
0 0.0597895527014 0.1438441392478743 0.0001 0.0815236965948279 0.3903778420099519 0.0001 0.050347927132683 0.8063903226774001 0.6666333333333333
0 0.125075 0.2917083332490248 0.0001 0.96892240282489 0.0001 0.9935583910708118 0.8383568187590889 0.9090090908182 0.2222777777777777
0 0.0572314284286 0.0761717392843895 0.0001 0.0294882506775676 0.2758397789640208 0.0001 0.0153530969215882 0.0001 0.4444555555555555
0 0.0931046513488 0.392878571356307 0.0001 0.011064176085635 0.0001 0.0001 0.0014331993360023 0.8665933336666 0.4444555555555555
0 0.1177235295882 0.0604620742845073 0.0001 0.77503370636151 0.4531010659844927 0.9935583910708118 0.77503370636151 0.0001 0.0001
0 0.05009 0.0117255813247649 0.0001 0.9992820064979008 0.7375435962901706 0.9934936808266296 0.9992820064979008 0.0001 0.6666333333333333
0 0.1667333336665999 0.0556444446692672 0.0001 0.822683239388879 0.0001 0.9935583910708118 0.822683239388879 0.0001 0.2222777777777777
0 0.0345758624482 0.1568146827765493 0.0001 0.9488472595374526 0.0001 0.0001 0.8606269574865874 0.74995 0.0001
0 0.0770076923846 0.0928564860742567 0.0001 0.2587082735398633 0.4812183739394952 0.9934936808266296 0.1844449023533655 0.9999 0.0001
1 0.0909909091818 0.4940488094635891 0.5 0.1565789855069804 0.0001 0.0001 0.1565789855069804 0.9374125 0.6666333333333333
0 0.0770076923846 0.325431745614218 0.0001 0.0583448087812516 0.0001 0.0001 0.0583216629070207 0.8234647061175999 0.6666333333333333
0 0.20006 0.0059467838623865 0.0001 0.0004356143764281 0.8679546737274111 0.9935583910708118 0.0004356143764281 0.0001 0.0001
1 0.4091090908182 0.3675860118294864 0.9999 0.9020596329030603 0.3172007463159851 0.9999 0.9020100346868426 0.7777222224444 0.6666333333333333
0 0.10008 0.392878571356307 0.0001 0.172628960055837 0.0001 0.0001 0.0001578645855872 0.6666333336666 0.2222777777777777
0 0.0572314284286 0.1905380951417426 0.0001 0.134920557712873 0.0001 0.0001 0.1348896966138918 0.9999 0.2222777777777777
0 0.045545454091 0.114660416561281 0.0001 0.2421435799115736 0.0001 0.0001 0.2421435799115736 0.9999 0.2222777777777777
0 0.05009 0.0312487835841248 0.0001 0.9457506791914349 0.7827316297181688 0.9935583910708118 0.9365783203584536 0.0001 0.6666333333333333
1 0.1334066663333999 0.2579849208838315 0.9999 0.2024573120106656 0.0001 0.0001 0.2024457390735501 0.9999 0.6666333333333333
0 0.0909909091818 0.024329847111694 0.0001 0.9349944848071542 0.4531010659844927 0.5146375259247403 0.9349944848071542 0.0001 0.0001
0 0.5 0.1500699998988297 0.0001 0.020649632609281 0.3552528358739034 0.0001 0.0205686222494528 0.6666333336666 0.2222777777777777
0 0.9999 0.3675860118294864 0.0001 0.2706663973505531 0.0001 0.0001 0.0108809933923992 0.9999 0.6666333333333333
0 0.25005 0.0444033072142027 0.0001 0.0001694374227127 0.0001 0.0001 0.0001694374227127 0.0001 0.0001
0 0.0811648647838 0.325431745614218 0.0001 0.9386939587725543 0.0001 0.0001 0.9034737324099628 0.74995 0.2222777777777777
0 0.125075 0.0256680774479604 0.0001 0.9908387412033433 0.4229009946651793 0.9612032459827768 0.9908387412033433 0.0001 0.6666333333333333
0 0.0572314284286 0.1327265306535388 0.0001 0.3366856095356763 0.0001 0.0001 0.2708498318184897 0.9165833336666 0.2222777777777777
1 0.5333266663334 0.4940488094635891 0.9999 0.2848994247718834 0.0001 0.0001 0.2848994247718834 0.59998 0.6666333333333333
0 0.0173379307242 0.0321846791057838 0.0001 0.6910408234264814 0.2758397789640208 0.0001 0.6910408234264814 0.0001 0.6666333333333333
0 0.0082950816558 0.0363739231731992 0.0001 0.0228506901402044 0.1813004266474776 0.9935583910708118 0.0228506901402044 0.0001 0.6666333333333333
0 0.5 0.0631385359687426 0.0001 0.9807699777438746 0.4229009946651793 0.9935583910708118 0.9807699777438746 0.0001 0.4444555555555555
0 0.40002 0.0801705627530441 0.0001 0.9893293028763804 0.2307187248240624 0.0001 0.9893293028763804 0.0001 0.0001
0 0.3333666663334 0.0122857710501887 0.0001 0.0194350280565076 0.7249017053215078 0.9934936808266296 0.0194350280565076 0.0001 0.6666333333333333
1 0.3333666663334 0.2290791381338784 0.9999 0.0381980236926042 0.1813004266474776 0.0001 0.0379897112244861 0.874925 0.2222777777777777
0 0.0213723406808 0.1905380951417426 0.0001 0.0477109566036474 0.0001 0.0001 0.0474794984612783 0.8063903226774001 0.0001
1 0.9999 0.2411232141953837 0.9999 0.988935823914365 0.126940298526394 0.9999 0.988935823914365 0.9999 0.0001
0 0.0247864197284 0.0387827379808193 0.0001 0.950749074637182 0.6977216418951675 0.0001 0.950749074637182 0.0001 0.2222777777777777
1 0.8124375 0.4417193758900499 0.9999 0.3998283525573285 0.4812183739394952 0.0001 0.3998090643954627 0.9999 0.2222777777777777
0 0.095319047381 0.0631385359687426 0.0001 0.6360384137389283 0.4229009946651793 0.5469926710127753 0.6360384137389283 0.0001 0.4444555555555555
0 0.0976414638048 0.6626658733129602 0.0001 0.425545014567495 0.0001 0.0001 0.4100521929341881 0.9999 0.6666333333333333
0 0.3333666663334 0.1230912693996537 0.0001 0.331768061866094 0.0001 0.0001 0.2670986341504474 0.5 0.0001
1 0.2059411765293999 0.202801154183631 0.9999 0.3059141782443799 0.5766468120601562 0.9999 0.1880407712293258 0.9999 0.6666333333333333
0 0.0770076923846 0.0774654759616387 0.0001 0.2038063828518499 0.5969955221040889 0.9935583910708118 0.1969899380893275 0.0001 0.0001
0 0.0385538456924 0.0198133183357039 0.0001 0.0001033065677458 0.5550263060529741 0.0001 0.0001033065677458 0.0001 0.6666333333333333
0 0.1111888887778 0.0230839083134385 0.0001 0.9801519843417654 0.4812183739394952 0.9999 0.9801519843417654 0.0001 0.4444555555555555
0 0.0556444448888 0.0556444446692672 0.0001 0.0001231457742409 0.0001 0.0001 0.0001231457742409 0.0001 0.2222777777777777
0 0.0909909091818 0.046009183415382 0.0001 0.0097595231811988 0.6161814503477434 0.9935583910708118 0.0097055163079767 0.0001 0.2222777777777777
0 0.25005 0.0271092485015011 0.0001 0.6429173521218982 0.3903778420099519 0.9935583910708118 0.6429173521218982 0.0001 0.0001
0 0.0082950816558 0.0053451173744458 0.0001 0.6831150325344933 0.8815325826790495 0.9935583910708118 0.6831150325344933 0.0001 0.6666333333333333
0 0.125075 0.069133809413004 0.0001 0.0005320553857369 0.3552528358739034 0.0001 0.0004780484125248 0.0001 0.2222777777777777
1 0.0817163264694 0.6626658733129602 0.9999 0.9045924470980468 0.0001 0.0001 0.9038286349482568 0.9258407408148 0.0001
0 0.2083916663334 0.2081329188085039 0.0001 0.4390125766051575 0.2758397789640208 0.9935583910708118 0.4389778578938011 0.9999 0.6666333333333333
0 0.0909909091818 0.2994906595685703 0.0001 0.3148137469881539 0.0001 0.0001 0.0001 0.8635636367272 0.0001
0 0.125075 0.0707855683405697 0.0001 0.9603893096565153 0.8025590312087699 0.9935583910708118 0.9603893096565153 0.0001 0.2222777777777777
0 0.0186148152962 0.0514290177442296 0.0001 0.2939516456766957 0.0001 0.0001 0.2939516456766957 0.0001 0.2222777777777777
0 0.20006 0.1905380951417426 0.0001 0.4353456170726065 0.0001 0.0001 0.2249246311248682 0.9999 0.4444555555555555
0 0.115461538077 0.0702275416348366 0.5 0.0047638832585679 0.6514420741309764 0.6764132533646445 0.0047137338977309 0.0001 0.2222777777777777
0 0.125075 0.325431745614218 0.0001 0.3350987456886696 0.0001 0.8252469239691724 0.335033937400807 0.874925 0.4444555555555555
0 0.0834166663334 0.0348915748210466 0.0001 0.7750915708471074 0.9172529277086646 0.9935583910708118 0.2055862965006147 0.0001 0.4444555555555555
0 0.1429285715714 0.0230839083134385 0.0001 0.8775928453016428 0.4812183739394952 0.9935583910708118 0.8775928453016428 0.0001 0.0001
0 0.280044 0.121818688430895 0.5 0.1897661269602392 0.8377246122879141 0.9999 0.1570286757207152 0.7999400000000001 0.4444555555555555
0 0.10008 0.1905380951417426 0.0001 0.0850798868578181 0.0001 0.0001 0.0850749270561943 0.9999 0.6666333333333333
0 0.25005 0.0303518851424466 0.0001 0.99556710198301 0.3172007463159851 0.0001 0.99556710198301 0.0001 0.0001
0 0.3333666663334 0.0321846791057838 0.0001 0.5774995428059523 0.2758397789640208 0.9935583910708118 0.5774995428059523 0.0001 0.2222777777777777
0 0.1667333336665999 0.1568146827765493 0.0001 0.1513425186833821 0.0001 0.0001 0.1513425187833721 0.6666333336666 0.2222777777777777
0 0.0702614039122 0.1568146827765493 0.0001 0.34798556808085 0.3172007463159851 0.9935583910708118 0.3479469916571285 0.7930448273104 0.2222777777777777
0 0.10008 0.0444033072142027 0.0001 0.0161284820084936 0.0001 0.9999 0.0161284820084936 0.0001 0.0001
0 0.2222777775556 0.392878571356307 0.0001 0.0773128102177306 0.0001 0.0001 0.0773128102177306 0.8332666663334 0.6666333333333333
0 0.0186148152962 0.0134901784539988 0.0001 0.9680571347697036 0.6977216418951675 0.9935583910708118 0.9680571347697036 0.0001 0.9999
0 0.1111888887778 0.2411232141953837 0.0001 0.0001763812249779 0.0001 0.0001 0.0001231457742409 0.9165833336666 0.4444555555555555
0 0.0870391306956 0.2994906595685703 0.0001 0.2037392598965723 0.0001 0.0001 0.009737920451908 0.9410882357058 0.4444555555555555
0 0.010967391087 0.03418409033426 0.0001 0.3637208696490223 0.2307187248240624 0.9935583910708118 0.3637208696490223 0.0001 0.2222777777777777
0 0.1667333336665999 0.1327265306535388 0.0001 0.0047098762853558 0.0001 0.0001 0.0047098762853558 0.9999 0.2222777777777777
1 0.0653043475218 0.5572802082806404 0.9999 0.837214958196774 0.0001 0.0001 0.0374434698125147 0.8655985076716001 0.4444555555555555
0 0.30004 0.1096019046559168 0.0001 0.973208237570943 0.8118779105689221 0.9935583910708118 0.973155002220196 0.874925 0.4444555555555555
0 0.0667533336666 0.0208331800964801 0.0001 0.3382836108635545 0.5320109296724792 0.0001 0.3382836108635545 0.0001 0.6666333333333333
0 0.1739782603914 0.1809028338878574 0.0001 0.5497785628958549 0.1813004266474776 0.9935583910708118 0.0197739490006816 0.8665933336666 0.0001
0 0.029505882647 0.0379534738667206 0.5 0.000119839306485 0.8942201374235851 0.9935583910708118 0.0001066131354916 0.0001 0.6666333333333333
0 0.9999 0.0363739231731992 0.0001 0.8838074986340316 0.7249017053215078 0.9999 0.8795949589230664 0.0001 0.0001
0 0.080084 0.114660416561281 0.0001 0.007342327868469 0.0001 0.0001 0.007342327868469 0.9999 0.4444555555555555
0 0.0118623530587999 0.0122857710501887 0.0001 0.9073468000321347 0.7249017053215078 0.9934936808266296 0.9073468000321347 0.0001 0.6666333333333333
0 0.015481538077 0.0256680774479604 0.0001 0.9760227695580534 0.4229009946651793 0.5469926710127753 0.9760227695580534 0.0001 0.4444555555555555
0 0.0527210526842 0.0303518851424466 0.0001 0.7753461749636974 0.3172007463159851 0.0001 0.7753461749636974 0.0001 0.0001
0 0.0193269228462 0.0015094926285844 0.0001 0.8937850013636607 0.968091752245745 0.9935583910708118 0.8937850013636607 0.0001 0.6666333333333333
0 0.0278722224443999 0.0117255813247649 0.0001 0.0125200482950871 0.7375435962901706 0.9935583910708118 0.0125200482950871 0.0001 0.4444555555555555
0 0.0082950816558 0.0188552665318994 0.0001 0.8204987145966948 0.5766468120601562 0.9935583910708118 0.8204987145966948 0.0001 0.6666333333333333
0 0.0174878257392 0.2411232141953837 0.0001 0.9856074546592144 0.0001 0.0001 0.820362484885478 0.9267439021464 0.4444555555555555
0 0.0271216215946 0.0893678570344604 0.0001 0.3941229073581296 0.0001 0.0001 0.3941229073581296 0.7777222224444 0.2222777777777777
0 0.015481538077 0.0725061503460126 0.0001 0.9619064632082284 0.0001 0.0001 0.9619064632082284 0.0001 0.6666333333333333
0 0.032351613387 0.325431745614218 0.0001 0.2026722375142854 0.0001 0.0001 0.2021746023182109 0.74995 0.2222777777777777
0 0.018964151415 0.1327265306535388 0.0001 0.7608651564612787 0.0001 0.0001 0.7608651564612787 0.8570714284286001 0.6666333333333333
0 0.1818818183635999 0.0400797920301761 0.0001 0.945805237209276 0.6830862222490127 0.9934936808266296 0.945805237209276 0.0001 0.6666333333333333
0 0.0682681816364 0.1201587994629951 0.0001 0.0085505397635964 0.2758397789640208 0.0001 0.0085250793219404 0.9999 0.4444555555555555
0 0.0741592591852 0.114660416561281 0.0001 0.4086965090575021 0.0001 0.0001 0.4086965090575021 0.9999 0.6666333333333333
0 0.20006 0.1905380951417426 0.0001 0.6334854295706831 0.0001 0.0001 0.6334854295706831 0.74995 0.6666333333333333
0 0.0001 0.0893678570344604 0.0001 0.0001810103598281 0.0001 0.0001 0.0001810103598281 0.0001 0.0001
0 0.045545454091 0.03418409033426 0.0001 0.0876854451432532 0.7496108550440016 0.0001 0.0463403933220901 0.0001 0.6666333333333333
0 0.0556444448888 0.1905380951417426 0.0001 0.6816429168572352 0.0001 0.8058338367163784 0.6816429168572352 0.6428285715713999 0.6666333333333333
1 0.20006 0.1667333329960992 0.5 0.0004124686021872 0.0001 0.0001 0.00039428262957 0.9999 0.6666333333333333
0 0.160068 0.0567876106928437 0.0001 0.4251366561006183 0.8815325826790495 0.9935583910708118 0.4251234299296249 0.0001 0.6666333333333333
0 0.0164901643114 0.1327265306535388 0.0001 0.4003607064647593 0.0001 0.0001 0.366204085727781 0.89992 0.6666333333333333
0 0.0635793645874 0.0761717392843895 0.5 0.7574197354678494 0.7721713821139808 0.9935583910708118 0.7502908222031296 0.0001 0.0001
0 0.0378283018302 0.2772554423798994 0.0001 0.6278973666765468 0.0001 0.0001 0.3469781737069562 0.8570714284286001 0.6666333333333333
1 0.4444555551112 0.1721435065789099 0.9999 0.3505277509344447 0.2307187248240624 0.0001 0.3504202881326398 0.9999 0.6666333333333333
0 0.015481538077 0.0179535716092325 0.0001 0.9154230387066636 0.5969955221040889 0.9999 0.9154230387066636 0.0001 0.6666333333333333
0 0.20006 0.0477095232795844 0.0001 0.025699279605114 0.0001 0.0001 0.025699279605114 0.0001 0.2222777777777777
0 0.032351613387 0.0414451127211006 0.0001 0.044667281041593 0.0668580519227549 0.0001 0.044667281041593 0.0001 0.4444555555555555
0 0.0385538456924 0.0230839083134385 0.0001 0.6139426401906767 0.4812183739394952 0.5530754389652344 0.6139426401906767 0.0001 0.2222777777777777
0 0.25005 0.0444033072142027 0.0001 0.9670514488241416 0.0001 0.0001 0.9670514488241416 0.0001 0.0001
0 0.0031205437704 0.0171034016771313 0.0001 0.8296446209876992 0.6161814503477434 0.9988646350932188 0.8296446209876992 0.0001 0.6666333333333333
0 0.0909909091818 0.0179535716092325 0.0001 0.5979764314247747 0.5969955221040889 0.9999 0.5979764314247747 0.0001 0.6666333333333333
1 0.125075 0.1513754227502828 0.5 0.0239286241260596 0.5320109296724792 0.9935583910708118 0.0239137447211883 0.9090090908182 0.6666333333333333
0 0.0625875 0.0604620742845073 0.0001 0.3320309322520635 0.0001 0.0001 0.3320309322520635 0.0001 0.6666333333333333
0 0.011333707809 0.0188552665318994 0.0001 0.0002157290711845 0.5766468120601562 0.9999 0.0002157290711845 0.0001 0.0001
0 0.03134375 0.0171034016771313 0.0001 0.9185378051252888 0.6161814503477434 0.9934936808266296 0.9185378051252888 0.0001 0.0001
0 0.0257358977948 0.0444033072142027 0.0001 0.0161284820084936 0.0001 0.0001 0.0161284820084936 0.0001 0.0001
1 0.9999 0.1187398615809809 0.5 0.6657060675412049 0.9002569568340085 0.9999 0.6605395893849286 0.9999 0.6666333333333333
0 0.0870391306956 0.0477095232795844 0.0001 0.6883889734925746 0.5969955221040889 0.9999 0.6883807071232049 0.0001 0.6666333333333333
0 0.025095 0.004515399005978 0.0001 0.958113303756636 0.9002569568340085 0.9935583910708118 0.958113303756636 0.0001 0.2222777777777777
0 0.0589117642942 0.1905380951417426 0.0001 0.0001081010859777 0.0001 0.0001 0.0001081010859777 0.5 0.9999
1 0.1923692304615999 0.1755499115310893 0.5 0.3477849709374721 0.4229009946651793 0.0001 0.3053305728868534 0.7691769228462 0.6666333333333333
1 0.1270587301745999 0.7239811685224026 0.9999 0.03694120548159 0.0001 0.0001 0.0368023305361745 0.809461905238 0.4444555555555555
0 0.0417583336666 0.0660208790875263 0.0001 0.0001810103598281 0.0001 0.9935583910708118 0.0001810103598281 0.0001 0.0001
0 0.0001 0.1568146827765493 0.0001 0.0021484052698953 0.0001 0.0001 0.0021484052698953 0.9999 0.0001
1 0.6666333336666 0.1975153532213351 0.5 0.9985367109875016 0.4812183739394952 0.9999 0.9985181943481108 0.9999 0.4444555555555555
0 0.0589117642942 0.0725061503460126 0.0001 0.0001617221979624 0.0001 0.0001 0.0001617221979624 0.0001 0.2222777777777777
0 0.0271216215946 0.0122857710501887 0.0001 0.9768454382937516 0.7249017053215078 0.9934936808266296 0.9768454382937516 0.0001 0.6666333333333333
0 0.0770076923846 0.0001 0.0001 0.6125682191967541 0.9999 0.9935583910708118 0.6125682191967541 0.0001 0.6666333333333333
0 0.10008 0.0106798938373071 0.0001 0.9157222811378576 0.7611417911583644 0.9612032459827768 0.9157222811378576 0.0001 0.6666333333333333
0 0.0233511628372 0.1230912693996537 0.0001 0.28641382290047 0.0001 0.0001 0.2862980938292855 0.8570714284286001 0.0001
0 0.0085016803278 0.0660208790875263 0.0001 0.3140267889641331 0.0001 0.9935583910708118 0.3140267889641331 0.0001 0.0001
0 0.0173379307242 0.0893678570344604 0.0001 0.8186442933346856 0.0001 0.0001 0.8186442933346856 0.8517814816296 0.2222777777777777
0 0.0331512394298 0.1038207479035858 0.0001 0.6987913674278197 0.6161814503477434 0.9934936808266296 0.6987913674278197 0.8181181816364 0.0001
0 0.0205040813674 0.0088446060276005 0.0001 0.5463876999202669 0.8025590312087699 0.9935583910708118 0.5463876999202669 0.0001 0.6666333333333333
0 0.125075 0.0604620742845073 0.0001 0.0002388749454154 0.0001 0.0001 0.0002388749454154 0.0001 0.2222777777777777
0 0.6666333336666 0.1327265306535388 0.0001 0.860773547756743 0.4531010659844927 0.9935583910708118 0.1922103257595751 0.9999 0.2222777777777777
0 0.0667533336666 0.0148213653182882 0.0001 0.9039261781468142 0.6676805179591463 0.9935583910708118 0.9039261781468142 0.0001 0.6666333333333333
0 0.5 0.0830447171527553 0.5 0.4324871080044494 0.5550263060529741 0.9935583910708118 0.4322556497620903 0.0001 0.0001
0 0.0167633336666 0.0363739231731992 0.0001 0.9573186305078648 0.1813004266474776 0.9935583910708118 0.9573186305078648 0.0001 0.0001
0 0.0811648647838 0.0893678570344604 0.0001 0.7207035174271341 0.5074611941055762 0.0001 0.7206687987157777 0.74995 0.4444555555555555
0 0.1111888887778 0.2411232141953837 0.0001 0.8244191760565872 0.0001 0.9935583910708118 0.0003237429176187 0.8460846152308 0.2222777777777777
0 0.0435695653478 0.0477095232795844 0.0001 0.4748224704161378 0.0001 0.0001 0.4748224704161378 0.0001 0.6666333333333333
0 0.0589117642942 0.0179535716092325 0.0001 0.9193131902121944 0.5969955221040889 0.9935583910708118 0.9193131902121944 0.0001 0.2222777777777777
0 0.3333666663334 0.0179535716092325 0.0001 0.4691285980540644 0.5969955221040889 0.6764132533646445 0.4691285980540644 0.0001 0.6666333333333333
0 0.0073449277246 0.0106798938373071 0.0001 0.0001138875045405 0.7611417911583644 0.9935583910708118 0.0001138875045405 0.0001 0.4444555555555555
0 0.0667533336666 0.1905380951417426 0.0001 0.0016121937500893 0.0001 0.0001 0.0005320553857369 0.6363363632728 0.2222777777777777
0 0.0001 0.1006089944895248 0.0001 0.1424798731294516 0.0001 0.0001 0.1424798731294516 0.9999 0.6666333333333333
0 0.1613580649354 0.4940488094635891 0.0001 0.9253029983377256 0.0001 0.0001 0.0643147777002879 0.8570714284286001 0.6666333333333333
0 0.0909909091818 0.0604620742845073 0.0001 0.7623117704010304 0.0001 0.0001 0.7623117704010304 0.0001 0.6666333333333333
0 0.0103020411836 0.0286657141700911 0.0001 0.9850774153192088 0.3552528358739034 0.9935583910708118 0.9850774153192088 0.0001 0.4444555555555555
0 0.0082950816558 0.114660416561281 0.0001 0.630650066276767 0.0001 0.0001 0.630650066276767 0.89992 0.6666333333333333
0 0.09383125 0.0527743664184493 0.0001 0.9976849447756082 0.7827316297181688 0.93531912931243 0.9966688431766432 0.0001 0.4444555555555555
0 0.0031205437704 0.0477095232795844 0.0001 0.1105336783820251 0.0001 0.0001 0.1105336783820251 0.0001 0.6666333333333333
0 0.0435695653478 0.0065922074900109 0.0001 0.3215756336328448 0.85338928134167 0.9935583910708118 0.3215756336328448 0.0001 0.6666333333333333
0 0.1053421053684 0.2411232141953837 0.0001 0.0072867778503068 0.0001 0.0001 0.0072867778503068 0.7142428568572 0.2222777777777777
1 0.74995 0.2521199789871096 0.9999 0.1776168847537177 0.2758397789640208 0.9352544190682476 0.1753485941785787 0.9999 0.0001
0 0.0193269228462 0.1006089944895248 0.0001 0.0952144505054799 0.0001 0.0001 0.0952144505054799 0.7599480000000001 0.6666333333333333
0 0.0248884293224 0.0444033072142027 0.0001 0.0631029285706411 0.8457019905987614 0.9999 0.0630764761286644 0.0001 0.6666333333333333
0 0.0001 0.114660416561281 0.0001 0.3163105101887526 0.0001 0.93531912931243 0.3163105101887526 0.9999 0.2222777777777777
0 0.0715142852858 0.1568146827765493 0.0001 0.0284023809891165 0.0001 0.0001 0.0002339151437916 0.89992 0.6666333333333333
0 0.0031205437704 0.0477095232795844 0.0001 0.3894243053882054 0.0001 0.9935583910708118 0.3894243053882054 0.0001 0.2222777777777777
0 0.0001 0.114660416561281 0.0001 0.6093443368424363 0.0001 0.0001 0.6093443368424363 0.9999 0.2222777777777777
1 0.240052 0.6626658733129602 0.9999 0.848129866732965 0.0001 0.0001 0.0578273342786921 0.9999 0.6666333333333333
0 0.5 0.1414858589741887 0.0001 0.7275483984322948 0.5766468120601562 0.9935583910708118 0.7130640734621203 0.74995 0.6666333333333333
0 0.0173379307242 0.0106798938373071 0.0001 0.7452951821805086 0.7611417911583644 0.9935583910708118 0.7452951821805086 0.0001 0.2222777777777777
0 0.0589117642942 0.1528933557102849 0.0001 0.1325982602645119 0.7375435962901706 0.9935583910708118 0.0001462916484718 0.7575242428484 0.0001
0 0.1500699999999999 0.3675860118294864 0.0001 0.6118292061550731 0.0001 0.0001 0.2696248353099322 0.74995 0.6666333333333333
0 0.2222777775556 0.0208331800964801 0.0001 0.3012932801665279 0.9002569568340085 0.9935583910708118 0.3012866670310362 0.0001 0.6666333333333333
0 0.5555444448888 0.2411232141953837 0.0001 0.2818144173629811 0.126940298526394 0.0001 0.1873993012862121 0.6666333336666 0.6666333333333333
0 0.1111888887778 0.0477095232795844 0.0001 0.9145335778824416 0.0001 0.0001 0.9145335778824416 0.0001 0.4444555555555555
1 0.8964724136552 0.5600293992256464 0.9999 0.865232976159568 0.7721713821139808 0.9935583910708118 0.8582545106773892 0.5 0.0001
1 0.4375124999999999 0.8734372023658974 0.9999 0.0011399087067529 0.0001 0.0001 0.0001760505582044 0.8332666663334 0.6666333333333333
0 0.1667333336665999 0.0725061503460126 0.0001 0.6380567294323175 0.0001 0.9935583910708118 0.6380567294323175 0.0001 0.0001
0 0.0124432098642 0.1006089944895248 0.0001 0.3431056572294036 0.0001 0.0001 0.3431056572294036 0.8856371431428001 0.2222777777777777
1 0.6666333336666 0.1721435065789099 0.9999 0.038712191527428 0.85338928134167 0.9935583910708118 0.033879674513702 0.5 0.6666333333333333
0 0.125075 0.0321846791057838 0.0001 0.2689469933215942 0.2758397789640208 0.0001 0.2689469933215942 0.0001 0.6666333333333333
0 0.05009 0.0514290177442296 0.0001 0.8588678750446384 0.0001 0.0001 0.8588678750446384 0.0001 0.2222777777777777
0 0.0527210526842 0.0477095232795844 0.0001 0.5257411398505573 0.0001 0.9935583910708118 0.5257411398505573 0.0001 0.2222777777777777
0 0.045545454091 0.1399529760881015 0.0001 0.6436299128215925 0.126940298526394 0.0001 0.6435737015698731 0.7142428568572 0.6666333333333333
0 0.0926740744814 0.114660416561281 0.0001 0.0773422384606896 0.6977216418951675 0.9935583910708118 0.0773271936724365 0.9999 0.9999
1 0.1270587301745999 0.1641458586298982 0.9999 0.4969366504148523 0.7721713821139808 0.9935583910708118 0.4967862025323215 0.809461905238 0.0001
0 0.0834166663334 0.0725061503460126 0.0001 0.5088405468744742 0.0001 0.0001 0.5088405468744742 0.0001 0.4444555555555555
0 0.0682681816364 0.0640752975076399 0.0001 0.9418996551542552 0.6977216418951675 0.0001 0.9418996551542552 0.0001 0.2222777777777777
0 0.0527210526842 0.107221428643693 0.0001 0.0071864793286129 0.0001 0.9935583910708118 0.007113184193535 0.7999400000000001 0.2222777777777777
0 0.0770076923846 0.0286657141700911 0.0001 0.0057938722620833 0.3552528358739034 0.9935583910708118 0.0057938722620833 0.0001 0.0001
0 0.0228227275454 0.1006089944895248 0.0001 0.1491144577658426 0.0001 0.6764779636088267 0.1491144577658426 0.89992 0.6666333333333333
0 0.025095 0.1905380951417426 0.0001 0.000204156234059 0.0001 0.0001 0.0001231457742409 0.954454545909 0.0001
0 0.20006 0.1230912693996537 0.0001 0.1765422573356083 0.0001 0.93531912931243 0.0337209602618015 0.9999 0.6666333333333333
0 0.045545454091 0.0208331800964801 0.0001 0.7839960993925053 0.5320109296724792 0.0001 0.7839960993925053 0.0001 0.6666333333333333
1 0.3182181816364 0.325431745614218 0.9999 0.9528167680689432 0.1813004266474776 0.9999 0.9526811996912736 0.9999 0.6666333333333333
1 0.125075 0.2705331666865159 0.9999 0.9875536876956922 0.7375435962901706 0.9934936808266296 0.9439783704785024 0.9999 0.6666333333333333
1 0.20006 0.2130203700518715 0.5 0.250260048343692 0.0001 0.0001 0.2145344714602857 0.74995 0.0001
0 0.0107361703404 0.0163004630706905 0.0001 0.0001231457742409 0.6343014926319703 0.9355779702891592 0.0001231457742409 0.0001 0.0001
0 0.0770076923846 0.0725061503460126 0.0001 0.8589257395302357 0.0001 0.0001 0.8589257395302357 0.0001 0.0001
0 0.05009 0.0414451127211006 0.0001 0.3402394328365062 0.0668580519227549 0.0001 0.3402394328365062 0.0001 0.6666333333333333
0 0.0834166663334 0.0514290177442296 0.0001 0.8759412255615087 0.0001 0.0001 0.8759412255615087 0.0001 0.6666333333333333
0 0.0073449277246 0.0088446060276005 0.0001 0.8758387226613176 0.8025590312087699 0.9935583910708118 0.8758387226613176 0.0001 0.6666333333333333
0 0.0130844155974 0.0303518851424466 0.0001 0.1538775373568558 0.3172007463159851 0.0001 0.1538775373568558 0.0001 0.6666333333333333
0 0.1539153847692 0.1201587994629951 0.0001 0.6037893394257784 0.7721713821139808 0.9935583910708118 0.6036041728318912 0.9999 0.0001
0 0.0286657147142 0.0893678570344604 0.0001 0.6990972228945153 0.0001 0.0001 0.6990972228945153 0.9165833336666 0.6666333333333333
0 0.1429285715714 0.024329847111694 0.0001 0.2128371112162991 0.4531010659844927 0.9935583910708118 0.2128371112162991 0.0001 0.2222777777777777
0 0.10008 0.0604620742845073 0.0001 0.1099533795922445 0.0001 0.0001 0.1099533795922445 0.0001 0.6666333333333333
0 0.0556444448888 0.0069328486934205 0.0001 0.6301788835226692 0.8457019905987614 0.9999 0.6301788835226692 0.0001 0.6666333333333333
0 0.1429285715714 0.0053451173744458 0.0001 0.3885778296447093 0.8815325826790495 0.9935583910708118 0.3885778296447093 0.0001 0.6666333333333333
1 0.1429285715714 0.1905380951417426 0.9999 0.651023019139376 0.3552528358739034 0.0001 0.4038395236024408 0.9165833336666 0.4444555555555555
1 0.0667533336666 0.1049325086618491 0.5 0.7058276973955956 0.3903778420099519 0.9999 0.7056656766759394 0.7272272724546001 0.0001
0 0.0371296295926 0.0801705627530441 0.0001 0.95044046364737 0.0001 0.0001 0.95044046364737 0.0001 0.2222777777777777
1 0.2069551726896 0.2521199789871096 0.5 0.459220532847138 0.2758397789640208 0.0001 0.1842250170481219 0.8234647061175999 0.0001
0 0.0186148152962 0.1006089944895248 0.0001 0.3644499630874558 0.0001 0.0001 0.3644499630874558 0.8063903226774001 0.0001
1 0.5 0.1648440668175528 0.5 0.950361657666039 0.9061021319689854 0.9870873626531236 0.9503566977644252 0.9999 0.6666333333333333
0 0.0556444448888 0.0321846791057838 0.0001 0.9943172275742612 0.2758397789640208 0.9352544190682476 0.9943172275742612 0.0001 0.0001
0 0.10008 0.0084316665486347 0.0001 0.006017615279692 0.8118779105689221 0.0001 0.006017615279692 0.0001 0.2222777777777777
0 0.1818818183635999 0.2772554423798994 0.0001 0.0101353673152164 0.0001 0.0001 0.0001148795048612 0.9999 0.6666333333333333
0 0.25005 0.2772554423798994 0.0001 0.985213204174724 0.0001 0.0001 0.9793688840301096 0.9999 0.2222777777777777
0 0.1667333336665999 0.0059467838623865 0.0001 0.8807059583863999 0.8679546737274111 0.9935583910708118 0.8807059583863999 0.0001 0.0001
0 0.0770076923846 0.1006089944895248 0.0001 0.1285338538686525 0.0001 0.0001 0.1285130225618467 0.7999400000000001 0.4444555555555555
1 0.0413288655774 0.2011875941028675 0.5 0.1301266170228786 0.0668580519227549 0.9935583910708118 0.130073712338905 0.74995 0.6666333333333333
0 0.030396969394 0.0042563870091852 0.0001 0.0060418632431816 0.9061021319689854 0.9935583910708118 0.0060418632431816 0.0001 0.6666333333333333
0 0.0417583336666 0.0141387059845284 0.0001 0.1383301578056975 0.6830862222490127 0.9934936808266296 0.1383301578056975 0.0001 0.6666333333333333
0 0.0001 0.0556444446692672 0.0001 0.1551422912704661 0.0001 0.0001 0.1551422912704661 0.0001 0.0001
0 0.0435695653478 0.0387827379808193 0.0001 0.2838562094973847 0.126940298526394 0.0001 0.2838562094973847 0.0001 0.2222777777777777
0 0.05009 0.114660416561281 0.0001 0.9969813117788304 0.0001 0.0001 0.9969813117788304 0.9165833336666 0.4444555555555555
0 0.3333666663334 0.0801705627530441 0.0001 0.0097672385059391 0.0001 0.0001 0.0097672385059391 0.0001 0.2222777777777777
0 0.065660655246 0.0660208790875263 0.0001 0.9170217537628244 0.8294404136369463 0.9934936808266296 0.9169430579704212 0.0001 0.4444555555555555
0 0.0589117642942 0.1006089944895248 0.0001 0.6969744203002934 0.0001 0.0001 0.6969744203002934 0.9999 0.6666333333333333
0 0.122026829756 0.4480623380565073 0.0001 0.2923375001710345 0.0001 0.0001 0.2665381745671619 0.9443555551112 0.6666333333333333
0 0.0082950816558 0.0801705627530441 0.0001 0.9976155072529056 0.0001 0.9935583910708118 0.9976155072529056 0.0001 0.0001
0 0.0073449277246 0.0303518851424466 0.0001 0.0001925832969436 0.3172007463159851 0.9935583910708118 0.0001925832969436 0.0001 0.0001
0 0.0606939397878 0.0203151550911922 0.0001 0.8551017190796519 0.9061021319689854 0.9870873626531236 0.8550868395747908 0.0001 0.6666333333333333
1 0.1364363632728 0.1905380951417426 0.5 0.8771206705472243 0.0001 0.0001 0.8771067830426836 0.9999 0.4444555555555555
0 0.025095 0.114660416561281 0.0001 0.3059527546681014 0.0001 0.9999 0.3059527546681014 0.9999 0.2222777777777777
0 0.125075 0.0286657141700911 0.0001 0.118807207732176 0.3552528358739034 0.0001 0.118807207732176 0.0001 0.2222777777777777
0 0.022567415618 0.0375489547866724 0.0001 0.5905003308465114 0.7116431383842602 0.9934936808266296 0.5904904112432638 0.0001 0.6666333333333333
0 0.0228227275454 0.0477095232795844 0.0001 0.0001115729371154 0.0001 0.9935583910708118 0.0001115729371154 0.0001 0.6666333333333333
0 0.0082950816558 0.0134901784539988 0.0001 0.0743517982493823 0.6977216418951675 0.9935583910708118 0.0743517982493823 0.0001 0.0001
0 0.0770076923846 0.0198133183357039 0.0001 0.9010974279883898 0.5550263060529741 0.0001 0.9010974279883898 0.0001 0.6666333333333333
1 0.74995 0.0622246227164196 0.5 0.9416257629757894 0.7116431383842602 0.9935583910708118 0.9414020199581806 0.0001 0.2222777777777777
0 0.0462446152308 0.0423959612039519 0.0001 0.1301818363742671 0.8608020262584182 0.9935583910708118 0.1301702634371517 0.0001 0.4444555555555555
0 0.0909909091818 0.0801705627530441 0.0001 0.7298144846289365 0.0001 0.0001 0.7298144846289365 0.0001 0.2222777777777777
0 0.0286657147142 0.0893678570344604 0.0001 0.100997599596751 0.0001 0.0001 0.100997599596751 0.7618523810476 0.6666333333333333
0 0.9999 0.1027299637824916 0.0001 0.0754627977127159 0.8377246122879141 0.9999 0.0373601448852614 0.9999 0.4444555555555555
0 0.0286657147142 0.0801705627530441 0.0001 0.2134427601588178 0.0001 0.0001 0.2134427601588178 0.0001 0.2222777777777777
0 0.1765352938824 0.0556444446692672 0.0001 0.6800763167740627 0.7611417911583644 0.9935583910708118 0.677654271748647 0.0001 0.6666333333333333
0 0.0527210526842 0.0134901784539988 0.0001 0.9684286252411908 0.6977216418951675 0.9935583910708118 0.9684286252411908 0.0001 0.0001
0 0.0001 0.0179535716092325 0.0001 0.9908354346355972 0.5969955221040889 0.9935583910708118 0.9908354346355972 0.0001 0.6666333333333333
0 0.9999 0.107221428643693 0.0001 0.000890815636396 0.0001 0.0001 0.000890815636396 0.0001 0.2222777777777777
0 0.0417583336666 0.0801705627530441 0.0001 0.1258142197459108 0.0001 0.0001 0.1258142197459108 0.0001 0.4444555555555555
0 0.1579631580526 0.2917083332490248 0.0001 0.2304047903614982 0.0001 0.0001 0.2303276376140451 0.9999 0.2222777777777777
0 0.0105145836665999 0.024329847111694 0.0001 0.9714805672726046 0.4531010659844927 0.9935583910708118 0.9714805672726046 0.0001 0.6666333333333333
0 0.0137027209116 0.0631385359687426 0.0001 0.316931589680762 0.4229009946651793 0.9352544190682476 0.2633341314193391 0.0001 0.6666333333333333
0 0.0213723406808 0.0631385359687426 0.0001 0.5790150431237874 0.4229009946651793 0.9352544190682476 0.5790051235205398 0.0001 0.6666333333333333
0 0.1818818183635999 0.1721435065789099 0.0001 0.0047962874024991 0.0001 0.0001 0.0047569394563026 0.59998 0.4444555555555555
0 0.080084 0.0414451127211006 0.0001 0.1416548899263185 0.6676805179591463 0.9935583910708118 0.1416482767908269 0.0001 0.6666333333333333
0 0.20006 0.6626658733129602 0.5 0.7462325879870705 0.0001 0.0001 0.1046805408234119 0.8570714284286001 0.2222777777777777
1 0.5 0.2641164504047757 0.5 0.7392224899834254 0.0001 0.9935583910708118 0.73921091704631 0.9999 0.4444555555555555
0 0.40002 0.0725061503460126 0.0001 0.3982505789969016 0.3172007463159851 0.0001 0.398134849925717 0.0001 0.2222777777777777
0 0.011333707809 0.0556444446692672 0.0001 0.9531107200317398 0.0001 0.0001 0.9531107200317398 0.0001 0.4444555555555555
0 0.0556444448888 0.1568146827765493 0.0001 0.0001099196032475 0.0001 0.0001 0.0001099196032475 0.6428285715713999 0.6666333333333333
0 0.0572314284286 0.0312487835841248 0.0001 0.9785119374387568 0.7827316297181688 0.9935583910708118 0.9785119374387568 0.0001 0.6666333333333333
0 0.0223177775556 0.0219210312923715 0.0001 0.5713782442929822 0.5074611941055762 0.0001 0.5713782442929822 0.0001 0.4444555555555555
0 0.0834166663334 0.114660416561281 0.0001 0.8971593316005094 0.0001 0.0001 0.8971593316005094 0.9999 0.6666333333333333
0 0.0001 0.1905380951417426 0.0001 0.0003281516746132 0.0001 0.0001 0.0003281516746132 0.0001 0.6666333333333333
0 0.3333666663334 0.0208331800964801 0.0001 0.2291543649081198 0.5320109296724792 0.0001 0.2291543649081198 0.0001 0.6666333333333333
1 0.1064617024042 0.6626658733129602 0.9999 0.9883965262046688 0.0001 0.0001 0.9883363470516564 0.884538461923 0.4444555555555555
1 0.5555444448888 0.2857571427126139 0.9999 0.0225838518529418 0.0001 0.0001 0.0007272517717996 0.74995 0.4444555555555555
0 0.0001 0.0414451127211006 0.0001 0.9835478071189772 0.0668580519227549 0.0001 0.9835478071189772 0.0001 0.6666333333333333
0 0.1364363632728 0.0348915748210466 0.0001 0.7244971177344278 0.9172529277086646 0.9935583910708118 0.7244809156624622 0.0001 0.4444555555555555
0 0.025095 0.0660208790875263 0.0001 0.287891297839213 0.0001 0.0001 0.287891297939203 0.0001 0.2222777777777777
0 0.0261817396086 0.1568146827765493 0.0001 0.0009988294828302 0.0001 0.0001 0.0009332495725026 0.877475509796 0.2222777777777777
0 0.032880327623 0.2130203700518715 0.0001 0.8640525392735217 0.0001 0.0001 0.5513918266901133 0.8332666663334 0.4444555555555555
0 0.2222777775556 0.0845502264075178 0.0001 0.9614418934896324 0.1813004266474776 0.9934936808266296 0.9602763360084572 0.0001 0.6666333333333333
0 0.015481538077 0.0271092485015011 0.0001 0.9432888797606648 0.3903778420099519 0.0001 0.9432888797606648 0.0001 0.6666333333333333
0 0.0286657147142 0.0660208790875263 0.0001 0.1005363364459008 0.0001 0.0001 0.1005363364459008 0.0001 0.6666333333333333
1 0.3055944448888 0.6428285718621581 0.9999 0.5030008558647102 0.0001 0.0001 0.5029568787836635 0.8181181816364 0.4444555555555555
1 0.3478565217826 0.2879612870934358 0.9999 0.8165506986055671 0.8457019905987614 0.9999 0.0234078431557441 0.8332666663334 0.6666333333333333
0 0.0174878257392 0.0534687402540796 0.0001 0.1441728247164337 0.5320109296724792 0.9935583910708118 0.1441662115809421 0.0001 0.6666333333333333
0 0.5 0.0171034016771313 0.0001 0.9337131982547948 0.6161814503477434 0.9935583910708118 0.9337131982547948 0.0001 0.6666333333333333
0 0.045545454091 0.2130203700518715 0.0001 0.3223940038004763 0.0001 0.0001 0.3223477121520045 0.9229923076154 0.0001
0 0.0589117642942 0.0604620742845073 0.0001 0.2283178086678813 0.0001 0.0001 0.2283178086678813 0.0001 0.2222777777777777
0 0.0589117642942 0.1905380951417426 0.0001 0.71209360217808 0.0001 0.0001 0.71209360217808 0.6999599999999999 0.6666333333333333
0 0.74995 0.1778918153783323 0.0001 0.0233114022464254 0.0001 0.0001 0.0233114022464254 0.5 0.2222777777777777
0 0.0118623530587999 0.0171034016771313 0.0001 0.0001848679722033 0.6161814503477434 0.9935583910708118 0.0001848679722033 0.0001 0.2222777777777777
0 0.3333666663334 0.1568146827765493 0.0001 0.0408898828062648 0.0001 0.0001 0.0408829390039996 0.6666333336666 0.4444555555555555
0 0.0061410875408 0.1568146827765493 0.0001 0.8742112406957452 0.0001 0.0001 0.2858953564975797 0.8481446431428 0.4444555555555555
1 0.25005 0.3816374339012425 0.5 0.3650385282466061 0.0001 0.0001 0.3650385282466061 0.9999 0.6666333333333333
0 0.075085 0.0622246227164196 0.0001 0.9525109126022476 0.7116431383842602 0.9934936808266296 0.9524943798635084 0.0001 0.6666333333333333
0 0.25005 0.0801705627530441 0.0001 0.3741976608086039 0.2307187248240624 0.0001 0.3738884987741624 0.0001 0.6666333333333333
0 0.0105145836665999 0.0256680774479604 0.0001 0.9920720828733528 0.4229009946651793 0.9612032459827768 0.9920720828733528 0.0001 0.6666333333333333
0 0.0667533336666 0.0414451127211006 0.0001 0.0057508871813573 0.0668580519227549 0.9934936808266296 0.0057508871813573 0.0001 0.6666333333333333
0 0.0173379307242 0.0363739231731992 0.0001 0.9312233690405444 0.1813004266474776 0.9935583910708118 0.9312233690405444 0.0001 0.6666333333333333
0 0.05009 0.03418409033426 0.0001 0.0137345426589326 0.2307187248240624 0.9935583910708118 0.0137345426589326 0.0001 0.6666333333333333
0 0.0130844155974 0.0363739231731992 0.0001 0.1567906044428544 0.1813004266474776 0.9935583910708118 0.1567906044428544 0.0001 0.6666333333333333
0 0.1111888887778 0.0477095232795844 0.0001 0.5450992490877964 0.0001 0.0001 0.5450992490877964 0.0001 0.2222777777777777
0 0.20006 0.114660416561281 0.0001 0.5073406975839754 0.0001 0.0001 0.5073406975839754 0.9999 0.2222777777777777
0 0.0345758624482 0.0286657141700911 0.0001 0.674168070052989 0.8118779105689221 0.0001 0.6741487817911331 0.0001 0.2222777777777777
0 0.020096 0.0171034016771313 0.0001 0.7358709748540441 0.6161814503477434 0.9934936808266296 0.7358709748540441 0.0001 0.0001
0 0.017640351228 0.0893678570344604 0.0001 0.0161979194312064 0.0001 0.0001 0.0161979194312064 0.7930448273104 0.6666333333333333
0 0.0286657147142 0.0080349203779803 0.0001 0.7809011722803653 0.8208313440029749 0.8252469239691724 0.7809011722803653 0.0001 0.4444555555555555
0 0.0141816900986 0.0414451127211006 0.0001 0.2546809004227853 0.0668580519227549 0.0001 0.2546809004227853 0.0001 0.4444555555555555
0 0.375025 0.2641164504047757 0.0001 0.6244431282691184 0.0001 0.0001 0.6244238401072528 0.9999 0.2222777777777777
0 0.0164901643114 0.0271092485015011 0.0001 0.9949930856619476 0.8294404136369463 0.9934936808266296 0.9949930856619476 0.0001 0.4444555555555555
1 0.25005 0.259629965142694 0.9999 0.9711521170762972 0.7116431383842602 0.9935583910708118 0.971040245517498 0.9090090908182 0.2222777777777777
0 0.3125375 0.0684914583255108 0.0001 0.9896731836221782 0.9061021319689854 0.9935583910708118 0.9896450780463136 0.0001 0.6666333333333333
0 0.030396969394 0.1006089944895248 0.0001 0.6733541086423519 0.0001 0.0001 0.6733541086423519 0.8665933336666 0.4444555555555555
1 0.5714142852858 0.1840109829078822 0.5 0.9796047509294732 0.9002569568340085 0.9935583910708118 0.872862831188108 0.74995 0.6666333333333333
0 0.30004 0.2917083332490248 0.0001 0.0103288001784833 0.0001 0.0001 0.0072487525712046 0.5 0.6666333333333333
0 0.20006 0.0286657141700911 0.0001 0.0001077152247503 0.3552528358739034 0.0001 0.0001077152247503 0.0001 0.2222777777777777
0 0.0205040813674 0.0587815061199382 0.0001 0.9875933662086724 0.7375435962901706 0.9935583910708118 0.9874197725519004 0.0001 0.0001
0 0.384638461923 0.1989689479801153 0.0001 0.3391014298865666 0.3172007463159851 0.0001 0.3390744264999505 0.8332666663334 0.2222777777777777
0 0.1334066663333999 0.1568146827765493 0.0001 0.3079906891901299 0.0001 0.0001 0.3079824228207603 0.9090090908182 0.6666333333333333
0 0.030706122551 0.0541782086892355 0.5 0.4894721226737145 0.7721713821139808 0.9935583910708118 0.4891365081972963 0.0001 0.0001
0 0.040092 0.0514290177442296 0.0001 0.0827190129857355 0.0001 0.0001 0.0827190129857355 0.0001 0.2222777777777777
0 0.0286657147142 0.0660208790875263 0.0001 0.0006571530155397 0.0001 0.0001 0.0006571530155397 0.0001 0.6666333333333333
0 0.125075 0.0893678570344604 0.0001 0.4266725467695678 0.0001 0.0001 0.4266725467695678 0.9999 0.6666333333333333
0 0.0520376623896 0.325431745614218 0.0001 0.0132699729403365 0.0001 0.0001 0.0131195250578056 0.7741387092904 0.0001
0 0.0589117642942 0.0198133183357039 0.0001 0.7090642548762776 0.5550263060529741 0.9935583910708118 0.7090642548762776 0.0001 0.2222777777777777
0 0.1667333336665999 0.114660416561281 0.0001 0.0296489488301197 0.0001 0.0001 0.0296489488301197 0.9999 0.6666333333333333
0 0.0031205437704 0.0271092485015011 0.0001 0.3475535126951131 0.3903778420099519 0.9935583910708118 0.3475535126951131 0.0001 0.0001
0 0.0271216215946 0.0801705627530441 0.0001 0.4165941943736254 0.0001 0.0001 0.4165941943736254 0.0001 0.6666333333333333
0 0.0228227275454 0.0188552665318994 0.0001 0.980733936365424 0.5766468120601562 0.9935583910708118 0.980733936365424 0.0001 0.6666333333333333
0 0.0164901643114 0.0120023810728217 0.0001 0.0044315753498956 0.9999 0.9934936808266296 0.0044117360434105 0.0001 0.6666333333333333
0 0.0589117642942 0.0414451127211006 0.0001 0.9923961243126658 0.0668580519227549 0.9935583910708118 0.9923961243126658 0.0001 0.0001
0 0.25005 0.1006089944895248 0.0001 0.9946412691135638 0.0001 0.0001 0.6468868607533789 0.9999 0.0001
0 0.0031205437704 0.0514290177442296 0.0001 0.8027739744334731 0.0001 0.0001 0.8027739744334731 0.0001 0.6666333333333333
0 0.030396969394 0.1568146827765493 0.0001 0.0001810103598281 0.0001 0.0001 0.0001810103598281 0.8665933336666 0.0001
0 0.05009 0.0725061503460126 0.0001 0.0048217477441652 0.0001 0.0001 0.0048217477441652 0.0001 0.0001
0 0.0099019612155999 0.0134901784539988 0.0001 0.0001347187113563 0.6977216418951675 0.9935583910708118 0.0001347187113563 0.0001 0.0001
0 0.0001 0.0725061503460126 0.0001 0.2360848854079588 0.0001 0.0001 0.2360848854079588 0.0001 0.6666333333333333
0 0.0001 0.0171034016771313 0.0001 0.9818300564238862 0.6161814503477434 0.9935583910708118 0.9818300564238862 0.0001 0.0001
0 0.25005 0.0303518851424466 0.0001 0.0148967935723618 0.3172007463159851 0.0001 0.0148967935723618 0.0001 0.6666333333333333
0 0.0099019612155999 0.1568146827765493 0.0001 0.0001347187113563 0.0001 0.0001 0.0001347187113563 0.8888111112222 0.0001
1 0.20006 0.3400940993443207 0.9999 0.9627849022399544 0.2758397789640208 0.9935583910708118 0.9627116071048764 0.9999 0.2222777777777777
0 0.20006 0.0725061503460126 0.0001 0.976261171602678 0.0001 0.0001 0.976261171602678 0.0001 0.4444555555555555
0 0.2273272724546 0.0697865203328793 0.0001 0.9677612541007092 0.9002569568340085 0.9935583910708118 0.9677612541007092 0.0001 0.2222777777777777
0 0.0061410875408 0.0331621687474359 0.0001 0.0150637741936319 0.7611417911583644 0.9935583910708118 0.0001138875045405 0.0001 0.4444555555555555
0 0.0001 0.0188552665318994 0.0001 0.9097123030390676 0.5766468120601562 0.9935583910708118 0.9097123030390676 0.0001 0.4444555555555555
0 0.0104072161444 0.0256680774479604 0.0001 0.1310822089020474 0.4229009946651793 0.9934936808266296 0.1310822089020474 0.0001 0.6666333333333333
0 0.0173379307242 0.114660416561281 0.0001 0.0807747639498992 0.0001 0.0001 0.0807747639498992 0.9999 0.0001
0 0.25005 0.0188552665318994 0.0001 0.0154175746426672 0.5766468120601562 0.93531912931243 0.0154175746426672 0.0001 0.6666333333333333
0 0.0061410875408 0.0946926065150229 0.0001 0.8716999189411316 0.0668580519227549 0.0001 0.8716883460040161 0.8481446431428 0.4444555555555555
0 0.20006 0.0059467838623865 0.0001 0.9495846193452556 0.8679546737274111 0.9934936808266296 0.9495846193452556 0.0001 0.6666333333333333
0 0.0073449277246 0.0363739231731992 0.0001 0.9738794664237894 0.1813004266474776 0.9935583910708118 0.9738794664237894 0.0001 0.0001
0 0.3333666663334 0.0477095232795844 0.0001 0.3220622470364232 0.0001 0.9935583910708118 0.3220622470364232 0.0001 0.2222777777777777
0 0.0417583336666 0.0801705627530441 0.0001 0.8469940681615226 0.2307187248240624 0.0001 0.8469593493501764 0.0001 0.0001
0 0.0173379307242 0.1006089944895248 0.0001 0.0001254604416559 0.0001 0.0001 0.0001254604416559 0.74995 0.4444555555555555
0 0.0556444448888 0.0660208790875263 0.0001 0.946204778162164 0.0001 0.0001 0.946204778162164 0.0001 0.2222777777777777
0 0.0001 0.0141387059845284 0.0001 0.1306540111286857 0.6830862222490127 0.9935583910708118 0.1306540111286857 0.0001 0.0001
0 0.1111888887778 0.0444033072142027 0.0001 0.7392767173344934 0.0001 0.0001 0.7392767173344934 0.0001 0.6666333333333333
0 0.0572314284286 0.1006089944895248 0.0001 0.2638852224440064 0.0001 0.0001 0.0620150748815484 0.8570714284286001 0.2222777777777777
0 0.0345758624482 0.392878571356307 0.0001 0.0426466506807888 0.0001 0.0001 0.0426420215459386 0.9999 0.9999
0 0.0137027209116 0.0725061503460126 0.0001 0.7317857372513688 0.3172007463159851 0.0001 0.6288794108977025 0.0001 0.0001
0 0.3333666663334 0.0444033072142027 0.0001 0.2696182221744406 0.0001 0.0001 0.2696182221744406 0.0001 0.6666333333333333
0 0.25005 0.0604620742845073 0.0001 0.114392417643955 0.0001 0.0001 0.114392417643955 0.0001 0.6666333333333333
0 0.0715142852858 0.1568146827765493 0.0001 0.004337338819074 0.0001 0.0001 0.004337338819074 0.9999 0.6666333333333333
0 0.0334266663334 0.0893678570344604 0.0001 0.3733511850651078 0.0001 0.0001 0.3733511850651078 0.7691769228462 0.6666333333333333
0 0.125075 0.0928564860742567 0.0001 0.9504211754855044 0.4812183739394952 0.9934936808266296 0.950363310899917 0.9999 0.0001
0 0.4285857147142 0.0774654759616387 0.5 0.8854574651402876 0.5969955221040889 0.9999 0.8854425856354263 0.0001 0.6666333333333333
0 0.5 0.0604620742845073 0.0001 0.4409931976862181 0.0001 0.0001 0.4409931976862181 0.0001 0.0001
0 0.0541432431892 0.1006089944895248 0.0001 0.5092155091970989 0.0001 0.0001 0.0001033065677458 0.7777222224444 0.6666333333333333
0 0.0345758624482 0.0101911485106298 0.0001 0.2846663132956464 0.7721713821139808 0.9935583910708118 0.2846663132956464 0.0001 0.0001
0 0.0286657147142 0.1568146827765493 0.0001 0.0001347187113563 0.0001 0.6764132533646445 0.0001347187113563 0.7367947365790001 0.0001
0 0.0527210526842 0.0893678570344604 0.0001 0.0045985558711757 0.0001 0.0001 0.0045985558711757 0.7272272724546001 0.6666333333333333
0 0.0625875 0.0556444446692672 0.0001 0.1579197898788051 0.0001 0.0001 0.1579197898788051 0.0001 0.0001
0 0.0834166663334 0.0363739231731992 0.0001 0.7981100912748952 0.1813004266474776 0.9935583910708118 0.7981100912748952 0.0001 0.0001
0 0.3333666663334 0.1327265306535388 0.0001 0.6756725484783379 0.0001 0.9935583910708118 0.6756725484783379 0.9999 0.2222777777777777
0 0.3333666663334 0.0414451127211006 0.0001 0.2995027854809784 0.0668580519227549 0.0001 0.2995027854809784 0.0001 0.6666333333333333
0 0.0001 0.03418409033426 0.0001 0.0233846972815133 0.2307187248240624 0.0001 0.0233846972815133 0.0001 0.0001
0 0.045545454091 0.0514290177442296 0.0001 0.7032199347316633 0.0001 0.9935583910708118 0.7032199347316633 0.0001 0.2222777777777777
0 0.0566924532452 0.2216673994082223 0.0001 0.5124178990110538 0.0001 0.9935583910708118 0.5123567279577107 0.8570714284286001 0.6666333333333333
0 0.0466023256744 0.0414451127211006 0.0001 0.9723584552597012 0.6676805179591463 0.9935583910708118 0.9723534954580774 0.0001 0.6666333333333333
0 0.0105145836665999 0.0893678570344604 0.0001 0.9182909163334392 0.0001 0.9935583910708118 0.9182909163334392 0.9999 0.2222777777777777
0 0.0909909091818 0.0556444446692672 0.0001 0.8586595625765202 0.0001 0.0001 0.8586595625765202 0.0001 0.0001
1 0.1936096773225999 0.42178435410626 0.9999 0.2316083731217754 0.0001 0.0001 0.2315350779866975 0.7142428568572 0.2222777777777777
0 0.045545454091 0.1568146827765493 0.0001 0.6160705127754501 0.0001 0.0001 0.6160705127754501 0.9999 0.4444555555555555
0 0.0513717945898 0.0352535437223516 0.0001 0.9105548109812606 0.7375435962901706 0.9935583910708118 0.9105548109812606 0.0001 0.4444555555555555
0 0.1111888887778 0.03418409033426 0.0001 0.8979773711013673 0.2307187248240624 0.0001 0.8979773711013673 0.0001 0.4444555555555555
0 0.5 0.0117255813247649 0.0001 0.4019423376375614 0.7375435962901706 0.9934936808266296 0.4019423377375513 0.0001 0.2222777777777777
0 0.25005 0.1006089944895248 0.0001 0.2833855777879163 0.0001 0.0001 0.2833855777879163 0.9999 0.2222777777777777
1 0.2162729727568 0.1809028338878574 0.9999 0.973439695813302 0.7249017053215078 0.9999 0.9694007497591088 0.6363363632728 0.0001
0 0.0233511628372 0.0893678570344604 0.0001 0.0002851665938872 0.0001 0.0001 0.0002851665938872 0.8665933336666 0.0001
0 0.0667533336666 0.0801705627530441 0.0001 0.6438732746678406 0.0001 0.9935583910708118 0.6438732746678406 0.0001 0.4444555555555555
0 0.9999 0.0845502264075178 0.0001 0.0001247991081088 0.1813004266474776 0.9352544190682476 0.0001148795048612 0.0001 0.6666333333333333
0 0.0334266663334 0.0761717392843895 0.0001 0.2191520630703818 0.2758397789640208 0.9352544190682476 0.2190941984847945 0.0001 0.0001
0 0.2727727275454 0.1096019046559168 0.0001 0.00064888664617 0.3552528358739034 0.9676095641562829 0.00064888664617 0.8332666663334 0.6666333333333333
0 0.1305086960433999 0.1438441392478743 0.0001 0.1885185671189153 0.6830862222490127 0.9935583910708118 0.1745732090916733 0.9410882357058 0.0001
0 0.0166256202147999 0.0120023810728217 0.0001 0.8586992411894903 0.9999 0.9935583910708118 0.8355468057179006 0.0001 0.6666333333333333
0 0.0257358977948 0.0363739231731992 0.0001 0.8190421810536955 0.1813004266474776 0.0001 0.8190421810536955 0.0001 0.6666333333333333
0 0.020096 0.0514290177442296 0.0001 0.7657985232413078 0.0001 0.0001 0.7657985232413078 0.0001 0.2222777777777777
0 0.0228227275454 0.0604620742845073 0.0001 0.3719453518275848 0.0001 0.0001 0.3719453519275748 0.0001 0.2222777777777777
0 0.1111888887778 0.0604620742845073 0.0001 0.2593949329422003 0.0001 0.0001 0.2593949329422003 0.0001 0.2222777777777777
1 0.110078 0.3856521259217443 0.9999 0.9536916801550676 0.4531010659844927 0.0001 0.0005443997453374 0.6666333336666 0.4444555555555555
0 0.25005 0.1905380951417426 0.0001 0.0224704373491824 0.0001 0.0001 0.0224704373491824 0.9999 0.2222777777777777
0 0.0385538456924 0.0188552665318994 0.0001 0.970096777720064 0.5766468120601562 0.9935583910708118 0.970096777720064 0.0001 0.6666333333333333
0 0.0105145836665999 0.0101911485106298 0.0001 0.897382523473499 0.7721713821139808 0.9935583910708118 0.897382523473499 0.0001 0.0001
0 0.1667333336665999 0.1049325086618491 0.0001 0.0040000711087779 0.3903778420099519 0.0001 0.0001231457742409 0.6666333336666 0.0001
0 0.0085016803278 0.114660416561281 0.0001 0.0001033065677458 0.0001 0.0001 0.0001033065677458 0.7575242428484 0.6666333333333333
0 0.1429285715714 0.0725061503460126 0.0001 0.0609966587151585 0.0001 0.9999 0.0609966587151585 0.0001 0.0001
1 0.4666733336665999 0.2895557745609114 0.9999 0.5898704338405131 0.7827316297181688 0.9935583910708118 0.5352347201062151 0.9999 0.6666333333333333
1 0.0690517238966 0.2130203700518715 0.9999 0.0441068214583075 0.0001 0.0001 0.0335324872001584 0.8517814816296 0.6666333333333333
1 0.3125375 0.5206725558546991 0.9999 0.622267420990923 0.0668580519227549 0.0001 0.6206202099077935 0.8332666663334 0.2222777777777777
1 0.9999 0.2917083332490248 0.0001 0.8928413130883809 0.0001 0.9934936808266296 0.8928355266698181 0.9999 0.9999
1 0.3500299999999999 0.6963892856781535 0.9999 0.405031202758829 0.126940298526394 0.0001 0.0017747656143649 0.9090090908182 0.6666333333333333
0 0.0556444448888 0.1905380951417426 0.0001 0.100578329526306 0.0001 0.0001 0.100578329526306 0.8570714284286001 0.4444555555555555
1 0.2817338029718 0.7376067903545247 0.9999 0.6514250951375348 0.4229009946651793 0.9935583910708118 0.6513738436874391 0.9999 0.6666333333333333
0 0.0031205437704 0.0893678570344604 0.0001 0.3719723553141909 0.0001 0.0001 0.3719723553141909 0.8481446431428 0.0001
0 0.017640351228 0.0128732868569253 0.0001 0.9722923243047444 0.7116431383842602 0.9934936808266296 0.9722923243047444 0.0001 0.6666333333333333
0 0.0445355551112 0.0579701966879964 0.0001 0.2440338220741877 0.4812183739394952 0.9934936808266296 0.2440338220741877 0.0001 0.0001
0 0.0001 0.0477095232795844 0.0001 0.0001314121436105 0.0001 0.0001 0.0001314121436105 0.0001 0.6666333333333333
0 0.032880327623 0.0801705627530441 0.0001 0.0135963290470643 0.2307187248240624 0.0001 0.0135963290470643 0.0001 0.4444555555555555
0 0.0417583336666 0.0088446060276005 0.0001 0.636413376061553 0.8025590312087699 0.9935583910708118 0.636413376061553 0.0001 0.6666333333333333
0 0.1667333336665999 0.0893678570344604 0.0001 0.7839703083840657 0.0001 0.0001 0.7839703083840657 0.9999 0.4444555555555555
1 0.5833166663334 0.1421523290464466 0.9999 0.196133542642594 0.7721713821139808 0.9993176078023596 0.1958905115631094 0.9999 0.0001
0 0.3333666663334 0.0286657141700911 0.0001 0.0238244679919905 0.3552528358739034 0.0001 0.0238244679919905 0.0001 0.2222777777777777
1 0.280044 0.2411232141953837 0.5 0.9168250142318216 0.4531010659844927 0.9934936808266296 0.8888301420432686 0.89992 0.0001
0 0.25005 0.0893678570344604 0.0001 0.0001925832969436 0.0001 0.0001 0.0001925832969436 0.9999 0.0001
0 0.25005 0.03418409033426 0.0001 0.1391369550362134 0.2307187248240624 0.9935583910708118 0.1391369550362134 0.0001 0.2222777777777777
0 0.045545454091 0.1905380951417426 0.0001 0.2677814358404192 0.0001 0.0001 0.2677814358404192 0.8635636367272 0.0001
0 0.59998 0.0556444446692672 0.0001 0.3968926907417183 0.7611417911583644 0.9935583910708118 0.0023027107648013 0.0001 0.2222777777777777
0 0.03134375 0.1006089944895248 0.0001 0.0007761886544701 0.0001 0.0001 0.0007761886544701 0.9229923076154 0.6666333333333333
0 0.20006 0.0556444446692672 0.0001 0.785629533160022 0.0001 0.0001 0.785629533160022 0.0001 0.6666333333333333
0 0.0159698413968 0.0047829042442598 0.0001 0.8421350987058199 0.8942201374235851 0.9935583910708118 0.8421350987058199 0.0001 0.6666333333333333
0 0.0909909091818 0.0239047621456434 0.0001 0.6851160439666684 0.9999 0.9935583910708118 0.3322464089003027 0.0001 0.2222777777777777
0 0.0834166663334 0.0363739231731992 0.0001 0.000535912998112 0.7249017053215078 0.0001 0.0002465901701657 0.0001 0.2222777777777777
0 0.0286657147142 0.114660416561281 0.0001 0.0149804491663886 0.0001 0.0001 0.0149804491663886 0.7599480000000001 0.4444555555555555
0 0.0137027209116 0.0893678570344604 0.0001 0.0001567073018747 0.126940298526394 0.0001 0.0001162020719656 0.8124375 0.9999
0 0.0477095241904 0.0861043014233814 0.0001 0.3086420787364911 0.5320109296724792 0.0001 0.274907042637383 0.0001 0.6666333333333333
0 0.0170457631694 0.0080349203779803 0.0001 0.5285214395774313 0.8208313440029749 0.8252469239691724 0.5285214395774313 0.0001 0.4444555555555555
0 0.0857971431428 0.0801705627530441 0.0001 0.0212552816517897 0.5766468120601562 0.9999 0.0212552816517897 0.0001 0.0001
0 0.0001 0.0514290177442296 0.0001 0.0025341690071604 0.0001 0.0001 0.0025341690071604 0.0001 0.2222777777777777
0 0.0001 0.0256680774479604 0.0001 0.0044444708541154 0.4229009946651793 0.5469926710127753 0.0044444708541154 0.0001 0.4444555555555555
0 0.1111888887778 0.114660416561281 0.0001 0.0392488440029255 0.0001 0.0001 0.039211810624154 0.6428285715713999 0.4444555555555555
0 0.188741509151 0.1513754227502828 0.0001 0.995084897336426 0.9002569568340085 0.9935583910708118 0.9911231041296756 0.7825521742608 0.2222777777777777
0 0.0082950816558 0.0303518851424466 0.0001 0.9849547424457588 0.3172007463159851 0.0001 0.9849547424457588 0.0001 0.0001
0 0.017640351228 0.114660416561281 0.0001 0.7625257039043295 0.0001 0.9935583910708118 0.7625257039043295 0.7930448273104 0.4444555555555555
0 0.05009 0.0363739231731992 0.0001 0.0016507700738208 0.1813004266474776 0.0001 0.0016507700738208 0.0001 0.0001
0 0.1111888887778 0.0188552665318994 0.0001 0.0640023090981007 0.5766468120601562 0.93531912931243 0.0640023090981007 0.0001 0.6666333333333333
0 0.3529705877648 0.392878571356307 0.0001 0.0011184161663899 0.0001 0.0001 0.0002080138464342 0.6249750000000001 0.2222777777777777
0 0.116355814186 0.0958255320870982 0.0001 0.6791769362466031 0.7827316297181688 0.9935583910708118 0.4709339722444752 0.9165833336666 0.6666333333333333
0 0.011333707809 0.114660416561281 0.0001 0.6384171430168445 0.0001 0.0001 0.6384171430168445 0.84368125 0.6666333333333333
1 0.1739782603914 0.1438441392478743 0.9999 0.6848476627344455 0.3903778420099519 0.0001 0.6847848383472345 0.9999 0.6666333333333333
0 0.25005 0.0188552665318994 0.0001 0.0001069437022752 0.5766468120601562 0.9935583910708118 0.0001069437022752 0.0001 0.4444555555555555
1 0.0574903326374 0.3314537836449707 0.5 0.9889308641127412 0.8608020262584182 0.9935583910708118 0.9536748167495548 0.8481446431428 0.6666333333333333
0 0.0264105258421999 0.0080349203779803 0.0001 0.977922270090358 0.8208313440029749 0.9935583910708118 0.977922270090358 0.0001 0.2222777777777777
0 0.5 0.0477095232795844 0.0001 0.1676016874117598 0.0001 0.0001 0.1676016874117598 0.0001 0.4444555555555555
0 0.9999 0.0801705627530441 0.5 0.9300330124512604 0.5766468120601562 0.0001 0.929996640506026 0.0001 0.6666333333333333
0 0.5 0.0631385359687426 0.0001 0.7008992905171801 0.4229009946651793 0.9988646350932188 0.7008811045445631 0.0001 0.6666333333333333
0 0.6666333336666 0.0761717392843895 0.0001 0.9482917597557908 0.2758397789640208 0.0001 0.9482917597557908 0.0001 0.4444555555555555
0 0.0001 0.0198133183357039 0.0001 0.9811395394091742 0.5550263060529741 0.9935583910708118 0.9811395394091742 0.0001 0.2222777777777777
0 0.0435695653478 0.1568146827765493 0.0001 0.089743770116386 0.0001 0.0001 0.089743770116386 0.8822764704117999 0.0001
0 0.20006 0.0893678570344604 0.0001 0.0882470069157873 0.0001 0.0001 0.0882470069157873 0.9999 0.2222777777777777
0 0.10008 0.114660416561281 0.0001 0.9959308220352928 0.0001 0.0001 0.9959308220352928 0.9999 0.6666333333333333
0 0.0667533336666 0.0171034016771313 0.0001 0.2452721236458113 0.6161814503477434 0.9935583910708118 0.2452721236458113 0.0001 0.0001
0 0.10008 0.0088446060276005 0.0001 0.9894716496729336 0.8025590312087699 0.9935583910708118 0.9894716496729336 0.0001 0.9999
1 0.7142428568572 0.0958255320870982 0.9999 0.9779101461086132 0.7827316297181688 0.9935583910708118 0.9779035329731216 0.9999 0.6666333333333333
0 0.1429285715714 0.0363739231731992 0.0001 0.0001082663693696 0.1813004266474776 0.0001 0.0001082663693696 0.0001 0.6666333333333333
0 0.5714142852858 0.1108282103577652 0.0001 0.0089879958066586 0.5766468120601562 0.9999 0.0010836974550335 0.6666333336666 0.0001
0 0.0817163264694 0.2579849208838315 0.0001 0.0224919298895454 0.0001 0.0001 0.0155795953623235 0.9258407408148 0.6666333333333333
0 0.0834166663334 0.0725061503460126 0.0001 0.3515307365513441 0.0001 0.9935583910708118 0.3515307365513441 0.0001 0.2222777777777777
0 0.0244853659512 0.0148213653182882 0.0001 0.9874081996147852 0.6676805179591463 0.9935583910708118 0.9874081996147852 0.0001 0.6666333333333333
0 0.0625875 0.2411232141953837 0.0001 0.0073033105890461 0.0001 0.9935583910708118 0.0072933909857985 0.9229923076154 0.6666333333333333
1 0.2353470591764 0.7975595237854357 0.5 0.7663027714728842 0.0001 0.0001 0.3480610674944351 0.6249750000000001 0.6666333333333333
0 0.032351613387 0.2130203700518715 0.0001 0.1901619204896797 0.0001 0.0001 0.1900114727071388 0.74995 0.0001
0 0.0164901643114 0.0312487835841248 0.0001 0.5484658640998948 0.7827316297181688 0.9935583910708118 0.5484609042982712 0.0001 0.6666333333333333
0 0.1177235295882 0.0631385359687426 0.0001 0.0194568512636442 0.4229009946651793 0.5469926710127753 0.0194475928939538 0.0001 0.4444555555555555
0 0.030094 0.0801705627530441 0.0001 0.98543915147084 0.5766468120601562 0.9935583910708118 0.9854060859933614 0.0001 0.6666333333333333
0 0.0334266663334 0.1905380951417426 0.0001 0.3017155260379552 0.0001 0.0001 0.3017155260379552 0.9999 0.4444555555555555
0 0.0345758624482 0.0556444446692672 0.0001 0.693760457549223 0.0001 0.9935583910708118 0.693760457549223 0.0001 0.6666333333333333
0 0.0435695653478 0.1568146827765493 0.0001 0.0274782013535481 0.0001 0.0001 0.0274782013535481 0.8665933336666 0.6666333333333333
1 0.3043869564347999 0.5783573408824234 0.5 0.2451134093939108 0.0001 0.6764779636088267 0.0421923312322138 0.8332666663334 0.6666333333333333
0 0.1539153847692 0.5663132648209183 0.5 0.4977891881492208 0.0001 0.0001 0.4594789944761132 0.7999400000000001 0.2222777777777777
0 0.0105145836665999 0.0042563870091852 0.0001 0.9609260722209506 0.9061021319689854 0.9870873626531236 0.9609260722209506 0.0001 0.6666333333333333
0 0.9999 0.1905380951417426 0.0001 0.0020627657752169 0.0001 0.0001 0.0008545537800996 0.0001 0.4444555555555555
0 0.0162258061936 0.0725061503460126 0.0001 0.0001925832969436 0.0001 0.0001 0.0001925832969436 0.0001 0.0001
0 0.032880327623 0.1568146827765493 0.0001 0.2257833411390269 0.0001 0.0001 0.2257679105895363 0.8332666663334 0.2222777777777777
0 0.125075 0.0286657141700911 0.0001 0.0043287417829308 0.3552528358739034 0.0001 0.0043287417829308 0.0001 0.4444555555555555
0 0.160068 0.6626658733129602 0.0001 0.1740802031304389 0.0001 0.0001 0.1740061364728861 0.5555444448888 0.4444555555555555
0 0.125075 0.0725061503460126 0.0001 0.0158345300456971 0.0001 0.0001 0.0158345300456971 0.0001 0.4444555555555555
0 0.020096 0.0444033072142027 0.0001 0.6840243327651904 0.0001 0.0001 0.6840243327651904 0.0001 0.2222777777777777
1 0.2820948717436 0.4940488094635891 0.9999 0.8742515805422725 0.2307187248240624 0.9935583910708118 0.8742449674067807 0.9999 0.6666333333333333
0 0.2222777775556 0.0534687402540796 0.0001 0.1710781899820162 0.9002569568340085 0.9935583910708118 0.0033211269311913 0.0001 0.2222777777777777
0 0.2667133336666 0.1641458586298982 0.0001 0.2240890669849404 0.2758397789640208 0.0001 0.2240890669849404 0.8332666663334 0.4444555555555555
0 0.40002 0.107221428643693 0.0001 0.1418499761234534 0.0001 0.9934936808266296 0.1418499761234534 0.9999 0.6666333333333333
0 0.0477095241904 0.1006089944895248 0.0001 0.0289396946981711 0.0001 0.0001 0.0289396946981711 0.8888111112222 0.0001
0 0.0228227275454 0.0271092485015011 0.0001 0.7736426424399205 0.3903778420099519 0.0001 0.7736426424399205 0.0001 0.4444555555555555
1 0.20006 0.1989689479801153 0.5 0.9816300104251277 0.3172007463159851 0.9935583910708118 0.981006726454631 0.9090090908182 0.6666333333333333
0 0.20006 0.0477095232795844 0.0001 0.1564268843905716 0.0001 0.0001 0.1564268843905716 0.0001 0.0001
0 0.1579631580526 0.0928564860742567 0.0001 0.3166962738260278 0.4812183739394952 0.0001 0.3166538397899311 0.74995 0.2222777777777777
0 0.0117255814185999 0.0604620742845073 0.0001 0.9377604105783678 0.0001 0.0001 0.9377604105783678 0.0001 0.2222777777777777
0 0.74995 0.0965943024690231 0.0001 0.0241485094313032 0.4531010659844927 0.9934936808266296 0.008131600359925 0.9999 0.0001
0 0.0625875 0.0128732868569253 0.0001 0.3970095221021415 0.7116431383842602 0.9934936808266296 0.3970095221021415 0.0001 0.6666333333333333
0 0.030396969394 0.0097232017615027 0.0001 0.0546960352213178 0.7827316297181688 0.9935583910708118 0.0546960352213178 0.0001 0.6666333333333333
0 0.10008 0.0400797920301761 0.0001 0.9756223468937628 0.6830862222490127 0.9993176078023596 0.9755829989475664 0.0001 0.4444555555555555
1 0.4285857147142 0.1975153532213351 0.9999 0.3380058609727236 0.4812183739394952 0.9935583910708118 0.3377396840190081 0.9999 0.0001
0 0.0715142852858 0.0444033072142027 0.0001 0.7837573667810973 0.0001 0.0001 0.7837573667810973 0.0001 0.9999
1 0.0770076923846 0.1006089944895248 0.9999 0.1129656430106883 0.6343014926319703 0.9999 0.1129656430106883 0.7599480000000001 0.6666333333333333
0 0.0909909091818 0.0208331800964801 0.0001 0.8954134753295538 0.5320109296724792 0.9935583910708118 0.8954134753295538 0.0001 0.6666333333333333
0 0.0223177775556 0.0321846791057838 0.0001 0.0543637273126455 0.2758397789640208 0.0001 0.0543637273126455 0.0001 0.6666333333333333
0 0.0435695653478 0.0042563870091852 0.0001 0.5472192962588917 0.9061021319689854 0.9870873626531236 0.5472192962588917 0.0001 0.6666333333333333
0 0.30004 0.2917083332490248 0.0001 0.0103288001784833 0.0001 0.0001 0.0072487525712046 0.5 0.6666333333333333
0 0.40002 0.0596119043524061 0.0001 0.9583453130436244 0.9999 0.9934936808266296 0.8962103528568323 0.0001 0.6666333333333333
1 0.0520376623896 0.1438441392478743 0.5 0.0873845494781814 0.3903778420099519 0.0001 0.0873845494781814 0.8332666663334 0.6666333333333333
1 0.3953697672326 0.8071947850393207 0.9999 0.1682461332558459 0.1813004266474776 0.0001 0.1682461332558459 0.9165833336666 0.6666333333333333
0 0.0001 0.0230839083134385 0.0001 0.9987658546624356 0.4812183739394952 0.9999 0.9987658546624356 0.0001 0.4444555555555555
0 0.0236247061175999 0.1721435065789099 0.0001 0.0222191398003383 0.0001 0.0001 0.0004356143764281 0.9353967742258 0.6666333333333333
0 0.078345217826 0.2102786292831998 0.0001 0.972822473833678 0.7116431383842602 0.9935583910708118 0.7791729509373975 0.877475509796 0.2222777777777777
0 0.0770076923846 0.0761717392843895 0.0001 0.0687868812294769 0.2758397789640208 0.9935583910708118 0.0005149715023784 0.0001 0.6666333333333333
0 0.10008 0.0444033072142027 0.0001 0.8195662685917569 0.0001 0.9999 0.8195662685917569 0.0001 0.0001
0 0.0209291663333999 0.0179535716092325 0.0001 0.0001777037920823 0.5969955221040889 0.9935583910708118 0.0001777037920823 0.0001 0.6666333333333333
0 0.5 0.0331621687474359 0.0001 0.7327115701208151 0.7611417911583644 0.9935583910708118 0.7327115701208151 0.0001 0.2222777777777777
0 0.0103020411836 0.114660416561281 0.0001 0.0007580026818529 0.0001 0.0001 0.0007580026818529 0.8787121214242 0.6666333333333333
0 0.03134375 0.0893678570344604 0.0001 0.8316335084381294 0.0001 0.0001 0.8316335084381294 0.8332666663334 0.6666333333333333
0 0.025095 0.0188552665318994 0.0001 0.0093930477057894 0.5766468120601562 0.9935583910708118 0.0093930477057894 0.0001 0.4444555555555555
0 0.5 0.0141387059845284 0.0001 0.0004309852415779 0.6830862222490127 0.9993176078023596 0.0004309852415779 0.0001 0.4444555555555555
0 0.0834166663334 0.0198133183357039 0.0001 0.8625442031358076 0.5550263060529741 0.0001 0.8625442031358076 0.0001 0.2222777777777777
0 0.0834166663334 0.1006089944895248 0.0001 0.5646883301162747 0.0001 0.0001 0.5646883301162747 0.8332666663334 0.2222777777777777
0 0.0267613336666 0.0660208790875263 0.0001 0.931418455237679 0.3903778420099519 0.9999 0.931418455237679 0.0001 0.0001
1 0.3143228568572 0.3856521259217443 0.9999 0.9835411939834856 0.4531010659844927 0.9935583910708118 0.983527967812492 0.8665933336666 0.6666333333333333
0 0.3333666663334 0.1327265306535388 0.0001 0.8051718816843273 0.0001 0.9999 0.8051718816843273 0.9999 0.4444555555555555
0 0.095319047381 0.0477095232795844 0.0001 0.9897293949738876 0.5969955221040889 0.9935583910708118 0.9897145154690262 0.0001 0.6666333333333333
0 0.018964151415 0.0188552665318994 0.0001 0.0001138875045405 0.5766468120601562 0.9935583910708118 0.0001138875045405 0.0001 0.4444555555555555
0 0.1818818183635999 0.1327265306535388 0.0001 0.000204156234059 0.0001 0.0001 0.0001462916484718 0.74995 0.2222777777777777
0 0.0462446152308 0.4940488094635891 0.0001 0.0053226895079855 0.0001 0.0001 0.0053226895079855 0.7825521742608 0.6666333333333333
0 0.018964151415 0.0556444446692672 0.0001 0.3574004068486965 0.0001 0.0001 0.3574004068486965 0.0001 0.6666333333333333
1 0.25005 0.4097402780447547 0.9999 0.5724776709191903 0.0001 0.0001 0.5723596271805907 0.6666333336666 0.4444555555555555
0 0.040092 0.325431745614218 0.0001 0.0198626746852501 0.0001 0.0001 0.0196967962532286 0.9999 0.2222777777777777
1 0.185248147963 0.2692260583388959 0.9999 0.7706244272195322 0.0001 0.0001 0.7704045418142985 0.7999400000000001 0.0001
1 0.8332666663334 0.1626290638350749 0.5 0.9601956562154128 0.4812183739394952 0.9999 0.9600567812699972 0.9999 0.4444555555555555
0 0.0770076923846 0.0893678570344604 0.0001 0.0042662480624933 0.0001 0.0001 0.0042662480624933 0.8332666663334 0.4444555555555555
0 0.5 0.1905380951417426 0.0001 0.9813247060030614 0.3552528358739034 0.9935583910708118 0.8189259008378917 0.9999 0.2222777777777777
0 0.0257358977948 0.114660416561281 0.0001 0.1204197000039593 0.0001 0.0001 0.1204197000039593 0.8460846152308 0.2222777777777777
0 0.1334066663333999 0.1230912693996537 0.0001 0.9224725949454232 0.0001 0.9935583910708118 0.9224725949454232 0.9999 0.0001
0 0.0667533336666 0.0059467838623865 0.0001 0.5324770607043714 0.8679546737274111 0.9935583910708118 0.5324770607043714 0.0001 0.0001
0 0.0667533336666 0.0556444446692672 0.0001 0.2252741331058269 0.0001 0.0001 0.2252741331058269 0.0001 0.0001
1 0.9999 0.1399529760881015 0.0001 0.4817344742765861 0.126940298526394 0.0001 0.4816800815421364 0.9999 0.9999
0 0.015481538077 0.0230839083134385 0.0001 0.7464563310046792 0.4812183739394952 0.0001 0.7464563310046792 0.0001 0.2222777777777777
0 0.0715142852858 0.1327265306535388 0.0001 0.0001810103598281 0.0001 0.0001 0.0001810103598281 0.7142428568572 0.6666333333333333
0 0.1111888887778 0.1568146827765493 0.0001 0.9436857411828 0.0001 0.9935583910708118 0.9436510223714536 0.9999 0.2222777777777777
0 0.0715142852858 0.0725061503460126 0.0001 0.0984019609145635 0.0001 0.0001 0.0984019609145635 0.0001 0.6666333333333333
0 0.030396969394 0.0141387059845284 0.0001 0.998131328521587 0.6830862222490127 0.9935583910708118 0.998131328521587 0.0001 0.6666333333333333
0 0.2222777775556 0.0249867960528436 0.0001 0.0044200024127801 0.85338928134167 0.9935583910708118 0.0027253975919201 0.0001 0.6666333333333333
0 0.0527210526842 0.1568146827765493 0.0001 0.087602781549547 0.0001 0.0001 0.087602781549547 0.7272272724546001 0.0001
0 0.10008 0.0604620742845073 0.0001 0.9755906039833888 0.4531010659844927 0.9935583910708118 0.9755823376140192 0.0001 0.6666333333333333
0 0.0124432098642 0.0387827379808193 0.0001 0.8502113374803388 0.126940298526394 0.0001 0.8502113374803388 0.0001 0.0001
0 0.0667533336666 0.107221428643693 0.0001 0.1463468787607512 0.5969955221040889 0.9935583910708118 0.06405852034982 0.8420368419474 0.6666333333333333
0 0.1667333336665999 0.0604620742845073 0.0001 0.8257990330042881 0.4531010659844927 0.93531912931243 0.8257990330042881 0.0001 0.6666333333333333
1 0.1739782603914 0.1038207479035858 0.9999 0.7764224557156746 0.6161814503477434 0.9934936808266296 0.7762372891217874 0.7777222224444 0.0001
0 0.1111888887778 0.0072863435755817 0.0001 0.1673847780074885 0.8377246122879141 0.9935583910708118 0.1673847780074885 0.0001 0.6666333333333333
0 0.010967391087 0.0219210312923715 0.0001 0.0001462916484718 0.5074611941055762 0.9935583910708118 0.0001462916484718 0.0001 0.0001
0 0.0351807014562 0.0725061503460126 0.0001 0.5448207277744804 0.3172007463159851 0.9999 0.5447952673328245 0.0001 0.9999
0 0.0857971431428 0.2216673994082223 0.5 0.6688329579415746 0.0001 0.0001 0.6687982392302182 0.9999 0.2222777777777777
0 0.0527210526842 0.114660416561281 0.0001 0.0246392009251024 0.0001 0.0001 0.0246392009251024 0.9999 0.4444555555555555
0 0.9999 0.1568146827765493 0.0001 0.6755066700463164 0.0001 0.0001 0.4179316921777043 0.9999 0.6666333333333333
0 0.0417583336666 0.0080349203779803 0.0001 0.902532468891036 0.8208313440029749 0.9935583910708118 0.902532468891036 0.0001 0.2222777777777777
0 0.0909909091818 0.107221428643693 0.0001 0.4588733454336044 0.0001 0.0001 0.4588540572717386 0.9999 0.2222777777777777
0 0.1111888887778 0.0725061503460126 0.0001 0.0758017186568899 0.0001 0.0001 0.0758017186568899 0.0001 0.6666333333333333
0 0.021834782174 0.1568146827765493 0.0001 0.0067567385103011 0.0001 0.0001 0.0067567385103011 0.8332666663334 0.4444555555555555
0 0.25005 0.0801705627530441 0.0001 0.3108657309970262 0.0001 0.0001 0.3108657309970262 0.0001 0.6666333333333333
0 0.0625875 0.0163004630706905 0.0001 0.6250355511406339 0.6343014926319703 0.9870873626531236 0.6250355511406339 0.0001 0.6666333333333333
0 0.1111888887778 0.1905380951417426 0.0001 0.0021037669552914 0.0001 0.0001 0.002090540684308 0.7777222224444 0.6666333333333333
0 0.0345758624482 0.114660416561281 0.0001 0.8092052065033597 0.0001 0.0001 0.8092052065033597 0.9999 0.6666333333333333
0 0.0345758624482 0.0080349203779803 0.0001 0.8657074654814116 0.8208313440029749 0.8252469239691724 0.8657074654814116 0.0001 0.4444555555555555
0 0.0257358977948 0.0303518851424466 0.0001 0.4134265232710268 0.3172007463159851 0.0001 0.4134265232710268 0.0001 0.0001
0 0.040092 0.0303518851424466 0.0001 0.0002273020083 0.3172007463159851 0.9934936808266296 0.0002273020083 0.0001 0.2222777777777777
0 0.0118623530587999 0.03418409033426 0.0001 0.9415833289396928 0.2307187248240624 0.0001 0.9415833289396928 0.0001 0.2222777777777777
0 0.0909909091818 0.0171034016771313 0.0001 0.501542669087833 0.6161814503477434 0.9935583910708118 0.501542669087833 0.0001 0.0001
0 0.0770076923846 0.0725061503460126 0.0001 0.9922919681785966 0.3172007463159851 0.9935583910708118 0.9921415202960658 0.0001 0.0001
0 0.040092 0.0680688591122105 0.0001 0.9838156373065706 0.6676805179591463 0.9935583910708118 0.9837676924242208 0.0001 0.6666333333333333
0 0.1212878785758 0.2011875941028675 0.0001 0.997641959694882 0.0668580519227549 0.0001 0.997641959694882 0.8665933336666 0.6666333333333333
0 0.3333666663334 0.0604620742845073 0.0001 0.8842549845692591 0.0001 0.0001 0.8842549845692591 0.0001 0.2222777777777777
0 0.5 0.03418409033426 0.0001 0.1139774461415766 0.2307187248240624 0.0001 0.1139774461415766 0.0001 0.6666333333333333
0 0.25005 0.0387827379808193 0.0001 0.0290693112738962 0.126940298526394 0.0001 0.0290693112738962 0.0001 0.4444555555555555
0 0.125075 0.0414451127211006 0.0001 0.000127003486606 0.0668580519227549 0.0001 0.000127003486606 0.0001 0.2222777777777777
0 0.0732560978536 0.204990986010868 0.0001 0.1735933693490048 0.0001 0.0001 0.1735817964118894 0.9999 0.2222777777777777
0 0.1667333336665999 0.0604620742845073 0.0001 0.8523963030282345 0.0001 0.0001 0.8523963030282345 0.0001 0.4444555555555555
0 0.0667533336666 0.0303518851424466 0.0001 0.7657869503041924 0.3172007463159851 0.9935583910708118 0.7657869503041924 0.0001 0.2222777777777777
1 0.0413288655774 0.325431745614218 0.9999 0.8939222229752083 0.0001 0.0001 0.8937717751926674 0.74995 0.0001
0 0.0248884293224 0.0861043014233814 0.0001 0.9744388238178264 0.5320109296724792 0.9934936808266296 0.9744388238178264 0.0001 0.2222777777777777
0 0.0320085110212 0.1778918153783323 0.0001 0.9269099797632556 0.0001 0.0001 0.8275664568080714 0.884538461923 0.6666333333333333
0 0.1667333336665999 0.0801705627530441 0.0001 0.5713339366451519 0.2307187248240624 0.0001 0.5713339366451519 0.0001 0.6666333333333333
1 0.1111888887778 0.1201587994629951 0.5 0.9249277053483272 0.7721713821139808 0.9935583910708118 0.9249012530063404 0.9999 0.6666333333333333
0 0.0105145836665999 0.0256680774479604 0.0001 0.9753075637241504 0.4229009946651793 0.9935583910708118 0.9753075637241504 0.0001 0.4444555555555555
0 0.9999 0.0660208790875263 0.0001 0.7936869246283768 0.3903778420099519 0.0001 0.793663778754146 0.0001 0.4444555555555555
0 0.0105145836665999 0.0604620742845073 0.0001 0.9984338774205368 0.0001 0.9935583910708118 0.9984338774205368 0.0001 0.6666333333333333
0 0.0518137931724 0.0660208790875263 0.0001 0.1180279650328954 0.6830862222490127 0.9993176078023596 0.0340595506391919 0.0001 0.4444555555555555
0 0.0228227275454 0.0303518851424466 0.0001 0.0001694374227127 0.3172007463159851 0.9935583910708118 0.0001694374227127 0.0001 0.0001
0 0.0682681816364 0.1049325086618491 0.5 0.115007435245082 0.3903778420099519 0.0001 0.1149866039382762 0.9999 0.4444555555555555
0 0.1111888887778 0.0358071432184651 0.0001 0.3779373644316034 0.9999 0.9935583910708118 0.1313731849638717 0.0001 0.6666333333333333
1 0.0182232626224 0.2641164504047757 0.9999 0.9955092374974128 0.2307187248240624 0.0001 0.0312774227960128 0.8481446431428 0.4444555555555555
0 0.6249750000000001 0.4097402780447547 0.0001 0.9705233221595578 0.0001 0.0001 0.9163736706842188 0.9999 0.0001
0 0.25005 0.0854766938746877 0.0001 0.8016305708262084 0.8294404136369463 0.9934936808266296 0.8016305708262084 0.0001 0.4444555555555555
0 0.045545454091 0.0725061503460126 0.0001 0.87803261591213 0.0001 0.9935583910708118 0.87803261591213 0.0001 0.4444555555555555
0 0.125075 0.0514290177442296 0.0001 0.0001066131354916 0.0001 0.0001 0.0001066131354916 0.0001 0.6666333333333333
0 0.0834166663334 0.0604620742845073 0.0001 0.0025673446735667 0.0001 0.0001 0.0025673446735667 0.0001 0.4444555555555555
0 0.0385538456924 0.0893678570344604 0.0001 0.5119629183289217 0.0001 0.9934936808266296 0.5119629183289217 0.7999400000000001 0.9999
0 0.0286657147142 0.0363739231731992 0.0001 0.9614170943815236 0.1813004266474776 0.9934936808266296 0.9614170943815236 0.0001 0.6666333333333333
0 0.375025 0.325431745614218 0.0001 0.9071693486629978 0.0001 0.0001 0.907150060501132 0.74995 0.2222777777777777
0 0.0862896556206 0.0958255320870982 0.0001 0.9711466061300544 0.7827316297181688 0.9935583910708118 0.9626239837095464 0.9999 0.6666333333333333
0 0.0205040813674 0.1667333329960992 0.5 0.0002180437385996 0.0001 0.0001 0.0002180437385996 0.8124375 0.4444555555555555
0 0.03134375 0.0092747515289612 0.0001 0.8620079916160014 0.7928518657899629 0.93531912931243 0.8620079916160014 0.0001 0.2222777777777777
0 0.1111888887778 0.1006089944895248 0.0001 0.0001069437022752 0.0001 0.0001 0.0001069437022752 0.59998 0.4444555555555555
0 0.0715142852858 0.1568146827765493 0.0001 0.0001138875045405 0.0001 0.0001 0.0001138875045405 0.74995 0.4444555555555555
0 0.0834166663334 0.114660416561281 0.0001 0.6602574307371033 0.0001 0.9999 0.6602574307371033 0.9999 0.2222777777777777
0 0.3333666663334 0.1230912693996537 0.0001 0.9956233133347192 0.0001 0.93531912931243 0.974630052402586 0.9999 0.6666333333333333
0 0.1111888887778 0.0286657141700911 0.0001 0.5697688381110991 0.3552528358739034 0.9935583910708118 0.5697688381110991 0.0001 0.2222777777777777
0 0.029505882647 0.0256680774479604 0.0001 0.2942949753778642 0.4229009946651793 0.0001 0.2942949753778642 0.0001 0.0001
0 0.0513717945898 0.1438441392478743 0.0001 0.0024068669988604 0.0001 0.9935583910708118 0.0001347187113563 0.8460846152308 0.2222777777777777
0 0.5 0.0303518851424466 0.0001 0.0011283358696274 0.3172007463159851 0.9935583910708118 0.0011283358696274 0.0001 0.6666333333333333
0 0.045545454091 0.0444033072142027 0.0001 0.1700173397795296 0.0001 0.0001 0.1700173397795296 0.0001 0.2222777777777777
0 0.1035275863448 0.1667333329960992 0.0001 0.004129687684503 0.0001 0.0001 0.001657713876086 0.9999 0.4444555555555555
0 0.0556444448888 0.0363739231731992 0.0001 0.0272351701740736 0.1813004266474776 0.9935583910708118 0.0272351701740736 0.0001 0.6666333333333333
0 0.20006 0.0725061503460126 0.0001 0.0624548454920357 0.0001 0.0001 0.0624548454920357 0.0001 0.2222777777777777
0 0.25005 0.0193269231936579 0.0001 0.9861907293499672 0.9172529277086646 0.9935583910708118 0.9861814710802668 0.0001 0.4444555555555555
0 0.0209291663333999 0.0219210312923715 0.0001 0.0858761031515393 0.5074611941055762 0.9935583910708118 0.0858761031515393 0.0001 0.4444555555555555
0 0.20006 0.1230912693996537 0.0001 0.6220728858384177 0.0001 0.9935583910708118 0.6220563530996784 0.8332666663334 0.6666333333333333
0 0.0031205437704 0.0321846791057838 0.0001 0.9771160239044712 0.2758397789640208 0.9935583910708118 0.9771160239044712 0.0001 0.2222777777777777
0 0.125075 0.0579701966879964 0.0001 0.7202514023570564 0.4812183739394952 0.0001 0.7202514023570564 0.0001 0.2222777777777777
0 0.0031205437704 0.0801705627530441 0.0001 0.0001396785129801 0.0001 0.0001 0.0001396785129801 0.0001 0.6666333333333333
0 0.0286657147142 0.0256680774479604 0.0001 0.0134253806244912 0.4229009946651793 0.0001 0.0134253806244912 0.0001 0.6666333333333333
0 0.0125975 0.0477095232795844 0.0001 0.0001231457742409 0.0001 0.9935583910708118 0.0001231457742409 0.0001 0.2222777777777777
0 0.0857971431428 0.2411232141953837 0.0001 0.0021517118376411 0.0001 0.0001 0.0001181859726171 0.9999 0.6666333333333333
0 0.0001 0.0037622705545669 0.0001 0.585140750293762 0.9172529277086646 0.9935583910708118 0.585140750293762 0.0001 0.4444555555555555
1 0.3158263161052 0.3675860118294864 0.9999 0.000182663693696 0.0001 0.0001 0.0001264523419867 0.5 0.6666333333333333
0 0.0334266663334 0.0179535716092325 0.0001 0.980374184214434 0.5969955221040889 0.9935583910708118 0.980374184214434 0.0001 0.9999
0 0.5 0.0363739231731992 0.0001 0.000204156234059 0.1813004266474776 0.0001 0.000204156234059 0.0001 0.0001
1 0.2258612907095999 0.3609300754846345 0.5 0.4783472484355275 0.0668580519227549 0.0001 0.0086143560511382 0.6666333336666 0.6666333333333333
0 0.0267613336666 0.2411232141953837 0.0001 0.0303423315568761 0.0001 0.0001 0.0302914106735642 0.8918135136216 0.4444555555555555
0 0.2121787877576 0.135737549163064 0.0001 0.548123636587975 0.7928518657899629 0.9935583910708118 0.3678523990001593 0.89992 0.4444555555555555
0 0.1111888887778 0.0271092485015011 0.0001 0.3675515032350975 0.3903778420099519 0.0001 0.3675515032350975 0.0001 0.0001
0 0.0174878257392 0.0725061503460126 0.0001 0.662340554818345 0.3172007463159851 0.9935583910708118 0.0003121700804933 0.0001 0.2222777777777777
0 0.0385538456924 0.0286657141700911 0.0001 0.9865799098439062 0.3552528358739034 0.9935583910708118 0.9865799098439062 0.0001 0.6666333333333333
0 0.3333666663334 0.024329847111694 0.0001 0.8694455158705331 0.4531010659844927 0.5146375259247403 0.8694455158705331 0.0001 0.0001
0 0.1429285715714 0.325431745614218 0.0001 0.3205539108987091 0.0001 0.9999 0.014481271025354 0.8570714284286001 0.2222777777777777
0 0.040092 0.0604620742845073 0.0001 0.1248361433260582 0.0001 0.0001 0.1248361433260582 0.0001 0.6666333333333333
0 0.0909909091818 0.1905380951417426 0.0001 0.0555342445954443 0.0001 0.0001 0.0555342445954443 0.8332666663334 0.6666333333333333
0 0.0527210526842 0.0271092485015011 0.0001 0.2799329926143659 0.3903778420099519 0.0001 0.2799329926143659 0.0001 0.0001
0 0.0909909091818 0.0660208790875263 0.0001 0.115579467665493 0.0001 0.0001 0.115579467665493 0.0001 0.6666333333333333
0 0.0488707319024 0.1006089944895248 0.0001 0.0224588644120669 0.0001 0.0001 0.0001578645855872 0.9999 0.0001
0 0.0273054418232 0.1500699998988297 0.0001 0.0224843248537229 0.3552528358739034 0.9935583910708118 0.0022132135577578 0.8124375 0.4444555555555555
0 0.4666733336665999 0.2714742856275683 0.0001 0.2900207135689265 0.3552528358739034 0.0001 0.2900207135689265 0.8332666663334 0.2222777777777777
0 0.0527210526842 0.0514290177442296 0.0001 0.3876271976671542 0.0001 0.0001 0.3876271976671542 0.0001 0.6666333333333333
0 0.20006 0.2411232141953837 0.0001 0.7567137879036465 0.0001 0.0001 0.7567137879036465 0.6666333336666 0.0001
0 0.045545454091 0.0171034016771313 0.0001 0.8249476723516428 0.6161814503477434 0.9934936808266296 0.8249476723516428 0.0001 0.0001
0 0.0371296295926 0.0514290177442296 0.0001 0.5967260059713964 0.5550263060529741 0.9676095641562829 0.596718290646656 0.0001 0.2222777777777777
0 0.3333666663334 0.0893678570344604 0.0001 0.0746923724274343 0.0001 0.0001 0.0746923724274343 0.9999 0.6666333333333333
0 0.0209291663333999 0.0801705627530441 0.0001 0.2835977478684096 0.0001 0.0001 0.2835977478684096 0.0001 0.2222777777777777
1 0.2286257147141999 0.4642928567815348 0.5 0.5923834088290046 0.0001 0.0001 0.0001016532338779 0.7691769228462 0.6666333333333333
0 0.1389611112221999 0.1827557688221971 0.0001 0.5297689994187551 0.3903778420099519 0.0001 0.3968689938228581 0.8181181816364 0.6666333333333333
1 0.1765352938824 0.1778918153783323 0.5 0.2990233362575211 0.0001 0.0001 0.299001843717158 0.9999 0.6666333333333333
0 0.20006 0.1568146827765493 0.0001 0.0738657358904333 0.0001 0.0001 0.0738657358904333 0.9999 0.4444555555555555
0 0.0001 0.1568146827765493 0.0001 0.0001077152247503 0.0001 0.0001 0.0001077152247503 0.9999 0.2222777777777777
0 0.0385538456924 0.392878571356307 0.0001 0.0136700650378436 0.0001 0.0001 0.0136651052362198 0.7599480000000001 0.6666333333333333
0 0.0477095241904 0.0488997617915475 0.0001 0.5468197553060039 0.8118779105689221 0.0001 0.20113304027759 0.0001 0.2222777777777777
0 0.25005 0.0801705627530441 0.0001 0.0006521932139159 0.0001 0.0001 0.0006521932139159 0.0001 0.6666333333333333
0 0.0345758624482 0.1568146827765493 0.0001 0.2124027412631371 0.0001 0.9935583910708118 0.2123957974608718 0.9999 0.4444555555555555
0 0.017640351228 0.0080349203779803 0.0001 0.7600328988890966 0.8208313440029749 0.8252469239691724 0.7600328988890966 0.0001 0.4444555555555555
0 0.1111888887778 0.0092747515289612 0.0001 0.6558828703064817 0.7928518657899629 0.93531912931243 0.6558828703064817 0.0001 0.2222777777777777
0 0.0715142852858 0.1905380951417426 0.0001 0.0001281056758546 0.0001 0.0001 0.0001148795048612 0.874925 0.6666333333333333
1 0.061943298866 0.2216673994082223 0.9999 0.8442463283629262 0.3903778420099519 0.0001 0.6005803364763318 0.74995 0.6666333333333333
0 0.0073449277246 0.0477095232795844 0.0001 0.0287909001495081 0.0001 0.0001 0.0287909001495081 0.0001 0.6666333333333333
0 0.20006 0.0604620742845073 0.0001 0.0119159422975284 0.0001 0.0001 0.0119159422975284 0.0001 0.0001
0 0.30004 0.4940488094635891 0.0001 0.0316494092176653 0.0001 0.0001 0.0316494092176653 0.5714142852858 0.6666333333333333
0 0.1111888887778 0.0321846791057838 0.0001 0.5566776712520835 0.7721713821139808 0.9935583910708118 0.5566743646843376 0.0001 0.6666333333333333
0 0.0001 0.1568146827765493 0.0001 0.0033784403721593 0.0001 0.0001 0.0033784403721593 0.9999 0.6666333333333333
0 0.20006 0.0477095232795844 0.0001 0.0002504478825308 0.0001 0.0001 0.0002504478825308 0.0001 0.4444555555555555
0 0.3333666663334 0.0188552665318994 0.0001 0.7884281937419405 0.5766468120601562 0.9935583910708118 0.7884281937419405 0.0001 0.4444555555555555
0 0.0257358977948 0.0179535716092325 0.0001 0.970389407115756 0.5969955221040889 0.9935583910708118 0.970389407115756 0.0001 0.6666333333333333
0 0.20006 0.0097232017615027 0.0001 0.0004306545748044 0.7827316297181688 0.9935583910708118 0.0004306545748044 0.0001 0.6666333333333333
0 0.74995 0.1006089944895248 0.0001 0.9644730042142404 0.4229009946651793 0.9935583910708118 0.9642855230529284 0.9999 0.4444555555555555
1 0.1650154643092 0.7590184807932998 0.9999 0.6921253705478282 0.1813004266474776 0.0001 0.6919054852425847 0.74995 0.2222777777777777
0 0.0107361703404 0.114660416561281 0.0001 0.2175748405545843 0.0001 0.0001 0.2175748405545843 0.8063903226774001 0.6666333333333333
0 0.0228227275454 0.0059467838623865 0.0001 0.9281482812348892 0.8679546737274111 0.9934936808266296 0.9281482812348892 0.0001 0.6666333333333333
1 0.4615461543076 0.2011875941028675 0.9999 0.6771963151655427 0.8679546737274111 0.9935583910708118 0.6768838465633553 0.7999400000000001 0.0001
0 0.9999 0.1479401003089452 0.0001 0.0139874934416547 0.6676805179591463 0.9935583910708118 0.0029254435906786 0.9999 0.6666333333333333
0 0.40002 0.2772554423798994 0.0001 0.0042761676657409 0.0001 0.0001 0.0042579816931237 0.74995 0.6666333333333333
0 0.1500699999999999 0.0774654759616387 0.0001 0.6414194868320409 0.5969955221040889 0.9935583910708118 0.641414527030417 0.0001 0.6666333333333333
0 0.5 0.0477095232795844 0.0001 0.154679374785748 0.0001 0.0001 0.154679374785748 0.0001 0.2222777777777777
0 0.5 0.0556444446692672 0.0001 0.0001154305494906 0.0001 0.0001 0.0001154305494906 0.0001 0.2222777777777777
0 0.0589117642942 0.0106798938373071 0.0001 0.9979002009460016 0.7611417911583644 0.9935583910708118 0.9979002009460016 0.0001 0.4444555555555555
0 0.1111888887778 0.03418409033426 0.0001 0.9336713153633172 0.2307187248240624 0.0001 0.9336713153633172 0.0001 0.2222777777777777
0 0.5 0.1438441392478743 0.0001 0.1852318603773863 0.0001 0.0001 0.0023219989266671 0.9999 0.2222777777777777
0 0.080084 0.0845502264075178 0.0001 0.0397796548654063 0.1813004266474776 0.0001 0.0397796548654063 0.0001 0.2222777777777777
0 0.1111888887778 0.0256680774479604 0.0001 0.0057541937491032 0.4229009946651793 0.9612032459827768 0.0057541937491032 0.0001 0.6666333333333333
0 0.0435695653478 0.0286657141700911 0.0001 0.3298855349282301 0.3552528358739034 0.0001 0.3298855349282301 0.0001 0.2222777777777777
0 0.3636636367272 0.1568146827765493 0.0001 0.7517142902686504 0.3172007463159851 0.0001 0.7457580986652268 0.9999 0.2222777777777777
0 0.1905380947619999 0.1568146827765493 0.0001 0.3107615747629672 0.3172007463159851 0.0001 0.3107615747629672 0.9999 0.6666333333333333
0 0.0073449277246 0.0514290177442296 0.0001 0.7507967237685738 0.0001 0.0001 0.7507967237685738 0.0001 0.6666333333333333
0 0.017640351228 0.1006089944895248 0.0001 0.5388487749547928 0.0001 0.0001 0.5388487749547928 0.8665933336666 0.6666333333333333
0 0.7777222224444 0.1024220815021812 0.0001 0.9843182323042688 0.9002569568340085 0.9935583910708118 0.9765258055114432 0.9999 0.2222777777777777
0 0.0770076923846 0.1230912693996537 0.0001 0.0043356854852061 0.0001 0.9935583910708118 0.0001231457742409 0.9090090908182 0.0001
1 0.2258612907095999 0.4047809524291286 0.9999 0.1255106787466504 0.0001 0.9999 0.0053226895079855 0.6666333336666 0.6666333333333333
0 0.0001 0.0725061503460126 0.0001 0.0001396785129801 0.0001 0.0001 0.0001396785129801 0.0001 0.6666333333333333
0 0.0477095241904 0.1905380951417426 0.0001 0.0170683913634911 0.0001 0.5469926710127753 0.0170683913634911 0.9999 0.2222777777777777
1 0.1143628568572 0.1438441392478743 0.9999 0.0589399870758935 0.3903778420099519 0.0001 0.0589284141387781 0.8888111112222 0.6666333333333333
0 0.0205040813674 0.0072863435755817 0.0001 0.0044729071967436 0.8377246122879141 0.9935583910708118 0.0044729071967436 0.0001 0.6666333333333333
0 0.40002 0.0604620742845073 0.0001 0.0910862278220787 0.4531010659844927 0.5146375259247403 0.0909936445251351 0.0001 0.0001
0 0.0105145836665999 0.0208331800964801 0.0001 0.9994787460289036 0.5320109296724792 0.9935583910708118 0.9994787460289036 0.0001 0.6666333333333333
1 0.94991 0.325431745614218 0.9999 0.8541808460118294 0.8679546737274111 0.9935583910708118 0.850778410099126 0.9999 0.0001
0 0.0667533336666 0.1568146827765493 0.0001 0.0533816830914898 0.0001 0.6764132533646445 0.0533816830914898 0.9999 0.0001
0 0.0244853659512 0.0321846791057838 0.0001 0.003595019209647 0.2758397789640208 0.9935583910708118 0.003595019209647 0.0001 0.2222777777777777
0 0.045545454091 0.107221428643693 0.0001 0.0164571526826465 0.0001 0.0001 0.0164571526826465 0.9090090908182 0.4444555555555555
0 0.0105145836665999 0.0363739231731992 0.0001 0.9861682448092836 0.1813004266474776 0.9935583910708118 0.9861682448092836 0.0001 0.6666333333333333
0 0.1429285715714 0.0801705627530441 0.0001 0.6918406769547221 0.0001 0.0001 0.6918406769547221 0.0001 0.4444555555555555
1 0.0462446152308 0.5952190475708713 0.5 0.3247185056273346 0.0001 0.0001 0.324625922330391 0.9165833336666 0.6666333333333333
0 0.0477095241904 0.0387827379808193 0.0001 0.0003083123681281 0.126940298526394 0.0001 0.0003083123681281 0.0001 0.4444555555555555
0 0.0527210526842 0.1568146827765493 0.0001 0.143002307433635 0.0001 0.0001 0.143002307433635 0.7272272724546001 0.0001
0 0.1739782603914 0.0801705627530441 0.5 0.0006902184930181 0.7496108550440016 0.0001 0.0001049598016237 0.0001 0.6666333333333333
0 0.0001 0.0444033072142027 0.0001 0.000840666275559 0.0001 0.0001 0.000840666275559 0.0001 0.6666333333333333
0 0.0556444448888 0.1568146827765493 0.0001 0.000790517014712 0.0001 0.0001 0.000790517014712 0.9090090908182 0.2222777777777777
0 0.0105145836665999 0.0101911485106298 0.0001 0.947990864090719 0.7721713821139808 0.9935583910708118 0.947990864090719 0.0001 0.0001
0 0.1429285715714 0.0725061503460126 0.0001 0.3903539959700168 0.3172007463159851 0.0001 0.3903539959700168 0.0001 0.2222777777777777
0 0.20006 0.0084316665486347 0.0001 0.9659481645855584 0.8118779105689221 0.0001 0.9659481646855482 0.0001 0.2222777777777777
0 0.20006 0.1905380951417426 0.0001 0.0210701150579025 0.0001 0.0001 0.0003546040166 0.9999 0.0001
0 0.0371296295926 0.1327265306535388 0.0001 0.0023682905751389 0.0001 0.0001 0.0023682905751389 0.9999 0.0001
1 0.0597895527014 0.2130203700518715 0.5 0.6648628983654545 0.0001 0.0001 0.4141837222853251 0.8063903226774001 0.6666333333333333
0 0.1334066663333999 0.0387827379808193 0.0001 0.1206318700844525 0.6977216418951675 0.9935583910708118 0.1206318700844525 0.0001 0.0001
0 0.03134375 0.0059467838623865 0.0001 0.9538699029466896 0.8679546737274111 0.9935583910708118 0.9538699029466896 0.0001 0.0001
0 0.1429285715714 0.0303518851424466 0.0001 0.1192315477931726 0.3172007463159851 0.0001 0.1192315477931726 0.0001 0.0001
1 0.0780064935844 0.2216673994082223 0.9999 0.6895006342894552 0.3903778420099519 0.0001 0.6894057364250865 0.9229923076154 0.4444555555555555
1 0.375025 0.204990986010868 0.5 0.7085506380860831 0.0001 0.0001 0.7085341053473441 0.9999 0.6666333333333333
0 0.0667533336666 0.1568146827765493 0.0001 0.6080828894965719 0.0001 0.9935583910708118 0.6080828894965719 0.59998 0.0001
0 0.25005 0.0303518851424466 0.0001 0.9097925418764208 0.3172007463159851 0.9935583910708118 0.9097925418764208 0.0001 0.2222777777777777
0 0.0260688311948 0.0230839083134385 0.0001 0.3191188698960728 0.8748606789675165 0.9935583910708118 0.3167927147353466 0.0001 0.0001
0 0.0421084036386 0.1179030521905241 0.0001 0.0126830610150642 0.6830862222490127 0.9935583910708118 0.0126830610150642 0.7575242428484 0.6666333333333333
0 0.20006 0.0363739231731992 0.0001 0.0010335481941866 0.1813004266474776 0.93531912931243 0.0010335481941866 0.0001 0.2222777777777777
0 0.9999 0.0965943024690231 0.0001 0.0006092081331899 0.4531010659844927 0.5146375259247403 0.0002967395310026 0.0001 0.0001
0 0.05009 0.0801705627530441 0.0001 0.7448098914440248 0.0001 0.0001 0.7448098914440248 0.0001 0.4444555555555555
0 0.0278722224443999 0.0801705627530441 0.0001 0.0008869579240308 0.0001 0.0001 0.0008869579240308 0.0001 0.0001
0 0.0589117642942 0.0122857710501887 0.0001 0.9842372219444406 0.7249017053215078 0.9935583910708118 0.9842372219444406 0.0001 0.4444555555555555
0 0.0435695653478 0.1568146827765493 0.0001 0.2663695407120138 0.0001 0.0001 0.2663695407120138 0.9999 0.2222777777777777
0 0.0770076923846 0.0053451173744458 0.0001 0.812270374705767 0.8815325826790495 0.9935583910708118 0.812270374705767 0.0001 0.6666333333333333
0 0.015481538077 0.0208331800964801 0.0001 0.9960670517465096 0.5320109296724792 0.9935583910708118 0.9960670517465096 0.0001 0.4444555555555555
0 0.1429285715714 0.0219210312923715 0.0001 0.0002983927648806 0.5074611941055762 0.6764132533646445 0.0002983927648806 0.0001 0.6666333333333333
0 0.0031205437704 0.0477095232795844 0.0001 0.8529726340167122 0.0001 0.0001 0.8529726340167122 0.0001 0.4444555555555555
0 0.0375925 0.1399529760881015 0.0001 0.4109614931648851 0.126940298526394 0.0001 0.410944960426146 0.954454545909 0.6666333333333333
0 0.1875625 0.1778918153783323 0.0001 0.0145148875474618 0.0001 0.0001 0.0145082744119701 0.9999 0.6666333333333333
0 0.0105145836665999 0.0072863435755817 0.0001 0.9752301904988516 0.8377246122879141 0.9935583910708118 0.9752301904988516 0.0001 0.6666333333333333
0 0.1364363632728 0.0830447171527553 0.0001 0.8424393009386375 0.5550263060529741 0.9934936808266296 0.84242938133539 0.0001 0.6666333333333333
0 0.0286657147142 0.0219210312923715 0.0001 0.0001069437022752 0.5074611941055762 0.0001 0.0001069437022752 0.0001 0.4444555555555555
0 0.4545545459089999 0.3495198977372285 0.0001 0.8325942826965568 0.0001 0.0001 0.7734987648971816 0.9999 0.6666333333333333
0 0.0205040813674 0.0286657141700911 0.0001 0.863091987592729 0.3552528358739034 0.9935583910708118 0.863091987592729 0.0001 0.0001
0 0.2308230771538 0.1399529760881015 0.0001 0.0010559224459525 0.126940298526394 0.9935583910708118 0.0009841704558146 0.9999 0.4444555555555555
0 0.1667333336665999 0.0504562274601376 0.9999 0.7770913699011059 0.9172529277086646 0.9935583910708118 0.7770103595412776 0.0001 0.4444555555555555
0 0.1111888887778 0.1568146827765493 0.0001 0.976070053206846 0.0001 0.9935583910708118 0.976070053206846 0.9999 0.6666333333333333
0 0.0257358977948 0.0477095232795844 0.0001 0.965701243196984 0.0001 0.9935583910708118 0.965701243196984 0.0001 0.2222777777777777
0 0.0213723406808 0.069133809413004 0.0001 0.0962394798073615 0.3552528358739034 0.9935583910708118 0.0962312134379919 0.0001 0.6666333333333333
0 0.015481538077 0.0188552665318994 0.0001 0.0001033065677458 0.5766468120601562 0.9935583910708118 0.0001033065677458 0.0001 0.6666333333333333
0 0.0589117642942 0.03418409033426 0.0001 0.0001138875045405 0.2307187248240624 0.0001 0.0001138875045405 0.0001 0.4444555555555555
1 0.2353470591764 0.1905380951417426 0.9999 0.1290777806132088 0.126940298526394 0.0001 0.103179920010438 0.8181181816364 0.4444555555555555
0 0.25005 0.0946926065150229 0.0001 0.9920753893411088 0.6676805179591463 0.9935583910708118 0.9920158715216436 0.9999 0.6666333333333333
0 0.0205040813674 0.0171034016771313 0.0001 0.9749623603112584 0.6161814503477434 0.9935583910708118 0.9749623603112584 0.0001 0.6666333333333333
0 0.0371296295926 0.0477095232795844 0.0001 0.9538390418477084 0.8208313440029749 0.9935583910708118 0.9430762345279162 0.0001 0.2222777777777777
0 0.0527210526842 0.1327265306535388 0.0001 0.0001082663693696 0.0001 0.0001 0.0001082663693696 0.8332666663334 0.6666333333333333
1 0.5 0.3675860118294864 0.9999 0.8242582574261894 0.3172007463159851 0.9999 0.8242202321470872 0.6666333336666 0.6666333333333333
0 0.5 0.0801705627530441 0.0001 0.3316308401545564 0.0001 0.0001 0.3316308401545564 0.0001 0.6666333333333333
0 0.5 0.0845502264075178 0.0001 0.383117068858863 0.1813004266474776 0.9935583910708118 0.3830244855619193 0.0001 0.0001
0 0.040092 0.1327265306535388 0.0001 0.0001148795048612 0.0001 0.0001 0.0001148795048612 0.9090090908182 0.6666333333333333
0 0.018964151415 0.0141387059845284 0.0001 0.0001033065677458 0.6830862222490127 0.9934936808266296 0.0001033065677458 0.0001 0.6666333333333333
0 0.045545454091 0.0084316665486347 0.0001 0.9816796085413554 0.8118779105689221 0.9935583910708118 0.9816796085413554 0.0001 0.4444555555555555
0 0.0130844155974 0.0208331800964801 0.0001 0.1195390565937361 0.5320109296724792 0.0001 0.1195390565937361 0.0001 0.6666333333333333
0 0.05009 0.0444033072142027 0.0001 0.7834124940349788 0.0001 0.0001 0.7834124940349788 0.0001 0.2222777777777777
0 0.0417583336666 0.1568146827765493 0.0001 0.0454889576769802 0.0001 0.0001 0.0453732286057957 0.9999 0.0001
0 0.0061410875408 0.0725061503460126 0.0001 0.0937595702963485 0.3172007463159851 0.0001 0.0936091224138177 0.0001 0.0001
0 0.25005 0.0106798938373071 0.0001 0.9193671970854164 0.7611417911583644 0.9935583910708118 0.9193671970854164 0.0001 0.2222777777777777
0 0.0083628101073999 0.1006089944895248 0.0001 0.0025220450254156 0.0001 0.0001 0.0025220450254156 0.8181181816364 0.6666333333333333
0 0.1515848489695999 0.0769434415798147 0.0001 0.0060484763786733 0.8679546737274111 0.9935583910708118 0.0001810103598281 0.0001 0.0001
0 0.1035275863448 0.1261570341601258 0.0001 0.6902373327637112 0.2307187248240624 0.9935583910708118 0.6902323729620875 0.7999400000000001 0.6666333333333333
0 0.1111888887778 0.0117255813247649 0.0001 0.7852487293243707 0.7375435962901706 0.9934936808266296 0.7852487293243707 0.0001 0.2222777777777777
0 0.0527210526842 0.0171034016771313 0.0001 0.9826087479785476 0.6161814503477434 0.9935583910708118 0.9826087479785476 0.0001 0.6666333333333333
0 0.5 0.0303518851424466 0.0001 0.6431719562384882 0.3172007463159851 0.0001 0.6431719562384882 0.0001 0.0001
1 0.075085 0.1327265306535388 0.5 0.992329001457378 0.1813004266474776 0.9935583910708118 0.8223923735159826 0.9999 0.4444555555555555
1 0.0625875 0.8312829361506289 0.9999 0.0002620207196563 0.0001 0.0001 0.0001424340360966 0.954454545909 0.2222777777777777
1 0.0303054377039999 0.24760848545387 0.5 0.985394513056246 0.6830862222490127 0.9935583910708118 0.8326899498836215 0.8481446431428 0.0001
0 0.0105145836665999 0.0171034016771313 0.0001 0.9631761768234725 0.6161814503477434 0.9935583910708118 0.9631761768234725 0.0001 0.6666333333333333
0 0.0001 0.1006089944895248 0.0001 0.0001254604416559 0.0001 0.0001 0.0001254604416559 0.0001 0.4444555555555555
0 0.1111888887778 0.0271092485015011 0.0001 0.3088305518981243 0.3903778420099519 0.9999 0.3088305518981243 0.0001 0.0001
0 0.470594117353 0.1568146827765493 0.0001 0.3825863681853101 0.7928518657899629 0.9935583910708118 0.0009332495725026 0.9999 0.6666333333333333
0 0.0334266663334 0.0801705627530441 0.0001 0.1947795120997759 0.0001 0.0001 0.1947795120997759 0.0001 0.6666333333333333
0 0.03134375 0.0208331800964801 0.0001 0.9881604388274596 0.5320109296724792 0.0001 0.9881604388274596 0.0001 0.6666333333333333
0 0.0556444448888 0.0725061503460126 0.0001 0.000374443323085 0.0001 0.0001 0.000374443323085 0.0001 0.6666333333333333
0 0.3333666663334 0.0414451127211006 0.0001 0.0015118951284053 0.0668580519227549 0.9935583910708118 0.0015118951284053 0.0001 0.6666333333333333
0 0.9999 0.0514290177442296 0.0001 0.4514865215845389 0.5550263060529741 0.9934936808266296 0.4514799085490372 0.0001 0.6666333333333333
0 0.375025 0.1096019046559168 0.0001 0.5149804722157629 0.3552528358739034 0.9676095641562829 0.496880439063143 0.74995 0.6666333333333333
0 0.20006 0.0163004630706905 0.0001 0.826328706381067 0.6343014926319703 0.9935583910708118 0.826328706381067 0.0001 0.2222777777777777
0 0.1111888887778 0.0965943024690231 0.0001 0.1106791664629322 0.4531010659844927 0.9935583910708118 0.0001578645855872 0.8460846152308 0.0001
1 0.1800639999999999 0.3675860118294864 0.9999 0.8770373456199709 0.3172007463159851 0.9935583910708118 0.8770373456199709 0.9999 0.0001
0 0.0167633336666 0.0271092485015011 0.0001 0.0683305778802504 0.3903778420099519 0.0001 0.0683305778802504 0.0001 0.6666333333333333
0 0.0061410875408 0.1327265306535388 0.0001 0.0372297567870613 0.0001 0.0001 0.0372181838499458 0.8481446431428 0.2222777777777777
0 0.0087939128695999 0.0801705627530441 0.0001 0.7799907699604096 0.0001 0.9935583910708118 0.7799907699604096 0.0001 0.2222777777777777
0 0.2727727275454 0.0454637918606861 0.0001 0.996772338077155 0.8377246122879141 0.9935583910708118 0.993703863307002 0.0001 0.6666333333333333
0 0.0173379307242 0.0387827379808193 0.0001 0.5045979175870029 0.126940298526394 0.0001 0.5045979175870029 0.0001 0.2222777777777777
0 0.032351613387 0.1905380951417426 0.0001 0.0012966390580019 0.0001 0.0001 0.0001648082878625 0.74995 0.4444555555555555
0 0.040092 0.2130203700518715 0.0001 0.2402263343623434 0.0001 0.0001 0.1722867325439172 0.9999 0.6666333333333333
0 0.0001 0.0477095232795844 0.0001 0.0018127908934671 0.0001 0.9935583910708118 0.0018127908934671 0.0001 0.2222777777777777
0 0.20006 0.0059467838623865 0.0001 0.5200593269767092 0.8679546737274111 0.9934936808266296 0.5200593269767092 0.0001 0.6666333333333333
0 0.241431034138 0.1270587300944951 0.0001 0.9187152563944356 0.8208313440029749 0.9935583910708118 0.2955487074989783 0.9999 0.2222777777777777
0 0.0083628101073999 0.114660416561281 0.0001 0.0054747906243943 0.0001 0.9935583910708118 0.0054747906243943 0.8181181816364 0.6666333333333333
0 0.0834166663334 0.0188552665318994 0.0001 0.9502459284948644 0.5766468120601562 0.9935583910708118 0.9502459284948644 0.0001 0.6666333333333333
0 0.0909909091818 0.0893678570344604 0.0001 0.6167096681511388 0.0001 0.0001 0.6167096681511388 0.8332666663334 0.6666333333333333
0 0.030396969394 0.0604620742845073 0.0001 0.5627749421794196 0.0001 0.0001 0.5627749421794196 0.0001 0.6666333333333333
0 0.40002 0.1006089944895248 0.0001 0.488827346162855 0.0001 0.0001 0.4888190797934854 0.9999 0.6666333333333333
0 0.0257358977948 0.0477095232795844 0.0001 0.9266619887821574 0.0001 0.0001 0.9266619887821574 0.0001 0.2222777777777777
0 0.6249750000000001 0.1905380951417426 0.5 0.473115741513543 0.3552528358739034 0.9935583910708118 0.4319586117093937 0.5 0.2222777777777777
0 0.040092 0.0444033072142027 0.0001 0.0001578645855872 0.0001 0.9999 0.0001578645855872 0.0001 0.0001
0 0.10008 0.0604620742845073 0.0001 0.6296432230474925 0.0001 0.0001 0.6296432230474925 0.0001 0.2222777777777777
0 0.0169033616554 0.0845502264075178 0.0001 0.1567426595605046 0.1813004266474776 0.9935583910708118 0.1383830625896609 0.0001 0.6666333333333333
0 0.1923692304615999 0.1989689479801153 0.0001 0.9892714382907932 0.3172007463159851 0.9935583910708118 0.9890631259226648 0.9165833336666 0.0001
0 0.120076 0.1261570341601258 0.0001 0.9964273550421188 0.2307187248240624 0.9935583910708118 0.9964273550421188 0.9999 0.2222777777777777
0 0.0308630771538 0.1905380951417426 0.0001 0.805347018386049 0.0001 0.9935583910708118 0.8053045843499524 0.7825521742608 0.2222777777777777
0 0.1539153847692 0.0579701966879964 0.0001 0.9130985368798054 0.4812183739394952 0.9934936808266296 0.9130522452313335 0.0001 0.0001
0 0.1334066663333999 0.1905380951417426 0.0001 0.1014246950808742 0.0001 0.0001 0.0799183685031657 0.5714142852858 0.2222777777777777
0 0.1429285715714 0.0256680774479604 0.0001 0.9807025242218136 0.4229009946651793 0.0001 0.9807025242218136 0.0001 0.6666333333333333
0 0.0260688311948 0.0534687402540796 0.0001 0.2721262373613082 0.5320109296724792 0.9935583910708118 0.2720782924789584 0.0001 0.6666333333333333
0 0.0186148152962 0.1568146827765493 0.0001 0.0020349907661358 0.0001 0.0001 0.0020349907661358 0.9999 0.4444555555555555
0 0.0286657147142 0.0556444446692672 0.0001 0.0001154305494906 0.0001 0.9935583910708118 0.0001154305494906 0.0001 0.2222777777777777
0 0.2308230771538 0.3675860118294864 0.0001 0.0080968816485686 0.0001 0.0001 0.0002074627018149 0.9999 0.6666333333333333
0 0.080084 0.1905380951417426 0.0001 0.0328596050134442 0.0001 0.0001 0.0328596050134442 0.74995 0.6666333333333333
0 0.0207144332886 0.1568146827765493 0.0001 0.8290428295575656 0.0001 0.0001 0.8290428295575656 0.74995 0.6666333333333333
0 0.74995 0.3675860118294864 0.0001 0.0404894600419842 0.0001 0.0001 0.0404828470064824 0.9999 0.6666333333333333
0 0.030396969394 0.1006089944895248 0.0001 0.0001254604416559 0.0001 0.0001 0.0001254604416559 0.8570714284286001 0.4444555555555555
0 0.0909909091818 0.0294915941397251 0.0001 0.2981256090639294 0.8025590312087699 0.9935583910708118 0.2981063208020736 0.0001 0.2222777777777777
0 0.0770076923846 0.0660208790875263 0.0001 0.6125963248726088 0.0001 0.0001 0.6125963248726088 0.0001 0.6666333333333333
0 0.0834166663334 0.0660208790875263 0.0001 0.3165033920073902 0.0001 0.0001 0.3165033920073902 0.0001 0.2222777777777777
0 0.0031205437704 0.0230839083134385 0.0001 0.0087256764653183 0.4812183739394952 0.0001 0.0087256764653183 0.0001 0.2222777777777777
0 0.9999 0.0303518851424466 0.0001 0.8976668863998315 0.7928518657899629 0.9935583910708118 0.897656966796584 0.0001 0.6666333333333333
0 0.25005 0.0088446060276005 0.0001 0.9908198937971888 0.8025590312087699 0.9935583910708118 0.9908198937971888 0.0001 0.9999
0 0.0870391306956 0.046009183415382 0.0001 0.0005265444394938 0.6161814503477434 0.0001 0.0005199313040022 0.0001 0.6666333333333333
0 0.0834166663334 0.0556444446692672 0.0001 0.0310768256526349 0.0001 0.0001 0.0310768256526349 0.0001 0.2222777777777777
0 0.0001 0.114660416561281 0.0001 0.0024493009349671 0.0001 0.0001 0.0024493009349671 0.9999 0.0001
0 0.0001 0.0271092485015011 0.0001 0.0025187384576698 0.3903778420099519 0.0001 0.0025187384576698 0.0001 0.0001
0 0.010098 0.0414451127211006 0.0001 0.0164872422591527 0.0668580519227549 0.0001 0.0164872422591527 0.0001 0.6666333333333333
0 0.9999 0.0965943024690231 0.0001 0.8721998687046312 0.4531010659844927 0.9935583910708118 0.8721998687046312 0.9999 0.0001
0 0.03134375 0.0097232017615027 0.0001 0.9236761777057002 0.7827316297181688 0.9935583910708118 0.9236761777057002 0.0001 0.0001
1 0.4615461543076 0.2641164504047757 0.9999 0.5708482050529663 0.2307187248240624 0.0001 0.5708482050529663 0.9999 0.4444555555555555
0 0.015481538077 0.114660416561281 0.0001 0.0201288516389655 0.0001 0.0001 0.0201288516389655 0.9165833336666 0.2222777777777777
0 0.10008 0.0725061503460126 0.0001 0.4971719662695866 0.0001 0.0001 0.4971719662695866 0.0001 0.2222777777777777
0 0.0169033616554 0.107221428643693 0.0001 0.0756826830179595 0.0001 0.0001 0.0755939573333911 0.7575242428484 0.2222777777777777
0 0.0082950816558 0.0271092485015011 0.0001 0.559951151822619 0.3903778420099519 0.9935583910708118 0.559951151822619 0.0001 0.6666333333333333
1 0.1573719103258 0.2130203700518715 0.5 0.988719245176867 0.9061021319689854 0.9935583910708118 0.9213020776626244 0.84368125 0.6666333333333333
0 0.0625875 0.0141387059845284 0.0001 0.0567378273557215 0.6830862222490127 0.9993176078023596 0.0567378273557215 0.0001 0.4444555555555555
0 0.0589117642942 0.0101911485106298 0.0001 0.8238366727883194 0.7721713821139808 0.9935583910708118 0.8238366727883194 0.0001 0.0001
0 0.1177235295882 0.1905380951417426 0.0001 0.1650189443337821 0.0001 0.0001 0.165000758261175 0.8888111112222 0.6666333333333333
0 0.20006 0.0444033072142027 0.0001 0.7534965185848304 0.0001 0.0001 0.7534965185848304 0.0001 0.2222777777777777
0 0.0164901643114 0.1568146827765493 0.0001 0.8207814242891495 0.0001 0.9999 0.8207814242891495 0.8332666663334 0.2222777777777777
0 0.0327021742608 0.1778918153783323 0.0001 0.0219805173778582 0.0001 0.9935583910708118 0.0020712525224423 0.9031451608388 0.2222777777777777
0 0.0308630771538 0.325431745614218 0.0001 0.7679279388710314 0.0001 0.9999 0.7621916325728514 0.9229923076154 0.2222777777777777
0 0.0527210526842 0.0188552665318994 0.0001 0.9723138168451072 0.5766468120601562 0.9935583910708118 0.9723138168451072 0.0001 0.6666333333333333
0 0.05009 0.0106798938373071 0.0001 0.0001046291348501 0.7611417911583644 0.9935583910708118 0.0001046291348501 0.0001 0.4444555555555555
1 0.0212438063927999 0.325431745614218 0.5 0.1794073794392672 0.1813004266474776 0.9934936808266296 0.0001132261709933 0.8481446431428 0.6666333333333333
0 0.5 0.024329847111694 0.0001 0.6523145560617467 0.4531010659844927 0.9935583910708118 0.6523145560617467 0.0001 0.2222777777777777
0 0.0223177775556 0.0444033072142027 0.0001 0.3728669413234185 0.0001 0.0001 0.3728669413234185 0.0001 0.9999
0 0.03134375 0.0208331800964801 0.0001 0.9714684432908598 0.5320109296724792 0.9934936808266296 0.9714684432908598 0.0001 0.2222777777777777
0 0.0968548391612 0.114660416561281 0.0001 0.566628721539736 0.3172007463159851 0.9935583910708118 0.005608705768186 0.6666333336666 0.0001
0 0.20006 0.0631385359687426 0.0001 0.029904875513814 0.4229009946651793 0.9935583910708118 0.0298863588744232 0.0001 0.4444555555555555
0 0.045545454091 0.0801705627530441 0.0001 0.0085505397635964 0.2307187248240624 0.0001 0.0085250793219404 0.0001 0.4444555555555555
1 0.0466023256744 0.1277427744488146 0.9999 0.0213285767868676 0.4812183739394952 0.5530754389652344 0.0113913037148378 0.8570714284286001 0.2222777777777777
0 0.0164901643114 0.0171034016771313 0.0001 0.0613014119926055 0.6161814503477434 0.9935583910708118 0.0613014119926055 0.0001 0.2222777777777777
0 0.029505882647 0.114660416561281 0.0001 0.9988977858055856 0.3172007463159851 0.9999 0.99601265911205 0.8888111112222 0.9999
1 0.0091616313112 0.114660416561281 0.5 0.8815044893475362 0.3172007463159851 0.9934936808266296 0.8809258437916335 0.8481446431428 0.0001
0 0.0375925 0.1778918153783323 0.0001 0.9471807602924572 0.0001 0.0001 0.9471543079504704 0.954454545909 0.6666333333333333
0 0.0001 0.1006089944895248 0.0001 0.0391304695975523 0.0001 0.0001 0.0391304695975523 0.9999 0.6666333333333333
0 0.03134375 0.0514290177442296 0.0001 0.0297536561088081 0.0001 0.0001 0.0297536561088081 0.0001 0.2222777777777777
1 0.1482185183704 0.325431745614218 0.9999 0.0135901567672741 0.3172007463159851 0.0001 0.0134242784352426 0.9999 0.2222777777777777
0 0.05009 0.325431745614218 0.0001 0.1074387512698851 0.0001 0.0001 0.1068369599397415 0.9999 0.0001
0 0.0541432431892 0.0893678570344604 0.0001 0.0010539385453009 0.126940298526394 0.9935583910708118 0.0010473254098093 0.9332466663334 0.6666333333333333
0 0.0556444448888 0.0097232017615027 0.0001 0.9867022520505824 0.7827316297181688 0.9935583910708118 0.9867022520505824 0.0001 0.6666333333333333
0 0.25005 0.0774654759616387 0.0001 0.6871622449580564 0.5969955221040889 0.9935583910708118 0.5367706106751747 0.0001 0.6666333333333333
0 0.0162258061936 0.0001 0.0001 0.9807207101944306 0.9999 0.9934936808266296 0.9807207101944306 0.0001 0.6666333333333333
0 0.0589117642942 0.1905380951417426 0.0001 0.1280385332400031 0.0001 0.0001 0.1280385332400031 0.74995 0.0001
0 0.0273054418232 0.2772554423798994 0.0001 0.660608475763012 0.0001 0.9935583910708118 0.6600915524050718 0.8124375 0.2222777777777777
0 0.0205040813674 0.0861043014233814 0.0001 0.4695620862958236 0.5320109296724792 0.9999 0.4695620862958236 0.0001 0.4444555555555555
0 0.0159698413968 0.0477095232795844 0.0001 0.0001115729371154 0.0001 0.9935583910708118 0.0001115729371154 0.0001 0.2222777777777777
0 0.0031205437704 0.0660208790875263 0.0001 0.038676370626823 0.0001 0.0001 0.038676370626823 0.0001 0.2222777777777777
1 0.0639170210426 0.2216673994082223 0.5 0.5619168934988081 0.3903778420099519 0.0001 0.0002322618099237 0.8063903226774001 0.6666333333333333
0 0.1380034477932 0.3560893942306415 0.5 0.0849803598585992 0.0001 0.0001 0.0848160244715278 0.7777222224444 0.4444555555555555
0 0.0286657147142 0.0286657141700911 0.0001 0.1424853840756947 0.3552528358739034 0.0001 0.1424853840756947 0.0001 0.2222777777777777
0 0.9999 0.1438441392478743 0.0001 0.7327694347064023 0.0001 0.9935583910708118 0.7251776049569645 0.9999 0.0001
0 0.0087939128695999 0.0097232017615027 0.0001 0.0001902687295185 0.7827316297181688 0.93531912931243 0.0001902687295185 0.0001 0.4444555555555555
0 0.0385538456924 0.03418409033426 0.0001 0.8649089346202653 0.2307187248240624 0.0001 0.8649089346202653 0.0001 0.0001
0 0.74995 0.0861043014233814 0.0001 0.0764812138791058 0.5320109296724792 0.9935583910708118 0.0764812138791058 0.0001 0.0001
0 0.05009 0.0198133183357039 0.0001 0.5375614263115708 0.5550263060529741 0.9676095641562829 0.5375614263115708 0.0001 0.2222777777777777
0 0.0462446152308 0.1327265306535388 0.0001 0.5072977124032595 0.1813004266474776 0.9935583910708118 0.5072910993677577 0.9229923076154 0.6666333333333333
1 0.0811648647838 0.4940488094635891 0.5 0.0212966134986378 0.0001 0.0001 0.0212734676244069 0.74995 0.6666333333333333
0 0.010098 0.114660416561281 0.0001 0.0001115729371154 0.0001 0.0001 0.0001115729371154 0.6666333336666 0.4444555555555555
0 0.0435695653478 0.0893678570344604 0.0001 0.3230420867790917 0.0001 0.0001 0.3230420867790917 0.8822764704117999 0.0001
0 0.1667333336665999 0.1362516254939585 0.0001 0.7781391042215169 0.7116431383842602 0.9935583910708118 0.7778767848801766 0.8181181816364 0.2222777777777777
0 0.0099019612155999 0.0477095232795844 0.0001 0.1722338277599537 0.0001 0.9999 0.1722338277599537 0.0001 0.6666333333333333
0 0.8420368419474 0.4642928567815348 0.9999 0.9650076726890964 0.5969955221040889 0.9935583910708118 0.9650076726890964 0.9999 0.9999
0 0.0667533336666 0.0514290177442296 0.0001 0.0007629624834767 0.5550263060529741 0.0001 0.0007629624834767 0.0001 0.6666333333333333
0 0.0435695653478 0.0256680774479604 0.0001 0.905266982518639 0.4229009946651793 0.9934936808266296 0.905266982518639 0.0001 0.6666333333333333
0 0.120076 0.0801705627530441 0.0001 0.9056720344177698 0.5766468120601562 0.9999 0.9056720344177698 0.0001 0.6666333333333333
0 0.25005 0.0587815061199382 0.0001 0.0007365101414899 0.7375435962901706 0.9935583910708118 0.0003777498908308 0.0001 0.0001
0 0.0566924532452 0.204990986010868 0.0001 0.7501916258706843 0.0001 0.0001 0.714085796196256 0.8570714284286001 0.6666333333333333
0 0.0099019612155999 0.0015094926285844 0.0001 0.9089769272319058 0.968091752245745 0.9935583910708118 0.9089769272319058 0.0001 0.6666333333333333
0 0.020096 0.0072863435755817 0.0001 0.9977104051172742 0.8377246122879141 0.9999 0.9977104051172742 0.0001 0.4444555555555555
1 0.1721967217704 0.4500617492849835 0.9999 0.5512251768356067 0.7721713821139808 0.9935583910708118 0.550773833288004 0.9766488371628 0.0001
0 0.20006 0.0477095232795844 0.0001 0.0001099196032475 0.5969955221040889 0.9935583910708118 0.0001099196032475 0.0001 0.6666333333333333
0 0.0087939128695999 0.0444033072142027 0.0001 0.9733355395792432 0.0001 0.0001 0.9733355395792432 0.0001 0.0001
0 0.0286657147142 0.0256680774479604 0.0001 0.8137960151046955 0.4229009946651793 0.9935583910708118 0.8137960151046955 0.0001 0.4444555555555555
0 0.7999400000000001 0.078126719579396 0.0001 0.0015383475703821 0.7611417911583644 0.9612032459827768 0.0015317344348904 0.0001 0.6666333333333333
0 0.0625875 0.0801705627530441 0.0001 0.0753084922178098 0.2307187248240624 0.0001 0.0669027010577352 0.0001 0.2222777777777777
0 0.20006 0.0072863435755817 0.0001 0.949387879814253 0.8377246122879141 0.9935583910708118 0.949387879814253 0.0001 0.6666333333333333
0 0.0625875 0.0331621687474359 0.0001 0.9800555433324568 0.7611417911583644 0.9935583910708118 0.980040112782966 0.0001 0.2222777777777777
0 0.029505882647 0.0725061503460126 0.0001 0.1987513351986916 0.0001 0.0001 0.1987513351986916 0.0001 0.4444555555555555
1 0.874925 0.202801154183631 0.9999 0.9548519471678452 0.5766468120601562 0.93531912931243 0.9547395245644166 0.9999 0.6666333333333333
0 0.125075 0.0725061503460126 0.0001 0.2929293718979305 0.0001 0.0001 0.2929293718979305 0.0001 0.0001
0 0.25005 0.0675468257420889 0.0001 0.8438323487608785 0.8208313440029749 0.8252469239691724 0.8437906863472469 0.0001 0.4444555555555555
0 0.1429285715714 0.0604620742845073 0.0001 0.9960730035484542 0.0001 0.9676742744004648 0.9960730035484542 0.0001 0.6666333333333333
1 0.0477095241904 0.6963892856781535 0.5 0.0070668925450632 0.0001 0.0001 0.007050359806324 0.8124375 0.6666333333333333
0 0.0909909091818 0.0444033072142027 0.0001 0.044412676925003 0.0001 0.0001 0.044412676925003 0.0001 0.0001
0 0.0001 0.0303518851424466 0.0001 0.0001462916484718 0.3172007463159851 0.9934936808266296 0.0001462916484718 0.0001 0.2222777777777777
0 0.1667333336665999 0.0256680774479604 0.0001 0.061917531782981 0.4229009946651793 0.9988646350932188 0.061917531782981 0.0001 0.6666333333333333
0 0.018964151415 0.0604620742845073 0.0001 0.8883242405778143 0.0001 0.0001 0.8883242405778143 0.0001 0.6666333333333333
0 0.1429285715714 0.1905380951417426 0.0001 0.0015962120559794 0.0001 0.0001 0.0015962120559794 0.9999 0.6666333333333333
0 0.0597895527014 0.0534687402540796 0.0001 0.9394302163911088 0.9002569568340085 0.9935583910708118 0.9391871852116344 0.0001 0.6666333333333333
0 0.1111888887778 0.114660416561281 0.0001 0.0009756836085993 0.0001 0.0001 0.0005320553857369 0.5714142852858 0.2222777777777777
0 0.0207144332886 0.0444033072142027 0.0001 0.9440593808383304 0.6343014926319703 0.9999 0.9440593808383304 0.0001 0.6666333333333333
0 0.1429285715714 0.0604620742845073 0.0001 0.9365838313046964 0.0001 0.0001 0.9365838313046964 0.0001 0.2222777777777777
0 0.0197039214314 0.0556444446692672 0.0001 0.1664513401022197 0.5074611941055762 0.0001 0.1662939484174236 0.0001 0.4444555555555555
0 0.0556444448888 0.0514290177442296 0.0001 0.8102831405892048 0.7928518657899629 0.9935583910708118 0.8102831405892048 0.0001 0.6666333333333333
1 0.3333666663334 0.1201587994629951 0.5 0.7387642026335576 0.7721713821139808 0.9935583910708118 0.7340771736007486 0.9999 0.0001
0 0.0099019612155999 0.0444033072142027 0.0001 0.0177966344873669 0.0001 0.0001 0.0177966344873669 0.0001 0.6666333333333333
0 0.3333666663334 0.024329847111694 0.0001 0.986031023197736 0.4531010659844927 0.0001 0.986031023197736 0.0001 0.4444555555555555
0 0.0001 0.0117255813247649 0.0001 0.0001033065677458 0.7375435962901706 0.9934936808266296 0.0001033065677458 0.0001 0.6666333333333333
0 0.0527210526842 0.024329847111694 0.0001 0.1232638807118744 0.4531010659844927 0.9935583910708118 0.1232638807118744 0.0001 0.6666333333333333
0 0.0477095241904 0.1327265306535388 0.0001 0.0309649541938255 0.0001 0.9935583910708118 0.0309649541938255 0.8460846152308 0.0001
0 0.0173379307242 0.0072863435755817 0.0001 0.9399080122806984 0.8377246122879141 0.9935583910708118 0.9399080122806984 0.0001 0.6666333333333333
0 0.20006 0.0725061503460126 0.0001 0.5956574405441595 0.0001 0.0001 0.5956574405441595 0.0001 0.2222777777777777
1 0.0909909091818 0.1027299637824916 0.5 0.984781148788987 0.8377246122879141 0.9935583910708118 0.9840173366391972 0.7142428568572 0.6666333333333333
0 0.0351807014562 0.1568146827765493 0.0001 0.0230209772292304 0.0001 0.0001 0.0001033065677458 0.7930448273104 0.6666333333333333
0 0.03134375 0.0271092485015011 0.0001 0.4412114297575837 0.3903778420099519 0.0001 0.4412114297575837 0.0001 0.6666333333333333
0 0.0909909091818 0.0444033072142027 0.0001 0.0001 0.0001 0.0001 0.0001 0.0001 0.6666333333333333
0 0.9999 0.114660416561281 0.5 0.0198549593605098 0.5550263060529741 0.9935583910708118 0.019554063695438 0.0001 0.0001
0 0.0334266663334 0.1230912693996537 0.0001 0.0768476893545152 0.0001 0.0001 0.0552834981912194 0.8420368419474 0.2222777777777777
0 0.1667333336665999 0.0514290177442296 0.0001 0.0001231457742409 0.0001 0.0001 0.0001231457742409 0.0001 0.0001
0 0.0625875 0.0256680774479604 0.0001 0.6097411223721975 0.4229009946651793 0.9988646350932188 0.6097411223721975 0.0001 0.6666333333333333
0 0.5 0.0869002906461667 0.0001 0.9979329357567064 0.7116431383842602 0.9934936808266296 0.9979048300808516 0.0001 0.6666333333333333
0 0.010098 0.0271092485015011 0.0001 0.0001115729371154 0.3903778420099519 0.9999 0.0001115729371154 0.0001 0.0001
0 0.5 0.1327265306535388 0.0001 0.0021329747204047 0.0001 0.0001 0.0021329747204047 0.9999 0.2222777777777777
0 0.0121821750816 0.2579849208838315 0.0001 0.853342636537713 0.0001 0.9935583910708118 0.5248257131354684 0.8481446431428 0.6666333333333333
1 0.065022077987 0.2411232141953837 0.9999 0.9664959491424696 0.126940298526394 0.0001 0.9245210002153184 0.8332666663334 0.0001
0 0.0534226663334 0.1500699998988297 0.0001 0.4915850055646988 0.3552528358739034 0.9935583910708118 0.0001115729371154 0.8918135136216 0.6666333333333333
1 0.6666333336666 0.1568146827765493 0.9999 0.937204910896696 0.3172007463159851 0.0001 0.8912720263751693 0.9999 0.0001
0 0.015481538077 0.0286657141700911 0.0001 0.6510106746797856 0.3552528358739034 0.0001 0.6510106746797856 0.0001 0.2222777777777777
0 0.0278722224443999 0.0387827379808193 0.0001 0.0003546040166 0.126940298526394 0.0001 0.0003546040166 0.0001 0.0001
0 0.2222777775556 0.0303518851424466 0.0001 0.6246167219258904 0.7928518657899629 0.93531912931243 0.6246167219258904 0.0001 0.2222777777777777
0 0.0715142852858 0.0256680774479604 0.0001 0.3657858076576568 0.4229009946651793 0.0001 0.3657858076576568 0.0001 0.6666333333333333
0 0.2353470591764 0.0675468257420889 0.0001 0.9372666330946584 0.8208313440029749 0.9935583910708118 0.4307125949130198 0.0001 0.2222777777777777
0 0.0107361703404 0.1568146827765493 0.0001 0.7009786476431304 0.0001 0.0001 0.7009786476431304 0.884538461923 0.2222777777777777
1 0.4827620692758 0.5127840392298314 0.9999 0.991944780765063 0.4229009946651793 0.9999 0.9907411980047856 0.9999 0.0001
0 0.030396969394 0.1568146827765493 0.0001 0.954136079900405 0.0001 0.0001 0.954136079900405 0.8888111112222 0.0001
0 0.25005 0.0414451127211006 0.0001 0.7955871965831662 0.0668580519227549 0.0001 0.7955871965831662 0.0001 0.6666333333333333
0 0.0870391306956 0.0375489547866724 0.0001 0.3175912455964929 0.7116431383842602 0.9935583910708118 0.0001385763237315 0.0001 0.2222777777777777
0 0.080084 0.0761717392843895 0.0001 0.9608599413659836 0.7721713821139808 0.9993176078023596 0.8448646524318091 0.0001 0.0001
0 0.0909909091818 0.0514290177442296 0.0001 0.2985505001695553 0.0001 0.0001 0.2985505001695553 0.0001 0.6666333333333333
0 0.0073449277246 0.0414451127211006 0.0001 0.8997318244084661 0.0668580519227549 0.9934936808266296 0.8997318244084661 0.0001 0.4444555555555555
1 0.30004 0.1599961367159995 0.9999 0.5115978756095446 0.8377246122879141 0.9935583910708118 0.1275260186390572 0.9999 0.6666333333333333
0 0.40002 0.2411232141953837 0.0001 0.0024906327818152 0.0001 0.0001 0.0014689100476794 0.6666333336666 0.6666333333333333
0 0.125075 0.0286657141700911 0.0001 0.8638095080940471 0.8118779105689221 0.0001 0.8610050058991121 0.0001 0.2222777777777777
0 0.5 0.0321846791057838 0.0001 0.9933847815693232 0.7721713821139808 0.9999 0.9801437179723956 0.0001 0.6666333333333333
0 0.0909909091818 0.0604620742845073 0.0001 0.9408411195191936 0.0001 0.9999 0.9408411195191936 0.0001 0.4444555555555555
0 0.0625875 0.0534687402540796 0.0001 0.9828716184645072 0.5320109296724792 0.0001 0.982855085725768 0.0001 0.6666333333333333
0 0.022567415618 0.0604620742845073 0.0001 0.86184211318398 0.4531010659844927 0.9934936808266296 0.855951501390894 0.0001 0.0001
0 0.0870391306956 0.325431745614218 0.0001 0.0823883584109311 0.0001 0.0001 0.0823668658705681 0.7999400000000001 0.6666333333333333
0 0.0069013604558 0.0444033072142027 0.0001 0.7869538048930976 0.0001 0.0001 0.7869538048930976 0.0001 0.4444555555555555
0 0.0435695653478 0.0188552665318994 0.0001 0.3293046850938201 0.5766468120601562 0.9999 0.3293046850938201 0.0001 0.6666333333333333
0 0.3333666663334 0.0928564860742567 0.0001 0.9652715350753868 0.4812183739394952 0.9999 0.9652553330034211 0.8570714284286001 0.4444555555555555
0 0.0103020411836 0.0660208790875263 0.0001 0.0001132261709933 0.0001 0.0001 0.0001132261709933 0.0001 0.6666333333333333
0 0.0556444448888 0.0414451127211006 0.0001 0.0001099196032475 0.0668580519227549 0.0001 0.0001099196032475 0.0001 0.6666333333333333
0 0.032880327623 0.107221428643693 0.0001 0.9659338362253164 0.5969955221040889 0.9935583910708118 0.2947248263851039 0.9766488371628 0.6666333333333333
0 0.0417583336666 0.0725061503460126 0.0001 0.0185935121146353 0.0001 0.0001 0.0185935121146353 0.0001 0.0001
0 0.3636636367272 0.0604620742845073 0.0001 0.9289534252315274 0.8608020262584182 0.9935583910708118 0.9289140772853308 0.0001 0.4444555555555555
0 0.0435695653478 0.0556444446692672 0.0001 0.553759644364461 0.0001 0.0001 0.553759644364461 0.0001 0.4444555555555555
0 0.0690517238966 0.1438441392478743 0.0001 0.4172836091990888 0.0001 0.0001 0.4172290511812474 0.9332466663334 0.6666333333333333
0 0.1334066663333999 0.0801705627530441 0.0001 0.04206006942229 0.7496108550440016 0.9295599135807472 0.0419608730898447 0.0001 0.6666333333333333
0 0.0223177775556 0.0444033072142027 0.0001 0.925659003165258 0.0001 0.0001 0.925659003165258 0.0001 0.2222777777777777
0 0.5 0.0084316665486347 0.0001 0.0040232168830188 0.8118779105689221 0.9935583910708118 0.0040232168830188 0.0001 0.4444555555555555
0 0.1471294122351999 0.304354613012435 0.0001 0.5109167271534507 0.0001 0.9935583910708118 0.5109167271534507 0.9999 0.2222777777777777
0 0.0073449277246 0.0725061503460126 0.0001 0.0001347187113563 0.0001 0.0001 0.0001347187113563 0.0001 0.0001
0 0.0228227275454 0.1327265306535388 0.0001 0.3919257075395713 0.0001 0.0001 0.3919257075395713 0.9999 0.6666333333333333
0 0.0417583336666 0.0141387059845284 0.0001 0.96191307624373 0.6830862222490127 0.9993176078023596 0.96191307624373 0.0001 0.4444555555555555
0 0.1053421053684 0.1905380951417426 0.0001 0.8654760073390426 0.0001 0.0001 0.8653949968792244 0.7272272724546001 0.0001
0 0.0173379307242 0.0256680774479604 0.0001 0.651418482102033 0.4229009946651793 0.9935583910708118 0.651418482102033 0.0001 0.6666333333333333
0 0.029505882647 0.004515399005978 0.0001 0.9973184692002088 0.9002569568340085 0.9935583910708118 0.9973184692002088 0.0001 0.2222777777777777
0 0.0541432431892 0.392878571356307 0.0001 0.0505463198975636 0.0001 0.0001 0.0505038858614669 0.9332466663334 0.2222777777777777
0 0.0228227275454 0.03418409033426 0.0001 0.5773997953288877 0.2307187248240624 0.9935583910708118 0.5773997953288877 0.0001 0.6666333333333333
0 0.0264105258421999 0.0141387059845284 0.0001 0.1070082390290882 0.6830862222490127 0.9999 0.1070082390290882 0.0001 0.9999
0 0.1177235295882 0.0801705627530441 0.0001 0.2742198320904268 0.2307187248240624 0.9935583910708118 0.2742198320904268 0.0001 0.2222777777777777
0 0.3333666663334 0.1568146827765493 0.0001 0.2345131738384043 0.0001 0.0001 0.2345131738384043 0.9999 0.2222777777777777
0 0.0001 0.0141387059845284 0.0001 0.0001231457742409 0.6830862222490127 0.9999 0.0001231457742409 0.0001 0.9999
0 0.0001 0.0141387059845284 0.0001 0.6998130901619555 0.6830862222490127 0.9935583910708118 0.6998130901619555 0.0001 0.6666333333333333
0 0.10008 0.046009183415382 0.0001 0.9837197475418712 0.6161814503477434 0.9935583910708118 0.9837147876402572 0.0001 0.6666333333333333
1 0.205187179359 0.7975595237854357 0.9999 0.4262874034699592 0.0001 0.0001 0.4262599581277522 0.5 0.6666333333333333
0 0.0073449277246 0.0801705627530441 0.0001 0.6324515828548025 0.0001 0.0001 0.6324515828548025 0.0001 0.2222777777777777
0 0.040092 0.5663132648209183 0.0001 0.0002620207196563 0.0001 0.0001 0.0002087853689092 0.6666333336666 0.4444555555555555
0 0.0845901405916 0.0845502264075178 0.0001 0.9784821785290242 0.9061021319689854 0.9935583910708118 0.972386560935556 0.0001 0.6666333333333333
0 0.2857571431428 0.0495129151483229 0.0001 0.0375218349381442 0.5766468120601562 0.9935583910708118 0.0375218349381442 0.0001 0.6666333333333333
1 0.1429285715714 0.7359776399400687 0.9999 0.0745793987793763 0.2758397789640208 0.9935583910708118 0.0745331071309044 0.7575242428484 0.2222777777777777
1 0.0926740744814 0.8312829361506289 0.9999 0.0022525615039544 0.0001 0.0001 0.0012341453375644 0.8063903226774001 0.0001
0 0.0278722224443999 0.2216673994082223 0.0001 0.803919692708153 0.0001 0.0001 0.2893533423284553 0.8213642852858 0.0001
0 0.1111888887778 0.0514290177442296 0.0001 0.6532056702198367 0.0001 0.0001 0.6532056702198367 0.0001 0.0001
0 0.2308230771538 0.42178435410626 0.0001 0.7002098756917167 0.0001 0.0001 0.7001668906109907 0.6666333336666 0.6666333333333333
0 0.010967391087 0.0208331800964801 0.0001 0.0014011258588446 0.5320109296724792 0.0001 0.0014011258588446 0.0001 0.6666333333333333
0 0.0278722224443999 0.0801705627530441 0.0001 0.0518039095310629 0.0001 0.9935583910708118 0.0518039095310629 0.0001 0.2222777777777777
0 0.1818818183635999 0.0579701966879964 0.0001 0.9993954210016603 0.4812183739394952 0.9999 0.9986107776450543 0.0001 0.4444555555555555
0 0.0477095241904 0.0171034016771313 0.0001 0.503533209772141 0.6161814503477434 0.9935583910708118 0.503533209772141 0.0001 0.2222777777777777
0 0.0141816900986 0.0188552665318994 0.0001 0.9097060205703494 0.5766468120601562 0.9999 0.9097060205703494 0.0001 0.6666333333333333
0 0.4666733336665999 0.1270587300944951 0.0001 0.6974766847312082 0.8208313440029749 0.8252469239691724 0.3474447273262039 0.5 0.4444555555555555
0 0.0625875 0.1006089944895248 0.0001 0.0935909364412005 0.0001 0.0001 0.0935909364412005 0.8570714284286001 0.6666333333333333
0 0.1539153847692 0.0761717392843895 0.0001 0.9854523776418332 0.7721713821139808 0.9935583910708118 0.9837164409741253 0.0001 0.0001
0 0.125075 0.0117255813247649 0.0001 0.7093210632713748 0.7375435962901706 0.9934936808266296 0.7093210632713748 0.0001 0.6666333333333333
0 0.0491098040784 0.1827557688221971 0.0001 0.0878689585032625 0.3903778420099519 0.9935583910708118 0.0285462157361557 0.8888111112222 0.0001
0 0.0001 0.0725061503460126 0.0001 0.0262448596835383 0.0001 0.0001 0.0262448596835383 0.0001 0.6666333333333333
0 0.5 0.0477095232795844 0.0001 0.7832697614771881 0.0001 0.0001 0.7832697614771881 0.0001 0.2222777777777777
0 0.0069013604558 0.0414451127211006 0.0001 0.7240335400161526 0.0668580519227549 0.0001 0.7240335400161526 0.0001 0.6666333333333333
0 0.0345758624482 0.0477095232795844 0.0001 0.6237840233980169 0.0001 0.0001 0.6237840233980169 0.0001 0.6666333333333333
0 0.0715142852858 0.2772554423798994 0.0001 0.5240095473463342 0.0001 0.0001 0.0192300221561353 0.9999 0.2222777777777777
0 0.3333666663334 0.0208331800964801 0.0001 0.000102314567425 0.5320109296724792 0.9935583910708118 0.000102314567425 0.0001 0.9999
0 0.1667333336665999 0.1230912693996537 0.0001 0.8110177448738916 0.0001 0.0001 0.8110177448738916 0.9999 0.2222777777777777
1 0.078345217826 0.2641164504047757 0.9999 0.4409898911184722 0.5766468120601562 0.9935583910708118 0.4074945796310927 0.9267439021464 0.6666333333333333
0 0.0667533336666 0.0286657141700911 0.0001 0.1911965387280353 0.3552528358739034 0.9935583910708118 0.1911965387280353 0.0001 0.4444555555555555
0 0.0105145836665999 0.0414451127211006 0.0001 0.985525121632292 0.0668580519227549 0.9934936808266296 0.985525121632292 0.0001 0.6666333333333333
0 0.2941588234705999 0.2411232141953837 0.5 0.0683300267356311 0.126940298526394 0.0001 0.0682837350871593 0.9999 0.2222777777777777
0 0.5555444448888 0.4480623380565073 0.5 0.6909835099855134 0.0001 0.0001 0.6908870690761946 0.9999 0.2222777777777777
0 0.1143628568572 0.2262452383602077 0.0001 0.3257732938389489 0.0001 0.0001 0.3257732938389489 0.9165833336666 0.2222777777777777
0 0.0257358977948 0.0604620742845073 0.0001 0.9988700108964946 0.0001 0.9999 0.9988700108964946 0.0001 0.4444555555555555
0 0.0909909091818 0.0219210312923715 0.0001 0.0281990284226121 0.5074611941055762 0.9935583910708118 0.0281990284226121 0.0001 0.0001
0 0.0031205437704 0.0122857710501887 0.0001 0.1426154415071212 0.7249017053215078 0.9934936808266296 0.1426154415071212 0.0001 0.6666333333333333
0 0.0091616313112 0.3675860118294864 0.0001 0.1140055518174312 0.0001 0.0001 0.0397405273970555 0.8481446431428 0.6666333333333333
0 0.5 0.2772554423798994 0.0001 0.0028659257712134 0.0001 0.9935583910708118 0.001095270392149 0.5 0.0001
1 0.5384538456924 0.1455735453214849 0.9999 0.5640479623624096 0.7611417911583644 0.9935583910708118 0.564003985281363 0.9999 0.4444555555555555
0 0.1111888887778 0.2411232141953837 0.0001 0.1806324547399074 0.0001 0.0001 0.0128632678073277 0.9999 0.6666333333333333
0 0.0130844155974 0.0604620742845073 0.0001 0.8194604591238198 0.0001 0.9935583910708118 0.8194604591238198 0.0001 0.6666333333333333
0 0.040092 0.0303518851424466 0.0001 0.9690188437342088 0.3172007463159851 0.0001 0.9690188437342088 0.0001 0.0001
0 0.0141816900986 0.0271092485015011 0.0001 0.0146669886638706 0.3903778420099519 0.0001 0.0146669886638706 0.0001 0.6666333333333333
0 0.0085016803278 0.1006089944895248 0.0001 0.0128087097894863 0.0001 0.0001 0.0128087097894863 0.7575242428484 0.6666333333333333
0 0.040092 0.0363739231731992 0.0001 0.6272592033011789 0.1813004266474776 0.0001 0.6272592033011789 0.0001 0.0001
0 0.0150223879254 0.0001 0.0001 0.0056583038844137 0.9999 0.9935583910708118 0.0056583038844137 0.0001 0.6666333333333333
0 0.0690517238966 0.2411232141953837 0.0001 0.0038843419376034 0.0001 0.0001 0.0018475096048235 0.9332466663334 0.2222777777777777
0 0.0093574071482 0.0556444446692672 0.0001 0.0025766030432571 0.0001 0.0001 0.0025766030432571 0.0001 0.0001
0 0.1579631580526 0.42178435410626 0.0001 0.0271574663819912 0.0001 0.9935583910708118 0.0023219989266671 0.9999 0.0001
0 0.9999 0.2579849208838315 0.0001 0.1271049850458165 0.0001 0.9935583910708118 0.0149210416358413 0.0001 0.2222777777777777
0 0.0173379307242 0.0660208790875263 0.0001 0.0209874514641963 0.0001 0.9935583910708118 0.0209874514641963 0.0001 0.6666333333333333
0 0.045545454091 0.0946926065150229 0.0001 0.6886164638336406 0.0668580519227549 0.9934936808266296 0.6886095201313653 0.9229923076154 0.4444555555555555
0 0.0909909091818 0.0208331800964801 0.0001 0.583382439374288 0.5320109296724792 0.9934936808266296 0.583382439374288 0.0001 0.2222777777777777
0 0.125075 0.0387827379808193 0.0001 0.9925002805467248 0.126940298526394 0.9935583910708118 0.9925002805467248 0.0001 0.0001
0 0.0031205437704 0.1006089944895248 0.0001 0.0001462916484718 0.0001 0.0001 0.0001462916484718 0.8481446431428 0.2222777777777777
0 0.0244853659512 0.0514290177442296 0.0001 0.570531107215939 0.0001 0.0001 0.570531107215939 0.0001 0.4444555555555555
0 0.0556444448888 0.0321846791057838 0.0001 0.1654653279797711 0.2758397789640208 0.9352544190682476 0.1654653279797711 0.0001 0.0001
0 0.0385538456924 0.0845502264075178 0.0001 0.5652498918888089 0.1813004266474776 0.9934936808266296 0.1582454847519757 0.0001 0.6666333333333333
0 0.060088 0.0640752975076399 0.0001 0.967294480003616 0.6977216418951675 0.9935583910708118 0.9672528174899946 0.0001 0.4444555555555555
0 0.3333666663334 0.0239047621456434 0.0001 0.5808419098545612 0.9999 0.9934936808266296 0.5808352967190695 0.0001 0.6666333333333333
0 0.0909909091818 0.0414451127211006 0.0001 0.5043267808316637 0.0668580519227549 0.0001 0.5043267808316637 0.0001 0.6666333333333333
1 0.0696513039566 0.1604022795783693 0.9999 0.9298395794880036 0.7827316297181688 0.9935583910708118 0.9298164337137624 0.877475509796 0.6666333333333333
0 0.2308230771538 0.2917083332490248 0.0001 0.7227704394364102 0.0001 0.0001 0.6828207500049133 0.9999 0.0001
0 0.0435695653478 0.0444033072142027 0.0001 0.864004594291182 0.0001 0.0001 0.864004594291182 0.0001 0.6666333333333333
0 0.0286657147142 0.1006089944895248 0.0001 0.322285218431567 0.0001 0.0001 0.322285218431567 0.9165833336666 0.4444555555555555
0 0.0518137931724 0.0604620742845073 0.0001 0.0079186587569566 0.7249017053215078 0.9935583910708118 0.0032756068051945 0.0001 0.4444555555555555
0 0.0093574071482 0.0271092485015011 0.0001 0.8458218975448559 0.3903778420099519 0.0001 0.8458218975448559 0.0001 0.6666333333333333
0 0.5 0.0371509601752798 0.0001 0.9918406246309938 0.9002569568340085 0.9935583910708118 0.9918406246309938 0.0001 0.2222777777777777
0 0.0834166663334 0.0387827379808193 0.0001 0.8999540242811349 0.6977216418951675 0.9935583910708118 0.8999169910023533 0.0001 0.4444555555555555
0 0.25005 0.0387827379808193 0.0001 0.985544960938777 0.126940298526394 0.9999 0.985544960938777 0.0001 0.0001
0 0.0099019612155999 0.1905380951417426 0.0001 0.2345741245138917 0.0001 0.0001 0.2345741245138917 0.8888111112222 0.4444555555555555
0 0.5 0.0444033072142027 0.0001 0.3322326315846901 0.0001 0.0001 0.3322326315846901 0.0001 0.6666333333333333
0 0.010967391087 0.0725061503460126 0.0001 0.7596147310079003 0.0001 0.0001 0.7596147310079003 0.0001 0.2222777777777777
0 0.0385538456924 0.0604620742845073 0.0001 0.908085813073816 0.0001 0.9935583910708118 0.908085813073816 0.0001 0.6666333333333333
0 0.0351807014562 0.0946926065150229 0.0001 0.4241116267987366 0.0668580519227549 0.9934936808266296 0.4241033604293671 0.8665933336666 0.6666333333333333
0 0.1556244448888 0.296107039165715 0.0001 0.8737853574898085 0.2758397789640208 0.9935583910708118 0.1653341683590959 0.8332666663334 0.2222777777777777
0 0.0164901643114 0.0249867960528436 0.0001 0.3425821207359717 0.85338928134167 0.9935583910708118 0.2746061469723111 0.0001 0.6666333333333333
0 0.021834782174 0.0230839083134385 0.0001 0.1319077432497998 0.4812183739394952 0.0001 0.1319077432497998 0.0001 0.2222777777777777
0 0.021834782174 0.1096019046559168 0.5 0.0225205866100294 0.3552528358739034 0.9935583910708118 0.022485867898673 0.8655985076716001 0.2222777777777777
0 0.116355814186 0.1688587588380546 0.5 0.9622023990716764 0.4531010659844927 0.9935583910708118 0.9622023990716764 0.9090090908182 0.2222777777777777
1 0.5714142852858 0.1957263123508721 0.9999 0.7826734809932976 0.6830862222490127 0.9934936808266296 0.683673838883901 0.6666333336666 0.6666333333333333
0 0.2222777775556 0.0477095232795844 0.0001 0.8806266013604396 0.5969955221040889 0.9935583910708118 0.880577003144222 0.0001 0.6666333333333333
0 0.0741592591852 0.0414451127211006 0.5 0.1303002107796403 0.968091752245745 0.9935583910708118 0.129862093403031 0.0001 0.6666333333333333
0 0.1667333336665999 0.0303518851424466 0.0001 0.98014041140465 0.3172007463159851 0.9935583910708118 0.98014041140465 0.0001 0.0001
0 0.0564267603944 0.1809028338878574 0.0001 0.9528514867802996 0.1813004266474776 0.0001 0.9528514867802996 0.9999 0.0001
0 0.0286657147142 0.0725061503460126 0.0001 0.0037292649202223 0.0001 0.0001 0.0037292649202223 0.0001 0.4444555555555555
0 0.0625875 0.0230839083134385 0.0001 0.1277978166279536 0.4812183739394952 0.9999 0.1277978166279536 0.0001 0.4444555555555555
0 0.0834166663334 0.0893678570344604 0.0001 0.0001231457742409 0.0001 0.0001 0.0001231457742409 0.74995 0.2222777777777777
0 0.0082950816558 0.1568146827765493 0.0001 0.0001132261709933 0.0001 0.0001 0.0001132261709933 0.89992 0.6666333333333333
0 0.0702614039122 0.325431745614218 0.0001 0.1767522229376145 0.0001 0.0001 0.1767522229376145 0.8665933336666 0.6666333333333333
0 0.0073449277246 0.0303518851424466 0.0001 0.5474722470416138 0.3172007463159851 0.0001 0.5474722470416138 0.0001 0.6666333333333333
0 0.1818818183635999 0.0375489547866724 0.0001 0.9970407194093678 0.7116431383842602 0.9935583910708118 0.9970214311475122 0.0001 0.2222777777777777
0 0.032880327623 0.325431745614218 0.0001 0.0083316463586836 0.0001 0.0001 0.008301887448951 0.8332666663334 0.6666333333333333
0 0.5 0.0556444446692672 0.0001 0.0058864555590269 0.0001 0.0001 0.0058864555590269 0.0001 0.0001
0 0.5 0.03418409033426 0.0001 0.651735910505844 0.2307187248240624 0.0001 0.651735910505844 0.0001 0.4444555555555555
0 0.20006 0.0080349203779803 0.0001 0.8463074087591856 0.8208313440029749 0.9935583910708118 0.8463074087591856 0.0001 0.2222777777777777
0 0.0173379307242 0.0106798938373071 0.0001 0.6800118390529838 0.7611417911583644 0.9612032459827768 0.6800118390529838 0.0001 0.6666333333333333
0 0.1429285715714 0.0725061503460126 0.0001 0.0201288516389655 0.0001 0.0001 0.0201288516389655 0.0001 0.2222777777777777
0 0.0308630771538 0.1905380951417426 0.0001 0.0002350173330402 0.0001 0.0001 0.0001925832969436 0.7825521742608 0.2222777777777777
0 0.017640351228 0.0363739231731992 0.0001 0.9232760856081932 0.1813004266474776 0.9999 0.9232760856081932 0.0001 0.6666333333333333
0 0.125075 0.0056407631144572 0.0001 0.0488798206525682 0.8748606789675165 0.9935583910708118 0.0488798206525682 0.0001 0.0001
1 0.1170978727446 0.2664157737222042 0.9999 0.6530783682115366 0.6977216418951675 0.9935583910708118 0.4558528156457909 0.8063903226774001 0.0001
0 0.20006 0.5952190475708713 0.0001 0.911763794398863 0.0001 0.0001 0.0001192881618657 0.7999400000000001 0.2222777777777777
0 0.1667333336665999 0.0801705627530441 0.0001 0.0431710688856236 0.0001 0.0001 0.0431710688856236 0.0001 0.6666333333333333
1 0.5714142852858 0.4141775692785568 0.5 0.0494931849198273 0.0668580519227549 0.9935583910708118 0.0004008956650718 0.9999 0.0001
0 0.0690517238966 0.1230912693996537 0.0001 0.5054311671595055 0.0001 0.0001 0.5054080213852646 0.9999 0.0001
0 0.20006 0.0444033072142027 0.0001 0.9355747836969248 0.0001 0.0001 0.9355747836969248 0.0001 0.6666333333333333
0 0.1177235295882 0.2411232141953837 0.0001 0.0067312780686451 0.0001 0.9935583910708118 0.0001925832969436 0.6999599999999999 0.0001
0 0.0107361703404 0.0256680774479604 0.0001 0.5266261274242654 0.4229009946651793 0.0001 0.5266261274242654 0.0001 0.6666333333333333
0 0.0299447758508 0.107221428643693 0.0001 0.3810570906518522 0.0001 0.9999 0.3810570906518522 0.879924 0.6666333333333333
0 0.2105842107367999 0.2262452383602077 0.0001 0.3294804830290992 0.0001 0.0001 0.3244231209085059 0.9090090908182 0.2222777777777777
0 0.0435695653478 0.1006089944895248 0.0001 0.7486821875437215 0.0001 0.0001 0.7486821875437215 0.8822764704117999 0.0001
0 0.0715142852858 0.0303518851424466 0.0001 0.4610721985860306 0.3172007463159851 0.0001 0.4610721985860306 0.0001 0.6666333333333333
0 0.045545454091 0.1327265306535388 0.0001 0.4672096991709663 0.0001 0.0001 0.1348241168035543 0.8635636367272 0.2222777777777777
0 0.0385538456924 0.0801705627530441 0.0001 0.0001099196032475 0.0001 0.0001 0.0001099196032475 0.0001 0.6666333333333333
0 0.10008 0.0660208790875263 0.0001 0.8773101356091881 0.3903778420099519 0.9935583910708118 0.6933901244614386 0.0001 0.6666333333333333
0 0.015481538077 0.0387827379808193 0.0001 0.0003997383813592 0.126940298526394 0.0001 0.0003997383813592 0.0001 0.9999
0 0.1429285715714 0.0303518851424466 0.0001 0.0389734086795197 0.3172007463159851 0.0001 0.0389734086795197 0.0001 0.0001
0 0.040092 0.0414451127211006 0.0001 0.984931596671518 0.0668580519227549 0.9935583910708118 0.984931596671518 0.0001 0.0001
0 0.0378283018302 0.325431745614218 0.0001 0.0012291854359507 0.0001 0.0001 0.0001016532338779 0.7825521742608 0.6666333333333333
0 0.0069013604558 0.0725061503460126 0.0001 0.0047787626634392 0.0001 0.9935583910708118 0.0047787626634392 0.0001 0.6666333333333333
0 0.0556444448888 0.0893678570344604 0.0001 0.4953809204394178 0.0001 0.0001 0.4953809204394178 0.9999 0.6666333333333333
0 0.0385538456924 0.0946926065150229 0.0001 0.9028614702319624 0.0668580519227549 0.0001 0.1414912158727943 0.7599480000000001 0.6666333333333333
0 0.1111888887778 0.0256680774479604 0.0001 0.9448430322946056 0.4229009946651793 0.9999 0.9448430322946056 0.0001 0.0001
0 0.05009 0.0080349203779803 0.0001 0.6615312225425581 0.8208313440029749 0.8252469239691724 0.6615312225425581 0.0001 0.4444555555555555
0 0.010967391087 0.0387827379808193 0.0001 0.6590592487341412 0.126940298526394 0.9935583910708118 0.6590592487341412 0.0001 0.4444555555555555
0 0.1111888887778 0.0230839083134385 0.0001 0.9098658370114986 0.4812183739394952 0.5530754389652344 0.9098658370114986 0.0001 0.2222777777777777
0 0.20006 0.0660208790875263 0.0001 0.113734414962102 0.0001 0.9935583910708118 0.113734414962102 0.0001 0.2222777777777777
0 0.0435695653478 0.0230839083134385 0.0001 0.9694678727143864 0.4812183739394952 0.9999 0.9694678727143864 0.0001 0.4444555555555555
0 0.1143628568572 0.0742999492527738 0.5 0.8261396821748046 0.7827316297181688 0.9935583910708118 0.8258966509953302 0.0001 0.0001
0 0.0417583336666 0.024329847111694 0.0001 0.1673887459087815 0.4531010659844927 0.0001 0.1673887459087815 0.0001 0.4444555555555555
0 0.0870391306956 0.1568146827765493 0.0001 0.2506882460170638 0.0001 0.0001 0.2504104961262328 0.9999 0.0001
0 0.0247864197284 0.1721435065789099 0.0001 0.1738441157532297 0.0001 0.0001 0.1737862511676424 0.8856371431428001 0.0001
0 0.0572314284286 0.0321846791057838 0.0001 0.9861236064946796 0.7721713821139808 0.9935583910708118 0.8765628561981375 0.0001 0.0001
0 0.0834166663334 0.0134901784539988 0.0001 0.5747297594223637 0.6977216418951675 0.0001 0.5747297594223637 0.0001 0.2222777777777777
0 0.045545454091 0.0893678570344604 0.0001 0.8353037745384262 0.0001 0.0001 0.8353037745384262 0.74995 0.6666333333333333
0 0.030396969394 0.0117255813247649 0.0001 0.6759728930987804 0.7375435962901706 0.9934936808266296 0.6759728930987804 0.0001 0.6666333333333333
0 0.2692769228462 0.1568146827765493 0.0001 0.5044590426415875 0.7249017053215078 0.0001 0.2346211876848385 0.7999400000000001 0.2222777777777777
1 0.4545545459089999 0.1905380951417426 0.9999 0.7829380047131352 0.3552528358739034 0.0001 0.7828801401275478 0.9999 0.2222777777777777
0 0.20006 0.1327265306535388 0.0001 0.0003794031247088 0.0001 0.0001 0.0003794031247088 0.9999 0.6666333333333333
0 0.25005 0.0541782086892355 0.0001 0.9564787677998704 0.7721713821139808 0.9999 0.9564572752595074 0.0001 0.6666333333333333
0 0.0518137931724 0.0965943024690231 0.0001 0.7030386258501412 0.4531010659844927 0.9935583910708118 0.7030386258501412 0.9999 0.0001
0 0.0770076923846 0.0148213653182882 0.0001 0.9938394316846716 0.6676805179591463 0.9935583910708118 0.9938394316846716 0.0001 0.6666333333333333
1 0.2667133336666 0.1380794530103071 0.5 0.9377858710200238 0.4229009946651793 0.9935583910708118 0.937540525273124 0.6666333336666 0.4444555555555555
0 0.0278722224443999 0.0660208790875263 0.0001 0.1708351588025417 0.0001 0.9935583910708118 0.1708351588025417 0.0001 0.0001
0 0.0477095241904 0.0117255813247649 0.0001 0.9639102300635298 0.7375435962901706 0.9934936808266296 0.9639102300635298 0.0001 0.6666333333333333
0 0.1765352938824 0.1399529760881015 0.0001 0.657800115955702 0.126940298526394 0.9935583910708118 0.0194664402001182 0.9999 0.6666333333333333
1 0.080084 0.6626658733129602 0.9999 0.2843978217745059 0.0001 0.0001 0.0131264688600709 0.6666333336666 0.4444555555555555
0 0.1111888887778 0.0660208790875263 0.0001 0.0137136011631989 0.0001 0.9935583910708118 0.0137136011631989 0.0001 0.2222777777777777
1 0.8460846152308 0.325431745614218 0.5 0.9646376701680954 0.5766468120601562 0.9935583910708118 0.938580434079867 0.6666333336666 0.6666333333333333
0 0.025095 0.0163004630706905 0.0001 0.9893485910382462 0.6343014926319703 0.9935583910708118 0.9893485910382462 0.0001 0.2222777777777777
0 0.0130844155974 0.0604620742845073 0.0001 0.5945359703329591 0.0001 0.0001 0.5945359703329591 0.0001 0.6666333333333333
0 0.0091616313112 0.0801705627530441 0.0001 0.9725750339971988 0.5766468120601562 0.93531912931243 0.0850782336239402 0.0001 0.6666333333333333
0 0.120076 0.1905380951417426 0.0001 0.178946116288417 0.0001 0.0001 0.178946116288417 0.9090090908182 0.6666333333333333
0 0.05009 0.1006089944895248 0.0001 0.1543900520577916 0.0001 0.0001 0.1543900520577916 0.9332466663334 0.2222777777777777
1 0.0902459012132 0.5181369615865997 0.9999 0.9190304805197396 0.1813004266474776 0.9935583910708118 0.9189296308534262 0.9766488371628 0.6666333333333333
0 0.0286657147142 0.0037622705545669 0.0001 0.6745160288890075 0.9172529277086646 0.9935583910708118 0.6745160288890075 0.0001 0.4444555555555555
0 0.0909909091818 0.0106798938373071 0.0001 0.8752418910328078 0.7611417911583644 0.9612032459827768 0.8752418910328078 0.0001 0.6666333333333333
0 0.029505882647 0.0171034016771313 0.0001 0.0635349838563881 0.6161814503477434 0.9935583910708118 0.0635349838563881 0.0001 0.2222777777777777
1 0.5555444448888 0.3495198977372285 0.5 0.9094970468686742 0.0001 0.9999 0.9080064559478656 0.9999 0.4444555555555555
1 0.4285857147142 0.2641164504047757 0.5 0.4309455962003289 0.0001 0.0001 0.4309340232632135 0.7999400000000001 0.4444555555555555
0 0.25005 0.0414451127211006 0.0001 0.0037851456051581 0.0668580519227549 0.0001 0.0037851456051581 0.0001 0.6666333333333333
0 0.0509372885084 0.0414451127211006 0.0001 0.9354970798048524 0.8679546737274111 0.9934936808266296 0.9354970798048524 0.0001 0.6666333333333333
0 0.0001 0.0219210312923715 0.0001 0.0267920929958405 0.5074611941055762 0.6764132533646445 0.0267920929958405 0.0001 0.6666333333333333
0 0.0682681816364 0.0477095232795844 0.0001 0.6592745048045447 0.8208313440029749 0.8252469239691724 0.6592629319674191 0.0001 0.4444555555555555
0 0.25005 0.0604620742845073 0.0001 0.887016501583478 0.0001 0.0001 0.887016501583478 0.0001 0.6666333333333333
0 0.0286657147142 0.0072863435755817 0.0001 0.9893362465786556 0.8377246122879141 0.9999 0.9893362465786556 0.0001 0.4444555555555555
0 0.040092 0.0117255813247649 0.0001 0.951933920280223 0.7375435962901706 0.9934936808266296 0.951933920280223 0.0001 0.6666333333333333
0 0.045545454091 0.0477095232795844 0.0001 0.7520730505193095 0.0001 0.0001 0.7520730505193095 0.0001 0.6666333333333333
0 0.0228227275454 0.1327265306535388 0.0001 0.0001077152247503 0.0001 0.9935583910708118 0.0001077152247503 0.9374125 0.2222777777777777
0 0.1667333336665999 0.114660416561281 0.0001 0.4443493419504497 0.0001 0.0001 0.4443493419504497 0.9999 0.0001
0 0.0069013604558 0.0256680774479604 0.0001 0.8508941391703105 0.4229009946651793 0.0001 0.8508941391703105 0.0001 0.0001
0 0.2667133336666 0.3560893942306415 0.9999 0.0002234443959248 0.0001 0.0001 0.0001038576123751 0.0001 0.2222777777777777
0 0.2222777775556 0.0946926065150229 0.0001 0.8731102710245869 0.0668580519227549 0.0001 0.8729559655296809 0.9999 0.2222777777777777
0 0.0667533336666 0.0188552665318994 0.0001 0.99361789314555 0.5766468120601562 0.9935583910708118 0.99361789314555 0.0001 0.6666333333333333
1 0.125075 0.1778918153783323 0.9999 0.9743258501697684 0.5550263060529741 0.9935583910708118 0.9743060108632832 0.9999 0.6666333333333333
0 0.40002 0.046009183415382 0.0001 0.0941001444744005 0.6161814503477434 0.0001 0.0311600403909603 0.0001 0.6666333333333333
0 0.9999 0.5663132648209183 0.0001 0.5401978456959872 0.0001 0.0001 0.4830111316940954 0.0001 0.6666333333333333
0 0.5 0.1721435065789099 0.0001 0.0086854468077189 0.0001 0.0001 0.0054797504260181 0.9999 0.6666333333333333
0 0.0715142852858 0.0801705627530441 0.0001 0.2673267858250606 0.0001 0.0001 0.2673267858250606 0.0001 0.6666333333333333
0 0.0105145836665999 0.114660416561281 0.0001 0.9647299228982554 0.0001 0.9935583910708118 0.9647299228982554 0.9999 0.4444555555555555
0 0.40002 0.069133809413004 0.0001 0.9368577235831522 0.3552528358739034 0.0001 0.9368577235831522 0.0001 0.0001
0 0.0124432098642 0.0256680774479604 0.0001 0.2695405183823582 0.4229009946651793 0.0001 0.2695405183823582 0.0001 0.0001
0 0.3333666663334 0.0256680774479604 0.0001 0.498555204677508 0.4229009946651793 0.5146375259247403 0.498555204677508 0.0001 0.6666333333333333
0 0.0286657147142 0.1327265306535388 0.0001 0.1705921277230571 0.0001 0.0001 0.1705921277230571 0.9472789473158 0.2222777777777777
0 0.0385538456924 0.0321846791057838 0.0001 0.2068616313510198 0.2758397789640208 0.9352544190682476 0.2068616313510198 0.0001 0.0001
0 0.011333707809 0.0477095232795844 0.0001 0.4619881118522294 0.0001 0.0001 0.4619881118522294 0.0001 0.6666333333333333
1 0.2941588234705999 0.304354613012435 0.5 0.7282675721674908 0.0001 0.0001 0.2165597309559401 0.5 0.0001
0 0.0715142852858 0.0801705627530441 0.0001 0.7833013940986443 0.0001 0.0001 0.7833013940986443 0.0001 0.4444555555555555
0 0.1539153847692 0.0208331800964801 0.0001 0.8729559655296809 0.9002569568340085 0.9935583910708118 0.8706490986308104 0.0001 0.2222777777777777
0 0.0790315785264 0.204990986010868 0.0001 0.0581447626825031 0.0001 0.0001 0.0575991826040788 0.9229923076154 0.6666333333333333
0 0.2727727275454 0.1261570341601258 0.0001 0.9803602967098936 0.2307187248240624 0.9935583910708118 0.9801867030531216 0.9999 0.0001
0 0.017640351228 0.0171034016771313 0.0001 0.001326728634508 0.6161814503477434 0.9935583910708118 0.001326728634508 0.0001 0.2222777777777777
0 0.0909909091818 0.0198133183357039 0.0001 0.2047823649821432 0.5550263060529741 0.9935583910708118 0.2047823649821432 0.0001 0.2222777777777777
0 0.0164901643114 0.392878571356307 0.0001 0.0075876735153787 0.0001 0.0001 0.0075876735153787 0.89992 0.4444555555555555
0 0.0435695653478 0.0387827379808193 0.0001 0.8955038542480004 0.126940298526394 0.6764779636088267 0.8955038542480004 0.0001 0.2222777777777777
0 0.20006 0.1006089944895248 0.0001 0.2527713700983054 0.0001 0.0001 0.2527713700983054 0.5714142852858 0.4444555555555555
0 0.0667533336666 0.0725061503460126 0.0001 0.3870981502274792 0.0001 0.0001 0.3870981502274792 0.0001 0.0001
0 0.1429285715714 0.0514290177442296 0.0001 0.7521008255283905 0.0001 0.0001 0.7521008255283905 0.0001 0.4444555555555555
0 0.0345758624482 0.0893678570344604 0.0001 0.6676694946499689 0.0001 0.0001 0.6676694946499689 0.7777222224444 0.4444555555555555
1 0.10008 0.325431745614218 0.9999 0.397083919326478 0.0001 0.0001 0.3970525071828674 0.9999 0.6666333333333333
1 0.9165833336666 0.3061612241181501 0.9999 0.9991943830025808 0.6161814503477434 0.9935583910708118 0.9972005357505268 0.5 0.6666333333333333
0 0.045545454091 0.114660416561281 0.0001 0.2960110728390772 0.0001 0.0001 0.2959697409922291 0.9229923076154 0.6666333333333333
0 0.0130844155974 0.0208331800964801 0.0001 0.0001082663693696 0.5320109296724792 0.9935583910708118 0.0001082663693696 0.0001 0.6666333333333333
0 0.3333666663334 0.0893678570344604 0.0001 0.7277467911971754 0.0001 0.0001 0.7277467911971754 0.9999 0.0001
0 0.0385538456924 0.1905380951417426 0.0001 0.6902571720701964 0.0001 0.0001 0.6902571720701964 0.9090090908182 0.6666333333333333
0 0.0909909091818 0.0387827379808193 0.0001 0.9759625904050412 0.126940298526394 0.9935583910708118 0.9759625904050412 0.0001 0.4444555555555555
0 0.0073449277246 0.0414451127211006 0.0001 0.0001099196032475 0.0668580519227549 0.9935583910708118 0.0001099196032475 0.0001 0.6666333333333333
0 0.0244853659512 0.0725061503460126 0.0001 0.0033238823543179 0.0001 0.0001 0.0033238823543179 0.0001 0.6666333333333333
0 0.0173379307242 0.0230839083134385 0.0001 0.0001038576123751 0.4812183739394952 0.0001 0.0001038576123751 0.0001 0.2222777777777777
0 0.375025 0.3452690470650201 0.5 0.0002388749454154 0.0001 0.0001 0.0001092583696903 0.874925 0.4444555555555555
0 0.0385538456924 0.0198133183357039 0.0001 0.6011159969515085 0.5550263060529741 0.9935583910708118 0.6011159969515085 0.0001 0.0001
1 0.59998 0.42178435410626 0.5 0.6119482417940034 0.0001 0.9935583910708118 0.6118788043712907 0.6666333336666 0.0001
1 0.2857571431428 0.2130203700518715 0.9999 0.0042679012963713 0.0001 0.0001 0.0042629414947475 0.9999 0.6666333333333333
0 0.0286657147142 0.1905380951417426 0.0001 0.0001069437022752 0.0001 0.0001 0.0001069437022752 0.8570714284286001 0.4444555555555555
0 0.0667533336666 0.0141387059845284 0.0001 0.9817421022617928 0.6830862222490127 0.9993176078023596 0.9817421022617928 0.0001 0.4444555555555555
0 0.0001 0.0256680774479604 0.0001 0.0001694374227127 0.4229009946651793 0.0001 0.0001694374227127 0.0001 0.0001
0 0.0909909091818 0.0208331800964801 0.0001 0.000883651456275 0.5320109296724792 0.0001 0.000883651456275 0.0001 0.6666333333333333
0 0.5 0.0725061503460126 0.0001 0.0001082663693696 0.0001 0.0001 0.0001082663693696 0.0001 0.6666333333333333
0 0.0345758624482 0.1568146827765493 0.0001 0.0001562112517193 0.0001 0.0001 0.0001363720452242 0.8517814816296 0.6666333333333333
0 0.0909909091818 0.0514290177442296 0.0001 0.2704663512518045 0.0001 0.0001 0.2704663512518045 0.0001 0.2222777777777777
0 0.5 0.1006089944895248 0.0001 0.3342744237190937 0.0001 0.0001 0.3342744237190937 0.9999 0.6666333333333333
0 0.1429285715714 0.0134901784539988 0.0001 0.9866289569155046 0.6977216418951675 0.0001 0.9866289569155046 0.0001 0.2222777777777777
0 0.021834782174 0.107221428643693 0.0001 0.6612124714716529 0.0001 0.0001 0.1425162451746759 0.9031451608388 0.6666333333333333
0 0.015481538077 0.0001 0.0001 0.567919927795333 0.9999 0.9935583910708118 0.567919927795333 0.0001 0.6666333333333333
0 0.05009 0.0163004630706905 0.0001 0.0023352250976605 0.6343014926319703 0.9870873626531236 0.0023352250976605 0.0001 0.6666333333333333
0 0.0345758624482 0.0088446060276005 0.0001 0.2537735841927298 0.8025590312087699 0.9935583910708118 0.2537735841927298 0.0001 0.9999
0 0.10008 0.0477095232795844 0.0001 0.0390544190393479 0.0001 0.0001 0.0390544190393479 0.0001 0.2222777777777777
0 0.0625875 0.0801705627530441 0.0001 0.2920266848027252 0.2307187248240624 0.0001 0.2586203193777699 0.0001 0.4444555555555555
0 0.260917391087 0.3675860118294864 0.0001 0.8056903480872176 0.0001 0.0001 0.188078796508428 0.7999400000000001 0.0001
0 0.0223177775556 0.0725061503460126 0.0001 0.4531841023063712 0.0001 0.0001 0.4531841023063712 0.0001 0.4444555555555555
0 0.25005 0.1905380951417426 0.0001 0.071768724404641 0.0001 0.0001 0.071768724404641 0.74995 0.4444555555555555
1 0.1957130435652 0.1479401003089452 0.5 0.8597821349769692 0.8679546737274111 0.9935583910708118 0.8281186500219873 0.8332666663334 0.0001
0 0.0271216215946 0.1568146827765493 0.0001 0.0050609213112645 0.0001 0.0001 0.0050609213112645 0.6666333336666 0.2222777777777777
0 0.0173379307242 0.024329847111694 0.0001 0.8178979628282861 0.4531010659844927 0.93531912931243 0.8178979628282861 0.0001 0.6666333333333333
0 0.032351613387 0.2130203700518715 0.0001 0.1617619964019958 0.0001 0.0001 0.1617619964019958 0.74995 0.0001
0 0.0715142852858 0.0286657141700911 0.0001 0.3546146418709879 0.3552528358739034 0.9935583910708118 0.3546146418709879 0.0001 0.6666333333333333
0 0.2727727275454 0.1201587994629951 0.0001 0.2247748445758845 0.2758397789640208 0.0001 0.1030162459569138 0.9999 0.6666333333333333
1 0.0986718306902 0.2242615075069359 0.9999 0.8957229680307689 0.5074611941055762 0.9935583910708118 0.1305521695620417 0.9999 0.4444555555555555
0 0.020096 0.0477095232795844 0.0001 0.8112893224849322 0.0001 0.0001 0.8112893224849322 0.0001 0.4444555555555555
0 0.1026435901794 0.0919619661448764 0.5 0.5381963934081107 0.6830862222490127 0.9993176078023596 0.5381570454619141 0.8234647061175999 0.4444555555555555
0 0.10008 0.0591942776563088 0.0001 0.8706375256936949 0.8679546737274111 0.9935583910708118 0.8704986507482795 0.0001 0.0001
0 0.045545454091 0.0072863435755817 0.0001 0.0708799248139762 0.8377246122879141 0.9999 0.0708799248139762 0.0001 0.4444555555555555
0 0.1429285715714 0.114660416561281 0.0001 0.0132121083547493 0.0001 0.9935583910708118 0.0128533481040902 0.8570714284286001 0.0001
1 0.20006 0.3021742203684136 0.9999 0.8789931675929227 0.4812183739394952 0.9934936808266296 0.8786228344051482 0.7272272724546001 0.0001
0 0.0625875 0.0080349203779803 0.0001 0.450374199454111 0.8208313440029749 0.8252469239691724 0.450374199454111 0.0001 0.4444555555555555
0 0.0556444448888 0.114660416561281 0.0001 0.9999 0.0001 0.0001 0.9999 0.6428285715713999 0.4444555555555555
0 0.0625875 0.0414451127211006 0.0001 0.2047537082616592 0.0668580519227549 0.0001 0.2047537082616592 0.0001 0.6666333333333333
0 0.045545454091 0.0239047621456434 0.0001 0.9407655099166806 0.9999 0.9935583910708118 0.7974774387457805 0.0001 0.2222777777777777
0 0.0031205437704 0.0198133183357039 0.0001 0.6115624781567283 0.5550263060529741 0.9676095641562829 0.6115624781567283 0.0001 0.2222777777777777
1 0.874925 0.2166465440771841 0.5 0.8782111694705156 0.5320109296724792 0.9935583910708118 0.876189216542607 0.5 0.6666333333333333
0 0.1667333336665999 0.1006089944895248 0.0001 0.1895369832853052 0.0001 0.0001 0.1895369832853052 0.6666333336666 0.0001
0 0.0834166663334 0.107221428643693 0.0001 0.0563708007356928 0.0001 0.0001 0.0563360820243364 0.9999 0.6666333333333333
0 0.015481538077 0.0134901784539988 0.0001 0.8949730433855195 0.6977216418951675 0.9935583910708118 0.8949730433855195 0.0001 0.4444555555555555
0 0.10008 0.0477095232795844 0.0001 0.9884196720788996 0.0001 0.0001 0.9884196720788996 0.0001 0.4444555555555555
0 0.0334266663334 0.0660208790875263 0.0001 0.0013101958957688 0.0001 0.0001 0.0013101958957688 0.0001 0.6666333333333333
0 0.1305086960433999 0.0830447171527553 0.5 0.5886056799269029 0.5550263060529741 0.9935583910708118 0.5883857946216592 0.0001 0.0001
0 0.045545454091 0.0477095232795844 0.0001 0.3015411703577539 0.0001 0.9935583910708118 0.3015411703577539 0.0001 0.2222777777777777
1 0.0556444448888 0.3076825816907122 0.9999 0.9742861715567982 0.0668580519227549 0.0001 0.9742861715567982 0.8213642852858 0.6666333333333333
0 0.0286657147142 0.0141387059845284 0.0001 0.0081153982879593 0.6830862222490127 0.9993176078023596 0.0081153982879593 0.0001 0.4444555555555555
0 0.0541432431892 0.2772554423798994 0.0001 0.0169810197428621 0.0001 0.0001 0.0168112837984554 0.74995 0.2222777777777777
1 0.10008 0.3145532255616849 0.9999 0.4465151296253974 0.5320109296724792 0.0001 0.4460720524471644 0.6666333336666 0.6666333333333333
0 0.0435695653478 0.0660208790875263 0.0001 0.7937895377174957 0.0001 0.0001 0.7937895377174957 0.0001 0.2222777777777777
0 0.125075 0.0106798938373071 0.0001 0.0001046291348501 0.7611417911583644 0.9935583910708118 0.0001046291348501 0.0001 0.4444555555555555
0 0.0001 0.0256680774479604 0.0001 0.8678848260934748 0.4229009946651793 0.9935583910708118 0.8678848260934748 0.0001 0.6666333333333333
0 0.375025 0.1778918153783323 0.0001 0.1991342332239124 0.0001 0.0001 0.0005133182685004 0.6666333336666 0.6666333333333333
0 0.0001 0.0080349203779803 0.0001 0.9941436339174892 0.8208313440029749 0.9935583910708118 0.9941436339174892 0.0001 0.2222777777777777
0 0.0358071431428 0.0444033072142027 0.0001 0.5662517753164596 0.0001 0.0001 0.5662517753164596 0.0001 0.6666333333333333
0 0.0103020411836 0.0444033072142027 0.0001 0.0001694374227127 0.0001 0.9999 0.0001694374227127 0.0001 0.0001
0 0.0091616313112 0.1479401003089452 0.0001 0.9700604057748295 0.0668580519227549 0.9935583910708118 0.970014114126358 0.8481446431428 0.0001
0 0.03134375 0.0660208790875263 0.0001 0.0042431021882625 0.0001 0.0001 0.0042431021882625 0.0001 0.2222777777777777
0 0.25005 0.0893678570344604 0.0001 0.3118014834697201 0.0001 0.0001 0.3118014834697201 0.6666333336666 0.6666333333333333
0 0.025095 0.0271092485015011 0.0001 0.9697340496681018 0.3903778420099519 0.0001 0.9697340496681018 0.0001 0.4444555555555555
0 0.0385538456924 0.1006089944895248 0.0001 0.9795270471373908 0.0001 0.0001 0.9795270471373908 0.9332466663334 0.0001
0 0.0770076923846 0.0097232017615027 0.0001 0.0589614796162565 0.7827316297181688 0.9935583910708118 0.0589614796162565 0.0001 0.6666333333333333
0 0.0278722224443999 0.0171034016771313 0.0001 0.1985985727487356 0.6161814503477434 0.9935583910708118 0.1985985727487356 0.0001 0.2222777777777777
0 0.1429285715714 0.0556444446692672 0.0001 0.230759692999782 0.0001 0.0001 0.230759692999782 0.0001 0.6666333333333333
0 0.0667533336666 0.0725061503460126 0.0001 0.2452721236458113 0.0001 0.9935583910708118 0.2452721236458113 0.0001 0.0001
0 0.0278722224443999 0.0208331800964801 0.0001 0.969967822477886 0.5320109296724792 0.9934936808266296 0.969967822477886 0.0001 0.0001
0 0.0435695653478 0.0179535716092325 0.0001 0.9899228279371444 0.5969955221040889 0.9999 0.9899228279371444 0.0001 0.6666333333333333
0 0.0667533336666 0.1568146827765493 0.0001 0.238201074866689 0.0001 0.0001 0.238201074866689 0.9999 0.4444555555555555
0 0.7999400000000001 0.2579849208838315 0.0001 0.8488738395762699 0.0001 0.0001 0.8488738395762699 0.9999 0.6666333333333333
0 0.045545454091 0.0286657141700911 0.0001 0.0056472820919175 0.3552528358739034 0.9935583910708118 0.0056472820919175 0.0001 0.2222777777777777
0 0.025095 0.0660208790875263 0.0001 0.4858547612573913 0.0001 0.0001 0.4858547612573913 0.0001 0.6666333333333333
0 0.0001 0.0256680774479604 0.0001 0.9190999179424524 0.4229009946651793 0.0001 0.9190999179424524 0.0001 0.6666333333333333
1 0.0757151259496 0.6385777211899496 0.5 0.001371366949112 0.0001 0.0001 0.0005513435476026 0.7575242428484 0.6666333333333333
0 0.0073449277246 0.0444033072142027 0.0001 0.3321665006297332 0.0001 0.0001 0.3321665006297332 0.0001 0.6666333333333333
0 0.10008 0.1568146827765493 0.0001 0.7600815051049935 0.0001 0.9935583910708118 0.7600467862936474 0.874925 0.0001
1 0.59998 0.1905380951417426 0.9999 0.7651365526581618 0.7611417911583644 0.9935583910708118 0.7651296089558868 0.9999 0.4444555555555555
0 0.0417583336666 0.0263750672122827 0.0001 0.0433873170563378 0.8377246122879141 0.9999 0.0423712154573729 0.0001 0.4444555555555555
0 0.0205040813674 0.0321846791057838 0.0001 0.888587110963784 0.2758397789640208 0.9935583910708118 0.888587110963784 0.0001 0.2222777777777777
0 0.0375925 0.2641164504047757 0.0001 0.9840798303596344 0.0001 0.9935583910708118 0.9467363605471196 0.954454545909 0.4444555555555555
0 0.0271216215946 0.0514290177442296 0.0001 0.0001810103598281 0.0001 0.0001 0.0001810103598281 0.0001 0.0001
1 0.7691769228462 0.2544350878967898 0.5 0.9077716911377608 0.6676805179591463 0.9935583910708118 0.9039129518758308 0.5 0.6666333333333333
0 0.0061410875408 0.0631385359687426 0.0001 0.1222140524018739 0.4229009946651793 0.0001 0.1222140524018739 0.0001 0.6666333333333333
0 0.0520376623896 0.1721435065789099 0.0001 0.7665345603820168 0.2307187248240624 0.0001 0.766516043742626 0.9229923076154 0.4444555555555555
0 0.0093574071482 0.0556444446692672 0.0001 0.0005513435476026 0.0001 0.9935583910708118 0.0005513435476026 0.0001 0.2222777777777777
1 0.225055 0.42178435410626 0.9999 0.1163151742394182 0.1813004266474776 0.0001 0.0241716553055341 0.9090090908182 0.0001
0 0.10008 0.1568146827765493 0.0001 0.7455729320713396 0.0001 0.0001 0.745561359134224 0.9999 0.2222777777777777
0 0.040092 0.0219210312923715 0.0001 0.7062625082044591 0.5074611941055762 0.6764132533646445 0.7062625082044591 0.0001 0.6666333333333333
0 0.25005 0.0725061503460126 0.0001 0.0001655798103375 0.0001 0.9935583910708118 0.0001655798103375 0.0001 0.2222777777777777
0 0.20006 0.1006089944895248 0.0001 0.0003337728097841 0.0001 0.0001 0.0003337728097841 0.74995 0.4444555555555555
0 0.015481538077 0.0072863435755817 0.0001 0.992748271527823 0.8377246122879141 0.9935583910708118 0.992748271527823 0.0001 0.6666333333333333
0 0.0690517238966 0.0428842340656171 0.0001 0.3662530226104516 0.6514420741309764 0.9934936808266296 0.3661997872597045 0.0001 0.4444555555555555
1 0.280044 0.1491502703695178 0.9999 0.6492808000029499 0.7496108550440016 0.0001 0.6492411214899697 0.9443555551112 0.6666333333333333
1 0.3182181816364 0.5127840392298314 0.9999 0.9963147120608344 0.4229009946651793 0.5469926710127753 0.996305453791134 0.9374125 0.4444555555555555
1 0.1735346941224 0.4940488094635891 0.9999 0.3785149077982575 0.5969955221040889 0.9935583910708118 0.0606919053377216 0.8787121214242 0.2222777777777777
0 0.0334266663334 0.0163004630706905 0.0001 0.8759742910389872 0.6343014926319703 0.9870873626531236 0.8759742910389872 0.0001 0.6666333333333333
0 0.25005 0.1421523290464466 0.0001 0.5872747951583258 0.7721713821139808 0.9935583910708118 0.5869738994932537 0.9999 0.0001
0 0.9999 0.0534687402540796 0.0001 0.0904844363919451 0.5320109296724792 0.0001 0.0222736978181797 0.0001 0.6666333333333333
0 0.4285857147142 0.0893678570344604 0.0001 0.980730629897668 0.5074611941055762 0.9935583910708118 0.3915537211179189 0.9999 0.4444555555555555
0 0.030396969394 0.0725061503460126 0.0001 0.0027193356010477 0.0001 0.0001 0.0027193356010477 0.0001 0.2222777777777777
0 0.0257358977948 0.0321846791057838 0.0001 0.0002504478825308 0.2758397789640208 0.0001 0.0002504478825308 0.0001 0.0001
0 0.0244853659512 0.0065922074900109 0.0001 0.9971525908681772 0.85338928134167 0.9993176078023596 0.9971525908681772 0.0001 0.2222777777777777
0 0.1111888887778 0.0725061503460126 0.0001 0.962043684819776 0.0001 0.0001 0.962043684819776 0.0001 0.6666333333333333
0 0.0282633801972 0.107221428643693 0.0001 0.0270012320808976 0.0001 0.0001 0.0269804008740818 0.9999 0.9999
0 0.0031205437704 0.0801705627530441 0.0001 0.0001192881618657 0.0001 0.0001 0.0001192881618657 0.0001 0.2222777777777777
0 0.20006 0.107221428643693 0.0001 0.9666425393126356 0.0001 0.9935583910708118 0.9665885323394234 0.74995 0.2222777777777777
0 0.030396969394 0.0208331800964801 0.0001 0.8547710644048577 0.5320109296724792 0.9935583910708118 0.8547710644048577 0.0001 0.0001
0 0.1111888887778 0.0321846791057838 0.0001 0.914632774214887 0.2758397789640208 0.0001 0.914632774214887 0.0001 0.6666333333333333
0 0.1667333336665999 0.2544350878967898 0.0001 0.5169693596661932 0.0668580519227549 0.9935583910708118 0.0097170892450921 0.6363363632728 0.0001
0 0.25005 0.114660416561281 0.0001 0.3815894445592831 0.0001 0.0001 0.3815894445592831 0.9999 0.0001
0 0.0271216215946 0.0604620742845073 0.0001 0.9868212876895128 0.0001 0.0001 0.9868212876895128 0.0001 0.6666333333333333
0 0.10008 0.0188552665318994 0.0001 0.0001033065677458 0.5766468120601562 0.9935583910708118 0.0001033065677458 0.0001 0.6666333333333333
0 0.0205040813674 0.107221428643693 0.0001 0.0294257569571302 0.0001 0.0001 0.005022344887543 0.8787121214242 0.2222777777777777
0 0.0870391306956 0.0946926065150229 0.0001 0.0077535519474001 0.0668580519227549 0.0001 0.0077381213979095 0.8665933336666 0.2222777777777777
0 0.0435695653478 0.0286657141700911 0.0001 0.7569915377944775 0.3552528358739034 0.9935583910708118 0.7569915377944775 0.0001 0.2222777777777777
0 0.0477095241904 0.114660416561281 0.0001 0.0001069437022752 0.0001 0.0001 0.0001069437022752 0.9999 0.4444555555555555
0 0.0141816900986 0.0893678570344604 0.0001 0.982092761526464 0.0001 0.9934936808266296 0.982092761526464 0.9332466663334 0.9999
0 0.0358071431428 0.0188552665318994 0.0001 0.963715143866395 0.5766468120601562 0.9935583910708118 0.963715143866395 0.0001 0.6666333333333333
0 0.0134306663334 0.0208331800964801 0.0001 0.0002620207196563 0.5320109296724792 0.9934936808266296 0.0002620207196563 0.0001 0.2222777777777777
0 0.0667533336666 0.0088446060276005 0.0001 0.7527712828587619 0.8025590312087699 0.9935583910708118 0.7527712828587619 0.0001 0.2222777777777777
1 0.9999 0.5833166664980496 0.9999 0.1989556797655168 0.0001 0.0001 0.027013631634952 0.9999 0.6666333333333333
0 0.0141816900986 0.0363739231731992 0.0001 0.010809571969045 0.1813004266474776 0.9935583910708118 0.010809571969045 0.0001 0.4444555555555555
0 0.125075 0.1327265306535388 0.0001 0.4906525596597508 0.0001 0.0001 0.4906525596597508 0.5 0.6666333333333333
0 0.0186148152962 0.0286657141700911 0.0001 0.9980599070982328 0.3552528358739034 0.9935583910708118 0.9980599070982328 0.0001 0.4444555555555555
1 0.1291064515484 0.6626658733129602 0.9999 0.7112917647491879 0.0001 0.0001 0.569845990858552 0.74995 0.6666333333333333
0 0.0417583336666 0.0141387059845284 0.0001 0.1687900601003922 0.6830862222490127 0.9935583910708118 0.1687900601003922 0.0001 0.6666333333333333
0 0.0909909091818 0.114660416561281 0.0001 0.0642370738082156 0.5550263060529741 0.9935583910708118 0.0637162928379002 0.89992 0.2222777777777777
0 0.9999 0.2130203700518715 0.0001 0.7860927803115139 0.0001 0.9676095641562829 0.7860927803115139 0.9999 0.4444555555555555
0 0.0087939128695999 0.0271092485015011 0.0001 0.3689419059231298 0.3903778420099519 0.0001 0.3689419059231298 0.0001 0.6666333333333333
0 0.0093574071482 0.0414451127211006 0.0001 0.5345370388113923 0.0668580519227549 0.0001 0.5345370388113923 0.0001 0.6666333333333333
0 0.0378283018302 0.0946926065150229 0.0001 0.1055457536841444 0.0668580519227549 0.9934936808266296 0.1042214819510689 0.7825521742608 0.6666333333333333
0 0.0173379307242 0.0097232017615027 0.0001 0.8805902293152154 0.7827316297181688 0.9935583910708118 0.8805902293152154 0.0001 0.0001
1 0.0902459012132 0.2531672902568889 0.5 0.990444931474564 0.7249017053215078 0.9935583910708118 0.9839617866210348 0.9766488371628 0.4444555555555555
0 0.20006 0.0556444446692672 0.0001 0.8566144638743706 0.7611417911583644 0.9935583910708118 0.7327264495256866 0.0001 0.6666333333333333
0 0.05009 0.0179535716092325 0.0001 0.0201062569093539 0.5969955221040889 0.9999 0.0201062569093539 0.0001 0.6666333333333333
0 0.0544369564348 0.1755499115310893 0.0001 0.5915799181662345 0.4229009946651793 0.0001 0.398439603203164 0.9031451608388 0.0001
0 0.125075 0.0801705627530441 0.0001 0.4210067800833491 0.0001 0.0001 0.4210067800833491 0.0001 0.0001
0 0.1111888887778 0.114660416561281 0.0001 0.0379946710261099 0.0001 0.0001 0.0379946710261099 0.74995 0.6666333333333333
0 0.0105145836665999 0.0556444446692672 0.0001 0.8627206763032371 0.0001 0.9999 0.8627206763032371 0.0001 0.6666333333333333
0 0.0099019612155999 0.0163004630706905 0.0001 0.8706656313695497 0.6343014926319703 0.9999 0.8706656313695497 0.0001 0.6666333333333333
0 0.0124432098642 0.0893678570344604 0.0001 0.0101915785669358 0.0001 0.0001 0.0101915785669358 0.8856371431428001 0.2222777777777777
1 0.410274358718 0.4141775692785568 0.5 0.9577336020102432 0.6676805179591463 0.9935583910708118 0.957715416037626 0.5 0.6666333333333333
0 0.40002 0.1006089944895248 0.0001 0.069753494801152 0.0001 0.0001 0.0603794367355343 0.9999 0.2222777777777777
0 0.032880327623 0.2411232141953837 0.0001 0.0137753233611613 0.0001 0.0001 0.0001347187113563 0.89992 0.2222777777777777
0 0.0345758624482 0.1006089944895248 0.0001 0.7354179780725634 0.0001 0.0001 0.7354179780725634 0.6110888887778 0.6666333333333333
0 0.040092 0.1905380951417426 0.0001 0.2585115340088606 0.0001 0.0001 0.2585115340088606 0.9443555551112 0.0001
0 0.0770076923846 0.0604620742845073 0.0001 0.0016805289835534 0.0001 0.9935583910708118 0.0016805289835534 0.0001 0.6666333333333333
0 0.0732560978536 0.1006089944895248 0.0001 0.2645509403506096 0.4229009946651793 0.9934936808266296 0.2645426739812401 0.9999 0.6666333333333333
0 0.0741592591852 0.5400352808706709 0.5 0.8476190053658972 0.0001 0.0001 0.8475495678431945 0.8856371431428001 0.2222777777777777
0 0.0909909091818 0.1230912693996537 0.0001 0.0083878577103929 0.0001 0.0001 0.0083746315393995 0.8332666663334 0.6666333333333333
0 0.0286657147142 0.0387827379808193 0.0001 0.0783405949427388 0.126940298526394 0.0001 0.0783405949427388 0.0001 0.2222777777777777
0 0.0435695653478 0.0604620742845073 0.0001 0.1148145533264544 0.0001 0.0001 0.1148145533264544 0.0001 0.2222777777777777
0 0.0572314284286 0.0312487835841248 0.0001 0.0377367604417641 0.7827316297181688 0.9935583910708118 0.0377367604417641 0.0001 0.6666333333333333
1 0.0331512394298 0.325431745614218 0.9999 0.1639095981043265 0.0001 0.0001 0.0903620941852689 0.8181181816364 0.6666333333333333
0 0.0667533336666 0.0037622705545669 0.0001 0.2587383631163695 0.9172529277086646 0.9935583910708118 0.2587383631163695 0.0001 0.4444555555555555
1 0.121814782174 0.3029494707040892 0.9999 0.7706641057325124 0.7611417911583644 0.9935583910708118 0.7412507252800622 0.9267439021464 0.6666333333333333
0 0.10008 0.1905380951417426 0.0001 0.0001231457742409 0.0001 0.0001 0.0001231457742409 0.9999 0.2222777777777777
0 0.25005 0.0514290177442296 0.0001 0.9861081759451892 0.0001 0.0001 0.9861081759451892 0.0001 0.2222777777777777
0 0.3333666663334 0.392878571356307 0.5 0.1581350460491986 0.0001 0.0001 0.0853437492441085 0.874925 0.4444555555555555
0 0.0150223879254 0.0477095232795844 0.0001 0.4847850936409057 0.0001 0.9935583910708118 0.4847850936409057 0.0001 0.2222777777777777
0 0.25005 0.0363739231731992 0.0001 0.823929256085263 0.1813004266474776 0.0001 0.823929256085263 0.0001 0.2222777777777777
0 0.0286657147142 0.0286657141700911 0.0001 0.2028689770452881 0.3552528358739034 0.9935583910708118 0.2028689770452881 0.0001 0.0001
0 0.0345758624482 0.0037622705545669 0.0001 0.7454325140809741 0.9172529277086646 0.9935583910708118 0.7454325140809741 0.0001 0.4444555555555555
0 0.25005 0.0294915941397251 0.0001 0.0010362485228492 0.8025590312087699 0.9935583910708118 0.001031619387999 0.0001 0.9999
0 0.125075 0.0286657141700911 0.0001 0.0001231457742409 0.3552528358739034 0.0001 0.0001231457742409 0.0001 0.2222777777777777
0 0.0001 0.0148213653182882 0.0001 0.0882723570685255 0.6676805179591463 0.9935583910708118 0.0882723570685255 0.0001 0.6666333333333333
1 0.3333666663334 0.5206725558546991 0.9999 0.6228753846008571 0.0668580519227549 0.0001 0.2138377822657733 0.7691769228462 0.4444555555555555
0 0.0625875 0.114660416561281 0.0001 0.0001347187113563 0.0001 0.0001 0.0001347187113563 0.8570714284286001 0.0001
0 0.0233511628372 0.0256680774479604 0.0001 0.7642510596352429 0.4229009946651793 0.9935583910708118 0.7642510596352429 0.0001 0.6666333333333333
0 0.20006 0.0148213653182882 0.0001 0.0187819851762784 0.6676805179591463 0.9935583910708118 0.0187819851762784 0.0001 0.6666333333333333
0 0.425015 0.3391964046928686 0.9999 0.981924954288255 0.8025590312087699 0.9935583910708118 0.9818960219954612 0.9165833336666 0.9999
0 0.0527210526842 0.0208331800964801 0.0001 0.948858832474568 0.5320109296724792 0.0001 0.948858832474568 0.0001 0.6666333333333333
0 0.0589117642942 0.0179535716092325 0.0001 0.7798364644655035 0.5969955221040889 0.9935583910708118 0.7798364644655035 0.0001 0.0001
0 0.25005 0.0208331800964801 0.0001 0.0037130628482567 0.5320109296724792 0.9935583910708118 0.0037130628482567 0.0001 0.9999
0 0.0770076923846 0.0965943024690231 0.0001 0.875258423771547 0.4531010659844927 0.9935583910708118 0.8752551173037911 0.74995 0.6666333333333333
0 0.0667533336666 0.0444033072142027 0.0001 0.8539229354274837 0.0001 0.0001 0.8539229354274837 0.0001 0.6666333333333333
0 0.0909909091818 0.1327265306535388 0.0001 0.000141331846848 0.0001 0.0001 0.0001082663693696 0.74995 0.6666333333333333
0 0.0541432431892 0.1568146827765493 0.0001 0.9932594635616646 0.0001 0.9935583910708118 0.993240946822284 0.7777222224444 0.4444555555555555
0 0.0390532467922 0.0861043014233814 0.0001 0.5637106946521135 0.5320109296724792 0.0001 0.0008638121497899 0.0001 0.6666333333333333
0 0.1305086960433999 0.1261570341601258 0.0001 0.7898586056097265 0.2307187248240624 0.0001 0.0710998101192198 0.6666333336666 0.0001
0 0.0308630771538 0.0286657141700911 0.0001 0.2043086471827746 0.8118779105689221 0.9935583910708118 0.2042368950926468 0.0001 0.4444555555555555
0 0.0228227275454 0.0363739231731992 0.0001 0.8420772341202325 0.1813004266474776 0.9934936808266296 0.8420772341202325 0.0001 0.6666333333333333
0 0.1111888887778 0.0556444446692672 0.0001 0.0633195073081389 0.0001 0.93531912931243 0.0633195073081389 0.0001 0.6666333333333333
0 0.05009 0.0604620742845073 0.0001 0.0102571583772733 0.0001 0.0001 0.0102571583772733 0.0001 0.2222777777777777
1 0.9999 0.0928564860742567 0.5 0.5342940077319076 0.4812183739394952 0.9935583910708118 0.533796372535833 0.9999 0.0001
0 0.0124432098642 0.0219210312923715 0.0001 0.9385057060887668 0.5074611941055762 0.0001 0.9385057060887668 0.0001 0.4444555555555555
0 0.0715142852858 0.2772554423798994 0.0001 0.7801373601305752 0.0001 0.0001 0.7558111008084413 0.874925 0.0001
0 0.0445355551112 0.0660208790875263 0.0001 0.0784816742666515 0.3903778420099519 0.0001 0.0784734078972818 0.0001 0.6666333333333333
0 0.0099019612155999 0.1568146827765493 0.0001 0.0895748055944644 0.0001 0.0001 0.0895748055944644 0.8888111112222 0.4444555555555555
0 0.0715142852858 0.0946926065150229 0.0001 0.2384292265413022 0.0668580519227549 0.0001 0.0284701651779513 0.7142428568572 0.6666333333333333
0 0.25005 0.0444033072142027 0.0001 0.6653324278856744 0.8457019905987614 0.9999 0.6032222668069911 0.0001 0.6666333333333333
0 0.0556444448888 0.03418409033426 0.0001 0.8143039005707912 0.2307187248240624 0.0001 0.8143039005707912 0.0001 0.6666333333333333
0 0.0770076923846 0.0761717392843895 0.0001 0.9829796323109412 0.2758397789640208 0.9935583910708118 0.9829796323109412 0.0001 0.2222777777777777
0 0.0589117642942 0.0065922074900109 0.0001 0.9944412231148052 0.85338928134167 0.9935583910708118 0.9944412231148052 0.0001 0.6666333333333333
0 0.0909909091818 0.004515399005978 0.0001 0.9963920852861332 0.9002569568340085 0.9935583910708118 0.9963920852861332 0.0001 0.6666333333333333
1 0.2468038963506 0.3196173645556925 0.9999 0.7590630889386037 0.8748606789675165 0.9935583910708118 0.7476869171515725 0.9229923076154 0.0001
0 0.0667533336666 0.1006089944895248 0.0001 0.9669522524916964 0.0001 0.0001 0.9669456393562046 0.6363363632728 0.6666333333333333
0 0.2222777775556 0.0660208790875263 0.0001 0.123904689321441 0.3903778420099519 0.0001 0.0018428804699733 0.0001 0.4444555555555555
0 0.0435695653478 0.0556444446692672 0.0001 0.0003931804403214 0.0001 0.0001 0.0003931804403214 0.0001 0.2222777777777777
0 0.040092 0.1327265306535388 0.0001 0.0480234252058347 0.1813004266474776 0.0001 0.0477341024778783 0.8918135136216 0.0001
0 0.2857571431428 0.107221428643693 0.0001 0.7238737235750033 0.0001 0.0001 0.7238004284399256 0.9999 0.2222777777777777
0 0.0082950816558 0.0198133183357039 0.0001 0.8274259285287879 0.5550263060529741 0.0001 0.8274259285287879 0.0001 0.6666333333333333
0 0.0690517238966 0.0761717392843895 0.0001 0.2804537735846812 0.2758397789640208 0.0001 0.0917524968733012 0.0001 0.6666333333333333
0 0.0082950816558 0.0303518851424466 0.0001 0.9336173083901051 0.3172007463159851 0.9935583910708118 0.9336173083901051 0.0001 0.2222777777777777
0 0.0625875 0.1096019046559168 0.0001 0.3572554699124087 0.3552528358739034 0.9935583910708118 0.0415078762083741 0.7894157892632 0.2222777777777777
0 0.1724793102414 0.1369773813257473 0.0001 0.2878687031096014 0.5969955221040889 0.9999 0.0107437717808517 0.7777222224444 0.6666333333333333
0 0.0091616313112 0.0861043014233814 0.0001 0.2227975300625698 0.5320109296724792 0.9999 0.2227674404860636 0.0001 0.4444555555555555
0 0.1429285715714 0.1568146827765493 0.0001 0.9983313745203456 0.0001 0.0001 0.9983313745203456 0.9999 0.6666333333333333
0 0.0141816900986 0.0893678570344604 0.0001 0.1709674206124654 0.0001 0.0001 0.1709674206124654 0.9332466663334 0.6666333333333333
0 0.0233511628372 0.0444033072142027 0.0001 0.917959159569386 0.0001 0.0001 0.917959159569386 0.0001 0.0001
0 0.029505882647 0.0801705627530441 0.0001 0.3083246503326801 0.0001 0.0001 0.3083246503326801 0.0001 0.6666333333333333
0 0.6666333336666 0.392878571356307 0.0001 0.7039621441521625 0.126940298526394 0.0001 0.7039621441521625 0.9999 0.4444555555555555
0 0.011333707809 0.0363739231731992 0.0001 0.3243343952239373 0.1813004266474776 0.0001 0.3243343952239373 0.0001 0.2222777777777777
0 0.125075 0.0387827379808193 0.0001 0.2888557071323808 0.126940298526394 0.0001 0.2888557071323808 0.0001 0.2222777777777777
1 0.5925740744814 0.6107836991982599 0.9999 0.9091670536274168 0.3903778420099519 0.0001 0.0034941695433338 0.8570714284286001 0.6666333333333333
0 0.5 0.0286657141700911 0.0001 0.0014507240750622 0.3552528358739034 0.9676095641562829 0.0014507240750622 0.0001 0.6666333333333333
1 0.0414140495372 0.1989689479801153 0.9999 0.2861162337031541 0.3172007463159851 0.0001 0.2860963944966589 0.8181181816364 0.6666333333333333
1 0.232611628372 0.1688587588380546 0.9999 0.9509485695913116 0.8608020262584182 0.9935583910708118 0.9509403032219418 0.8665933336666 0.6666333333333333
1 0.0896343285522 0.4940488094635891 0.9999 0.8175641549703333 0.0001 0.0001 0.8169739364773152 0.879924 0.0001
0 0.9999 0.0236959477858923 0.0001 0.8916059875177196 0.8679546737274111 0.9934936808266296 0.8729289621430648 0.0001 0.6666333333333333
0 0.0625875 0.0725061503460126 0.0001 0.0013190133097678 0.3172007463159851 0.0001 0.0013074403726523 0.0001 0.2222777777777777
0 0.125075 0.0477095232795844 0.0001 0.6540003434686079 0.8208313440029749 0.9935583910708118 0.6538923296221736 0.0001 0.2222777777777777
0 0.0209291663333999 0.114660416561281 0.0001 0.0001479448823497 0.0001 0.0001 0.0001479448823497 0.7894157892632 0.6666333333333333
0 0.0527210526842 0.0444033072142027 0.0001 0.0811161648448801 0.0001 0.9935583910708118 0.0811161648448801 0.0001 0.9999
0 0.3125375 0.0477095232795844 0.0001 0.9983363343219694 0.9999 0.9935583910708118 0.998326414718722 0.0001 0.6666333333333333
0 0.0327021742608 0.2917083332490248 0.5 0.0077304060731693 0.0001 0.0001 0.0075259513174162 0.9031451608388 0.2222777777777777
0 0.030094 0.2917083332490248 0.0001 0.0018220491631675 0.0001 0.0001 0.0017965888215015 0.6666333336666 0.4444555555555555
0 0.0173379307242 0.0725061503460126 0.0001 0.6599576372612801 0.0001 0.0001 0.6599576372612801 0.0001 0.6666333333333333
0 0.0667533336666 0.5502544977506136 0.0001 0.5684780728111934 0.0001 0.0001 0.0015905909208084 0.9332466663334 0.4444555555555555
0 0.0099019612155999 0.0101911485106298 0.0001 0.886596570179486 0.7721713821139808 0.9935583910708118 0.886596570179486 0.0001 0.0001
0 0.0286657147142 0.0414451127211006 0.0001 0.0001066131354916 0.0668580519227549 0.9935583910708118 0.0001066131354916 0.0001 0.6666333333333333
1 0.4310482761034 0.9609883704256772 0.9999 0.6177638354251467 0.3903778420099519 0.0001 0.6167080360151408 0.9472789473158 0.6666333333333333
0 0.03134375 0.0604620742845073 0.0001 0.3230404335452138 0.0001 0.0001 0.3230404335452138 0.0001 0.6666333333333333
0 0.0073449277246 0.0893678570344604 0.0001 0.6933955575155084 0.0001 0.0001 0.6933955575155084 0.8655985076716001 0.6666333333333333
0 0.3333666663334 0.1905380951417426 0.0001 0.4338087344033363 0.0001 0.0001 0.4338087344033363 0.9999 0.4444555555555555
0 0.0556444448888 0.0155409264963977 0.0001 0.8220660174092549 0.6514420741309764 0.9934936808266296 0.8220660174092549 0.0001 0.4444555555555555
0 0.0625875 0.1327265306535388 0.0001 0.1479940897438908 0.0001 0.0001 0.1479940897438908 0.8570714284286001 0.2222777777777777
1 0.1305086960433999 0.2917083332490248 0.5 0.4085196088329844 0.0001 0.0001 0.3784647585374105 0.9999 0.0001
0 0.0174878257392 0.325431745614218 0.0001 0.0007226226369494 0.0001 0.0001 0.0001115729371154 0.9267439021464 0.4444555555555555
0 0.0205040813674 0.0387827379808193 0.0001 0.1508834599110291 0.126940298526394 0.0001 0.1508834599110291 0.0001 0.9999
0 0.2143428568571999 0.1006089944895248 0.0001 0.7978654068615427 0.4229009946651793 0.0001 0.7978654068615427 0.6666333336666 0.6666333333333333
1 0.74995 0.8553710882736395 0.9999 0.6913962771093947 0.0001 0.0001 0.6913466789931669 0.9999 0.6666333333333333
0 0.0589117642942 0.004515399005978 0.0001 0.9699579027746484 0.9002569568340085 0.9935583910708118 0.9699579027746484 0.0001 0.6666333333333333
0 0.2727727275454 0.0725061503460126 0.0001 0.1051357419833898 0.6343014926319703 0.9355779702891592 0.0822445236638919 0.0001 0.0001
0 0.0162258061936 0.0514290177442296 0.0001 0.0629838928317207 0.0001 0.0001 0.0629838928317207 0.0001 0.6666333333333333
0 0.1111888887778 0.0097232017615027 0.0001 0.7984671981916864 0.7827316297181688 0.9935583910708118 0.7984671981916864 0.0001 0.6666333333333333
0 0.0264105258421999 0.0179535716092325 0.0001 0.0087912562756559 0.5969955221040889 0.9935583910708118 0.0087912562756559 0.0001 0.2222777777777777
0 0.20006 0.0188552665318994 0.0001 0.9969789972114054 0.5766468120601562 0.9935583910708118 0.9969789972114054 0.0001 0.6666333333333333
0 0.9999 0.024329847111694 0.0001 0.974224339169908 0.8608020262584182 0.9935583910708118 0.974224339169908 0.0001 0.4444555555555555
1 0.0923892304616 0.325431745614218 0.5 0.1555572627728446 0.0001 0.0001 0.0175701360466316 0.9229923076154 0.6666333333333333
0 0.0625875 0.03418409033426 0.0001 0.2419892744166676 0.2307187248240624 0.9935583910708118 0.2419892744166676 0.0001 0.2222777777777777
0 0.0572314284286 0.0514290177442296 0.0001 0.035068377769118 0.5550263060529741 0.0001 0.0349791010399202 0.0001 0.6666333333333333
0 0.59998 0.1027299637824916 0.0001 0.845798751770615 0.8377246122879141 0.9935583910708118 0.845798751770615 0.9999 0.6666333333333333
0 0.0031205437704 0.0893678570344604 0.0001 0.4754689001608753 0.0001 0.0001 0.4754689001608753 0.8481446431428 0.2222777777777777
0 0.0318396827936 0.2130203700518715 0.0001 0.0546315575002389 0.0001 0.9935583910708118 0.0546176699956983 0.809461905238 0.4444555555555555
0 0.015481538077 0.0303518851424466 0.0001 0.0001231457742409 0.3172007463159851 0.0001 0.0001231457742409 0.0001 0.2222777777777777
0 0.0909909091818 0.2130203700518715 0.0001 0.2237531218417487 0.0001 0.0001 0.2237448554723791 0.9284857147142 0.6666333333333333
0 0.1111888887778 0.0556444446692672 0.0001 0.4123618153561751 0.0001 0.0001 0.4123618153561751 0.0001 0.4444555555555555
0 0.0909909091818 0.0188552665318994 0.0001 0.99454405668177 0.5766468120601562 0.9935583910708118 0.99454405668177 0.0001 0.4444555555555555
1 0.6666333336666 0.1533735177539611 0.9999 0.987431345489016 0.8025590312087699 0.9935583910708118 0.9874081996147852 0.9999 0.2222777777777777
0 0.0166256202147999 0.0579701966879964 0.0001 0.9986640130957916 0.4812183739394952 0.9999 0.9986408672215606 0.0001 0.4444555555555555
0 0.0103020411836 0.0230839083134385 0.0001 0.9209102519344868 0.4812183739394952 0.9935583910708118 0.9209102519344868 0.0001 0.2222777777777777
0 0.0083628101073999 0.0134901784539988 0.0001 0.9938273077029268 0.6977216418951675 0.0001 0.9938273077029268 0.0001 0.2222777777777777
0 0.5 0.0477095232795844 0.0001 0.8593385067541068 0.0001 0.0001 0.8593385067541068 0.0001 0.2222777777777777
0 0.0085016803278 0.1905380951417426 0.0001 0.010885953194023 0.0001 0.0001 0.010885953194023 0.7575242428484 0.4444555555555555
0 0.1429285715714 0.0363739231731992 0.0001 0.5109398729276916 0.1813004266474776 0.0001 0.5109398729276916 0.0001 0.0001
0 0.0001 0.1568146827765493 0.0001 0.0765714826086244 0.0001 0.0001 0.0765714826086244 0.9999 0.4444555555555555
0 0.0385538456924 0.1568146827765493 0.0001 0.1452937437830149 0.0001 0.0001 0.1452937437830149 0.7691769228462 0.0001
0 0.1053421053684 0.1905380951417426 0.0001 0.2637953945701893 0.0001 0.0001 0.2637887815346876 0.9090090908182 0.6666333333333333
0 0.040092 0.0271092485015011 0.0001 0.893660675256333 0.3903778420099519 0.0001 0.893660675256333 0.0001 0.4444555555555555
0 0.1667333336665999 0.0219210312923715 0.0001 0.0118511340096659 0.5074611941055762 0.0001 0.0118511340096659 0.0001 0.4444555555555555
0 0.1765352938824 0.0556444446692672 0.5 0.0019268667307737 0.7611417911583644 0.9935583910708118 0.0018888414516715 0.0001 0.6666333333333333
0 0.0715142852858 0.0660208790875263 0.0001 0.6567778421769368 0.0001 0.0001 0.6567778421769368 0.0001 0.2222777777777777
0 0.3333666663334 0.0801705627530441 0.0001 0.0001049598016237 0.0001 0.0001 0.0001049598016237 0.0001 0.6666333333333333
0 0.0715142852858 0.0363739231731992 0.0001 0.1412547978288114 0.1813004266474776 0.0001 0.1412547978288114 0.0001 0.0001
0 0.0228227275454 0.0514290177442296 0.0001 0.7866228196515196 0.0001 0.0001 0.7866228196515196 0.0001 0.4444555555555555
0 0.021834782174 0.1327265306535388 0.0001 0.0086523813302404 0.0001 0.0001 0.0086523813302404 0.9410882357058 0.6666333333333333
0 0.0435695653478 0.0286657141700911 0.0001 0.9057921722459488 0.3552528358739034 0.0001 0.9057921722459488 0.0001 0.2222777777777777
0 0.1111888887778 0.1006089944895248 0.0001 0.0001694374227127 0.0001 0.0001 0.0001694374227127 0.8332666663334 0.0001
0 0.0141816900986 0.0801705627530441 0.0001 0.9914124268576322 0.0001 0.9935583910708118 0.9914124268576322 0.0001 0.0001
0 0.0087939128695999 0.0072863435755817 0.0001 0.6834093151640634 0.8377246122879141 0.9935583910708118 0.6834093151640634 0.0001 0.6666333333333333
1 0.1818818183635999 0.1187398615809809 0.5 0.9845358030420874 0.5320109296724792 0.9999 0.9845057134655812 0.9999 0.4444555555555555
0 0.0001 0.0387827379808193 0.0001 0.1218817444932016 0.126940298526394 0.9999 0.1218817444932016 0.0001 0.0001
0 0.03134375 0.0141387059845284 0.0001 0.9976652708525048 0.6830862222490127 0.9999 0.9976652708525048 0.0001 0.9999
0 0.0197039214314 0.1905380951417426 0.0001 0.3818671944501139 0.0001 0.0001 0.3818671944501139 0.8888111112222 0.2222777777777777
0 0.1667333336665999 0.03418409033426 0.0001 0.4458692509252893 0.2307187248240624 0.0001 0.4458692509252893 0.0001 0.2222777777777777
0 0.2857571431428 0.1568146827765493 0.0001 0.286948491375326 0.0001 0.0001 0.286925345601085 0.9999 0.4444555555555555
0 0.0466023256744 0.0358071432184651 0.0001 0.5004382826600012 0.9999 0.9934936808266296 0.4619831520506056 0.0001 0.6666333333333333
0 0.0385538456924 0.325431745614218 0.0001 0.0828115962826791 0.0001 0.0001 0.0824412630949046 0.7599480000000001 0.0001
0 0.0286657147142 0.0604620742845073 0.0001 0.0848385090122115 0.0001 0.0001 0.0848385090122115 0.0001 0.6666333333333333
1 0.4444555551112 0.107221428643693 0.5 0.7038156641709247 0.5969955221040889 0.9999 0.4269684826330158 0.7999400000000001 0.6666333333333333
0 0.0228227275454 0.0801705627530441 0.0001 0.0571676783629612 0.0001 0.0001 0.0571676783629612 0.0001 0.6666333333333333
0 0.03134375 0.0303518851424466 0.0001 0.4444997897329906 0.3172007463159851 0.9935583910708118 0.4444997897329906 0.0001 0.0001
0 0.0173379307242 0.0053451173744458 0.0001 0.9611591837971776 0.8815325826790495 0.9935583910708118 0.9611591837971776 0.0001 0.6666333333333333
0 0.0082950816558 0.0660208790875263 0.0001 0.039517335524066 0.0001 0.0001 0.039517335524066 0.0001 0.6666333333333333
1 0.1429285715714 0.4940488094635891 0.9999 0.9358277344796468 0.0001 0.0001 0.8024730787684013 0.874925 0.0001
0 0.0118623530587999 0.0801705627530441 0.0001 0.2621801468752795 0.0001 0.9935583910708118 0.2621801468752795 0.0001 0.2222777777777777
0 0.0870391306956 0.0236959477858923 0.0001 0.1550959996219943 0.8679546737274111 0.9935583910708118 0.1548992600909916 0.0001 0.0001
1 0.120765517069 0.4603253970983958 0.9999 0.6279932110458079 0.0001 0.9999 0.6278215818916368 0.9472789473158 0.6666333333333333
0 0.0118623530587999 0.0604620742845073 0.0001 0.0010026870952053 0.0001 0.0001 0.0010026870952053 0.0001 0.6666333333333333
0 0.0286657147142 0.0444033072142027 0.0001 0.0014193118314617 0.0001 0.0001 0.0014193118314617 0.0001 0.0001
0 0.1667333336665999 0.0171034016771313 0.0001 0.856457402956338 0.6161814503477434 0.0001 0.856457402956338 0.0001 0.6666333333333333
0 0.0477095241904 0.03418409033426 0.0001 0.5448137839722152 0.2307187248240624 0.9935583910708118 0.5448137839722152 0.0001 0.2222777777777777
0 0.5 0.0179535716092325 0.0001 0.8799807226603314 0.5969955221040889 0.9935583910708118 0.8799807226603314 0.0001 0.2222777777777777
1 0.1429285715714 0.2641164504047757 0.9999 0.9160264833706752 0.5766468120601562 0.0001 0.9150543588527572 0.809461905238 0.0001
0 0.0105145836665999 0.0101911485106298 0.0001 0.8202027787332469 0.7721713821139808 0.9935583910708118 0.8202027787332469 0.0001 0.0001
0 0.0031205437704 0.03418409033426 0.0001 0.2182570911999267 0.2307187248240624 0.9951114379310516 0.2182570911999267 0.0001 0.2222777777777777
0 0.1053421053684 0.1438441392478743 0.0001 0.646738727438273 0.0001 0.0001 0.646738727438273 0.7272272724546001 0.4444555555555555
1 0.25005 0.2411232141953837 0.9999 0.5940218023981452 0.0001 0.9935583910708118 0.5939176461640862 0.9999 0.0001
0 0.59998 0.0587815061199382 0.0001 0.8985243840358138 0.7375435962901706 0.9934936808266296 0.8984588042254762 0.0001 0.2222777777777777
0 0.5 0.0256680774479604 0.0001 0.4391679842893122 0.4229009946651793 0.9612032459827768 0.4391679842893122 0.0001 0.6666333333333333
0 0.0770076923846 0.1568146827765493 0.0001 0.0488196414995559 0.0001 0.0001 0.0488196414995559 0.9999 0.4444555555555555
0 0.0834166663334 0.1261570341601258 0.5 0.236800752575409 0.2307187248240624 0.9935583910708118 0.2367698914764278 0.8181181816364 0.2222777777777777
0 0.9999 0.2334588017883522 0.0001 0.5910128454474574 0.5766468120601562 0.0001 0.399052967570413 0.9999 0.0001
0 0.0527210526842 0.0444033072142027 0.0001 0.9877993640093754 0.0001 0.0001 0.9877993640093754 0.0001 0.4444555555555555
0 0.0556444448888 0.0444033072142027 0.0001 0.0001231457742409 0.0001 0.0001 0.0001231457742409 0.0001 0.2222777777777777
0 0.25005 0.0556444446692672 0.0001 0.0147562653930684 0.0001 0.93531912931243 0.0147562653930684 0.0001 0.6666333333333333
1 0.3333666663334 0.3560893942306415 0.9999 0.1258512530246923 0.0001 0.0001 0.104198336176828 0.9999 0.0001
0 0.20006 0.0092747515289612 0.0001 0.0008128913664679 0.7928518657899629 0.9935583910708118 0.0008128913664679 0.0001 0.4444555555555555
0 0.0741592591852 0.1905380951417426 0.0001 0.6201881546220466 0.0001 0.0001 0.1016638686479736 0.7999400000000001 0.0001
0 0.0385538456924 0.0208331800964801 0.0001 0.9629083466358792 0.5320109296724792 0.9999 0.9629083466358792 0.0001 0.0001
0 0.2857571431428 0.1327265306535388 0.0001 0.0001545580178414 0.0001 0.9935583910708118 0.0001545580178414 0.6666333336666 0.6666333333333333
0 0.0082950816558 0.0069328486934205 0.0001 0.5549367747827515 0.8457019905987614 0.9999 0.5549367747827515 0.0001 0.6666333333333333
0 0.9999 0.0946926065150229 0.0001 0.7664558645896137 0.0668580519227549 0.0001 0.7660276668162519 0.9999 0.4444555555555555
0 0.0477095241904 0.0059467838623865 0.0001 0.8935403169503083 0.8679546737274111 0.9935583910708118 0.8935403169503083 0.0001 0.0001
0 0.0556444448888 0.0414451127211006 0.0001 0.7849378037671336 0.0668580519227549 0.9934936808266296 0.7849378037671336 0.0001 0.4444555555555555
0 0.021834782174 0.0363739231731992 0.0001 0.7263233231316545 0.1813004266474776 0.0001 0.7263233231316545 0.0001 0.0001
0 0.2222777775556 0.0845502264075178 0.0001 0.341133853562342 0.1813004266474776 0.9935583910708118 0.1511711294051075 0.0001 0.6666333333333333
0 0.25005 0.0230839083134385 0.0001 0.1598563236898911 0.4812183739394952 0.0001 0.1598563236898911 0.0001 0.2222777777777777
0 0.0625875 0.0080349203779803 0.0001 0.1959097997249752 0.8208313440029749 0.9935583910708118 0.1959097997249752 0.0001 0.2222777777777777
0 0.0286657147142 0.0208331800964801 0.0001 0.5696191618510331 0.5320109296724792 0.9935583910708118 0.5696191618510331 0.0001 0.4444555555555555
1 0.0261817396086 0.3675860118294864 0.5 0.0133509833001647 0.0001 0.0001 0.0011994265262181 0.9267439021464 0.0001
0 0.0371296295926 0.1721435065789099 0.0001 0.6896526252169362 0.0001 0.9935583910708118 0.3830051973000636 0.8063903226774001 0.2222777777777777
0 0.040092 0.0414451127211006 0.0001 0.8851582227090938 0.0668580519227549 0.0001 0.8851582227090938 0.0001 0.6666333333333333
0 0.03134375 0.0230839083134385 0.0001 0.5723110209646938 0.4812183739394952 0.0001 0.5723110209646938 0.0001 0.2222777777777777
1 0.0896343285522 0.1522574643424949 0.9999 0.9559993186764032 0.6514420741309764 0.6764132533646445 0.0189136959415729 0.8063903226774001 0.2222777777777777
0 0.0205040813674 0.0514290177442296 0.0001 0.3355832649026786 0.0001 0.9935583910708118 0.3355832649026786 0.0001 0.2222777777777777
0 0.1380034477932 0.107221428643693 0.0001 0.5069604447929533 0.5969955221040889 0.6764132533646445 0.5069488718558379 0.8234647061175999 0.6666333333333333
0 0.0260688311948 0.0400797920301761 0.0001 0.002090540684308 0.6830862222490127 0.9935583910708118 0.0001694374227127 0.0001 0.0001
0 0.0572314284286 0.0120023810728217 0.0001 0.0002537543502867 0.9999 0.9934936808266296 0.0001429850807259 0.0001 0.6666333333333333
0 0.045545454091 0.0893678570344604 0.0001 0.0113323369400019 0.0001 0.0001 0.0113323369400019 0.7777222224444 0.6666333333333333
0 0.20006 0.0604620742845073 0.0001 0.0038529297939929 0.0001 0.0001 0.0038529297939929 0.0001 0.6666333333333333
0 0.0107361703404 0.0303518851424466 0.0001 0.3704496909162247 0.3172007463159851 0.0001 0.3704496909162247 0.0001 0.6666333333333333
0 0.20006 0.0801705627530441 0.0001 0.0022128828909843 0.0001 0.0001 0.0022128828909843 0.0001 0.6666333333333333
0 0.125075 0.2411232141953837 0.0001 0.409885212412908 0.0001 0.0001 0.409885212412908 0.9999 0.0001
0 0.0435695653478 0.0801705627530441 0.0001 0.571169931924854 0.2307187248240624 0.0001 0.5711629882225787 0.0001 0.4444555555555555
0 0.0150223879254 0.0893678570344604 0.0001 0.0363887918898183 0.0001 0.0001 0.0363887918898183 0.8063903226774001 0.2222777777777777
0 0.0625875 0.004515399005978 0.0001 0.9969982853732712 0.9002569568340085 0.9935583910708118 0.9969982853732712 0.0001 0.2222777777777777
0 0.6666333336666 0.2130203700518715 0.0001 0.0224539046104432 0.0001 0.0001 0.0224439850071956 0.5 0.6666333333333333
0 0.2857571431428 0.0801705627530441 0.0001 0.1677297609425349 0.2307187248240624 0.9951114379310516 0.1676988998435537 0.0001 0.2222777777777777
0 0.25005 0.0256680774479604 0.0001 0.9991778502638418 0.4229009946651793 0.9935583910708118 0.9991778502638418 0.0001 0.4444555555555555
0 0.5 0.0387827379808193 0.0001 0.9439287722622848 0.126940298526394 0.9935583910708118 0.9439287722622848 0.0001 0.0001
0 0.10008 0.0193269231936579 0.0001 0.9846492175458468 0.9172529277086646 0.9935583910708118 0.0052661475894926 0.0001 0.4444555555555555
0 0.3333666663334 0.0604620742845073 0.0001 0.0061890045579666 0.0001 0.0001 0.0061890045579666 0.0001 0.6666333333333333
0 0.05009 0.0010039783349409 0.0001 0.9969072451212776 0.9794997737688208 0.9934936808266296 0.9969072451212776 0.0001 0.4444555555555555
0 0.0001 0.0801705627530441 0.0001 0.4002310898890342 0.0001 0.0001 0.4002310898890342 0.0001 0.4444555555555555
0 0.0134306663334 0.0556444446692672 0.0001 0.0214338351101853 0.0001 0.0001 0.0214338351101853 0.0001 0.6666333333333333
0 0.0862896556206 0.3495198977372285 0.0001 0.3892639379024269 0.0001 0.9999 0.3807595014545363 0.74995 0.6666333333333333
0 0.5 0.0122857710501887 0.0001 0.9870841580754824 0.7249017053215078 0.9999 0.9870841580754824 0.0001 0.0001
0 0.0909909091818 0.1327265306535388 0.0001 0.288533318926946 0.0001 0.0001 0.227370483258072 0.9999 0.6666333333333333
0 0.0345758624482 0.1568146827765493 0.0001 0.9886465010864186 0.0001 0.9935583910708118 0.9886117823750622 0.9472789473158 0.2222777777777777
0 0.9999 0.2772554423798994 0.0001 0.0001617221979624 0.0001 0.9935583910708118 0.0001347187113563 0.9999 0.2222777777777777
0 0.9999 0.0256680774479604 0.0001 0.0001810103598281 0.8457019905987614 0.9999 0.0001148795048612 0.0001 0.6666333333333333
0 0.3333666663334 0.0414451127211006 0.0001 0.0001046291348501 0.0668580519227549 0.9934936808266296 0.0001046291348501 0.0001 0.4444555555555555
0 0.1429285715714 0.0725061503460126 0.0001 0.0012148570757087 0.0001 0.0001 0.0012148570757087 0.0001 0.2222777777777777
0 0.03134375 0.0660208790875263 0.0001 0.1066564224807044 0.0001 0.0001 0.1066564224807044 0.0001 0.4444555555555555
0 0.0145898554491999 0.0271092485015011 0.0001 0.7341234652492205 0.8294404136369463 0.9934936808266296 0.7341072631772548 0.0001 0.4444555555555555
0 0.0445355551112 0.0579701966879964 0.0001 0.955742399992388 0.4812183739394952 0.9999 0.955742399992388 0.0001 0.4444555555555555
0 0.0667533336666 0.1049325086618491 0.0001 0.5853255862208756 0.3903778420099519 0.0001 0.5853255862208756 0.8332666663334 0.6666333333333333
