5 0.0839541935483871 0.0860980105324751 0.3066070273675676 0.3066062706571651 0.0004209252356652 0.0008656169235187 0.000485576552256 0.0005714717866126 0.5024625615763547 0.4074259259259259 0.823568430335097 0.9999 0.0001 0.1154615384615384 0.1696802250803858 0.2152280644136031 0.9999 0.0037589204025617 0.7970185064935066 0.9999 0.5 0.2881207016609662 0.2171782085031192 0.2121176063117852 0.4998235083472033 0.5329001828153566 0.0575232463110102
4 0.3654228152492669 0.3715880046811001 0.1538801032728808 0.1538892746827509 0.006662593594623 0.0093831051976644 0.0074259544928654 0.0108895102165753 0.5369384236453202 0.4907425925925926 0.238147619047619 0.0001 0.9999 0.2308230769230769 0.9191283762057876 0.563288536921284 0.1121074417666633 0.0117628087831655 0.1494207792207792 0.9999 0.9999 0.5531054805742724 0.32569928599762 0.4994717754244252 0.9438765067836788 0.5936436684948202 0.9999
2 0.0470114369501466 0.1206142188414277 0.5632492478092318 0.5632516583971242 0.0267498935494225 0.0168478702019718 0.005498071731585 0.0380205292755757 0.2759068965517241 0.4166833333333333 0.2346209876543209 0.0001 0.9999 0.0001 0.1183440313504823 0.4450793198432037 0.4105251083997176 0.1076951280878316 0.7305748173701299 0.5222738125262716 0.0001 0.6776018452905155 0.6537141574411309 0.4068094465447202 0.2050320219902153 0.5137693357708714 0.9999
6 0.7981808211143695 0.7998229959040374 0.2338038023337122 0.2338032292044784 0.0004536727086922 0.0010570211543983 0.000540658916864 0.0006257264067698 0.5024625615763547 0.4166833333333333 0.820041798941799 0.9999 0.0001 0.1154615384615384 0.3812536575562701 0.4002742133700604 0.8990832207320762 0.0051310155535224 0.8307982751623377 0.9999 0.0001 0.2964341102258996 0.2521140636832426 0.2241141733392819 0.4493973218338629 0.5387491042047532 0.0868022928490351
6 0.0851269794721407 0.0977984201287302 0.017564797758623 0.0175795601221727 0.0131465932539812 0.0203888484732459 0.0121630378491543 0.0204355631927906 0.5123128078817735 0.453712962962963 0.294573721340388 0.0001 0.9999 0.6922692307692307 0.2090614147909967 0.6611606843945333 0.1202736008873651 0.0197666971637694 0.1087430397727272 0.9235176334594368 0.9999 0.614125080385852 0.4017361472720061 0.5423166576654848 0.9398424118626116 0.5628149786715417 0.9999
0 0.0370427565982404 0.0398813926272674 0.0084777576970682 0.0084782845778527 0.0007811474389628 0.0008656169235187 0.0010914825629441 0.0012712615057469 0.5270881773399015 0.5231435185185185 0.8112252204585537 0.0001 0.9999 0.6153615384615385 0.0751452773311897 0.4027104248331391 0.4693012907129172 0.004444967978042 0.8984592532467532 0.9999 0.9999 0.3531741475003584 0.2356015542173019 0.3002958954610562 0.7652165279669139 0.6203902985984155 0.1989251532349602
4 0.3624908504398827 0.3633977179637214 0.1669373222943869 0.1669378483022221 0.0007745979443574 0.0014398296161577 0.0013118120213762 0.0011216084596853 0.5221630541871921 0.4074259259259259 0.2452008818342151 0.0001 0.9999 0.2308230769230769 0.909082154340836 0.3371445598050641 0.3125311989512957 0.0042162854528819 0.4292957995129869 0.954196658259773 0.9999 0.3523346160935547 0.1962671703148101 0.3152505201117712 0.8436292479951583 0.5477052650822669 0.1728236776390465
6 0.4457586510263929 0.4493957284961966 0.0879925545890366 0.0879923489218986 0.0007353009767249 0.0016312338470374 0.0006508236460801 0.0008846649913675 0.3005325123152709 0.3796537037037037 0.238147619047619 0.9999 0.0001 0.1154615384615384 0.8705046623794213 0.2649055938129039 0.9159196228698194 0.008446912168344 0.6617979910714286 0.9999 0.0001 0.3470926638949761 0.2806684468645198 0.2445858102237772 0.4578184949815908 0.4488219378427787 0.1410479682179341
5 0.0687079765395894 0.0703024575775307 0.0612091929565396 0.0612091035121571 0.0004536727086922 0.0008656169235187 0.0007059060106881 0.0006355595175773 0.5123128078817735 0.4398268518518519 0.816515167548501 0.9999 0.0001 0.0770076923076923 0.139240172829582 0.3531388176713635 0.5797964807905617 0.0030728728270814 0.6955777597402597 0.9999 0.9999 0.2964341102258996 0.1962671703148101 0.2534599830934322 0.7099494275482927 0.5484363802559414 0.0797662429057888
2 0.2428666862170088 0.2539988882387361 0.2219768327646923 0.2219768160895242 0.0018094180920126 0.0026839571168756 0.0009813178337281 0.0026750674565557 0.4285857142857142 0.4490842592592592 0.2310943562610229 0.0001 0.9999 0.0001 0.6126181471061094 0.3338609704417841 0.66387767470001 0.0186232845379688 0.8250161525974027 0.9381216897856244 0.0001 0.4339944026870379 0.3891895243590206 0.2827823161997792 0.3317530286982397 0.5442324680073126 0.58341123723042
2 0.0241421114369501 0.1229543007606787 0.1210359935394553 0.1210398986115673 0.0416958402389733 0.0247911457834785 0.0066548013883532 0.0567499314477821 0.1823295566502463 0.4074259259259259 0.2310943562610229 0.0001 0.9999 0.0001 0.0607791800643086 0.4608617332344528 0.3705008470303519 0.1440556495882891 0.6604792613636363 0.5183864018495166 0.0001 0.7171826796649394 0.6984565684612889 0.425708148026393 0.1850128259444192 0.491714028031688 0.9999
6 0.0634304398826979 0.0662073142188414 0.0057816528899389 0.0057822607374118 0.0007745979443574 0.0015355317315975 0.0012016472921602 0.0015167442545028 0.7437935960591133 0.6249750000000001 0.2222777777777777 0.0001 0.9999 0.2308230769230769 0.1604377009646302 0.4414779637673482 0.4454077140264192 0.0059314043915827 0.5225198457792208 0.9498889869693148 0.9999 0.3523346160935547 0.2356015542173019 0.3055311879211965 0.7771675341705755 0.7553419744058502 0.2132242224744608
6 0.3806690322580645 0.3844584552369807 0.069802377168264 0.0698119027024795 0.0053657936627514 0.0057464248109505 0.0077564486805134 0.0076254349606303 0.4088852216748768 0.4398268518518519 0.8112252204585537 0.9999 0.0001 0.1539153846153846 0.773056310289389 0.5399856446657486 0.0800477059594635 0.006503110704483 0.1850264813311688 0.977416057166877 0.9999 0.5335710180842567 0.2806684468645198 0.501725533613544 0.9599120340949212 0.5161454600853138 0.999786515323496
5 0.6257812903225807 0.6430375073142188 0.3487112423675649 0.3487118103981151 0.0024709170471592 0.0093831051976644 0.0033498595118726 0.0036973659591047 0.4876871921182266 0.4444555555555555 0.2310943562610229 0.9999 0.0001 0.2308230769230769 0.3774360932475884 0.6473907935162623 0.7198309871937077 0.0286853156450137 0.3543310876623375 0.4044957755359395 0.0001 0.4628865689065476 0.4526797627204212 0.3322945664169817 0.3597395622131437 0.5480708226691041 0.983558206583428
5 0.6615512609970675 0.6652682855471036 0.049121123679016 0.0491211289481647 0.0008990383418602 0.0015355317315975 0.0007609883752961 0.0012114002873223 0.3990349753694581 0.4166833333333333 0.8094619047619048 0.9999 0.0001 0.1154615384615384 0.6495882435691318 0.2821709185295052 0.9999 0.0071891582799634 0.7612099228896104 0.9999 0.5 0.3671185594036087 0.2931790162633875 0.2616063798811844 0.4998235083472033 0.503655575868373 0.195747582292849
6 0.4569001173020528 0.4675313633703921 0.1296920265305718 0.129719872293037 0.0312493963433407 0.0292891452091509 0.0208109690926119 0.0446742675886563 0.2069551724137931 0.4907425925925926 0.2416742504409171 0.9999 0.0001 0.3077307692307692 0.8265022106109324 0.5007944167814388 0.0560533124936976 0.0185089432753888 0.0648191964285714 0.9970632408575032 0.9999 0.691464351690663 0.3891895243590206 0.6046706342311035 0.971913466485096 0.5166328702010968 0.9999
5 0.6809022287390029 0.6822338794616735 0.1669742921646175 0.1669737398320371 0.0004536727086922 0.0008656169235187 0.000540658916864 0.0005930356261027 0.4433610837438423 0.4027972222222222 0.8517814814814815 0.9999 0.0001 0.2308230769230769 0.6346193729903538 0.235459211780909 0.8878925582333368 0.004444967978042 0.8984592532467532 0.883172614543926 0.0001 0.2964341102258996 0.2356015542173019 0.2121176063117852 0.4438000151308822 0.5065191102985985 0.0662615664018161
6 0.1250017008797654 0.1317296079578701 0.0196154702479764 0.0196159038062492 0.0009841817717306 0.0046937015411122 0.0015321414798082 0.0015983418231335 0.5911147783251232 0.4768564814814814 0.2416742504409171 0.0001 0.9999 0.0001 0.3138435088424438 0.555450291344422 0.8878925582333368 0.0117628087831655 0.310102922077922 0.649717843631778 0.9999 0.3759848301144858 0.32569928599762 0.2948023598750793 0.5558470015635246 0.6116778427787934 0.4055807491486947
5 0.7536149560117302 0.7541913984786425 0.1316951003120033 0.13169583194412 0.0008073454173845 0.0018226380779171 0.0013668943859842 0.0011491239188747 0.4926123152709359 0.4166833333333333 0.7459825396825397 0.9999 0.0001 0.1116161538461538 0.4348000200964629 0.452493876469965 0.3277545326207522 0.0039876029277218 0.3912555194805194 0.9999 0.9999 0.3564708440002457 0.2171782085031192 0.3241246929814262 0.8360148938316437 0.5365557586837295 0.2328570715096481
6 0.933051202346041 0.9384728496196606 0.3342587188271058 0.3342577676025393 0.0005912120954059 0.0016312338470374 0.0006508236460801 0.0008831123949242 0.5517137931034483 0.4490842592592592 0.7459825396825397 0.9999 0.0001 0.1116161538461538 0.0512352692926045 0.259715404174171 0.3475146213572653 0.0101620311070448 0.9434989448051948 0.5222738125262716 0.0001 0.3247529379236898 0.3352174137247124 0.1827952732054382 0.1735156554193776 0.5760969043266302 0.1014418161180477
6 0.9864129618768328 0.9852744880046812 0.0957121715754372 0.0957120316296904 0.000434024224876 0.0004828084617593 0.0007059060106881 0.0003546258166996 0.1971049261083743 0.2269064814814815 0.820041798941799 0.9999 0.0001 0.1154615384615384 0.0048217242765273 0.2796287848289014 0.4958161036603812 0.0025011665141811 0.9999 0.9999 0.9999 0.2915402564155078 0.1721473693700191 0.2534599830934322 0.7519544409139053 0.2870017794028031 0.0662615664018161
2 0.0429066862170088 0.122369280280866 0.6017880269077399 0.6017901500257916 0.0254727421013671 0.0176134871254905 0.005663318825409 0.0363029263325063 0.3448586206896551 0.4166833333333333 0.2310943562610229 0.0001 0.9999 0.0001 0.1080968850482315 0.4842705477275135 0.3590077341938086 0.1162707227813357 0.7531961038961039 0.4745742328709542 0.0001 0.6732403772502918 0.6653233889870543 0.4009872378894968 0.1792642406818984 0.5151706398537478 0.9999
0 0.0065503225806451 0.009460327677004 0.2187241773694666 0.2187250126801021 0.0012789090289742 0.0018226380779171 0.0015321414798082 0.0014875899435121 0.3547088669950739 0.3333666666666666 0.8129885361552028 0.9999 0.0001 0.0770076923076923 0.0131600884244372 0.2659648161881555 0.3277545326207522 0.004444967978042 0.4419758928571428 0.9999 0.9999 0.401252677821697 0.2356015542173019 0.3361447366567262 0.8360148938316437 0.4267057038391224 0.3218290578887628
2 0.0241421114369501 0.1083287887653598 0.1423151576591202 0.1423271187325937 0.0713454023176747 0.0620192686895759 0.0225736047600683 0.1074761899322622 0.1626290640394088 0.4814851851851852 0.3051536155202821 0.0001 0.9999 0.0001 0.0589708601286173 0.601314620192817 0.8694430876273067 0.1192435956084172 0.216777435064935 0.386004308532997 0.9999 0.7650154934769697 0.6740483394035557 0.523723152605255 0.5650749936954658 0.5441715417428398 0.9999
6 0.8198773607038123 0.8431145114101813 0.0522879011465186 0.0522883639032158 0.0025822584554512 0.0086174882741456 0.0026337887719684 0.0042642361716217 0.5467886699507389 0.4907425925925926 0.823568430335097 0.9999 0.0001 0.3961746153846153 0.295458922829582 0.6074581099692765 0.3993344459009781 0.0300574107959743 0.509433989448052 0.3740268810424548 0.0001 0.4669408913101358 0.4944297320688038 0.3002958954610562 0.1994347152872345 0.6057070688604509 0.9782244267877412
5 0.7231225219941348 0.7261104154476301 0.160834983089449 0.1608346708042112 0.0006960040090925 0.001248425385278 0.0006508236460801 0.0010097352604104 0.4482862068965517 0.4490842592592592 0.8270950617283951 0.9999 0.0001 0.1731423076923076 0.5343580787781351 0.3131002118868524 0.9159196228698194 0.006503110704483 0.8549411728896104 0.9999 0.0001 0.341543566059762 0.2806684468645198 0.2445858102237772 0.4578184949815908 0.5520310298598416 0.1410479682179341
6 0.4346171847507332 0.4400354008191925 0.0469414417466704 0.0469434527378851 0.0026543028961107 0.0017269359624772 0.0021931298551044 0.0035716056471981 0.3793344827586207 0.4166833333333333 0.2346209876543209 0.9999 0.0001 0.4230923076923077 0.892405426045016 0.3495374615955081 0.3794735403851971 0.0109624199451052 0.7863672280844156 0.9999 0.9999 0.4694799619063223 0.3156043020446432 0.3736369431986286 0.8101462601503 0.4911656916514321 0.8503271963677639
3 0.1883321407624633 0.1902316559391457 0.0519097301822848 0.0519091152062003 0.0001982424190811 0.0010570211543983 0.000320329458432 0.0002675941605174 0.5960399014778326 0.4768564814814814 0.2310943562610229 0.0001 0.9999 0.0385538461538461 0.4750853697749196 0.609152865769679 0.6218370777452858 0.0051310155535224 0.6617979910714286 0.9999 0.0001 0.1904279128351117 0.2171782085031192 0.1642017681452086 0.3107253089221768 0.613444704448507 0.033351010215664
6 0.0206237536656891 0.0416364540667056 0.1854308837127393 0.1854298422428897 0.0005126181601409 0.0037366803867138 0.000210164729216 0.0007990996762706 0.4187354679802955 0.592574074074074 0.8129885361552028 0.9999 0.0001 0.1154615384615384 0.0417918207395498 0.1987041953596779 0.0421405969547242 0.0254837602927721 0.9999 0.649717843631778 0.0001 0.3096823253527761 0.4691922721863619 0.0707647098879939 0.0207747364704695 0.6112513589274834 0.0752268558456299
1 0.3009195894428152 0.3072357519016969 0.0265772819152128 0.0265777823040623 0.0011217211584443 0.0025882550014358 0.0010914825629441 0.0014342841322924 0.438435960591133 0.3426240740740741 0.2240410934744268 0.9999 0.0001 0.1154615384615384 0.7613022307073956 0.508844506833351 0.8407103055359484 0.0118771500457456 0.5651249594155844 0.9999 0.9999 0.3886801830954186 0.32569928599762 0.3002958954610562 0.5794464568517679 0.4729487385740402 0.4357676730987514
6 0.0024455718475073 0.004780163838502 0.0346448778051589 0.034645905528771 0.0009055878364657 0.0013441275007179 0.0014770591152002 0.0013164593133183 0.5024625615763547 0.4120546296296296 0.8112252204585537 0.0001 0.9999 0.6153615384615385 0.0048217242765273 0.4227297277253946 0.3019454371281637 0.0037589204025617 0.5264760349025974 0.9999 0.9999 0.3678352325557582 0.2171782085031192 0.3322945664169817 0.848923997579059 0.5459993296770262 0.2598664245175936
6 0.4967748387096774 0.4961973668812171 0.1296916414277569 0.129695533830759 0.0017242746621422 0.0014398296161577 0.0036252713349126 0.0025641430662183 0.5221630541871921 0.4074259259259259 0.2222777777777777 0.0001 0.9999 0.1154615384615384 0.744123191318328 0.2445685242080729 0.0692603105777956 0.0026155077767612 0.3024948660714285 0.9999 0.9999 0.4294691236406086 0.1435929861887418 0.425708148026393 0.9653076360518484 0.5481317489335771 0.4753738251986378
6 0.0112414662756598 0.0170655939145699 0.0876495820220848 0.0876495308978498 0.0008335433958061 0.0014398296161577 0.0008711531045121 0.001216403098084 0.5418635467980296 0.4074259259259259 0.2575440917107583 0.0001 0.9999 0.0001 0.0279280345659163 0.3958254793940036 0.9279168196027024 0.0100476898444647 0.8730990665584416 0.8598481504833965 0.0001 0.3596446822454789 0.3047882478093108 0.2616063798811844 0.4638192111766782 0.550264168190128 0.216515278093076
2 0.0241421114369501 0.1252943826799297 0.1680452630928601 0.1680493304197344 0.0394493635893169 0.0245040394371589 0.0068200484821772 0.0541248358836092 0.192179802955665 0.4120546296296296 0.2310943562610229 0.0001 0.9999 0.0001 0.0607791800643086 0.5304526432884841 0.3790702732681254 0.1473715462031107 0.6841149553571428 0.5301536990332072 0.0001 0.7122478731029963 0.7020619198730664 0.4303095709958437 0.1892990517980531 0.4956742352224254 0.9999
5 0.6205037536656891 0.6319221181977764 0.2708868157713276 0.2708872666506843 0.0013706019534499 0.0035452761558342 0.0015321414798082 0.0017197031117841 0.4138103448275862 0.3703962962962963 0.2416742504409171 0.9999 0.0001 0.1539153846153846 0.4125978697749196 0.712109280644136 0.883557436724816 0.0202240622140896 0.6795501217532468 0.8441934426229509 0.0001 0.4078460708214718 0.4017361472720061 0.3197815131378119 0.4416316891108085 0.4615555271176113 0.8612217253121452
2 0.0229693255131964 0.2551689291983616 0.0969157719131321 0.0969273373141356 0.0746725455772241 0.0702496506174021 0.0229040989477163 0.1135810854026394 0.1429285714285714 0.4814851851851852 0.3016269841269841 0.0001 0.9999 0.0001 0.0561579180064308 0.8758650598580359 0.4040728345265705 0.3263156221408965 0.5389532467532467 0.3644659520807062 0.0001 0.7690698158805579 0.8300879485052829 0.5200607955479372 0.2018047460533615 0.5494112004875076 0.9999
5 0.3314120234604105 0.3323916325336454 0.0823238411536783 0.0823233357019291 0.0003423313004002 0.0007699148080788 0.000430494187648 0.0004615824605708 0.4975374384236453 0.4490842592592592 0.816515167548501 0.9999 0.0001 0.0770076923076923 0.6717903938906753 0.2162872867888547 0.9999 0.0030728728270814 0.7744986607142857 0.9999 0.5 0.2642657238822782 0.1962671703148101 0.1985011505858595 0.4998235083472033 0.5415517123705058 0.0420893303064699
5 0.2938828739002932 0.3084057928613224 0.1887155026416019 0.1887169210185249 0.0041279391823285 0.0049808078874317 0.0024134593135364 0.0057335961944805 0.3448586206896551 0.453712962962963 0.8129885361552028 0.9999 0.0001 0.0770076923076923 0.596443729903537 0.4185987604619133 0.8813394675809216 0.0187376258005489 0.559647159090909 0.7799986338797813 0.9999 0.5098184221844471 0.424125379539144 0.3596448611078498 0.559175129873405 0.5052396587446678 0.9904807718501704
6 0.7465782404692082 0.748341193680515 0.0124670377566385 0.0124703315345974 0.0021368928222832 0.003066765578635 0.0032396947826566 0.0026131361095399 0.4236605911330049 0.3055944444444444 0.2222777777777777 0.0001 0.9999 0.5576807692307693 0.1040783963022508 0.4565189214959211 0.1750171120298477 0.0068461344922232 0.2928579951298701 0.9455813156788568 0.9999 0.4494540663976897 0.2521140636832426 0.4086875783689858 0.9124105663993546 0.4463239609993906 0.8173031555051078
6 0.3765642815249266 0.3827033937975424 0.0069964212092659 0.0069967962173545 0.0013575029642391 0.0015355317315975 0.0009813178337281 0.001890574975904 0.3793344827586207 0.4490842592592592 0.823568430335097 0.9999 0.0001 0.1539153846153846 0.7616036173633441 0.3038849772221634 0.9406197337904608 0.0091329597438243 0.940252840909091 0.9999 0.9999 0.4069246339115653 0.32569928599762 0.2889801512198557 0.5294741060170476 0.5148660085313833 0.3755073098751418
0 0.8233957184750733 0.822638794616735 0.4002675748976442 0.4002674513025531 0.0006436080522492 0.0007699148080788 0.0010364001983361 0.0008502491035412 0.4778369458128079 0.3796537037037037 0.7054262786596119 0.0001 0.9999 0.0001 0.2681331993569132 0.2257143659285941 0.3277545326207522 0.0026155077767612 0.6617979910714286 0.9999 0.9999 0.3335373031314641 0.1721473693700191 0.2948023598750793 0.8360148938316437 0.5004874101157831 0.1090452894438138
0 0.0434930791788856 0.050411761263897 0.0595931475040846 0.0596047675335152 0.00995043988654 0.0043108930793529 0.0092436725249297 0.015622945495379 0.261131527093596 0.4907425925925926 0.8112252204585537 0.0001 0.9999 0.4230923076923077 0.088205365755627 0.4514346540947134 0.0901293838862559 0.0092473010064043 0.3383034496753246 0.9809882723833544 0.9999 0.5891643783152763 0.32569928599762 0.5200607955479372 0.954869415443587 0.5690294576477758 0.9999
6 0.9641300293255132 0.9694789350497368 0.1193277544731128 0.1193304297183384 0.0031520644861221 0.006607743849909 0.0030193653242245 0.0036601036444657 0.3941098522167487 0.296337037037037 0.820041798941799 0.9999 0.0001 0.1154615384615384 0.0368691720257234 0.464251244835258 0.3414656146011899 0.0098190073193046 0.2318921063311688 0.9026096679277008 0.9999 0.4852262948778339 0.3352174137247124 0.396902301171719 0.8291569324658294 0.421770676416819 0.9678973212258796
5 0.0558073313782991 0.072057519016969 0.0736048053420439 0.0736058530611892 0.0036956725383713 0.0041194888484732 0.0015321414798082 0.0046622183932519 0.2759068965517241 0.421312037037037 0.820041798941799 0.9999 0.0001 0.1539153846153846 0.1129190715434083 0.3838562665536604 0.8424241907835031 0.0199953796889295 0.723271083603896 0.9999 0.0001 0.4997440453028037 0.4342203634921208 0.3361447366567262 0.4210073788268523 0.458509213893967 0.9736850397275822
6 0.0135870381231671 0.0164805734347571 0.0684115398419637 0.0684113628351907 0.0004995191709301 0.0008656169235187 0.0006508236460801 0.0007485540365057 0.5467886699507389 0.4768564814814814 0.2169878306878306 0.0001 0.9999 0.0001 0.0343576165594855 0.3852332556414874 0.8166150952909146 0.0060457456541628 0.8984592532467532 0.9999 0.9999 0.3068975382472812 0.2356015542173019 0.2445858102237772 0.5914983154284562 0.5863934430225473 0.0978103064699205
4 0.3665956011730205 0.369247922761849 0.1521906572239055 0.1521968273090265 0.0038266624304795 0.0064163396190293 0.0052777422731529 0.0056592440759185 0.4827620689655172 0.453712962962963 0.2416742504409171 0.0001 0.9999 0.2308230769230769 0.92073577170418 0.4227297277253946 0.097892275889886 0.0067317932296431 0.1347118709415584 0.9999 0.9999 0.502917883548037 0.2521140636832426 0.4643976636062648 0.9509865990820598 0.538810030469226 0.9850335073779796
6 0.6891117302052786 0.7430760093622002 0.0084187599458252 0.0084211354037695 0.010998359023406 0.0177091892409304 0.0067098837529612 0.0158061518756873 0.4729118226600985 0.4166833333333333 0.2275677248677248 0.0001 0.9999 0.0001 0.1215588223472668 0.6447427375781333 0.4295794796813552 0.0818540027447392 0.5254616274350649 0.3226500210172341 0.0001 0.5981535072808077 0.6110628502398039 0.3835910418672364 0.2145625712412367 0.5204102985984156 0.9999
5 0.7125674486803519 0.7185051492100644 0.1186158534094849 0.1186161420627491 0.001292008018185 0.0039280846175935 0.0012567296567682 0.0020371228290791 0.5664891625615763 0.453712962962963 0.707189594356261 0.0001 0.9999 0.3077307692307692 0.4888486937299036 0.4224119610128192 0.9438458707270344 0.0102763723696248 0.3961246753246752 0.808891551071879 0.9999 0.4022150674831549 0.3352174137247124 0.2948023598750793 0.5278604680486206 0.5868808531383303 0.4396261520998864
4 0.3607316715542522 0.3622276770040959 0.168824326087407 0.1688250033741705 0.0008138949119899 0.0019183401933569 0.0013668943859842 0.0011927691300028 0.5221630541871921 0.4166833333333333 0.2452008818342151 0.0001 0.9999 0.2308230769230769 0.9046618167202573 0.4469859201186566 0.3277545326207522 0.0051310155535224 0.3719817775974025 0.9999 0.9999 0.357269422655498 0.2171782085031192 0.3241246929814262 0.8360148938316437 0.5534323339427178 0.2328570715096481
6 0.2317252199413489 0.2569239906377998 0.1735549290656638 0.1735542900806781 0.0015670867916123 0.0046937015411122 0.0010364001983361 0.0023075333762855 0.5221630541871921 0.4120546296296296 0.2346209876543209 0.0001 0.9999 0.0001 0.5836850281350483 0.346889405657379 0.1387230714933951 0.0387473467520585 0.9593237012987011 0.3578468474148802 0.0001 0.4205004710508529 0.4977106018535214 0.1985011505858595 0.0690830231502496 0.5437450578915295 0.496028036322361
2 0.0229693255131964 0.1094988297249853 0.1201629654580724 0.1201732645053897 0.0859769732661657 0.0590525031109409 0.021031298551044 0.1301191702058567 0.1626290640394088 0.4814851851851852 0.3051536155202821 0.0001 0.9999 0.0001 0.0560574557877813 0.4419016527174489 0.973385187052536 0.1225594922232387 0.2349353287337662 0.3573215216477512 0.0001 0.7816218342310607 0.6781944935270997 0.5096136872754596 0.4865614212941948 0.5466085923217551 0.9999
1 0.0176917888563049 0.0316911059098888 0.1361190844290351 0.1361190393813466 0.0017439231459584 0.0046937015411122 0.0014770591152002 0.0025563800840019 0.4236605911330049 0.453712962962963 0.2275677248677248 0.9999 0.0001 0.1154615384615384 0.0446047628617363 0.375700254264223 0.4958161036603812 0.0219391811527904 0.5535607142857143 0.5150243169398907 0.0001 0.4305338951809448 0.4133453788179294 0.2691658604738535 0.2476925757805013 0.539906703229738 0.5973698524404086
6 0.0487706158357771 0.0515818022235225 0.1936705435403836 0.1936701831943503 0.0004471232140868 0.0011527232698382 0.0007059060106881 0.0006634199981986 0.561564039408867 0.453712962962963 0.2240410934744268 0.9999 0.0001 0.1154615384615384 0.1232666800643086 0.470818423561818 0.8166150952909146 0.0059314043915827 0.6877668222402599 0.9123807271963008 0.9999 0.2948369529153952 0.2356015542173019 0.2445858102237772 0.5914983154284562 0.5863934430225473 0.0978103064699205
5 0.6826614076246335 0.6839889409011118 0.0354767769059103 0.035478034473238 0.0014098989210824 0.0013441275007179 0.0016423062090242 0.0019249908637303 0.4187354679802955 0.3935398148148148 0.2222777777777777 0.0001 0.9999 0.1154615384615384 0.2674299638263665 0.2395901790443902 0.3045666733891298 0.0059314043915827 0.5941370129870129 0.9999 0.9999 0.4105284760480881 0.2356015542173019 0.3434224974757555 0.847612916729712 0.5038992809262645 0.3549665834279227
1 0.2968148387096774 0.3013855471035693 0.0418618585975493 0.0418627217169012 0.0012003150937092 0.0025882550014358 0.0014219767505922 0.0018035433197218 0.5172379310344828 0.4120546296296296 0.2275677248677248 0.9999 0.0001 0.1154615384615384 0.7498495377813506 0.4821521029770103 0.5378567006151053 0.0093616422689844 0.4564819196428571 0.9578739386296764 0.9999 0.3951711942163147 0.2931790162633875 0.3241246929814262 0.7309267211378424 0.5594031078610603 0.4508611350737798
1 0.0047911436950146 0.0158955529549444 0.0574710769528483 0.0574749980432892 0.0034991877002089 0.0057464248109505 0.0037354360641286 0.0027967737666381 0.2118802955665024 0.1898768518518518 0.2310943562610229 0.9999 0.0001 0.1154615384615384 0.011954541800643 0.684463576650069 0.3540677120096803 0.0177085544373284 0.3680255884740259 0.9528308112652376 0.9999 0.4947682859893092 0.3825196242472323 0.4241352126235705 0.822853659151662 0.2873673369896404 0.9994460612939842
6 0.4615912609970675 0.4646062609713282 0.2219635852278597 0.2219637996334325 0.0009841817717306 0.0019183401933569 0.0010914825629441 0.0014065099070291 0.4679866995073891 0.4351981481481481 0.816515167548501 0.9999 0.0001 0.1154615384615384 0.9358051045016076 0.3650021082741816 0.575360542502773 0.0058170631290027 0.516839163961039 0.9999 0.9999 0.3759848301144858 0.2670402185280012 0.3002958954610562 0.7121681797548797 0.5343624131627056 0.2615686946651532
5 0.1848137829912023 0.1972519016968987 0.0404402130460569 0.0404401540008418 0.0008466423850169 0.0029710634631951 0.0010914825629441 0.0013646760584182 0.5960399014778326 0.4861138888888889 0.2346209876543209 0.0001 0.9999 0.2308230769230769 0.4654409967845659 0.6655034961330649 0.4570016436422305 0.0202240622140896 0.8096985998376623 0.6128399747793191 0.0001 0.3612008868044319 0.4017361472720061 0.2534599830934322 0.2282784939728653 0.6113122851919561 0.4508611350737798
6 0.5372359530791789 0.6658533060269163 0.0619838657789965 0.0619910921435134 0.0115681650540768 0.0237384225136402 0.0073157897636493 0.0175793895246413 0.4975374384236453 0.453712962962963 0.2310943562610229 0.0001 0.9999 0.0001 0.3196703175241158 0.9825287530458736 0.4690996571543813 0.1886487419945104 0.90616875 0.8009065994115174 0.0001 0.6026787863272369 0.7403146983520247 0.4765350905205813 0.2343296363544661 0.5503250944546009 0.9999
1 0.1320384164222873 0.1387498537156231 0.0998585735834876 0.0998585045891801 0.0006436080522492 0.0021097444242366 0.0009262354691201 0.0008172995568003 0.4581364532019704 0.3426240740740741 0.2310943562610229 0.9999 0.0001 0.1154615384615384 0.3330317926045016 0.6265241127238056 0.810868538872643 0.0118771500457456 0.6911143668831169 0.8029028373266078 0.0001 0.3335373031314641 0.32569928599762 0.2616063798811844 0.40527440863469 0.4791022912858013 0.2598664245175936
5 0.4967748387096774 0.4997074897600936 0.2813304960292194 0.2813300073769537 0.0006370585576438 0.0013441275007179 0.0006508236460801 0.0008143668746296 0.4088852216748768 0.375025 0.7389292768959436 0.9999 0.0001 0.1539153846153846 0.9620257435691318 0.3240102023519441 0.9999 0.0060457456541628 0.7293575284090908 0.9999 0.5 0.3324930079669035 0.2670402185280012 0.2445858102237772 0.4998235083472033 0.48287971968312 0.1260679909194098
3 0.1766042815249267 0.177361205383265 0.0839743147977856 0.0839736528893684 0.0001916929244757 0.0005785105771991 0.000320329458432 0.000251033131789 0.5861896551724137 0.4490842592592592 0.2275677248677248 0.0001 0.9999 0.0385538461538461 0.446051788585209 0.4944390825299291 0.8318384289603712 0.0034158966148215 0.8549411728896104 0.9999 0.0001 0.1850221496303274 0.1721473693700191 0.1642017681452086 0.4157630554294649 0.5947403412553322 0.0239317820658343
6 0.2258612903225806 0.2311830895260386 0.318294666738156 0.3182942010025754 0.0009055878364657 0.0015355317315975 0.0007609883752961 0.0013004158167376 0.4088852216748768 0.4814851851851852 0.2275677248677248 0.9999 0.0001 0.6153615384615385 0.5705244774919614 0.2712609280644136 0.8558328224261369 0.0101620311070448 0.8208570819805195 0.9191048970155528 0.0001 0.3678352325557582 0.3047882478093108 0.2534599830934322 0.4277644878196399 0.538870956733699 0.1942722814982974
6 0.6767974780058651 0.6793087770626097 0.0013554351765806 0.0013550482367724 0.0003619797842164 0.0010570211543983 0.000595741281472 0.0007996172084184 0.9358733990147784 0.7869796296296296 0.2222777777777777 0.0001 0.9999 0.6153615384615385 0.2792845056270096 0.4815165695518593 0.6333301905818292 0.0076465233302836 0.9153998579545454 0.6847045397225725 0.0001 0.270859116882053 0.2670402185280012 0.1985011505858595 0.3164738941846976 0.9469550761730652 0.0718223155505107
6 0.185986568914956 0.1937417788180222 0.0559858124163341 0.0559862697604677 0.0010431272231793 0.0033538719249545 0.0016423062090242 0.0016416420128297 0.561564039408867 0.4444555555555555 0.2557807760141093 0.0001 0.9999 0.0001 0.4643359123794212 0.6071403432567011 0.946870374105072 0.0133635864592863 0.4926962662337661 0.63763535098781 0.9999 0.3816567862043542 0.3441586852259205 0.3002958954610562 0.5263476824532205 0.5902927239488117 0.5072630192962543
6 0.6773838709677419 0.6834039204212989 0.0327510962025966 0.0327528198821536 0.0017897696081963 0.0031624676940748 0.0023583769489284 0.0024913435440996 0.4729118226600985 0.3796537037037037 0.2222777777777777 0.0001 0.9999 0.1154615384615384 0.2688364348874598 0.5964421972666596 0.4813993042250681 0.012791880146386 0.4926962662337661 0.8247563892391762 0.9999 0.432970583898253 0.3352174137247124 0.3626029187310682 0.759165385585313 0.5115759902498476 0.858725062429058
6 0.0088958944281524 0.0849279695728496 0.1750741596704524 0.1751047117441472 0.244605732609251 0.0868061165884943 0.0497842928764255 0.3380449560199476 0.0936773399014778 0.4490842592592592 0.2822305114638447 0.0001 0.9999 0.0001 0.0217998392282958 0.3430762051064731 0.3195883735000504 0.1088385407136322 0.1352190746753246 0.4286607608238755 0.9999 0.8746664857558317 0.6584732213046771 0.6139908634090215 0.8400994149392244 0.4989642535039609 0.9999
2 0.0229693255131964 0.1241243417203042 0.2150551488107687 0.2150585311665509 0.0383752464740293 0.0308203790561883 0.0082521899619855 0.0525471391311519 0.2168054187192118 0.4166833333333333 0.2310943562610229 0.0001 0.9999 0.0001 0.0577653135048231 0.4762204576756013 0.3335010890390239 0.1473715462031107 0.5413878246753248 0.3723458385876418 0.0001 0.7097907080099126 0.7020619198730664 0.4175382745908376 0.1665064154940232 0.4946994149908593 0.9999
0 0.7805890322580645 0.779347279110591 0.3284737813622101 0.3284762275047593 0.0012461615559471 0.0013441275007179 0.0027990358657925 0.0015782443247287 0.3202330049261083 0.4120546296296296 0.2346209876543209 0.9999 0.0001 0.2308230769230769 0.0355631631832797 0.3093929335734717 0.0925489865886861 0.0026155077767612 0.3235945413961039 0.9999 0.9999 0.3987750363528377 0.1435929861887418 0.3989682461784112 0.9536591869672668 0.4670388909201706 0.3346528263337117
5 0.5659692082111437 0.5681548858981861 0.0934758795293009 0.0934759739181238 0.0006043110846167 0.0015355317315975 0.0008711531045121 0.0009572057474124 0.5664891625615763 0.5185148148148148 0.8024086419753087 0.9999 0.0001 0.3961746153846153 0.8446858721864952 0.5014299502065896 0.66387767470001 0.0052453568161024 0.5821670048701298 0.9999 0.9999 0.3270258156347922 0.2521140636832426 0.2762088548148496 0.667893987996167 0.6132619256550884 0.1669224744608399
4 0.3654228152492669 0.3674928613224107 0.1559877709788398 0.1559904695859353 0.0021761897899156 0.0028753613477553 0.0027990358657925 0.0032307244725378 0.4975374384236453 0.4444555555555555 0.2416742504409171 0.0001 0.9999 0.2308230769230769 0.917822367363344 0.3084396334357454 0.1732024100030251 0.0059314043915827 0.2799750202922077 0.9999 0.9999 0.4511536055870727 0.2356015542173019 0.3989682461784112 0.9133182377565946 0.5447198781230956 0.6913351645856981
6 0.5712467448680352 0.5740050906963137 0.2421683124939478 0.2421679581830877 0.0007483999659358 0.0013441275007179 0.0007059060106881 0.0009547905973895 0.3251581280788177 0.4444555555555555 0.820041798941799 0.9999 0.0001 0.1154615384615384 0.8396627612540193 0.2489113359466045 0.9159196228698194 0.0058170631290027 0.7293575284090908 0.9999 0.9999 0.3488741085874619 0.2670402185280012 0.2534599830934322 0.5418285217128158 0.4782493235831809 0.1410479682179341
6 0.2381755425219941 0.2417134581626682 0.3096332423076309 0.3096328662700655 0.0006698060306708 0.001248425385278 0.0007609883752961 0.0010927129147685 0.61574039408867 0.4907425925925926 0.2522541446208112 0.0001 0.9999 0.0001 0.5955395699356913 0.40006236889501 0.8447429767066653 0.0075321820677035 0.7825124797077921 0.9999 0.9999 0.3376325782866037 0.2670402185280012 0.2616063798811844 0.5774294093912342 0.6283107129798903 0.1567088535754824
6 0.3712867448680352 0.3727580456407255 0.0258572166719089 0.0258582572578562 0.0009972807609414 0.0011527232698382 0.0014770591152002 0.0010000746603188 0.3005325123152709 0.2639361111111111 0.238147619047619 0.9999 0.0001 0.6153615384615385 0.9338963223472668 0.3514440618709609 0.3019454371281637 0.0051310155535224 0.6097588879870129 0.9999 0.9999 0.3772748417883548 0.2171782085031192 0.3322945664169817 0.848923997579059 0.365292029250457 0.2598664245175936
6 0.9869993548387096 0.9864445289643066 0.1011237903715668 0.1011241816480866 0.0007287514821195 0.0010570211543983 0.0010914825629441 0.0005702642116011 0.1971049261083743 0.217649074074074 0.820041798941799 0.9999 0.0001 0.1154615384615384 0.0025110932475884 0.2788873291662252 0.3631412221437934 0.0030728728270814 0.5771964082792208 0.9999 0.9999 0.3461917033608455 0.1962671703148101 0.3002958954610562 0.8183153023654614 0.2764006093845216 0.1425232690124858
2 0.0241421114369501 0.1241243417203042 0.12650252799699 0.126506194006487 0.0426651654405743 0.0245040394371589 0.0063793895653132 0.0580993102677177 0.2118802955665024 0.4074259259259259 0.2275677248677248 0.0001 0.9999 0.0001 0.0608796422829582 0.4246363280008475 0.3489260562670162 0.14599945105215 0.6762025771103896 0.5156547078604455 0.0001 0.7192303172425093 0.7002592441671776 0.4208954352267123 0.1742216220305643 0.4919577330895795 0.9999
5 0.1021323753665689 0.1276344645991808 0.0677161211788136 0.0677167924148646 0.0033943957865223 0.0078518713506269 0.0023032945843204 0.0049832608355813 0.4778369458128079 0.4166833333333333 0.823568430335097 0.9999 0.0001 0.1539153846153846 0.2064493971061093 0.5528022354062931 0.4537755067056569 0.0307434583714547 0.5721243709415585 0.5130280790248003 0.0001 0.49200397525959 0.4977106018535214 0.3152505201117712 0.2266648560044384 0.5353981596587447 0.9925234960272418
2 0.0241421114369501 0.1258794031597425 0.1748782963787932 0.1748825847656353 0.04235733919412 0.0295762515554704 0.0080318605035535 0.0583576450648097 0.1971049261083743 0.4166833333333333 0.2310943562610229 0.0001 0.9999 0.0001 0.0607791800643086 0.5183775082106156 0.3938903398205102 0.1482862763037511 0.5679653003246754 0.4637525220680958 0.0001 0.7185750732176869 0.7029272042118928 0.434723180782868 0.1967117012155142 0.4977457282145033 0.9999
3 0.1777770674486803 0.179701287302516 0.1222856521738125 0.1222849341898077 0.0002047919136865 0.0007699148080788 0.000485576552256 0.0002698367998244 0.5763394088669951 0.453712962962963 0.2346209876543209 0.0001 0.9999 0.0385538461538461 0.4477596463022508 0.5826723063883886 0.6218370777452858 0.0051310155535224 0.8871993303571428 0.6059056746532157 0.0001 0.1955060540274848 0.2171782085031192 0.1642017681452086 0.3107253089221768 0.5862106642291285 0.033351010215664
6 0.7624108504398827 0.7629667056758338 0.3058221878307972 0.3058215863100502 0.0004602222032976 0.0009613190389585 0.000595741281472 0.0006301254300258 0.4778369458128079 0.4120546296296296 0.7459825396825397 0.9999 0.0001 0.1154615384615384 0.4166163585209003 0.3046264328848395 0.7982664414641526 0.0039876029277218 0.723271083603896 0.9999 0.9999 0.2980107911606283 0.2171782085031192 0.2348664780332026 0.6006758813738842 0.5335094454600854 0.0752268558456299
6 0.7442326686217009 0.7524363370392042 0.0258063060797789 0.0258075007811435 0.0015932847700339 0.0038323825021537 0.0023583769489284 0.0018527088737593 0.4039600985221674 0.296337037037037 0.2222777777777777 0.0001 0.9999 0.1154615384615384 0.0936303255627009 0.6449545820531837 0.7478580518301906 0.0161077767612076 0.5050720373376623 0.649717843631778 0.9999 0.422056675609806 0.3682784861707115 0.3398540470096508 0.6258889746305544 0.4251216209628276 0.8529373439273553
5 0.6292996480938416 0.6342622001170275 0.0329472675765077 0.0329472194985766 0.0010234787393631 0.0013441275007179 0.0007059060106881 0.0013437160064338 0.3005325123152709 0.4166833333333333 0.8094619047619048 0.9999 0.0001 0.1154615384615384 0.7127789790996785 0.2178761203517321 0.7982664414641526 0.008561253430924 0.9999 0.9999 0.0001 0.3797934360087657 0.3156043020446432 0.2534599830934322 0.3989711353205225 0.4876928945764778 0.2132242224744608
6 0.0358699706744868 0.0556769455822118 0.366006748928757 0.3660167651595782 0.0129894053834513 0.0200060400114865 0.0100148256294419 0.0025800140520831 0.0001 0.0093574074074074 0.2099345679012345 0.9999 0.0001 0.2308230769230769 0.091118770096463 0.6908189109015787 0.2488149944539679 0.0306291171088746 0.169100284090909 0.8141448087431694 0.9999 0.6130603088455159 0.4611523385380982 0.510294510061756 0.8754985978715892 0.069495015234613 0.9999
1 0.2633904398826979 0.3025555880631948 0.13050135860637 0.1305037094151992 0.005804609801314 0.0165607638556523 0.005553154096193 0.0090401953419 0.5221630541871921 0.4444555555555555 0.2310943562610229 0.9999 0.0001 0.1154615384615384 0.6644566519292605 0.7739678673588304 0.6218370777452858 0.0589857502287282 0.4052543425324675 0.4220416561580496 0.0001 0.5406763204784238 0.561200840214922 0.3882159414844905 0.3107253089221768 0.5659222181596587 0.9999
6 0.4756646920821114 0.4792317729666471 0.238086530738238 0.2380861053813552 0.0006501575468546 0.0013441275007179 0.0006508236460801 0.0008722442198212 0.4482862068965517 0.4027972222222222 0.2275677248677248 0.9999 0.0001 0.1154615384615384 0.7898335008038586 0.369238997775188 0.9159196228698194 0.008446912168344 0.7970185064935066 0.9999 0.0001 0.3345815982960248 0.2806684468645198 0.2445858102237772 0.4578184949815908 0.5087733820840951 0.1410479682179341
0 0.3654228152492669 0.366907840842598 0.0234219805115943 0.0234219463756477 0.0004798706871139 0.0007699148080788 0.0007059060106881 0.0004739169767591 0.3054576354679803 0.2546787037037037 0.823568430335097 0.9999 0.0001 0.6576607692307692 0.7389996181672027 0.3973083907193559 0.66387767470001 0.0037589204025617 0.8871993303571428 0.9999 0.9999 0.3025565465828332 0.2171782085031192 0.2534599830934322 0.667893987996167 0.3631596099939061 0.0940653121452894
6 0.6292996480938416 0.637772322995904 0.0070243796736278 0.0070267571725005 0.0034402422487602 0.0051722121183114 0.0027439535011845 0.0059917584808566 0.6255906403940887 0.4814851851851852 0.7054262786596119 0.0001 0.9999 0.0001 0.6583284565916399 0.4587432884839496 0.484121357265302 0.0131349039341262 0.3727933035714285 0.8713002522068096 0.9999 0.4932325578061318 0.3682784861707115 0.3835910418672364 0.757803878549453 0.6367794637416209 0.9795862429057888
6 0.0346971847507331 0.7261104154476301 0.3625104004722613 0.3625113334074931 0.1034051784111678 0.1219287929549153 0.0152476502672029 0.1457645120541819 0.3005325123152709 0.453712962962963 0.2240410934744268 0.9999 0.0001 0.2308230769230769 0.0877030546623794 0.6048100540311474 0.0180453867096904 0.9999 0.9290943587662338 0.067236633039092 0.0001 0.7980643639789462 0.9999 0.3502307253387184 0.0087228778937812 0.5090780134064595 0.9999
3 0.3302392375366569 0.3300515506143944 0.068029055726203 0.0680283401361131 0.0001982424190811 0.0004828084617593 0.000265247093824 0.0002644889676308 0.5566389162561576 0.4814851851851852 0.2275677248677248 0.0001 0.9999 0.0385538461538461 0.8343382636655949 0.1589833562877423 0.7982664414641526 0.0026155077767612 0.8307982751623377 0.9999 0.0001 0.1904279128351117 0.1435929861887418 0.1414528964237912 0.3989711353205225 0.6033918708104814 0.0150799772985244
2 0.0241421114369501 0.1252943826799297 0.2183344533207857 0.2183383700198629 0.0426782644297852 0.0251739542452378 0.0074810368574734 0.0585244629271055 0.1971049261083743 0.4027972222222222 0.2310943562610229 0.0001 0.9999 0.0001 0.0607791800643086 0.4784448246636296 0.3733237168498538 0.1473715462031107 0.6655512987012987 0.4706868221941993 0.0001 0.7192507936182849 0.7020619198730664 0.4288070655364313 0.1864247591667927 0.4953696039000609 0.9999
6 0.3765642815249266 0.4330151550614394 0.0721764590015722 0.0721763535046076 0.0035974301192901 0.0112014453910213 0.0029092005950085 0.0053580403659201 0.5221630541871921 0.4166833333333333 0.7812488536155203 0.0001 0.9999 0.0001 0.7725539991961415 0.5954888971289333 0.1103935565191086 0.0682473924977127 0.8623463474025973 0.1917388398486759 0.0001 0.4973073565854957 0.6157498070751145 0.2534599830934322 0.0548628385534876 0.543013942717855 0.9975168217934164
6 0.0769174780058651 0.0784927442949093 0.0077602341323427 0.007760145899751 0.0003095838273731 0.0007699148080788 0.0007059060106881 0.0005909654975117 0.822595566502463 0.671262037037037 0.2222777777777777 0.0001 0.9999 0.6153615384615385 0.1945948553054662 0.5915697743405022 0.6333301905818292 0.004330626715462 0.7744986607142857 0.9123807271963008 0.9999 0.2520618039199623 0.1962671703148101 0.2445858102237772 0.683173122509709 0.8313170262035345 0.0718223155505107
5 0.6234357184750733 0.6313370977179638 0.2505073288478369 0.250507116372215 0.0007549494605412 0.0024925528859959 0.0008711531045121 0.0009163207077391 0.4138103448275862 0.3657675925925926 0.238147619047619 0.9999 0.0001 0.1539153846153846 0.411693709807074 0.6734476639474521 0.6974496621962287 0.0151930466605672 0.7368641436688311 0.9298215426649852 0.0001 0.3497545927458169 0.3606351411777433 0.2691658604738535 0.3485449488071822 0.4527212187690433 0.3904872871736663
2 0.0241421114369501 0.1264644236395553 0.0506952699452097 0.0507107540208095 0.1168316423522629 0.0755132669665932 0.0297343121591096 0.1860038441178125 0.1183029556650246 0.4907425925925926 0.3051536155202821 0.0001 0.9999 0.0001 0.0589708601286173 0.5664662040470388 0.8349637491176768 0.1446273559011893 0.2153572646103896 0.3663571248423707 0.9999 0.8089168431400661 0.7038285420648372 0.5471998004085754 0.5823207494830283 0.5750002315661182 0.9999
6 0.7295728445747801 0.7296205383265068 0.0058386481065444 0.0058386397069925 0.0003619797842164 0.0010570211543983 0.0008711531045121 0.0007389796917721 0.8619965517241379 0.7082916666666667 0.2222777777777777 0.0001 0.9999 0.6153615384615385 0.1515970257234726 0.5297111876258078 0.5797964807905617 0.004330626715462 0.5771964082792208 0.7897696931483817 0.9999 0.270859116882053 0.1962671703148101 0.2534599830934322 0.7099494275482927 0.8673244485070079 0.0797662429057888
2 0.0229693255131964 0.1241243417203042 0.1494605093279389 0.1494644498160691 0.0461822440436807 0.0249825500143581 0.0073708721282573 0.0635081249993529 0.2069551724137931 0.4120546296296296 0.2310943562610229 0.0001 0.9999 0.0001 0.0577653135048231 0.4211408941625172 0.36767797721085 0.1473715462031107 0.6708262175324675 0.4705817570407734 0.0001 0.726294666885125 0.7020619198730664 0.4272576067814121 0.1836008927220457 0.4967709079829372 0.9999
6 0.8022855718475074 0.8039181392627268 0.0711791197315389 0.0711803250420153 0.0014295474048986 0.001248425385278 0.0019177180320643 0.0019377566567085 0.453211330049261 0.3796537037037037 0.2822305114638447 0.0001 0.9999 0.0001 0.0131600884244372 0.3105580781862486 0.3393484622365634 0.0066174519670631 0.7100837865259741 0.8453491593106347 0.9999 0.4118184877219571 0.2521140636832426 0.3434224974757555 0.8302158823826096 0.4999390737355271 0.4093257434733258
2 0.0229693255131964 0.1100838502047981 0.1406739264825707 0.1406848886924303 0.0774298828061027 0.0593396094572604 0.0220778634785962 0.1180409186859922 0.1774044334975369 0.4814851851851852 0.3051536155202821 0.0001 0.9999 0.0001 0.0560574557877813 0.5386086555779214 0.9741917212866796 0.1233598810612991 0.2354425324675324 0.3616291929382094 0.9999 0.7723050832531181 0.6792400454365152 0.5156237091131096 0.5126821859081051 0.5506906520414382 0.9999
6 0.2710135483870968 0.2738895845523698 0.798255159780691 0.7982549157813192 0.001069325201601 0.0015355317315975 0.0013668943859842 0.0016110213607537 0.5172379310344828 0.4398268518518519 0.2346209876543209 0.0001 0.9999 0.0001 0.6826403135048232 0.3973083907193559 0.4118357265302007 0.0068461344922232 0.5821670048701298 0.9999 0.9999 0.3840525221701107 0.2521140636832426 0.3241246929814262 0.793959454279518 0.5632414625228519 0.3163817934165721
1 0.0927500879765396 0.0960433586892919 0.0241759348026095 0.0241760536040147 0.0005388161385626 0.001248425385278 0.0008160707399041 0.00073906594713 0.4827620689655172 0.4074259259259259 0.2310943562610229 0.9999 0.0001 0.1154615384615384 0.2338755827974276 0.5372316664900944 0.7118664616315419 0.0068461344922232 0.7100837865259741 0.9999 0.9999 0.3150061830544576 0.2521140636832426 0.2691658604738535 0.6438911232158168 0.5277823765996343 0.1523964358683314
6 0.0458386510263929 0.052751843183148 0.1169147002349366 0.1169174560325547 0.003119317013095 0.0065120417344692 0.0030193653242245 0.0052984379135693 0.5812645320197044 0.4814851851851852 0.2346209876543209 0.0001 0.9999 0.3461846153846153 0.1153301647909967 0.4462444644559805 0.3143459009781184 0.0118771500457456 0.2207336241883117 0.9220467213114754 0.9999 0.4842843815921518 0.32569928599762 0.3989682461784112 0.842721576637918 0.6216088238878733 0.9601803632236094
0 0.2282068621700879 0.2311830895260386 0.4176052117067866 0.4176047546531198 0.000768048449752 0.001248425385278 0.0008160707399041 0.0010917641058309 0.4138103448275862 0.453712962962963 0.238147619047619 0.0001 0.9999 0.0001 0.573940192926045 0.2724260726771904 0.7118664616315419 0.0067317932296431 0.7100837865259741 0.9999 0.9999 0.3514746083109755 0.2521140636832426 0.2691658604738535 0.6438911232158168 0.5371040950639854 0.1523964358683314
2 0.0229693255131964 0.1059887068461088 0.0319421492296133 0.0319452604613153 0.0328540225216667 0.0186662103953288 0.0050574128147209 0.0451322835394271 0.2414310344827586 0.4120546296296296 0.2346209876543209 0.0001 0.9999 0.0001 0.0576648512861736 0.3745351096514461 0.3576971160633256 0.121073055809698 0.7411246550324676 0.561147919293821 0.0001 0.6959282016097651 0.6719211820706069 0.4049078380726512 0.178608700257225 0.4964053503960999 0.9999
5 0.5448590615835778 0.5470941486249269 0.0957567664814028 0.0957565494499331 0.0006632565360654 0.0011527232698382 0.0006508236460801 0.0008650850251105 0.4335108374384236 0.375025 0.7565624338624339 0.9999 0.0001 0.1539153846153846 0.8700023512861736 0.2119444750503231 0.9082575476454572 0.0052453568161024 0.7657747564935065 0.9999 0.9999 0.3366292358735945 0.2521140636832426 0.2445858102237772 0.5456609118878298 0.4927497745277269 0.1116554370034052
1 0.1021323753665689 0.1112538911644236 0.0614129123456228 0.0614158264006197 0.0039183553549553 0.009574509428544 0.0031295300534405 0.0055292572514718 0.4729118226600985 0.4074259259259259 0.2205144620811287 0.9999 0.0001 0.1154615384615384 0.2586897508038585 0.4518583430448141 0.3871356156095593 0.0153073879231473 0.186345211038961 0.9060768179907523 0.9999 0.5050883793802609 0.3606351411777433 0.4009872378894968 0.8063138699752862 0.5135865569774527 0.9904807718501704
2 0.0499434017595307 0.1200291983616149 0.5599690960730221 0.5599715114620111 0.0278502086431318 0.0142639130850962 0.0042311773456007 0.0394371872747206 0.3202330049261083 0.4166833333333333 0.2310943562610229 0.0001 0.9999 0.0001 0.1258786977491961 0.3887286894798178 0.4307892810325703 0.1027784537968893 0.8241031858766233 0.6957363808322825 0.0001 0.6812056874270382 0.6463231870469871 0.4068094465447202 0.2151676854793967 0.5118196953077392 0.9999
2 0.0229693255131964 0.1100838502047981 0.121804042593496 0.1218144162592497 0.0754388364460574 0.0551287163779075 0.0192686628835876 0.1139522422079439 0.1330783251231527 0.4861138888888889 0.3086802469135802 0.0001 0.9999 0.0001 0.0559569935691318 0.5247328424621253 0.973586820611072 0.123131198536139 0.2545133928571428 0.3977716057166877 0.0001 0.7699912527904643 0.6792400454365152 0.510294510061756 0.4866622736672215 0.5456337720901889 0.9999
6 0.0317652199413489 0.0416364540667056 0.1801251681907077 0.180129834000053 0.0055753774901246 0.0063206375035895 0.0044515068040328 0.0074482664553792 0.4433610837438423 0.3796537037037037 0.2310943562610229 0.9999 0.0001 0.1154615384615384 0.0799674638263665 0.5031247060069922 0.2702889684380357 0.0161077767612076 0.3034078327922078 0.9473674232870952 0.9999 0.5370315255903496 0.3682784861707115 0.4416487918848475 0.8647578201442478 0.4847684338817793 0.999673030646992
5 0.1988872140762463 0.2054421884142773 0.3047603823495493 0.3047605525874495 0.0017242746621422 0.0018226380779171 0.0011465649275522 0.0023066708227059 0.3793344827586207 0.4027972222222222 0.820041798941799 0.9999 0.0001 0.1154615384615384 0.4026521101286173 0.2318578557050535 0.7982664414641526 0.0092473010064043 0.7970185064935066 0.9999 0.9999 0.4294691236406086 0.32569928599762 0.3055311879211965 0.6006758813738842 0.4912875441803778 0.4660680817253121
6 0.940087917888563 0.9413979520187244 0.1532809603134562 0.1532830467188579 0.0021041453492561 0.0023011486551163 0.0023583769489284 0.0020615330953819 0.2709817733990148 0.2639361111111111 0.7565624338624339 0.9999 0.0001 0.1539153846153846 0.0522398914790996 0.2825946074796058 0.2317769587576888 0.0052453568161024 0.3912555194805194 0.9999 0.9999 0.448020720093391 0.2521140636832426 0.3811964237912977 0.8840206233923438 0.3547517854966484 0.6444659931895572
6 0.733677595307918 0.7337156816851961 0.0504203065353696 0.0504202328824784 0.0004602222032976 0.0010570211543983 0.0007059060106881 0.0006817061340862 0.561564039408867 0.4768564814814814 0.2205144620811287 0.0001 0.9999 0.0001 0.1398429461414791 0.3405340714058693 0.5797964807905617 0.004330626715462 0.5771964082792208 0.9999 0.9999 0.2980107911606283 0.1962671703148101 0.2534599830934322 0.7099494275482927 0.5834689823278489 0.0797662429057888
1 0.0188645747800586 0.0235008191925102 0.1590748321636577 0.1590757547819238 0.0010169292447577 0.0027796592323154 0.0016423062090242 0.0011536091974887 0.3547088669950739 0.3333666666666666 0.2240410934744268 0.9999 0.0001 0.1154615384615384 0.0476186294212218 0.5950652081788326 0.4397619743874156 0.008561253430924 0.3912555194805194 0.9274050441361916 0.9999 0.3791791447354947 0.2806684468645198 0.3361447366567262 0.7799914006153226 0.4172621328458258 0.4735580703745743
5 0.2158926099706745 0.2200677004095962 0.0368758554324495 0.0368760326656687 0.000990731266336 0.0015355317315975 0.0009262354691201 0.001415480464257 0.4482862068965517 0.453712962962963 0.816515167548501 0.9999 0.0001 0.0770076923076923 0.4376129622186495 0.2472165801462019 0.7982664414641526 0.006503110704483 0.7015627637987013 0.9342342791088692 0.9999 0.3766400741393081 0.2806684468645198 0.2762088548148496 0.6006758813738842 0.5340577818403413 0.2132242224744608
1 0.1642900293255131 0.1761911644236395 0.1620435897637376 0.1620431986890346 0.0010627757069956 0.0024925528859959 0.0009813178337281 0.0013992644569604 0.4581364532019704 0.3426240740740741 0.2240410934744268 0.9999 0.0001 0.1154615384615384 0.4156117363344052 0.4280258396016527 0.3949993243924574 0.0195380146386093 0.924732406655844 0.5672416981925178 0.0001 0.3834587072726156 0.3955709963578667 0.2348664780332026 0.1972663892671609 0.488606788543571 0.3346528263337117
6 0.4099886803519061 0.4119544177881802 0.0062287572580402 0.0062286712670426 0.0004602222032976 0.0009613190389585 0.0007059060106881 0.0009937780191877 0.8816970443349754 0.7406925925925926 0.2222777777777777 0.0001 0.9999 0.6153615384615385 0.9579067926045016 0.4494221315817354 0.8166150952909146 0.0059314043915827 0.8154807224025975 0.9123807271963008 0.9999 0.2980107911606283 0.2356015542173019 0.2445858102237772 0.5914983154284562 0.8856023278488727 0.0978103064699205
6 0.6046711436950147 0.6167115857226448 0.0048242872920924 0.0048265909907489 0.0044423149233883 0.0038323825021537 0.0023583769489284 0.0055125237120275 0.1724793103448275 0.3657675925925926 0.7054262786596119 0.0001 0.9999 0.0001 0.7028332194533762 0.4381943744040683 0.6398832812342442 0.0173655306495882 0.6534798498376624 0.9999 0.9999 0.516473244311549 0.4076489235873211 0.3811964237912977 0.679895420386342 0.4503450944546008 0.9954740976163452
6 0.0851269794721407 0.0995534815681685 0.0293729743102757 0.0293731625253216 0.0019993534355695 0.0037366803867138 0.0012567296567682 0.0033192224698054 0.5911147783251232 0.4768564814814814 0.2346209876543209 0.0001 0.9999 0.0001 0.2142854501607717 0.3482663947452061 0.5131565896944641 0.0227395699908508 0.7209379464285713 0.6655826817990752 0.0001 0.4432906772892047 0.4188255129638311 0.2762088548148496 0.2563658798607958 0.6118606215722121 0.6684112599318955
6 0.4668687976539589 0.4786467524868344 0.1676850379198007 0.1676841764651141 0.0005322666439572 0.0023968507705561 0.0006508236460801 0.0005970896279269 0.3891847290640394 0.296337037037037 0.2522541446208112 0.9999 0.0001 0.1539153846153846 0.8037977491961416 0.3668027863121093 0.146889230614097 0.0201097209515096 0.9999 0.3312653635981504 0.0001 0.3136956950048129 0.4017361472720061 0.1414528964237912 0.0731675442578302 0.4203084460694698 0.103938479001135
2 0.4785966568914956 0.4798167934464599 0.0026780322840803 0.0026779514902124 0.000578113106195 0.000674212692639 0.0006508236460801 0.0012873912576855 0.7733443349753695 0.7823509259259259 0.2822305114638447 0.0001 0.9999 0.0001 0.8156522909967845 0.1565471448246636 0.7249726429363719 0.0050166742909423 0.9999 0.9999 0.9999 0.3224186310852602 0.2171782085031192 0.2445858102237772 0.6373357189690826 0.8889532723948813 0.0845325993189557
6 0.0575665102639296 0.0960433586892919 0.0300462880718505 0.0300608011051255 0.0527120901652768 0.0179962955872499 0.0118325436615062 0.0675434094108236 0.3941098522167487 0.4490842592592592 0.2346209876543209 0.0001 0.9999 0.6153615384615385 0.144866057073955 0.4544004767454179 0.3428770495109408 0.0572706312900274 0.3612290584415584 0.936020386717108 0.9999 0.7380685829561512 0.5568023114925535 0.5408141522060723 0.8284509658546427 0.4627740524070689 0.9999
5 0.6122942521994135 0.6143715038033938 0.0727609680540305 0.0727629412536877 0.0014950423509528 0.0025882550014358 0.0021931298551044 0.0022580228008162 0.5172379310344828 0.4490842592592592 0.2346209876543209 0.0001 0.9999 0.5192269230769231 0.4521799839228296 0.4753730797753999 0.2502264293637188 0.0068461344922232 0.3477374391233765 0.9999 0.9999 0.4160570975075265 0.2521140636832426 0.3736369431986286 0.8747926312604024 0.5588547714808044 0.5938518274687855
1 0.1079963049853372 0.1176891164423639 0.1460738381531273 0.1460730853507997 0.000466771697903 0.0020140423087967 0.000430494187648 0.000686536434132 0.5467886699507389 0.453712962962963 0.2275677248677248 0.9999 0.0001 0.1154615384615384 0.272754461414791 0.4742079351626232 0.2317769587576888 0.0161077767612076 0.953845900974026 0.6997288566624633 0.0001 0.2995465193438057 0.3682784861707115 0.1642017681452086 0.1156263933020628 0.5779856185252895 0.1051868104426788
6 0.3085426979472141 0.393233762434172 0.1128782065702592 0.1128821235827713 0.0127863710506835 0.0182834019335694 0.0064344719299212 0.0207676463209389 0.5369384236453202 0.9721277777777778 0.820041798941799 0.9999 0.0001 0.1539153846153846 0.6246736133440515 0.8486430448140694 0.428571311888676 0.0998055809698078 0.7780490868506493 0.5379285203867171 0.0001 0.6116474389169926 0.6761394432223865 0.425708148026393 0.2140583093761033 0.5882212309567337 0.9999
6 0.0124142521994134 0.0205757167934464 0.2623321418410934 0.2623326052417662 0.001403349426477 0.0043108930793529 0.0015872238444162 0.0021420955997171 0.5517137931034483 0.4120546296296296 0.2416742504409171 0.0001 0.9999 0.0001 0.0310423633440514 0.5450699120669562 0.7807243218715337 0.0134779277218664 0.3824301745129869 0.8122536359815049 0.9999 0.4100779957810228 0.3441586852259205 0.3197815131378119 0.6094500378272053 0.5659831444241317 0.6345928263337117
1 0.1431798826979472 0.1586405500292568 0.0706861111079012 0.0706882413853882 0.0047304926860264 0.0079475734660668 0.0030744476888325 0.0072917129806808 0.5172379310344828 0.4398268518518519 0.2205144620811287 0.9999 0.0001 0.1154615384615384 0.3626681471061093 0.4684881343362644 0.7540078753655339 0.0245690301921317 0.3598088879870129 0.7325091845313157 0.9999 0.5221861531529686 0.4292810320579857 0.3787313757719491 0.6228129772532407 0.5608653382084094 0.9980842451759364
0 0.1877457478005865 0.1925717378583967 0.3372199284120136 0.3372225157938915 0.0029490301533543 0.0033538719249545 0.0029092005950085 0.0039498353918553 0.3103827586206896 0.4398268518518519 0.2416742504409171 0.0001 0.9999 0.0001 0.471468729903537 0.3745351096514461 0.2437741554905717 0.0092473010064043 0.3517950689935064 0.9999 0.9999 0.4791448112724517 0.2931790162633875 0.4029592763049757 0.8780199071972563 0.4883021572212065 0.9131977071509648
5 0.1830546041055718 0.1861365125804564 0.7999418330893989 0.7999406623758721 0.0006632565360654 0.0011527232698382 0.0007059060106881 0.0009101965773238 0.4482862068965517 0.4120546296296296 0.2310943562610229 0.0001 0.9999 0.0001 0.4617238946945338 0.2825946074796058 0.8318384289603712 0.0068461344922232 0.7657747564935065 0.9999 0.9999 0.3366292358735945 0.2521140636832426 0.2534599830934322 0.5838839612649417 0.5210195612431444 0.1247061748013621
6 0.4504497947214076 0.5348087185488589 0.0281535847571699 0.0281532356138617 0.0044095674503612 0.0145510194314157 0.0034049418764806 0.0077646511083787 0.5566389162561576 0.5509157407407408 0.2346209876543209 0.9999 0.0001 0.1539153846153846 0.653104421221865 0.476750068863227 0.0454675506705656 0.1245032936870997 0.9800176136363636 0.08709394703657 0.0001 0.5157975239109509 0.6761394432223865 0.2121176063117852 0.0224388006254098 0.6420800487507617 0.9970628830874008
1 0.2258612903225806 0.2364482738443534 0.0334089288310122 0.0334104204863612 0.0023988726064997 0.0061292332727098 0.0022482122197124 0.0030309570635011 0.4138103448275862 0.3426240740740741 0.2275677248677248 0.9999 0.0001 0.1154615384615384 0.5705244774919614 0.5513193240809408 0.7164032166985984 0.0178228956999085 0.3444913352272727 0.7897696931483817 0.9999 0.4601632109283798 0.3825196242472323 0.3534470260877733 0.6416723710092298 0.4610071907373552 0.9402070601589104
2 0.0241421114369501 0.127049444119368 0.1450875898441631 0.145091305671503 0.0425931209999148 0.0268965923231549 0.0077564486805134 0.0578362314259379 0.1774044334975369 0.4027972222222222 0.2275677248677248 0.0001 0.9999 0.0001 0.0608796422829582 0.453129409895116 0.3445909347584955 0.150115736505032 0.6329888189935065 0.4220416561580496 0.0001 0.7190665062363037 0.7046938264036638 0.4225153239251414 0.1720532960104907 0.4905564290067032 0.9999
4 0.0294196480938416 0.0392963721474546 0.0106573626088508 0.010662122424152 0.0038725088927174 0.0068948501962285 0.0050023304501129 0.0059352612213924 0.4926123152709359 0.4398268518518519 0.2222777777777777 0.0001 0.9999 0.3077307692307692 0.0743415795819935 0.6653975738955399 0.27785022688313 0.0161077767612076 0.2773375608766233 0.8130941572089113 0.9999 0.5040031314641489 0.3682784861707115 0.4389255007396623 0.8609758561557471 0.5586110664229129 0.999673030646992
6 0.6439594721407625 0.6500577530719719 0.1762065930079534 0.176206027162227 0.0004733211925084 0.0019183401933569 0.000485576552256 0.0006233975121049 0.4778369458128079 0.375025 0.2346209876543209 0.9999 0.0001 0.1539153846153846 0.3620653737942122 0.5998317088674648 0.4661759705556116 0.012677538883806 0.8066553774350649 0.9999 0.0001 0.3010617711512073 0.3352174137247124 0.2121176063117852 0.2328672769455792 0.5091389396709324 0.1467222020431328
2 0.0001 0.1282194850789935 0.0381145771468634 0.0381294634729859 0.1440906388999888 0.1003958169809514 0.0377212550272712 0.2276547451144682 0.1035275862068965 0.4907425925925926 0.3016269841269841 0.0001 0.9999 0.0001 0.0001 0.5523785464561924 0.923077614197842 0.1807591948764867 0.2009526785714285 0.2657047078604456 0.0001 0.8275912978475024 0.7382235945331939 0.5433261535210274 0.4613987542240379 0.5706135405240707 0.9999
1 0.0429066862170088 0.0515818022235225 0.1508946322106342 0.1508957978634567 0.0021696402953102 0.0033538719249545 0.0018626356674563 0.0028204077347193 0.4187354679802955 0.4027972222222222 0.2240410934744268 0.9999 0.0001 0.1154615384615384 0.10839827170418 0.4683822120987392 0.6302048704245236 0.0143926578225068 0.5208967938311689 0.9043957755359396 0.9999 0.450866936326213 0.3525952075294796 0.3468735647028436 0.6847363342916225 0.4752639366240098 0.8368225198637911
5 0.5002931964809384 0.5020475716793447 0.00075251820957 0.0007525172544913 0.0006370585576438 0.0009613190389585 0.0007059060106881 0.0010008509585404 0.5024625615763547 0.5231435185185185 0.8270950617283951 0.9999 0.0001 0.1731423076923076 0.9881459204180064 0.235459211780909 0.7478580518301906 0.004444967978042 0.8154807224025975 0.9999 0.9999 0.3324930079669035 0.2356015542173019 0.2534599830934322 0.6258889746305544 0.6054024375380865 0.1090452894438138
6 0.6750382991202346 0.6775537156231715 0.0663052585061385 0.06630508458229 0.0006436080522492 0.001248425385278 0.0006508236460801 0.0009591896206455 0.5467886699507389 0.4490842592592592 0.298100352733686 0.0001 0.9999 0.3077307692307692 0.3368493569131833 0.3152186566373556 0.9999 0.0074178408051235 0.7825124797077921 0.9999 0.5 0.3335373031314641 0.2670402185280012 0.2445858102237772 0.4998235083472033 0.5712228031687995 0.1260679909194098
2 0.0241421114369501 0.1130089526038619 0.1160594639036021 0.1160730038160482 0.0938036193196334 0.0758003733129128 0.0258785466365489 0.1434206089569606 0.1527788177339901 0.4814851851851852 0.3086802469135802 0.0001 0.9999 0.0001 0.0588703979099678 0.5479298124801357 0.8194379651104164 0.1256467063129002 0.1850264813311688 0.3748674022698613 0.9999 0.7893823806500502 0.6822685406224082 0.5350623734942588 0.5900359560195693 0.5522138086532602 0.9999
5 0.5554141348973607 0.5593795787009948 0.1065100694024759 0.1065099136520481 0.0007876969335682 0.0013441275007179 0.0007059060106881 0.0009768719690274 0.3202330049261083 0.3796537037037037 0.816515167548501 0.9999 0.0001 0.0770076923076923 0.8679931069131833 0.3328017480665324 0.9223718967429666 0.0071891582799634 0.8646794845779221 0.9999 0.0001 0.354013678907162 0.2931790162633875 0.2534599830934322 0.4610457709184445 0.4627740524070689 0.1758877639046537
0 0.0915773020527859 0.1100838502047981 0.0545593915899369 0.0545790291140075 0.0331225518004886 0.0158908490475734 0.0155781444548509 0.0493225688291529 0.0542763546798029 0.4907425925925926 0.8112252204585537 0.0001 0.9999 0.4230923076923077 0.1858546422829582 0.505560917470071 0.1271291418775839 0.0227395699908508 0.2041987824675324 0.9476826187473728 0.9999 0.6966653511376902 0.4526797627204212 0.5701364853124193 0.9363630049931913 0.5382007678244972 0.9999
6 0.0481842228739003 0.0521668227033352 0.0879156880671821 0.0879152514512014 0.0004209252356652 0.0010570211543983 0.000540658916864 0.0006126155923598 0.5270881773399015 0.4907425925925926 0.2416742504409171 0.9999 0.0001 0.1116161538461538 0.1208555868167202 0.4455030087933043 0.7249726429363719 0.0076465233302836 0.9153998579545454 0.883172614543926 0.0001 0.2881207016609662 0.2670402185280012 0.2121176063117852 0.362311297725324 0.5774372821450335 0.0845325993189557
4 0.0722263343108504 0.0749826214160327 0.0600648214317766 0.0600651187646406 0.0005977615900113 0.0013441275007179 0.0009813178337281 0.0010601946448173 0.6354408866995074 0.5555444444444445 0.7600890652557319 0.9999 0.0001 0.3961746153846153 0.1491859324758842 0.519330808348342 0.5254562367651509 0.0045593092406221 0.5941370129870129 0.9999 0.9999 0.3258996149671288 0.2356015542173019 0.2889801512198557 0.7371291420789833 0.6939892260816575 0.1713483768444948
2 0.0229693255131964 0.1112538911644236 0.0379539122524863 0.0379577078689355 0.0385782808067971 0.0201017421269263 0.0061039777422731 0.0528724943413793 0.2315807881773399 0.4120546296296296 0.2310943562610229 0.0001 0.9999 0.0001 0.0577653135048231 0.4115019705477276 0.3949993243924574 0.1288482616651418 0.7306762581168832 0.5413956704497689 0.0001 0.7102616646527536 0.6812590422271105 0.4208954352267123 0.1972663892671609 0.4951258988421694 0.9999
5 0.3947424633431085 0.4043491515506144 0.068202197951783 0.0682027144354719 0.0019862544463587 0.0025882550014358 0.0012567296567682 0.002339447858731 0.2118802955665024 0.4027972222222222 0.8517814814814815 0.9999 0.0001 0.2308230769230769 0.7908381229903537 0.3611889077232758 0.9082575476454572 0.0131349039341262 0.7825124797077921 0.9043957755359396 0.0001 0.4426763860159338 0.3755612960225019 0.3055311879211965 0.4539861048065769 0.4296910907982937 0.6761282179341658
6 0.0757446920821114 0.0925332358104154 0.031884229766252 0.0318848764283218 0.0019797049517533 0.00603353115727 0.0020829651258883 0.0030253504652336 0.5369384236453202 0.4444555555555555 0.2310943562610229 0.0001 0.9999 0.5192269230769231 0.1909782154340836 0.6176266447716918 0.6333301905818292 0.0261698078682525 0.5085210227272726 0.5455982765868012 0.0001 0.4423692403792983 0.4390515343839025 0.3105082372555005 0.3164738941846976 0.56214478976234 0.9218225425652667
6 0.0006863929618768 0.0082902867173785 0.0086269465275612 0.008635945439508 0.0074550824418779 0.0059378290418301 0.0072607073990413 0.012199125316491 0.4975374384236453 0.5277722222222222 0.8112252204585537 0.0001 0.9999 0.6153615384615385 0.0013055466237942 0.5159412967475369 0.1246087223958858 0.0099333485818847 0.2591796672077921 0.9838250315258512 0.9999 0.5632412865832429 0.3352174137247124 0.4955981285368774 0.9376236596560246 0.5939482998171847 0.9999
5 0.0534617595307918 0.1018935634874195 0.062398929592898 0.0624085429838514 0.0212679665646924 0.0188576146262084 0.0114469671092501 0.0301778471083663 0.3694842364532019 0.4814851851851852 0.820041798941799 0.9999 0.0001 0.1539153846153846 0.108197347266881 0.7739678673588304 0.6272811838257538 0.0571562900274474 0.4312231737012986 0.649717843631778 0.9999 0.6571254695148177 0.5908368288197325 0.5024767863432502 0.6861986937005095 0.5130382205971968 0.9999
0 0.733677595307918 0.7430760093622002 0.2979760260594198 0.2979794410863658 0.0065970986485689 0.0026839571168756 0.0034600242410886 0.006017203811455 0.0739768472906404 0.3796537037037037 0.2822305114638447 0.0001 0.9999 0.0385538461538461 0.1637529541800643 0.3209384574637143 0.3657624584047595 0.0173655306495882 0.7900190949675324 0.9999 0.9999 0.5522249964159174 0.3825196242472323 0.4208954352267123 0.8170042215161144 0.3291627544180378 0.999219091940976
0 0.9482974193548388 0.9507582796957286 0.0137307911540211 0.0137316184278398 0.001403349426477 0.0020140423087967 0.0013118120213762 0.0018891948901766 0.3891847290640394 0.4120546296296296 0.7160061728395062 0.0001 0.9999 0.8076307692307693 0.0050226487138263 0.2878907193558639 0.5176933447615207 0.0068461344922232 0.5387503652597403 0.9999 0.9999 0.4100779957810228 0.2806684468645198 0.3197815131378119 0.7410119584405105 0.4965881291895185 0.382997298524404
5 0.0335243988269794 0.0369562902282036 0.3170002591567072 0.3169998723361771 0.0006174100738275 0.0014398296161577 0.0007609883752961 0.0008665513661958 0.4827620689655172 0.4166833333333333 0.7389292768959436 0.9999 0.0001 0.1116161538461538 0.0697203175241157 0.399320913232334 0.767214873449632 0.0053596980786825 0.6194971996753247 0.9999 0.9999 0.3292577405943433 0.2521140636832426 0.2616063798811844 0.616207146819993 0.5363729798903107 0.1383243359818388
6 0.8069767155425219 0.8074282621416033 0.2666558451851247 0.2666556860936719 0.0005060686655355 0.001248425385278 0.0008711531045121 0.0006616086356814 0.4482862068965517 0.3657675925925926 0.816515167548501 0.9999 0.0001 0.0770076923076923 0.3638736937299035 0.4944390825299291 0.5293880911565998 0.0037589204025617 0.5651249594155844 0.9999 0.9999 0.3083104081758044 0.2171782085031192 0.2762088548148496 0.735162520804963 0.5022542717854966 0.1247061748013621
3 0.1742587096774193 0.1744361029842012 0.0787765821050525 0.0787760048249098 0.0001916929244757 0.0003871063463195 0.00037541182304 0.0002500843228514 0.5911147783251232 0.4398268518518519 0.2275677248677248 0.0001 0.9999 0.0385538461538461 0.440224979903537 0.4944390825299291 0.8318384289603712 0.0026155077767612 0.9999 0.9999 0.9999 0.1850221496303274 0.1435929861887418 0.1827952732054382 0.5838839612649417 0.5914503229737965 0.0239317820658343
6 0.1255880938416422 0.1422599765944997 0.1180787120032595 0.1180787703813768 0.0014557453833203 0.0062249353881497 0.0025787064073604 0.0024105222736905 0.5812645320197044 0.4907425925925926 0.238147619047619 0.0001 0.9999 0.0001 0.3157522909967845 0.6121186884203835 0.4499444690934758 0.0260554666056724 0.4926962662337661 0.291865931063472 0.0001 0.4135385032871157 0.4390515343839025 0.2762088548148496 0.2247990871034448 0.6151506398537477 0.7539787060158911
6 0.0423202932551319 0.0825878876535986 0.0071342880170009 0.0071449065431792 0.0404055898017071 0.0222071886666028 0.0116672965676822 0.046953824188839 0.3399334975369458 0.3333666666666666 0.238147619047619 0.0001 0.9999 0.6153615384615385 0.1062885651125402 0.4638275558851573 0.4824074720177473 0.0596717978042086 0.3033063920454545 0.6961566414459857 0.9999 0.7143774161836689 0.5633640510619884 0.5109753328480522 0.7586611237201796 0.4196382571602681 0.9999
5 0.1197241642228739 0.1299745465184318 0.070525677275213 0.0705259592967181 0.0007745979443574 0.0034495740403943 0.0011465649275522 0.0012433147697677 0.4926123152709359 0.513886111111111 0.2487275132275132 0.9999 0.0001 0.1116161538461538 0.2996783360128617 0.7619986545184871 0.7707434607240093 0.016793824336688 0.5886592126623377 0.8423022698612863 0.0001 0.3523346160935547 0.3755612960225019 0.2889801512198557 0.3852047864023806 0.6116169165143205 0.5655941430192962
6 0.185986568914956 0.1949118197776477 0.3910397412469612 0.39104040136298 0.0014360968995041 0.0024925528859959 0.0015872238444162 0.0020178016288959 0.4679866995073891 0.4166833333333333 0.6825031746031747 0.9999 0.0001 0.6153615384615385 0.3947155948553054 0.6696344633965463 0.7118664616315419 0.0125631976212259 0.7368641436688311 0.9999 0.9999 0.4122689679890224 0.3606351411777433 0.3398540470096508 0.6438911232158168 0.5189480682510664 0.8272898070374575
5 0.140247917888563 0.1627356933879461 0.0384870485894367 0.0384872234643826 0.0015670867916123 0.00603353115727 0.0018626356674563 0.0025717335377189 0.5911147783251232 0.4814851851851852 0.2346209876543209 0.0001 0.9999 0.2308230769230769 0.3532246985530546 0.6881708549634495 0.3433811334072804 0.0345167200365965 0.6670729099025975 0.426769588062211 0.0001 0.4205004710508529 0.480513075619343 0.2762088548148496 0.1714481817723306 0.6082050457038392 0.8950401589103292
0 0.4574865102639296 0.4581710356933879 0.0800344049190856 0.0800366755545503 0.0012723595343687 0.0026839571168756 0.0024134593135364 0.0018263147342234 0.4876871921182266 0.4074259259259259 0.816515167548501 0.0001 0.9999 0.1154615384615384 0.9274667403536978 0.4224119610128192 0.1558619239689422 0.0030728728270814 0.2303704951298701 0.9999 0.9999 0.4007612448030802 0.1962671703148101 0.3835910418672364 0.9219915418368893 0.5323518464351006 0.4300934392735528
6 0.9811354252199412 0.98293440608543 0.0536697270669501 0.0536710350260473 0.0013575029642391 0.0037366803867138 0.0018626356674563 0.0011801758477405 0.1724793103448275 0.2269064814814815 0.8129885361552028 0.9999 0.0001 0.4230923076923077 0.0048217242765273 0.4366055408411908 0.3614273368962388 0.0058170631290027 0.264454586038961 0.9043957755359396 0.9999 0.4069246339115653 0.2670402185280012 0.3468735647028436 0.819172547536188 0.3128345155393053 0.4847930533484677
6 0.3847737829912023 0.3873835576360445 0.0254724989598218 0.0254726928839205 0.0008335433958061 0.0008656169235187 0.0008711531045121 0.001080550909296 0.3793344827586207 0.3935398148148148 0.8112252204585537 0.9999 0.0001 0.1539153846153846 0.7813946744372989 0.2543133700603877 0.66387767470001 0.0051310155535224 0.9999 0.9999 0.9999 0.3596446822454789 0.2521140636832426 0.2762088548148496 0.667893987996167 0.4845247288238878 0.1669224744608399
2 0.0241421114369501 0.1135939730836746 0.0475184798045196 0.047522492482841 0.041198078648962 0.0182834019335694 0.0060488953776651 0.056285963877312 0.2118802955665024 0.4074259259259259 0.2310943562610229 0.0001 0.9999 0.0001 0.0607791800643086 0.4077946922343469 0.4091136734899667 0.1305633806038426 0.8149735186688312 0.5757519756200085 0.0001 0.7160974317488276 0.6832780390177059 0.425708148026393 0.2043260553790286 0.4935418159658745 0.9999
2 0.554241348973607 0.5570394967817437 0.0387587771356316 0.0387585665106023 0.0006436080522492 0.0010570211543983 0.000595741281472 0.0012895476416346 0.684692118226601 0.6666333333333333 0.2822305114638447 0.0001 0.9999 0.0001 0.6244726889067524 0.2408612458946922 0.9082575476454572 0.0074178408051235 0.9153998579545454 0.9999 0.0001 0.3335373031314641 0.2670402185280012 0.2348664780332026 0.4539861048065769 0.7856832541133456 0.1116554370034052
1 0.0100686803519061 0.0170655939145699 0.2042156598797206 0.2042152070785476 0.0005977615900113 0.0025882550014358 0.0009813178337281 0.000872675496611 0.5172379310344828 0.4398268518518519 0.2205144620811287 0.9999 0.0001 0.1154615384615384 0.0253160168810289 0.542951467316453 0.6218370777452858 0.0118771500457456 0.5651249594155844 0.5672416981925178 0.0001 0.3258996149671288 0.32569928599762 0.2348664780332026 0.3107253089221768 0.5613527483241926 0.1819024517593643
6 0.922496129032258 0.9285275014628438 0.2395952865464612 0.2395952440834921 0.0007353009767249 0.0032581698095146 0.0011465649275522 0.0009717829029077 0.4778369458128079 0.3657675925925926 0.820041798941799 0.0001 0.9999 0.1154615384615384 0.1200518890675241 0.6952676448776354 0.8878925582333368 0.0105050548947849 0.5072022930194805 0.7897696931483817 0.0001 0.3470926638949761 0.3441586852259205 0.2827823161997792 0.4438000151308822 0.4973801706276661 0.4055807491486947
5 0.5835609970674487 0.5862905207723815 0.3142363762541552 0.3142371487858225 0.0010038302555468 0.0023011486551163 0.0015872238444162 0.0014650772950844 0.507387684729064 0.4398268518518519 0.2275677248677248 0.9999 0.0001 0.6153615384615385 0.5186859726688103 0.5777998834622312 0.3878413330644348 0.0076465233302836 0.4318318181818181 0.9999 0.9999 0.3779096094374015 0.2670402185280012 0.3398540470096508 0.8059608866696929 0.5459993296770262 0.4433711464245176
6 0.0663624046920821 0.0872680514921006 0.0235072422748136 0.0235198393679115 0.0150262982057345 0.0348398679046616 0.0148069913503388 0.0248572716079247 0.5566389162561576 0.4907425925925926 0.294573721340388 0.0001 0.9999 0.6922692307692307 0.1629492564308681 0.7161343256700922 0.220888746596753 0.0312008234217749 0.0966715909090909 0.639211328289197 0.9999 0.6260832838388596 0.4691922721863619 0.5272681264235565 0.8894666515357846 0.5988833272394881 0.9999
0 0.3783234604105572 0.3786082504388531 0.1950673114500334 0.1950683354276815 0.0007942464281737 0.0008656169235187 0.0016973885736323 0.0010614884751867 0.4138103448275862 0.3981685185185185 0.8112252204585537 0.9999 0.0001 0.1539153846153846 0.7683345860128618 0.4018630469329378 0.2003221236260965 0.0025011665141811 0.5941370129870129 0.9649133039092056 0.9999 0.3548327339381899 0.1721473693700191 0.3434224974757555 0.899753593584506 0.5017059354052408 0.2036915096481271
6 0.6773838709677419 0.6798937975424224 0.0363122959731218 0.0363121659494114 0.0006239595684329 0.0011527232698382 0.0006508236460801 0.0008327392658752 0.3793344827586207 0.4444555555555555 0.8270950617283951 0.9999 0.0001 0.2308230769230769 0.6279888665594856 0.3414873715435957 0.9999 0.0058170631290027 0.8437826907467533 0.9999 0.5 0.3303429885104553 0.2670402185280012 0.2445858102237772 0.4998235083472033 0.5070674466788544 0.1260679909194098
2 0.0229693255131964 0.1235393212404915 0.1229490302827628 0.1229531636161494 0.0422001513235901 0.0263223796305159 0.0070403779406093 0.0577971577487817 0.2266556650246305 0.4120546296296296 0.2310943562610229 0.0001 0.9999 0.0001 0.0577653135048231 0.4902021930289225 0.3812882424120198 0.1465711573650503 0.6323801745129871 0.5117672971836906 0.0001 0.7182474512052757 0.7011605820201219 0.4303095709958437 0.1904084279013466 0.4947603412553321 0.9999
6 0.6621376539589442 0.6646832650672908 0.0253985592193606 0.0253984451698825 0.00065670704146 0.0016312338470374 0.0006508236460801 0.0008771607752249 0.3990349753694581 0.4166833333333333 0.8112252204585537 0.9999 0.0001 0.2308230769230769 0.6515974879421221 0.297741487445704 0.9999 0.0058170631290027 0.6053969358766234 0.9999 0.5 0.3356054170848096 0.2670402185280012 0.2445858102237772 0.4998235083472033 0.5060317001828154 0.1260679909194098
2 0.0241421114369501 0.1299745465184318 0.0531568471380636 0.053172019528898 0.1160522524942189 0.0766616923518713 0.0296241474298936 0.1853068145701329 0.1183029556650246 0.513886111111111 0.3122068783068782 0.0001 0.9999 0.0001 0.0587699356913183 0.5766347388494545 0.8798272158919028 0.1490866651418115 0.2195163352272727 0.360158280790248 0.9999 0.8083230282425706 0.708984194583679 0.5452747152887031 0.5598810964845918 0.576706166971359 0.9999
2 0.0229693255131964 0.1229543007606787 0.0805062328879036 0.0805175142254414 0.0854464642031273 0.0698668421556427 0.0231795107707564 0.1301595377133823 0.1429285714285714 0.4814851851851852 0.3016269841269841 0.0001 0.9999 0.0001 0.0561579180064308 0.5662543595719886 0.9135000201673894 0.1415401418115278 0.2283416801948052 0.3495467002942413 0.0001 0.7810689720851168 0.7002592441671776 0.5175487942329818 0.4566082665052706 0.5502032419256551 0.9999
2 0.0241421114369501 0.1124239321240491 0.1759535034379998 0.1759650301734046 0.0624249906651032 0.0710152675409208 0.0249972288028207 0.0936159027169316 0.2020300492610837 0.4814851851851852 0.3086802469135802 0.0001 0.9999 0.0001 0.0588703979099678 0.6650798071829644 0.9388050317636384 0.1248463174748398 0.1970979301948051 0.3318957545187053 0.9999 0.7531187191512893 0.6812590422271105 0.5206946650386267 0.5303817773742877 0.5417344911639244 0.9999
2 0.0862997653958944 0.098383440608543 0.2287251434313469 0.2287248858174521 0.0012003150937092 0.0025882550014358 0.0008160707399041 0.0018651296453056 0.561564039408867 0.4398268518518519 0.2275677248677248 0.0001 0.9999 0.0001 0.2179020900321543 0.5052431507574955 0.515979459513966 0.0194236733760292 0.8912569602272727 0.9248834804539724 0.0001 0.3951711942163147 0.3955709963578667 0.2616063798811844 0.2577778130831694 0.5793869226081657 0.4753738251986378
2 0.0229693255131964 0.1206142188414277 0.1122895384073999 0.1122937643633356 0.0419971169908223 0.0218243802048434 0.0068751308467853 0.0569509064318303 0.192179802955665 0.3796537037037037 0.2275677248677248 0.0001 0.9999 0.0001 0.0578657757234726 0.4849060811526645 0.3985279116668347 0.1425692131747483 0.742950588474026 0.5339360445565364 0.0001 0.717817447313986 0.6966538927554001 0.4318120764552562 0.1990313057951278 0.4898862400975015 0.9999
6 0.1431798826979472 0.1504502633118782 0.0137898659258271 0.0137922335221841 0.0030996685292788 0.0045979994256724 0.0024685416781444 0.004130022834635 0.4236605911330049 0.3426240740740741 0.820041798941799 0.0001 0.9999 0.9999 0.289833038585209 0.3927537345057739 0.3903617525461328 0.0098190073193046 0.3373904829545454 0.9760502101723412 0.9999 0.4837110430704323 0.3352174137247124 0.3835910418672364 0.8047506581933727 0.485499549055454 0.9382778206583428
5 0.5237489149560117 0.5254483908718549 0.1277796059517682 0.127779188008167 0.0004864201817193 0.0009613190389585 0.000540658916864 0.0006547944624025 0.453211330049261 0.4444555555555555 0.2275677248677248 0.9999 0.0001 0.1539153846153846 0.6727950160771704 0.2616220044496239 0.9999 0.0059314043915827 0.8154807224025975 0.9999 0.5 0.3040308456386836 0.2356015542173019 0.2241141733392819 0.4998235083472033 0.5208367824497259 0.0763617026106697
5 0.3970880351906158 0.3990839672322995 0.2598612451601189 0.2598607109115437 0.0005388161385626 0.0010570211543983 0.000595741281472 0.0007489853132955 0.4679866995073891 0.4398268518518519 0.8024086419753087 0.9999 0.0001 0.1154615384615384 0.8088208601286174 0.2472165801462019 0.8990832207320762 0.0045593092406221 0.7462981331168832 0.9999 0.9999 0.3150061830544576 0.2356015542173019 0.2348664780332026 0.5502496948605438 0.5357027909811091 0.0868022928490351
2 0.0217965395894428 0.1504502633118782 0.0498750779700313 0.0498914874915337 0.1213638926192082 0.0976204556331961 0.0383822434025673 0.1924718746452038 0.123228078817734 0.5231435185185185 0.3016269841269841 0.0001 0.9999 0.0001 0.0532445136655948 0.6718588303845747 0.9910281234244228 0.1815595837145471 0.2080535308441558 0.2903950189155106 0.9999 0.8123159215188318 0.7389446648155492 0.5527637659379622 0.5042610127603773 0.5728068860450944 0.9999
3 0.3407943108504399 0.3423369806904622 0.0976727300061035 0.0976719710271221 0.0002047919136865 0.0007699148080788 0.000320329458432 0.0002745808445122 0.5418635467980296 0.4814851851851852 0.238147619047619 0.0001 0.9999 0.0385538461538461 0.8572436495176848 0.4635097891725818 0.4958161036603812 0.0051310155535224 0.8871993303571428 0.7897696931483817 0.0001 0.1955060540274848 0.2171782085031192 0.1414528964237912 0.2476925757805013 0.6007720414381474 0.0258610215664018
2 0.0229693255131964 0.1252943826799297 0.073942617531276 0.0739529842304518 0.110255949768429 0.0640290131138125 0.0234549225937964 0.1702406774505131 0.1429285714285714 0.4814851851851852 0.3016269841269841 0.0001 0.9999 0.0001 0.0561579180064308 0.3867161669668397 0.825285338307956 0.1447416971637694 0.2565422077922077 0.3150853299705758 0.0001 0.8037772728203658 0.7038285420648372 0.5096136872754596 0.4124853533060977 0.5576362461913468 0.9999
6 0.0558073313782991 0.0966283791691047 0.0256691324571108 0.0256701733183534 0.0037742664736362 0.0103401263520627 0.0032947771472646 0.0058564238242164 0.5270881773399015 0.453712962962963 0.2310943562610229 0.0001 0.9999 0.5192269230769231 0.1406466438906752 0.749393908252993 0.3460023696682464 0.060700869167429 0.6741737621753247 0.4122705968894493 0.0001 0.5016688246257194 0.5654912083949372 0.3322945664169817 0.1727592626216775 0.5657394393662402 0.9999
5 0.322616129032258 0.3294665301345816 0.355811768068729 0.3558121716654721 0.0013575029642391 0.0023968507705561 0.0013668943859842 0.0019457784049988 0.4876871921182266 0.4120546296296296 0.2346209876543209 0.0001 0.9999 0.0001 0.8126384244372991 0.5556621358194723 0.7058174548754664 0.012677538883806 0.648813575487013 0.9999 0.9999 0.4069246339115653 0.3352174137247124 0.3241246929814262 0.6469166944066173 0.5305849847653871 0.624606174801362
6 0.5571733137829912 0.5693249268578117 0.1770801602332772 0.1770795931089268 0.0008662908688332 0.0027796592323154 0.0007059060106881 0.001288512577339 0.5418635467980296 0.4166833333333333 0.2275677248677248 0.0001 0.9999 0.0001 0.5616838022508039 0.4757967687255006 0.2904523242916205 0.0211387923147301 0.8984592532467532 0.649717843631778 0.0001 0.3634737645155345 0.4076489235873211 0.2121176063117852 0.1449744338528269 0.5605607068860451 0.2737115550510783
6 0.0001 0.0077052662375658 0.0681067694742503 0.068108826506621 0.001704626178326 0.0043108930793529 0.0034049418764806 0.0028234266722479 0.5960399014778326 0.4814851851851852 0.2222777777777777 0.0001 0.9999 0.1154615384615384 0.0001 0.674612808560229 0.4202035192094383 0.012791880146386 0.3604175324675324 0.6381606767549389 0.9999 0.4284043521002723 0.3352174137247124 0.3762193744569939 0.7897740807989105 0.6127135892748324 0.9152404313280362
5 0.6891117302052786 0.6921792276184904 0.191250942554354 0.1912506627702957 0.0008138949119899 0.001248425385278 0.0007059060106881 0.0011021147487862 0.4581364532019704 0.4027972222222222 0.2205144620811287 0.9999 0.0001 0.2308230769230769 0.2453282757234726 0.2428737684076703 0.9999 0.008561253430924 0.8549411728896104 0.9999 0.5 0.357269422655498 0.2806684468645198 0.2534599830934322 0.4998235083472033 0.5083468982327849 0.158184154370034
6 0.0370427565982404 0.0515818022235225 0.2470263845039372 0.2470253298983558 0.000466771697903 0.0026839571168756 0.000595741281472 0.0007355294774536 0.4926123152709359 0.592574074074074 0.816515167548501 0.9999 0.0001 0.1154615384615384 0.0750448151125402 0.3531388176713635 0.0960775738630634 0.0180515782250686 0.9999 0.2644439260193358 0.0001 0.2995465193438057 0.4188255129638311 0.1121070866696409 0.0477527462551067 0.6245942108470445 0.083284267877412
3 0.7571333137829912 0.755361439438268 0.0188178452977513 0.0188172017371894 0.0001523959568432 0.0002914042308796 0.000320329458432 0.0001847890168752 0.5861896551724137 0.4398268518518519 0.2310943562610229 0.0001 0.9999 0.0385538461538461 0.0933289389067524 0.3973083907193559 0.9999 0.0018151189387008 0.9999 0.7897696931483817 0.5 0.1432298666721281 0.1086571310086185 0.1414528964237912 0.4998235083472033 0.5863325167580744 0.0116754370034052
6 0.5085026979472141 0.6436225277940316 0.0727260007184374 0.0727260484580194 0.0111882943669629 0.0235470182827606 0.0058836482838411 0.0171022248844033 0.507387684729064 0.4398268518518519 0.7777222222222222 0.0001 0.9999 0.0001 0.6795259847266881 0.5181656637355652 0.0513149238681052 0.1608638151875571 0.9588164975649353 0.0880395334174022 0.0001 0.5996892354639851 0.7477417222602862 0.2691658604738535 0.0253635194431835 0.5536760390006094 0.9999
6 0.1379023460410557 0.1446000585137507 0.0075848583104363 0.0075870039275961 0.0020321009085966 0.0045022973102326 0.0023583769489284 0.0025503422089446 0.438435960591133 0.328737962962963 0.820041798941799 0.0001 0.9999 0.9999 0.2791840434083601 0.5677372708973408 0.3949993243924574 0.0092473010064043 0.3235945413961039 0.9498889869693148 0.9999 0.4448059290966063 0.32569928599762 0.3762193744569939 0.8023806274272457 0.4586919926873857 0.891862587968218
0 0.6955620527859238 0.6956893504973668 0.0179644574599283 0.0179643542916059 0.0004798706871139 0.0008656169235187 0.0006508236460801 0.0006704066821934 0.4926123152709359 0.4398268518518519 0.238147619047619 0.9999 0.0001 0.3077307692307692 0.2494472266881029 0.2339763004555567 0.6333301905818292 0.0042162854528819 0.6955777597402597 0.9999 0.9999 0.3025565465828332 0.1962671703148101 0.2445858102237772 0.683173122509709 0.5438669104204754 0.0718223155505107
3 0.4721463343108504 0.4722115272088941 0.0456482664942293 0.0456475836624818 0.0001916929244757 0.0004828084617593 0.000265247093824 0.0002538795586017 0.5418635467980296 0.4768564814814814 0.2346209876543209 0.0001 0.9999 0.0385538461538461 0.8111314911575563 0.3531388176713635 0.66387767470001 0.0034158966148215 0.9999 0.9999 0.0001 0.1850221496303274 0.1721473693700191 0.1414528964237912 0.3317530286982397 0.6045494698354662 0.0185980022701475
5 0.6797294428152493 0.6822338794616735 0.0021180927912127 0.002118089837368 0.0007811474389628 0.0009613190389585 0.0007059060106881 0.0011818146995418 0.4926123152709359 0.4490842592592592 0.2222777777777777 0.0001 0.9999 0.5576807692307693 0.2718503014469453 0.2087668079245682 0.9159196228698194 0.0076465233302836 0.9999 0.9999 0.9999 0.3531741475003584 0.2670402185280012 0.2534599830934322 0.5418285217128158 0.5738426325411334 0.1410479682179341
6 0.4879789442815249 0.493857284961966 0.0544553368093503 0.05445502618911 0.0005257171493517 0.0026839571168756 0.0007059060106881 0.0007805547743091 0.5024625615763547 0.4814851851851852 0.820041798941799 0.9999 0.0001 0.3961746153846153 0.9880454581993572 0.5664662040470388 0.5588265907028336 0.0092473010064043 0.5451411323051948 0.7372371164354771 0.0001 0.3123852069551682 0.32569928599762 0.2241141733392819 0.2792089423513391 0.577741913467398 0.158184154370034
6 0.1502165982404692 0.1615656524283206 0.0169267594148933 0.0169312019719946 0.0055426300170976 0.0086174882741456 0.0044515068040328 0.0075247749578903 0.4187354679802955 0.3703962962962963 0.820041798941799 0.0001 0.9999 0.9999 0.3040986736334405 0.5341599216018645 0.3374329434304729 0.0146213403476669 0.2529917816558442 0.8685685582177386 0.9999 0.5365196161959572 0.3891895243590206 0.4332676286190621 0.831173979926363 0.4927497745277269 0.999786515323496
2 0.1384887390029325 0.1434300175541252 0.004566345426671 0.0045668780325165 0.0012330625667363 0.0011527232698382 0.0010914825629441 0.0016849422025259 0.3005325123152709 0.4120546296296296 0.2575440917107583 0.0001 0.9999 0.0001 0.3454891077170418 0.3088633223858459 0.6815206110718969 0.0092473010064043 0.9999 0.9999 0.9999 0.3977512175640527 0.2931790162633875 0.3002958954610562 0.6590694053563323 0.5060317001828154 0.329092077185017
2 0.0241421114369501 0.1135939730836746 0.048338825820824 0.0483423751757188 0.0394362646001061 0.0190490188570881 0.0062141424714891 0.053794822884052 0.2217305418719211 0.4074259259259259 0.2346209876543209 0.0001 0.9999 0.0001 0.0606787178456591 0.3723107426634177 0.3706016638096199 0.1303346980786825 0.7818023944805195 0.502731693989071 0.0001 0.712206920351445 0.6832780390177059 0.4158244793011952 0.1850632521309325 0.4928107007921998 0.9999
6 0.0012727859237536 0.0065352252779403 0.2021196992993347 0.2021203278522834 0.0013967999318716 0.0021097444242366 0.0013668943859842 0.0016375017556476 0.3793344827586207 0.3379953703703703 0.8094619047619048 0.9999 0.0001 0.0770076923076923 0.0025110932475884 0.38036083271533 0.5378567006151053 0.0071891582799634 0.5588356331168831 0.9999 0.9999 0.4096275155139574 0.2931790162633875 0.3241246929814262 0.7309267211378424 0.4296301645338209 0.4508611350737798
5 0.533131202346041 0.5348087185488589 0.0257872820007227 0.0257878605663306 0.000879389858044 0.0010570211543983 0.0011465649275522 0.0012900651737823 0.4778369458128079 0.4490842592592592 0.2275677248677248 0.0001 0.9999 0.0001 0.6490859324758842 0.3473130946074795 0.4454077140264192 0.0059314043915827 0.7462981331168832 0.9999 0.9999 0.3649480635713847 0.2356015542173019 0.3055311879211965 0.7771675341705755 0.5520310298598416 0.2132242224744608
0 0.0071367155425219 0.0118004095962551 0.0230306390310908 0.0230326850201001 0.0021827392845211 0.0013441275007179 0.0021931298551044 0.0028994176426112 0.2709817733990148 0.4074259259259259 0.2222777777777777 0.0001 0.9999 0.1154615384615384 0.0178818127009646 0.3350261150545608 0.3019454371281637 0.008561253430924 0.7970185064935066 0.9999 0.9999 0.4514402748479324 0.2806684468645198 0.3736369431986286 0.848923997579059 0.4859260329067641 0.7175501248581158
6 0.7723795307917889 0.7740820947922762 0.0166824501891194 0.0166831191017495 0.0010365777285739 0.0014398296161577 0.0012016472921602 0.0012285651035564 0.3300832512315271 0.375025 0.7459825396825397 0.9999 0.0001 0.2308230769230769 0.3934095860128617 0.3279293251403751 0.4718217101946153 0.0053596980786825 0.6194971996753247 0.9999 0.9999 0.3810424949310832 0.2521140636832426 0.3105082372555005 0.7639558733040804 0.4371240950639854 0.2632709648127128
6 0.7817618181818182 0.7857825043885313 0.1102467990360335 0.1102466378162245 0.000879389858044 0.0015355317315975 0.0007059060106881 0.0011040123666613 0.3300832512315271 0.4074259259259259 0.2275677248677248 0.0001 0.9999 0.0001 0.0134614750803858 0.2964704205954021 0.8558328224261369 0.0101620311070448 0.8208570819805195 0.9999 0.0001 0.3649480635713847 0.3047882478093108 0.2534599830934322 0.4277644878196399 0.4671607434491163 0.1942722814982974
6 0.0001 0.0053651843183148 0.0333848213947994 0.0333878534944389 0.0017897696081963 0.0021097444242366 0.0031295300534405 0.0024370026685844 0.2266556650246305 0.4166833333333333 0.2222777777777777 0.0001 0.9999 0.1154615384615384 0.0001 0.6519454497298443 0.2437741554905717 0.0093616422689844 0.5588356331168831 0.9248834804539724 0.9999 0.432970583898253 0.2931790162633875 0.4029592763049757 0.8780199071972563 0.5 0.9131977071509648
6 0.8005263929618768 0.8062582211819778 0.0823394763279633 0.0823394329760307 0.000957983793309 0.0016312338470374 0.0008160707399041 0.001297396879209 0.3793344827586207 0.3796537037037037 0.2822305114638447 0.0001 0.9999 0.0001 0.0073332797427652 0.4218823498251933 0.7626781183825755 0.0124488563586459 0.9434989448051948 0.9248834804539724 0.0001 0.3733638540151965 0.3352174137247124 0.2616063798811844 0.3811706914813134 0.5051787324801951 0.2824498751418842
1 0.0012727859237536 0.0135554710356933 0.0635645587930435 0.0635703194553749 0.0067280885406772 0.0090959988513448 0.005663318825409 0.0053599379837952 0.1971049261083743 0.1945055555555555 0.2275677248677248 0.9999 0.0001 0.1154615384615384 0.0031138665594855 0.5711267824981461 0.2781526772209338 0.0194236733760292 0.249644237012987 0.8556455443463641 0.9999 0.5539859647326274 0.3955709963578667 0.4566034165355624 0.8608245775962073 0.2868799268738574 0.9999
2 0.0241421114369501 0.1258794031597425 0.1308750623779509 0.1308791841101526 0.0434773027716455 0.0335000382885038 0.0095741667125778 0.0592803186289142 0.2069551724137931 0.4027972222222222 0.2310943562610229 0.0001 0.9999 0.0001 0.0607791800643086 0.4796099692764064 0.3768523041242311 0.1482862763037511 0.4998985592532467 0.3622595838587641 0.0001 0.7209093800561165 0.7029272042118928 0.4303095709958437 0.1881896756947596 0.4925669957343083 0.9999
1 0.2698407624633431 0.3101608543007607 0.0829755891576186 0.0829916421487211 0.0497255206252088 0.0564685459940652 0.0237854167814445 0.0792510216575315 0.4679866995073891 0.4814851851851852 0.2275677248677248 0.9999 0.0001 0.1154615384615384 0.6817361535369776 0.5705971713105201 0.3277545326207522 0.0608152104300091 0.1124963474025974 0.4904390710382513 0.9999 0.732867583509124 0.5654912083949372 0.5509325874093033 0.8360148938316437 0.5759141255332114 0.9999
6 0.0810222287390029 0.0860980105324751 0.1330949490441723 0.1330948314024038 0.0007549494605412 0.0013441275007179 0.0007609883752961 0.0010147380711721 0.4679866995073891 0.375025 0.7459825396825397 0.9999 0.0001 0.1154615384615384 0.168173291800643 0.4200816717872656 0.9999 0.0074178408051235 0.8646794845779221 0.9999 0.5 0.3497545927458169 0.2931790162633875 0.2616063798811844 0.4998235083472033 0.5059707739183424 0.195747582292849
6 0.2780502639296188 0.2820798712697484 0.1037185361178138 0.1037183844533011 0.0005650141169842 0.001248425385278 0.0007059060106881 0.0007030112075025 0.4236605911330049 0.375025 0.7495091710758378 0.9999 0.0001 0.1154615384615384 0.5765522106109324 0.5224025532365717 0.9999 0.0067317932296431 0.8549411728896104 0.9999 0.5 0.3200024187437278 0.2806684468645198 0.2534599830934322 0.4998235083472033 0.4715474344911639 0.158184154370034
6 0.203578357771261 0.2107073727325921 0.086229322840726 0.0862319695110565 0.0026412039068999 0.0047894036565521 0.0027990358657925 0.0040656763375964 0.5418635467980296 0.4166833333333333 0.2557807760141093 0.0001 0.9999 0.0001 0.5082379019292605 0.5531200021188685 0.3488252394877483 0.0125631976212259 0.3235945413961039 0.9578739386296764 0.9999 0.4690294816392569 0.3352174137247124 0.3947894028694202 0.8254758208503556 0.5636070201096892 0.9641523269012486
1 0.0100686803519061 0.0135554710356933 0.2171452558283681 0.2171449381432879 0.0005846626008005 0.0013441275007179 0.0007059060106881 0.0004789197875209 0.2118802955665024 0.2269064814814815 0.2240410934744268 0.9999 0.0001 0.1154615384615384 0.0253160168810289 0.3885168450047675 0.8318384289603712 0.0068461344922232 0.6617979910714286 0.9999 0.9999 0.323585784504475 0.2521140636832426 0.2534599830934322 0.5838839612649417 0.2902308714198659 0.1247061748013621
2 0.0241421114369501 0.1071587478057343 0.1305549649182043 0.1305660959798991 0.0854988601599706 0.0588610988800612 0.0201499807173158 0.1302376850676946 0.1823295566502463 0.4814851851851852 0.3051536155202821 0.0001 0.9999 0.0001 0.0589708601286173 0.464251244835258 0.9174318745588383 0.1176428179322964 0.2259071022727272 0.406912274064733 0.9999 0.781130401212444 0.6719211820706069 0.5169149247422922 0.5410721289151158 0.5502032419256551 0.9999
6 0.7377823460410556 0.740735927442949 0.0321522613254239 0.0321529846156311 0.001292008018185 0.0019183401933569 0.0013668943859842 0.0015436559261865 0.4187354679802955 0.3055944444444444 0.2222777777777777 0.0001 0.9999 0.1154615384615384 0.1233671422829582 0.3210443797012395 0.5415869214480186 0.008561253430924 0.5651249594155844 0.9123807271963008 0.9999 0.4022150674831549 0.2806684468645198 0.3152505201117712 0.7290105260503355 0.4388909567336989 0.3605273325766175
2 0.0241421114369501 0.1206142188414277 0.1109234246818164 0.1109271905146057 0.041309420057254 0.0249825500143581 0.0084725194204176 0.0566876550793345 0.2217305418719211 0.4074259259259259 0.2310943562610229 0.0001 0.9999 0.0001 0.0607791800643086 0.4332160292403856 0.3675771604315822 0.1406254117108874 0.6397853490259741 0.3819067675493905 0.0001 0.7163431482581358 0.6948151635353936 0.4225153239251414 0.1835504665355323 0.4957351614868982 0.9999
0 0.4868061583577712 0.4874220596840257 0.1439489948616237 0.1439504017419964 0.0012789090289742 0.0007699148080788 0.0018626356674563 0.0018683210935502 0.4876871921182266 0.4398268518518519 0.2575440917107583 0.0001 0.9999 0.0001 0.7845090032154342 0.2247610657908677 0.2055645961480286 0.0042162854528819 0.7744986607142857 0.9999 0.9999 0.401252677821697 0.1962671703148101 0.3565928968934181 0.8971314318858123 0.5421000487507618 0.300153484676504
3 0.3343439882697947 0.3364867758923347 0.0891024209015843 0.0891023676508562 0.0006501575468546 0.0015355317315975 0.0007609883752961 0.0009253775203249 0.4926123152709359 0.4074259259259259 0.2310943562610229 0.0001 0.9999 0.0385538461538461 0.843480325562701 0.2807939294416782 0.6896867701925986 0.0059314043915827 0.5225198457792208 0.9999 0.9999 0.3345815982960248 0.2356015542173019 0.2616063798811844 0.6549848842487517 0.5428920901889093 0.120734211123723
1 0.1267608797653958 0.1440150380339379 0.0584168894662478 0.0584216563972733 0.0062303269506658 0.0111057432755815 0.0052226599085449 0.0095774799666366 0.5024625615763547 0.4444555555555555 0.2275677248677248 0.9999 0.0001 0.1154615384615384 0.3201726286173633 0.6697403856340715 0.4487346677422608 0.0270845379688929 0.2802793425324675 0.7875633249264397 0.9999 0.5470649497204415 0.4437384912192132 0.4403106229600582 0.7755034700156352 0.5582455088360756 0.9999
1 0.0059639296187683 0.0164805734347571 0.054916535940477 0.0549229254243597 0.0064006138104066 0.0100530200057432 0.005718401190017 0.004714661650892 0.1429285714285714 0.217649074074074 0.2275677248677248 0.9999 0.0001 0.1154615384615384 0.0149684083601286 0.5758932831867782 0.2228042654028435 0.016908165599268 0.1960835227272727 0.9284556956704498 0.9999 0.5495016384377497 0.3755612960225019 0.4654775894052175 0.8885085539920312 0.264824619134674 0.9999
6 0.1273472727272727 0.129389526038619 0.0149859952689129 0.0149868207055128 0.0008531918796224 0.0017269359624772 0.0013668943859842 0.0015353754118223 0.6649916256157635 0.5509157407407408 0.2222777777777777 0.0001 0.9999 0.2308230769230769 0.3223827974276527 0.3857628668291132 0.3423729656146012 0.0051310155535224 0.4126595170454545 0.9560878310214376 0.9999 0.3619585127081328 0.2171782085031192 0.3197815131378119 0.8287030967872094 0.6866171480804387 0.2196928490351873
6 0.9166321994134896 0.9215072557050908 0.0129229224689196 0.0129235198638499 0.0012265130721309 0.0027796592323154 0.0015321414798082 0.0018439970826053 0.5221630541871921 0.4166833333333333 0.820041798941799 0.0001 0.9999 0.9999 0.1343175241157556 0.4834231698273122 0.7982664414641526 0.0092473010064043 0.5264760349025974 0.727466057166877 0.9999 0.397259784545436 0.32569928599762 0.3055311879211965 0.6006758813738842 0.5594031078610603 0.4660680817253121
5 0.6568601173020527 0.6676083674663545 0.1945038290112687 0.1945052389159267 0.0038463109142958 0.0032581698095146 0.0019728003966723 0.0056236206130807 0.438435960591133 0.4120546296296296 0.2310943562610229 0.0001 0.9999 0.0001 0.315249979903537 0.3440295052441995 0.7330379852778058 0.0194236733760292 0.7100837865259741 0.9698513661202188 0.9999 0.503388840190878 0.3955709963578667 0.3596448611078498 0.6333016240480154 0.5325346252285192 0.9711883768444948
1 0.0845405865102639 0.0872680514921006 0.1295008614932544 0.1295009801734354 0.0004471232140868 0.0017269359624772 0.0009813178337281 0.0006085615905356 0.5123128078817735 0.4074259259259259 0.2310943562610229 0.9999 0.0001 0.1154615384615384 0.213180365755627 0.6548053501430237 0.5588265907028336 0.0059314043915827 0.4660173498376623 0.9381216897856244 0.9999 0.2948369529153952 0.2356015542173019 0.2827823161997792 0.7204380743430676 0.5313160999390615 0.158184154370034
5 0.7905577126099708 0.7933877706260971 0.0506374275024114 0.0506374305521745 0.0007811474389628 0.0014398296161577 0.0008160707399041 0.0009541005545258 0.3596339901477832 0.4027972222222222 0.8270950617283951 0.9999 0.0001 0.1539153846153846 0.3981313102893891 0.3395807712681428 0.9223718967429666 0.006503110704483 0.7462981331168832 0.9248834804539724 0.9999 0.3531741475003584 0.2806684468645198 0.2616063798811844 0.5386012457759621 0.4552801218769043 0.1758877639046537
5 0.0376291495601173 0.0515818022235225 0.0691009509012014 0.0691024673352557 0.0044030179557558 0.0046937015411122 0.0019177180320643 0.0054167802646912 0.2414310344827586 0.4398268518518519 0.8129885361552028 0.9999 0.0001 0.0770076923076923 0.0762503617363344 0.3038849772221634 0.8471625794090956 0.0173655306495882 0.5535607142857143 0.969010844892812 0.9999 0.5156746656562967 0.4133453788179294 0.3565928968934181 0.5762191809149141 0.4464458135283364 0.9821963904653804
6 0.9307056304985336 0.9349627267407842 0.0158658781804011 0.0158687048608393 0.0022023877683373 0.0047894036565521 0.0029642829596165 0.0029772199754916 0.4335108374384236 0.3796537037037037 0.820041798941799 0.0001 0.9999 0.9999 0.1069918006430868 0.5937941413285306 0.3003323686598769 0.008561253430924 0.2838297686688311 0.920575809163514 0.9999 0.4522593298789604 0.3156043020446432 0.396902301171719 0.8497308165632723 0.4946994149908593 0.9398666061293984
2 0.0229693255131964 0.1118389116442364 0.0423264466334472 0.0423300818089991 0.0391873838051004 0.01790059347181 0.0065446366591372 0.0534650686505686 0.2118802955665024 0.4074259259259259 0.2275677248677248 0.0001 0.9999 0.0001 0.0578657757234726 0.3837503443161352 0.3794735403851971 0.1298773330283623 0.827247849025974 0.4835047709121479 0.0001 0.711654058205501 0.6822685406224082 0.4175382745908376 0.1895007565441065 0.4929325533211456 0.9999
6 0.0001 0.004780163838502 0.0661995862937293 0.0662081158354292 0.0049662744918213 0.0039280846175935 0.0069302132113933 0.0048430958788953 0.2759068965517241 0.2639361111111111 0.8112252204585537 0.9999 0.0001 0.1539153846153846 0.0001 0.5289697319631317 0.0893228496521125 0.006503110704483 0.2753087459415584 0.9914947877259352 0.9999 0.5265885739447436 0.2806684468645198 0.4915601451147063 0.955272824935694 0.352375661182206 0.9994460612939842
5 0.7659292082111437 0.7711569923932123 0.2793951233226476 0.2793965630144069 0.0021041453492561 0.0041194888484732 0.0024685416781444 0.002632629820439 0.4039600985221674 0.4074259259259259 0.2416742504409171 0.9999 0.0001 0.1539153846153846 0.0619847266881029 0.4929561712045768 0.4397619743874156 0.0117628087831655 0.3543310876623375 0.808891551071879 0.9999 0.448020720093391 0.32569928599762 0.3654670697630732 0.7799914006153226 0.4570469835466179 0.8423832690124858
5 0.7301592375366569 0.731375599765945 0.0738569706652418 0.073857555892596 0.000957983793309 0.0014398296161577 0.0012016472921602 0.0013613983548157 0.5172379310344828 0.4074259259259259 0.1676149911816578 0.0001 0.9999 0.0001 0.1034756229903537 0.3139475897870537 0.4238329232630836 0.0061600869167429 0.5560967329545455 0.9999 0.9999 0.3733638540151965 0.2356015542173019 0.3105082372555005 0.7879587380844304 0.5317425837903718 0.2278637457434733
6 0.1425934897360703 0.146355119953189 0.0154249354573382 0.0154275317218253 0.0020844968654399 0.0034495740403943 0.0025787064073604 0.0013136128865056 0.0345758620689655 0.2269064814814815 0.820041798941799 0.0001 0.9999 0.9999 0.2886274919614148 0.4208231274499417 0.232785126550368 0.0058170631290027 0.287075872564935 0.9999 0.9999 0.4471607123108116 0.2670402185280012 0.3904696996736093 0.8835163615272105 0.2229073491773308 0.7678238365493757
5 0.624608504398827 0.6284119953189 0.1502076858094119 0.1502075431200508 0.000879389858044 0.0016312338470374 0.0008160707399041 0.0011743104833992 0.3202330049261083 0.5231435185185185 0.8129885361552028 0.9999 0.0001 0.1154615384615384 0.7262409163987138 0.3009191545714588 0.9999 0.0071891582799634 0.7180976055194805 0.9248834804539724 0.5 0.3649480635713847 0.2931790162633875 0.2616063798811844 0.4998235083472033 0.4992079585618525 0.195747582292849
6 0.0088958944281524 0.0147255119953189 0.0831242388441707 0.0831246564662974 0.0009252363202819 0.0015355317315975 0.0012016472921602 0.0013099901614712 0.5123128078817735 0.3796537037037037 0.2575440917107583 0.0001 0.9999 0.0001 0.0220007636655948 0.5496245682805383 0.7345502369668246 0.0100476898444647 0.8208570819805195 0.8998779739386298 0.9999 0.369944299260655 0.3047882478093108 0.3002958954610562 0.6325452312503153 0.5304022059719683 0.3642723269012486
5 0.2856733724340176 0.2885150965476887 0.3220665947689957 0.3220658154307136 0.0004274747302706 0.0018226380779171 0.000485576552256 0.000682137410876 0.6403660098522167 0.4814851851851852 0.2205144620811287 0.0001 0.9999 0.0001 0.7238298231511254 0.3708278313380654 0.7982664414641526 0.0068461344922232 0.4926962662337661 0.9999 0.0001 0.2898407172261249 0.2521140636832426 0.2121176063117852 0.3989711353205225 0.6400694820231566 0.0752268558456299
5 0.5325448093841643 0.532468636629608 0.0315403329525445 0.0315402869339174 0.0004274747302706 0.0009613190389585 0.0007059060106881 0.000531190534445 0.4236605911330049 0.375025 0.820041798941799 0.9999 0.0001 0.0770076923076923 0.9239505627009648 0.2943519758448988 0.4958161036603812 0.0025011665141811 0.5387503652597403 0.9999 0.9999 0.2898407172261249 0.1721473693700191 0.2534599830934322 0.7519544409139053 0.4798943327239487 0.0662615664018161
6 0.0604984750733137 0.0632822118197776 0.0156104009729951 0.0156109944343133 0.0007942464281737 0.0018226380779171 0.0012567296567682 0.0014977680757514 0.7142428571428572 0.5648018518518518 0.2222777777777777 0.0001 0.9999 0.2308230769230769 0.1531039590032154 0.4237889501006463 0.4454077140264192 0.0059314043915827 0.4419758928571428 0.9043957755359396 0.9999 0.3548327339381899 0.2356015542173019 0.3055311879211965 0.7771675341705755 0.7246351371115174 0.2132242224744608
5 0.6222629325513197 0.630752077238151 0.2630685354437491 0.2630681505416237 0.0008597413742278 0.0025882550014358 0.0009262354691201 0.0010344905481451 0.4039600985221674 0.3426240740740741 0.2452008818342151 0.9999 0.0001 0.1539153846153846 0.4178219051446945 0.5633944591588093 0.5677992840576788 0.0159934354986276 0.7462981331168832 0.7372371164354771 0.0001 0.3627161386118336 0.3682784861707115 0.2534599830934322 0.2836968729510263 0.4465676660572821 0.3382843359818388
2 0.0206237536656891 0.1206142188414277 0.0788649246907911 0.0788770556556337 0.098086988791573 0.074460543696755 0.0258234642719409 0.1484737065923664 0.1084527093596059 0.4814851851851852 0.3016269841269841 0.0001 0.9999 0.0001 0.0504315715434083 0.5297111876258078 0.9768129575476454 0.1415401418115278 0.2133284496753246 0.333156536359815 0.0001 0.7933547975505355 0.7002592441671776 0.5243335454481414 0.4882759116356484 0.5467304448507008 0.9999
4 0.3630772434017595 0.3663228203627852 0.1630340742036656 0.1630413837242338 0.0043637209881233 0.0085217861587058 0.0061039777422731 0.0062122271758039 0.4679866995073891 0.4490842592592592 0.2452008818342151 0.0001 0.9999 0.2308230769230769 0.9105890876205788 0.4876600593283187 0.0925489865886861 0.0076465233302836 0.109453125 0.9999 0.9999 0.5148556106252689 0.2670402185280012 0.4793522882569798 0.9536591869672668 0.5177904692260816 0.9972898524404088
2 0.0229693255131964 0.1094988297249853 0.1103166566866567 0.1103284335343866 0.0812220401826364 0.0602966306116588 0.0206457219987879 0.1235759250063237 0.1429285714285714 0.4907425925925926 0.3051536155202821 0.0001 0.9999 0.0001 0.0560574557877813 0.5424218561288272 0.9093665322174044 0.1225594922232387 0.2298632913961039 0.4183643757881463 0.9999 0.7765641694144634 0.6781944935270997 0.5219154507243995 0.545106223836183 0.5495330530164534 0.9999
0 0.9007995894428152 0.9033716208308952 0.0028976949297004 0.0028976908347667 0.0006763555252762 0.001248425385278 0.0007059060106881 0.0007275077291633 0.3300832512315271 0.2917083333333333 0.8129885361552028 0.9999 0.0001 0.0770076923076923 0.1667668207395498 0.3973083907193559 0.9999 0.006503110704483 0.8549411728896104 0.9999 0.5 0.3386154443238372 0.2806684468645198 0.2534599830934322 0.4998235083472033 0.397400170627666 0.158184154370034
5 0.7782434604105573 0.77700719719134 0.15847561218367 0.15847553441315 0.0004471232140868 0.0009613190389585 0.0008160707399041 0.0006023512047625 0.5024625615763547 0.4027972222222222 0.2240410934744268 0.0001 0.9999 0.0001 0.0327502210610932 0.2270913550164212 0.3517489260865181 0.0026155077767612 0.4465407264610389 0.9999 0.9999 0.2948369529153952 0.1435929861887418 0.2691658604738535 0.8240134614414688 0.5251016209628275 0.0639918728717366
6 0.0517025806451613 0.0597720889409011 0.0247880942371778 0.0247879810812259 0.0008007959227791 0.0016312338470374 0.0006508236460801 0.001091591595115 0.4926123152709359 0.3796537037037037 0.820041798941799 0.9999 0.0001 0.1154615384615384 0.1045807073954983 0.4762204576756013 0.6078235454270444 0.0105050548947849 0.9999 0.9999 0.0001 0.3556517889692179 0.3441586852259205 0.2445858102237772 0.3037160689968225 0.5123680316879952 0.2428437230419977
4 0.7764842815249267 0.7775922176711527 0.0054090274062397 0.0054110991876722 0.0014426463941095 0.0023011486551163 0.0021931298551044 0.0019203330744004 0.4581364532019704 0.4027972222222222 0.2222777777777777 0.0001 0.9999 0.3077307692307692 0.0298368167202572 0.4346989405657379 0.2244173338711304 0.0059314043915827 0.3506792207792207 0.9999 0.9999 0.412698971880312 0.2356015542173019 0.3736369431986286 0.8877017350078177 0.4904345764777574 0.5238317820658344
5 0.9312920234604106 0.9349627267407842 0.179723043831387 0.1797233200636501 0.0011937655991038 0.0018226380779171 0.0010914825629441 0.001345441113593 0.315307881773399 0.3055944444444444 0.7530358024691358 0.9999 0.0001 0.1539153846153846 0.0632907355305466 0.3863984002542642 0.7345502369668246 0.0081038883806038 0.6955777597402597 0.9999 0.9999 0.3946592848219223 0.3047882478093108 0.3002958954610562 0.6325452312503153 0.4131191468616697 0.3642723269012486
6 0.0300060410557184 0.0352012287887653 0.0505127312109461 0.0505145059135805 0.0020321009085966 0.0055550205800708 0.0024134593135364 0.0030783112550214 0.5418635467980296 0.4166833333333333 0.2222777777777777 0.0001 0.9999 0.1154615384615384 0.0758485128617363 0.3871398559169403 0.355781597257235 0.0093616422689844 0.208966497564935 0.8288539302227828 0.9999 0.4448059290966063 0.2931790162633875 0.3654670697630732 0.8219964139809351 0.5567832784887263 0.7175501248581158
0 0.0106550733137829 0.0129704505558806 0.0358792093474829 0.0358803893053276 0.0011872161044984 0.0022054465396764 0.0015872238444162 0.0018265735002972 0.5024625615763547 0.4907425925925926 0.2346209876543209 0.9999 0.0001 0.1154615384615384 0.0267224879421221 0.2649055938129039 0.2797657456892206 0.0051310155535224 0.3235945413961039 0.9999 0.9999 0.3941268990517541 0.2171782085031192 0.3398540470096508 0.8600177586119938 0.5736598537477148 0.2877836549375709
1 0.0382155425219941 0.0586020479812756 0.0686627038978429 0.0686719230183758 0.0189166980013494 0.0192404230879678 0.0089131783372816 0.0273552267744637 0.4039600985221674 0.4444555555555555 0.2205144620811287 0.9999 0.0001 0.1154615384615384 0.096744654340836 0.4721954126496451 0.2873270041343148 0.031429505946935 0.1813746144480519 0.8171916981925178 0.9999 0.6466620414934361 0.4652263856334067 0.498720522694719 0.8562357946234932 0.5229692017062767 0.9999
6 0.7254680938416422 0.7354707431246343 0.0119839647856254 0.0119877213933506 0.0041279391823285 0.0118713601991002 0.0046167538978568 0.0065580249058679 0.5566389162561576 0.4444555555555555 0.2240410934744268 0.0001 0.9999 0.0001 0.1381350884244372 0.6128601440830597 0.3883454169607744 0.0186232845379688 0.1802587662337662 0.72137227826818 0.9999 0.5098184221844471 0.3891895243590206 0.4192285932326766 0.8057087557371261 0.5789604387568557 0.9994460612939842
1 0.1109282697947214 0.1229543007606787 0.0785580747678771 0.0785645066685319 0.0089156197388849 0.0092874030822245 0.005553154096193 0.0110120790802373 0.3990349753694581 0.375025 0.2275677248677248 0.9999 0.0001 0.1154615384615384 0.2801886655948553 0.4705006568492425 0.2515370474942018 0.0194236733760292 0.2442678774350649 0.9683804539722572 0.9999 0.5793152415671657 0.3955709963578667 0.4665340385563669 0.874137090835729 0.4469941499085924 0.9999
5 0.6650696187683285 0.6676083674663545 0.4461631271103522 0.4461630903797005 0.0010234787393631 0.0018226380779171 0.0012016472921602 0.0015049272704622 0.5123128078817735 0.4490842592592592 0.238147619047619 0.0001 0.9999 0.0001 0.3202730908360128 0.3708278313380654 0.5462244932943431 0.0076465233302836 0.5434166396103898 0.9498889869693148 0.9999 0.3797934360087657 0.2670402185280012 0.3055311879211965 0.7267413476572352 0.5498986106032907 0.2807476049943246
6 0.0223829325513196 0.0352012287887653 0.0386306149188322 0.0386431898761325 0.0116140115163147 0.0165607638556523 0.0099597432648338 0.0154826080279771 0.4285857142857142 0.4027972222222222 0.2346209876543209 0.0001 0.9999 0.6153615384615385 0.0562583802250803 0.6519454497298443 0.1406385902994857 0.0202240622140896 0.1370450081168831 0.9765755359394704 0.9999 0.6030268847154238 0.4017361472720061 0.5272681264235565 0.9296058960004036 0.482392309567337 0.9999
6 0.3079563049853372 0.3282964891749561 0.17178076039741 0.1717800469887915 0.0009383353094927 0.0041194888484732 0.0009813178337281 0.0014036634802164 0.5369384236453202 0.4166833333333333 0.238147619047619 0.0001 0.9999 0.0001 0.7745632435691319 0.4855416145778155 0.1429573762226479 0.0320012122598353 0.9076903612012988 0.3200233921815889 0.0001 0.3713162164376267 0.4691922721863619 0.1827952732054382 0.0712009229838099 0.5619620109689214 0.3163817934165721
1 0.7025987683284457 0.705049678174371 0.0955651393207076 0.0955683884899801 0.0020190019193857 0.0039280846175935 0.0031295300534405 0.0028694870333988 0.4729118226600985 0.4120546296296296 0.2416742504409171 0.0001 0.9999 0.5192269230769231 0.2284506229903537 0.552060779743617 0.1897363618029645 0.0076465233302836 0.2511658482142857 0.9999 0.9999 0.4441916378233355 0.2670402185280012 0.4105187568976448 0.9050483431684068 0.5215069713589275 0.875180340522134
6 0.0229693255131964 0.1194441778818022 0.1852643652555756 0.1852676371746698 0.0369736546284711 0.0272794007849143 0.0078115310451214 0.051064927059957 0.2217305418719211 0.4074259259259259 0.2275677248677248 0.0001 0.9999 0.0001 0.0578657757234726 0.4506931984320373 0.3377353937682767 0.1408540942360475 0.5849059050324675 0.3814865069356872 0.0001 0.7064735351342495 0.6948151635353936 0.4140872073637495 0.1686243153275835 0.4990251797684338 0.9999
4 0.768274780058651 0.7676468695143358 0.1854465959075873 0.185446786741944 0.0004798706871139 0.0014398296161577 0.0010914825629441 0.0006918842663256 0.5418635467980296 0.4166833333333333 0.2205144620811287 0.0001 0.9999 0.0001 0.0535459003215434 0.470818423561818 0.3277545326207522 0.0034158966148215 0.3658953327922077 0.9446357292980244 0.9999 0.3025565465828332 0.1721473693700191 0.2948023598750793 0.8360148938316437 0.5636070201096892 0.1090452894438138
6 0.2586992961876833 0.2680393797542422 0.0161197379559845 0.0161270314509672 0.0084375066326898 0.0090959988513448 0.0062141424714891 0.0109002058809624 0.4138103448275862 0.3703962962962963 0.294573721340388 0.0001 0.9999 0.6922692307692307 0.6357244573954984 0.4583195995338489 0.1896355450236966 0.0156504117108874 0.2074448863636363 0.9530409415720892 0.9999 0.5743599586294468 0.3682784861707115 0.4765350905205813 0.90509876935492 0.4678309323583181 0.9999
5 0.9494702052785924 0.9554384435342306 0.1576193745850168 0.1576197601904573 0.0017111756729314 0.0016312338470374 0.0011465649275522 0.0019876122536097 0.261131527093596 0.4027972222222222 0.820041798941799 0.9999 0.0001 0.1154615384615384 0.0654004421221865 0.3296240809407776 0.8990832207320762 0.0105050548947849 0.9999 0.9999 0.9999 0.4287524504884593 0.3441586852259205 0.3055311879211965 0.5502496948605438 0.4242686532602072 0.5404005448354142
4 0.3636636363636363 0.366907840842598 0.1616948406545623 0.1617008427876873 0.0047108442022102 0.0052679142337513 0.0051675775439369 0.0067925532241628 0.4729118226600985 0.4166833333333333 0.2416742504409171 0.0001 0.9999 0.2308230769230769 0.9134020297427654 0.3283530140904757 0.1109984571947161 0.0076465233302836 0.184722159090909 0.9999 0.9999 0.5217971020132305 0.2670402185280012 0.4622378120083593 0.9444311948353256 0.5242486532602073 0.9907077412031784
1 0.2839141935483871 0.2978754242246928 0.1118603798304731 0.1118606783715975 0.0013706019534499 0.0048851057719919 0.0019728003966723 0.0020221143967939 0.5123128078817735 0.4166833333333333 0.2346209876543209 0.9999 0.0001 0.1154615384615384 0.715190072347267 0.661584373344634 0.6175019562367652 0.0227395699908508 0.5512275771103896 0.4895985498108449 0.0001 0.4078460708214718 0.4188255129638311 0.2948023598750793 0.3085569829021031 0.5466695185862279 0.7868892622020432
2 0.0229693255131964 0.103063604447045 0.1961911184844806 0.1962008441281112 0.0587507241914669 0.0561814396477457 0.0198745688942757 0.088499062371993 0.1724793103448275 0.4814851851851852 0.3051536155202821 0.0001 0.9999 0.0001 0.0560574557877813 0.5854262845640428 0.9928428254512454 0.1135265324794144 0.2287474431818182 0.3636254308532996 0.9999 0.7477334323222806 0.6664410479247053 0.5053878906708619 0.5033533414031371 0.5441715417428398 0.9999
5 0.512021055718475 0.5242783499122294 0.0842676091016149 0.0842673318661597 0.001069325201601 0.0024925528859959 0.0007059060106881 0.001533822815379 0.4729118226600985 0.4259407407407407 0.2222777777777777 0.0001 0.9999 0.0385538461538461 0.6727950160771704 0.470818423561818 0.365157557729152 0.0212531335773101 0.9999 0.8247563892391762 0.0001 0.3840525221701107 0.4076489235873211 0.2348664780332026 0.1823402380592121 0.5348498232784887 0.3717623155505108
2 0.0282468621700879 0.1013085430076067 0.0286611502672108 0.0286638811989984 0.026186637013357 0.0157951469321336 0.005498071731585 0.0357023302750267 0.2020300492610837 0.4120546296296296 0.238147619047619 0.0001 0.9999 0.0001 0.0709258641479099 0.3776068545396758 0.3668714429767066 0.1066660567246111 0.7737885754870131 0.4586043295502312 0.0001 0.6756975423433755 0.6525243914752443 0.3947894028694202 0.1831974832299389 0.4927497745277269 0.9999
2 0.0305924340175953 0.0995534815681685 0.021276341668086 0.0212790063884295 0.0243396795346308 0.0178048913563702 0.0052226599085449 0.0332234375425971 0.1823295566502463 0.4120546296296296 0.238147619047619 0.0001 0.9999 0.0001 0.0768531350482315 0.3752765653141223 0.3801792578400726 0.1008346523330283 0.6472919642857143 0.4745742328709542 0.0001 0.6691860548467037 0.6437994410587429 0.392653027919318 0.1898033136631865 0.4933590371724558 0.9999
2 0.0229693255131964 0.1083287887653598 0.0032260335896859 0.003231035343435 0.0377923414541476 0.0228771034746817 0.0075361192220814 0.0518910808785036 0.1872546798029556 0.4444555555555555 0.2310943562610229 0.0001 0.9999 0.0001 0.0577653135048231 0.5314059434262104 0.509224735303015 0.1247319762122598 0.6194971996753247 0.5441273644388399 0.0001 0.7084187908329408 0.6761394432223865 0.4429869608096367 0.2543992585867756 0.4961007190737355 0.9999
2 0.0241421114369501 0.1211992393212404 0.1568396184054031 0.1568436251133197 0.0426520664513635 0.025078252129798 0.0075912015866894 0.0584355336530481 0.2118802955665024 0.4074259259259259 0.2275677248677248 0.0001 0.9999 0.0001 0.0608796422829582 0.4549300879330438 0.3890511344156499 0.141768824336688 0.6412055194805195 0.4631221311475409 0.0001 0.7191893644909578 0.695716501388338 0.4288070655364313 0.1942912442628738 0.4949431200487507 0.9999
2 0.0323516129032258 0.0995534815681685 0.0248321499992026 0.024834809514976 0.0225975139695911 0.0155080405858141 0.0045616715332488 0.0306335341644721 0.2217305418719211 0.4120546296296296 0.2346209876543209 0.0001 0.9999 0.0001 0.0813739348874598 0.4084302256594978 0.3899584854290612 0.0984334858188472 0.7261114245129869 0.5514819251786466 0.0001 0.6625517090953775 0.6399056615340234 0.392653027919318 0.1947450799414939 0.4900080926264473 0.9999
6 0.16487642228739 0.1960818607372732 0.1763781948222737 0.1763773976640263 0.0008859393526494 0.0054593184646309 0.0007609883752961 0.0013616571208896 0.5714142857142857 0.4490842592592592 0.2275677248677248 0.0001 0.9999 0.0001 0.4164154340836012 0.613707521983261 0.0786362710497126 0.0473229414455626 0.9999 0.3533290458175704 0.0001 0.3656852130993098 0.5273465904583319 0.1642017681452086 0.0390290159882988 0.5798743327239487 0.4093257434733258
6 0.56479642228739 0.5675698654183734 0.0502215934828801 0.0502232145707469 0.001403349426477 0.0035452761558342 0.0019728003966723 0.0023380677730036 0.6058901477832512 0.4814851851851852 0.2557807760141093 0.0001 0.9999 0.0001 0.5829817926045017 0.4900962707913974 0.3178744882524957 0.0075321820677035 0.2791634943181817 0.9698513661202188 0.9999 0.4100779957810228 0.2670402185280012 0.3596448611078498 0.8409566601099511 0.6197810359536868 0.5655941430192962
5 0.7665156011730205 0.7664768285547103 0.074150958154138 0.074150541685335 0.0003161333219786 0.0007699148080788 0.000540658916864 0.0004327731710119 0.5024625615763547 0.4398268518518519 0.820041798941799 0.9999 0.0001 0.0770076923076923 0.448965192926045 0.3973083907193559 0.8738790259150953 0.0030728728270814 0.7744986607142857 0.883172614543926 0.9999 0.2546418272677002 0.1962671703148101 0.2121176063117852 0.5628562414888788 0.5581236563071298 0.0491253802497162
2 0.0241421114369501 0.1241243417203042 0.1193959176713505 0.1193999791849113 0.0430646846115045 0.0243126352062793 0.0069302132113933 0.058521098968145 0.1774044334975369 0.4074259259259259 0.2310943562610229 0.0001 0.9999 0.0001 0.0607791800643086 0.4664756118232864 0.3777596551376425 0.1457707685269899 0.681680377435065 0.5123976881042455 0.0001 0.7200493722735372 0.7002592441671776 0.4288070655364313 0.1886435113733797 0.4909219865935404 0.9999
2 0.0229693255131964 0.1217842598010532 0.2142347257739014 0.2142387254941234 0.039180834310495 0.028619230401072 0.0085276017850256 0.0537748116410051 0.2069551724137931 0.4120546296296296 0.2310943562610229 0.0001 0.9999 0.0001 0.0577653135048231 0.5218729420489459 0.3880429666229706 0.1440556495882891 0.5705013189935064 0.4132161832702816 0.0001 0.7116335818297254 0.6984565684612889 0.4303095709958437 0.1937869823977404 0.495857014015844 0.9999
3 0.4997068035190615 0.4985374488004681 0.0099798897368751 0.0099792591122634 0.0001654949460541 0.0004828084617593 0.000265247093824 0.0001935870633872 0.4876871921182266 0.4166833333333333 0.2310943562610229 0.0001 0.9999 0.0385538461538461 0.7428171824758842 0.2649055938129039 0.9999 0.0018151189387008 0.6617979910714286 0.9999 0.5 0.1594471562864808 0.1086571310086185 0.1414528964237912 0.4998235083472033 0.5289399756246191 0.0116754370034052
2 0.0229693255131964 0.1036486249268578 0.197011310459659 0.197014488164519 0.0345437921298631 0.0180919977026897 0.0059387306484491 0.0478616618313743 0.2266556650246305 0.4166833333333333 0.3051536155202821 0.0001 0.9999 0.0001 0.0560574557877813 0.3708278313380654 0.3964107593022083 0.1143269213174748 0.7436606737012986 0.5089305380411937 0.0001 0.7004125279046428 0.6675587068623562 0.4123264587785004 0.1979723558783477 0.5006092626447288 0.9999
6 0.3132338416422287 0.316596079578701 0.057881134430156 0.0578811268774408 0.0005977615900113 0.0018226380779171 0.0007609883752961 0.0009945543174093 0.6354408866995074 0.513886111111111 0.2416742504409171 0.9999 0.0001 0.1154615384615384 0.7867191720257235 0.4815165695518593 0.8447429767066653 0.0076465233302836 0.5434166396103898 0.9999 0.9999 0.3258996149671288 0.2670402185280012 0.2616063798811844 0.5774294093912342 0.6475634125533212 0.1567088535754824
2 0.0253148973607038 0.1252943826799297 0.1603928080373784 0.1603966555036573 0.0427568583650501 0.0211544653967646 0.005773483554625 0.0590036976959345 0.192179802955665 0.4166833333333333 0.2310943562610229 0.0001 0.9999 0.0001 0.0636925844051446 0.4525997987074903 0.3661657255218312 0.1457707685269899 0.7851499391233767 0.6059056746532157 0.0001 0.7194146046244905 0.7002592441671776 0.425708148026393 0.1828444999243455 0.4985377696526508 0.9999
2 0.0241421114369501 0.1059887068461088 0.1890809652129439 0.1890838464435009 0.0351725436119827 0.0172306786637312 0.0050023304501129 0.0001443352539917 0.6058901477832512 0.4490842592592592 0.3086802469135802 0.0001 0.9999 0.0001 0.0588703979099678 0.3158541900625066 0.3628387718059896 0.1158133577310155 0.7925551136363637 0.5679771542664985 0.0001 0.7020096852151473 0.6697579712235404 0.4049078380726512 0.1811804357694053 0.0001 0.9999
1 0.1203105571847507 0.1352397308367466 0.1087424333999001 0.1087422743820029 0.0011086221692334 0.0045979994256724 0.0009813178337281 0.0018148427716146 0.6009650246305419 0.4768564814814814 0.2346209876543209 0.0001 0.9999 0.0001 0.3029935892282958 0.6003613200550906 0.3949993243924574 0.0236543000914913 0.6065127840909091 0.6909033837746952 0.0001 0.3875335060519794 0.424125379539144 0.2534599830934322 0.1972663892671609 0.6136884095063986 0.5404005448354142
5 0.7606516715542523 0.7629667056758338 0.1104665387022166 0.110466454181229 0.000768048449752 0.0014398296161577 0.0007609883752961 0.0011451561724085 0.5418635467980296 0.4398268518518519 0.7036629629629629 0.9999 0.0001 0.1154615384615384 0.3930077371382636 0.2889499417311156 0.8447429767066653 0.0061600869167429 0.6828976663961039 0.9999 0.9999 0.3514746083109755 0.2670402185280012 0.2616063798811844 0.5774294093912342 0.5654348080438757 0.1567088535754824
1 0.1044779472140762 0.1130089526038619 0.1478416911352167 0.1478415519089177 0.0009383353094927 0.0035452761558342 0.0014219767505922 0.0014850885381312 0.5664891625615763 0.4768564814814814 0.2275677248677248 0.9999 0.0001 0.1154615384615384 0.2638133239549839 0.5018536391566903 0.6815206110718969 0.0143926578225068 0.4926962662337661 0.495587263556116 0.0001 0.3713162164376267 0.3525952075294796 0.2616063798811844 0.3405776113380743 0.5965072029250458 0.329092077185017
5 0.8603384750733137 0.8647602691632534 0.0876981819973254 0.087698901006458 0.0016915271891151 0.0018226380779171 0.0013118120213762 0.0020728325472748 0.2759068965517241 0.375025 0.7565624338624339 0.9999 0.0001 0.1539153846153846 0.2111711213826366 0.3071685665854434 0.6492592417061612 0.0087899359560841 0.7462981331168832 0.9999 0.9999 0.427687678948123 0.3156043020446432 0.3197815131378119 0.6752057850406012 0.4486391590493601 0.5128237684449489
6 0.3050243401759531 0.3171811000585137 0.0139730208245945 0.0139783149299805 0.0066756925838339 0.011392849621901 0.005332824637761 0.0101403824326875 0.5123128078817735 0.4166833333333333 0.2910470899470899 0.0001 0.9999 0.6922692307692307 0.7506532355305466 0.5533318465939189 0.3153540687707977 0.0197666971637694 0.2053146306818181 0.835788230348886 0.9999 0.5532897679562537 0.4017361472720061 0.4481518233263672 0.8422173147727846 0.55136084095064 0.9999
6 0.638681935483871 0.6401124049151551 0.0690700656554463 0.0690701957666023 0.0005650141169842 0.0010570211543983 0.0009262354691201 0.0006818786448021 0.3941098522167487 0.4027972222222222 0.2346209876543209 0.9999 0.0001 0.9999 0.3871809284565916 0.486600836953067 0.5966328829283049 0.0059314043915827 0.7462981331168832 0.9342342791088692 0.9999 0.3200024187437278 0.2356015542173019 0.2762088548148496 0.701528254400565 0.4555847531992687 0.1452469012485811
0 0.7747251026392962 0.7811023405500293 0.0391571274873662 0.0391714731443756 0.0141355669393985 0.0127326792380587 0.0111164729216021 0.019830481856697 0.0789019704433497 0.4444555555555555 0.2698873015873015 0.0001 0.9999 0.0001 0.0597745578778135 0.4250600169509482 0.0828705757789654 0.0132492451967063 0.1217274553571428 0.9894985498108448 0.9999 0.6206160915067482 0.3441586852259205 0.5398046563505295 0.9585001008725476 0.5075548567946373 0.9999
2 0.4293396480938416 0.4616811585722645 0.0056065851502844 0.0056109672560628 0.0155306092903513 0.0098616157748635 0.005608236460801 0.0202430412338225 0.2414310344827586 0.4027972222222222 0.2822305114638447 0.0001 0.9999 0.0001 0.8605589027331191 0.4659460006356605 0.8830533528284763 0.0486950365965233 0.5804425121753247 0.6670535939470367 0.9999 0.6290318819505601 0.5352423100501245 0.4318120764552562 0.5582674585161649 0.4713646556977453 0.9999
0 0.9119410557184752 0.9162420713867758 0.1400650789322105 0.1400664144769481 0.0019535069733316 0.0022054465396764 0.0018075533028483 0.0026570400867419 0.3990349753694581 0.4120546296296296 0.8306216931216931 0.0001 0.9999 0.1923692307692307 0.1515970257234726 0.4304620510647314 0.464361268528789 0.008446912168344 0.6194971996753247 0.9999 0.9999 0.4411201814569808 0.3156043020446432 0.3534470260877733 0.7677378372925808 0.4987205484460695 0.7342323723041999
6 0.1983008211143695 0.201347045055588 0.156093289150123 0.1560928297643134 0.0004602222032976 0.0009613190389585 0.000540658916864 0.0006076127815981 0.438435960591133 0.4166833333333333 0.2416742504409171 0.9999 0.0001 0.1154615384615384 0.4979907556270096 0.3885168450047675 0.8990832207320762 0.0067317932296431 0.9076903612012988 0.9999 0.0001 0.2980107911606283 0.2521140636832426 0.2241141733392819 0.4493973218338629 0.5117587690432663 0.0868022928490351
6 0.0294196480938416 0.0398813926272674 0.1797849683640233 0.1797840121784446 0.0004209252356652 0.0020140423087967 0.000320329458432 0.0006217586603036 0.4876871921182266 0.513886111111111 0.816515167548501 0.9999 0.0001 0.1154615384615384 0.0595736334405144 0.2408612458946922 0.1292462942422103 0.0132492451967063 0.9999 0.5796393862967633 0.0001 0.2881207016609662 0.3755612960225019 0.1121070866696409 0.0643429616179956 0.5873073369896404 0.0596794551645857
6 0.4651096187683284 0.4663613224107665 0.194687291992288 0.1946865450558078 0.0002899353435569 0.0007699148080788 0.00037541182304 0.0003782597847808 0.4876871921182266 0.3889111111111111 0.8112252204585537 0.9999 0.0001 0.1154615384615384 0.9445453175241156 0.3752765653141223 0.7478580518301906 0.0037589204025617 0.8871993303571428 0.9999 0.0001 0.2438507772339075 0.2171782085031192 0.1827952732054382 0.3737580420638523 0.5331438878732481 0.0410679682179341
5 0.2176517888563049 0.22299280280866 0.2148467311673437 0.2148474181124242 0.00121341408292 0.0022054465396764 0.0014219767505922 0.0017646421532815 0.5172379310344828 0.4074259259259259 0.238147619047619 0.0001 0.9999 0.0001 0.5474181672025723 0.5388205000529718 0.5563061712211356 0.0101620311070448 0.5771964082792208 0.9999 0.9999 0.3962154893808753 0.3047882478093108 0.3282800596426138 0.7216987290059012 0.5404550396099939 0.5220160272417708
2 0.0229693255131964 0.1229543007606787 0.0980096179485798 0.0980211047280911 0.0888522013979417 0.0676656935005264 0.0233998402291884 0.1353145891818975 0.1478536945812807 0.4814851851851852 0.3051536155202821 0.0001 0.9999 0.0001 0.0560574557877813 0.5560858247695731 0.9307396894222044 0.1413114592863677 0.2362540584415584 0.3531189155107188 0.0001 0.7845499559669854 0.7002592441671776 0.5194504027050508 0.4652311443990518 0.5500813893967094 0.9999
6 0.3630772434017595 0.3832884142773551 0.0991011533671382 0.0991002382564998 0.0004798706871139 0.0037366803867138 0.000265247093824 0.0007469151847044 0.5024625615763547 0.5879453703703703 0.816515167548501 0.9999 0.0001 0.1154615384615384 0.7359857516077172 0.2649055938129039 0.0421405969547242 0.0254837602927721 0.9999 0.4745742328709542 0.0001 0.3025565465828332 0.4691922721863619 0.0707647098879939 0.0207747364704695 0.6142367458866546 0.0752268558456299
6 0.3624908504398827 0.3780232299590403 0.1549662472520306 0.1549660975976521 0.0007614989551466 0.0047894036565521 0.0011465649275522 0.0012564255841777 0.6108152709359607 0.4814851851851852 0.2310943562610229 0.0001 0.9999 0.0001 0.91450711414791 0.7970589151393156 0.4013507814863366 0.0253694190301921 0.6219317775974026 0.6321719630096679 0.0001 0.3506146005283962 0.4342203634921208 0.2616063798811844 0.200392812830988 0.6305649847653869 0.6378838819523269
1 0.0001 0.0059502047981275 0.0517488342262187 0.051757076837413 0.0054050906303839 0.0088088925050253 0.0066548013883532 0.0052761840312155 0.2512812807881773 0.2593074074074074 0.2310943562610229 0.9999 0.0001 0.1154615384615384 0.0001 0.5474002012925099 0.1093853887264293 0.0101620311070448 0.1381608563311688 0.9999 0.9999 0.5342467384848547 0.3047882478093108 0.4882264611266348 0.945238013819539 0.3526802925045704 0.999786515323496
6 0.7876257478005866 0.7881225863077824 0.0031809765603423 0.0031808950303243 0.0004536727086922 0.0009613190389585 0.0006508236460801 0.0005725931062661 0.4433610837438423 0.3703962962962963 0.238147619047619 0.9999 0.0001 0.1154615384615384 0.0162744172025723 0.3852332556414874 0.7249726429363719 0.0051310155535224 0.723271083603896 0.9999 0.9999 0.2964341102258996 0.2171782085031192 0.2445858102237772 0.6373357189690826 0.4864134430225472 0.0845325993189557
5 0.3572133137829912 0.3610576360444704 0.5226985375645494 0.5226978496672975 0.0007483999659358 0.0014398296161577 0.0007609883752961 0.0010771869503356 0.4975374384236453 0.4166833333333333 0.238147619047619 0.0001 0.9999 0.0001 0.8985336213826367 0.3735818095137196 0.9223718967429666 0.008446912168344 0.7462981331168832 0.9999 0.9999 0.3488741085874619 0.2806684468645198 0.2616063798811844 0.5386012457759621 0.545085435709933 0.1758877639046537
2 0.0241421114369501 0.1229543007606787 0.1363410576915447 0.1363454024846221 0.0438768219425756 0.0260352732841964 0.0073157897636493 0.0593656251779372 0.1774044334975369 0.4027972222222222 0.2275677248677248 0.0001 0.9999 0.0001 0.0608796422829582 0.4827876364021612 0.4054842694363215 0.1442843321134491 0.6283225446428572 0.5143939260193359 0.0001 0.7217284350871443 0.6984565684612889 0.434723180782868 0.2025107126645483 0.4887286410725167 0.9999
5 0.2815686217008797 0.2855899941486249 0.096907992836271 0.0969080051811236 0.0008335433958061 0.0013441275007179 0.0008160707399041 0.0011325628901463 0.3941098522167487 0.4074259259259259 0.8112252204585537 0.9999 0.0001 0.1154615384615384 0.5718304863344051 0.3405340714058693 0.8558328224261369 0.006503110704483 0.7970185064935066 0.9999 0.9999 0.3596446822454789 0.2806684468645198 0.2691658604738535 0.5718825288747668 0.5096872760511884 0.1942722814982974
6 0.5002931964809384 0.5014625511995319 0.8125739756238161 0.8125726323799581 0.0005191676547463 0.000674212692639 0.000595741281472 0.0007344081578002 0.4778369458128079 0.4490842592592592 0.2346209876543209 0.0001 0.9999 0.0001 0.7372917604501609 0.1854639156690327 0.7982664414641526 0.0051310155535224 0.9999 0.9999 0.9999 0.3110337661539722 0.2171782085031192 0.2348664780332026 0.6006758813738842 0.5478880438756856 0.0752268558456299
5 0.9635436363636364 0.981179344645992 0.0728969863682539 0.0728991904301744 0.005470585576438 0.0083303819278261 0.0035151066056966 0.0061798814165686 0.3497837438423645 0.296337037037037 0.820041798941799 0.9999 0.0001 0.1154615384615384 0.0131600884244372 0.5138228519970336 0.9039224261369366 0.0241116651418115 0.4235136769480519 0.649717843631778 0.9999 0.5353319864009666 0.4611523385380982 0.3811964237912977 0.5478292379079034 0.4090370871419866 0.999673030646992
2 0.0229693255131964 0.1094988297249853 0.1767740034954301 0.1767786742098124 0.0391022403752301 0.0275665071312338 0.0091885901603217 0.0550992626624901 0.2365059113300492 0.453712962962963 0.3122068783068782 0.0001 0.9999 0.0001 0.0559569935691318 0.5130813963343576 0.4958161036603812 0.1222164684354986 0.5190708603896104 0.4302367381252627 0.0001 0.7114492944477441 0.6781944935270997 0.4416487918848475 0.2476925757805013 0.5091389396709324 0.9999
6 0.147284633431085 0.1586405500292568 0.0193224840263989 0.0193246894838659 0.0029031836911164 0.0068948501962285 0.0032947771472646 0.0043130567042274 0.4581364532019704 0.4166833333333333 0.820041798941799 0.0001 0.9999 0.9999 0.298171402733119 0.5964421972666596 0.5819136331551881 0.0146213403476669 0.3190297077922077 0.6793462168978562 0.9999 0.4777114649681528 0.3891895243590206 0.3787313757719491 0.7088904776315126 0.5428920901889093 0.9879841089670828
4 0.3607316715542522 0.3616426565242832 0.1681207432445809 0.1681207283771133 0.0004602222032976 0.0011527232698382 0.0008711531045121 0.0006442713087313 0.5270881773399015 0.4166833333333333 0.2452008818342151 0.0001 0.9999 0.2308230769230769 0.9046618167202573 0.4842705477275135 0.4622441161641625 0.0042162854528819 0.5317509537337662 0.9999 0.9999 0.2980107911606283 0.1962671703148101 0.2762088548148496 0.7687463610228477 0.5472178549664839 0.1051868104426788
5 0.4193709677419355 0.4259949093036864 0.4047297612139143 0.4047289379035523 0.0008466423850169 0.0016312338470374 0.000595741281472 0.0011592157957561 0.4335108374384236 0.4490842592592592 0.7459825396825397 0.9999 0.0001 0.1116161538461538 0.8708060490353698 0.2562199703358406 0.5254562367651509 0.0101620311070448 0.9434989448051948 0.8948348465741909 0.0001 0.3612008868044319 0.3352174137247124 0.2241141733392819 0.2625178746154234 0.5135865569774527 0.1713483768444948
5 0.7958352492668622 0.7992379754242247 0.2597942372703259 0.2597937031198289 0.0006174100738275 0.0013441275007179 0.000595741281472 0.0008543893607233 0.4482862068965517 0.4444555555555555 0.820041798941799 0.9999 0.0001 0.0770076923076923 0.3824592041800643 0.399320913232334 0.767214873449632 0.0071891582799634 0.8646794845779221 0.9999 0.0001 0.3292577405943433 0.2931790162633875 0.2348664780332026 0.3834398698744137 0.5280870079219988 0.1383243359818388
5 0.7055307331378299 0.7103148624926857 0.0053768328109139 0.0053766710464119 0.0008007959227791 0.0016312338470374 0.0006508236460801 0.0010639036252096 0.3497837438423645 0.4444555555555555 0.8059352733686067 0.9999 0.0001 0.1154615384615384 0.5560579180064309 0.2895854751562666 0.66387767470001 0.008561253430924 0.8307982751623377 0.9043957755359396 0.0001 0.3556517889692179 0.3156043020446432 0.2348664780332026 0.3317530286982397 0.4983549908592322 0.1669224744608399
0 0.9635436363636364 0.966553832650673 0.1389494360774393 0.1389524677050278 0.0031717129699383 0.0034495740403943 0.0030193653242245 0.0038633212678209 0.3054576354679803 0.4074259259259259 0.8306216931216931 0.0001 0.9999 0.1923692307692307 0.0498287982315112 0.3486900836953067 0.2343981950186548 0.0071891582799634 0.3419553165584415 0.9999 0.9999 0.4857996333995535 0.2931790162633875 0.4068094465447202 0.8827095425429969 0.4428511639244363 0.9260214755959136
6 0.0845405865102639 0.0866830310122878 0.0094333518219661 0.0094332611404634 0.0005322666439572 0.0008656169235187 0.0006508236460801 0.0008190246639595 0.4975374384236453 0.4861138888888889 0.6895564373897708 0.9999 0.0001 0.1154615384615384 0.1789227491961414 0.2408612458946922 0.7249726429363719 0.0039876029277218 0.7970185064935066 0.9999 0.9999 0.3136956950048129 0.2171782085031192 0.2445858102237772 0.6373357189690826 0.6004064838513102 0.0845325993189557
1 0.0042047507331378 0.0088753071971913 0.00123990433211 0.0012394405409519 0.0004536727086922 0.0011527232698382 0.00037541182304 0.0006504816945045 0.5320133004926109 0.4398268518518519 0.2240410934744268 0.9999 0.0001 0.1154615384615384 0.0104476085209003 0.235459211780909 0.4958161036603812 0.008561253430924 0.9218920657467532 0.9999 0.0001 0.2964341102258996 0.2806684468645198 0.1827952732054382 0.2476925757805013 0.5631196099939061 0.0662615664018161
6 0.2141334310850439 0.2294280280866003 0.2973859715264269 0.2973870768035173 0.0042654785690422 0.0041194888484732 0.0020278827612803 0.0049480686495333 0.261131527093596 0.4120546296296296 0.2416742504409171 0.9999 0.0001 0.1539153846153846 0.5377737942122187 0.3780305434897765 0.9684451648684078 0.0243403476669716 0.7002440340909091 0.883172614543926 0.9999 0.5127874966719232 0.4292810320579857 0.3534470260877733 0.5156069047258789 0.4206130773918343 0.9885515323496028
1 0.0845405865102639 0.0937032767700409 0.0717315112092343 0.0717370288563996 0.0076057208178024 0.0080432755815066 0.0052226599085449 0.0105666564117287 0.438435960591133 0.4398268518518519 0.2240410934744268 0.9999 0.0001 0.1154615384615384 0.2137831390675241 0.3440295052441995 0.2289540889381869 0.0153073879231473 0.224182609577922 0.8993526481715006 0.9999 0.5650227312757286 0.3606351411777433 0.4530584427172611 0.8854325566147173 0.5035946496039 0.999786515323496
6 0.8327780058651026 0.9308675833820949 0.0013766928519632 0.0013779233104957 0.0183075950030461 0.0170392744328515 0.0023583769489284 0.0289626816254174 0.3251581280788177 0.5648018518518518 0.8129885361552028 0.9999 0.0001 0.1154615384615384 0.1108093649517685 0.4578959105837483 0.1530390541494403 0.1169567703568161 0.9771772727272728 0.649717843631778 0.0001 0.6437543961332869 0.7002592441671776 0.3398540470096508 0.076243541635144 0.5723804021937843 0.9999
0 0.4868061583577712 0.4874220596840257 0.0641161030445462 0.0641166255089759 0.0006239595684329 0.0011527232698382 0.0011465649275522 0.0009126117273467 0.5221630541871921 0.421312037037037 0.2910470899470899 0.0001 0.9999 0.6922692307692307 0.801185731511254 0.4389358300667443 0.3445909347584955 0.0041019441903019 0.5317509537337662 0.9999 0.9999 0.3303429885104553 0.1962671703148101 0.3055311879211965 0.827593720683916 0.5608044119439366 0.1523964358683314
5 0.6509961876832845 0.6564929783499123 0.3346012292706796 0.3346014328515408 0.0015277898239798 0.0017269359624772 0.0012016472921602 0.0024807341350704 0.5664891625615763 0.4768564814814814 0.7741955908289242 0.0001 0.9999 0.0001 0.6513965635048232 0.3657435639368577 0.7598552485630735 0.0093616422689844 0.8397250608766234 0.9999 0.9999 0.4181047350850964 0.32569928599762 0.3105082372555005 0.6198882584354669 0.6019905667276051 0.496028036322361
6 0.2457986510263929 0.2475636629607957 0.019687946597741 0.0196893813157847 0.0012985575127904 0.0013441275007179 0.0017524709382403 0.001837959207548 0.4778369458128079 0.4027972222222222 0.8112252204585537 0.0001 0.9999 0.6153615384615385 0.4990958400321543 0.2691424833139104 0.2519403146112735 0.0037589204025617 0.5264760349025974 0.9999 0.9999 0.4027065005017716 0.2171782085031192 0.3502307253387184 0.8739353860896757 0.5242486532602073 0.3310213166855846
5 0.6515825806451613 0.6535678759508484 0.3101529000460598 0.3101532164319333 0.0008073454173845 0.0018226380779171 0.0012567296567682 0.0011437760866811 0.4926123152709359 0.4166833333333333 0.2240410934744268 0.9999 0.0001 0.6153615384615385 0.3458909565916399 0.5297111876258078 0.4499444690934758 0.0068461344922232 0.4926962662337661 0.9999 0.9999 0.3564708440002457 0.2521140636832426 0.3152505201117712 0.7748479295909618 0.5338750030469226 0.2807476049943246
0 0.0247285043988269 0.0270109420713867 0.0204479084926687 0.0204503433642236 0.0018356160704342 0.0015355317315975 0.0024685416781444 0.0021675409303155 0.3744093596059113 0.328737962962963 0.8112252204585537 0.9999 0.0001 0.1539153846153846 0.0501301848874598 0.2559022036232652 0.1750171120298477 0.0037589204025617 0.4628726866883116 0.9999 0.9999 0.4353253671124582 0.2171782085031192 0.3859387066475684 0.9124105663993546 0.4312142474101157 0.5257610215664018
3 0.5049843401759531 0.5043876535985956 0.065713201438508 0.0657124892380907 0.0001982424190811 0.0005785105771991 0.000265247093824 0.0002694055230346 0.561564039408867 0.4861138888888889 0.2275677248677248 0.0001 0.9999 0.0385538461538461 0.7261404541800643 0.1589833562877423 0.7982664414641526 0.0026155077767612 0.7100837865259741 0.9999 0.0001 0.1904279128351117 0.1435929861887418 0.1414528964237912 0.3989711353205225 0.6193545521023766 0.0150799772985244
4 0.7764842815249267 0.7787622586307782 0.0070641993046887 0.0070695035223875 0.003977300806404 0.0051722121183114 0.0045065891686408 0.0053924562537463 0.4581364532019704 0.4074259259259259 0.2222777777777777 0.0001 0.9999 0.3077307692307692 0.0268229501607717 0.3531388176713635 0.1286413935666027 0.0076465233302836 0.1883740259740259 0.9999 0.9999 0.506439820181457 0.2670402185280012 0.4481518233263672 0.935606612195491 0.4931153321145643 0.9778839727582292
2 0.0241421114369501 0.1059887068461088 0.1486053500171674 0.1486158384952493 0.0628048613522171 0.0538845888771896 0.0189381686959396 0.0948007925692363 0.1823295566502463 0.4814851851851852 0.3086802469135802 0.0001 0.9999 0.0001 0.0588703979099678 0.5928408411908042 0.9531210144196834 0.1158133577310155 0.2444707589285714 0.4117452711223202 0.9999 0.753671581297233 0.6697579712235404 0.5116561556343485 0.5232212588893933 0.5452682145033517 0.9999
2 0.1320384164222873 0.2001770040959625 0.0096243628181575 0.009627198634185 0.0212286695970599 0.0157951469321336 0.0049472480855049 0.0225256167715339 0.1872546798029556 0.3055944444444444 0.7812488536155203 0.0001 0.9999 0.0001 0.2708456792604502 0.482681714164636 0.4000401633558536 0.0812822964318389 0.724894135551948 0.5277372005044136 0.0001 0.6569616585086121 0.6425015145505031 0.396902301171719 0.1997876985928279 0.3831434247410116 0.9999
6 0.6967348387096775 0.7009545348156817 0.0105396751886167 0.0105390437446575 0.0003095838273731 0.001248425385278 0.000320329458432 0.000456665905167 0.5960399014778326 0.4907425925925926 0.2452008818342151 0.0001 0.9999 0.0770076923076923 0.2413097869774919 0.4162684712363598 0.2797657456892206 0.0101620311070448 0.9999 0.7897696931483817 0.0001 0.2520618039199623 0.3047882478093108 0.1414528964237912 0.1396292580824128 0.6133228519195612 0.0491253802497162
1 0.0311788269794721 0.0451465769455822 0.1994972261504147 0.1994997070326342 0.0038725088927174 0.0068948501962285 0.0037905184287367 0.0046052898569979 0.3744093596059113 0.3333666666666666 0.2275677248677248 0.9999 0.0001 0.1154615384615384 0.0786614549839228 0.6037508316558957 0.5797964807905617 0.0219391811527904 0.3746192370129869 0.6909033837746952 0.9999 0.5040031314641489 0.4133453788179294 0.3947894028694202 0.7099494275482927 0.4316407312614259 0.9987651532349604
6 0.4422402932551319 0.4493957284961966 0.0565271899535234 0.0565271073621011 0.0006763555252762 0.0025882550014358 0.0011465649275522 0.0008596509375589 0.4482862068965517 0.3426240740740741 0.2222777777777777 0.9999 0.0001 0.0385538461538461 0.862869533762058 0.6179444114842675 0.66387767470001 0.0135922689844464 0.6376550933441559 0.5796393862967633 0.0001 0.3386154443238372 0.3441586852259205 0.2534599830934322 0.3317530286982397 0.4784321023765996 0.2737115550510783
6 0.5067435190615835 0.52018320655354 0.0540459725171095 0.0540461246187495 0.0016456807268772 0.0052679142337513 0.0017524709382403 0.0026972350835515 0.5812645320197044 0.4768564814814814 0.2416742504409171 0.0001 0.9999 0.0385538461538461 0.6938920819935692 0.4798218137514567 0.5131565896944641 0.0227395699908508 0.5108541599025974 0.4576587431693989 0.0001 0.425107655600385 0.4188255129638311 0.2762088548148496 0.2563658798607958 0.6066209628275442 0.6684112599318955
6 0.2270340762463343 0.2294280280866003 0.0531878094043817 0.0531888099870518 0.0011937655991038 0.0023011486551163 0.0014770591152002 0.0015954091409628 0.4729118226600985 0.375025 0.2557807760141093 0.0001 0.9999 0.0001 0.5668073754019293 0.2943519758448988 0.3407598971463144 0.0059314043915827 0.3506792207792207 0.9999 0.9999 0.3946592848219223 0.2356015542173019 0.3322945664169817 0.8295603419579362 0.4947603412553321 0.3056007491486946
1 0.0739855131964809 0.0860980105324751 0.0488740417129749 0.0488746635073748 0.0023071796820239 0.006607743849909 0.0019728003966723 0.0037546395167905 0.5861896551724137 0.453712962962963 0.2346209876543209 0.0001 0.9999 0.0001 0.1862564911575562 0.3753824875516474 0.838593153171322 0.0194236733760292 0.3477374391233765 0.5796393862967633 0.0001 0.4565593687918569 0.3955709963578667 0.3105082372555005 0.4191416099258587 0.5978475807434491 0.7902938024971623
0 0.9893449266862172 0.9887846108835576 0.0264036775662549 0.0264050254341586 0.0010038302555468 0.0010570211543983 0.0016973885736323 0.0008765569877192 0.1872546798029556 0.296337037037037 0.8306216931216931 0.0001 0.9999 0.1923692307692307 0.0048217242765273 0.3531388176713635 0.2269377533528284 0.0030728728270814 0.5771964082792208 0.9999 0.9999 0.3779096094374015 0.1962671703148101 0.3468735647028436 0.8864410803449841 0.3140530408287629 0.2632709648127128
2 0.0511161876832844 0.1211992393212404 0.600148105080761 0.6001503076195858 0.025629929971897 0.0193361252034076 0.0050023304501129 0.036809417794451 0.3497837438423645 0.4166833333333333 0.2346209876543209 0.0001 0.9999 0.0001 0.1285911776527331 0.4187046826994385 0.4144569627911666 0.1026641125343092 0.6050926136363636 0.5563149222362337 0.0001 0.6737932393962357 0.6463231870469871 0.4029592763049757 0.207049069450749 0.5191308470444851 0.9999
3 0.2786366568914956 0.2797397893504973 0.0478712339829699 0.0478705478975065 0.0002047919136865 0.0005785105771991 0.000265247093824 0.0002784623356204 0.5517137931034483 0.4768564814814814 0.2346209876543209 0.0001 0.9999 0.0385538461538461 0.7018285972668811 0.3783483102023519 0.5677992840576788 0.004330626715462 0.9999 0.9999 0.0001 0.1955060540274848 0.1962671703148101 0.1414528964237912 0.2836968729510263 0.6126526630103596 0.0221160272417707
5 0.0124142521994134 0.0135554710356933 0.1527735488445413 0.1527745577063282 0.0008204444065953 0.0019183401933569 0.0015872238444162 0.0012166618641579 0.5418635467980296 0.4398268518518519 0.2275677248677248 0.0001 0.9999 0.0001 0.0312432877813504 0.3531388176713635 0.2077825652919229 0.0034158966148215 0.2753087459415584 0.9999 0.9999 0.3580680013107502 0.1721473693700191 0.3398540470096508 0.8960220557825188 0.5602560755636807 0.1942722814982974
5 0.4305124340175953 0.4347702165008777 0.3061641591304303 0.3061641732727482 0.0012461615559471 0.0016312338470374 0.0010364001983361 0.001754809042474 0.4482862068965517 0.4120546296296296 0.7741955908289242 0.0001 0.9999 0.0001 0.88537307073955 0.2581265706112935 0.7198309871937077 0.0073034995425434 0.7180976055194805 0.9999 0.9999 0.3987750363528377 0.2931790162633875 0.2948023598750793 0.639907454481263 0.5220553077391834 0.3056007491486946
6 0.7583060997067448 0.7676468695143358 0.0458385843053539 0.0458591588393099 0.0173972152528938 0.0161779553938929 0.015743391548675 0.0235303191810589 0.2168054187192118 0.4074259259259259 0.2222777777777777 0.0001 0.9999 0.1154615384615384 0.0550528336012861 0.6246175124483526 0.0745027830997277 0.0178228956999085 0.1227418628246753 0.9815135981504834 0.9999 0.6391881643353062 0.3825196242472323 0.5746205250428534 0.9626854743531548 0.489094198659354 0.9999
6 0.0001 0.002440081919251 0.0353593205473652 0.035361040409313 0.001324755491212 0.0016312338470374 0.0019728003966723 0.0019225757137074 0.4876871921182266 0.4166833333333333 0.8112252204585537 0.0001 0.9999 0.6153615384615385 0.0001 0.3443472719567751 0.222199364727236 0.0037589204025617 0.436295211038961 0.9999 0.9999 0.4046108034489115 0.2171782085031192 0.3626029187310682 0.8888111111111112 0.5378961365021329 0.3904872871736663
5 0.2323116129032258 0.2341081919251024 0.0072570587943916 0.0072567402369376 0.0004471232140868 0.0008656169235187 0.000485576552256 0.0006701479161195 0.5467886699507389 0.4861138888888889 0.816515167548501 0.9999 0.0001 0.1154615384615384 0.4708659565916399 0.1490266659603771 0.9999 0.0037589204025617 0.7970185064935066 0.9999 0.5 0.2948369529153952 0.2171782085031192 0.2121176063117852 0.4998235083472033 0.5930953321145643 0.0575232463110102
0 0.4439994721407624 0.4458856056173201 0.0371357998325084 0.037136361787503 0.000879389858044 0.0011527232698382 0.0011465649275522 0.001229513912494 0.438435960591133 0.4490842592592592 0.8306216931216931 0.0001 0.9999 0.1923692307692307 0.8958211414790997 0.3473130946074795 0.4454077140264192 0.004444967978042 0.6877668222402599 0.9999 0.9999 0.3649480635713847 0.2356015542173019 0.3055311879211965 0.7771675341705755 0.524370505789153 0.2132242224744608
2 0.0229693255131964 0.1217842598010532 0.0660113480378052 0.0660271177773491 0.11376647887693 0.0758960754283526 0.0273106881163572 0.1755590965670057 0.1330783251231527 0.4861138888888889 0.3051536155202821 0.0001 0.9999 0.0001 0.0560574557877813 0.5718682381608221 0.7918141675910054 0.139710681610247 0.2065319196428571 0.4119554014291719 0.9999 0.8065620599258606 0.6984565684612889 0.5491014088806443 0.603903157310738 0.5573316148689823 0.9999
5 0.6902845161290323 0.6968593914569924 0.2399088372583545 0.2399083322137455 0.0007876969335682 0.0024925528859959 0.0006508236460801 0.0009527204687984 0.3990349753694581 0.4120546296296296 0.2416742504409171 0.9999 0.0001 0.1539153846153846 0.2490453778135048 0.4297205954020553 0.5518702329333468 0.0134779277218664 0.6617979910714286 0.9043957755359396 0.0001 0.354013678907162 0.3441586852259205 0.2348664780332026 0.2757295354819186 0.4503450944546008 0.2132242224744608
6 0.1760178885630498 0.1802863077823288 0.1097271412976046 0.1097271348793094 0.0006305090630383 0.0013441275007179 0.0008160707399041 0.0009371945043655 0.4975374384236453 0.4490842592592592 0.7495091710758378 0.9999 0.0001 0.1154615384615384 0.3649787781350482 0.5359605996397925 0.8558328224261369 0.0067317932296431 0.7970185064935066 0.9999 0.9999 0.3314282364265672 0.2806684468645198 0.2691658604738535 0.5718825288747668 0.5703698354661793 0.1942722814982974
5 0.5255080938416422 0.5266184318314804 0.0613436708595034 0.0613439663205394 0.0005126181601409 0.0010570211543983 0.0009813178337281 0.0007662363848876 0.5566389162561576 0.453712962962963 0.2240410934744268 0.0001 0.9999 0.0001 0.667872367363344 0.5531200021188685 0.4661759705556116 0.0051310155535224 0.6617979910714286 0.9999 0.9999 0.3096823253527761 0.2171782085031192 0.2889801512198557 0.7667797397488274 0.5833471297989031 0.1467222020431328
2 0.0300060410557184 0.1001385020479812 0.0188145334135431 0.0188173557780898 0.0238681159230411 0.0170392744328515 0.005332824637761 0.0326962447947419 0.2217305418719211 0.4074259259259259 0.238147619047619 0.0001 0.9999 0.0001 0.0753462017684887 0.4263310838012501 0.3901601189875971 0.1024354300091491 0.6881725852272728 0.4855010088272383 0.0001 0.6674250865299937 0.6463231870469871 0.396902301171719 0.1948459323145206 0.4951258988421694 0.9999
2 0.0241421114369501 0.1217842598010532 0.1442672438278588 0.1442714999990755 0.0422132503128009 0.0263223796305159 0.0074259544928654 0.0575816056092382 0.192179802955665 0.4027972222222222 0.2310943562610229 0.0001 0.9999 0.0001 0.0607791800643086 0.4902021930289225 0.4044761016436422 0.1423405306495883 0.6140193993506494 0.4981088272383354 0.0001 0.7182884039568271 0.6966538927554001 0.4332676286190621 0.2020064507994149 0.4928107007921998 0.9999
6 0.0464250439882698 0.0480716793446459 0.2219487202592044 0.2219489346865349 0.0006501575468546 0.0015355317315975 0.0010914825629441 0.000914250579148 0.5024625615763547 0.3981685185185185 0.2169878306878306 0.9999 0.0001 0.1154615384615384 0.1176407958199357 0.374429187413921 0.3631412221437934 0.004330626715462 0.4032255275974025 0.9999 0.9999 0.3345815982960248 0.1962671703148101 0.3002958954610562 0.8183153023654614 0.5357637172455819 0.1425232690124858
6 0.8005263929618768 0.8015780573434758 0.3211367255121332 0.3211367947598361 0.0008400928904115 0.0007699148080788 0.0010914825629441 0.0008927729950158 0.2168054187192118 0.3333666666666666 0.2822305114638447 0.0001 0.9999 0.0385538461538461 0.0189868971061093 0.3469953278949041 0.4693012907129172 0.0058170631290027 0.9999 0.9999 0.9999 0.3604227845249555 0.2356015542173019 0.3002958954610562 0.7652165279669139 0.390210871419866 0.1989251532349602
2 0.5085026979472141 0.5114078993563488 0.0319285936105287 0.031928624044062 0.0007942464281737 0.0009613190389585 0.0007609883752961 0.0015597856781251 0.6058901477832512 0.6666333333333333 0.2822305114638447 0.0001 0.9999 0.0001 0.7374926848874598 0.2593976374615955 0.8447429767066653 0.0074178408051235 0.9999 0.9999 0.9999 0.3548327339381899 0.2670402185280012 0.2616063798811844 0.5774294093912342 0.7563167946374163 0.1567088535754824
2 0.0229693255131964 0.1252943826799297 0.1273217187048496 0.1273270009447677 0.0448068501765441 0.0283321240547525 0.0084174370558095 0.0608932938227774 0.2069551724137931 0.4166833333333333 0.2310943562610229 0.0001 0.9999 0.0001 0.0577653135048231 0.5725037715859731 0.4592196127861248 0.1490866651418115 0.5968759131493507 0.5230092686002522 0.0001 0.7235917852827329 0.7038285420648372 0.4506403479935191 0.2293878700761587 0.4909219865935404 0.9999
6 0.1214833431085044 0.129389526038619 0.0817656731337593 0.0817650144580897 0.0004471232140868 0.0017269359624772 0.00037541182304 0.0007239712594869 0.6009650246305419 0.5231435185185185 0.2557807760141093 0.9999 0.0001 0.1116161538461538 0.3032949758842443 0.4120315817353533 0.2718012201270546 0.0133635864592863 0.9465421672077924 0.8247563892391762 0.0001 0.2948369529153952 0.3441586852259205 0.1642017681452086 0.135645589347859 0.647136928702011 0.0868022928490351
5 0.7149130205278592 0.7196751901696898 0.2409830430502423 0.2409833836582911 0.0008597413742278 0.0029710634631951 0.0012016472921602 0.0011435173206073 0.38425960591133 0.4398268518518519 0.2416742504409171 0.9999 0.0001 0.1539153846153846 0.1915809887459807 0.6625376734823605 0.7118664616315419 0.0109624199451052 0.4610467532467532 0.9999 0.9999 0.3627161386118336 0.3156043020446432 0.3105082372555005 0.6438911232158168 0.4975020231566118 0.4565353688989784
5 0.4481042228739003 0.4534908718548859 0.1590239215715276 0.1590237659780072 0.0009645332879144 0.0018226380779171 0.0007609883752961 0.0012597895431382 0.3300832512315271 0.4166833333333333 0.820041798941799 0.9999 0.0001 0.0770076923076923 0.9073742966237942 0.3314247589787054 0.8655112332358577 0.008561253430924 0.7462981331168832 0.9999 0.0001 0.3740190980400188 0.3156043020446432 0.2616063798811844 0.4326054017249205 0.4859260329067641 0.2378503972758229
5 0.343726275659824 0.3581325336454067 0.1430678796211278 0.1430695958729734 0.0051103633731403 0.0039280846175935 0.0020829651258883 0.0048421470699577 0.0592014778325123 0.4490842592592592 0.7001363315696649 0.9999 0.0001 0.1154615384615384 0.7251358319935692 0.3273997139527492 0.8091546536250882 0.0195380146386093 0.7100837865259741 0.9999 0.9999 0.5291685972924816 0.424125379539144 0.3682607908516683 0.5952298532304433 0.3421400487507617 0.9946797048808173
0 0.0100686803519061 0.0129704505558806 0.1268123817218602 0.12681288943937 0.0010365777285739 0.0016312338470374 0.0012016472921602 0.0016909800775832 0.4975374384236453 0.5509157407407408 0.2310943562610229 0.9999 0.0001 0.1154615384615384 0.0252155546623794 0.2466869689585761 0.4238329232630836 0.0059314043915827 0.4926962662337661 0.9999 0.9999 0.3810424949310832 0.2356015542173019 0.3105082372555005 0.7879587380844304 0.6131400731261426 0.2278637457434733
6 0.0329380058651026 0.050411761263897 0.0129129868162951 0.0129248292115041 0.0177115909939536 0.0194318273188475 0.0115571318384662 0.0238101315622831 0.438435960591133 0.4027972222222222 0.2275677248677248 0.0001 0.9999 0.6153615384615385 0.0830817926045016 0.5542851467316453 0.1982049712614702 0.0270845379688929 0.1545942573051948 0.7837809794031105 0.9999 0.6407853216458107 0.4437384912192132 0.5213050578815132 0.900812543501286 0.4861088117001828 0.9999
2 0.0229693255131964 0.1100838502047981 0.1414948116428159 0.1415059266920618 0.0735132850320662 0.0610622475351775 0.021361792738692 0.1116547444933054 0.1724793103448275 0.4814851851851852 0.3086802469135802 0.0001 0.9999 0.0001 0.0559569935691318 0.5711267824981461 0.9618920742159928 0.123131198536139 0.2283416801948052 0.3808561160151324 0.9999 0.7676774223278103 0.6792400454365152 0.5169149247422922 0.5188341806627327 0.5486191590493602 0.9999
2 0.0217965395894428 0.1217842598010532 0.2115016510965415 0.2115055777966635 0.0412177271327782 0.0309160811716282 0.0101800727232659 0.0565300665403405 0.1971049261083743 0.4027972222222222 0.2310943562610229 0.0001 0.9999 0.0001 0.0548519091639871 0.4920028710668503 0.3777596551376425 0.1457707685269899 0.5333740056818183 0.3317906893652795 0.0001 0.7161588608761545 0.7002592441671776 0.4288070655364313 0.1886435113733797 0.4954914564290067 0.9999
2 0.0229693255131964 0.1071587478057343 0.113598348834126 0.1136089655717508 0.0872541247142211 0.0477596534890399 0.0171204506638752 0.1337873518138471 0.1527788177339901 0.4907425925925926 0.3086802469135802 0.0001 0.9999 0.0001 0.0559569935691318 0.4326864180527598 0.973385187052536 0.1191292543458371 0.2857571428571427 0.4643829129886507 0.9999 0.7829323222807054 0.6740483394035557 0.5123135017728415 0.5130855954002119 0.553858817794028 0.9999
6 0.9834809970674486 0.9852744880046812 0.1602832077762573 0.1602829733190929 0.0006174100738275 0.001248425385278 0.0007059060106881 0.0004848714072201 0.069051724137931 0.2315351851851851 0.820041798941799 0.9999 0.0001 0.1154615384615384 0.0048217242765273 0.4093835257972243 0.9159196228698194 0.0058170631290027 0.7825124797077921 0.9999 0.9999 0.3292577405943433 0.2670402185280012 0.2534599830934322 0.5418285217128158 0.2763396831200487 0.1410479682179341
6 0.2610448680351906 0.4599260971328262 0.3515022365082861 0.3515021842901084 0.0282955742762998 0.0344570594429022 0.0068200484821772 0.0312656134276074 0.315307881773399 0.375025 0.2346209876543209 0.9999 0.0001 0.2308230769230769 0.6575247588424438 0.324645735777095 0.0443585660986185 0.2884686642268984 0.9549617491883116 0.1029587852038672 0.0001 0.6826185573555614 0.8065450037863762 0.2948023598750793 0.021884112573763 0.398984253503961 0.9999
2 0.0241421114369501 0.1241243417203042 0.1240421831331438 0.1240464689074035 0.0411915291543566 0.0266094859768354 0.0085276017850256 0.0559369746990034 0.2118802955665024 0.3796537037037037 0.2275677248677248 0.0001 0.9999 0.0001 0.0608796422829582 0.516682752410213 0.3949993243924574 0.14599945105215 0.621728896103896 0.426769588062211 0.0001 0.7160974317488276 0.7002592441671776 0.4332676286190621 0.1972663892671609 0.4905564290067032 0.9999
5 0.6715199413489735 0.6746286132241077 0.2008457021670757 0.2008460245029492 0.0011872161044984 0.0013441275007179 0.0011465649275522 0.0017950040392837 0.5172379310344828 0.453712962962963 0.238147619047619 0.0001 0.9999 0.0001 0.3024912781350482 0.3178667125754847 0.5966328829283049 0.008446912168344 0.7970185064935066 0.9999 0.9999 0.3941268990517541 0.2806684468645198 0.3055311879211965 0.701528254400565 0.5633023887873249 0.3163817934165721
6 0.1291064516129032 0.1317296079578701 0.2379165463557402 0.2379160442272101 0.0004405737194814 0.0008656169235187 0.000595741281472 0.0006038175458478 0.5123128078817735 0.4027972222222222 0.820041798941799 0.0001 0.9999 0.1154615384615384 0.261301768488746 0.4237889501006463 0.8990832207320762 0.004444967978042 0.8984592532467532 0.9999 0.9999 0.2931988428533393 0.2356015542173019 0.2348664780332026 0.5502496948605438 0.5363120536258379 0.0868022928490351
6 0.7758978885630499 0.774667115272089 0.1139046596130991 0.1139055713256515 0.0006501575468546 0.0011527232698382 0.0014770591152002 0.0009430598687068 0.5320133004926109 0.4120546296296296 0.2205144620811287 0.0001 0.9999 0.0001 0.0357640876205787 0.3586467740226719 0.1856028738529797 0.0026155077767612 0.3756336444805194 0.9999 0.9999 0.3345815982960248 0.1435929861887418 0.3322945664169817 0.9071158168154536 0.5542243753808653 0.1383243359818388
0 0.0481842228739003 0.0515818022235225 0.0110624907701278 0.0110645542766918 0.001815967586618 0.0013441275007179 0.0021931298551044 0.002853702302892 0.453211330049261 0.4814851851851852 0.8112252204585537 0.0001 0.9999 0.6153615384615385 0.0977492765273311 0.342334749443797 0.2502264293637188 0.0051310155535224 0.6617979910714286 0.9999 0.9999 0.4343220246994491 0.2521140636832426 0.3736369431986286 0.8747926312604024 0.5795087751371115 0.5938518274687855
6 0.2282068621700879 0.2352782328847279 0.03935853625956 0.0393582477362242 0.0005257171493517 0.0020140423087967 0.0009262354691201 0.0008198872175391 0.5911147783251232 0.4907425925925926 0.238147619047619 0.0001 0.9999 0.0001 0.573940192926045 0.5954888971289333 0.5254562367651509 0.012677538883806 0.7693251826298703 0.5402399537620849 0.0001 0.3123852069551682 0.3352174137247124 0.2241141733392819 0.2625178746154234 0.6100937599024985 0.1713483768444948
1 0.280395835777126 0.29729040374488 0.1033294282336368 0.1033302784045072 0.001960056467937 0.0050765100028716 0.0018626356674563 0.0027107771747513 0.4679866995073891 0.4074259259259259 0.2275677248677248 0.9999 0.0001 0.1154615384615384 0.7083586414790997 0.702894045979447 0.7330379852778058 0.0270845379688929 0.6241634740259742 0.7452220680958386 0.0001 0.4414478034693919 0.4437384912192132 0.3282800596426138 0.3663453926463912 0.5073111517367459 0.9711883768444948
6 0.7981808211143695 0.8050881802223523 0.0137336409148514 0.0137333898981955 0.0007614989551466 0.0025882550014358 0.0007609883752961 0.000982133545863 0.4679866995073891 0.3426240740740741 0.816515167548501 0.0001 0.9999 0.1154615384615384 0.3686958802250804 0.4213527386375675 0.4693012907129172 0.0111911024702653 0.6738694399350649 0.6766145229087852 0.0001 0.3506146005283962 0.3525952075294796 0.2241141733392819 0.2344304887274928 0.4836108348567946 0.1989251532349602
6 0.6603784750733138 0.6611731421884143 0.2026438242304164 0.2026433737299098 0.0004733211925084 0.0009613190389585 0.000595741281472 0.0006767033233245 0.5024625615763547 0.453712962962963 0.7565624338624339 0.9999 0.0001 0.2308230769230769 0.6334138263665595 0.2781458735035491 0.7982664414641526 0.0038732616651418 0.723271083603896 0.9999 0.9999 0.3010617711512073 0.2171782085031192 0.2348664780332026 0.6006758813738842 0.5589766240097502 0.0752268558456299
1 0.683834193548387 0.6910091866588648 0.1735453785158542 0.1735452786879992 0.0008924888472548 0.003066765578635 0.0009813178337281 0.001446273627049 0.5714142857142857 0.4907425925925926 0.8482548500881835 0.9999 0.0001 0.2308230769230769 0.6153306270096464 0.5695379489352685 0.7345502369668246 0.0110767612076852 0.5695883522727273 0.8144600042034468 0.0001 0.3664018862514592 0.3525952075294796 0.2691658604738535 0.3671017854440914 0.6130791468616698 0.3642723269012486
6 0.0599120821114369 0.0673773551784669 0.111015464254578 0.1110179976254467 0.0027656443044027 0.0061292332727098 0.0029642829596165 0.0041766869832917 0.507387684729064 0.4398268518518519 0.7530358024691358 0.9999 0.0001 0.1154615384615384 0.1239699155948553 0.5171064413603136 0.3563864979328426 0.0101620311070448 0.2507600852272727 0.8809662463219841 0.9999 0.4732476150490506 0.3352174137247124 0.392653027919318 0.821693856861855 0.5523965874466787 0.9599533938706016
1 0.0499434017595307 0.0568469865418373 0.1554054185021449 0.1554060384094622 0.0018421655650396 0.0025882550014358 0.0014219767505922 0.0023517823749193 0.4138103448275862 0.375025 0.2275677248677248 0.9999 0.0001 0.1154615384615384 0.1260796221864951 0.2878907193558639 0.6930137239084401 0.0118771500457456 0.5651249594155844 0.9158478772593528 0.9999 0.4356529891248694 0.32569928599762 0.3197815131378119 0.6532703939072982 0.4675263010359536 0.5549265834279229
5 0.3290664516129032 0.3318066120538326 0.2301171360660919 0.2301166453534127 0.000578113106195 0.0011527232698382 0.000595741281472 0.0008078977227826 0.4581364532019704 0.453712962962963 0.820041798941799 0.9999 0.0001 0.0770076923076923 0.6662649718649518 0.2649055938129039 0.9999 0.0051310155535224 0.7657747564935065 0.9999 0.5 0.3224186310852602 0.2521140636832426 0.2348664780332026 0.4998235083472033 0.5361292748324192 0.0989451532349602
6 0.2680815835777125 0.2697944411936805 0.0833425921402202 0.083342316258695 0.0004798706871139 0.0007699148080788 0.000595741281472 0.0006606598267438 0.453211330049261 0.4490842592592592 0.2416742504409171 0.9999 0.0001 0.1154615384615384 0.673297327170418 0.2649055938129039 0.7982664414641526 0.0051310155535224 0.8871993303571428 0.9999 0.9999 0.3025565465828332 0.2171782085031192 0.2348664780332026 0.6006758813738842 0.5349107495429617 0.0752268558456299
2 0.0001 0.1288045055588063 0.0026886611217716 0.0026973606436746 0.0875161044984376 0.0707281611946013 0.0196542394358437 0.1146869653470523 0.1429285714285714 0.4027972222222222 0.2310943562610229 0.0001 0.9999 0.0385538461538461 0.0001 0.5542851467316453 0.554289835635777 0.1869336230558096 0.2925536728896103 0.3181322194199243 0.0001 0.783218991541565 0.7389446648155492 0.4923818277878226 0.2769397639582387 0.4731924436319317 0.9999
0 0.6685879765395895 0.66877840842598 0.1828238916969784 0.1828237012678869 0.000466771697903 0.0007699148080788 0.0007609883752961 0.000644875096237 0.4926123152709359 0.4398268518518519 0.816515167548501 0.9999 0.0001 0.0770076923076923 0.6456702170418006 0.3841740332662358 0.5346305636785318 0.0030728728270814 0.7744986607142857 0.9999 0.9999 0.2995465193438057 0.1962671703148101 0.2616063798811844 0.7325403591062694 0.5383835466179159 0.0880506242905789
1 0.6979076246334311 0.7108998829724985 0.0907455005716454 0.0907660863966385 0.025518588563605 0.0218243802048434 0.015963721007107 0.0342069211340638 0.38425960591133 0.4166833333333333 0.238147619047619 0.0001 0.9999 0.5192269230769231 0.2110706591639871 0.5546029134442209 0.0957751235252596 0.0227395699908508 0.1139165178571428 0.9707969525010508 0.9999 0.6734041882564974 0.4188255129638311 0.5749726747599032 0.95204554899884 0.484463802559415 0.9999
5 0.0921636950146627 0.1024785839672323 0.0300375847482337 0.030037540929151 0.0010038302555468 0.0040237867330334 0.0007609883752961 0.0016222345572886 0.5812645320197044 0.4814851851851852 0.2346209876543209 0.0001 0.9999 0.2308230769230769 0.2320672628617363 0.4976167496556838 0.5415869214480186 0.016908165599268 0.5044633928571428 0.9191048970155528 0.0001 0.3779096094374015 0.3755612960225019 0.2534599830934322 0.2706364906440712 0.6079613406459475 0.3605273325766175
1 0.1132738416422287 0.1176891164423639 0.0059224464790671 0.0059223609364109 0.0006370585576438 0.0017269359624772 0.0006508236460801 0.0008681039626391 0.4876871921182266 0.375025 0.2240410934744268 0.9999 0.0001 0.1154615384615384 0.2865177853697749 0.3852332556414874 0.9159196228698194 0.008561253430924 0.6261922889610391 0.9999 0.0001 0.3324930079669035 0.2806684468645198 0.2445858102237772 0.4578184949815908 0.5182169530773919 0.1410479682179341
5 0.610535073313783 0.6172966062024576 0.3062525017161688 0.3062526697700818 0.0008335433958061 0.0028753613477553 0.0013668943859842 0.0012249423785221 0.5123128078817735 0.4398268518518519 0.2416742504409171 0.9999 0.0001 0.1539153846153846 0.4493670418006431 0.723866649009429 0.8990832207320762 0.0134779277218664 0.5744575081168831 0.8247563892391762 0.9999 0.3596446822454789 0.3441586852259205 0.3055311879211965 0.5502496948605438 0.554407154174284 0.5404005448354142
1 0.0001 0.0077052662375658 0.118949506488316 0.1189554171460865 0.0068328804543638 0.0067991480807887 0.0051124951793289 0.0062760561406947 0.2414310344827586 0.217649074074074 0.2240410934744268 0.9999 0.0001 0.1154615384615384 0.0001 0.3540921178090899 0.1800579509932439 0.012791880146386 0.224994135551948 0.9884478982765867 0.9999 0.5553783582853749 0.3352174137247124 0.4600075304670439 0.9098892570736876 0.3314779524680073 0.999673030646992
6 0.4498634017595307 0.4587560561732007 0.0432411428394025 0.0432411567149691 0.0006305090630383 0.0025882550014358 0.0011465649275522 0.0009707478386122 0.5664891625615763 0.4814851851851852 0.238147619047619 0.0001 0.9999 0.0001 0.8468960409967845 0.7373187731751245 0.6158888877684783 0.0159934354986276 0.7462981331168832 0.6321719630096679 0.0001 0.3314282364265672 0.3682784861707115 0.2616063798811844 0.3076997377313764 0.5926688482632542 0.3773230646992054
6 0.4621776539589443 0.4657763019309537 0.8013190377760517 0.8013178650467362 0.0008073454173845 0.0011527232698382 0.0007059060106881 0.001139722084857 0.4926123152709359 0.4027972222222222 0.2346209876543209 0.0001 0.9999 0.0001 0.8274063705787782 0.2501824027969064 0.9999 0.008446912168344 0.9218920657467532 0.9999 0.5 0.3564708440002457 0.2806684468645198 0.2534599830934322 0.4998235083472033 0.5318644363193176 0.158184154370034
6 0.0247285043988269 0.028766003510825 0.0104653503453406 0.0104659513373732 0.0009710827825198 0.0017269359624772 0.0011465649275522 0.0006835174966034 0.1774044334975369 0.1574759259259259 0.2275677248677248 0.9999 0.0001 0.9999 0.0622861133440514 0.4093835257972243 0.5462244932943431 0.0076465233302836 0.572733015422078 0.9999 0.9999 0.3746743420648412 0.2670402185280012 0.3055311879211965 0.7267413476572352 0.2467904448507008 0.2807476049943246
2 0.0241421114369501 0.1241243417203042 0.0545239621309659 0.0545385933776279 0.1239247450099244 0.0815425002393031 0.0295139827006776 0.1954433717269464 0.1183029556650246 0.4907425925925926 0.3086802469135802 0.0001 0.9999 0.0001 0.0588703979099678 0.4956042271427058 0.8608736613895331 0.1410827767612076 0.1936489448051948 0.3478656578394283 0.9999 0.8141587953386445 0.7002592441671776 0.541823648061615 0.5693612195490998 0.5696387202925045 0.9999
2 0.0241421114369501 0.1252943826799297 0.1538335058322777 0.1538372858788343 0.045566591550772 0.0244083373217191 0.0062692248360971 0.062496522161191 0.2020300492610837 0.4027972222222222 0.2310943562610229 0.0001 0.9999 0.0001 0.0607791800643086 0.4100190592223752 0.3562856811535747 0.1473715462031107 0.6868538555194806 0.5443374947456915 0.0001 0.725086560714359 0.7020619198730664 0.4241352126235705 0.1779027336460382 0.4954914564290067 0.9999
6 0.9131138416422288 0.9244323581041544 0.1825669510988757 0.1825676852912664 0.0023071796820239 0.0074690628888676 0.0022482122197124 0.0034903530999992 0.5123128078817735 0.4398268518518519 0.8517814814814815 0.9999 0.0001 0.2308230769230769 0.148181310289389 0.5273808984002543 0.9251947665624684 0.0164508005489478 0.3322170048701298 0.6059056746532157 0.0001 0.4565593687918569 0.4076489235873211 0.3282800596426138 0.4624577041408181 0.5548336380255942 0.912630283768445
0 0.2422802932551319 0.2586790520772381 0.010247921296047 0.0102789456841739 0.059372926178981 0.0219200823202833 0.0238404991460525 0.1279081003598948 0.1133778325123152 0.74995 0.8112252204585537 0.0001 0.9999 0.4230923076923077 0.4919630225080385 0.3591763852102977 0.0718815468387617 0.0207957685269899 0.1310600040584415 0.958609394703657 0.9999 0.7486548692321872 0.4390515343839025 0.6147421161387278 0.9639965552025016 0.7787376599634369 0.9999
0 0.8767574780058651 0.8764606787595085 0.2699034942437567 0.2699031763578802 0.0004536727086922 0.0010570211543983 0.0007609883752961 0.0005603448454357 0.4187354679802955 0.3657675925925926 0.8094619047619048 0.9999 0.0001 0.0770076923076923 0.2194090233118971 0.4074769255217714 0.5346305636785318 0.0030728728270814 0.5771964082792208 0.9999 0.9999 0.2964341102258996 0.1962671703148101 0.2616063798811844 0.7325403591062694 0.4742891163924436 0.0880506242905789
0 0.4621776539589443 0.4634362200117027 0.0812796733813529 0.0812801707237857 0.0008073454173845 0.0011527232698382 0.0011465649275522 0.0010381132731794 0.4138103448275862 0.3657675925925926 0.7107162257495591 0.9999 0.0001 0.2308230769230769 0.9714691921221864 0.3311069922661299 0.3949993243924574 0.0039876029277218 0.6097588879870129 0.9999 0.9999 0.3564708440002457 0.2171782085031192 0.3055311879211965 0.8023806274272457 0.4808691529555149 0.1819024517593643
5 0.6990804105571847 0.70270959625512 0.0397809940475076 0.0397810129876292 0.0007483999659358 0.0020140423087967 0.0007609883752961 0.0010790845682107 0.5320133004926109 0.4074259259259259 0.2275677248677248 0.0001 0.9999 0.0001 0.2238293609324759 0.4263310838012501 0.9999 0.0093616422689844 0.5849059050324675 0.9999 0.5 0.3488741085874619 0.2931790162633875 0.2616063798811844 0.4998235083472033 0.546121182205972 0.195747582292849
3 0.641613900293255 0.6418674663545934 0.1156164416253388 0.1156158104233829 0.0001982424190811 0.0005785105771991 0.000430494187648 0.0002776860373988 0.6354408866995074 0.5185148148148148 0.2346209876543209 0.0001 0.9999 0.0385538461538461 0.3827605908360129 0.6305491577497616 0.8558328224261369 0.004330626715462 0.9999 0.8497618957545187 0.0001 0.1904279128351117 0.1962671703148101 0.1827952732054382 0.4277644878196399 0.6462230347349177 0.0351667650397276
0 0.7770706744868034 0.7781772381509655 0.1504690165796044 0.1504691815895393 0.0008204444065953 0.0014398296161577 0.0009813178337281 0.0010651112002211 0.4138103448275862 0.4166833333333333 0.2310943562610229 0.0001 0.9999 0.0001 0.0355631631832797 0.283971596567433 0.5254562367651509 0.0059314043915827 0.5560967329545455 0.9999 0.9999 0.3580680013107502 0.2356015542173019 0.2889801512198557 0.7371291420789833 0.4855604753199268 0.1713483768444948
1 0.0681215835777126 0.0714724985371562 0.1469722830202938 0.1469719910256307 0.000466771697903 0.0011527232698382 0.0006508236460801 0.0006920567770415 0.5517137931034483 0.4444555555555555 0.2275677248677248 0.9999 0.0001 0.1154615384615384 0.1719908561093247 0.5007944167814388 0.9082575476454572 0.0068461344922232 0.7657747564935065 0.9999 0.9999 0.2995465193438057 0.2521140636832426 0.2445858102237772 0.5456609118878298 0.5832252772699573 0.1116554370034052
0 0.8826214076246335 0.8834809245172616 0.1344660691063496 0.134468337091656 0.0018618140488559 0.0032581698095146 0.0025236240427524 0.00251670261934 0.4187354679802955 0.4166833333333333 0.8341483245149912 0.0001 0.9999 0.1923692307692307 0.2199113344051446 0.334496503866935 0.1979025209236664 0.004444967978042 0.2462966923701298 0.9765755359394704 0.9999 0.4366563315378786 0.2356015542173019 0.3859387066475684 0.9009133958743129 0.4959179402803169 0.604292417707151
5 0.6222629325513197 0.6325071386775892 0.2558100405679122 0.2558103594739622 0.0011413696422605 0.0041194888484732 0.0021931298551044 0.0014277287250874 0.4187354679802955 0.4027972222222222 0.238147619047619 0.9999 0.0001 0.1539153846153846 0.4086798432475884 0.7210067485962496 0.8738790259150953 0.0185089432753888 0.5387503652597403 0.5150243169398907 0.0001 0.39033876953325 0.3891895243590206 0.3105082372555005 0.4367907752055278 0.4619210847044485 0.7653271736662883
0 0.2199973607038123 0.2224077823288472 0.0396088530892464 0.039610258649432 0.0014557453833203 0.0022054465396764 0.0017524709382403 0.0021514974337348 0.4433610837438423 0.4907425925925926 0.820041798941799 0.9999 0.0001 0.3961746153846153 0.445449015273312 0.2658588939506303 0.284403317535545 0.004444967978042 0.3658953327922077 0.9999 0.9999 0.4135385032871157 0.2356015542173019 0.3502307253387184 0.8576981540323801 0.5467913711151736 0.3885580476730987
3 0.175431495601173 0.1785312463428905 0.1299491981903634 0.1299485460098199 0.0002244403975028 0.0013441275007179 0.000430494187648 0.0003098592859181 0.5911147783251232 0.4814851851851852 0.2346209876543209 0.0001 0.9999 0.0385538461538461 0.4418323754019292 0.6885945439135502 0.5966328829283049 0.0068461344922232 0.6617979910714286 0.8497618957545187 0.0001 0.2092047494214267 0.2521140636832426 0.1827952732054382 0.2981187622938417 0.6075348567946375 0.0533243132803632
0 0.0335243988269794 0.0381263311878291 0.0021860249277614 0.0021863299562867 0.0009710827825198 0.0016312338470374 0.0009262354691201 0.0010199133926497 0.2709817733990148 0.2778222222222222 0.2346209876543209 0.0001 0.9999 0.6153615384615385 0.0842873392282958 0.3145831232122047 0.7478580518301906 0.008446912168344 0.6617979910714286 0.9999 0.9999 0.3746743420648412 0.2806684468645198 0.2827823161997792 0.6258889746305544 0.3843010237659964 0.2328570715096481
5 0.6586192961876833 0.6646832650672908 0.002214984659442 0.0022146734819776 0.0005846626008005 0.0016312338470374 0.000485576552256 0.000999643383529 0.6403660098522167 0.5231435185185185 0.8306216931216931 0.9999 0.0001 0.1731423076923076 0.6603377009646302 0.4674289119610128 0.4661759705556116 0.0098190073193046 0.9434989448051948 0.9999 0.0001 0.323585784504475 0.3352174137247124 0.2121176063117852 0.2328672769455792 0.6683392687385741 0.1467222020431328
2 0.0229693255131964 0.1118389116442364 0.1721244261494286 0.1721360355098325 0.0720396487458484 0.0721636929261989 0.0245014875213486 0.1099189416697063 0.2168054187192118 0.4861138888888889 0.3122068783068782 0.0001 0.9999 0.0001 0.0559569935691318 0.6100002436698804 0.93920829888071 0.1254180237877401 0.1950691152597402 0.3420870744010088 0.9999 0.765875501259549 0.6822685406224082 0.5213050578815132 0.5301800726282342 0.5511780621572212 0.9999
6 0.6662424046920821 0.6705334698654184 0.3140496784094907 0.3140496810099216 0.0013378544804229 0.0015355317315975 0.0010364001983361 0.0020278935057773 0.4975374384236453 0.453712962962963 0.7741955908289242 0.0001 0.9999 0.0001 0.6223629823151124 0.2565377370484162 0.7758851164666735 0.0079895471180237 0.8208570819805195 0.9999 0.9999 0.4055322403588179 0.3047882478093108 0.2948023598750793 0.6118704947798457 0.562693126142596 0.3382843359818388
4 0.7958352492668622 0.800993036863663 0.4522839512504055 0.4522829042949647 0.0004274747302706 0.0018226380779171 0.000485576552256 0.0006491016087771 0.5714142857142857 0.4907425925925926 0.7495091710758378 0.9999 0.0001 0.1116161538461538 0.3394613745980707 0.5675254264222904 0.4328056166179288 0.0094759835315645 0.7970185064935066 0.8685685582177386 0.0001 0.2898407172261249 0.32569928599762 0.1985011505858595 0.2161762092096635 0.6050368799512492 0.1141520998864926
6 0.0147598240469208 0.0158955529549444 0.0038708497429579 0.0038712293258869 0.0005060686655355 0.0010570211543983 0.0009813178337281 0.0009406447186839 0.7240931034482758 0.5972027777777777 0.2222777777777777 0.0001 0.9999 0.6153615384615385 0.037170558681672 0.394766257018752 0.3475146213572653 0.0034158966148215 0.4926962662337661 0.9999 0.9999 0.3083104081758044 0.1721473693700191 0.2889801512198557 0.8261313612750291 0.7428520901889092 0.1014418161180477
6 0.7301592375366569 0.731375599765945 0.13660323568793 0.1366033439724988 0.0006370585576438 0.0011527232698382 0.0009262354691201 0.000922962370302 0.5123128078817735 0.4305694444444444 0.238147619047619 0.9999 0.0001 0.3077307692307692 0.159433078778135 0.4414779637673482 0.5588265907028336 0.0059314043915827 0.6877668222402599 0.9999 0.9999 0.3324930079669035 0.2356015542173019 0.2827823161997792 0.7204380743430676 0.5542243753808653 0.158184154370034
2 0.0229693255131964 0.1100838502047981 0.1127780798383847 0.1127902381856268 0.0914261527778687 0.0562771417631856 0.0224083576662442 0.141121213624447 0.1626290640394088 0.4861138888888889 0.3086802469135802 0.0001 0.9999 0.0001 0.0559569935691318 0.4980404386057845 0.8884974589089443 0.123131198536139 0.2490355925324675 0.394304455653636 0.9999 0.7871095029389477 0.6792400454365152 0.5249204616432244 0.5555444444444445 0.557514393662401 0.9999
2 0.0241421114369501 0.1217842598010532 0.1513735460712464 0.1513775607797507 0.0433332138903264 0.0258438690533167 0.0076462839512974 0.0594700804164275 0.1872546798029556 0.4166833333333333 0.2310943562610229 0.0001 0.9999 0.0001 0.0607791800643086 0.4488925203941096 0.3867323484924876 0.1423405306495883 0.6255836444805195 0.4593397856242118 0.0001 0.720602234419481 0.6966538927554001 0.4288070655364313 0.193131441973067 0.4957960877513711 0.9999
6 0.6844205865102639 0.6951043300175541 0.0222320898341099 0.0222331357260876 0.0030407230778301 0.003066765578635 0.0015321414798082 0.003775513313417 0.123228078817734 0.4398268518518519 0.2240410934744268 0.0001 0.9999 0.0001 0.2405060892282958 0.3243279690645195 0.9610855399818492 0.0195380146386093 0.7540076298701299 0.9610258932324506 0.9999 0.4819500747537222 0.3955709963578667 0.3322945664169817 0.5192375901548394 0.45180732480195 0.8982177298524404
4 0.3642500293255131 0.3680778818022235 0.1595174693391061 0.159528866090726 0.0064333612834336 0.0117756580836603 0.0090233430664977 0.0090108685201934 0.453211330049261 0.4814851851851852 0.2416742504409171 0.0001 0.9999 0.2308230769230769 0.914908963022508 0.5345836105519653 0.0659333568619542 0.008446912168344 0.0836871753246753 0.9999 0.9999 0.5499521187048149 0.2806684468645198 0.5194504027050508 0.9669717002067888 0.5081031931748934 0.9999
5 0.1812954252199413 0.1978369221767115 0.2879890007194389 0.2879891955052967 0.0018814625326721 0.0043108930793529 0.0016423062090242 0.0027998789595246 0.4975374384236453 0.4444555555555555 0.2416742504409171 0.9999 0.0001 0.1539153846153846 0.4552943127009646 0.6196391672846701 0.6027827064636483 0.0260554666056724 0.7132284496753247 0.6738828289197142 0.0001 0.4376391975751121 0.4390515343839025 0.3055311879211965 0.3011947596711555 0.5475224862888483 0.9042324177071508
5 0.5167121994134898 0.5190131655939145 0.2246341192080795 0.2246335595003392 0.0004929696763247 0.0009613190389585 0.000540658916864 0.0006213273835138 0.3941098522167487 0.375025 0.8129885361552028 0.9999 0.0001 0.0770076923076923 0.9487647307073956 0.3296240809407776 0.8990832207320762 0.0051310155535224 0.9076903612012988 0.9999 0.0001 0.3054846683187581 0.2521140636832426 0.2241141733392819 0.4493973218338629 0.4826360146252285 0.0868022928490351
5 0.5841473900293255 0.5880455822118198 0.124918060975357 0.1249179553019466 0.0008335433958061 0.0014398296161577 0.0008160707399041 0.0011379969776978 0.3891847290640394 0.4120546296296296 0.7036629629629629 0.9999 0.0001 0.1154615384615384 0.7625077773311898 0.3447709609068758 0.9999 0.0075321820677035 0.8096985998376623 0.9248834804539724 0.5 0.3596446822454789 0.2931790162633875 0.2616063798811844 0.4998235083472033 0.5123071054235222 0.195747582292849
6 0.7348503812316716 0.7366407840842598 0.2198740173542011 0.2198735416341832 0.0005846626008005 0.0011527232698382 0.000595741281472 0.0007635624687908 0.3891847290640394 0.4074259259259259 0.8129885361552028 0.9999 0.0001 0.1154615384615384 0.5059272709003215 0.2543133700603877 0.9999 0.0051310155535224 0.7657747564935065 0.9999 0.5 0.323585784504475 0.2521140636832426 0.2348664780332026 0.4998235083472033 0.496892760511883 0.0989451532349602
6 0.0036183577712609 0.0077052662375658 0.0275954937578138 0.0275958386154252 0.0010038302555468 0.0009613190389585 0.0009813178337281 0.0013319852777512 0.3744093596059113 0.4074259259259259 0.8112252204585537 0.0001 0.9999 0.6153615384615385 0.0072328175241157 0.266282582900731 0.6441175859634971 0.0058170631290027 0.9999 0.9999 0.9999 0.3779096094374015 0.2670402185280012 0.2889801512198557 0.6777775205527817 0.4935418159658745 0.2245726901248581
2 0.0505297947214076 0.1235393212404915 0.5637960167858298 0.5637981955120759 0.0285510045659109 0.0155080405858141 0.0049472480855049 0.040881188222339 0.3202330049261083 0.4166833333333333 0.2346209876543209 0.0001 0.9999 0.0001 0.1271847065916398 0.3596000741603983 0.3903617525461328 0.1068947392497712 0.7882946022727273 0.5512717948717948 0.0001 0.6834171360108137 0.6525243914752443 0.4009872378894968 0.1948963585010339 0.5175467641681901 0.9999
6 0.2686679765395894 0.3013855471035693 0.2207726162624936 0.2207734485748674 0.003643276581528 0.0076604671197472 0.0025787064073604 0.0050947890134243 0.4581364532019704 0.3796537037037037 0.2169878306878306 0.9999 0.0001 0.1154615384615384 0.6817361535369776 0.710096758131158 0.4379472723605929 0.0500671317474839 0.7494427962662338 0.5659809163514081 0.0001 0.4984540336289347 0.5352423100501245 0.3361447366567262 0.2187479447218439 0.5091998659354053 0.999786515323496
5 0.2123742521994134 0.2247478642480982 0.2182881639624345 0.218291310524762 0.0067346380352826 0.0045979994256724 0.0032947771472646 0.0091835517468306 0.3744093596059113 0.4398268518518519 0.2416742504409171 0.0001 0.9999 0.0001 0.5333534565916399 0.3338609704417841 0.4515575375617626 0.0202240622140896 0.5237371347402597 0.9642829129886508 0.9999 0.5540883466115059 0.4017361472720061 0.4123264587785004 0.7740915367932617 0.4944557099329677 0.9994460612939842
2 0.0241421114369501 0.1241243417203042 0.128142064721154 0.1281461904535933 0.0421477553667468 0.0265137838613956 0.0076462839512974 0.0579516410948891 0.2118802955665024 0.4120546296296296 0.2310943562610229 0.0001 0.9999 0.0001 0.0607791800643086 0.4876600593283187 0.3835062115559141 0.1457707685269899 0.6240620332792208 0.4669044766708701 0.0001 0.7181450693263973 0.7002592441671776 0.4303095709958437 0.1915178040046401 0.4967099817184643 0.9999
5 0.2282068621700879 0.2341081919251024 0.3132440433207156 0.313243276895837 0.0006239595684329 0.0014398296161577 0.000540658916864 0.0008919104414362 0.4926123152709359 0.4166833333333333 0.7424559082892417 0.9999 0.0001 0.1539153846153846 0.474382134244373 0.3355557262421866 0.5293880911565998 0.0087899359560841 0.9364995332792208 0.883172614543926 0.0001 0.3303429885104553 0.3156043020446432 0.2121176063117852 0.2644844958894437 0.5468522973796466 0.1247061748013621
2 0.0229693255131964 0.1100838502047981 0.1193419262567012 0.1193532277716114 0.08644198738315 0.0546502058007083 0.0204253925403559 0.1320432684758838 0.1478536945812807 0.4814851851851852 0.3051536155202821 0.0001 0.9999 0.0001 0.0560574557877813 0.4923206377794258 0.949794060703842 0.1233598810612991 0.2568465300324675 0.406386948297604 0.9999 0.7821132672496773 0.6792400454365152 0.5181826637236715 0.5248853230443334 0.5517263985374771 0.9999
4 0.3665956011730205 0.369247922761849 0.1501272763416603 0.1501329103037616 0.0036236280977118 0.0053636163491911 0.0048921657208969 0.0052631594721634 0.4679866995073891 0.4166833333333333 0.2416742504409171 0.0001 0.9999 0.2308230769230769 0.92073577170418 0.4093835257972243 0.1062600685691237 0.0067317932296431 0.1634196022727272 0.9999 0.9999 0.497962600610318 0.2521140636832426 0.4566034165355624 0.9468012256014526 0.5292446069469836 0.9762951872871736
2 0.5430998826979472 0.5447540667056758 0.0515962564909545 0.0515961040963971 0.0004995191709301 0.0007699148080788 0.0006508236460801 0.0009856700155394 0.76841921182266 0.6620046296296297 0.2822305114638447 0.0001 0.9999 0.0001 0.6549127411575563 0.3852332556414874 0.8166150952909146 0.0058170631290027 0.9999 0.9999 0.9999 0.3068975382472812 0.2356015542173019 0.2445858102237772 0.5914983154284562 0.7940910786106032 0.0978103064699205
5 0.4797694428152492 0.4827418958455237 0.0502291414980522 0.0502292221658662 0.0008204444065953 0.0011527232698382 0.0008160707399041 0.0011641323511599 0.4236605911330049 0.4444555555555555 0.1394019400352733 0.0001 0.9999 0.0001 0.7339765072347267 0.2889499417311156 0.7838496420288393 0.0079895471180237 0.8437826907467533 0.9999 0.9999 0.3580680013107502 0.2670402185280012 0.2691658604738535 0.6078868260452919 0.5343624131627056 0.1728236776390465
5 0.3865329618768329 0.3990839672322995 0.322658882898315 0.3226585648158134 0.0011937655991038 0.0044065951947927 0.0015321414798082 0.0018261422235074 0.5270881773399015 0.453712962962963 0.2275677248677248 0.9999 0.0001 0.2308230769230769 0.9765927652733118 0.5857440512766183 0.514467207824947 0.0211387923147301 0.5682696225649351 0.4940112862547288 0.0001 0.3946592848219223 0.4076489235873211 0.2691658604738535 0.2570214202854693 0.5701261304082875 0.5727436776390467
5 0.6263676832844575 0.6325071386775892 0.2139573747266089 0.2139571387280208 0.0007745979443574 0.0022054465396764 0.0008711531045121 0.0009931742316819 0.4433610837438423 0.4027972222222222 0.2416742504409171 0.9999 0.0001 0.1539153846153846 0.4110909364951768 0.5560858247695731 0.7626781183825755 0.012677538883806 0.7039973417207793 0.8598481504833965 0.0001 0.3523346160935547 0.3352174137247124 0.2616063798811844 0.3811706914813134 0.4801989640463132 0.2824498751418842
2 0.0241421114369501 0.1217842598010532 0.3399544664800701 0.3399575890026075 0.0405300301992099 0.0253653584761175 0.0079767781389455 0.0563173608276097 0.2266556650246305 0.4166833333333333 0.2310943562610229 0.0001 0.9999 0.0001 0.0607791800643086 0.4110782815976269 0.3395500957950992 0.1423405306495883 0.6376550933441559 0.3797003993274485 0.0001 0.7146436090687529 0.6966538927554001 0.4158244793011952 0.1695319866848237 0.5020105667276051 0.9999
2 0.0229693255131964 0.0398813926272674 0.1026648177956788 0.1026664391438296 0.0045209088586532 0.0108186369292619 0.0043964244394248 0.0075323654293908 0.5911147783251232 0.4768564814814814 0.3051536155202821 0.0001 0.9999 0.0001 0.0560574557877813 0.4385121411166437 0.9423336190380156 0.0253694190301921 0.2791634943181817 0.4146870954182429 0.9999 0.5180704016220534 0.4390515343839025 0.3626029187310682 0.5286168608463206 0.6069865204143814 0.9960415209988648
5 0.2147198240469208 0.2270879461673493 0.0171729171341787 0.0171758189219787 0.0040951917093014 0.0043108930793529 0.0029092005950085 0.006231634631345 0.507387684729064 0.4166833333333333 0.8112252204585537 0.0001 0.9999 0.6153615384615385 0.4360055667202572 0.560640480983155 0.515979459513966 0.0159934354986276 0.5588356331168831 0.9594499159310635 0.9999 0.5091017490322977 0.4017361472720061 0.3989682461784112 0.7418692036112372 0.5542243753808653 0.9984246992054484
6 0.2188245747800586 0.2235778232884727 0.0810892785496653 0.0810912395593302 0.0021041453492561 0.0026839571168756 0.0021931298551044 0.0032926558195535 0.5566389162561576 0.4398268518518519 0.2593074074074074 0.0001 0.9999 0.0001 0.5455093850482315 0.4158447822862591 0.3277545326207522 0.0092473010064043 0.4402514001623376 0.9999 0.9999 0.448020720093391 0.2931790162633875 0.3736369431986286 0.8360148938316437 0.5753048628884827 0.7690721679909194
6 0.2645632258064516 0.2785697483908718 0.0522127290770497 0.0522133459846754 0.0020059029301749 0.0046937015411122 0.0016423062090242 0.0036573434730109 0.6551413793103448 0.5277722222222222 0.2416742504409171 0.9999 0.0001 0.1154615384615384 0.6644566519292605 0.5497304905180634 0.7217465059997983 0.0227395699908508 0.5738488636363637 0.7100252416981925 0.0001 0.4435978229258401 0.4188255129638311 0.3105082372555005 0.3606976597568972 0.6734570749542962 0.8698465607264472
6 0.9805490322580644 0.9993149795201872 0.0085266657545607 0.0085449842877665 0.0349498607953987 0.0233556140518809 0.0218024516555561 0.0398030825031895 0.0936773399014778 0.3842824074074074 0.8605980599647266 0.0001 0.9999 0.0385538461538461 0.0036161776527331 0.4954983049051806 0.1530390541494403 0.0250263952424519 0.1511452719155844 0.6142058217738546 0.9999 0.7014568230692034 0.4691922721863619 0.5630465376758166 0.9234034750592628 0.4112304326630104 0.9999
6 0.1379023460410557 0.2305980690462258 0.0565067795043336 0.0565063888609847 0.0057980603067086 0.0156994448166937 0.0029642829596165 0.008324448381543 0.507387684729064 0.3796537037037037 0.2822305114638447 0.0001 0.9999 0.0001 0.3405664590032154 0.3510203729208602 0.0412332459413129 0.1327358645928636 0.9876256696428573 0.1077917822614544 0.0001 0.5405739385995454 0.6891547618189031 0.2121176063117852 0.0203209007918495 0.5212632663010359 0.9984246992054484
6 0.0077231085043988 0.0141404915155061 0.078483903965727 0.0784847134820762 0.0015932847700339 0.0015355317315975 0.0013668943859842 0.002324008149656 0.4581364532019704 0.4166833333333333 0.2822305114638447 0.0001 0.9999 0.0001 0.0189868971061093 0.3825851997033584 0.6218370777452858 0.0107337374199451 0.8806056818181818 0.9999 0.9999 0.422056675609806 0.3156043020446432 0.3241246929814262 0.6889217077722298 0.5382007678244972 0.5404005448354142
2 0.0229693255131964 0.1094988297249853 0.1174275801638231 0.1174407329715318 0.0940459506200336 0.0663258638843687 0.0233998402291884 0.1459840319401916 0.1429285714285714 0.4907425925925926 0.3051536155202821 0.0001 0.9999 0.0001 0.0560574557877813 0.5189071193982414 0.820042865786024 0.1225594922232387 0.2076477678571428 0.4076477301387137 0.9999 0.7896076207835828 0.6781944935270997 0.5323625589968769 0.5897838250870027 0.5606825594149909 0.9999
6 0.0088958944281524 0.0164805734347571 0.0768789494743412 0.076879376237581 0.0009514342987035 0.0016312338470374 0.0011465649275522 0.0013658836334297 0.5172379310344828 0.4027972222222222 0.2822305114638447 0.0001 0.9999 0.0001 0.0217998392282958 0.6264181904862804 0.8937399314308764 0.0124488563586459 0.9434989448051948 0.9473674232870952 0.9999 0.3726881336145985 0.3352174137247124 0.3002958954610562 0.5529222827457508 0.5376524314442412 0.4716288308740068
3 0.4434130791788856 0.443545523698069 0.0851417924914426 0.0851411288742103 0.0001916929244757 0.0004828084617593 0.000320329458432 0.0002522407068004 0.5467886699507389 0.4861138888888889 0.2310943562610229 0.0001 0.9999 0.0385538461538461 0.8819573553054663 0.4944390825299291 0.8318384289603712 0.0034158966148215 0.9999 0.9999 0.0001 0.1850221496303274 0.1721473693700191 0.1642017681452086 0.4157630554294649 0.5988833272394881 0.0239317820658343
2 0.0229693255131964 0.1217842598010532 0.1316948692503144 0.1316989897825801 0.0432873674280885 0.0301504642481095 0.0094089196187537 0.059201912508528 0.2168054187192118 0.4027972222222222 0.2310943562610229 0.0001 0.9999 0.0001 0.0577653135048231 0.4654163894480348 0.3880429666229706 0.1440556495882891 0.5408806209415584 0.369509079445145 0.0001 0.7205203289163783 0.6984565684612889 0.4303095709958437 0.1937869823977404 0.4940901523461303 0.9999
6 0.2833278005865102 0.29729040374488 0.389330269851611 0.3893299312038978 0.0014360968995041 0.0038323825021537 0.0012016472921602 0.0022504323293156 0.5123128078817735 0.4907425925925926 0.7142428571428572 0.9999 0.0001 0.6153615384615385 0.5947358721864952 0.5576746583324504 0.5131565896944641 0.0187376258005489 0.7029829342532468 0.6997288566624633 0.0001 0.4122689679890224 0.4188255129638311 0.2762088548148496 0.2563658798607958 0.581275636806825 0.6684112599318955
6 0.7770706744868034 0.781687361029842 0.7519153529607119 0.7519149457266977 0.0015867352754285 0.0023011486551163 0.0013118120213762 0.0022505185846736 0.4975374384236453 0.4166833333333333 0.238147619047619 0.0001 0.9999 0.0001 0.0325492966237942 0.2892677084436911 0.7118664616315419 0.0109624199451052 0.5941370129870129 0.908493316519546 0.9999 0.4216676244700677 0.3156043020446432 0.3105082372555005 0.6438911232158168 0.5228473491773309 0.4565353688989784
2 0.0575665102639296 0.1100838502047981 0.1546606296581243 0.1546659489030402 0.0183927384329164 0.0297676557863501 0.0094640019833617 0.0301950981799584 0.5664891625615763 0.4768564814814814 0.2310943562610229 0.0001 0.9999 0.0001 0.145066981511254 0.6843576544125438 0.8926309468589291 0.0775090347666971 0.2911335024350649 0.465328499369483 0.0001 0.6441639236488008 0.6029508095633046 0.4518611336792917 0.4461700458970092 0.5940701523461304 0.9999
0 0.2194109677419354 0.2212377413692217 0.2052861686845853 0.2052861764392301 0.0007549494605412 0.0009613190389585 0.0009262354691201 0.0010604534108912 0.4679866995073891 0.4166833333333333 0.820041798941799 0.0001 0.9999 0.1154615384615384 0.4442434686495177 0.2152280644136031 0.4958161036603812 0.0037589204025617 0.723271083603896 0.9999 0.9999 0.3497545927458169 0.2171782085031192 0.2827823161997792 0.7519544409139053 0.5307068372943327 0.1356007037457434
1 0.0669487976539589 0.072057519016969 0.0864560713781403 0.0864555598781231 0.0004798706871139 0.001248425385278 0.000485576552256 0.0006550532284764 0.5024625615763547 0.4027972222222222 0.2240410934744268 0.9999 0.0001 0.1154615384615384 0.1692783762057877 0.3609770632482255 0.5346305636785318 0.0093616422689844 0.9274713068181818 0.8685685582177386 0.0001 0.3025565465828332 0.2931790162633875 0.1985011505858595 0.2671066575881374 0.5297320170627665 0.0880506242905789
2 0.0739855131964809 0.0942882972498537 0.0054179617915454 0.0054184931508959 0.0026019069392674 0.006607743849909 0.0023583769489284 0.004173926811837 0.5664891625615763 0.453712962962963 0.2310943562610229 0.0001 0.9999 0.0001 0.1865578778135048 0.5104333403962285 0.4829115559140869 0.0312008234217749 0.5506189326298702 0.424563219840269 0.0001 0.4676370880865094 0.4652263856334067 0.3002958954610562 0.2412380239067937 0.5879775258988421 0.942136299659478
1 0.0698807624633431 0.072057519016969 0.089897581193794 0.0898987591064087 0.0009252363202819 0.0020140423087967 0.0016973885736323 0.0014495513306515 0.5467886699507389 0.4768564814814814 0.2275677248677248 0.9999 0.0001 0.1154615384615384 0.1764111937299035 0.4749493908252993 0.2698857013209639 0.0051310155535224 0.3543310876623375 0.9649133039092056 0.9999 0.369944299260655 0.2171782085031192 0.3434224974757555 0.8649595248903013 0.5905364290067031 0.3019692395005675
5 0.1537349560117301 0.1580555295494441 0.0649903634549369 0.0649905765579269 0.0009972807609414 0.0013441275007179 0.0009262354691201 0.0013386269403141 0.3497837438423645 0.4120546296296296 0.816515167548501 0.9999 0.0001 0.3077307692307692 0.3116333400321543 0.2924453755694459 0.7478580518301906 0.006503110704483 0.7970185064935066 0.9999 0.9999 0.3772748417883548 0.2806684468645198 0.2827823161997792 0.6258889746305544 0.4997562949421085 0.2328570715096481
2 0.0012727859237536 0.1299745465184318 0.0018672368175855 0.0018767077462944 0.105219388416867 0.0769487986981908 0.0220778634785962 0.1375999248910635 0.1281532019704433 0.4120546296296296 0.2310943562610229 0.0001 0.9999 0.0385538461538461 0.0031138665594855 0.4970871384680581 0.599354935968539 0.1869336230558096 0.2678021306818181 0.3038433585540143 0.0001 0.7996000921621235 0.7389446648155492 0.5002230281541316 0.2994802693297019 0.4722176234003656 0.9999
6 0.0716399413489736 0.0831729081334113 0.0152376214481699 0.0152373682301658 0.0007091029983033 0.003066765578635 0.0012567296567682 0.0011623209886427 0.6108152709359607 0.4907425925925926 0.238147619047619 0.0001 0.9999 0.0001 0.1801282958199357 0.5934763746159551 0.3697951295754765 0.0185089432753888 0.723271083603896 0.3790700084068936 0.0001 0.3434273926311262 0.3891895243590206 0.2241141733392819 0.1846598426388258 0.6290418281535649 0.2737115550510783
2 0.0229693255131964 0.1217842598010532 0.0996504640223145 0.0996626415842023 0.0778621494500599 0.0627848856130946 0.021361792738692 0.1187167294156134 0.1577039408866995 0.4907425925925926 0.3016269841269841 0.0001 0.9999 0.0001 0.0561579180064308 0.6365867252886959 0.9940526268024604 0.1399393641354071 0.2525860186688311 0.4161580075662043 0.0001 0.772796516271735 0.6984565684612889 0.5249204616432244 0.4968987895294295 0.550751578305911 0.9999
5 0.7119810557184751 0.7155800468110006 0.0277113326845363 0.0277120624748477 0.0014622948779257 0.0018226380779171 0.0012567296567682 0.0019369803584868 0.3448586206896551 0.4166833333333333 0.1429285714285714 0.0001 0.9999 0.0001 0.1245726889067524 0.2815353851043543 0.5874585560149238 0.0097046660567246 0.6448573863636364 0.9999 0.9999 0.4139685071784054 0.2931790162633875 0.3152505201117712 0.7061170373732789 0.4878147471054235 0.4017222701475596
6 0.2557673313782991 0.2627741954359274 0.085887428561656 0.0858889974461072 0.0025036645201863 0.0016312338470374 0.0019177180320643 0.0036553595997778 0.2562064039408867 0.513886111111111 0.8112252204585537 0.0001 0.9999 0.4230923076923077 0.5193892081993569 0.3831148108909842 0.4958161036603812 0.0099333485818847 0.9434989448051948 0.9999 0.9999 0.4640946750773138 0.3352174137247124 0.3596448611078498 0.7519544409139053 0.5343624131627056 0.8440855391600455
2 0.0241421114369501 0.1229543007606787 0.2227078349279393 0.222711514164429 0.0427175613974176 0.0261309753996362 0.0077013663159054 0.0589393511988959 0.2020300492610837 0.4120546296296296 0.2310943562610229 0.0001 0.9999 0.0001 0.0607791800643086 0.4366055408411908 0.3646534738328124 0.1440556495882891 0.6259894074675324 0.4329684321143337 0.0001 0.7193326991213878 0.6984565684612889 0.4241352126235705 0.1820881071266454 0.498476843388178 0.9999
5 0.7665156011730205 0.7729120538326507 0.074410440430819 0.0744114099503211 0.0013116565020012 0.0029710634631951 0.0015872238444162 0.0018825532276137 0.4975374384236453 0.4120546296296296 0.2310943562610229 0.9999 0.0001 0.2308230769230769 0.0489246382636655 0.6360571141010701 0.6896867701925986 0.0134779277218664 0.5560967329545455 0.9248834804539724 0.9999 0.4036484137874536 0.3441586852259205 0.3322945664169817 0.6549848842487517 0.5318035100548446 0.7175501248581158
6 0.919564164222874 0.9244323581041544 0.0146144480730954 0.014615582135323 0.0013444039750283 0.0041194888484732 0.0015872238444162 0.0021546026266214 0.5517137931034483 0.4768564814814814 0.820041798941799 0.0001 0.9999 0.9999 0.1283902532154341 0.5886039516897977 0.5891724412624786 0.0092473010064043 0.3543310876623375 0.962391740226986 0.9999 0.406003197001659 0.32569928599762 0.3361447366567262 0.7052597922025522 0.5961416453382085 0.6636449035187286
6 0.7031851612903226 0.7038796372147454 0.0447120045306394 0.044712247314684 0.0006763555252762 0.0011527232698382 0.0009262354691201 0.0010636448591358 0.561564039408867 0.4814851851851852 0.2240410934744268 0.0001 0.9999 0.0001 0.2182034766881029 0.3145831232122047 0.4958161036603812 0.0051310155535224 0.6097588879870129 0.9999 0.9999 0.3386154443238372 0.2171782085031192 0.2827823161997792 0.7519544409139053 0.6035137233394272 0.1356007037457434
6 0.1724995307917888 0.196666881217086 0.0378783550802025 0.037902022083407 0.0319174447930928 0.038763654637695 0.0202050630819238 0.0477103699335114 0.4729118226600985 0.4444555555555555 0.2222777777777777 0.0001 0.9999 0.9999 0.4367088022508039 0.7095671469435322 0.1366059191287687 0.0372609103385178 0.100424898538961 0.8678331021437579 0.9999 0.6933481782620271 0.4910767552558508 0.5882369807687792 0.9315725172744238 0.5402722608165753 0.9999
6 0.803458357771261 0.8045031597425395 0.0751091709781773 0.0751096773522591 0.0008269939012007 0.0011527232698382 0.0011465649275522 0.0010820172503814 0.4630615763546798 0.3657675925925926 0.2822305114638447 0.0001 0.9999 0.0001 0.0116531551446945 0.3943425680686513 0.4454077140264192 0.0058170631290027 0.6877668222402599 0.9999 0.9999 0.3588665799660024 0.2356015542173019 0.3055311879211965 0.7771675341705755 0.4895206825106643 0.2132242224744608
0 0.7383687390029325 0.7413209479227618 0.1473155636694975 0.1473171966836371 0.0022089372629427 0.0027796592323154 0.0020278827612803 0.0026892995906191 0.3202330049261083 0.4027972222222222 0.2222777777777777 0.0001 0.9999 0.1154615384615384 0.1218602090032154 0.2649055938129039 0.3277545326207522 0.008561253430924 0.3912555194805194 0.9999 0.9999 0.4525459991398202 0.2806684468645198 0.3654670697630732 0.8360148938316437 0.4441306154783668 0.6636449035187286
2 0.0229693255131964 0.1217842598010532 0.1715982986837095 0.171602360810072 0.0414142119709406 0.0276622092466736 0.0083623546912015 0.0568484350665731 0.2020300492610837 0.4074259259259259 0.2275677248677248 0.0001 0.9999 0.0001 0.0578657757234726 0.491155493166649 0.3880429666229706 0.1442843321134491 0.5905865868506495 0.422356851618327 0.0001 0.7165683883916685 0.6984565684612889 0.4303095709958437 0.1937869823977404 0.4959179402803169 0.9999
1 0.2164790029325513 0.2200677004095962 0.0394997919720661 0.0394996572828775 0.0005977615900113 0.0022054465396764 0.0007059060106881 0.0008019461030833 0.4679866995073891 0.3796537037037037 0.2275677248677248 0.9999 0.0001 0.1154615384615384 0.5469158561093247 0.3765476321644242 0.9999 0.0076465233302836 0.4503954748376623 0.9123807271963008 0.5 0.3258996149671288 0.2670402185280012 0.2445858102237772 0.4998235083472033 0.5112713589274832 0.1260679909194098
2 0.0241421114369501 0.1252943826799297 0.2074023856730351 0.207405933270924 0.0415255533792326 0.0262266775150761 0.0081971075973775 0.0570320727236712 0.1971049261083743 0.4120546296296296 0.2310943562610229 0.0001 0.9999 0.0001 0.0607791800643086 0.4486806759190592 0.3448933850962993 0.1473715462031107 0.6383651785714285 0.3893663934426229 0.0001 0.716814104900977 0.7020619198730664 0.4208954352267123 0.1722045745700307 0.4961616453382084 0.9999
6 0.0417339002932551 0.0439765359859567 0.0359332777826952 0.0359361521113063 0.0015932847700339 0.0020140423087967 0.0027990358657925 0.0021224293781021 0.4581364532019704 0.375025 0.2222777777777777 0.0001 0.9999 0.5576807692307693 0.1055853295819935 0.4502695094819366 0.1530390541494403 0.0051310155535224 0.3543310876623375 0.9999 0.9999 0.422056675609806 0.2171782085031192 0.3989682461784112 0.9234034750592628 0.4898253138330287 0.6111014982973892
2 0.4903245161290322 0.5114078993563488 0.1652179922669752 0.1652343099836622 0.0353886769339613 0.0283321240547525 0.0142561677042587 0.054909069598187 0.0444261083743842 0.4907425925925926 0.238147619047619 0.0001 0.9999 0.0001 0.7140849879421222 0.4605439665218773 0.1782432489664212 0.033601989935956 0.1289297483766233 0.8736116855821775 0.9999 0.7025625473610911 0.47683561717933 0.5532098222462253 0.9107969284309276 0.5608044119439366 0.9999
6 0.9353967741935484 0.9466631363370392 0.2404603044892942 0.2404721219095525 0.00939373284508 0.0227814013592418 0.0112817200154261 0.0141327979312517 0.5123128078817735 0.4166833333333333 0.820041798941799 0.0001 0.9999 0.1154615384615384 0.0831822548231511 0.7313871278737155 0.1518292527982252 0.0166794830741079 0.1001205762987013 0.8247563892391762 0.9999 0.5840043316198005 0.4076489235873211 0.523723152605255 0.9240085892974228 0.5452072882388788 0.9999
5 0.0305924340175953 0.0492417203042715 0.0829571812430663 0.0829583693142144 0.0044226664395721 0.0051722121183114 0.0018626356674563 0.0054049632806506 0.2168054187192118 0.4120546296296296 0.816515167548501 0.9999 0.0001 0.0770076923076923 0.0618842644694533 0.3876694671045662 0.8039121811031562 0.0227395699908508 0.6495236607142857 0.8725610340479194 0.0001 0.5160841931718106 0.4526797627204212 0.3434224974757555 0.4017950017652695 0.4434604265691651 0.991842587968218
6 0.796421642228739 0.8039181392627268 0.0732895601777651 0.0732899921947269 0.0015670867916123 0.0021097444242366 0.0015321414798082 0.0021129412887264 0.4236605911330049 0.3796537037037037 0.2822305114638447 0.0001 0.9999 0.0001 0.0131600884244372 0.4294028286894798 0.949491610366038 0.014850022872827 0.8676212662337663 0.6885919503993274 0.0001 0.4205004710508529 0.3606351411777433 0.3002958954610562 0.4746104150905331 0.4962225716026813 0.5763751872871737
6 0.2029919648093841 0.2066122293739028 0.0689067820619278 0.0689080677188326 0.0012789090289742 0.0026839571168756 0.0016973885736323 0.0019960652786898 0.5664891625615763 0.4444555555555555 0.2522541446208112 0.0001 0.9999 0.0001 0.5075346663987138 0.4751612353003496 0.3614273368962388 0.0075321820677035 0.3702572849025974 0.9999 0.9999 0.401252677821697 0.2670402185280012 0.3468735647028436 0.819172547536188 0.5808491529555149 0.4847930533484677
6 0.0141734310850439 0.0235008191925102 0.1500711283512476 0.1500716790458154 0.0016587797160881 0.0023011486551163 0.0012567296567682 0.0026401340365816 0.5270881773399015 0.4768564814814814 0.2275677248677248 0.9999 0.0001 0.3077307692307692 0.0356636254019292 0.4815165695518593 0.9082575476454572 0.0153073879231473 0.7970185064935066 0.9999 0.9999 0.4258448051283101 0.3606351411777433 0.3152505201117712 0.5456609118878298 0.5884649360146252 0.6761282179341658
5 0.7747251026392962 0.77700719719134 0.1193302191311282 0.1193305067387886 0.0008924888472548 0.0018226380779171 0.0010914825629441 0.0010512240875894 0.3891847290640394 0.328737962962963 0.238147619047619 0.9999 0.0001 0.1539153846153846 0.0444038384244373 0.401333435745312 0.6078235454270444 0.0076465233302836 0.5434166396103898 0.9446357292980244 0.9999 0.3664018862514592 0.2670402185280012 0.2948023598750793 0.6959309476975842 0.4358446435100548 0.2428437230419977
2 0.0241421114369501 0.1206142188414277 0.3372216228643992 0.3372245953460481 0.0361025718459512 0.0284278261701924 0.0076462839512974 0.050232994132427 0.2118802955665024 0.4074259259259259 0.2310943562610229 0.0001 0.9999 0.0001 0.0607791800643086 0.4546123212204683 0.3317872037914692 0.1406254117108874 0.5607630073051949 0.3831675493905002 0.0001 0.7043439920535769 0.6948151635353936 0.4123264587785004 0.1656491703232965 0.5027416819012797 0.9999
1 0.1232425219941349 0.1288045055588063 0.1352695476193612 0.135269272753773 0.0004864201817193 0.0015355317315975 0.0006508236460801 0.0007088765718438 0.5517137931034483 0.4398268518518519 0.2275677248677248 0.9999 0.0001 0.1154615384615384 0.3112314911575562 0.6397643924144507 0.7838496420288393 0.0101620311070448 0.8208570819805195 0.9999 0.0001 0.3040308456386836 0.3047882478093108 0.2445858102237772 0.3917601906491148 0.5697605728214504 0.1728236776390465
6 0.7489238123167156 0.7524363370392042 0.0301142202083992 0.0301145613793979 0.0011413696422605 0.0015355317315975 0.0009813178337281 0.0010965081505187 0.2020300492610837 0.2685648148148148 0.2416742504409171 0.9999 0.0001 0.6153615384615385 0.1091015072347267 0.2876788748808137 0.7626781183825755 0.0092473010064043 0.7612099228896104 0.9999 0.9999 0.39033876953325 0.2931790162633875 0.2889801512198557 0.6184763252130933 0.3483545277269957 0.2824498751418842
6 0.1590124926686217 0.1680008777062609 0.1142563355036677 0.1142567075583269 0.0014229979102932 0.0035452761558342 0.0012567296567682 0.0020756789740875 0.5172379310344828 0.4120546296296296 0.238147619047619 0.0001 0.9999 0.0001 0.3998391680064309 0.4907318042165484 0.949491610366038 0.0151930466605672 0.5193751826298701 0.8565911307271964 0.0001 0.4113884838306674 0.3606351411777433 0.3002958954610562 0.4746104150905331 0.5397239244363193 0.5763751872871737
5 0.2798094428152493 0.2832499122293739 0.0869942140516845 0.0869942409071496 0.0008466423850169 0.0016312338470374 0.0008160707399041 0.0010963356398028 0.315307881773399 0.4490842592592592 0.820041798941799 0.9999 0.0001 0.3961746153846153 0.5665059887459807 0.2614101599745736 0.7838496420288393 0.0058170631290027 0.6053969358766234 0.9999 0.9999 0.3612008868044319 0.2670402185280012 0.2691658604738535 0.6078868260452919 0.4836717611212676 0.1728236776390465
2 0.0229693255131964 0.1106688706846108 0.1461441579271284 0.1461544189462603 0.0754715839190844 0.0668043744615679 0.0236752520522285 0.1148788835185146 0.1971049261083743 0.4814851851851852 0.3086802469135802 0.0001 0.9999 0.0001 0.0559569935691318 0.5244150757495497 0.9605814560855096 0.1239315873741994 0.208966497564935 0.3117232450609499 0.0001 0.7700322055420156 0.6802495438318128 0.5096136872754596 0.4801572956070005 0.5498376843388177 0.9999
6 0.3196841642228739 0.3388268578115857 0.0323880212687069 0.032387896988884 0.0011479191368659 0.0043108930793529 0.0015321414798082 0.0015672036389097 0.4876871921182266 0.4120546296296296 0.2346209876543209 0.0001 0.9999 0.0001 0.8053046824758843 0.6487677826040894 0.2835967833014016 0.0302860933211344 0.8234945413961038 0.3772839007986548 0.0001 0.3908916316791938 0.4611523385380982 0.2445858102237772 0.1415454531699198 0.5065800365630713 0.641174937570942
3 0.3794962463343108 0.3879685781158572 0.0368452782689462 0.0368452244855699 0.0005257171493517 0.0021097444242366 0.0007609883752961 0.0007335456042205 0.453211330049261 0.4398268518518519 0.2346209876543209 0.0001 0.9999 0.0385538461538461 0.9559980104501608 0.7635874880813647 0.5966328829283049 0.0151930466605672 0.8676212662337663 0.9191048970155528 0.0001 0.3123852069551682 0.3606351411777433 0.2534599830934322 0.2981187622938417 0.5389928092626447 0.3163817934165721
4 0.0370427565982404 0.0480716793446459 0.4806245146252404 0.480634594153533 0.0133692760705652 0.0122541686608595 0.0086928488788496 0.0163606013166581 0.138003448275862 0.4768564814814814 0.8270950617283951 0.9999 0.0001 0.1116161538461538 0.0747434284565916 0.4448674753681534 0.1442679943531309 0.0139352927721866 0.1663613839285714 0.9664892812105926 0.9999 0.6156403321932538 0.3825196242472323 0.5123135017728415 0.9277905532859234 0.442485606337599 0.9999
6 0.1554941348973607 0.1715110005851375 0.0375167435370095 0.0375265473884536 0.0151048921409995 0.0101487221211831 0.0077564486805134 0.0188613166546517 0.4039600985221674 0.3657675925925926 0.2222777777777777 0.0001 0.9999 0.9999 0.3936105104501607 0.5172123635978388 0.222199364727236 0.0253694190301921 0.2889018060064934 0.9999 0.9999 0.6265542404817006 0.4342203634921208 0.5039323385070561 0.8888111111111112 0.4514417672151127 0.9999
2 0.0241421114369501 0.1241243417203042 0.2082223465865245 0.2082258159638017 0.0413356180356756 0.0262266775150761 0.0074259544928654 0.0565441261636881 0.2069551724137931 0.4120546296296296 0.2310943562610229 0.0001 0.9999 0.0001 0.0607791800643086 0.4343811738531624 0.3431794998487446 0.1457707685269899 0.6310614448051948 0.4275050441361916 0.0001 0.716404577385463 0.7002592441671776 0.4192285932326766 0.1713473293993039 0.4942120048750761 0.9999
1 0.0182781818181818 0.0270109420713867 0.1829887927223194 0.1829986147103975 0.0090662581148094 0.0108186369292619 0.0079767781389455 0.0130523633174373 0.4187354679802955 0.4398268518518519 0.2275677248677248 0.9999 0.0001 0.1154615384615384 0.0460112339228295 0.5248387646996504 0.125717706967833 0.0143926578225068 0.1545942573051948 0.9926505044136192 0.9999 0.5808100169987916 0.3525952075294796 0.5060921901049615 0.937068971604378 0.5216288238878732 0.9999
5 0.2153062170087976 0.2165575775307197 0.0229375981910105 0.0229394902753015 0.0013837009426608 0.0008656169235187 0.0020829651258883 0.0020261683986181 0.4975374384236453 0.4166833333333333 0.0001 0.0001 0.9999 0.0001 0.6010649919614147 0.2495468693717555 0.1824775536956741 0.0049023330283623 0.6955777597402597 0.9999 0.9999 0.4087470313556025 0.1962671703148101 0.3682607908516683 0.9086790285973672 0.5422828275441804 0.3512215891032917
2 0.0241421114369501 0.1106688706846108 0.151339502982409 0.1513516048880176 0.0717449214886048 0.0654645448454101 0.0224634400308522 0.1076164411443061 0.1971049261083743 0.4768564814814814 0.3086802469135802 0.0001 0.9999 0.0001 0.0588703979099678 0.6160378112088145 0.8826500857114047 0.1223308096980786 0.210589549512987 0.3932538041193778 0.9999 0.7655274028713622 0.6781944935270997 0.5249204616432244 0.5584691632622182 0.5417954174283973 0.9999
6 0.2094422873900293 0.2188976594499707 0.0836112398638959 0.0836124269777107 0.0015867352754285 0.0049808078874317 0.0020829651258883 0.0024588252741484 0.5467886699507389 0.4490842592592592 0.2557807760141093 0.0001 0.9999 0.0001 0.52290538585209 0.6610547621570082 0.7217465059997983 0.0158790942360475 0.3874007711038961 0.7727491382934008 0.9999 0.4216676244700677 0.3682784861707115 0.3434224974757555 0.6389493569375094 0.5730505911029861 0.8698465607264472
5 0.6715199413489735 0.6728735517846695 0.0454257540877789 0.0454281523997285 0.0015670867916123 0.0021097444242366 0.0024685416781444 0.0022205017201033 0.4581364532019704 0.4120546296296296 0.2310943562610229 0.9999 0.0001 0.2308230769230769 0.3018885048231511 0.4548241656955186 0.1979025209236664 0.0059314043915827 0.3824301745129869 0.9999 0.9999 0.4205004710508529 0.2356015542173019 0.3859387066475684 0.9009133958743129 0.5224817915904937 0.604292417707151
6 0.5988072140762464 0.6038411351667642 0.0576908166190314 0.0576934280401893 0.0020124524247803 0.0047894036565521 0.0027439535011845 0.0035275291592802 0.6255906403940887 0.5555444444444445 0.2557807760141093 0.0001 0.9999 0.0001 0.4921639469453376 0.6176266447716918 0.313539366743975 0.0108480786825251 0.2838297686688311 0.95703341740227 0.9999 0.4438844921867 0.3156043020446432 0.392653027919318 0.843175412316538 0.6468322973796466 0.9273832917139616
2 0.621090146627566 0.6231468110005851 0.0086495135525145 0.0086492699774007 0.0005846626008005 0.0008656169235187 0.000540658916864 0.0014139278678137 0.9604990147783252 0.8147518518518518 0.2822305114638447 0.0001 0.9999 0.0001 0.4607192725080386 0.1649150015891513 0.8990832207320762 0.0066174519670631 0.9999 0.9999 0.0001 0.323585784504475 0.2521140636832426 0.2241141733392819 0.4493973218338629 0.9691322364411944 0.0868022928490351
1 0.0200373607038123 0.0223307782328847 0.0343244722631604 0.0343244221694406 0.0004733211925084 0.0011527232698382 0.0007059060106881 0.0005621562079528 0.4187354679802955 0.3055944444444444 0.2240410934744268 0.9999 0.0001 0.1154615384615384 0.0505320337620578 0.4083243034219727 0.66387767470001 0.0051310155535224 0.6097588879870129 0.9999 0.9999 0.3010617711512073 0.2171782085031192 0.2534599830934322 0.667893987996167 0.451868251066423 0.0940653121452894
5 0.2323116129032258 0.2422984786424809 0.3166653737488684 0.3166651414594043 0.0015998342646394 0.0023968507705561 0.0009262354691201 0.002243100623889 0.2759068965517241 0.4814851851851852 0.2275677248677248 0.9999 0.0001 0.6153615384615385 0.5868998191318328 0.3178667125754847 0.6791010083694665 0.016908165599268 0.8437826907467533 0.9342342791088692 0.0001 0.4224457267495443 0.3755612960225019 0.2762088548148496 0.3393673828617542 0.516571943936624 0.4847930533484677
5 0.2106150733137829 0.2142174956114687 0.0498768494429798 0.0498767765855366 0.0006370585576438 0.0011527232698382 0.0007059060106881 0.0008997596790106 0.4285857142857142 0.4490842592592592 0.707189594356261 0.9999 0.0001 0.1154615384615384 0.4431383842443729 0.3852332556414874 0.9159196228698194 0.0061600869167429 0.8437826907467533 0.9999 0.9999 0.3324930079669035 0.2670402185280012 0.2534599830934322 0.5418285217128158 0.5389928092626447 0.1410479682179341
6 0.5219897360703812 0.5500192510239906 0.1542859246192246 0.1542869312673754 0.0023464766496564 0.0081389776969464 0.0031295300534405 0.0040179771246442 0.6058901477832512 0.4907425925925926 0.823568430335097 0.0001 0.9999 0.1154615384615384 0.8896929461414791 0.8176078292191971 0.514467207824947 0.0348597438243366 0.6224389813311688 0.4745742328709542 0.0001 0.4581155733508099 0.5161700010818218 0.3398540470096508 0.2570214202854693 0.6295901645338208 0.999559545970488
5 0.3490038123167155 0.3528673493270918 0.0104232200973904 0.0104232049874862 0.0007418504713304 0.0013441275007179 0.0007059060106881 0.0010485501714926 0.4187354679802955 0.4398268518518519 0.820041798941799 0.9999 0.0001 0.0770076923076923 0.7066507837620579 0.3237983578768937 0.9999 0.006503110704483 0.7970185064935066 0.9999 0.5 0.3479936244291068 0.2806684468645198 0.2534599830934322 0.4998235083472033 0.5347888970140159 0.158184154370034
5 0.2182381818181818 0.220652720889409 0.0867330373226179 0.086732602437661 0.0003357818057948 0.0009613190389585 0.000485576552256 0.0004496792211722 0.4729118226600985 0.4074259259259259 0.816515167548501 0.9999 0.0001 0.0770076923076923 0.4423346864951769 0.5002648055938129 0.8878925582333368 0.004444967978042 0.8154807224025975 0.9999 0.0001 0.2619518934196244 0.2356015542173019 0.2121176063117852 0.4438000151308822 0.5385663254113346 0.0662615664018161
6 0.0745719061583577 0.0837579286132241 0.0112991749601666 0.0113103265334295 0.0099045934243021 0.0159865511630133 0.0096292490771858 0.0135515230739552 0.4433610837438423 0.3796537037037037 0.2910470899470899 0.0001 0.9999 0.6922692307692307 0.1834435490353697 0.5536496133064943 0.1201727841080972 0.014850022872827 0.1063084618506493 0.8972513451029844 0.9999 0.5887548507997625 0.3606351411777433 0.5156237091131096 0.9398424118626116 0.4954305301645337 0.9999
2 0.0229693255131964 0.1147640140433001 0.1209834655155027 0.1209930701778172 0.0707952447708201 0.0546502058007083 0.0200398159880998 0.1074998239003434 0.1872546798029556 0.4814851851851852 0.3086802469135802 0.0001 0.9999 0.0001 0.0559569935691318 0.5483535014302362 0.8620834627407482 0.1296486505032021 0.271048234577922 0.3515429382093317 0.0001 0.7643397730763716 0.6872078720565432 0.5032045624251531 0.4309413375699804 0.5484973065204144 0.9999
2 0.0241421114369501 0.127049444119368 0.0941813108656385 0.0941908777373151 0.0744105657930076 0.0568513544558246 0.0197093218004517 0.1124294901185075 0.1330783251231527 0.4907425925925926 0.3051536155202821 0.0001 0.9999 0.0001 0.0589708601286173 0.5754695942366777 0.7646944539679339 0.1454277447392497 0.2923507913961038 0.3554303488860866 0.0001 0.7687626702439224 0.7046938264036638 0.5024767863432502 0.3821792152115802 0.5457556246191346 0.9999
5 0.4258212903225806 0.4295050321825628 0.0986685288648773 0.0986682305510652 0.0006370585576438 0.0010570211543983 0.000595741281472 0.0008503353588992 0.4138103448275862 0.4074259259259259 0.2205144620811287 0.9999 0.0001 0.1539153846153846 0.9125983319935692 0.3178667125754847 0.8318384289603712 0.008561253430924 0.9999 0.9999 0.0001 0.3324930079669035 0.2806684468645198 0.2348664780332026 0.4157630554294649 0.5065191102985985 0.1247061748013621
6 0.6363363636363636 0.6430375073142188 0.0746831702443326 0.0746829070374412 0.0007156524929087 0.0023011486551163 0.0009262354691201 0.0008775920520147 0.4236605911330049 0.4120546296296296 0.2310943562610229 0.9999 0.0001 0.9999 0.3774360932475884 0.4944390825299291 0.5518702329333468 0.0134779277218664 0.7158659090909091 0.6059056746532157 0.0001 0.3443693059168083 0.3441586852259205 0.2348664780332026 0.2757295354819186 0.4588138452163315 0.2132242224744608
3 0.1801226392961876 0.1843814511410181 0.1118888774387758 0.1118884057336864 0.0004078262464543 0.0017269359624772 0.0007059060106881 0.0006009711190351 0.5812645320197044 0.453712962962963 0.2310943562610229 0.0001 0.9999 0.0385538461538461 0.4542896905144695 0.518695274923191 0.66387767470001 0.008446912168344 0.6261922889610391 0.649717843631778 0.0001 0.2845578122759948 0.2806684468645198 0.2121176063117852 0.3317530286982397 0.5879165996343693 0.0940653121452894
2 0.0229693255131964 0.1094988297249853 0.1844317729697574 0.1844425941116255 0.0554759768887607 0.060775141188858 0.02114146328026 0.0838354939331373 0.1872546798029556 0.4814851851851852 0.3051536155202821 0.0001 0.9999 0.0001 0.0560574557877813 0.6816036762368896 0.9740909045074116 0.1225594922232387 0.2279359172077922 0.3771788356452291 0.9999 0.7426143383783563 0.6781944935270997 0.5149663629746166 0.5127326120946184 0.5459384034125534 0.9999
6 0.7553741348973606 0.7594565827969574 0.1065163080680773 0.1065171535743713 0.0011282706530497 0.0023011486551163 0.0016423062090242 0.0016753678577923 0.5172379310344828 0.421312037037037 0.8112252204585537 0.9999 0.0001 0.1539153846153846 0.4586095659163987 0.5781176501748067 0.5563061712211356 0.0078752058554437 0.5535607142857143 0.8550151534258091 0.9999 0.3892330452413624 0.3047882478093108 0.3282800596426138 0.7216987290059012 0.5536760390006094 0.5220160272417708
6 0.6304724340175953 0.6319221181977764 0.0293062745027347 0.0293060006927064 0.0004405737194814 0.0010570211543983 0.000595741281472 0.0006506542052204 0.561564039408867 0.4444555555555555 0.2452008818342151 0.0001 0.9999 0.5576807692307693 0.4149085008038585 0.3531388176713635 0.9999 0.0059314043915827 0.7462981331168832 0.8948348465741909 0.5 0.2931988428533393 0.2356015542173019 0.2241141733392819 0.4998235083472033 0.5842000975015235 0.0763617026106697
2 0.0464250439882698 0.124709362200117 0.5624292098751794 0.5624315446428957 0.0290160186828951 0.016752168086532 0.0049472480855049 0.0412527763044332 0.3350083743842364 0.4166833333333333 0.2310943562610229 0.0001 0.9999 0.0001 0.1170380225080386 0.419657982837165 0.3789694564888575 0.1145556038426349 0.7808894277597404 0.5749114543926019 0.0001 0.6848504823151125 0.6630880711117523 0.4049078380726512 0.1892486256115398 0.5138302620353443 0.9999
2 0.0229693255131964 0.122369280280866 0.2210677590598345 0.2210721338809247 0.041230826121989 0.0314902938642672 0.0096843314417938 0.0569967080269074 0.2020300492610837 0.4490842592592592 0.2275677248677248 0.0001 0.9999 0.0001 0.0578657757234726 0.5354309884521665 0.4146585963497025 0.1450847209515096 0.5203895900974026 0.3874752206809584 0.0001 0.7161793372519303 0.6993939598283511 0.4375403785192664 0.2070994956372623 0.4993907373552712 0.9999
2 0.0229693255131964 0.1077437682855471 0.1226242345686744 0.1226360704224831 0.089238621579661 0.0553201206087872 0.0197093218004517 0.1361050332822484 0.1478536945812807 0.4814851851851852 0.3051536155202821 0.0001 0.9999 0.0001 0.0560574557877813 0.483317247589787 0.8858762226479783 0.1200439844464775 0.2464995738636363 0.4436850777637663 0.9999 0.7849390071067237 0.675093891312971 0.5225258435672858 0.5568555252937913 0.5508734308348568 0.9999
6 0.4217165395894428 0.5400739028671738 0.3607628809187987 0.3607628921664393 0.010140375230097 0.0227814013592418 0.0066548013883532 0.0150409805952189 0.4778369458128079 0.4398268518518519 0.2310943562610229 0.9999 0.0001 0.2308230769230769 0.6378341639871383 0.6479204047038882 0.0837779267923767 0.1735556953339432 0.8683313514610389 0.1155666036149642 0.0001 0.5908639175046594 0.7273354332696259 0.3002958954610562 0.0416511776869925 0.5373478001218769 0.9999
0 0.7389551319648094 0.7413209479227618 0.0421586958472758 0.0421601746957545 0.0014491958887149 0.0022054465396764 0.0018075533028483 0.0020172840967481 0.4138103448275862 0.4120546296296296 0.2169878306878306 0.0001 0.9999 0.0385538461538461 0.1176407958199357 0.433427873715436 0.3383402944438842 0.0077608645928636 0.4503954748376623 0.9999 0.9999 0.4131289757716017 0.2670402185280012 0.3534470260877733 0.8307705704342563 0.5138302620353443 0.5257610215664018
6 0.2962284457478006 0.3031406085430076 0.1534747440499149 0.1534739033945696 0.0002768363543461 0.0016312338470374 0.00037541182304 0.0003793811044343 0.5714142857142857 0.4120546296296296 0.2310943562610229 0.0001 0.9999 0.0385538461538461 0.747237520096463 0.6075640322068017 0.2289540889381869 0.012677538883806 0.9434989448051948 0.649717843631778 0.0001 0.2379126282589551 0.3352174137247124 0.1414528964237912 0.1142144600796893 0.5720757708714199 0.0618356640181611
6 0.1601852785923753 0.1720960210649502 0.0360339436585106 0.0360337370217691 0.0007025535036979 0.0027796592323154 0.0010364001983361 0.0011028910470078 0.5763394088669951 0.4907425925925926 0.2452008818342151 0.0001 0.9999 0.0001 0.4016474879421222 0.6610547621570082 0.3949993243924574 0.0193093321134492 0.8307982751623377 0.532990458175704 0.0001 0.3424854793454441 0.3955709963578667 0.2348664780332026 0.1972663892671609 0.6008329677026204 0.3346528263337117
6 0.0001 0.0135554710356933 0.1043205288380687 0.1043196831083783 0.0004995191709301 0.0025882550014358 0.000430494187648 0.0006861051573422 0.3941098522167487 0.5509157407407408 0.816515167548501 0.9999 0.0001 0.1154615384615384 0.0001 0.235459211780909 0.1037396490874256 0.0166794830741079 0.963685653409091 0.3995577133249264 0.0001 0.3068975382472812 0.4076489235873211 0.1121070866696409 0.0515851364301205 0.5316816575258988 0.0763617026106697
0 0.9213233431085044 0.9250173785839672 0.0527112061606589 0.052717752913342 0.0057260158660491 0.0073733607734277 0.005442989366977 0.0078547017020896 0.4482862068965517 0.4120546296296296 0.8270950617283951 0.0001 0.9999 0.1923692307692307 0.1316050442122186 0.3945544125437016 0.1357993848946253 0.0077608645928636 0.1675786728896104 0.9999 0.9999 0.5394477379318819 0.3047882478093108 0.467567011059713 0.932026352953044 0.4978066544789762 0.9989921225879682
1 0.0182781818181818 0.0270109420713867 0.1264469191505182 0.1264497380164561 0.0030014261101976 0.0067991480807887 0.0030744476888325 0.004066538891176 0.4482862068965517 0.375025 0.2240410934744268 0.9999 0.0001 0.1154615384615384 0.0461116961414791 0.5729274605360737 0.3673755268730462 0.0143926578225068 0.2531946631493507 0.9235176334594368 0.9999 0.4807624449587319 0.3525952075294796 0.4009872378894968 0.8161974025319009 0.4939682998171846 0.9867357775255392
6 0.3237889149560117 0.3470171445289643 0.0928805105774624 0.0928821462467205 0.0054836845656488 0.0094788073131042 0.0034049418764806 0.0081308051029215 0.4926123152709359 0.4490842592592592 0.823568430335097 0.9999 0.0001 0.1539153846153846 0.6548122789389067 0.5051372285199703 0.7758851164666735 0.0287996569075937 0.4419758928571428 0.5521123160992013 0.0001 0.5355367501587237 0.4876156179005446 0.3626029187310682 0.3877765219145609 0.5386881779402802 0.999673030646992
5 0.7846937829912024 0.7851974839087185 0.0001877264212346 0.0001878803337316 0.0004798706871139 0.0011527232698382 0.0008160707399041 0.0005594822918561 0.4236605911330049 0.3009657407407407 0.2452008818342151 0.0001 0.9999 0.5576807692307693 0.0295354300643086 0.4918969488293251 0.5677992840576788 0.0051310155535224 0.6097588879870129 0.9999 0.9999 0.3025565465828332 0.2171782085031192 0.2691658604738535 0.7159501437433803 0.4418763436928702 0.1141520998864926
2 0.0546345454545454 0.098383440608543 0.0718487365060905 0.071854176961225 0.0138932356389982 0.0302461663635493 0.0101800727232659 0.0228144859653439 0.5664891625615763 0.453712962962963 0.2310943562610229 0.0001 0.9999 0.0001 0.1377332395498392 0.7228074266341774 0.9399140163355854 0.0649314958828911 0.2382828733766233 0.4288708911307272 0.9999 0.619080363323571 0.575730406404385 0.4518611336792917 0.5298270893226409 0.5946184887263863 0.9999
0 0.4862197653958944 0.4862520187244002 0.1192662920638545 0.1192665797650837 0.0005519151277734 0.000674212692639 0.0010914825629441 0.0007660638741717 0.4876871921182266 0.4074259259259259 0.6983730158730158 0.9999 0.0001 0.2308230769230769 0.9755881430868169 0.3629895857612035 0.3277545326207522 0.0026155077767612 0.7462981331168832 0.9446357292980244 0.9999 0.3175452536506441 0.1721473693700191 0.2948023598750793 0.8360148938316437 0.5338750030469226 0.1090452894438138
5 0.2270340762463343 0.2335231714452896 0.1034850097708572 0.1034854746117547 0.0015998342646394 0.0023011486551163 0.0011465649275522 0.0021044020082883 0.3202330049261083 0.4120546296296296 0.823568430335097 0.9999 0.0001 0.1539153846153846 0.4591118770096463 0.2946697425574743 0.7982664414641526 0.0091329597438243 0.6347133116883117 0.9999 0.9999 0.4224457267495443 0.32569928599762 0.3055311879211965 0.6006758813738842 0.4834280560633759 0.4660680817253121
0 0.2645632258064516 0.2703794616734933 0.0279376190985728 0.0279416604370336 0.0048549330835293 0.0027796592323154 0.0037905184287367 0.0060523097421449 0.1774044334975369 0.4444555555555555 0.8112252204585537 0.0001 0.9999 0.4230923076923077 0.537271483118971 0.2684010276512342 0.2244173338711304 0.008561253430924 0.4926962662337661 0.953566267339218 0.9999 0.5245204599913982 0.3156043020446432 0.425708148026393 0.8877017350078177 0.4522338086532602 0.9871897162315552
1 0.0405611143695014 0.0451465769455822 0.1537609524619501 0.1537611896739904 0.0008662908688332 0.0018226380779171 0.0010364001983361 0.0010717528627841 0.4138103448275862 0.3703962962962963 0.2205144620811287 0.9999 0.0001 0.1154615384615384 0.1026719252411575 0.4757967687255006 0.66387767470001 0.008561253430924 0.5941370129870129 0.9999 0.9999 0.3634737645155345 0.2806684468645198 0.2948023598750793 0.667893987996167 0.4600323705057891 0.2737115550510783
5 0.5671419941348973 0.5722500292568754 0.1274169161206934 0.127417576994258 0.0015474383077961 0.0022054465396764 0.0013118120213762 0.0019199017976106 0.3103827586206896 0.4027972222222222 0.7495091710758378 0.9999 0.0001 0.1116161538461538 0.8149490554662381 0.3746410318889713 0.6492592417061612 0.0087899359560841 0.6194971996753247 0.9999 0.9999 0.4193128412558625 0.3156043020446432 0.3197815131378119 0.6752057850406012 0.4550973430834856 0.5128237684449489
6 0.2018191788856304 0.2042721474546518 0.1750368046974069 0.1750362405638778 0.0003881777626381 0.0008656169235187 0.000485576552256 0.0005099717163867 0.4679866995073891 0.4166833333333333 0.2240410934744268 0.9999 0.0001 0.1539153846153846 0.5105485329581994 0.3825851997033584 0.8878925582333368 0.0059314043915827 0.8984592532467532 0.9999 0.0001 0.2789472853134536 0.2356015542173019 0.2121176063117852 0.4438000151308822 0.51712028031688 0.0662615664018161
6 0.3032651612903225 0.3639827384435342 0.0752196954860542 0.0752199706370125 0.0063416683589578 0.0129240834689384 0.0044515068040328 0.0090968651120802 0.4876871921182266 0.3796537037037037 0.7741955908289242 0.0001 0.9999 0.0001 0.6235685289389068 0.5133991630469329 0.1490063829787234 0.073164066788655 0.7985401176948052 0.1725119167717528 0.0001 0.548662107030946 0.6261332191410335 0.2889801512198557 0.0742264941746104 0.5205321511273614 0.9999
2 0.0751582991202346 0.1083287887653598 0.1778922650493427 0.1778977043314489 0.0142338093584796 0.0246954436680386 0.0082521899619855 0.0233076941021626 0.5714142857142857 0.453712962962963 0.2310943562610229 0.0001 0.9999 0.0001 0.1894712821543408 0.6232405233605255 0.7068256226681456 0.0497241079597438 0.2243854910714285 0.555684531315679 0.9999 0.6212508591557948 0.5352423100501245 0.4542557517552305 0.6464124325414838 0.5929125533211456 0.9999
5 0.3994336070381231 0.4025940901111761 0.0430768579785653 0.0430771801763936 0.0010496767177847 0.0015355317315975 0.0009813178337281 0.0013557917565483 0.38425960591133 0.375025 0.2310943562610229 0.0001 0.9999 0.0385538461538461 0.9854334405144696 0.2266676660663206 0.6441175859634971 0.0076465233302836 0.6419156047077923 0.9999 0.9999 0.3822506011018494 0.2670402185280012 0.2889801512198557 0.6777775205527817 0.4789195124923827 0.2245726901248581
2 0.0217965395894428 0.1217842598010532 0.2175143383661703 0.2175184103065349 0.0421739533451684 0.0262266775150761 0.0074259544928654 0.0577078834532925 0.1823295566502463 0.3796537037037037 0.2275677248677248 0.0001 0.9999 0.0001 0.0549523713826366 0.4956042271427058 0.3892527679741857 0.14599945105215 0.6310614448051948 0.4902289407313998 0.0001 0.7181860220779487 0.7002592441671776 0.4318120764552562 0.1943920966359005 0.4943338574040219 0.9999
5 0.7383687390029325 0.7594565827969574 0.3021597830405158 0.3021655795777325 0.0158056880637786 0.0090959988513448 0.0052777422731529 0.0225207864714881 0.3399334975369458 0.4398268518518519 0.7706689594356261 0.0001 0.9999 0.0001 0.4372111133440514 0.4236830278631211 0.4579089946556418 0.0278849268069533 0.4398456371753246 0.97783631778058 0.9999 0.6306085628852889 0.480513075619343 0.4622378120083593 0.7709146870429213 0.5154752711761121 0.9999
2 0.0241421114369501 0.1217842598010532 0.1486407024555754 0.1486444130822909 0.042612769483731 0.0279493155929932 0.0074810368574734 0.0583936998044372 0.2020300492610837 0.4074259259259259 0.2310943562610229 0.0001 0.9999 0.0001 0.0607791800643086 0.4209290496874669 0.3631412221437934 0.1423405306495883 0.5775007305194805 0.4395875367801597 0.0001 0.719107458987855 0.6966538927554001 0.4225153239251414 0.1813317143289453 0.4950649725776965 0.9999
5 0.0141734310850439 0.0170655939145699 0.1605546282402003 0.1605545474266634 0.0007025535036979 0.0011527232698382 0.0008160707399041 0.0008498178267514 0.38425960591133 0.3333666666666666 0.816515167548501 0.9999 0.0001 0.0770076923076923 0.028631270096463 0.2691424833139104 0.6398832812342442 0.004444967978042 0.6877668222402599 0.9999 0.9999 0.3424854793454441 0.2356015542173019 0.2691658604738535 0.679895420386342 0.452294734917733 0.1327635868331441
2 0.0229693255131964 0.124709362200117 0.1043003494505679 0.1043100555520975 0.0673895075760057 0.0527361634919115 0.0176161919453473 0.1025331541336141 0.123228078817734 0.4814851851851852 0.3051536155202821 0.0001 0.9999 0.0001 0.0560574557877813 0.6224990676978494 0.7846561762629828 0.1437126258005489 0.3126389407467532 0.4103794241277848 0.0001 0.7599373522845966 0.7029272042118928 0.5039323385070561 0.3921636001412216 0.5495939792809263 0.9999
0 0.0950956598240469 0.098383440608543 0.038552670109096 0.0385571580332067 0.002562609971635 0.0031624676940748 0.0040108478871687 0.0038152770334368 0.3793344827586207 0.453712962962963 0.2222777777777777 0.0001 0.9999 0.1154615384615384 0.2407070136655948 0.4953923826676555 0.133682232529999 0.0068461344922232 0.2838297686688311 0.9852959436738126 0.9999 0.466244694533762 0.2521140636832426 0.434723180782868 0.9330348766833106 0.5449635831809873 0.9296529852440408
6 0.2153062170087976 0.244638560561732 0.0218918129868625 0.021892243213295 0.0024119715957105 0.0110100411601416 0.0032396947826566 0.0041222598524186 0.6058901477832512 0.4907425925925926 0.2346209876543209 0.0001 0.9999 0.0001 0.5422945940514469 0.6794852314863863 0.3217055258646768 0.0445787511436413 0.4664231128246753 0.2752656368221942 0.0001 0.4606546439469965 0.5190542822112438 0.2948023598750793 0.1606065516719625 0.6280060816575258 0.9884380476730988
3 0.4023655718475073 0.4025940901111761 0.0696695937176858 0.0696689527468213 0.0002047919136865 0.0004828084617593 0.000320329458432 0.00027509837666 0.5566389162561576 0.4768564814814814 0.2310943562610229 0.0001 0.9999 0.0385538461538461 0.9854334405144696 0.4237889501006463 0.8318384289603712 0.0034158966148215 0.9999 0.9999 0.0001 0.1955060540274848 0.1721473693700191 0.1642017681452086 0.4157630554294649 0.6023561243144424 0.0239317820658343
2 0.0241421114369501 0.1252943826799297 0.0687466563114915 0.0687566455136473 0.0979952958670972 0.0688141188858045 0.0258785466365489 0.1496993952289865 0.1330783251231527 0.4861138888888889 0.3051536155202821 0.0001 0.9999 0.0001 0.0589708601286173 0.4337456404280114 0.8062309670263184 0.1429122369624885 0.2348338879870129 0.2695921185372005 0.0001 0.7932728920474327 0.7020619198730664 0.5060921901049615 0.4029548040550764 0.5517263985374771 0.9999
1 0.1144466275659824 0.1200291983616149 0.1282919467367139 0.1282917591045598 0.0007353009767249 0.0014398296161577 0.0007609883752961 0.0011183307560828 0.5467886699507389 0.4398268518518519 0.2310943562610229 0.9999 0.0001 0.1154615384615384 0.2886274919614148 0.4351226295158386 0.8558328224261369 0.0101620311070448 0.8730990665584416 0.9191048970155528 0.0001 0.3470926638949761 0.3047882478093108 0.2534599830934322 0.4277644878196399 0.5790822912858014 0.1942722814982974
6 0.4498634017595307 0.4564159742539497 0.0030697588673986 0.0030702166433196 0.0012789090289742 0.0020140423087967 0.0010364001983361 0.0013518240100821 0.3547088669950739 0.2593074074074074 0.7107162257495591 0.0001 0.9999 0.3846384615384615 0.9455499397106112 0.4292969064519547 0.9438458707270344 0.0102763723696248 0.7693251826298703 0.9999 0.9999 0.401252677821697 0.3352174137247124 0.2948023598750793 0.5278604680486206 0.385519549055454 0.4396261520998864
5 0.354281348973607 0.3756831480397893 0.3416896627434558 0.3416923976239676 0.0068656279273908 0.0063206375035895 0.0030744476888325 0.0085285285584778 0.2266556650246305 0.4074259259259259 0.2275677248677248 0.9999 0.0001 0.6153615384615385 0.8951179059485531 0.5758932831867782 0.7758851164666735 0.0338306724611162 0.6214245738636364 0.9807781420765028 0.9999 0.5558083621766645 0.47683561717933 0.4068094465447202 0.6118704947798457 0.4499795368677635 0.9999
0 0.0200373607038123 0.0211607372732592 0.0700297418701822 0.0700297165357776 0.0004209252356652 0.000674212692639 0.0007609883752961 0.0005415411774003 0.4679866995073891 0.3657675925925926 0.7530358024691358 0.9999 0.0001 0.2308230769230769 0.0413899718649517 0.3668027863121093 0.4570016436422305 0.0025011665141811 0.7462981331168832 0.9999 0.9999 0.2881207016609662 0.1721473693700191 0.2616063798811844 0.7713685227215414 0.5005483363802559 0.0729571623155505
6 0.6240221114369501 0.6289970157987127 0.0309008312181181 0.0309042520557788 0.0028311392504569 0.0037366803867138 0.0033498595118726 0.0039262014237741 0.4778369458128079 0.3796537037037037 0.2222777777777777 0.0001 0.9999 0.1154615384615384 0.4069719855305466 0.5401974891407989 0.2570819703539376 0.0110767612076852 0.3658953327922077 0.9473674232870952 0.9999 0.475397634505499 0.3156043020446432 0.4123264587785004 0.8713636505774953 0.506214478976234 0.9720962542565268
6 0.8491970087976539 0.8565699824458748 0.4063793876318288 0.4063785619069395 0.0006305090630383 0.0023968507705561 0.0007609883752961 0.0009912766138068 0.5664891625615763 0.4907425925925926 0.7459825396825397 0.9999 0.0001 0.1116161538461538 0.221719654340836 0.5709149380230958 0.4454077140264192 0.0122201738334858 0.7657747564935065 0.6766145229087852 0.0001 0.3314282364265672 0.3606351411777433 0.2241141733392819 0.2224794825238311 0.6063163315051797 0.2132242224744608
1 0.1021323753665689 0.1112538911644236 0.0253313202678787 0.0253312833372672 0.0008335433958061 0.0035452761558342 0.0012016472921602 0.0012510777519841 0.5221630541871921 0.4490842592592592 0.2240410934744268 0.9999 0.0001 0.1154615384615384 0.2582879019292604 0.5561917470070983 0.5966328829283049 0.0153073879231473 0.5193751826298701 0.549590752416982 0.0001 0.3596446822454789 0.3606351411777433 0.2534599830934322 0.2981187622938417 0.5670798171846435 0.3163817934165721
5 0.4856333724340176 0.4874220596840257 0.1883823887067116 0.1883820361008516 0.0005257171493517 0.0011527232698382 0.0006508236460801 0.0007777083474964 0.5517137931034483 0.4490842592592592 0.2169878306878306 0.0001 0.9999 0.0001 0.7636128617363345 0.3424406716813221 0.8166150952909146 0.0060457456541628 0.6877668222402599 0.9999 0.9999 0.3123852069551682 0.2356015542173019 0.2445858102237772 0.5914983154284562 0.5753657891529556 0.0978103064699205
1 0.0786766568914956 0.0890231129315389 0.0312870123209019 0.031292743206824 0.0052413532652486 0.0089045946204652 0.0052226599085449 0.0074332580230941 0.4630615763546798 0.4027972222222222 0.2275677248677248 0.9999 0.0001 0.1154615384615384 0.1986133440514469 0.6237701345481513 0.2466978420893415 0.016908165599268 0.2228638798701298 0.9216264606977722 0.9999 0.5314619513793598 0.3755612960225019 0.4554295841453964 0.8765575477883695 0.5151706398537478 0.9999
6 0.6926300879765396 0.6945193095377413 0.0158211292333095 0.0158213372839375 0.0007353009767249 0.0013441275007179 0.0008711531045121 0.0010158593908256 0.453211330049261 0.4768564814814814 0.2346209876543209 0.0001 0.9999 0.5192269230769231 0.2497486133440514 0.3602356075855494 0.66387767470001 0.0068461344922232 0.6617979910714286 0.9999 0.9999 0.3470926638949761 0.2521140636832426 0.2762088548148496 0.667893987996167 0.5219334552102376 0.1669224744608399
6 0.6392683284457478 0.6430375073142188 0.0192352197285421 0.0192366551092337 0.0011872161044984 0.0034495740403943 0.0018626356674563 0.0019450021067771 0.5861896551724137 0.4907425925925926 0.2593074074074074 0.0001 0.9999 0.0001 0.3964234525723473 0.617732567009217 0.4144569627911666 0.0092473010064043 0.3419553165584415 0.9362305170239597 0.9999 0.3941268990517541 0.2931790162633875 0.3502307253387184 0.7925979472436577 0.6125308104814139 0.6162083087400682
1 0.1033051612903225 0.1106688706846108 0.0803635908052639 0.0803636273658482 0.000990731266336 0.0027796592323154 0.0009262354691201 0.0015702225764383 0.561564039408867 0.4814851851851852 0.2275677248677248 0.9999 0.0001 0.1154615384615384 0.2608999196141479 0.4451852420807289 0.8219583845921146 0.012677538883806 0.5603572443181819 0.8685685582177386 0.0001 0.3766400741393081 0.3352174137247124 0.2691658604738535 0.4108212891511575 0.5959588665447897 0.312750283768445
6 0.0904045161290322 0.0966283791691047 0.0196179349059918 0.0196179063379556 0.000578113106195 0.0024925528859959 0.0009813178337281 0.0009365044615018 0.61574039408867 0.4907425925925926 0.2416742504409171 0.0001 0.9999 0.0001 0.2269436897106109 0.6179444114842675 0.7982664414641526 0.0109624199451052 0.5490973214285715 0.6909033837746952 0.0001 0.3224186310852602 0.3156043020446432 0.2534599830934322 0.3989711353205225 0.6307477635588056 0.2132242224744608
6 0.6709335483870968 0.6752136337039204 0.0083063869444368 0.008306760035153 0.0008728403634386 0.0023968507705561 0.0009813178337281 0.001384859812181 0.5763394088669951 0.4768564814814814 0.2557807760141093 0.0001 0.9999 0.0001 0.3134416599678457 0.5252624536497511 0.8219583845921146 0.0100476898444647 0.5317509537337662 0.9999 0.9999 0.3642109140434596 0.3047882478093108 0.2889801512198557 0.5888257275432491 0.6002237050578915 0.312750283768445
6 0.0646032258064516 0.0662073142188414 0.0065849773618246 0.0065861231766382 0.0008466423850169 0.0016312338470374 0.0015872238444162 0.0017979367214543 0.7979699507389163 0.6666333333333333 0.2222777777777777 0.0001 0.9999 0.2308230769230769 0.1634515675241157 0.4091716813221739 0.2531501159624886 0.004330626715462 0.3799955965909091 0.962391740226986 0.9999 0.3612008868044319 0.1962671703148101 0.3361447366567262 0.8733302718515157 0.8174258379037171 0.2278637457434733
6 0.1595988856304985 0.1639057343475717 0.017026192961701 0.0170268613712012 0.0013116565020012 0.0018226380779171 0.0012016472921602 0.0012300314446417 0.2414310344827586 0.296337037037037 0.238147619047619 0.9999 0.0001 0.6153615384615385 0.4013461012861736 0.2732734505773916 0.5677992840576788 0.008446912168344 0.5941370129870129 0.9999 0.9999 0.4036484137874536 0.2806684468645198 0.3105082372555005 0.7159501437433803 0.3392765143205362 0.3382843359818388
6 0.5694875659824047 0.5710799882972498 0.0053206848205011 0.0053216014244854 0.0010562262123901 0.0017269359624772 0.0013668943859842 0.001525024768867 0.4975374384236453 0.4444555555555555 0.238147619047619 0.0001 0.9999 0.5192269230769231 0.5635925844051446 0.3335432037292086 0.3697951295754765 0.0059314043915827 0.4660173498376623 0.9999 0.9999 0.3828648923751204 0.2356015542173019 0.3241246929814262 0.8149871740555809 0.538810030469226 0.2737115550510783
1 0.7078763049853373 0.7079747805734348 0.0675670863894465 0.0675689901708408 0.0008728403634386 0.0032581698095146 0.0021931298551044 0.0013752854674474 0.5812645320197044 0.453712962962963 0.238147619047619 0.0001 0.9999 0.5192269230769231 0.2184044011254019 0.5815071617756119 0.1774367147322779 0.0042162854528819 0.1883740259740259 0.9730033207229928 0.9999 0.3642109140434596 0.1962671703148101 0.3709840819968535 0.9112003379230342 0.5957760877513711 0.3642723269012486
6 0.7846937829912024 0.7875375658279696 0.1007643354041372 0.1007649582681353 0.0009121373310711 0.0029710634631951 0.0013668943859842 0.0015218333206225 0.61574039408867 0.4907425925925926 0.7107162257495591 0.9999 0.0001 0.2308230769230769 0.3452881832797427 0.5537555355440196 0.5415869214480186 0.0068461344922232 0.3658953327922077 0.9123807271963008 0.9999 0.3685519057079076 0.2806684468645198 0.3152505201117712 0.7290105260503355 0.631600731261426 0.3605273325766175
5 0.119137771260997 0.1276344645991808 0.4248674035696466 0.4248665507841942 0.0006698060306708 0.0029710634631951 0.0008160707399041 0.0011067725381161 0.6058901477832512 0.5231435185185185 0.7459825396825397 0.9999 0.0001 0.1116161538461538 0.247337520096463 0.5079971289331497 0.4693012907129172 0.0115341262580054 0.5878476866883117 0.6247123371164356 0.0001 0.3376325782866037 0.3525952075294796 0.2241141733392819 0.2344304887274928 0.6370231687995125 0.1989251532349602
6 0.3882921407624633 0.3897236395552955 0.0597695245933097 0.0597692832152425 0.0005191676547463 0.0008656169235187 0.000595741281472 0.0006978358860249 0.438435960591133 0.3981685185185185 0.8112252204585537 0.9999 0.0001 0.1539153846153846 0.7885274919614148 0.1854639156690327 0.7982664414641526 0.0037589204025617 0.7970185064935066 0.9999 0.9999 0.3110337661539722 0.2171782085031192 0.2348664780332026 0.6006758813738842 0.5173030591102985 0.0752268558456299
6 0.1584260997067448 0.1738510825043885 0.1200029167281991 0.1200035114330456 0.0022416847359698 0.0057464248109505 0.0020829651258883 0.0036194773708662 0.5664891625615763 0.4768564814814814 0.238147619047619 0.0001 0.9999 0.0001 0.3984326969453376 0.5483535014302362 0.7072288897852174 0.0244546889295516 0.5010144074675325 0.5739658680117696 0.0001 0.4538974399410162 0.4292810320579857 0.3152505201117712 0.3534362888989761 0.5933999634369287 0.916261793416572
6 0.5847337829912023 0.5880455822118198 0.070486396788093 0.0704886043783483 0.001815967586618 0.0035452761558342 0.0023583769489284 0.0027494195751177 0.5221630541871921 0.4398268518518519 0.2593074074074074 0.0001 0.9999 0.0001 0.5338557676848874 0.5045016950948193 0.2797657456892206 0.0083325709057639 0.3058424107142857 0.9999 0.9999 0.4343220246994491 0.2806684468645198 0.3811964237912977 0.8600177586119938 0.5577580987202925 0.7653271736662883
6 0.0915773020527859 0.0931182562902282 0.0032981248366355 0.0032978890942493 0.000322682816584 0.000674212692639 0.000540658916864 0.0006330581121964 0.8472211822660098 0.7036629629629629 0.2222777777777777 0.0001 0.9999 0.6153615384615385 0.2317658762057877 0.4540827100328424 0.7758851164666735 0.004330626715462 0.8730990665584416 0.9999 0.9999 0.2571399451123354 0.1962671703148101 0.2241141733392819 0.6118704947798457 0.8495949055453991 0.0565018842224744
2 0.0229693255131964 0.1112538911644236 0.1693899651019351 0.169394569603746 0.0362335617380595 0.030437570594429 0.0095741667125778 0.0502825047078964 0.1675541871921182 0.453712962962963 0.3086802469135802 0.0001 0.9999 0.0001 0.0559569935691318 0.5565095137196737 0.4795846021982454 0.1248463174748398 0.4783931209415584 0.4047059058427911 0.0001 0.704671614065988 0.6812590422271105 0.4403106229600582 0.2395739597518535 0.5014013040828763 0.9999
2 0.119137771260997 0.1978369221767115 0.0038787828609449 0.0038817041071205 0.0219163665306282 0.0164650617402125 0.0048370833562889 0.021343055813894 0.1724793103448275 0.2685648148148148 0.7741955908289242 0.0001 0.9999 0.0001 0.2449264268488746 0.5513193240809408 0.3543701623474842 0.0937454940530649 0.8005689326298701 0.5530579024800336 0.0001 0.6598078747414341 0.6642057300494032 0.3989682461784112 0.1769446361022847 0.3515226934795856 0.9999
6 0.9007995894428152 0.9109768870684612 0.0033106791884014 0.0033147565728534 0.0032241089267816 0.0057464248109505 0.0037354360641286 0.0038127756280559 0.4039600985221674 0.3009657407407407 0.820041798941799 0.0001 0.9999 0.9999 0.1557159766881029 0.7470636190274393 0.3794735403851971 0.0153073879231473 0.4011967126623376 0.9684855191256828 0.9999 0.4872944088311794 0.3955709963578667 0.425708148026393 0.8101462601503 0.4296301645338209 0.999673030646992
2 0.0241421114369501 0.122369280280866 0.1628529218395357 0.1628563035822906 0.0395476060083981 0.0269922944385948 0.0081420252327695 0.053917305492356 0.192179802955665 0.4027972222222222 0.2346209876543209 0.0001 0.9999 0.0001 0.0606787178456591 0.4304620510647314 0.3375337602097409 0.1430265782250686 0.6020493912337663 0.3709799915931063 0.0001 0.712473113236529 0.6975552306083446 0.4158244793011952 0.1685234629545569 0.4925669957343083 0.9999
2 0.4850469794721407 0.4909321825629023 0.0033169948745657 0.0033206101270721 0.0029883271209868 0.0052679142337513 0.0033498595118726 0.006954109509623 0.3793344827586207 0.8517814814814815 0.2822305114638447 0.0001 0.9999 0.0001 0.7881256430868167 0.5622293145460324 0.2651473126953715 0.0115341262580054 0.2753087459415584 0.98235411937789 0.9999 0.4803529174432178 0.32569928599762 0.4158244793011952 0.8673295556564281 0.8559312370505789 0.9843525993189556
2 0.0229693255131964 0.1130089526038619 0.1611850415481949 0.1611965898999211 0.0709589821359554 0.072067990810759 0.0250523111674287 0.1069017292482446 0.1774044334975369 0.4768564814814814 0.3051536155202821 0.0001 0.9999 0.0001 0.0560574557877813 0.6196391672846701 0.9571536855904004 0.1274761665141811 0.1980108969155844 0.3310552332912989 0.9999 0.7645445368341287 0.6842875374130035 0.5206946650386267 0.5212042114288598 0.5441715417428398 0.9999
6 0.4580729032258064 0.4663613224107665 0.0801419256250063 0.0801424246327392 0.0012527110505525 0.0056507226955106 0.0021931298551044 0.002041694363051 0.5911147783251232 0.453712962962963 0.2222777777777777 0.0001 0.9999 0.1154615384615384 0.8198717041800644 0.5879684182646467 0.9999 0.0153073879231473 0.3235945413961039 0.4880225725094578 0.5 0.3992664693714544 0.3606351411777433 0.3055311879211965 0.4998235083472033 0.6080831931748933 0.6111014982973892
1 0.0974412316715542 0.0995534815681685 0.022931744628224 0.022932173332528 0.0006239595684329 0.0020140423087967 0.0012016472921602 0.0008950156343228 0.5172379310344828 0.4166833333333333 0.2310943562610229 0.9999 0.0001 0.1154615384615384 0.2457301245980707 0.4562011547833457 0.4397619743874156 0.0051310155535224 0.3543310876623375 0.8497618957545187 0.9999 0.3303429885104553 0.2171782085031192 0.2948023598750793 0.7799914006153226 0.5489847166361975 0.158184154370034
6 0.2112014662756598 0.5816103569338795 0.3539689740788597 0.3539699195160176 0.0773512888708377 0.0673785871542069 0.0124384496721943 0.1113843339460989 0.38425960591133 0.9952712962962964 0.2310943562610229 0.9999 0.0001 0.2308230769230769 0.5327506832797427 0.4274962284140269 0.0407291620449732 0.535560132662397 0.9035312905844156 0.0940282471626734 0.0001 0.7722231777500154 0.9028078864808338 0.3502307253387184 0.0200687698592827 0.5201056672760512 0.9999
1 0.0464250439882698 0.0492417203042715 0.1546206559859375 0.154620352796494 0.0005191676547463 0.0008656169235187 0.0006508236460801 0.0005659514437031 0.3694842364532019 0.296337037037037 0.2275677248677248 0.9999 0.0001 0.1154615384615384 0.1171384847266881 0.3531388176713635 0.8166150952909146 0.0059314043915827 0.8984592532467532 0.9999 0.9999 0.3110337661539722 0.2356015542173019 0.2445858102237772 0.5914983154284562 0.4070265204143814 0.0978103064699205
6 0.4052975366568915 0.4131244587478057 0.050792392875128 0.0507917025140189 0.0004471232140868 0.0017269359624772 0.00037541182304 0.0007004235467637 0.561564039408867 0.5231435185185185 0.823568430335097 0.9999 0.0001 0.3961746153846153 0.8196707797427653 0.2927631422820214 0.2039515276797418 0.0111911024702653 0.9999 0.649717843631778 0.0001 0.2948369529153952 0.3525952075294796 0.1414528964237912 0.1017087658243809 0.6234975380865326 0.070687468785471
5 0.0475978299120234 0.0615271503803393 0.0283845694255481 0.0283847590873038 0.0010889736854172 0.0054593184646309 0.0016423062090242 0.0017704212622649 0.5812645320197044 0.4907425925925926 0.238147619047619 0.0001 0.9999 0.2308230769230769 0.1195495779742765 0.6734476639474521 0.5318076938590299 0.0219391811527904 0.4752484577922077 0.4926454392601933 0.0001 0.3858134904868208 0.4133453788179294 0.2762088548148496 0.2656947243657638 0.6096672760511882 0.6444659931895572
6 0.6117078592375367 0.6137864833235811 0.0829377720611952 0.082937342731297 0.0005060686655355 0.0010570211543983 0.000485576552256 0.0007077552521903 0.4778369458128079 0.4398268518518519 0.8112252204585537 0.9999 0.0001 0.1539153846153846 0.755174035369775 0.2119444750503231 0.7982664414641526 0.0051310155535224 0.8307982751623377 0.9999 0.0001 0.3083104081758044 0.2521140636832426 0.2121176063117852 0.3989711353205225 0.5420391224862888 0.0752268558456299
1 0.1724995307917888 0.1779462258630778 0.1015364665480158 0.1015375504045615 0.0015408888131907 0.0023011486551163 0.0016423062090242 0.0022917486457788 0.5123128078817735 0.4074259259259259 0.2310943562610229 0.9999 0.0001 0.1154615384615384 0.4351014067524116 0.4594847441466257 0.4958161036603812 0.0101620311070448 0.5535607142857143 0.963652522068096 0.9999 0.4189033137403485 0.3047882478093108 0.3398540470096508 0.7519544409139053 0.5495939792809263 0.5973698524404086
4 0.7764842815249267 0.7758371562317145 0.1184760610876754 0.1184777363136555 0.0010365777285739 0.0021097444242366 0.0020278827612803 0.0015378768172031 0.5320133004926109 0.4166833333333333 0.2205144620811287 0.0001 0.9999 0.0001 0.0327502210610932 0.3482663947452061 0.1597937783603912 0.0034158966148215 0.2501514407467533 0.9999 0.9999 0.3810424949310832 0.1721473693700191 0.3654670697630732 0.9200249205628688 0.5548336380255942 0.2737115550510783
4 0.8368827565982404 0.848964716208309 0.4538462363499001 0.4538452641282222 0.0008924888472548 0.0026839571168756 0.0007609883752961 0.0014335940894288 0.5763394088669951 0.4814851851851852 0.7495091710758378 0.9999 0.0001 0.1116161538461538 0.2397023914790996 0.4777033690009535 0.2797657456892206 0.0178228956999085 0.96490294237013 0.5958194199243378 0.0001 0.3664018862514592 0.4133453788179294 0.2121176063117852 0.1396292580824128 0.6074130042656917 0.2877836549375709
5 0.2921236950146627 0.2955353423054417 0.0197403205805677 0.0197408309765496 0.0010300282339685 0.0015355317315975 0.0010914825629441 0.0014399769859178 0.4335108374384236 0.4398268518518519 0.2275677248677248 0.0001 0.9999 0.0001 0.7379949959807074 0.3295181587032524 0.575360542502773 0.0076465233302836 0.6419156047077923 0.9999 0.9999 0.3804282036578122 0.2670402185280012 0.3002958954610562 0.7121681797548797 0.5212023400365631 0.2615686946651532
5 0.4363763636363636 0.4406204212990052 0.0083070801295036 0.0083078383214564 0.0011479191368659 0.0019183401933569 0.0013118120213762 0.0015554729102271 0.4187354679802955 0.4027972222222222 0.816515167548501 0.9999 0.0001 0.0770076923076923 0.8846698352090032 0.4593788219091005 0.5874585560149238 0.0071891582799634 0.6135121956168832 0.954196658259773 0.9999 0.3908916316791938 0.2931790162633875 0.3152505201117712 0.7061170373732789 0.502558903107861 0.4017222701475596
1 0.0475978299120234 0.052751843183148 0.0121285323823396 0.0121318266557624 0.002673951379927 0.0050765100028716 0.0032947771472646 0.0036559633872836 0.453211330049261 0.4166833333333333 0.2275677248677248 0.9999 0.0001 0.1154615384615384 0.1201523512861736 0.474102012925098 0.2300630735101341 0.0093616422689844 0.2296604099025974 0.9286658259773014 0.9999 0.4701556823069203 0.2931790162633875 0.4086875783689858 0.8848778685630706 0.4992079585618525 0.9318091940976162
2 0.0276604692082111 0.1042336454066705 0.0204555335284038 0.0204585075319498 0.02488328758688 0.0186662103953288 0.005663318825409 0.0338368856484128 0.1971049261083743 0.4120546296296296 0.238147619047619 0.0001 0.9999 0.0001 0.0694189308681672 0.4768559911007522 0.3726179993949783 0.1116970722781335 0.6842163961038961 0.4745742328709542 0.0001 0.6711517869211706 0.659626933756446 0.4009872378894968 0.1860717758611993 0.4914703229737964 0.9999
2 0.0241421114369501 0.1206142188414277 0.1964697018607807 0.1964734965219851 0.0409164503809293 0.0208673590504451 0.0069302132113933 0.0560701529716946 0.2118802955665024 0.4027972222222222 0.2310943562610229 0.0001 0.9999 0.0001 0.0607791800643086 0.4582136772963238 0.3794735403851971 0.1406254117108874 0.7683107751623378 0.495587263556116 0.0001 0.7155036168513322 0.6948151635353936 0.425708148026393 0.1895007565441065 0.4950649725776965 0.9999
0 0.7559605278592375 0.7617966647162083 0.0379452859494325 0.037964100566306 0.0158646335152273 0.0056507226955106 0.0143663324334747 0.0213774717017203 0.1823295566502463 0.4120546296296296 0.2222777777777777 0.0001 0.9999 0.5576807692307693 0.0699212419614148 0.4752671575378748 0.0584729151961278 0.012791880146386 0.2728741680194805 0.987817507356032 0.9999 0.6309361848977001 0.3352174137247124 0.565863735412215 0.970703238008776 0.4873273369896405 0.9999
2 0.0253148973607038 0.105403686366296 0.0084225339534112 0.0084252174876326 0.0257478208747944 0.0163693596247726 0.0048921657208969 0.0353044343087545 0.192179802955665 0.4166833333333333 0.238147619047619 0.0001 0.9999 0.0001 0.0634916599678456 0.4331101070028605 0.3277545326207522 0.1167280878316559 0.8171037743506493 0.5104014501891552 0.0001 0.6742027669117496 0.6664410479247053 0.392653027919318 0.1636321228627629 0.4955523826934796 0.9999
5 0.6087758944281525 0.6102763604447046 0.0460723417139994 0.046072274425143 0.0006108605792221 0.0010570211543983 0.0007059060106881 0.0008664651108378 0.4926123152709359 0.4444555555555555 0.2310943562610229 0.0001 0.9999 0.0001 0.460216961414791 0.2747563619027439 0.7478580518301906 0.0059314043915827 0.7462981331168832 0.9999 0.9999 0.3281520163024556 0.2356015542173019 0.2534599830934322 0.6258889746305544 0.543013942717855 0.1090452894438138
2 0.0241421114369501 0.1176891164423639 0.1639200417396293 0.1639321252313386 0.0756811677464576 0.0723550971570786 0.0243362404275246 0.1154905202618132 0.2069551724137931 0.4768564814814814 0.3086802469135802 0.0001 0.9999 0.0001 0.0588703979099678 0.6258885792986545 0.9530201976404156 0.1321641582799634 0.2052131899350649 0.3590025641025641 0.9999 0.770277922051324 0.6900921531859652 0.5249204616432244 0.5232716850759066 0.5512389884216942 0.9999
6 0.6263676832844575 0.6278269748390872 0.0141258296215477 0.0141255780308525 0.0004798706871139 0.0010570211543983 0.0006508236460801 0.0006593659963744 0.4876871921182266 0.4166833333333333 0.8112252204585537 0.9999 0.0001 0.1154615384615384 0.7266427652733118 0.2747563619027439 0.9999 0.004444967978042 0.7462981331168832 0.808891551071879 0.5 0.3025565465828332 0.2356015542173019 0.2241141733392819 0.4998235083472033 0.5337531505179768 0.0763617026106697
6 0.2352435777126099 0.2405434172030427 0.0583428727052236 0.0583438657425239 0.0013837009426608 0.0039280846175935 0.0019177180320643 0.0022161026968473 0.5812645320197044 0.4490842592592592 0.2557807760141093 0.0001 0.9999 0.0001 0.5874021302250804 0.4831054031147367 0.5346305636785318 0.0100476898444647 0.3235945413961039 0.752681693989071 0.9999 0.4087470313556025 0.3047882478093108 0.3322945664169817 0.7325403591062694 0.5952277513711152 0.5476635641316686
2 0.0253148973607038 0.1252943826799297 0.152192890820232 0.1521975204930787 0.0480750479846449 0.0223028907820426 0.0065997190237452 0.0648290395511615 0.1724793103448275 0.4120546296296296 0.2310943562610229 0.0001 0.9999 0.0001 0.0636925844051446 0.4679585231486386 0.4238329232630836 0.1457707685269899 0.7441678774350649 0.6113690626313577 0.0001 0.7298575562700965 0.7002592441671776 0.4403106229600582 0.2116882786099763 0.4870836319317489 0.9999
5 0.5466182404692083 0.5494342305441778 0.2322116332557812 0.2322116016001272 0.0009252363202819 0.0010570211543983 0.0009262354691201 0.0012856661505263 0.4335108374384236 0.4120546296296296 0.8112252204585537 0.0001 0.9999 0.0385538461538461 0.8861767684887459 0.2889499417311156 0.6848475647877382 0.0058170631290027 0.9153998579545454 0.9999 0.9999 0.369944299260655 0.2670402185280012 0.2827823161997792 0.657405341201392 0.5198619622181597 0.2068690805902384
0 0.0728127272727272 0.0796627852545348 0.182663919987668 0.1826843712733903 0.0173972152528938 0.0156994448166937 0.015743391548675 0.0259571136772803 0.315307881773399 0.4768564814814814 0.3051536155202821 0.0001 0.9999 0.0001 0.1780185892282958 0.4366055408411908 0.0490969547242109 0.0114197849954254 0.0838900568181818 0.9851908785203868 0.9999 0.6391881643353062 0.32569928599762 0.5749726747599032 0.9753928733545166 0.5397239244363193 0.9999
6 0.6199173607038123 0.6231468110005851 0.0083965010031238 0.008396642900591 0.0008335433958061 0.0019183401933569 0.0008160707399041 0.0011732754191037 0.4433610837438423 0.4768564814814814 0.238147619047619 0.0001 0.9999 0.5576807692307693 0.4322884646302251 0.3405340714058693 0.8558328224261369 0.008446912168344 0.5651249594155844 0.9999 0.9999 0.3596446822454789 0.2806684468645198 0.2691658604738535 0.5718825288747668 0.5294273857404022 0.1942722814982974
0 0.9353967741935484 0.9402279110590988 0.1223869342141318 0.1223925317588025 0.0052871997274865 0.0055550205800708 0.0048370833562889 0.0073592509259639 0.3054576354679803 0.4166833333333333 0.8270950617283951 0.0001 0.9999 0.1923692307692307 0.1007631430868167 0.455141932408094 0.1771342643944741 0.0091329597438243 0.2605998376623376 0.9999 0.9999 0.5322400536588363 0.32569928599762 0.4554295841453964 0.9113516164825743 0.5054833638025594 0.999105607264472
2 0.0229693255131964 0.1241243417203042 0.1300552555055874 0.1300593014172749 0.0438309754803377 0.027470805015794 0.0086377665142416 0.0596817510648628 0.1774044334975369 0.4027972222222222 0.2310943562610229 0.0001 0.9999 0.0001 0.0577653135048231 0.4627683335099057 0.3733237168498538 0.1473715462031107 0.608947362012987 0.4005032997057587 0.0001 0.7216260532082659 0.7020619198730664 0.4288070655364313 0.1864247591667927 0.4918968068251066 0.9999
6 0.0053775366568914 0.0059502047981275 0.1283752829858587 0.1283774058452343 0.0009252363202819 0.0010570211543983 0.0023583769489284 0.0011075488363377 0.3694842364532019 0.375025 0.2575440917107583 0.0001 0.9999 0.0001 0.0132605506430868 0.4137263375357559 0.1118049914288595 0.0025011665141811 0.4081961241883116 0.9999 0.9999 0.369944299260655 0.1435929861887418 0.3811964237912977 0.944027785343219 0.4430948689823278 0.2632709648127128
2 0.0229693255131964 0.1130089526038619 0.146963579696677 0.1469738395164366 0.0841431147766503 0.0544588015698286 0.0196542394358437 0.1284059662860434 0.1823295566502463 0.4814851851851852 0.3051536155202821 0.0001 0.9999 0.0001 0.0560574557877813 0.4780211357135289 0.9360829787234044 0.1274761665141811 0.2666862824675324 0.386004308532997 0.0001 0.7797175312839207 0.6842875374130035 0.5096136872754596 0.4679037322842588 0.5511780621572212 0.9999
2 0.0241421114369501 0.1252943826799297 0.1639456125665388 0.1639496088735447 0.041198078648962 0.0272794007849143 0.0081420252327695 0.0559688891814489 0.1971049261083743 0.4120546296296296 0.2310943562610229 0.0001 0.9999 0.0001 0.0607791800643086 0.4986759720309355 0.3733237168498538 0.1473715462031107 0.6133093141233766 0.4281354350567465 0.0001 0.7160974317488276 0.7020619198730664 0.4288070655364313 0.1864247591667927 0.4908001340645948 0.9999
2 0.0294196480938416 0.1036486249268578 0.0261998041360458 0.0262023846295592 0.0240973482342305 0.0153166363549344 0.0043413420748168 0.0328268354066942 0.2118802955665024 0.4074259259259259 0.2346209876543209 0.0001 0.9999 0.0001 0.0739397307073955 0.4148914821485327 0.3458007361097106 0.108495516925892 0.8109158887987012 0.5688176754939049 0.0001 0.668285094312573 0.6549399769211354 0.3904696996736093 0.1726079840621374 0.4923842169408897 0.9999
6 0.7072899120234604 0.7091448215330602 0.1384089057664428 0.138408395244484 0.0005257171493517 0.0009613190389585 0.000485576552256 0.0006963695449395 0.453211330049261 0.4027972222222222 0.238147619047619 0.9999 0.0001 0.3077307692307692 0.2154909967845659 0.1722236359783875 0.7982664414641526 0.0067317932296431 0.9076903612012988 0.9999 0.0001 0.3123852069551682 0.2521140636832426 0.2121176063117852 0.3989711353205225 0.5084078244972579 0.0752268558456299
6 0.6504097947214076 0.6670233469865418 0.0305274355287891 0.0305405614897132 0.0282366288248511 0.01790059347181 0.0104554845463059 0.0445811980574168 0.0296507389162561 0.513886111111111 0.2222777777777777 0.0001 0.9999 0.1154615384615384 0.3104277934083601 0.3485841614577815 0.1845947060603004 0.0279992680695333 0.1743752029220779 0.9664892812105926 0.9999 0.6824342699735803 0.4482812339980527 0.5312356799023177 0.9076200786805873 0.5707963193174893 0.9999
6 0.0909909090909091 0.1071587478057343 0.0514386724190966 0.051438520255192 0.0009317858148873 0.0046937015411122 0.0014219767505922 0.0015393431582885 0.6058901477832512 0.4814851851851852 0.2240410934744268 0.0001 0.9999 0.0385538461538461 0.2300580184887459 0.6711173747218985 0.3383402944438842 0.0253694190301921 0.6347133116883117 0.4115351408154687 0.0001 0.3706404960370286 0.4342203634921208 0.2445858102237772 0.1688764462601503 0.6243505057891529 0.5257610215664018
4 0.3619044574780058 0.3622276770040959 0.1662140221874379 0.1662148573357549 0.000768048449752 0.0023011486551163 0.0014770591152002 0.0011084113899173 0.5221630541871921 0.4166833333333333 0.2416742504409171 0.0001 0.9999 0.2308230769230769 0.9089816921221864 0.3531388176713635 0.2244173338711304 0.0034158966148215 0.2289503246753246 0.9999 0.9999 0.3514746083109755 0.1721473693700191 0.3322945664169817 0.8877017350078177 0.5459384034125534 0.1758877639046537
2 0.0229693255131964 0.1229543007606787 0.0900780403728571 0.0900912332115756 0.0891665771390015 0.0769487986981908 0.0277513470332213 0.1362872908536191 0.123228078817734 0.4814851851851852 0.3051536155202821 0.0001 0.9999 0.0001 0.0560574557877813 0.6143430554084119 0.9453581224160532 0.1413114592863677 0.2060247159090909 0.3356781000420344 0.9999 0.7848775779793967 0.7002592441671776 0.5323625589968769 0.5270536490644071 0.5520919561243144 0.9999
2 0.0241421114369501 0.1094988297249853 0.1182482342623794 0.1182594603576559 0.0803837048731436 0.0630719919594141 0.0208660514572199 0.1229241795215735 0.1626290640394088 0.4814851851851852 0.3086802469135802 0.0001 0.9999 0.0001 0.0588703979099678 0.5182715859730904 0.9368895129575476 0.1207300320219579 0.2160673498376623 0.3939892601933585 0.9999 0.7756427325045568 0.6761394432223865 0.5175487942329818 0.5313398749180411 0.5523965874466787 0.9999
0 0.8620976539589443 0.8682703920421299 0.136029047390911 0.1360347790087765 0.005136561351562 0.0046937015411122 0.0049472480855049 0.0066666204015403 0.3103827586206896 0.4166833333333333 0.8306216931216931 0.0001 0.9999 0.1923692307692307 0.2486435289389068 0.5495186460430131 0.1956845517797721 0.0105050548947849 0.3506792207792207 0.9999 0.9999 0.529619077559547 0.3441586852259205 0.4577537722779251 0.9020731981641196 0.4709381718464351 0.999673030646992
0 0.2645632258064516 0.2697944411936805 0.1960505559570413 0.1960767641827635 0.0178032839184293 0.020293146357806 0.0198194865296677 0.017153288056316 0.138003448275862 0.4120546296296296 0.2416742504409171 0.9999 0.0001 0.1539153846153846 0.6644566519292605 0.4844823922025638 0.0313532015730563 0.0101620311070448 0.0521391030844155 0.991074527112232 0.9999 0.6412562782886517 0.3047882478093108 0.5991066687017165 0.9842678821808646 0.3477452650822669 0.9999
0 0.9260144868035192 0.9291125219426564 0.042912958220543 0.0429163614762782 0.0034598907325764 0.0029710634631951 0.0031846124180485 0.0036685566695458 0.2266556650246305 0.328737962962963 0.7142428571428572 0.0001 0.9999 0.3269576923076923 0.0493264871382636 0.3231628244517428 0.2216952808308964 0.0075321820677035 0.3976462865259739 0.9999 0.9999 0.4937444672005243 0.2931790162633875 0.4123264587785004 0.8890632420436779 0.3841182449725777 0.942136299659478
5 0.5208169501466277 0.5242783499122294 0.0128382768702041 0.0128381812049763 0.0007745979443574 0.0013441275007179 0.0006508236460801 0.0009641924314072 0.2906822660098522 0.4120546296296296 0.8094619047619048 0.9999 0.0001 0.1154615384615384 0.9368097266881028 0.2167109757389554 0.9159196228698194 0.006503110704483 0.7970185064935066 0.9999 0.0001 0.3523346160935547 0.2806684468645198 0.2445858102237772 0.4578184949815908 0.4649673979280926 0.1410479682179341
1 0.0317652199413489 0.0422214745465184 0.1390115916717645 0.1390109262267652 0.0005977615900113 0.0020140423087967 0.000595741281472 0.0007896978422529 0.4679866995073891 0.3703962962962963 0.2275677248677248 0.9999 0.0001 0.1154615384615384 0.080067926045016 0.433427873715436 0.2666595643843904 0.016908165599268 0.9999 0.5796393862967633 0.0001 0.3258996149671288 0.3755612960225019 0.1827952732054382 0.1330738538356786 0.502619829372334 0.1410479682179341
2 0.0253148973607038 0.1211992393212404 0.1767911020604117 0.1767950795657149 0.0412111776381728 0.0291934430937111 0.0082521899619855 0.0560504004947216 0.1774044334975369 0.4120546296296296 0.2310943562610229 0.0001 0.9999 0.0001 0.0636925844051446 0.4684881343362644 0.3937895230412423 0.139825022872827 0.5424022321428572 0.4217264606977721 0.0001 0.7161383845003788 0.6938777721683315 0.4288070655364313 0.1966612750290008 0.4913484704448507 0.9999
2 0.0241421114369501 0.1288045055588063 0.1051202333434944 0.1051317867357811 0.0756353212842197 0.0724507992725184 0.0231244284061484 0.1145740570834818 0.1133778325123152 0.4814851851851852 0.3051536155202821 0.0001 0.9999 0.0001 0.0589708601286173 0.6521572942048947 0.8952521831198951 0.1478289112534309 0.2303704951298701 0.3604734762505254 0.0001 0.7702164929239971 0.7072536259060258 0.5200607955479372 0.447481126746356 0.5471569287020109 0.9999
2 0.0786766568914956 0.0890231129315389 0.0133483840588234 0.0133480565856105 0.0007483999659358 0.0028753613477553 0.0012016472921602 0.0011593020511141 0.5812645320197044 0.453712962962963 0.238147619047619 0.0001 0.9999 0.0001 0.1978096463022507 0.4514346540947134 0.3583020167389331 0.016793824336688 0.7054175121753247 0.3495467002942413 0.0001 0.3488741085874619 0.3755612960225019 0.2121176063117852 0.178911257376305 0.5899880926264474 0.2068690805902384
6 0.4545545454545454 0.4558309537741369 0.1051619784886297 0.1051626719363301 0.0008138949119899 0.0014398296161577 0.0013118120213762 0.0012320153178748 0.5418635467980296 0.4490842592592592 0.2310943562610229 0.0001 0.9999 0.0001 0.8508140675241158 0.420293516262316 0.3423729656146012 0.0051310155535224 0.4926962662337661 0.9999 0.9999 0.357269422655498 0.2171782085031192 0.3197815131378119 0.8287030967872094 0.5729287385740403 0.2196928490351873
2 0.0563937243401759 0.098383440608543 0.0557242505844526 0.0557296376202452 0.0158449850314111 0.0220157844357231 0.0092987548895377 0.0260532021460484 0.5714142857142857 0.4768564814814814 0.2310943562610229 0.0001 0.9999 0.0001 0.142153577170418 0.6553349613306495 0.9149114550771402 0.0624159881061299 0.3192325892857142 0.4682703236654056 0.9999 0.6308338030188215 0.5696734160325989 0.4506403479935191 0.5423327835779492 0.5951668251066423 0.9999
0 0.7043579472140762 0.707389760093622 0.2688540890731486 0.2688552361118215 0.0018880120272775 0.0017269359624772 0.0018075533028483 0.0025786339663557 0.38425960591133 0.4166833333333333 0.238147619047619 0.0001 0.9999 0.0001 0.2199113344051446 0.3008132323339336 0.3697951295754765 0.008446912168344 0.6261922889610391 0.9999 0.9999 0.4379463432117476 0.2806684468645198 0.3534470260877733 0.8149871740555809 0.5011575990249848 0.58341123723042
5 0.3179249853372434 0.3277114686951434 0.0035837170841669 0.0035834809237646 0.0009514342987035 0.0029710634631951 0.0011465649275522 0.0013515652440082 0.5123128078817735 0.3796537037037037 0.0001 0.0001 0.9999 0.0001 0.8876837017684888 0.3531388176713635 0.4041736513058385 0.018851967063129 0.6828976663961039 0.4220416561580496 0.0001 0.3726881336145985 0.3755612960225019 0.2241141733392819 0.2018551722398749 0.5316816575258988 0.2428437230419977
2 0.1396615249266862 0.2048571679344646 0.0063411302594286 0.0063440479015124 0.0216216392733847 0.0181876998181296 0.0063243072007051 0.0225617577665193 0.1774044334975369 0.3055944444444444 0.7706689594356261 0.0001 0.9999 0.0001 0.2875224075562701 0.4588492107214747 0.4262525259655138 0.0780807410795974 0.6015421875 0.4100642286675073 0.0001 0.6585997685706678 0.6359037214669503 0.3989682461784112 0.2128985070862964 0.376746166971359 0.9999
6 0.7571333137829912 0.7612116442363955 0.3112472082048855 0.3112469068254386 0.0009448848040981 0.0014398296161577 0.0008711531045121 0.0012637572896043 0.4679866995073891 0.375025 0.2099345679012345 0.0001 0.9999 0.0001 0.0612814911575562 0.3513381396334357 0.9999 0.0102763723696248 0.8730990665584416 0.9298215426649852 0.5 0.3720124132140004 0.3047882478093108 0.2691658604738535 0.4998235083472033 0.4987205484460695 0.2395526674233825
5 0.6650696187683285 0.6740435927442949 0.055675650609212 0.0556764164891247 0.0025429614878187 0.0029710634631951 0.0013118120213762 0.003052952179781 0.2365059113300492 0.4398268518518519 0.2416742504409171 0.9999 0.0001 0.1154615384615384 0.3065097668810289 0.2743326729526433 0.9560447010184532 0.016793824336688 0.6828976663961039 0.9999 0.9999 0.4655280213816126 0.3755612960225019 0.3197815131378119 0.5217588994805064 0.4371240950639854 0.7678238365493757
6 0.6023255718475072 0.6038411351667642 0.2179969492138055 0.2179964762412171 0.0005388161385626 0.0009613190389585 0.000595741281472 0.0007206935558844 0.4285857142857142 0.4166833333333333 0.8112252204585537 0.9999 0.0001 0.1154615384615384 0.7754674035369775 0.2472165801462019 0.8990832207320762 0.004444967978042 0.8154807224025975 0.9999 0.9999 0.3150061830544576 0.2356015542173019 0.2348664780332026 0.5502496948605438 0.5130991468616697 0.0868022928490351
6 0.6093622873900293 0.6108613809245174 0.1026707483790283 0.1026703671867922 0.0005191676547463 0.0008656169235187 0.000540658916864 0.0007411360757211 0.4975374384236453 0.4305694444444444 0.238147619047619 0.9999 0.0001 0.3077307692307692 0.463331290192926 0.1962679838965992 0.9999 0.0059314043915827 0.8984592532467532 0.9999 0.5 0.3110337661539722 0.2356015542173019 0.2241141733392819 0.4998235083472033 0.5535541864716637 0.0763617026106697
6 0.1953688563049853 0.1978369221767115 0.0584349892985482 0.0584421438370389 0.0035253856786306 0.0014398296161577 0.0058836482838411 0.0049967166714231 0.4679866995073891 0.4166833333333333 0.2222777777777777 0.0001 0.9999 0.1154615384615384 0.4945750401929261 0.4764323021506516 0.0773256529192296 0.0059314043915827 0.5560967329545455 0.9999 0.9999 0.4954644827656829 0.2356015542173019 0.4755725479606453 0.9612735411307812 0.5163891651432054 0.9853739614074914
6 0.6551009384164224 0.6728735517846695 0.0915732405619959 0.0915764185536856 0.0069966178194991 0.0065120417344692 0.0031295300534405 0.0095891244399613 0.3547088669950739 0.4074259259259259 0.8112252204585537 0.9999 0.0001 0.1539153846153846 0.6349207596463022 0.5102214959211782 0.6699266814560856 0.0234256175663311 0.5294178165584416 0.98109333753678 0.9999 0.5575283777418232 0.4569701309004363 0.4086875783689858 0.6648684168053665 0.496892760511883 0.9999
6 0.0640168328445748 0.0802478057343475 0.3096386337470396 0.3096374874970803 0.000434024224876 0.0029710634631951 0.000430494187648 0.0006458239051746 0.4138103448275862 0.5648018518518518 0.816515167548501 0.9999 0.0001 0.1154615384615384 0.1296962620578778 0.4745257018751986 0.0862983462740748 0.0199953796889295 0.9999 0.3995577133249264 0.0001 0.2915402564155078 0.4342203634921208 0.1121070866696409 0.0428109799767993 0.590170871419866 0.0940653121452894
2 0.5002931964809384 0.5078977764774723 0.009995910013975 0.0100028273700389 0.0059290501988169 0.0055550205800708 0.005773483554625 0.0157536223626893 0.3350083743842364 0.921212037037037 0.2822305114638447 0.0001 0.9999 0.0001 0.7461324356913184 0.571762315923297 0.1795538670969042 0.0140496340347666 0.312131737012987 0.9797274905422446 0.9999 0.5426010998013395 0.3525952075294796 0.4716519477774907 0.9101413880062542 0.9691931627056674 0.9999
6 0.7817618181818182 0.7834424224692803 0.1257926294679996 0.1257930616576514 0.0010496767177847 0.0020140423087967 0.0011465649275522 0.0014165155285526 0.4482862068965517 0.4166833333333333 0.816515167548501 0.9999 0.0001 0.1154615384615384 0.4126983319935692 0.2807939294416782 0.4958161036603812 0.0051310155535224 0.4465407264610389 0.9999 0.9999 0.3822506011018494 0.2521140636832426 0.3055311879211965 0.7519544409139053 0.5017668616697136 0.2462482633371168
2 0.0241421114369501 0.1206142188414277 0.3415939261836712 0.3415972773679128 0.0373404263263741 0.0289063367473915 0.0085276017850256 0.0517433254503171 0.2118802955665024 0.4074259259259259 0.2275677248677248 0.0001 0.9999 0.0001 0.0608796422829582 0.4843764699650387 0.3616289704547746 0.1408540942360475 0.5513290178571428 0.3722407734342161 0.0001 0.7073540192926044 0.6948151635353936 0.4208954352267123 0.1805753215312452 0.5006701889092017 0.9999
6 0.6199173607038123 0.6213917495611468 0.0724097542868399 0.0724093403666044 0.0004274747302706 0.0009613190389585 0.000485576552256 0.0005127318878414 0.3990349753694581 0.4120546296296296 0.2346209876543209 0.9999 0.0001 0.9999 0.4344986334405145 0.2943519758448988 0.8878925582333368 0.0059314043915827 0.8154807224025975 0.9999 0.0001 0.2898407172261249 0.2356015542173019 0.2121176063117852 0.4438000151308822 0.4603370018281536 0.0662615664018161
0 0.0364563636363636 0.0410514335868929 0.9999 0.9999 0.0017766706189855 0.0024925528859959 0.0017524709382403 0.0023988778003658 0.3694842364532019 0.4074259259259259 0.2346209876543209 0.0001 0.9999 0.0001 0.0917215434083601 0.3247516580146202 0.3819939598668952 0.008446912168344 0.436295211038961 0.9999 0.9999 0.4322743871218792 0.2806684468645198 0.3502307253387184 0.8088856054874666 0.4957351614868982 0.562076118047673
6 0.4891517302052786 0.5149180222352253 0.0213876363815927 0.0213887605300313 0.0024381695741321 0.0067034459653489 0.0024134593135364 0.0027824553772166 0.3596339901477832 0.3657675925925926 0.2346209876543209 0.9999 0.0001 0.9999 0.7033355305466238 0.7776751456722111 0.5361428153675507 0.0404624656907593 0.6998382711038962 0.6089525641025642 0.0001 0.4616579863600057 0.5041281273664853 0.3361447366567262 0.2678630503858374 0.415068787324802 0.9988786379114644
6 0.4586592961876833 0.4681163838502048 0.06111307129394 0.0611146764401545 0.0038594099035066 0.0031624676940748 0.0019177180320643 0.0053695123285288 0.4138103448275862 0.4444555555555555 0.238147619047619 0.0001 0.9999 0.0001 0.823287419614148 0.2436152240703464 0.6441175859634971 0.016793824336688 0.6419156047077923 0.9999 0.9999 0.5036959858275135 0.3755612960225019 0.3596448611078498 0.6777775205527817 0.5063363315051798 0.9446329625425652
5 0.582388211143695 0.5851204798127561 0.121981112867788 0.1219805493704321 0.0004602222032976 0.0010570211543983 0.000430494187648 0.0006415111372766 0.507387684729064 0.4120546296296296 0.7036629629629629 0.9999 0.0001 0.1154615384615384 0.7687364348874598 0.2751800508528446 0.6333301905818292 0.0061600869167429 0.9153998579545454 0.9999 0.0001 0.2980107911606283 0.2670402185280012 0.1985011505858595 0.3164738941846976 0.544537099329677 0.0718223155505107
5 0.7846937829912024 0.786367524868344 0.2324446974793599 0.2324442803803229 0.0006239595684329 0.001248425385278 0.0006508236460801 0.0008654300465423 0.4581364532019704 0.4166833333333333 0.823568430335097 0.9999 0.0001 0.0770076923076923 0.4104881631832797 0.2697780167390613 0.9082575476454572 0.0051310155535224 0.7100837865259741 0.9999 0.9999 0.3303429885104553 0.2521140636832426 0.2445858102237772 0.5456609118878298 0.5290618281535648 0.1116554370034052
1 0.0223829325513196 0.0346162083089526 0.0880292163770152 0.088029626819818 0.0016653292106935 0.004215190963913 0.0019728003966723 0.0013614846101737 0.2069551724137931 0.2222777777777777 0.2275677248677248 0.9999 0.0001 0.1154615384615384 0.0563588424437299 0.5218729420489459 0.757939729756983 0.0194236733760292 0.5490973214285715 0.5196471836906263 0.0001 0.4262133798922727 0.3955709963578667 0.3002958954610562 0.3788006607151863 0.2932162583790371 0.7273098070374575
3 0.691457302052786 0.6945193095377413 0.0938323306947743 0.093831731377814 0.0003619797842164 0.001248425385278 0.000430494187648 0.0005578434400548 0.6255906403940887 0.4768564814814814 0.2346209876543209 0.0001 0.9999 0.0385538461538461 0.2497486133440514 0.4414779637673482 0.4958161036603812 0.008446912168344 0.8549411728896104 0.8497618957545187 0.0001 0.270859116882053 0.2806684468645198 0.1827952732054382 0.2476925757805013 0.6292855332114564 0.0662615664018161
0 0.5694875659824047 0.5704949678174371 0.0956044198078276 0.0956048191629468 0.0008007959227791 0.0013441275007179 0.0010914825629441 0.0011317865919246 0.4926123152709359 0.4166833333333333 0.823568430335097 0.0001 0.9999 0.1154615384615384 0.8482020498392282 0.299754009958682 0.4162716648179893 0.0037589204025617 0.5264760349025974 0.9999 0.9999 0.3556517889692179 0.2171782085031192 0.3002958954610562 0.791740702072931 0.5327174040219378 0.1698730760499432
6 0.8163590029325513 0.8255638970157987 0.0932203253013319 0.0932196498597023 0.0006239595684329 0.0021097444242366 0.00037541182304 0.0010123229211492 0.6058901477832512 0.4814851851851852 0.7107162257495591 0.9999 0.0001 0.2308230769230769 0.2651193327974276 0.3040968216972136 0.2109078854492286 0.0145069990850869 0.9999 0.8247563892391762 0.0001 0.3303429885104553 0.3825196242472323 0.1642017681452086 0.1051881726938014 0.6278842291285801 0.1181240635641316
2 0.0229693255131964 0.1241243417203042 0.1461805116328551 0.1461846109627571 0.0451343249068148 0.0235470182827606 0.0070954603052173 0.0612647956495137 0.1872546798029556 0.4120546296296296 0.2310943562610229 0.0001 0.9999 0.0001 0.0577653135048231 0.4540827100328424 0.3790702732681254 0.1473715462031107 0.7124169237012987 0.5074596258932325 0.0001 0.7242470293075552 0.7020619198730664 0.4303095709958437 0.1892990517980531 0.4903127239488117 0.9999
5 0.0358699706744868 0.0369562902282036 0.0611448807864509 0.0611446373953005 0.0003095838273731 0.000674212692639 0.000595741281472 0.0003016650269118 0.3005325123152709 0.2685648148148148 0.816515167548501 0.9999 0.0001 0.6576607692307692 0.0726337218649517 0.459061055196525 0.5966328829283049 0.0025011665141811 0.7462981331168832 0.9999 0.9999 0.2520618039199623 0.1721473693700191 0.2348664780332026 0.701528254400565 0.3617583059110298 0.0533243132803632
2 0.0229693255131964 0.098383440608543 0.0253791500374895 0.0253818087526292 0.0270904672689039 0.0168478702019718 0.0050023304501129 0.0368462488323001 0.1971049261083743 0.4120546296296296 0.2346209876543209 0.0001 0.9999 0.0001 0.0576648512861736 0.3606592965356499 0.3480187052536049 0.1102106358645928 0.7477183035714285 0.4978986969314838 0.0001 0.6787280459581789 0.6573195088529084 0.392653027919318 0.1737677863519443 0.4915312492382693 0.9999
5 0.642200293255132 0.6424524868344061 0.2328432788927835 0.2328428612103504 0.000355430289611 0.000674212692639 0.0006508236460801 0.0004694316981452 0.4926123152709359 0.3981685185185185 0.4232957671957671 0.9999 0.0001 0.3077307692307692 0.5 0.4952864604301303 0.6333301905818292 0.0038732616651418 0.8730990665584416 0.9999 0.9999 0.2687090974256046 0.1962671703148101 0.2445858102237772 0.683173122509709 0.5257108836075564 0.0718223155505107
3 0.7248817008797654 0.724355354008192 0.1279787811276355 0.1279779777902541 0.0001982424190811 0.0004828084617593 0.000265247093824 0.0002653515212104 0.5369384236453202 0.4953712962962963 0.2346209876543209 0.0001 0.9999 0.0385538461538461 0.1744019493569131 0.3090751668608963 0.66387767470001 0.0034158966148215 0.9999 0.9999 0.0001 0.1904279128351117 0.1721473693700191 0.1414528964237912 0.3317530286982397 0.606194478976234 0.0185980022701475
1 0.1144466275659824 0.1252943826799297 0.0929110107204026 0.0929151109994262 0.0051955068030107 0.0100530200057432 0.0046167538978568 0.0073636499492199 0.4729118226600985 0.4120546296296296 0.2275677248677248 0.9999 0.0001 0.1154615384615384 0.2890293408360129 0.5231440088992478 0.3378362105475446 0.0178228956999085 0.2056189529220779 0.79733438419504 0.9999 0.5306633727241076 0.3825196242472323 0.4288070655364313 0.8309722751803097 0.5148660085313833 0.999559545970488
0 0.0094822873900293 0.0129704505558806 0.060189055599864 0.0601895067917893 0.0009776322771252 0.0017269359624772 0.0010914825629441 0.0015077736972749 0.4876871921182266 0.4907425925925926 0.2310943562610229 0.9999 0.0001 0.1154615384615384 0.0238090836012861 0.3011309990465092 0.522330916607845 0.0068461344922232 0.5193751826298701 0.9999 0.9999 0.3753295860896636 0.2521140636832426 0.3002958954610562 0.7386923538608969 0.5793869226081657 0.2295660158910329
0 0.9213233431085044 0.9238473376243418 0.0331540677881101 0.0331565610823476 0.0025691594662404 0.0032581698095146 0.0025236240427524 0.0033298318788346 0.3941098522167487 0.4027972222222222 0.8341483245149912 0.0001 0.9999 0.1923692307692307 0.1383360128617363 0.3159601123000318 0.260610557628315 0.006503110704483 0.3333328530844155 0.9999 0.9999 0.4664699346672947 0.2806684468645198 0.3882159414844905 0.8695987340495285 0.4728268860450944 0.8068625652667423
0 0.8181181818181819 0.8208837331772967 0.0849797412269318 0.0849810033581471 0.001815967586618 0.0023968507705561 0.0016973885736323 0.0022806217046018 0.315307881773399 0.4120546296296296 0.8270950617283951 0.0001 0.9999 0.1923692307692307 0.3424752411575563 0.2825946074796058 0.3949993243924574 0.006503110704483 0.4536415787337662 0.9999 0.9999 0.4343220246994491 0.2806684468645198 0.3468735647028436 0.8023806274272457 0.4597277391834247 0.5404005448354142
2 0.0229693255131964 0.1112538911644236 0.0491578624875577 0.049162103827696 0.0413028705626486 0.0205802527041255 0.0068751308467853 0.0559362846561398 0.2315807881773399 0.4027972222222222 0.2275677248677248 0.0001 0.9999 0.0001 0.0578657757234726 0.4268606949888759 0.4340154179691439 0.1290769441903018 0.7134313311688312 0.5254257671290458 0.0001 0.7163431482581358 0.6812590422271105 0.4303095709958437 0.2167813234478236 0.4892160511882997 0.9999
2 0.0253148973607038 0.100723522527794 0.0278404191480915 0.0278433823425186 0.026599255173498 0.0169435723174116 0.005332824637761 0.0364361046051975 0.2463561576354679 0.4120546296296296 0.2346209876543209 0.0001 0.9999 0.0001 0.0635921221864951 0.4271784617014514 0.37836455581325 0.1102106358645928 0.7434577922077922 0.5074596258932325 0.0001 0.6770899358961231 0.6573195088529084 0.4009872378894968 0.1889460684924597 0.4950649725776965 0.9999
5 0.4111614662756598 0.417219602106495 0.5507766148607471 0.5507758858661388 0.0010496767177847 0.0018226380779171 0.0007609883752961 0.001542620861891 0.5123128078817735 0.4398268518518519 0.2346209876543209 0.0001 0.9999 0.0001 0.9500707395498392 0.3107699226612989 0.810868538872643 0.0118771500457456 0.7970185064935066 0.9999 0.0001 0.3822506011018494 0.32569928599762 0.2616063798811844 0.40527440863469 0.5491065691651432 0.2598664245175936
6 0.0569801173020527 0.0603571094207138 0.212942782850468 0.2129423942960186 0.000545365633168 0.0017269359624772 0.0008160707399041 0.0007794334546556 0.5123128078817735 0.4166833333333333 0.2275677248677248 0.9999 0.0001 0.1154615384615384 0.1438614348874598 0.3852332556414874 0.9082575476454572 0.0068461344922232 0.5193751826298701 0.7747453762084909 0.9999 0.3162757183525508 0.2521140636832426 0.2445858102237772 0.5456609118878298 0.5520310298598416 0.1116554370034052
5 0.4393083284457478 0.4470556465769456 0.025546130618031 0.0255466325161575 0.0018028685974071 0.0019183401933569 0.0010914825629441 0.0026099446612954 0.4335108374384236 0.4444555555555555 0.2346209876543209 0.0001 0.9999 0.0001 0.874724075562701 0.290538775293993 0.9999 0.0143926578225068 0.9033284090909092 0.9999 0.5 0.433646304298851 0.3525952075294796 0.3002958954610562 0.4998235083472033 0.5326564777574649 0.5422162996594778
6 0.7577197067448681 0.8004080163838502 0.1156149782346421 0.1156174278528381 0.0130090538672675 0.0127326792380587 0.0044515068040328 0.0207875713086278 0.5172379310344828 0.4768564814814814 0.7600890652557319 0.9999 0.0001 0.3961746153846153 0.3466946543408359 0.4914732598792244 0.571428688111324 0.0536117108874656 0.5910937905844156 0.553373097940311 0.0001 0.61318316710017 0.5777133496808626 0.3904696996736093 0.2855122156655066 0.5786558074344912 0.9999
6 0.641613900293255 0.6459626097132827 0.0053689767134899 0.0053693541036384 0.0013771514480553 0.001248425385278 0.0009813178337281 0.0019845070607231 0.438435960591133 0.4398268518518519 0.2222777777777777 0.0001 0.9999 0.5576807692307693 0.3639741559485531 0.1826040152558534 0.8219583845921146 0.0102763723696248 0.9999 0.9999 0.9999 0.4082965510885371 0.3047882478093108 0.2889801512198557 0.5888257275432491 0.5333875929311395 0.312750283768445
0 0.6257812903225807 0.6254868929198362 0.017890979842845 0.0178914159252222 0.0004995191709301 0.0015355317315975 0.0010364001983361 0.0004765908928559 0.2857571428571428 0.2593074074074074 0.823568430335097 0.9999 0.0001 0.6576607692307692 0.7366889871382636 0.4414779637673482 0.3277545326207522 0.002386825251601 0.3434769277597402 0.9999 0.9999 0.3068975382472812 0.1721473693700191 0.2948023598750793 0.8360148938316437 0.3481717489335771 0.1090452894438138
6 0.3108882697947214 0.3125009362200117 0.0387248880879202 0.0387257557987971 0.0011937655991038 0.0007699148080788 0.0013668943859842 0.0016368117127839 0.4285857142857142 0.4166833333333333 0.8112252204585537 0.9999 0.0001 0.1539153846153846 0.6313041197749196 0.1269948405551435 0.3277545326207522 0.0037589204025617 0.8871993303571428 0.9999 0.9999 0.3946592848219223 0.2171782085031192 0.3241246929814262 0.8360148938316437 0.508285971968312 0.2328570715096481
4 0.361318064516129 0.3616426565242832 0.1709467047208952 0.1709470708193718 0.00065670704146 0.0013441275007179 0.0011465649275522 0.0009578957902761 0.5369384236453202 0.4166833333333333 0.2416742504409171 0.0001 0.9999 0.2308230769230769 0.9074747588424438 0.2913861531941943 0.2941825451245336 0.0034158966148215 0.3912555194805194 0.9999 0.9999 0.3356054170848096 0.1721473693700191 0.3055311879211965 0.852806813940586 0.5572706886045095 0.1247061748013621
5 0.7559605278592375 0.7612116442363955 0.0407171019699715 0.0407183518671334 0.0015081413401636 0.0056507226955106 0.0021931298551044 0.0023238356389401 0.5320133004926109 0.4444555555555555 0.2346209876543209 0.0001 0.9999 0.5192269230769231 0.0813739348874598 0.563924070346435 0.5479383785418978 0.0118771500457456 0.2560350040584415 0.7305129466162253 0.9999 0.4168966289143301 0.32569928599762 0.3434224974757555 0.7258841024865083 0.5704307617306521 0.7118758910329172
0 0.9113546627565982 0.9127319485078994 0.2595847413390192 0.2595850547201102 0.0009645332879144 0.0011527232698382 0.0012016472921602 0.0012304627214316 0.438435960591133 0.3426240740740741 0.816515167548501 0.0001 0.9999 0.1154615384615384 0.1498891680064308 0.3834325776035597 0.4718217101946153 0.0051310155535224 0.7657747564935065 0.9999 0.9999 0.3740190980400188 0.2521140636832426 0.3105082372555005 0.7639558733040804 0.4738626325411335 0.2632709648127128
3 0.4041247507331378 0.4049341720304271 0.113661582716333 0.113660800334767 0.0001916929244757 0.0005785105771991 0.000265247093824 0.0002475829174705 0.5024625615763547 0.4814851851851852 0.2346209876543209 0.0001 0.9999 0.0385538461538461 0.9811135651125402 0.4540827100328424 0.5677992840576788 0.004330626715462 0.9999 0.9999 0.0001 0.1850221496303274 0.1962671703148101 0.1414528964237912 0.2836968729510263 0.5827987934186473 0.0221160272417707
6 0.9412607038123167 0.9431530134581628 0.0855553158940844 0.0855548057124861 0.0004602222032976 0.0009613190389585 0.000430494187648 0.0005497354364065 0.4039600985221674 0.328737962962963 0.8112252204585537 0.9999 0.0001 0.2308230769230769 0.0846891881028939 0.2751800508528446 0.6333301905818292 0.0058170631290027 0.9999 0.9999 0.0001 0.2980107911606283 0.2670402185280012 0.1985011505858595 0.3164738941846976 0.4557066057282145 0.0718223155505107
3 0.1883321407624633 0.1896466354593329 0.0222295481555316 0.022228899601324 0.0001982424190811 0.0005785105771991 0.000265247093824 0.0002667316069378 0.5960399014778326 0.453712962962963 0.2310943562610229 0.0001 0.9999 0.0385538461538461 0.4750853697749196 0.4162684712363598 0.5677992840576788 0.004330626715462 0.9999 0.9999 0.0001 0.1904279128351117 0.1962671703148101 0.1414528964237912 0.2836968729510263 0.6106420962827543 0.0221160272417707
5 0.2909509090909091 0.3060657109420714 0.29914281056801 0.2991456077235534 0.007789106666754 0.0063206375035895 0.0033498595118726 0.0101835101116678 0.2759068965517241 0.4027972222222222 0.7777222222222222 0.0001 0.9999 0.0001 0.5975488143086817 0.3152186566373556 0.5705213370979128 0.0196523559011893 0.4548588676948051 0.8948348465741909 0.9999 0.5671727507321768 0.4292810320579857 0.4068094465447202 0.71458863670752 0.4736189274832419 0.999786515323496
6 0.7782434604105573 0.77700719719134 0.1098848023900255 0.1098864901908702 0.0007745979443574 0.001248425385278 0.0020278827612803 0.0011665475011827 0.5467886699507389 0.453712962962963 0.2240410934744268 0.0001 0.9999 0.0001 0.0327502210610932 0.4414779637673482 0.1317667137239084 0.0026155077767612 0.3477374391233765 0.9999 0.9999 0.3523346160935547 0.1435929861887418 0.3654670697630732 0.9340434004135776 0.5712837294332724 0.2132242224744608
1 0.7102218768328445 0.7167500877706261 0.0642873197560517 0.0643089455732423 0.0114371751619686 0.0196232315497271 0.0162391328301471 0.0160974362195203 0.4581364532019704 0.4444555555555555 0.238147619047619 0.0001 0.9999 0.5192269230769231 0.196302713022508 0.7124270473567116 0.0534320762327316 0.0134779277218664 0.0741517451298701 0.9999 0.9999 0.601654967538452 0.3441586852259205 0.5795740977293541 0.973224547334443 0.5095044972577697 0.9999
1 0.0001 0.0077052662375658 0.0132416335585325 0.0132445411004787 0.0023988726064997 0.0049808078874317 0.0031295300534405 0.0028675031601657 0.3891847290640394 0.375025 0.2205144620811287 0.9999 0.0001 0.1154615384615384 0.0001 0.6194273228096198 0.3345092568317032 0.012791880146386 0.3108130073051947 0.8873752206809584 0.9999 0.4601632109283798 0.3352174137247124 0.3989682461784112 0.83263633933525 0.4354181596587447 0.9711883768444948
2 0.1466982404692082 0.2159725570509069 0.2791635995103285 0.2791709701156339 0.0401305110282798 0.0305332727098688 0.01089614346317 0.0547419929698173 0.1971049261083743 0.4490842592592592 0.7741955908289242 0.0001 0.9999 0.0001 0.3015871181672026 0.59337045237843 0.917935958455178 0.0827687328453797 0.375430762987013 0.5519021857923496 0.0001 0.7137631249103981 0.6450613140528652 0.4820990560499683 0.4588270187118575 0.4928107007921998 0.9999
6 0.4674551906158358 0.4839119368051492 0.0562313539711156 0.0562328122217079 0.0022940806928131 0.0053636163491911 0.0024134593135364 0.0038349432550518 0.5861896551724137 0.4907425925925926 0.238147619047619 0.0001 0.9999 0.0385538461538461 0.7834039188102894 0.7312812056361904 0.9406197337904608 0.0269701967063129 0.5905865868506495 0.7311433375367801 0.0001 0.4560269830216888 0.4437384912192132 0.3534470260877733 0.4701729106773592 0.6145413772090189 0.9938853121452896
5 0.1983008211143695 0.201347045055588 0.0298850840335325 0.0298871970102691 0.0018749130380667 0.0028753613477553 0.0022482122197124 0.0026544524260031 0.4581364532019704 0.4074259259259259 0.2628340388007054 0.0001 0.9999 0.0001 0.4936708802250804 0.3364031041423879 0.2437741554905717 0.0067317932296431 0.3127403814935064 0.9999 0.9999 0.4373115755627009 0.2521140636832426 0.3762193744569939 0.8780199071972563 0.5201665935405241 0.6111014982973892
6 0.2657360117302053 0.273304564072557 0.1070824862265463 0.1070836389859369 0.00248401603637 0.0031624676940748 0.0016423062090242 0.0033049903357419 0.3941098522167487 0.4398268518518519 0.2346209876543209 0.0001 0.9999 0.3461846153846153 0.6693793006430868 0.3165956457251828 0.6175019562367652 0.0134779277218664 0.5225198457792208 0.9999 0.9999 0.4633780019251643 0.3441586852259205 0.3434224974757555 0.6910900337923035 0.4859260329067641 0.7868892622020432
2 0.0739855131964809 0.0931182562902282 0.0415111069537365 0.0415112003819745 0.0013967999318716 0.0046937015411122 0.0016973885736323 0.0021821180858108 0.561564039408867 0.4490842592592592 0.2310943562610229 0.0001 0.9999 0.0001 0.1865578778135048 0.6503566161669669 0.3732229000705859 0.0294857044830741 0.7361540584415585 0.4395875367801597 0.0001 0.4096275155139574 0.4569701309004363 0.2691658604738535 0.1863743329802794 0.5798743327239487 0.7822363904653803
0 0.4146798240469208 0.4154645406670568 0.0618056401962599 0.0618053958379683 0.000434024224876 0.0008656169235187 0.000595741281472 0.0005130769092733 0.3990349753694581 0.3426240740740741 0.2346209876543209 0.9999 0.0001 0.2308230769230769 0.954491077170418 0.2573851149486174 0.6974496621962287 0.004330626715462 0.6955777597402597 0.9999 0.9999 0.2915402564155078 0.1962671703148101 0.2348664780332026 0.6511020678872245 0.4519901035953687 0.0639918728717366
5 0.6117078592375367 0.6272419543592744 0.3384173671046701 0.3384178731817227 0.0014491958887149 0.00603353115727 0.0027439535011845 0.002085339574179 0.4729118226600985 0.4444555555555555 0.2416742504409171 0.9999 0.0001 0.1539153846153846 0.4243519493569131 0.7922924144506834 0.7555201270545528 0.0260554666056724 0.5085210227272726 0.4852908785203867 0.0001 0.4131289757716017 0.4390515343839025 0.3282800596426138 0.3775904322388661 0.5318644363193176 0.9661950510783202
5 0.6046711436950147 0.609106319485079 0.0474527042437344 0.0474526349344671 0.0008400928904115 0.0013441275007179 0.0007059060106881 0.0010757206092502 0.3350083743842364 0.4166833333333333 0.8129885361552028 0.9999 0.0001 0.1154615384615384 0.7654211816720258 0.3342846593918847 0.8558328224261369 0.0078752058554437 0.9322390219155844 0.9999 0.0001 0.3604227845249555 0.3047882478093108 0.2534599830934322 0.4277644878196399 0.4780056185252894 0.1942722814982974
5 0.3935696774193548 0.3967438853130485 0.0253840023329573 0.0253839653252361 0.0007483999659358 0.0010570211543983 0.0007059060106881 0.0010678713716758 0.3990349753694581 0.4768564814814814 0.816515167548501 0.9999 0.0001 0.1154615384615384 0.79787047829582 0.2489113359466045 0.9159196228698194 0.0058170631290027 0.9153998579545454 0.9999 0.9999 0.3488741085874619 0.2670402185280012 0.2534599830934322 0.5418285217128158 0.5400285557586837 0.1410479682179341
6 0.9219097360703812 0.9396428905792862 0.0255820222003799 0.025587684416139 0.0103696075412864 0.016752168086532 0.0070954603052173 0.011185538605096 0.1429285714285714 0.3426240740740741 0.820041798941799 0.0001 0.9999 0.9999 0.0974478898713826 0.5504719461807394 0.4372415549057175 0.0241116651418115 0.2045031047077922 0.6551812316099203 0.9999 0.5928706023306777 0.4611523385380982 0.4542557517552305 0.7812520552781561 0.3898453138330285 0.9999
1 0.7049443401759531 0.7085598010532475 0.086429884386727 0.0864302971704421 0.0008662908688332 0.0022054465396764 0.0011465649275522 0.0012568568609675 0.5221630541871921 0.4166833333333333 0.2416742504409171 0.0001 0.9999 0.5192269230769231 0.2196099477491961 0.5489890348553872 0.6815206110718969 0.0092473010064043 0.53499705762987 0.9473674232870952 0.9999 0.3634737645155345 0.2931790162633875 0.3002958954610562 0.6590694053563323 0.5458774771480804 0.329092077185017
0 0.0077231085043988 0.0118004095962551 0.1931279336741866 0.1931318102471248 0.0038004644520579 0.0044065951947927 0.0036803536995206 0.0040776658323529 0.2512812807881773 0.3333666666666666 0.816515167548501 0.9999 0.0001 0.0770076923076923 0.0155711816720257 0.2320697001801038 0.1597937783603912 0.0058170631290027 0.2228638798701298 0.9999 0.9999 0.502303592274766 0.2670402185280012 0.4272576067814121 0.9200249205628688 0.3886877148080438 0.9363485811577752
1 0.0118278592375366 0.0194056758338209 0.1519929454387348 0.1519934162999246 0.0012985575127904 0.0026839571168756 0.0013668943859842 0.0016756266238662 0.4335108374384236 0.3796537037037037 0.2240410934744268 0.9999 0.0001 0.1154615384615384 0.0297363545016077 0.5104333403962285 0.8078440354946053 0.012791880146386 0.580138189935065 0.8685685582177386 0.9999 0.4027065005017716 0.3352174137247124 0.3105082372555005 0.5958853936551167 0.4758731992687385 0.5349532803632236
6 0.1760178885630498 0.1802863077823288 0.2048989863144828 0.2048987635744884 0.0008990383418602 0.0010570211543983 0.0008160707399041 0.0012300314446417 0.4187354679802955 0.4074259259259259 0.7565624338624339 0.9999 0.0001 0.2308230769230769 0.3640746181672026 0.2173465091641064 0.9223718967429666 0.0066174519670631 0.9999 0.9248834804539724 0.9999 0.3671185594036087 0.2806684468645198 0.2616063798811844 0.5386012457759621 0.511941547836685 0.1758877639046537
2 0.0229693255131964 0.1211992393212404 0.1067613874994809 0.1067726304078401 0.075353693016187 0.0621149708050158 0.0244464051567406 0.1156243023220101 0.1281532019704433 0.4907425925925926 0.3086802469135802 0.0001 0.9999 0.0001 0.0559569935691318 0.616991111346541 0.9295298880709892 0.1386816102470265 0.2539047483766233 0.3287437999159311 0.0001 0.7698888709115858 0.6975552306083446 0.5175487942329818 0.4646260301608917 0.5542853016453382 0.9999
5 0.6363363636363636 0.6401124049151551 0.4204723791842954 0.420471840913559 0.0009317858148873 0.0013441275007179 0.0007609883752961 0.001382703428232 0.4975374384236453 0.4490842592592592 0.238147619047619 0.0001 0.9999 0.0001 0.38959202170418 0.2508179362220574 0.9999 0.0092473010064043 0.8646794845779221 0.9999 0.5 0.3706404960370286 0.2931790162633875 0.2616063798811844 0.4998235083472033 0.5573925411334552 0.195747582292849
6 0.6820750146627567 0.6828188999414863 0.1548713579184387 0.1548707462802465 0.0004274747302706 0.000674212692639 0.000430494187648 0.0006212411281558 0.5123128078817735 0.4861138888888889 0.6930830687830688 0.9999 0.0001 0.1154615384615384 0.5569620779742767 0.0757284775929653 0.8738790259150953 0.0039876029277218 0.9999 0.9999 0.0001 0.2898407172261249 0.2171782085031192 0.1985011505858595 0.4367907752055278 0.5754876416819013 0.0491253802497162
6 0.2018191788856304 0.2054421884142773 0.0083443580819861 0.0083444230353237 0.0006894545144871 0.0010570211543983 0.0007609883752961 0.000482973789345 0.1429285714285714 0.1574759259259259 0.2275677248677248 0.9999 0.0001 0.9999 0.5098452974276527 0.3778186990147261 0.8447429767066653 0.0076465233302836 0.9153998579545454 0.9999 0.9999 0.3405811763983042 0.2670402185280012 0.2616063798811844 0.5774294093912342 0.2420991224862888 0.1567088535754824
6 0.2199973607038123 0.2247478642480982 0.0325649375018729 0.0325649670040015 0.0004733211925084 0.0018226380779171 0.0008711531045121 0.0005779409384596 0.4285857142857142 0.4120546296296296 0.2346209876543209 0.9999 0.0001 0.9999 0.55414913585209 0.6895478440512767 0.9999 0.0093616422689844 0.6448573863636364 0.8598481504833965 0.5 0.3010617711512073 0.2931790162633875 0.2616063798811844 0.4998235083472033 0.4666124070688605 0.195747582292849
2 0.6357499706744868 0.6395273844353423 0.0138761289563652 0.0138761858129532 0.0007942464281737 0.0014398296161577 0.0009813178337281 0.0019622531783693 0.9604990147783252 0.8101231481481482 0.2822305114638447 0.0001 0.9999 0.0001 0.420232998392283 0.382373355228308 0.9999 0.0091329597438243 0.8096985998376623 0.752681693989071 0.5 0.3548327339381899 0.2931790162633875 0.2616063798811844 0.4998235083472033 0.9620038634978672 0.195747582292849
2 0.3343439882697947 0.3399968987712112 0.0115662052520197 0.0115659574077988 0.0005715636115896 0.0014398296161577 0.0006508236460801 0.0013782181496181 0.9654241379310344 0.8008657407407408 0.2822305114638447 0.0001 0.9999 0.0001 0.8257989750803859 0.4786566691386799 0.5966328829283049 0.0107337374199451 0.9364995332792208 0.808891551071879 0.0001 0.321210524914494 0.3156043020446432 0.2241141733392819 0.2981187622938417 0.968705752589884 0.1452469012485811
0 0.9266008797653958 0.927942480983031 0.2987625600485757 0.2987650496788837 0.0023137291766293 0.0027796592323154 0.0027990358657925 0.0030676155906343 0.4335108374384236 0.3657675925925926 0.7054262786596119 0.0001 0.9999 0.0001 0.0458103094855305 0.339051160080517 0.1933657658566098 0.0053596980786825 0.3235945413961039 0.9999 0.9999 0.456825561676941 0.2521140636832426 0.3989682461784112 0.9032330004539264 0.4845856550883607 0.7603338479001136
2 0.0493570087976539 0.1229543007606787 0.5588760202432042 0.5588782831912072 0.0268088390008712 0.01790059347181 0.0050574128147209 0.0376703325222557 0.315307881773399 0.4166833333333333 0.2310943562610229 0.0001 0.9999 0.0001 0.1243717644694534 0.4200816717872656 0.3949993243924574 0.1078094693504116 0.6869552962662339 0.549590752416982 0.0001 0.6778066090482724 0.6537141574411309 0.4029592763049757 0.1972663892671609 0.5078594881170019 0.9999
5 0.9312920234604106 0.9396428905792862 0.2578442306567878 0.2578450087081333 0.0027590948097973 0.0027796592323154 0.0015321414798082 0.0033465654182789 0.2808320197044335 0.4074259259259259 0.816515167548501 0.9999 0.0001 0.1154615384615384 0.0952377210610932 0.3317425256912808 0.8131873247958051 0.0132492451967063 0.7293575284090908 0.9999 0.9999 0.4730428512912937 0.3755612960225019 0.3361447366567262 0.5932128057699098 0.44144985984156 0.85793066969353
5 0.1455254545454545 0.1469401404330017 0.2744466291717192 0.2744463816565914 0.0004995191709301 0.0010570211543983 0.0008160707399041 0.000699647248542 0.5123128078817735 0.4166833333333333 0.7424559082892417 0.9999 0.0001 0.1539153846153846 0.3024912781350482 0.3783483102023519 0.4958161036603812 0.0033015553522415 0.5771964082792208 0.9999 0.9999 0.3068975382472812 0.1962671703148101 0.2691658604738535 0.7519544409139053 0.543562279098111 0.0965619750283768
0 0.4791830498533724 0.4909321825629023 0.0046814911683267 0.0046933456118218 0.00939373284508 0.0134982961615774 0.0102351550878739 0.0122433743151248 0.2315807881773399 0.4120546296296296 0.7741955908289242 0.0001 0.9999 0.0001 0.9854334405144696 0.7106263693187838 0.1496112836543309 0.0162221180237877 0.1712305397727272 0.891998087431694 0.9999 0.5840043316198005 0.4017361472720061 0.5213050578815132 0.9251179654007162 0.4718520658135283 0.9999
4 0.361318064516129 0.3616426565242832 0.1676463735971846 0.1676468215467444 0.0006239595684329 0.001248425385278 0.0012016472921602 0.0009051075112042 0.5369384236453202 0.4120546296296296 0.2452008818342151 0.0001 0.9999 0.2308230769230769 0.90616875 0.3699804534378642 0.2797657456892206 0.0034158966148215 0.420267573051948 0.9999 0.9999 0.3303429885104553 0.1721473693700191 0.3105082372555005 0.8600177586119938 0.5557475319926873 0.1327635868331441
5 0.4563137243401759 0.4657763019309537 0.0407171789905345 0.0407171195399295 0.000768048449752 0.0028753613477553 0.0009813178337281 0.0009992121067392 0.438435960591133 0.4027972222222222 0.2487275132275132 0.9999 0.0001 0.1539153846153846 0.8343382636655949 0.6420946816400042 0.5415869214480186 0.016793824336688 0.7054175121753247 0.6909033837746952 0.0001 0.3514746083109755 0.3755612960225019 0.2534599830934322 0.2706364906440712 0.4879975258988421 0.3605273325766175
5 0.8169453958944282 0.8179586307782329 0.00673655382977 0.0067370062386718 0.0009121373310711 0.0013441275007179 0.0010364001983361 0.0011650811600974 0.4138103448275862 0.4027972222222222 0.8129885361552028 0.9999 0.0001 0.0770076923076923 0.3405664590032154 0.235459211780909 0.4958161036603812 0.004444967978042 0.5941370129870129 0.9999 0.9999 0.3685519057079076 0.2356015542173019 0.2948023598750793 0.7519544409139053 0.4753248628884826 0.1849665380249716
6 0.0001 0.004780163838502 0.0493331612889011 0.0493367091884056 0.0021106948438615 0.0011527232698382 0.0032947771472646 0.0024103497629746 0.1774044334975369 0.3703962962962963 0.2222777777777777 0.0001 0.9999 0.1154615384615384 0.0001 0.5970777306918106 0.1967935363517192 0.008561253430924 0.9218920657467532 0.9999 0.9999 0.4483278657300265 0.2806684468645198 0.4158244793011952 0.9015185101124727 0.4158608287629494 0.928745107832009
2 0.0241421114369501 0.1106688706846108 0.1494260811362867 0.1494359522494778 0.0704481215567332 0.0623063750358954 0.0230693460415404 0.1070286971351626 0.1872546798029556 0.4861138888888889 0.3086802469135802 0.0001 0.9999 0.0001 0.0588703979099678 0.5358546774022673 0.9402164666733892 0.1223308096980786 0.2219509131493506 0.3086763556116015 0.0001 0.7638892928093064 0.6781944935270997 0.5060921901049615 0.4699712059313058 0.5488019378427789 0.9999
2 0.0217965395894428 0.1252943826799297 0.0985556937401109 0.0985684890679955 0.1029401642941835 0.0933138604384033 0.0307257947220538 0.1565809339424409 0.123228078817734 0.4861138888888889 0.298100352733686 0.0001 0.9999 0.0001 0.0533449758842443 0.5487771903803369 0.9943550771402644 0.1466854986276304 0.1736651176948052 0.2888190416141236 0.0001 0.797654836463432 0.7055591107424903 0.5295688379082819 0.4970500680889696 0.5493502742230347 0.9999
5 0.2076831085043988 0.2142174956114687 0.0311543829114496 0.0311541834168299 0.0008466423850169 0.0017269359624772 0.000595741281472 0.0011285088883221 0.4039600985221674 0.4120546296296296 0.2346209876543209 0.0001 0.9999 0.0001 0.523106310289389 0.2913861531941943 0.6218370777452858 0.0118771500457456 0.8397250608766234 0.9999 0.0001 0.3612008868044319 0.32569928599762 0.2348664780332026 0.3107253089221768 0.4989642535039609 0.1819024517593643
5 0.312061055718475 0.3160110590988882 0.2754125440520566 0.2754129112867391 0.0010562262123901 0.0023011486551163 0.0013118120213762 0.001463783464715 0.4482862068965517 0.4166833333333333 0.8094619047619048 0.9999 0.0001 0.0770076923076923 0.634117061897106 0.4655223116855599 0.5415869214480186 0.006503110704483 0.4724081168831168 0.954196658259773 0.9999 0.3828648923751204 0.2806684468645198 0.3152505201117712 0.7290105260503355 0.5159626812918952 0.3605273325766175
6 0.0053775366568914 0.009460327677004 0.0931419953887809 0.0931425523890051 0.0010038302555468 0.0011527232698382 0.0013118120213762 0.0013580343958553 0.4039600985221674 0.4027972222222222 0.2575440917107583 0.0001 0.9999 0.0001 0.0132605506430868 0.4173276936116113 0.519810497126147 0.0075321820677035 0.8437826907467533 0.908493316519546 0.9999 0.3779096094374015 0.2670402185280012 0.3105082372555005 0.7399530085237304 0.5037774283973188 0.300153484676504
6 0.5982208211143695 0.6026710942071387 0.0550921428240724 0.0550922933944525 0.0007614989551466 0.0022054465396764 0.0009813178337281 0.0012495251555408 0.61574039408867 0.4861138888888889 0.2557807760141093 0.0001 0.9999 0.0001 0.4950773512861736 0.5397738001906982 0.9326552082282948 0.0100476898444647 0.5771964082792208 0.8763433795712484 0.9999 0.3506146005283962 0.3047882478093108 0.2762088548148496 0.5334577747516014 0.6268484826325411 0.2632709648127128
5 0.6715199413489735 0.6757986541837332 0.8088714431202217 0.8088702593365918 0.0007876969335682 0.0013441275007179 0.0007059060106881 0.0011457599599142 0.5123128078817735 0.4120546296296296 0.2310943562610229 0.0001 0.9999 0.0001 0.2945547628617364 0.3847036444538616 0.8558328224261369 0.0101620311070448 0.9322390219155844 0.9999 0.0001 0.354013678907162 0.3047882478093108 0.2534599830934322 0.4277644878196399 0.5498986106032907 0.1942722814982974
6 0.2141334310850439 0.2165575775307197 0.0830881162001329 0.0830906134272883 0.0018225170812234 0.003640978271274 0.0025787064073604 0.0023943062663939 0.4335108374384236 0.3796537037037037 0.2557807760141093 0.0001 0.9999 0.0001 0.5346594654340836 0.3813141328530565 0.1889298275688212 0.0059314043915827 0.2196177759740259 0.9999 0.9999 0.4346496467118602 0.2356015542173019 0.3904696996736093 0.9054517526605136 0.4816611943936624 0.6345928263337117
1 0.7037715542521995 0.7114849034523113 0.0744249973172223 0.0744399845373627 0.0119021892789529 0.0166564659710921 0.0116672965676822 0.0185580428160623 0.4975374384236453 0.453712962962963 0.2346209876543209 0.0001 0.9999 0.5192269230769231 0.2069517081993569 0.59993763110499 0.0887179489765049 0.0151930466605672 0.1014393060064935 0.9849807482135352 0.9999 0.6052178569234234 0.3606351411777433 0.544312172728767 0.9556258082412872 0.5647036928702012 0.9999
6 0.9459518475073314 0.9466631363370392 0.1345647324475275 0.1345650747771661 0.0008466423850169 0.0015355317315975 0.0010914825629441 0.000863791194741 0.3202330049261083 0.2639361111111111 0.7600890652557319 0.9999 0.0001 0.1539153846153846 0.0437006028938906 0.3407459158809196 0.4693012907129172 0.0045593092406221 0.5225198457792208 0.9999 0.9999 0.3612008868044319 0.2356015542173019 0.3002958954610562 0.7652165279669139 0.3730296648385131 0.1989251532349602
5 0.7330912023460411 0.736055763604447 0.2533354468999146 0.2533349222030283 0.0005126181601409 0.001248425385278 0.000595741281472 0.0007162082772705 0.507387684729064 0.4166833333333333 0.816515167548501 0.9999 0.0001 0.0770076923076923 0.508941137459807 0.4855416145778155 0.8318384289603712 0.006503110704483 0.8549411728896104 0.9999 0.0001 0.3096823253527761 0.2806684468645198 0.2348664780332026 0.4157630554294649 0.5408815234613041 0.1247061748013621
2 0.0241421114369501 0.1089138092451726 0.1382130424747836 0.1382243933888443 0.0746725455772241 0.0673785871542069 0.0231795107707564 0.1131929362918167 0.1774044334975369 0.4768564814814814 0.3086802469135802 0.0001 0.9999 0.0001 0.0588703979099678 0.5595812586079034 0.9189441262478572 0.1199296431838975 0.1998368303571428 0.3544847625052543 0.9999 0.7690698158805579 0.675093891312971 0.518816533214361 0.5403157361174156 0.5475834125533212 0.9999
5 0.8644432258064516 0.8688554125219426 0.0957688587097908 0.0957686416606219 0.0008335433958061 0.0016312338470374 0.0007059060106881 0.0012584094574108 0.4975374384236453 0.4814851851851852 0.823568430335097 0.9999 0.0001 0.0770076923076923 0.2432185691318328 0.3275056361902744 0.7310216496924473 0.008446912168344 0.8307982751623377 0.9123807271963008 0.0001 0.3596446822454789 0.3156043020446432 0.2445858102237772 0.3653368689161244 0.5706135405240707 0.1896194097616344
3 0.5876657478005864 0.5985759508484494 0.0115408654867991 0.0115404636387671 0.0004929696763247 0.0028753613477553 0.000540658916864 0.0007235399826971 0.561564039408867 0.4398268518518519 0.2346209876543209 0.9999 0.0001 0.2308230769230769 0.4920634847266881 0.6840398876999684 0.2740191892709489 0.0194236733760292 0.8036121550324675 0.7664452290878521 0.0001 0.3054846683187581 0.3955709963578667 0.1985011505858595 0.1367549654511524 0.5735989274832419 0.2052802951191827
6 0.2334843988269794 0.5628897015798713 0.3550466457960816 0.3550475126354213 0.0666690631694103 0.0566599502249449 0.0091885901603217 0.0946550210142829 0.38425960591133 0.4814851851851852 0.2346209876543209 0.9999 0.0001 0.2308230769230769 0.5821780948553055 0.4273903061765017 0.044963466774226 0.4759883348581884 0.95709200487013 0.1391011979823455 0.0001 0.7589954389989145 0.8846008618513577 0.3468735647028436 0.022186669692843 0.5127945155393053 0.9999
1 0.0147598240469208 0.0246708601521357 0.1870249012841819 0.1870284016877632 0.0037939149574525 0.00603353115727 0.0039006831579527 0.005454387600762 0.438435960591133 0.4398268518518519 0.2275677248677248 0.9999 0.0001 0.1154615384615384 0.037170558681672 0.5913579298654519 0.3388443783402239 0.0161077767612076 0.318319622564935 0.8647862126944094 0.9999 0.5021397812685605 0.3682784861707115 0.4192285932326766 0.8304680133151763 0.5235784643510055 0.9981977298524404
2 0.0229693255131964 0.124709362200117 0.1385275174334326 0.1385330913534337 0.0447282562412792 0.0317774002105867 0.0089682607018897 0.060425703527273 0.1774044334975369 0.4120546296296296 0.2310943562610229 0.0001 0.9999 0.0001 0.0577653135048231 0.5931586079033796 0.4845246243823737 0.1482862763037511 0.5276933238636363 0.5134483396385037 0.0001 0.7234279742765273 0.7029272042118928 0.4554295841453964 0.2420448428910072 0.4879975258988421 0.9999
6 0.6257812903225807 0.6278269748390872 0.034294434243598 0.0342943071733941 0.0006239595684329 0.001248425385278 0.0006508236460801 0.0008103128728055 0.4433610837438423 0.3657675925925926 0.8553081128747796 0.9999 0.0001 0.2308230769230769 0.7453287379421223 0.2697780167390613 0.9082575476454572 0.0050166742909423 0.7100837865259741 0.9999 0.9999 0.3303429885104553 0.2521140636832426 0.2445858102237772 0.5456609118878298 0.4919577330895795 0.1116554370034052
2 0.0229693255131964 0.1118389116442364 0.0458790201009186 0.0458828041175357 0.0379822767977046 0.0192404230879678 0.0058836482838411 0.0519064343322206 0.2020300492610837 0.4027972222222222 0.2310943562610229 0.0001 0.9999 0.0001 0.0577653135048231 0.4256955503760992 0.3923780881314914 0.1297629917657822 0.7689194196428571 0.5637745481294661 0.0001 0.7088692711000062 0.6822685406224082 0.4208954352267123 0.195955308417814 0.4937245947592931 0.9999
2 0.0241421114369501 0.1182741369221767 0.3577177189202422 0.3577210465043901 0.0381656626466561 0.0249825500143581 0.0075912015866894 0.0533531091959358 0.2168054187192118 0.4166833333333333 0.2310943562610229 0.0001 0.9999 0.0001 0.0607791800643086 0.4573662993961225 0.3706016638096199 0.1373095150960658 0.6243663555194806 0.4246682849936948 0.0001 0.7092992749912959 0.6910655980671451 0.4208954352267123 0.1850632521309325 0.5051178062157221 0.9999
5 0.9559205278592376 0.9595335868929198 0.162506021223872 0.1625057835132171 0.0008400928904115 0.0015355317315975 0.0007059060106881 0.0009509091062813 0.3300832512315271 0.3657675925925926 0.816515167548501 0.9999 0.0001 0.1154615384615384 0.0547514469453376 0.3342846593918847 0.8558328224261369 0.0078752058554437 0.8208570819805195 0.9999 0.0001 0.3604227845249555 0.3047882478093108 0.2534599830934322 0.4277644878196399 0.418115100548446 0.1942722814982974
0 0.0733991202346041 0.0761526623756582 0.1023608176335952 0.1023615151813023 0.0011086221692334 0.0018226380779171 0.0013118120213762 0.0016874436079068 0.4975374384236453 0.4814851851851852 0.2205144620811287 0.9999 0.0001 0.1539153846153846 0.1858546422829582 0.261092393261998 0.386228264596148 0.0060457456541628 0.4419758928571428 0.9999 0.9999 0.3875335060519794 0.2356015542173019 0.3197815131378119 0.8067677056539063 0.5686029737964656 0.258164154370034
6 0.9834809970674486 0.9852744880046812 0.1581113819413357 0.1581111506630322 0.0007091029983033 0.001248425385278 0.0007059060106881 0.0005712992758967 0.1183029556650246 0.2593074074074074 0.820041798941799 0.9999 0.0001 0.1154615384615384 0.0048217242765273 0.2970000317830278 0.9159196228698194 0.0058170631290027 0.7825124797077921 0.9999 0.9999 0.3434273926311262 0.2670402185280012 0.2534599830934322 0.5418285217128158 0.2857223278488726 0.1410479682179341
2 0.0229693255131964 0.1118389116442364 0.1390333114705249 0.1390451233066748 0.0774560807845243 0.0564685459940652 0.0202601454465318 0.1175498669331225 0.1330783251231527 0.4814851851851852 0.3051536155202821 0.0001 0.9999 0.0001 0.0560574557877813 0.5819308507257125 0.9279168196027024 0.1257610475754803 0.2532961038961039 0.4302367381252627 0.9999 0.7723460360046696 0.6822685406224082 0.5225258435672858 0.5358278055177284 0.5481926751980499 0.9999
6 0.6392683284457478 0.6582480397893505 0.1776571212705635 0.1776563992608255 0.0008138949119899 0.004215190963913 0.0010914825629441 0.0011899227031901 0.5369384236453202 0.4120546296296296 0.2310943562610229 0.0001 0.9999 0.0001 0.3389590635048231 0.5568272804322492 0.146889230614097 0.0312008234217749 0.8646794845779221 0.2810442202606137 0.0001 0.357269422655498 0.4652263856334067 0.1827952732054382 0.0731675442578302 0.5519701035953687 0.3056007491486946
2 0.0229693255131964 0.1194441778818022 0.1075821186186002 0.1075915888553149 0.0715025901882046 0.0589568009955011 0.0184424274144675 0.1089040611279419 0.138003448275862 0.4814851851851852 0.3086802469135802 0.0001 0.9999 0.0001 0.0559569935691318 0.5604286365081047 0.8089530200665523 0.1361661024702653 0.2633387378246752 0.3802257250945776 0.0001 0.7652202572347268 0.6948151635353936 0.501725533613544 0.4043667372774499 0.5502032419256551 0.9999
2 0.5389951319648094 0.5418289643066121 0.0428556549216856 0.0428554383001329 0.0006632565360654 0.0009613190389585 0.000595741281472 0.001332416554541 0.6600665024630542 0.6758907407407407 0.2822305114638447 0.0001 0.9999 0.0001 0.6621460209003216 0.2119444750503231 0.9082575476454572 0.0074178408051235 0.9999 0.9999 0.0001 0.3366292358735945 0.2670402185280012 0.2348664780332026 0.4539861048065769 0.7858051066422913 0.1116554370034052
6 0.0335243988269794 0.0352012287887653 0.0586549600264202 0.058654951341071 0.000322682816584 0.0007699148080788 0.0007609883752961 0.0003169322252709 0.315307881773399 0.2593074074074074 0.823568430335097 0.9999 0.0001 0.6576607692307692 0.0677110731511254 0.6402940036020766 0.5346305636785318 0.0030728728270814 0.7744986607142857 0.9999 0.9999 0.2571399451123354 0.1962671703148101 0.2616063798811844 0.7325403591062694 0.3649873979280926 0.0880506242905789
6 0.4264076832844575 0.4300900526623756 0.0448258409227245 0.0448279320309548 0.0019797049517533 0.0032581698095146 0.0022482122197124 0.0026858493763007 0.3694842364532019 0.4027972222222222 0.2593074074074074 0.0001 0.9999 0.0001 0.928672286977492 0.4215645831126178 0.2941825451245336 0.0083325709057639 0.3333328530844155 0.9999 0.9999 0.4423692403792983 0.2806684468645198 0.3762193744569939 0.852806813940586 0.4973192443631932 0.7342323723041999
2 0.0253148973607038 0.1065737273259216 0.0106098409214919 0.0106129063564442 0.0289243257584194 0.0204845505886857 0.0063793895653132 0.0395516481347343 0.1872546798029556 0.4120546296296296 0.2346209876543209 0.0001 0.9999 0.0001 0.0635921221864951 0.432156806865134 0.3583020167389331 0.1185575480329368 0.6601749391233767 0.4243530895334174 0.0001 0.6845638130542527 0.6686403122858895 0.4029592763049757 0.178911257376305 0.4941510786106032 0.9999
6 0.1766042815249267 0.196666881217086 0.069169191120002 0.0691717087200276 0.0081296803862354 0.0065120417344692 0.0035701889703046 0.0108358593839238 0.2709817733990148 0.4120546296296296 0.7741955908289242 0.0001 0.9999 0.0001 0.3630699959807074 0.3342846593918847 0.8464568619542201 0.025140736505032 0.5588356331168831 0.7044567885666246 0.9999 0.5710223093780081 0.4652263856334067 0.3904696996736093 0.5765721642205075 0.4828187934186472 0.999786515323496
2 0.0229693255131964 0.1264644236395553 0.1409877082561529 0.1409916611457635 0.0436017431691483 0.0240255288599597 0.0062692248360971 0.0595912691943621 0.1971049261083743 0.4120546296296296 0.2310943562610229 0.0001 0.9999 0.0001 0.0577653135048231 0.470182890136667 0.3593101845316123 0.1508017840805123 0.7140399756493506 0.5629340269020596 0.0001 0.7211550965654249 0.7055591107424903 0.4272576067814121 0.1794155192414384 0.4937245947592931 0.9999
4 0.7782434604105573 0.77700719719134 0.1334521704152755 0.1334524373529 0.0005584646223788 0.0013441275007179 0.0010364001983361 0.0008152294282092 0.5467886699507389 0.4398268518518519 0.2310943562610229 0.0001 0.9999 0.0001 0.0385770297427652 0.2119444750503231 0.2718012201270546 0.0026155077767612 0.3235945413961039 0.9999 0.9999 0.318773836197186 0.1435929861887418 0.2948023598750793 0.8640014273465477 0.5641553564899451 0.0868022928490351
6 0.9318784164222874 0.9343777062609714 0.2346016583456263 0.2346016231917373 0.00065670704146 0.003066765578635 0.0010914825629441 0.000947027615173 0.5320133004926109 0.4166833333333333 0.816515167548501 0.0001 0.9999 0.1154615384615384 0.1058867162379421 0.5793887170251086 0.7478580518301906 0.006503110704483 0.3543310876623375 0.8340021227406473 0.9999 0.3356054170848096 0.2806684468645198 0.2827823161997792 0.6258889746305544 0.5503860207190737 0.2328570715096481
6 0.0006863929618768 0.002440081919251 0.0081439505771111 0.0081477898258434 0.0021696402953102 0.0010570211543983 0.0034600242410886 0.0019399992960154 0.0936773399014778 0.2870796296296296 0.8112252204585537 0.9999 0.0001 0.1539153846153846 0.0013055466237942 0.2832301409047568 0.1055543511142482 0.0030728728270814 0.5771964082792208 0.9999 0.9999 0.450866936326213 0.1962671703148101 0.4208954352267123 0.947154208907046 0.3224608653260207 0.66682247446084
1 0.0810222287390029 0.105403686366296 0.0726991205419572 0.072712492858776 0.0250470249520153 0.0223985928974825 0.0127138614952344 0.031642980618685 0.38425960591133 0.4027972222222222 0.2310943562610229 0.9999 0.0001 0.1154615384615384 0.2042392282958199 0.59008686301515 0.2397414843198548 0.0371465690759377 0.1840120738636363 0.8034281630937368 0.9999 0.6717251254428902 0.4910767552558508 0.5334424847958297 0.8800369546577901 0.4564986471663619 0.9999
6 0.1748451026392961 0.1802863077823288 0.0094549175796006 0.0094549038869828 0.0009448848040981 0.0014398296161577 0.0007609883752961 0.0006924880538313 0.1626290640394088 0.1898768518518518 0.2240410934744268 0.9999 0.0001 0.9999 0.4423346864951769 0.2333407670304057 0.8558328224261369 0.0101620311070448 0.8730990665584416 0.9191048970155528 0.0001 0.3720124132140004 0.3047882478093108 0.2534599830934322 0.4277644878196399 0.2581227300426569 0.1942722814982974
0 0.0622576539589442 0.0667923346986541 0.0622355689788165 0.0622382507683556 0.0029817776263814 0.0011527232698382 0.0026888711365764 0.0044251024142182 0.3744093596059113 0.4907425925925926 0.8112252204585537 0.0001 0.9999 0.4230923076923077 0.1263810088424437 0.2464751244835258 0.2437741554905717 0.006503110704483 0.9218920657467532 0.9999 0.9999 0.4801481536854609 0.2806684468645198 0.3947894028694202 0.8780199071972563 0.5421000487507618 0.8423832690124858
6 0.3671819941348973 0.3739280866003511 0.1512387600860306 0.1512406184192118 0.0024774665417646 0.003640978271274 0.0022482122197124 0.0034621475979461 0.4482862068965517 0.4120546296296296 0.8517814814814815 0.9999 0.0001 0.2308230769230769 0.7356843649517685 0.4762204576756013 0.431192548149642 0.0097046660567246 0.427672747564935 0.9736337116435476 0.9999 0.463132285415856 0.3352174137247124 0.3736369431986286 0.7842776264689564 0.5110276538695917 0.9059346878547104
2 0.0241421114369501 0.1211992393212404 0.3364010457864059 0.3364047126531704 0.0414666079277839 0.0272794007849143 0.0088030136080656 0.0576508686616805 0.2266556650246305 0.4120546296296296 0.2275677248677248 0.0001 0.9999 0.0001 0.0608796422829582 0.4628742557474309 0.3831029444388423 0.141768824336688 0.5884563311688312 0.3853739176124422 0.0001 0.7166912466463228 0.695716501388338 0.4272576067814121 0.1913160992585867 0.5023151980499695 0.9999
2 0.0229693255131964 0.0410514335868929 0.0925460102724384 0.0925488787585024 0.0062106784668496 0.0135939982770173 0.005442989366977 0.010198346033237 0.5861896551724137 0.453712962962963 0.3016269841269841 0.0001 0.9999 0.0001 0.0561579180064308 0.5045016950948193 0.6836377634365232 0.0269701967063129 0.2338194805194805 0.4960075241698192 0.9999 0.5467782804595818 0.4482812339980527 0.4009872378894968 0.6580104554395521 0.5966899817184643 0.999786515323496
5 0.6117078592375367 0.6184666471620831 0.3091558688582784 0.309155647560336 0.0008531918796224 0.0021097444242366 0.0009813178337281 0.0011031498130817 0.438435960591133 0.375025 0.238147619047619 0.9999 0.0001 0.1539153846153846 0.4441430064308682 0.6003613200550906 0.8318384289603712 0.0134779277218664 0.7793678165584416 0.8763433795712484 0.0001 0.3619585127081328 0.3441586852259205 0.2762088548148496 0.4157630554294649 0.4827578671541743 0.3717623155505108
3 0.6932164809384164 0.6910091866588648 0.0128208702229706 0.0128202354400688 0.0001392969676324 0.0001957021154398 0.000265247093824 0.0001610687934361 0.5320133004926109 0.453712962962963 0.238147619047619 0.0001 0.9999 0.0385538461538461 0.2612013062700964 0.3531388176713635 0.7478580518301906 0.0009003888380603 0.9999 0.9999 0.9999 0.1233882585454769 0.0635902383614006 0.1414528964237912 0.6258889746305544 0.5693950152346131 0.008270896708286
2 0.0229693255131964 0.1217842598010532 0.2098617292695626 0.2098656583700075 0.0400912140606473 0.0285235282856322 0.0082521899619855 0.0548750849871505 0.1971049261083743 0.4074259259259259 0.2275677248677248 0.0001 0.9999 0.0001 0.0578657757234726 0.5011121834940142 0.3821955934254311 0.1442843321134491 0.5724286931818182 0.4217264606977721 0.0001 0.7136812194072951 0.6984565684612889 0.4288070655364313 0.1908622635799667 0.4945166361974406 0.9999
6 0.4569001173020528 0.5377338209479228 0.3587256870279669 0.3587257012574101 0.0065119552186986 0.0178048913563702 0.0058285659192331 0.0096696869442965 0.4778369458128079 0.4490842592592592 0.2346209876543209 0.9999 0.0001 0.2308230769230769 0.6457706792604502 0.6794852314863863 0.1247095391751537 0.1194722781335772 0.7665862824675325 0.1394163934426229 0.0001 0.5510578429967026 0.6697579712235404 0.3002958954610562 0.0620737832248953 0.5389318829981719 0.9999
2 0.0229693255131964 0.1241243417203042 0.1830775204108728 0.1830811806330621 0.0409491978539563 0.025078252129798 0.0074810368574734 0.0559864852744728 0.2266556650246305 0.4027972222222222 0.2310943562610229 0.0001 0.9999 0.0001 0.0577653135048231 0.4666874562983367 0.350539124735303 0.1473715462031107 0.6681887581168832 0.4395875367801597 0.0001 0.7155650459786594 0.7020619198730664 0.4225153239251414 0.1750284410147778 0.4939073735527117 0.9999
5 0.4774238709677419 0.4792317729666471 0.0088196519761382 0.0088193311315458 0.0004274747302706 0.0008656169235187 0.000485576552256 0.0004834050661348 0.3645591133004926 0.3055944444444444 0.7671423280423281 0.9999 0.0001 0.2308230769230769 0.9841274316720258 0.2943519758448988 0.8878925582333368 0.0045593092406221 0.8984592532467532 0.9999 0.0001 0.2898407172261249 0.2356015542173019 0.2121176063117852 0.4438000151308822 0.4292036806825107 0.0662615664018161
1 0.0311788269794721 0.0509967817437097 0.1211257224953275 0.1211303206201571 0.0097146580807452 0.0079475734660668 0.0045616715332488 0.0115451371924338 0.3448586206896551 0.375025 0.2275677248677248 0.9999 0.0001 0.1154615384615384 0.0786614549839228 0.505560917470071 0.5094263688615508 0.0304004345837145 0.4444104707792208 0.8973564102564103 0.9999 0.5870143588588281 0.4611523385380982 0.4389255007396623 0.7451469057346044 0.4298738695917123 0.9999
2 0.0229693255131964 0.1211992393212404 0.0991037720662796 0.0991158734078999 0.0787594302110014 0.0579997798411027 0.0199847336234918 0.1192593618725436 0.1478536945812807 0.4814851851851852 0.3016269841269841 0.0001 0.9999 0.0001 0.0561579180064308 0.6267359571988559 0.9940526268024604 0.1390246340347667 0.2729756087662337 0.4455762505254308 0.0001 0.7738203350605198 0.6975552306083446 0.5243335454481414 0.4968987895294295 0.5469741499085923 0.9999
5 0.7342639882697947 0.786367524868344 0.0269977371685228 0.027002627107624 0.0119545852357962 0.0112971475064611 0.0074810368574734 0.0169847450868609 0.4039600985221674 0.4398268518518519 0.8112252204585537 0.9999 0.0001 0.1539153846153846 0.4038576567524115 0.7962115372391144 0.7898986487849148 0.0634450594693504 0.8038150365259741 0.5407652795292138 0.0001 0.6056273844389375 0.60626773286214 0.4416487918848475 0.3947857618399152 0.5143176721511273 0.9999
0 0.0376291495601173 0.0533368636629608 0.0317482114520286 0.031793222092528 0.0715680851342587 0.0459413132956829 0.0333146658586303 0.0946386324962704 0.1035275862068965 0.4814851851851852 0.238147619047619 0.0001 0.9999 0.0770076923076923 0.0945344855305466 0.4346989405657379 0.0440561157608147 0.0244546889295516 0.0509218141233766 0.987712442202606 0.9999 0.7653021627378296 0.4292810320579857 0.6518117430201703 0.9779141826801836 0.4775182084095064 0.9999
2 0.0229693255131964 0.1252943826799297 0.1147493441273053 0.1147535664828693 0.0475707369000281 0.0255567627069972 0.0078115310451214 0.0644719423692046 0.1971049261083743 0.3796537037037037 0.2275677248677248 0.0001 0.9999 0.0001 0.0578657757234726 0.4375588409789172 0.3803808913986085 0.1493153476669716 0.6630152800324676 0.4634373266078184 0.0001 0.7289156429844144 0.7038285420648372 0.4318120764552562 0.1899545922227265 0.489581608775137 0.9999
1 0.0006863929618768 0.007120245757753 0.0376999754563399 0.0377030782604194 0.0026870503691378 0.0046937015411122 0.0031295300534405 0.0019729488427564 0.1626290640394088 0.217649074074074 0.2240410934744268 0.9999 0.0001 0.1154615384615384 0.0016069332797427 0.5303467210509589 0.2770436926489865 0.0110767612076852 0.2898147727272727 0.9435850777637664 0.9999 0.4706061625739857 0.3156043020446432 0.4049078380726512 0.8613792656478539 0.262753126142596 0.958932031782066
0 0.9881721407624634 0.9876145699239322 0.0224655391605035 0.0224699736105966 0.002372674628078 0.003066765578635 0.0039006831579527 0.0022086847360627 0.2217305418719211 0.2685648148148148 0.8306216931216931 0.0001 0.9999 0.1923692307692307 0.0072328175241157 0.304944199597415 0.0925489865886861 0.0030728728270814 0.2006483563311688 0.9999 0.9999 0.4591393921395949 0.1962671703148101 0.4332676286190621 0.9536591869672668 0.336291127361365 0.7475100794551645
6 0.0083095014662756 0.0118004095962551 0.0110627988523797 0.0110635530108386 0.001069325201601 0.0010570211543983 0.0012567296567682 0.0015935977784457 0.4876871921182266 0.4768564814814814 0.8112252204585537 0.0001 0.9999 0.6153615384615385 0.0167767282958199 0.3371445598050641 0.4499444690934758 0.0051310155535224 0.8307982751623377 0.9999 0.9999 0.3840525221701107 0.2521140636832426 0.3152505201117712 0.7748479295909618 0.5568442047531993 0.2807476049943246
1 0.0159326099706744 0.0188206553540081 0.1888933431215237 0.1888939910336425 0.0010365777285739 0.0017269359624772 0.0014770591152002 0.0013720077638449 0.4482862068965517 0.3703962962962963 0.2275677248677248 0.9999 0.0001 0.1154615384615384 0.040083963022508 0.3482663947452061 0.3697951295754765 0.0059314043915827 0.4660173498376623 0.9191048970155528 0.9999 0.3810424949310832 0.2356015542173019 0.3241246929814262 0.8149871740555809 0.491714028031688 0.2737115550510783
5 0.4310988269794721 0.4341851960210649 0.1351346846135825 0.1351343329249405 0.0004929696763247 0.0009613190389585 0.000595741281472 0.0006722180447106 0.4581364532019704 0.4166833333333333 0.2346209876543209 0.0001 0.9999 0.0385538461538461 0.9071733721864952 0.462344644559805 0.9082575476454572 0.0076465233302836 0.9999 0.9999 0.0001 0.3054846683187581 0.2670402185280012 0.2348664780332026 0.4539861048065769 0.5279042291285803 0.1116554370034052
6 0.0300060410557184 0.0422214745465184 0.0139079384488761 0.0139146960380766 0.0074616319364833 0.0083303819278261 0.0063793895653132 0.0103109955307335 0.4581364532019704 0.3796537037037037 0.2346209876543209 0.0001 0.9999 0.6153615384615385 0.0754466639871382 0.5822486174382879 0.2437741554905717 0.0194236733760292 0.2736856939935064 0.862895039932745 0.9999 0.5633027157105699 0.3955709963578667 0.4696329560664052 0.8780199071972563 0.5009138939670933 0.9999
0 0.1115146627565982 0.1147640140433001 0.0158294474541114 0.0158300405948154 0.0009514342987035 0.0009613190389585 0.0011465649275522 0.0018041471072275 0.6108152709359607 0.6249750000000001 0.8112252204585537 0.0001 0.9999 0.4230923076923077 0.2264413786173633 0.3602356075855494 0.4958161036603812 0.0051310155535224 0.9076903612012988 0.9999 0.9999 0.3726881336145985 0.2521140636832426 0.3055311879211965 0.7519544409139053 0.7208577087141987 0.2462482633371168
3 0.189504926686217 0.1931567583382094 0.0278745392574918 0.0278740364817169 0.0002702868597407 0.0009613190389585 0.000430494187648 0.0003868853205769 0.5911147783251232 0.453712962962963 0.2310943562610229 0.0001 0.9999 0.0385538461538461 0.4779987741157557 0.6100002436698804 0.5415869214480186 0.0076465233302836 0.9999 0.8497618957545187 0.0001 0.234800219141049 0.2670402185280012 0.1827952732054382 0.2706364906440712 0.6073520780012188 0.0596794551645857
2 0.0253148973607038 0.1106688706846108 0.1819701957769035 0.1819821758284898 0.0648745016475274 0.0651774384990906 0.0233998402291884 0.097629795799628 0.2069551724137931 0.4768564814814814 0.3086802469135802 0.0001 0.9999 0.0001 0.0616833400321543 0.6508862273545927 0.8760969950589896 0.1207300320219579 0.208560734577922 0.3729762295081967 0.9999 0.7565587502816065 0.6761394432223865 0.5243335454481414 0.5617468653855853 0.5436232053625838 0.9999
1 0.0827814076246334 0.0878530719719134 0.0812472477243381 0.0812478991551323 0.0008007959227791 0.0023011486551163 0.0012567296567682 0.0011654261815293 0.5024625615763547 0.4398268518518519 0.2275677248677248 0.9999 0.0001 0.1154615384615384 0.2090614147909967 0.655652728043225 0.5874585560149238 0.0093616422689844 0.5129844155844155 0.9999 0.9999 0.3556517889692179 0.2931790162633875 0.3152505201117712 0.7061170373732789 0.5497158318098719 0.4017222701475596
6 0.0540481524926686 0.0650372732592159 0.2150494492891082 0.2150487495693695 0.0005912120954059 0.0023011486551163 0.000595741281472 0.0006565195695617 0.3744093596059113 0.296337037037037 0.2240410934744268 0.9999 0.0001 0.1154615384615384 0.1366281551446945 0.552696313168768 0.2985176666330544 0.0178228956999085 0.9187474025974026 0.6847045397225725 0.0001 0.3247529379236898 0.3825196242472323 0.1985011505858595 0.1490589549604075 0.4137284095063986 0.18349123723042
6 0.2094422873900293 0.2159725570509069 0.0711722649014336 0.0711736242628438 0.0014819433617419 0.0039280846175935 0.0021931298551044 0.0018477060629976 0.3941098522167487 0.375025 0.2593074074074074 0.0001 0.9999 0.0001 0.5221016881028938 0.604492287318572 0.5120476051225169 0.0116484675205855 0.3719817775974025 0.7844113703236655 0.9999 0.4152380424764986 0.32569928599762 0.3502307253387184 0.7438358248852575 0.4578390249847654 0.7552270374574348
6 0.0241421114369501 0.1217842598010532 0.200569275366539 0.2005731410477246 0.0390629434075976 0.0288106346319517 0.0075361192220814 0.053359060815635 0.1872546798029556 0.4027972222222222 0.2275677248677248 0.0001 0.9999 0.0001 0.0608796422829582 0.5007944167814388 0.3808849752949481 0.1425692131747483 0.5598500405844156 0.4591296553173603 0.0001 0.7113673889446412 0.6966538927554001 0.4272576067814121 0.1902067231552933 0.4934808897014016 0.9999
1 0.0288332551319648 0.0392963721474546 0.1095536909897727 0.1095583060523683 0.0047042947076048 0.0071819565425481 0.0042311773456007 0.0055578077749568 0.3596339901477832 0.3703962962962963 0.2310943562610229 0.9999 0.0001 0.1154615384615384 0.0726337218649517 0.600679086767666 0.2914604920842997 0.016908165599268 0.2791634943181817 0.9722678646490124 0.9999 0.5216742437585762 0.3755612960225019 0.4389255007396623 0.8541683209764463 0.4283507129798903 0.999673030646992
1 0.0968548387096774 0.100723522527794 0.105365466816024 0.1053652357204794 0.0004274747302706 0.0015355317315975 0.0007609883752961 0.000542144964906 0.4679866995073891 0.3426240740740741 0.2310943562610229 0.9999 0.0001 0.1154615384615384 0.2442231913183279 0.6040685983684713 0.9999 0.0076465233302836 0.6419156047077923 0.8382047288776796 0.5 0.2898407172261249 0.2670402185280012 0.2445858102237772 0.4998235083472033 0.4915312492382693 0.1260679909194098
6 0.0587392961876832 0.0656222937390286 0.076800927644042 0.0768018166441824 0.0014688443725311 0.0023968507705561 0.0015872238444162 0.0021394216836203 0.5024625615763547 0.4490842592592592 0.2593074074074074 0.0001 0.9999 0.0001 0.1463729903536977 0.5005825723063884 0.6369595946354745 0.0116484675205855 0.6097588879870129 0.8873752206809584 0.9999 0.414398511069695 0.32569928599762 0.3282800596426138 0.6813577797952287 0.5384444728823888 0.6111014982973892
6 0.6058439296187683 0.609106319485079 0.0718718426749847 0.0718715065625306 0.0004929696763247 0.0015355317315975 0.000595741281472 0.0006102004423369 0.4285857142857142 0.3426240740740741 0.2346209876543209 0.9999 0.0001 0.9999 0.4654409967845659 0.4512228096196631 0.7478580518301906 0.008446912168344 0.7015627637987013 0.8948348465741909 0.0001 0.3054846683187581 0.2806684468645198 0.2241141733392819 0.3737580420638523 0.4727050335161487 0.1090452894438138
5 0.5419270967741936 0.5447540667056758 0.1165858994515732 0.1165854208715405 0.0005060686655355 0.001248425385278 0.000485576552256 0.0006747194500914 0.4630615763546798 0.3889111111111111 0.7001363315696649 0.9999 0.0001 0.1154615384615384 0.8525219252411577 0.2889499417311156 0.7249726429363719 0.0061600869167429 0.7825124797077921 0.9999 0.0001 0.3083104081758044 0.2670402185280012 0.2121176063117852 0.362311297725324 0.5135865569774527 0.0845325993189557
5 0.7459918475073314 0.7500962551199531 0.021968294405902 0.0219682623976886 0.0009055878364657 0.0013441275007179 0.0007059060106881 0.0011618034564949 0.3005325123152709 0.4074259259259259 0.8129885361552028 0.9999 0.0001 0.1154615384615384 0.4786015474276527 0.2712609280644136 0.8558328224261369 0.0078752058554437 0.9322390219155844 0.9999 0.0001 0.3678352325557582 0.3047882478093108 0.2534599830934322 0.4277644878196399 0.477700987202925 0.1942722814982974
6 0.6820750146627567 0.70270959625512 0.3569110055435854 0.3569109454086937 0.0024381695741321 0.0074690628888676 0.0027439535011845 0.0044558955770102 0.6403660098522167 0.5601731481481482 0.2346209876543209 0.9999 0.0001 0.2308230769230769 0.2290533963022508 0.5562976692446234 0.4238329232630836 0.0337163311985361 0.5248529829545454 0.3352578394283312 0.0001 0.4616579863600057 0.47683561717933 0.2948023598750793 0.2116882786099763 0.6722994759293114 0.9473565947786606
2 0.0241421114369501 0.1112538911644236 0.0344015698467038 0.034406294908053 0.0404972827261829 0.0217286780894036 0.0075912015866894 0.0557145221308231 0.2512812807881773 0.4490842592592592 0.2310943562610229 0.0001 0.9999 0.0001 0.0607791800643086 0.4820461807394851 0.4793829686397096 0.127247483989021 0.6662613839285715 0.5167053593947036 0.0001 0.7145821799414258 0.6792400454365152 0.4389255007396623 0.2394731073788268 0.4970146130408288 0.9999
1 0.0827814076246334 0.1042336454066705 0.0098793779021857 0.0098896843286263 0.0149346052812588 0.0191447209725279 0.0089131783372816 0.0215395455193283 0.4729118226600985 0.4166833333333333 0.2240410934744268 0.9999 0.0001 0.1154615384615384 0.2093628014469453 0.6581948617438288 0.2748257235050922 0.0330302836230558 0.1924316558441558 0.901979277007146 0.9999 0.6255304216929158 0.4730499981969637 0.5082285650550638 0.8624886417511474 0.5218116026812919 0.9999
6 0.7547877419354839 0.7594565827969574 0.2464207718172223 0.246420719363918 0.0013378544804229 0.0015355317315975 0.0009262354691201 0.0018544339809185 0.3300832512315271 0.4444555555555555 0.7054262786596119 0.0001 0.9999 0.0001 0.4014465635048232 0.2163932090263799 0.9368895129575476 0.0089042772186642 0.8806056818181818 0.9999 0.9999 0.4055322403588179 0.3156043020446432 0.2827823161997792 0.5313398749180411 0.5125508104814137 0.3163817934165721
5 0.3923968914956012 0.4025940901111761 0.0248789785014947 0.0248797124374699 0.0022416847359698 0.0023968507705561 0.0013118120213762 0.002943580385887 0.2857571428571428 0.4166833333333333 0.816515167548501 0.9999 0.0001 0.0770076923076923 0.7954593850482314 0.3706159868630151 0.9560447010184532 0.0139352927721866 0.8828373782467533 0.954196658259773 0.0001 0.4538974399410162 0.3825196242472323 0.3152505201117712 0.4778881172139003 0.4800161852528946 0.7678238365493757
6 0.322616129032258 0.3242013458162668 0.1864735110738051 0.1864737004050853 0.0008007959227791 0.0013441275007179 0.0010364001983361 0.0011641323511599 0.507387684729064 0.453712962962963 0.8482548500881835 0.9999 0.0001 0.2308230769230769 0.6470766881028939 0.2575969594236678 0.4397619743874156 0.0037589204025617 0.5264760349025974 0.9999 0.9999 0.3556517889692179 0.2171782085031192 0.2948023598750793 0.7799914006153226 0.5491065691651432 0.158184154370034
5 0.6515825806451613 0.6564929783499123 0.0179439699901756 0.0179442519540915 0.0011741171152876 0.0015355317315975 0.0009262354691201 0.0015073424204851 0.3005325123152709 0.4490842592592592 0.8094619047619048 0.9999 0.0001 0.1154615384615384 0.667470518488746 0.3266582582900731 0.9368895129575476 0.008561253430924 0.8806056818181818 0.9999 0.9999 0.3930621275114179 0.3156043020446432 0.2827823161997792 0.5313398749180411 0.4744718951858622 0.3163817934165721
6 0.7618244574780059 0.7617966647162083 0.0255365030476585 0.0255366198576254 0.0004405737194814 0.0007699148080788 0.0008160707399041 0.0006103729530528 0.5221630541871921 0.4166833333333333 0.2310943562610229 0.9999 0.0001 0.2308230769230769 0.0770540594855305 0.4756908464879754 0.4958161036603812 0.004330626715462 0.7744986607142857 0.9999 0.9999 0.2931988428533393 0.1962671703148101 0.2691658604738535 0.7519544409139053 0.543013942717855 0.0965619750283768
5 0.3818418181818181 0.3873835576360445 0.8583968204250706 0.8583963343565749 0.0016456807268772 0.0021097444242366 0.0012567296567682 0.0022793278742324 0.38425960591133 0.4166833333333333 0.2416742504409171 0.0001 0.9999 0.0001 0.959112339228296 0.2954111982201504 0.6791010083694665 0.0109624199451052 0.6470890827922079 0.9999 0.9999 0.425107655600385 0.3156043020446432 0.3152505201117712 0.6602796338326524 0.5097482023156612 0.4847930533484677
5 0.178949853372434 0.1837964306612053 0.0420916879574829 0.0420915494745846 0.000768048449752 0.0016312338470374 0.0007059060106881 0.0010676988609599 0.4778369458128079 0.4120546296296296 0.2346209876543209 0.0001 0.9999 0.2308230769230769 0.4506730506430869 0.2889499417311156 0.8447429767066653 0.0093616422689844 0.7180976055194805 0.9123807271963008 0.0001 0.3514746083109755 0.2931790162633875 0.2445858102237772 0.4222176073031724 0.524370505789153 0.1567088535754824
2 0.0229693255131964 0.1001385020479812 0.0311222653366868 0.0311249926661863 0.0257609198640052 0.0157951469321336 0.0048921657208969 0.0351984264738209 0.2217305418719211 0.4074259259259259 0.2346209876543209 0.0001 0.9999 0.0001 0.0576648512861736 0.4232593389130205 0.3475146213572653 0.112726143641354 0.8165965706168832 0.5222738125262716 0.0001 0.6742437196633011 0.6607806462082148 0.3947894028694202 0.1735156554193776 0.4938464472882389 0.9999
4 0.3665956011730205 0.3698329432416617 0.1534205215735767 0.1534309259833319 0.0071734541738452 0.0096702115439839 0.0083072723265935 0.01031875851295 0.4630615763546798 0.4398268518518519 0.2452008818342151 0.0001 0.9999 0.2308230769230769 0.9194297628617364 0.3646843415616061 0.0656309065241504 0.0076465233302836 0.0948456574675324 0.9999 0.9999 0.5597603027013742 0.2670402185280012 0.5109753328480522 0.9671229787663288 0.5216897501523461 0.999786515323496
6 0.0581529032258064 0.0621121708601521 0.1191278861121787 0.1191275578523882 0.0005126181601409 0.0013441275007179 0.0006508236460801 0.0006988709503204 0.5024625615763547 0.4027972222222222 0.7424559082892417 0.9999 0.0001 0.1116161538461538 0.1207551245980707 0.433427873715436 0.9082575476454572 0.0060457456541628 0.7293575284090908 0.9043957755359396 0.0001 0.3096823253527761 0.2670402185280012 0.2348664780332026 0.4539861048065769 0.5261373674588665 0.1116554370034052
6 0.1941960703812316 0.2007620245757753 0.1595596766076193 0.1595592891685735 0.0006632565360654 0.0015355317315975 0.0006508236460801 0.0009854112494655 0.5467886699507389 0.4398268518518519 0.820041798941799 0.9999 0.0001 0.1154615384615384 0.3932086615755626 0.476750068863227 0.6218370777452858 0.0092473010064043 0.940252840909091 0.9043957755359396 0.0001 0.3366292358735945 0.32569928599762 0.2348664780332026 0.3107253089221768 0.5681764899451553 0.1819024517593643
5 0.0968548387096774 0.100723522527794 0.099247569457364 0.0992475013573718 0.0007811474389628 0.0009613190389585 0.0007609883752961 0.001111171561372 0.4729118226600985 0.421312037037037 0.7530358024691358 0.9999 0.0001 0.1539153846153846 0.2005221262057877 0.2741208284775929 0.8447429767066653 0.0059314043915827 0.9999 0.9999 0.9999 0.3531741475003584 0.2670402185280012 0.2616063798811844 0.5774294093912342 0.5370431687995124 0.1567088535754824
2 0.0241421114369501 0.1211992393212404 0.1139296142755048 0.1139334527286408 0.0415910483252867 0.032830123480425 0.0096292490771858 0.0565484389315861 0.2020300492610837 0.4166833333333333 0.2310943562610229 0.0001 0.9999 0.0001 0.0607791800643086 0.4424312639050747 0.3713073812644953 0.1415401418115278 0.4868127029220778 0.3356781000420344 0.0001 0.7169574395314067 0.695716501388338 0.4241352126235705 0.1854162354365259 0.4911656916514321 0.9999
5 0.7729659237536658 0.7752521357519018 0.175747935555405 0.1757491418513627 0.0015539878024015 0.0023011486551163 0.0017524709382403 0.0019775203767283 0.3793344827586207 0.4120546296296296 0.2416742504409171 0.0001 0.9999 0.2308230769230769 0.0516371181672025 0.3635191969488293 0.3494301401633559 0.0076465233302836 0.4318318181818181 0.9999 0.9999 0.4197223687713764 0.2670402185280012 0.3502307253387184 0.8251732637312756 0.4672825959780622 0.5053337797956868
6 0.2082695014662756 0.2674543592744294 0.169284292889526 0.1692839682371915 0.0035384846678414 0.0112014453910213 0.0024685416781444 0.0054593904115238 0.5418635467980296 0.4490842592592592 0.2310943562610229 0.0001 0.9999 0.0001 0.5253164790996786 0.5805538616378855 0.0963800242008672 0.087685407136322 0.896734760551948 0.2119113493064312 0.0001 0.495792104778094 0.6217707439327829 0.2445858102237772 0.0479040248146467 0.5628759049360146 0.9963819750283768
6 0.7454054545454546 0.7588715623171446 0.7568167105270962 0.7568360903747702 0.0194865040320203 0.0220157844357231 0.0156883091840669 0.0295951921653424 0.4975374384236453 0.4166833333333333 0.238147619047619 0.0001 0.9999 0.0001 0.0901141479099678 0.6830865875622418 0.100513512150852 0.0235399588289112 0.1172640624999999 0.9777312526271544 0.9999 0.6493239703442768 0.424125379539144 0.5738692723131471 0.949675518232713 0.5493502742230347 0.9999
2 0.0282468621700879 0.0995534815681685 0.0196352645326624 0.0196379316550198 0.0240646007612035 0.0175177850100507 0.0048370833562889 0.0329018775681199 0.2118802955665024 0.4166833333333333 0.2310943562610229 0.0001 0.9999 0.0001 0.071126788585209 0.4045111028710668 0.367778793990118 0.1044935727355901 0.6801587662337661 0.5168104245481294 0.0001 0.6681622360579188 0.6488469330352314 0.392653027919318 0.183651318908559 0.4942120048750761 0.9999
6 0.0722263343108504 0.0749826214160327 0.014148011543686 0.0141498394726803 0.0010365777285739 0.0016312338470374 0.0021931298551044 0.0018515875541058 0.6502162561576355 0.5277722222222222 0.2222777777777777 0.0001 0.9999 0.2308230769230769 0.1827403135048231 0.5853203623265176 0.2437741554905717 0.0059314043915827 0.4926962662337661 0.9191048970155528 0.9999 0.3810424949310832 0.2356015542173019 0.3654670697630732 0.8780199071972563 0.6742491163924437 0.4735580703745743
5 0.3243753079178885 0.3294665301345816 0.057031905702734 0.0570320534339195 0.0011675676206822 0.0014398296161577 0.0008711531045121 0.0015103613580137 0.3448586206896551 0.4027972222222222 0.7142428571428572 0.9999 0.0001 0.2308230769230769 0.6809324557877814 0.2270913550164212 0.9326552082282948 0.0082182296431838 0.8730990665584416 0.9999 0.9999 0.3925297417412497 0.3047882478093108 0.2762088548148496 0.5334577747516014 0.4783102498476539 0.2632709648127128
0 0.2639768328445747 0.2703794616734933 0.9039181297222568 0.903943378875905 0.0218246736061525 0.0210587632813247 0.0197093218004517 0.0314599467490926 0.1823295566502463 0.4444555555555555 0.2346209876543209 0.0001 0.9999 0.0001 0.6649589630225081 0.4438082529929018 0.0368981244327921 0.0118771500457456 0.0589356331168831 0.9999 0.9999 0.6594392999774714 0.32569928599762 0.5993883884753564 0.9814944419226308 0.5212023400365631 0.9999
6 0.4574865102639296 0.4681163838502048 0.2881514370867646 0.2881507073894643 0.0007353009767249 0.0027796592323154 0.0010364001983361 0.0012110552658904 0.61574039408867 0.4907425925925926 0.2663606701940035 0.0001 0.9999 0.0001 0.8370507435691319 0.5131873185718827 0.3277545326207522 0.0182802607502287 0.7970185064935066 0.4161580075662043 0.0001 0.3470926638949761 0.3891895243590206 0.2121176063117852 0.1636321228627629 0.6307477635588056 0.2328570715096481
2 0.0229693255131964 0.1089138092451726 0.0466989810144081 0.0467026097899632 0.0389974484615435 0.019718933665167 0.0064895542945292 0.0534364318717257 0.2217305418719211 0.4120546296296296 0.2275677248677248 0.0001 0.9999 0.0001 0.0578657757234726 0.3647902637991312 0.3923780881314914 0.1257610475754803 0.7255027800324676 0.4880225725094578 0.0001 0.7112240543142113 0.677184995131802 0.4175382745908376 0.195955308417814 0.4950649725776965 0.9999
5 0.9142866275659824 0.917997132826214 0.1273559158348129 0.1273558836136103 0.0008400928904115 0.0017269359624772 0.0008160707399041 0.0010206034355134 0.3497837438423645 0.375025 0.823568430335097 0.9999 0.0001 0.0770076923076923 0.1436605104501607 0.4378766076914928 0.9999 0.0078752058554437 0.7329079545454547 0.9999 0.5 0.3604227845249555 0.3047882478093108 0.2691658604738535 0.4998235083472033 0.4515026934795856 0.2395526674233825
5 0.7606516715542523 0.7612116442363955 0.0625271688302604 0.0625266923545301 0.0003881777626381 0.000674212692639 0.000485576552256 0.0005292066612119 0.4778369458128079 0.4444555555555555 0.816515167548501 0.9999 0.0001 0.0770076923076923 0.4578058681672026 0.1892771162199385 0.8738790259150953 0.0037589204025617 0.9999 0.8685685582177386 0.0001 0.2789472853134536 0.2171782085031192 0.1985011505858595 0.4367907752055278 0.5402113345521025 0.0491253802497162
2 0.5389951319648094 0.5406589233469866 0.0441301911978854 0.0441301267517183 0.0006632565360654 0.0008656169235187 0.0007609883752961 0.0013557055011903 0.7290182266009853 0.671262037037037 0.2822305114638447 0.0001 0.9999 0.0001 0.6650594252411577 0.1962679838965992 0.7478580518301906 0.0058170631290027 0.8984592532467532 0.9191048970155528 0.9999 0.3366292358735945 0.2356015542173019 0.2534599830934322 0.6258889746305544 0.80036648385131 0.1090452894438138
4 0.3665956011730205 0.366907840842598 0.1485643750776618 0.1485656211616884 0.0009186868256765 0.0017269359624772 0.0017524709382403 0.0012771268700882 0.4876871921182266 0.4074259259259259 0.2416742504409171 0.0001 0.9999 0.2308230769230769 0.92073577170418 0.3360853374298125 0.1869134919834627 0.0034158966148215 0.3058424107142857 0.9999 0.9999 0.3692481024842812 0.1721473693700191 0.3502307253387184 0.9065107025772936 0.5202884460694698 0.2229839046538025
5 0.6251948973607039 0.6342622001170275 0.2114472745790774 0.2114472733158266 0.0008859393526494 0.0028753613477553 0.0013118120213762 0.0010913328290411 0.4039600985221674 0.3657675925925926 0.2416742504409171 0.9999 0.0001 0.1539153846153846 0.4066705988745981 0.6921958999894057 0.7249726429363719 0.016793824336688 0.7054175121753247 0.680081672971837 0.0001 0.3656852130993098 0.3755612960225019 0.2827823161997792 0.362311297725324 0.4575953199268738 0.5257610215664018
6 0.6938028739002933 0.7015395552954945 0.007039552724535 0.0070400817103932 0.0014164484156878 0.003066765578635 0.0013118120213762 0.0018982517027625 0.4729118226600985 0.375025 0.2240410934744268 0.0001 0.9999 0.0001 0.2241307475884244 0.4934857823922025 0.949491610366038 0.0153073879231473 0.600324898538961 0.8171916981925178 0.0001 0.4109584799393778 0.3606351411777433 0.3002958954610562 0.4746104150905331 0.4941510786106032 0.5763751872871737
2 0.0587392961876832 0.1001385020479812 0.0696621997436397 0.0696671042560154 0.0126815791369969 0.0216329759739638 0.0077013663159054 0.0208731366237247 0.5714142857142857 0.4768564814814814 0.2275677248677248 0.0001 0.9999 0.0001 0.1482817725080385 0.7066013242928276 0.9736876373903398 0.0616155992680695 0.3206527597402597 0.5313094157208912 0.9999 0.6109102893890676 0.5676183657278858 0.4429869608096367 0.5129343168406717 0.5961416453382085 0.9999
2 0.0546345454545454 0.0977984201287302 0.1852583576516632 0.1852625538249535 0.0133627265759598 0.0243126352062793 0.0071505426698253 0.0224295283027657 0.5812645320197044 0.4814851851851852 0.3086802469135802 0.0001 0.9999 0.0001 0.1334133641479099 0.6661390295582159 0.8964619844711101 0.0619586230558096 0.2957997767857142 0.5193319882303489 0.0001 0.6155789030659267 0.5737474631279074 0.4332676286190621 0.4480862409845161 0.6079004143814748 0.9999
6 0.1812954252199413 0.1861365125804564 0.1008569141208397 0.1008564585630285 0.0004864201817193 0.001248425385278 0.000595741281472 0.0006723905554265 0.5024625615763547 0.3981685185185185 0.6983730158730158 0.9999 0.0001 0.2308230769230769 0.3826601286173634 0.4380884521665431 0.6121586669355651 0.0075321820677035 0.9274713068181818 0.7897696931483817 0.0001 0.3040308456386836 0.2931790162633875 0.2121176063117852 0.3058843950168962 0.5367385374771481 0.103938479001135
6 0.4715599413489736 0.4757216500877706 0.0112316279264328 0.0112326128991304 0.000957983793309 0.0029710634631951 0.0014219767505922 0.0015239897045715 0.561564039408867 0.4490842592592592 0.2557807760141093 0.0001 0.9999 0.0001 0.8128393488745982 0.6258885792986545 0.515979459513966 0.0092473010064043 0.3976462865259739 0.9999 0.9999 0.3733638540151965 0.2931790162633875 0.3282800596426138 0.7418692036112372 0.5991879585618526 0.4753738251986378
2 0.0241421114369501 0.1229543007606787 0.1732385285929403 0.1732423572571783 0.0405365796938153 0.0292891452091509 0.0077564486805134 0.055232958467329 0.1774044334975369 0.4027972222222222 0.2275677248677248 0.0001 0.9999 0.0001 0.0608796422829582 0.4775974467634283 0.3705008470303519 0.1442843321134491 0.557111140422078 0.4370659730979402 0.0001 0.7146640854445286 0.6984565684612889 0.425708148026393 0.1850128259444192 0.492262364411944 0.9999
2 0.0440794721407624 0.0878530719719134 0.1994766616600989 0.1994832246562814 0.0183665404544948 0.0316816980951469 0.0114469671092501 0.0305797970764627 0.561564039408867 0.4768564814814814 0.3051536155202821 0.0001 0.9999 0.0001 0.1076950361736334 0.6888063883886005 0.780321054754462 0.0628733531564501 0.2268200689935064 0.4618613493064312 0.9999 0.6440410653941467 0.575730406404385 0.470642451921948 0.6096517425732587 0.6024779768433882 0.9999
5 0.0112414662756598 0.0118004095962551 0.1312604732751049 0.1312609744820262 0.0005846626008005 0.0011527232698382 0.0012016472921602 0.0008976895504196 0.5812645320197044 0.453712962962963 0.2310943562610229 0.0001 0.9999 0.0001 0.0282294212218649 0.2926572200444962 0.2317769587576888 0.0026155077767612 0.3756336444805194 0.9999 0.9999 0.323585784504475 0.1435929861887418 0.3105082372555005 0.8840206233923438 0.594313857404022 0.1051868104426788
6 0.1549077419354838 0.1615656524283206 0.0943925782698938 0.0943933645010141 0.002071397876229 0.0018226380779171 0.0013668943859842 0.0026561775331623 0.2660566502463054 0.4444555555555555 0.8270950617283951 0.0001 0.9999 0.0770076923076923 0.3128388866559485 0.2234899989405657 0.66387767470001 0.0091329597438243 0.7970185064935066 0.9999 0.9999 0.4465668974133163 0.32569928599762 0.3241246929814262 0.667893987996167 0.468866678854357 0.58341123723042
2 0.7154994134897361 0.7161650672908134 0.0204326584211986 0.0204323975993161 0.000545365633168 0.000674212692639 0.000540658916864 0.0010492402143563 0.7043926108374384 0.6342324074074075 0.2822305114638447 0.0001 0.9999 0.0001 0.230459867363344 0.0295463820319949 0.8878925582333368 0.0050166742909423 0.9999 0.9999 0.9999 0.3162757183525508 0.2171782085031192 0.2241141733392819 0.5558470015635246 0.7647246191346739 0.0662615664018161
0 0.7876257478005866 0.7887076067875951 0.0077866521854449 0.0077862558323847 0.0004274747302706 0.0007699148080788 0.000430494187648 0.0005139394628529 0.4285857142857142 0.3333666666666666 0.2452008818342151 0.0001 0.9999 0.2308230769230769 0.0206947548231511 0.185040226718932 0.7758851164666735 0.0059314043915827 0.9999 0.9999 0.0001 0.2898407172261249 0.2356015542173019 0.1985011505858595 0.3877765219145609 0.4616164533820841 0.0565018842224744
2 0.0229693255131964 0.1276344645991808 0.0654640399172664 0.0654784240897905 0.1193073513131088 0.0665172681152484 0.026484452647237 0.1860437803485482 0.123228078817734 0.4907425925925926 0.3016269841269841 0.0001 0.9999 0.0001 0.0561579180064308 0.5325710880389872 0.9142057376222648 0.148057593778591 0.2521802556818182 0.3870549600672551 0.9999 0.8107801933356545 0.7072536259060258 0.5402976659543992 0.5426857668835428 0.563180536258379 0.9999
5 0.7096354838709678 0.7126549444119368 0.0429630986070432 0.0429630358691277 0.0008335433958061 0.001248425385278 0.0007059060106881 0.0011189345435885 0.3891847290640394 0.4166833333333333 0.8129885361552028 0.9999 0.0001 0.1154615384615384 0.5547519091639872 0.2207360207649115 0.9999 0.006503110704483 0.8549411728896104 0.9999 0.5 0.3596446822454789 0.2806684468645198 0.2534599830934322 0.4998235083472033 0.503107239488117 0.158184154370034
2 0.0763310850439882 0.1077437682855471 0.202763283123599 0.2027668375116555 0.0111227994209088 0.0172306786637312 0.005608236460801 0.018063885870306 0.5664891625615763 0.453712962962963 0.2310943562610229 0.0001 0.9999 0.0001 0.1924851487138263 0.5629707702087086 0.9348731773721892 0.0472086001829826 0.310508685064935 0.5942434426229509 0.9999 0.599156849693817 0.5273465904583319 0.4208954352267123 0.5323483986483079 0.5884649360146252 0.9999
5 0.0335243988269794 0.0352012287887653 0.1547300251853697 0.1547296448153943 0.0004733211925084 0.0009613190389585 0.000595741281472 0.0006867089448479 0.5270881773399015 0.4490842592592592 0.2275677248677248 0.0001 0.9999 0.0001 0.0845887258842443 0.1665038351520288 0.6974496621962287 0.004330626715462 0.6310614448051948 0.9999 0.9999 0.3010617711512073 0.1962671703148101 0.2348664780332026 0.6511020678872245 0.568359268738574 0.0639918728717366
6 0.6175717888563049 0.6196366881217086 0.0129236156539864 0.0129240590070016 0.0005322666439572 0.0023968507705561 0.0010364001983361 0.0008303241158523 0.5911147783251232 0.4814851851851852 0.2452008818342151 0.0001 0.9999 0.5576807692307693 0.4457504019292604 0.6591481618815552 0.5518702329333468 0.0067317932296431 0.3756336444805194 0.9999 0.9999 0.3136956950048129 0.2521140636832426 0.2948023598750793 0.7239174812124881 0.6096063497867154 0.2132242224744608
6 0.7430598826979473 0.7600416032767701 0.0160704447956771 0.0160702673791353 0.0011348201476551 0.0037366803867138 0.0010364001983361 0.0018207081359559 0.5763394088669951 0.4768564814814814 0.816515167548501 0.0001 0.9999 0.1154615384615384 0.460216961414791 0.5886039516897977 0.2718012201270546 0.0227395699908508 0.8984592532467532 0.532990458175704 0.0001 0.3897859073873062 0.4526797627204212 0.2348664780332026 0.135645589347859 0.6003455575868373 0.5404005448354142
2 0.5026387683284458 0.5038026331187829 0.0159100879835518 0.0159099108017214 0.0004274747302706 0.000674212692639 0.000595741281472 0.000938229568661 0.8767719211822661 0.7869796296296296 0.2822305114638447 0.0001 0.9999 0.0001 0.7562791197749197 0.3708278313380654 0.7982664414641526 0.0050166742909423 0.9999 0.9999 0.9999 0.2898407172261249 0.2171782085031192 0.2348664780332026 0.6006758813738842 0.9118615478366848 0.0752268558456299
1 0.2375891495601173 0.2411284376828554 0.0484355636479274 0.0484352618387165 0.0005519151277734 0.0013441275007179 0.000595741281472 0.0008395534391541 0.5566389162561576 0.453712962962963 0.2310943562610229 0.9999 0.0001 0.1154615384615384 0.599357134244373 0.2996480877211569 0.8166150952909146 0.0076465233302836 0.7293575284090908 0.8948348465741909 0.0001 0.3175452536506441 0.2670402185280012 0.2241141733392819 0.4081487012659505 0.5909629128580134 0.0978103064699205
6 0.9301192375366568 0.932622644821533 0.0161064904191519 0.0161068520930026 0.0008924888472548 0.0017269359624772 0.0009813178337281 0.0009967107013583 0.3793344827586207 0.3055944444444444 0.820041798941799 0.0001 0.9999 0.9999 0.1117135249196141 0.4207172052124165 0.7033978521730362 0.006503110704483 0.6261922889610391 0.9999 0.9999 0.3664018862514592 0.2806684468645198 0.2889801512198557 0.6481269228829374 0.411413211456429 0.2530573439273552
2 0.2153062170087976 0.2551689291983616 0.0608619842586239 0.0608641289155015 0.0138932356389982 0.0075647650043074 0.0034049418764806 0.0151826118929902 0.0296507389162561 0.3796537037037037 0.2822305114638447 0.0001 0.9999 0.0001 0.5317460610932476 0.3133120563619028 0.5579192396894221 0.058528385178408 0.9111393465909092 0.6553913619167717 0.0001 0.619080363323571 0.5633640510619884 0.3787313757719491 0.278755106672719 0.394841267519805 0.9999
2 0.0241421114369501 0.1229543007606787 0.1336081370553108 0.133612177766712 0.0449836865308903 0.022685699243802 0.0078666134097294 0.0606250396595199 0.1872546798029556 0.4027972222222222 0.2310943562610229 0.0001 0.9999 0.0001 0.0607791800643086 0.4328982625278101 0.3821955934254311 0.1440556495882891 0.7228653206168831 0.444945859604876 0.0001 0.7239398836709198 0.6984565684612889 0.4288070655364313 0.1908622635799667 0.4868399268738574 0.9999
4 0.3601452785923753 0.3616426565242832 0.1702387317059792 0.1702386367180013 0.0005322666439572 0.0011527232698382 0.0008160707399041 0.000767616470615 0.5369384236453202 0.4444555555555555 0.2416742504409171 0.0001 0.9999 0.2308230769230769 0.9045613545016078 0.4162684712363598 0.5677992840576788 0.0051310155535224 0.6097588879870129 0.9999 0.9999 0.3136956950048129 0.2171782085031192 0.2691658604738535 0.7159501437433803 0.5587329189518586 0.1141520998864926
2 0.0241421114369501 0.1135939730836746 0.03276126291691 0.0327652971950936 0.0418464786148978 0.0190490188570881 0.0061039777422731 0.0569257198673058 0.2660566502463054 0.4166833333333333 0.2346209876543209 0.0001 0.9999 0.0001 0.0606787178456591 0.3975202351944061 0.4091136734899667 0.1303346980786825 0.7818023944805195 0.5700784573350147 0.0001 0.7174898253015749 0.6832780390177059 0.425708148026393 0.2043260553790286 0.4914093967093235 0.9999
3 0.2493170087976539 0.249318724400234 0.1108010390072405 0.1108003378330491 0.0001982424190811 0.0004828084617593 0.000320329458432 0.0002665590962219 0.6009650246305419 0.4398268518518519 0.2310943562610229 0.0001 0.9999 0.0385538461538461 0.6288930265273313 0.339051160080517 0.9999 0.0026155077767612 0.8307982751623377 0.9999 0.5 0.1904279128351117 0.1435929861887418 0.1642017681452086 0.4998235083472033 0.6100937599024985 0.0195058796821793
2 0.0001 0.1288045055588063 0.0318238456448754 0.0318381250150219 0.1369320412962732 0.1117843687182923 0.0392635612362955 0.2182303121929773 0.0887522167487684 0.4907425925925926 0.3016269841269841 0.0001 0.9999 0.0001 0.0001 0.5603227142705796 0.8828517192699404 0.1815595837145471 0.1798530032467532 0.2414346574190836 0.0001 0.8230455424252976 0.7389446648155492 0.5392881700988564 0.4412787058052151 0.5756094942108471 0.9999
2 0.0229693255131964 0.1229543007606787 0.1806173295881526 0.1806214555339786 0.0424752300970174 0.0231642098210012 0.0071505426698253 0.0581657268933473 0.2168054187192118 0.4027972222222222 0.2275677248677248 0.0001 0.9999 0.0001 0.0578657757234726 0.4915791821167497 0.3892527679741857 0.14599945105215 0.7160687905844156 0.5112419714165617 0.0001 0.7188207897269954 0.7002592441671776 0.4318120764552562 0.1943920966359005 0.4946994149908593 0.9999
5 0.3501765982404692 0.3569624926857812 0.2825644424687286 0.2825652613580127 0.002372674628078 0.0024925528859959 0.0015872238444162 0.0027024966603871 0.2463561576354679 0.4027972222222222 0.238147619047619 0.9999 0.0001 0.6153615384615385 0.880751808681672 0.282700529717131 0.6037908742563275 0.012677538883806 0.6241634740259742 0.9999 0.9999 0.4591393921395949 0.3352174137247124 0.3398540470096508 0.6979479951581178 0.4143376721511273 0.7286716231555052
5 0.0176917888563049 0.0199906963136337 0.1912308401874161 0.1912307144736817 0.0005977615900113 0.0008656169235187 0.0008160707399041 0.0007156044897647 0.3891847290640394 0.3379953703703703 0.820041798941799 0.9999 0.0001 0.0770076923076923 0.0357640876205787 0.3216799131263905 0.5677992840576788 0.0037589204025617 0.7970185064935066 0.9999 0.9999 0.3258996149671288 0.2171782085031192 0.2691658604738535 0.7159501437433803 0.4502232419256551 0.1141520998864926
6 0.6509961876832845 0.6518128145114102 0.2166023378799192 0.2166022520508486 0.0005912120954059 0.0009613190389585 0.0008711531045121 0.0008204047496869 0.4827620689655172 0.4074259259259259 0.820041798941799 0.9999 0.0001 0.1154615384615384 0.6817361535369776 0.3796193770526538 0.5293880911565998 0.0037589204025617 0.723271083603896 0.9999 0.9999 0.3247529379236898 0.2171782085031192 0.2762088548148496 0.735162520804963 0.5311942474101158 0.1247061748013621
2 0.0241421114369501 0.1200291983616149 0.3568976039656268 0.3569011638115124 0.0382573555711319 0.0282364219393127 0.0093538372541457 0.0534572194129942 0.2365059113300492 0.4120546296296296 0.2310943562610229 0.0001 0.9999 0.0001 0.0607791800643086 0.4940153935798284 0.3817923263083594 0.139825022872827 0.5612702110389611 0.3533290458175704 0.0001 0.7095040387490528 0.6938777721683315 0.425708148026393 0.1906605588339133 0.5048741011578306 0.9999
6 0.4680415835777126 0.4804018139262727 0.1166257190826341 0.1166250093829674 0.0005126181601409 0.0025882550014358 0.000485576552256 0.000798150867333 0.5812645320197044 0.4907425925925926 0.7424559082892417 0.9999 0.0001 0.1116161538461538 0.9730765876205788 0.5493068015679627 0.1784448825249571 0.0171368481244281 0.963685653409091 0.6059056746532157 0.0001 0.3096823253527761 0.4076489235873211 0.1642017681452086 0.0889509406365058 0.6104593174893358 0.1452469012485811
3 0.7242953079178885 0.7237703335283792 0.1291300845030667 0.1291293565009943 0.000211341408292 0.0005785105771991 0.00037541182304 0.0002871741267744 0.5911147783251232 0.4768564814814814 0.2310943562610229 0.0001 0.9999 0.0385538461538461 0.1731964027331189 0.3885168450047675 0.8318384289603712 0.0034158966148215 0.8549411728896104 0.8247563892391762 0.0001 0.200297525958998 0.1721473693700191 0.1642017681452086 0.4157630554294649 0.6057070688604509 0.0239317820658343
2 0.0229693255131964 0.1147640140433001 0.054897203779169 0.0549010516164896 0.0405693271668424 0.0199103378960467 0.0064895542945292 0.0551479969397378 0.2168054187192118 0.4166833333333333 0.2275677248677248 0.0001 0.9999 0.0001 0.0578657757234726 0.4138322597732811 0.386228264596148 0.1341079597438243 0.7668906047077921 0.5150243169398907 0.0001 0.7147459909476315 0.6872078720565432 0.4225153239251414 0.1928793110405003 0.4911047653869592 0.9999
4 0.0006863929618768 0.007120245757753 0.0038632247072228 0.0038666851193223 0.0025102140147917 0.0045022973102326 0.0034600242410886 0.0034676679408556 0.1330783251231527 0.3796537037037037 0.2222777777777777 0.0001 0.9999 0.3077307692307692 0.0016069332797427 0.6009968534802416 0.2570819703539376 0.0110767612076852 0.3024948660714285 0.9152174863387978 0.9999 0.4643403915866221 0.3156043020446432 0.4123264587785004 0.8713636505774953 0.5049350274223035 0.9720962542565268
6 0.6826614076246335 0.6980294324166179 0.0056953898594008 0.0056965369762871 0.0029293816695381 0.0071819565425481 0.0028541182304005 0.0041703903421606 0.4778369458128079 0.4166833333333333 0.2310943562610229 0.0001 0.9999 0.0001 0.2382959204180064 0.5433751562665536 0.8166150952909146 0.0261698078682525 0.4259482548701297 0.505463387978142 0.0001 0.4785305199991808 0.4390515343839025 0.3361447366567262 0.4081487012659505 0.5197401096892139 0.9778839727582292
5 0.7178449853372434 0.7214302516091281 0.0621261227588214 0.0621261089927962 0.0009841817717306 0.0014398296161577 0.0007609883752961 0.0013322440438251 0.3990349753694581 0.421312037037037 0.7036629629629629 0.9999 0.0001 0.1154615384615384 0.4808117162379421 0.2006107956351308 0.9999 0.0075321820677035 0.8096985998376623 0.9999 0.5 0.3759848301144858 0.2931790162633875 0.2616063798811844 0.4998235083472033 0.5044476173065204 0.195747582292849
5 0.1484574193548387 0.1609806319485079 0.2924169899057457 0.2924172552308888 0.0023792241226834 0.0028753613477553 0.0014219767505922 0.0033271579627378 0.38425960591133 0.4490842592592592 0.7424559082892417 0.9999 0.0001 0.1539153846153846 0.3085190112540192 0.38036083271533 0.8060293334677826 0.0164508005489478 0.8362760754870131 0.8317957545187054 0.0001 0.4594055850246789 0.4017361472720061 0.3105082372555005 0.4028539516820497 0.5116369165143205 0.8132177071509649
5 0.4522089736070381 0.4529058513750731 0.096966913566951 0.0969670028460127 0.0006370585576438 0.0007699148080788 0.0008711531045121 0.000938229568661 0.5270881773399015 0.4444555555555555 0.2310943562610229 0.0001 0.9999 0.0385538461538461 0.85824827170418 0.2119444750503231 0.4622441161641625 0.004330626715462 0.7744986607142857 0.9999 0.9999 0.3324930079669035 0.1962671703148101 0.2762088548148496 0.7687463610228477 0.564277209018891 0.1051868104426788
6 0.0446658651026393 0.0626971913399648 0.0775685915952678 0.0775965136498295 0.0436541391259916 0.0342656552120225 0.0216372045617321 0.0619122283663659 0.0198004926108374 0.4768564814814814 0.2593074074074074 0.0001 0.9999 0.0001 0.1112112138263665 0.523885464561924 0.0855926288191993 0.0275419030192131 0.084397260551948 0.95703341740227 0.9999 0.7212574784443034 0.4482812339980527 0.6046706342311035 0.9571385938366872 0.5123680316879952 0.9999
6 0.1554941348973607 0.1592255705090696 0.0137003680316439 0.013702350656746 0.0015736362862177 0.0020140423087967 0.0021380474904963 0.0029179625445727 0.6649916256157635 0.5601731481481482 0.2222777777777777 0.0001 0.9999 0.2308230769230769 0.3936105104501607 0.4840587032524631 0.2835967833014016 0.0076465233302836 0.4926962662337661 0.9999 0.9999 0.4208895221905912 0.2670402185280012 0.3709840819968535 0.8581015635244869 0.6897243875685557 0.641174937570942
5 0.252835366568915 0.2575090111176126 0.1218279189680199 0.1218282799402941 0.0012396120613417 0.0019183401933569 0.0010914825629441 0.0017660222390089 0.4236605911330049 0.453712962962963 0.2222777777777777 0.9999 0.0001 0.0385538461538461 0.6401447950160772 0.3045205106473143 0.6815206110718969 0.0093616422689844 0.6135121956168832 0.9999 0.9999 0.3982631269584451 0.2931790162633875 0.3002958954610562 0.6590694053563323 0.5285744180377818 0.329092077185017
6 0.0030319648093841 0.0077052662375658 0.0998677390304823 0.0998679010841102 0.0009383353094927 0.0011527232698382 0.0009813178337281 0.0011549030278581 0.3005325123152709 0.3796537037037037 0.2575440917107583 0.0001 0.9999 0.0001 0.0074337419614147 0.3421229049687467 0.7478580518301906 0.0083325709057639 0.9218920657467532 0.9381216897856244 0.9999 0.3713162164376267 0.2806684468645198 0.2827823161997792 0.6258889746305544 0.4563767946374162 0.2328570715096481
5 0.5255080938416422 0.5266184318314804 0.0555511083588726 0.0555512582574735 0.000578113106195 0.0014398296161577 0.0008711531045121 0.0008600822143487 0.5123128078817735 0.4398268518518519 0.2275677248677248 0.0001 0.9999 0.0001 0.6698816117363344 0.3973083907193559 0.5293880911565998 0.0051310155535224 0.4926962662337661 0.9999 0.9999 0.3224186310852602 0.2171782085031192 0.2762088548148496 0.735162520804963 0.574573747714808 0.1247061748013621
6 0.0206237536656891 0.0281809830310122 0.2907223834790507 0.290722805325458 0.001737373651353 0.0019183401933569 0.0013118120213762 0.0024464045026021 0.4285857142857142 0.4166833333333333 0.2663606701940035 0.0001 0.9999 0.0001 0.0511348070739549 0.3766535544019493 0.7368690228899869 0.0124488563586459 0.8066553774350649 0.9999 0.9999 0.4301857967927581 0.3352174137247124 0.3197815131378119 0.6313854289605084 0.5179732480195003 0.5956675822928491
5 0.3695275659824047 0.3774382094792275 0.0069928012428059 0.0069934073175436 0.0017504726405638 0.0023968507705561 0.0011465649275522 0.0025759600502589 0.438435960591133 0.453712962962963 0.8059352733686067 0.9999 0.0001 0.1154615384615384 0.7517583199356913 0.3513381396334357 0.949491610366038 0.0113054437328453 0.7268215097402597 0.9999 0.9999 0.4308819935691318 0.3525952075294796 0.3055311879211965 0.5250366016038736 0.5420391224862888 0.5763751872871737
0 0.6773838709677419 0.6804788180222352 0.1632375625310599 0.1632382479950647 0.0011675676206822 0.0020140423087967 0.0014770591152002 0.0016950340794073 0.4285857142857142 0.4490842592592592 0.7036629629629629 0.0001 0.9999 0.3269576923076923 0.5673096864951768 0.452493876469965 0.4958161036603812 0.0068461344922232 0.5387503652597403 0.9191048970155528 0.9999 0.3925297417412497 0.2806684468645198 0.3241246929814262 0.7519544409139053 0.5400894820231565 0.4055807491486947
3 0.607016715542522 0.6061812170860152 0.0116267434145223 0.0116260333589914 0.0001458464622378 0.0003871063463195 0.000265247093824 0.0001701256060219 0.5270881773399015 0.4120546296296296 0.2310943562610229 0.0001 0.9999 0.0385538461538461 0.4705645699356913 0.4237889501006463 0.5966328829283049 0.0026155077767612 0.9999 0.7372371164354771 0.0001 0.1338516865668585 0.1435929861887418 0.1121070866696409 0.2981187622938417 0.5615964533820841 0.0107675595913734
6 0.2886053372434017 0.2937802808660035 0.012645956524442 0.0126460922020607 0.0008073454173845 0.0019183401933569 0.0009262354691201 0.0018246758824221 0.8767719211822661 0.7406925925925926 0.2822305114638447 0.0001 0.9999 0.0001 0.7127789790996785 0.464886778260409 0.9999 0.0099333485818847 0.6617979910714286 0.8685685582177386 0.5 0.3564708440002457 0.3047882478093108 0.2691658604738535 0.4998235083472033 0.8754885679463742 0.2395526674233825
4 0.8468514369501466 0.8501347571679345 0.461454558622794 0.4614536522854073 0.0006043110846167 0.0017269359624772 0.0006508236460801 0.0009572057474124 0.5714142857142857 0.4768564814814814 0.7424559082892417 0.9999 0.0001 0.1116161538461538 0.232971422829582 0.3441354274817247 0.6896867701925986 0.0074178408051235 0.6795501217532468 0.808891551071879 0.0001 0.3270258156347922 0.2931790162633875 0.2241141733392819 0.3446621324456549 0.6132619256550884 0.120734211123723
3 0.6574465102639296 0.6576630193095377 0.1373983959801398 0.1373976558758946 0.0001982424190811 0.0007699148080788 0.00037541182304 0.0002716481623415 0.5664891625615763 0.5231435185185185 0.2346209876543209 0.0001 0.9999 0.0385538461538461 0.3428770900321543 0.5448580675919059 0.7118664616315419 0.004330626715462 0.7744986607142857 0.8247563892391762 0.0001 0.1904279128351117 0.1962671703148101 0.1642017681452086 0.3557558934785898 0.6266047775746496 0.0285846538024971
1 0.0851269794721407 0.1130089526038619 0.1010471549114013 0.101048470545494 0.0034140442703386 0.0106272326983823 0.0032947771472646 0.0057042693727739 0.5911147783251232 0.4861138888888889 0.238147619047619 0.0001 0.9999 0.0001 0.2139840635048231 0.7255614048098314 0.5927010285368558 0.0420632433668801 0.4564819196428571 0.5012607818411097 0.0001 0.4925363610297582 0.5102572247665069 0.3502307253387184 0.2962025672063348 0.6105811700182816 0.999673030646992
6 0.6861797653958944 0.6857440023405501 0.0569915469277323 0.0569916176975399 0.0005322666439572 0.0013441275007179 0.0008160707399041 0.0007563170187221 0.5221630541871921 0.4166833333333333 0.2416742504409171 0.0001 0.9999 0.3461846153846153 0.2770743368167203 0.2018818624854327 0.4238329232630836 0.0034158966148215 0.3912555194805194 0.9999 0.9999 0.3136956950048129 0.1721473693700191 0.2691658604738535 0.7879587380844304 0.5495330530164534 0.0797662429057888
1 0.0229693255131964 0.0275959625511995 0.0047065998718583 0.0047099820290751 0.0029424806587489 0.0038323825021537 0.0031295300534405 0.0034461041013654 0.3497837438423645 0.3703962962962963 0.2240410934744268 0.9999 0.0001 0.1154615384615384 0.0579662379421221 0.3720988981883674 0.2077825652919229 0.008561253430924 0.2824095982142857 0.9999 0.9999 0.4789400475146947 0.2806684468645198 0.4105187568976448 0.8960220557825188 0.4256699573430835 0.9109280136208854
6 0.2393483284457478 0.2405434172030427 0.0146022788241445 0.0146033358837337 0.0008138949119899 0.001248425385278 0.0015321414798082 0.0015213157884747 0.7093177339901479 0.5601731481481482 0.2222777777777777 0.0001 0.9999 0.2308230769230769 0.6059876406752411 0.4133026485856552 0.2631309771100131 0.004330626715462 0.4926962662337661 0.9610258932324506 0.9999 0.357269422655498 0.1962671703148101 0.3322945664169817 0.8683380793866949 0.7167756489945155 0.216515278093076
5 0.6269540762463343 0.6418674663545934 0.0034011013293404 0.0034019437225328 0.003119317013095 0.0034495740403943 0.0013668943859842 0.0046952541953508 0.4778369458128079 0.4398268518518519 0.2310943562610229 0.0001 0.9999 0.0001 0.3803494975884244 0.3929655789808242 0.7164032166985984 0.0253694190301921 0.8628535511363636 0.9560878310214376 0.0001 0.4842843815921518 0.4342203634921208 0.3197815131378119 0.3579746456851768 0.5497158318098719 0.9402070601589104
5 0.1097554838709677 0.1165190754827384 0.0453911718550007 0.0453916447063115 0.0009776322771252 0.0046937015411122 0.0015321414798082 0.0015821258158369 0.5861896551724137 0.4907425925925926 0.2416742504409171 0.0001 0.9999 0.2308230769230769 0.2755674035369774 0.5854262845640428 0.8407103055359484 0.0117628087831655 0.310102922077922 0.6885919503993274 0.9999 0.3753295860896636 0.32569928599762 0.3002958954610562 0.5794464568517679 0.6095454235222425 0.4357676730987514
6 0.6515825806451613 0.6588330602691633 0.1942385701923642 0.1942428302419357 0.0049793734810321 0.0058421269263903 0.0040108478871687 0.0066879254749566 0.4187354679802955 0.4166833333333333 0.0935557319223985 0.9999 0.0001 0.2308230769230769 0.2355834405144694 0.4728309460747961 0.2615179086417263 0.0153073879231473 0.2964084212662337 0.9852959436738126 0.9999 0.5268138140782763 0.3525952075294796 0.434723180782868 0.8691448983709084 0.4876928945764778 0.9988786379114644
3 0.1830546041055718 0.1843814511410181 0.077654315481865 0.0776536628239126 0.0001916929244757 0.0007699148080788 0.000320329458432 0.0002481004496183 0.5664891625615763 0.4444555555555555 0.2275677248677248 0.0001 0.9999 0.0385538461538461 0.4624271302250804 0.5751518275241022 0.7118664616315419 0.004330626715462 0.7744986607142857 0.9999 0.0001 0.1850221496303274 0.1962671703148101 0.1642017681452086 0.3557558934785898 0.5846265813528336 0.0285846538024971
5 0.6269540762463343 0.6366022820362784 0.2064253798316286 0.2064254629392815 0.0012723595343687 0.0035452761558342 0.0014219767505922 0.0015954953963208 0.4039600985221674 0.4027972222222222 0.238147619047619 0.9999 0.0001 0.1539153846153846 0.3984326969453376 0.5690083377476428 0.7368690228899869 0.0177085544373284 0.599513372564935 0.6636915090374107 0.0001 0.4007612448030802 0.3825196242472323 0.2889801512198557 0.3682615877338982 0.4619210847044485 0.5956675822928491
5 0.5249217008797654 0.5266184318314804 0.7962775027850428 0.7962761063735772 0.0004143757410597 0.0009613190389585 0.000540658916864 0.0005963995850632 0.5517137931034483 0.4166833333333333 0.2346209876543209 0.0001 0.9999 0.0001 0.6737996382636656 0.4054644030087933 0.9999 0.0059314043915827 0.8154807224025975 0.9999 0.5 0.2863597333442563 0.2356015542173019 0.2241141733392819 0.4998235083472033 0.5711009506398538 0.0763617026106697
5 0.6087758944281525 0.6126164423639555 0.1926078908329429 0.1926076090627447 0.0007483999659358 0.0014398296161577 0.0007059060106881 0.0009684189439473 0.3645591133004926 0.4027972222222222 0.2416742504409171 0.9999 0.0001 0.1539153846153846 0.4611211213826366 0.3735818095137196 0.9223718967429666 0.0092473010064043 0.8096985998376623 0.9999 0.0001 0.3488741085874619 0.2931790162633875 0.2534599830934322 0.4610457709184445 0.4856823278488726 0.1758877639046537
5 0.40002 0.4031791105909889 0.1244063363549151 0.1244066165327578 0.0009121373310711 0.0013441275007179 0.0010364001983361 0.0013144754400852 0.5123128078817735 0.4444555555555555 0.2240410934744268 0.0001 0.9999 0.0001 0.9810131028938908 0.3852332556414874 0.6078235454270444 0.0076465233302836 0.7293575284090908 0.9999 0.9999 0.3685519057079076 0.2670402185280012 0.2948023598750793 0.6959309476975842 0.5407596709323583 0.2428437230419977
5 0.6269540762463343 0.635432241076653 0.2301356210012072 0.2301355153637232 0.0008269939012007 0.0037366803867138 0.0012016472921602 0.0009938642745456 0.4039600985221674 0.3657675925925926 0.2416742504409171 0.9999 0.0001 0.1539153846153846 0.4037571945337621 0.6793793092488611 0.7118664616315419 0.0159934354986276 0.5180564529220779 0.6997288566624633 0.0001 0.3588665799660024 0.3682784861707115 0.2762088548148496 0.3557558934785898 0.4464458135283364 0.4565353688989784
1 0.0012727859237536 0.0041951433586892 0.1960349978033193 0.1960345569760282 0.0004798706871139 0.0010570211543983 0.000595741281472 0.0003952520902991 0.2365059113300492 0.1852481481481481 0.2310943562610229 0.9999 0.0001 0.1154615384615384 0.0031138665594855 0.3531388176713635 0.8990832207320762 0.0059314043915827 0.7462981331168832 0.9999 0.9999 0.3025565465828332 0.2356015542173019 0.2348664780332026 0.5502496948605438 0.2908401340645947 0.0868022928490351
1 0.0921636950146627 0.0954583382094792 0.0773642560416807 0.0773641429514347 0.0005257171493517 0.0013441275007179 0.0007609883752961 0.0008096228299418 0.5566389162561576 0.4768564814814814 0.2205144620811287 0.9999 0.0001 0.1154615384615384 0.2334737339228295 0.4679585231486386 0.8318384289603712 0.0068461344922232 0.6617979910714286 0.9191048970155528 0.9999 0.3123852069551682 0.2521140636832426 0.2534599830934322 0.5838839612649417 0.6016859354052407 0.1247061748013621
2 0.9465382404692082 0.9560234640140431 0.0516969223667699 0.0516985412952254 0.0043768199773342 0.003066765578635 0.0019728003966723 0.0043310840740412 0.2660566502463054 0.2593074074074074 0.8112252204585537 0.9999 0.0001 0.1539153846153846 0.0584685490353697 0.2090845746371437 0.7033978521730362 0.0146213403476669 0.723271083603896 0.9698513661202188 0.9999 0.5151218035103527 0.3891895243590206 0.3596448611078498 0.6481269228829374 0.3577371724558196 0.9641523269012486
1 0.3536949560117302 0.3557924517261556 0.0971324307567959 0.0971322117117922 0.0005126181601409 0.0008656169235187 0.0007059060106881 0.0006612636142496 0.4679866995073891 0.3611388888888889 0.2310943562610229 0.9999 0.0001 0.1154615384615384 0.8923049638263666 0.3638369636614048 0.8166150952909146 0.0059314043915827 0.8984592532467532 0.9123807271963008 0.9999 0.3096823253527761 0.2356015542173019 0.2445858102237772 0.5914983154284562 0.4942120048750761 0.0978103064699205
1 0.0001 0.007120245757753 0.2094319545281319 0.2094316481328665 0.0008138949119899 0.0018226380779171 0.0012016472921602 0.0006238287888947 0.2020300492610837 0.1528472222222222 0.2275677248677248 0.9999 0.0001 0.1154615384615384 0.0001 0.4469859201186566 0.7478580518301906 0.0118771500457456 0.7970185064935066 0.549590752416982 0.0001 0.357269422655498 0.32569928599762 0.2534599830934322 0.3737580420638523 0.2705516879951248 0.2328570715096481
6 0.5835609970674487 0.5839504388531305 0.0046908876770103 0.0046907269165134 0.0003816282680327 0.000674212692639 0.000595741281472 0.0004710705499464 0.4581364532019704 0.375025 0.2310943562610229 0.0001 0.9999 0.3461846153846153 0.5268234123794212 0.3783483102023519 0.6974496621962287 0.004330626715462 0.8730990665584416 0.9999 0.9999 0.2769815532389866 0.1962671703148101 0.2348664780332026 0.6511020678872245 0.4809300792199878 0.0639918728717366
5 0.6545145454545455 0.6553229373902868 0.0659679854608472 0.0659676579897585 0.0003357818057948 0.0010570211543983 0.000595741281472 0.0004587360337581 0.5123128078817735 0.4398268518518519 0.816515167548501 0.9999 0.0001 0.0770076923076923 0.6729959405144694 0.5002648055938129 0.8878925582333368 0.0037589204025617 0.6617979910714286 0.8948348465741909 0.9999 0.2619518934196244 0.2171782085031192 0.2241141733392819 0.5558470015635246 0.5517263985374771 0.0662615664018161
2 0.0229693255131964 0.1217842598010532 0.1590259241061651 0.1590301586753776 0.0419971169908223 0.0273751029003541 0.0073157897636493 0.0575637507501403 0.2020300492610837 0.4120546296296296 0.2275677248677248 0.0001 0.9999 0.0001 0.0578657757234726 0.4996292721686619 0.3996368962387819 0.1442843321134491 0.596977353896104 0.5064089743589744 0.0001 0.717817447313986 0.6984565684612889 0.4332676286190621 0.1995859938467745 0.4951868251066423 0.9999
6 0.6152262170087976 0.6172966062024576 0.0584329867639107 0.058432824362559 0.000545365633168 0.0010570211543983 0.0006508236460801 0.000706288911105 0.4039600985221674 0.4074259259259259 0.8112252204585537 0.9999 0.0001 0.2308230769230769 0.7480412178456592 0.3852332556414874 0.9082575476454572 0.0051310155535224 0.8307982751623377 0.9999 0.9999 0.3162757183525508 0.2521140636832426 0.2445858102237772 0.5456609118878298 0.4943947836684949 0.1116554370034052
6 0.6163990029325513 0.6196366881217086 0.0125538399311175 0.0125589050523813 0.0027983917774298 0.0053636163491911 0.0043413420748168 0.0032353822618677 0.38425960591133 0.296337037037037 0.2346209876543209 0.0001 0.9999 0.6153615384615385 0.4389189710610933 0.590828318677826 0.146889230614097 0.008446912168344 0.1990253043831168 0.9999 0.9999 0.4743328629651627 0.2806684468645198 0.4443016530866226 0.9264794724365764 0.4202475198049969 0.983558206583428
6 0.0610848680351906 0.0656222937390286 0.1776558119209928 0.1776553979949723 0.0005257171493517 0.0013441275007179 0.0009262354691201 0.0007583008919552 0.5270881773399015 0.4166833333333333 0.2240410934744268 0.9999 0.0001 0.1154615384615384 0.1544099678456591 0.4679585231486386 0.8318384289603712 0.008561253430924 0.7970185064935066 0.6059056746532157 0.0001 0.3123852069551682 0.2806684468645198 0.2348664780332026 0.4157630554294649 0.5594031078610603 0.1247061748013621
5 0.7723795307917889 0.7734970743124635 0.2635002356992543 0.2634996191039065 0.000466771697903 0.0009613190389585 0.000540658916864 0.0006315055157532 0.4778369458128079 0.4027972222222222 0.820041798941799 0.9999 0.0001 0.0770076923076923 0.4346995578778135 0.3009191545714588 0.9999 0.004444967978042 0.8154807224025975 0.9999 0.5 0.2995465193438057 0.2356015542173019 0.2241141733392819 0.4998235083472033 0.5256499573430835 0.0763617026106697
5 0.9447790615835776 0.9507582796957286 0.1321022310079178 0.1321028850236746 0.0018094180920126 0.0023011486551163 0.0013118120213762 0.0021634006731334 0.2906822660098522 0.4027972222222222 0.8129885361552028 0.9999 0.0001 0.1154615384615384 0.0703230908360128 0.3863984002542642 0.7807243218715337 0.010619396157365 0.7158659090909091 0.9999 0.9999 0.4339944026870379 0.3441586852259205 0.3197815131378119 0.6094500378272053 0.4368803900060938 0.6345928263337117
6 0.2839141935483871 0.3224462843768285 0.1125018840995369 0.1125049544379124 0.0082148238161058 0.0174220828946108 0.005663318825409 0.0019925288090134 0.0001 0.0001 0.7459825396825397 0.9999 0.0001 0.1116161538461538 0.5895118368167204 0.7164520923826677 0.7585446304325906 0.0475516239707227 0.3790826298701298 0.505463387978142 0.0001 0.5719642226636902 0.5590376293678555 0.4068094465447202 0.3791032178342665 0.084543802559415 0.9999
6 0.8087358944281525 0.8144485078993563 0.1635551953327911 0.1635552641682808 0.0009121373310711 0.003066765578635 0.0012567296567682 0.0015014770561438 0.5714142857142857 0.513886111111111 0.7741955908289242 0.9999 0.0001 0.2308230769230769 0.3256980506430868 0.5686905710350674 0.9406197337904608 0.0100476898444647 0.5081152597402597 0.7133873266078183 0.0001 0.3685519057079076 0.3352174137247124 0.2827823161997792 0.4701729106773592 0.6226445703839122 0.3755073098751418
5 0.5753514956011729 0.5781002340550029 0.0356200351530539 0.0356201372039435 0.0007549494605412 0.0014398296161577 0.0008160707399041 0.0011494689403065 0.5664891625615763 0.4398268518518519 0.2275677248677248 0.0001 0.9999 0.0001 0.5394816519292606 0.3577993961224706 0.7838496420288393 0.0076465233302836 0.6828976663961039 0.9999 0.9999 0.3497545927458169 0.2670402185280012 0.2691658604738535 0.6078868260452919 0.5788995124923827 0.1728236776390465
6 0.136729560117302 0.1492802223522527 0.1137852007199165 0.1137844181574132 0.0004798706871139 0.0023968507705561 0.000265247093824 0.0006859326466263 0.5467886699507389 0.4166833333333333 0.7530358024691358 0.9999 0.0001 0.1116161538461538 0.2831020699356913 0.4482569869689585 0.146889230614097 0.0163364592863677 0.9999 0.9999 0.0001 0.3025565465828332 0.4017361472720061 0.1414528964237912 0.0731675442578302 0.5581845825716026 0.103938479001135
6 0.5343039882697947 0.5359787595084844 0.0261411914876177 0.0261409993307124 0.0004405737194814 0.0010570211543983 0.0006508236460801 0.0004890979197602 0.3891847290640394 0.3009657407407407 0.2310943562610229 0.9999 0.0001 0.9999 0.6481817725080385 0.4237889501006463 0.8990832207320762 0.0059314043915827 0.7462981331168832 0.9043957755359396 0.9999 0.2931988428533393 0.2356015542173019 0.2348664780332026 0.5502496948605438 0.4190899207800121 0.0868022928490351
6 0.4850469794721407 0.4856669982445875 0.1482873321126213 0.1482870381931455 0.0004536727086922 0.0009613190389585 0.0006508236460801 0.0006250363639061 0.4778369458128079 0.4398268518518519 0.2275677248677248 0.0001 0.9999 0.0001 0.7735586213826368 0.2889499417311156 0.6333301905818292 0.004330626715462 0.6310614448051948 0.9999 0.9999 0.2964341102258996 0.1962671703148101 0.2445858102237772 0.683173122509709 0.5380789152955515 0.0718223155505107
5 0.624608504398827 0.6319221181977764 0.2429727922742782 0.2429728989086176 0.0010496767177847 0.0023968507705561 0.0013668943859842 0.0012964480702714 0.4187354679802955 0.4027972222222222 0.2416742504409171 0.9999 0.0001 0.1539153846153846 0.4125978697749196 0.6040685983684713 0.946870374105072 0.0142783165599268 0.7268215097402597 0.7372371164354771 0.0001 0.3822506011018494 0.3525952075294796 0.2948023598750793 0.4732993342411863 0.4566814259597807 0.5072630192962543
6 0.6879389442815249 0.6927642480983031 0.0821788884541492 0.0821798466031192 0.0017766706189855 0.0018226380779171 0.0014770591152002 0.0023839556234386 0.3793344827586207 0.3935398148148148 0.2222777777777777 0.9999 0.0001 0.0385538461538461 0.2451273512861736 0.3586467740226719 0.5733442069174145 0.0110767612076852 0.7462981331168832 0.9999 0.9999 0.4322743871218792 0.3156043020446432 0.3322945664169817 0.7131767034851465 0.4925669957343083 0.5938518274687855
6 0.5272672727272727 0.5283734932709186 0.2524529452892851 0.2524528069863511 0.0005322666439572 0.0010570211543983 0.0008711531045121 0.000754333145489 0.5270881773399015 0.4166833333333333 0.820041798941799 0.0001 0.9999 0.1154615384615384 0.9322889268488744 0.459061055196525 0.5293880911565998 0.0037589204025617 0.6617979910714286 0.9999 0.9999 0.3136956950048129 0.2171782085031192 0.2762088548148496 0.735162520804963 0.5479489701401584 0.1247061748013621
2 0.0229693255131964 0.1299745465184318 0.0671048859910011 0.067119113720949 0.1242260217617734 0.0715894802335598 0.026594617376453 0.1929627538873576 0.123228078817734 0.4907425925925926 0.3051536155202821 0.0001 0.9999 0.0001 0.0560574557877813 0.5171064413603136 0.9438458707270344 0.1511448078682525 0.2387900771103896 0.3808561160151324 0.9999 0.8143840354721773 0.7106426562330965 0.5392881700988564 0.5278604680486206 0.5609871907373553 0.9999
2 0.0241421114369501 0.1334846693973083 0.0646433858187101 0.0646569239674575 0.1331267849305287 0.0721636929261989 0.0274208528455732 0.2071420134164265 0.1133778325123152 0.4814851851851852 0.3051536155202821 0.0001 0.9999 0.0001 0.0589708601286173 0.4632979446975316 0.989314238176868 0.154346363220494 0.2421376217532467 0.3488112442202606 0.0001 0.8205474245806624 0.7139595795319319 0.5345458872425857 0.4945287587633026 0.5619620109689214 0.9999
3 0.2868461583577713 0.2867600351082504 0.0648943188129003 0.0648936078110661 0.0001916929244757 0.0004828084617593 0.000265247093824 0.0002526719835902 0.5221630541871921 0.4814851851851852 0.2310943562610229 0.0001 0.9999 0.0385538461538461 0.7236288987138263 0.2119444750503231 0.7982664414641526 0.0026155077767612 0.8307982751623377 0.9999 0.0001 0.1850221496303274 0.1435929861887418 0.1414528964237912 0.3989711353205225 0.6003455575868373 0.0150799772985244
5 0.5571733137829912 0.5576245172615565 0.0652077154836676 0.0652076201867226 0.0004995191709301 0.0007699148080788 0.0007059060106881 0.0007476052275681 0.5664891625615763 0.4814851851851852 0.2346209876543209 0.0001 0.9999 0.5192269230769231 0.5954391077170419 0.2649055938129039 0.5797964807905617 0.004330626715462 0.7744986607142857 0.9999 0.9999 0.3068975382472812 0.1962671703148101 0.2534599830934322 0.7099494275482927 0.5855404753199268 0.0797662429057888
6 0.6721063343108504 0.6775537156231715 0.0443734991563405 0.0443730492517969 0.0005715636115896 0.0017269359624772 0.0007059060106881 0.0006374571354524 0.3891847290640394 0.3055944444444444 0.2310943562610229 0.9999 0.0001 0.9999 0.2901344252411575 0.3594941519228731 0.4328056166179288 0.0118771500457456 0.8397250608766234 0.5620935056746532 0.0001 0.321210524914494 0.32569928599762 0.1985011505858595 0.2161762092096635 0.4162873126142596 0.1141520998864926
6 0.1109282697947214 0.1165190754827384 0.0179719284545374 0.0179719793161804 0.0004995191709301 0.0018226380779171 0.0008160707399041 0.0007805547743091 0.5812645320197044 0.4814851851851852 0.2416742504409171 0.0001 0.9999 0.0001 0.2784808078778135 0.6927255111770315 0.9279168196027024 0.0101620311070448 0.6955777597402597 0.9248834804539724 0.0001 0.3068975382472812 0.3047882478093108 0.2616063798811844 0.4638192111766782 0.6144195246800731 0.216515278093076
6 0.7307456304985338 0.7389808660035108 0.0196396547047523 0.019640165248077 0.001626032243061 0.0033538719249545 0.0013118120213762 0.0021297610835287 0.4285857142857142 0.3796537037037037 0.2275677248677248 0.0001 0.9999 0.0001 0.1320068930868167 0.435440396228414 0.9039224261369366 0.0161077767612076 0.5771964082792208 0.8171916981925178 0.0001 0.4239814549327217 0.3682784861707115 0.3002958954610562 0.4518177787865032 0.4811128580134065 0.6093992281498297
3 0.5601052785923754 0.5593795787009948 0.0966628363843044 0.0966620788834854 0.0001982424190811 0.0004828084617593 0.000265247093824 0.0002721656944893 0.5911147783251232 0.5185148148148148 0.2346209876543209 0.0001 0.9999 0.0385538461538461 0.591018770096463 0.1589833562877423 0.7982664414641526 0.0026155077767612 0.8307982751623377 0.9999 0.0001 0.1904279128351117 0.1435929861887418 0.1414528964237912 0.3989711353205225 0.6283107129798903 0.0150799772985244
2 0.0241421114369501 0.2645292568753657 0.0515172333933366 0.0515310218159385 0.1093717679966984 0.0804897769694649 0.0310012065450939 0.1737585159695782 0.0936773399014778 0.5231435185185185 0.3086802469135802 0.0001 0.9999 0.0001 0.0588703979099678 0.8375212098739273 0.4582114449934456 0.3368350182982616 0.4854939732142856 0.3081510298444724 0.0001 0.8030605996682164 0.8354959756229491 0.5361422992932116 0.2288836082110253 0.5738426325411334 0.9999
6 0.2938828739002932 0.3054806904622587 0.1525629746253528 0.1525637527340025 0.0032044604429654 0.0035452761558342 0.0014219767505922 0.0040434224552426 0.1971049261083743 0.4814851851851852 0.7741955908289242 0.9999 0.0001 0.2308230769230769 0.6042797829581994 0.2526186142599851 0.9999 0.0155360704483074 0.6528712053571429 0.9999 0.5 0.4867415466852356 0.3955709963578667 0.3282800596426138 0.4998235083472033 0.4591184765386959 0.8816489670828604
3 0.5014659824046921 0.5014625511995319 0.0178930593980455 0.0178922631501749 0.0001261979784216 0.0004828084617593 0.000155082364608 0.0001452840629293 0.5812645320197044 0.4583416666666666 0.2310943562610229 0.0001 0.9999 0.0385538461538461 0.7354834405144695 0.5297111876258078 0.3277545326207522 0.0034158966148215 0.9999 0.9999 0.0001 0.0978132652016302 0.1721473693700191 0.0707647098879939 0.1636321228627629 0.6142367458866546 0.008270896708286
2 0.0229693255131964 0.1106688706846108 0.0395939111000282 0.0395973192137905 0.0384145434416618 0.0195275294342873 0.0064895542945292 0.0525618887973632 0.2069551724137931 0.4120546296296296 0.2275677248677248 0.0001 0.9999 0.0001 0.0578657757234726 0.3531388176713635 0.3648551073913482 0.1282765553522415 0.7475154220779221 0.4611258932324507 0.0001 0.7098726135130153 0.6802495438318128 0.4123264587785004 0.1821889594996721 0.4943338574040219 0.9999
6 0.6891117302052786 0.7044646576945582 0.0050096757871862 0.0050103617850379 0.0019731554571479 0.0058421269263903 0.0019177180320643 0.002475041281445 0.4138103448275862 0.4166833333333333 0.2275677248677248 0.0001 0.9999 0.0001 0.2194090233118971 0.6191095560970442 0.6333301905818292 0.0261698078682525 0.5254616274350649 0.5981308532997058 0.0001 0.4420620947426628 0.4390515343839025 0.3105082372555005 0.3164738941846976 0.4586310664229128 0.9218225425652667
6 0.3020923753665689 0.3119159157401989 0.0638173402807452 0.0638167848961649 0.0005715636115896 0.0023968507705561 0.000595741281472 0.000982047290505 0.6354408866995074 0.5277722222222222 0.2416742504409171 0.9999 0.0001 0.1154615384615384 0.758690213022508 0.4655223116855599 0.2666595643843904 0.016793824336688 0.8437826907467533 0.5796393862967633 0.0001 0.321210524914494 0.3755612960225019 0.1827952732054382 0.1330738538356786 0.6732742961608775 0.1410479682179341
5 0.171913137829912 0.1814563487419543 0.0800121459763843 0.0800132613376752 0.0014622948779257 0.0038323825021537 0.0016423062090242 0.002472971152854 0.5861896551724137 0.513886111111111 0.823568430335097 0.9999 0.0001 0.1539153846153846 0.3475988143086816 0.6810740650492637 0.7478580518301906 0.0125631976212259 0.5050720373376623 0.963652522068096 0.9999 0.4139685071784054 0.3682784861707115 0.3398540470096508 0.6258889746305544 0.6286762705667276 0.8529373439273553
5 0.8046311436950147 0.8097683440608543 0.0599785584012386 0.0599787788399139 0.0009448848040981 0.0020140423087967 0.0009813178337281 0.0015433109047546 0.5812645320197044 0.4861138888888889 0.823568430335097 0.9999 0.0001 0.1539153846153846 0.3630699959807074 0.517318285835364 0.9999 0.0091329597438243 0.723271083603896 0.9381216897856244 0.5 0.3720124132140004 0.32569928599762 0.2827823161997792 0.4998235083472033 0.6164910176721512 0.345660839954597
5 0.5483774193548386 0.551774312463429 0.0793189609095606 0.0793186138968989 0.0005191676547463 0.001248425385278 0.000540658916864 0.0006615223803234 0.4138103448275862 0.4166833333333333 0.816515167548501 0.9999 0.0001 0.0770076923076923 0.883464288585209 0.4120315817353533 0.7478580518301906 0.006503110704483 0.8549411728896104 0.9999 0.0001 0.3110337661539722 0.2806684468645198 0.2241141733392819 0.3737580420638523 0.4869617794028031 0.1090452894438138
6 0.2024055718475073 0.2095373317729666 0.0214118978589315 0.0214118666651054 0.0004798706871139 0.0021097444242366 0.0010364001983361 0.00076106106341 0.6108152709359607 0.4907425925925926 0.2416742504409171 0.0001 0.9999 0.0001 0.50833836414791 0.7478050746901155 0.7033978521730362 0.012677538883806 0.7352410917207792 0.649717843631778 0.0001 0.3025565465828332 0.3352174137247124 0.2534599830934322 0.3515200938114692 0.6272749664838514 0.2530573439273552
1 0.0059639296187683 0.0100453481568168 0.01536709301454 0.0153676868319835 0.0009710827825198 0.0014398296161577 0.0013118120213762 0.0008358444587618 0.2266556650246305 0.2269064814814815 0.2275677248677248 0.9999 0.0001 0.1154615384615384 0.0149684083601286 0.4093835257972243 0.5462244932943431 0.0076465233302836 0.6828976663961039 0.862895039932745 0.9999 0.3746743420648412 0.2670402185280012 0.3055311879211965 0.7267413476572352 0.3090570871419865 0.2807476049943246
6 0.7477510263929619 0.7582865418373318 0.0676411031504707 0.0676404651486699 0.0005650141169842 0.0025882550014358 0.0008160707399041 0.0008760394555715 0.5467886699507389 0.4907425925925926 0.820041798941799 0.9999 0.0001 0.3961746153846153 0.4656419212218649 0.4407365081046721 0.1933657658566098 0.0153073879231473 0.8912569602272727 0.3244361286254729 0.0001 0.3200024187437278 0.3955709963578667 0.1642017681452086 0.0964140162404801 0.6023561243144424 0.1315152553916004
5 0.4246485043988269 0.4265799297834991 0.2552977768035295 0.2552970951935171 0.0004536727086922 0.001248425385278 0.000485576552256 0.000583633792085 0.4285857142857142 0.4027972222222222 0.2698873015873015 0.0001 0.9999 0.0001 0.9421342242765274 0.235459211780909 0.8878925582333368 0.0058170631290027 0.6376550933441559 0.9999 0.0001 0.2964341102258996 0.2356015542173019 0.2121176063117852 0.4438000151308822 0.4972583180987203 0.0662615664018161
6 0.6375091495601173 0.652397834991223 0.0058211644387478 0.0058204628807343 0.0005060686655355 0.0029710634631951 0.000430494187648 0.0008760394555715 0.453211330049261 0.7082916666666667 0.820041798941799 0.9999 0.0001 0.1154615384615384 0.6805306069131833 0.3531388176713635 0.0862983462740748 0.0199953796889295 0.9999 0.3995577133249264 0.0001 0.3083104081758044 0.4342203634921208 0.1121070866696409 0.0428109799767993 0.6871654844606947 0.0940653121452894
6 0.6076031085043989 0.6143715038033938 0.073537489369999 0.0735373048604695 0.0004864201817193 0.0027796592323154 0.0009813178337281 0.0006059739297968 0.4236605911330049 0.4027972222222222 0.2346209876543209 0.9999 0.0001 0.9999 0.4521799839228296 0.7329759614365928 0.6078235454270444 0.0134779277218664 0.5941370129870129 0.6291250735603194 0.0001 0.3040308456386836 0.3441586852259205 0.2445858102237772 0.3037160689968225 0.476665240706886 0.2428437230419977
1 0.09450926686217 0.1106688706846108 0.065162966536576 0.0651691099615991 0.0117711993868446 0.0085217861587058 0.005498071731585 0.0175483375957755 0.4679866995073891 0.453712962962963 0.2240410934744268 0.9999 0.0001 0.1154615384615384 0.238999155948553 0.4243185612882721 0.338642744781688 0.0253694190301921 0.3462158279220779 0.9362305170239597 0.9999 0.60423499088619 0.4342203634921208 0.4622378120083593 0.830568865688203 0.5398457769652651 0.9999
1 0.1320384164222873 0.1405049151550614 0.0386157499501769 0.0386156165549441 0.0008924888472548 0.0025882550014358 0.0009262354691201 0.0012125216069757 0.4679866995073891 0.375025 0.2275677248677248 0.9999 0.0001 0.1154615384615384 0.3335341036977491 0.4359700074160398 0.575360542502773 0.0143926578225068 0.6738694399350649 0.6715713955443463 0.0001 0.3664018862514592 0.3525952075294796 0.2445858102237772 0.2874788369395269 0.5082250457038391 0.2615686946651532
6 0.1250017008797654 0.1305595669982445 0.7309896362045641 0.7309881813128266 0.0004536727086922 0.0014398296161577 0.000485576552256 0.0006912804788199 0.5812645320197044 0.4768564814814814 0.2346209876543209 0.9999 0.0001 0.2308230769230769 0.3147476688102893 0.4540827100328424 0.4958161036603812 0.0101620311070448 0.8730990665584416 0.8685685582177386 0.0001 0.2964341102258996 0.3047882478093108 0.1985011505858595 0.2476925757805013 0.6033309445460084 0.0965619750283768
1 0.0610848680351906 0.0703024575775307 0.12298384357723 0.1229842028575989 0.0015998342646394 0.0028753613477553 0.0013118120213762 0.0026571263420998 0.5763394088669951 0.4907425925925926 0.2275677248677248 0.9999 0.0001 0.1154615384615384 0.1542090434083601 0.4154210933361585 0.949491610366038 0.0153073879231473 0.6399882305194805 0.8171916981925178 0.0001 0.4224457267495443 0.3606351411777433 0.3002958954610562 0.4746104150905331 0.6154552711761121 0.5763751872871737
0 0.9318784164222874 0.932622644821533 0.1916451337956878 0.191646085761863 0.0013313049858175 0.0019183401933569 0.0015872238444162 0.0016669148327122 0.3990349753694581 0.3657675925925926 0.7424559082892417 0.9999 0.0001 0.2308230769230769 0.0610805667202572 0.2606687043118975 0.3157573358878693 0.0046736505032021 0.420267573051948 0.9999 0.9999 0.4050612837159769 0.2356015542173019 0.3398540470096508 0.8420156100267313 0.4607634856794637 0.3382843359818388
2 0.0217965395894428 0.122369280280866 0.1202159556054029 0.1202199388982393 0.0407592625103994 0.0279493155929932 0.0084725194204176 0.0557855102904246 0.1872546798029556 0.4027972222222222 0.2275677248677248 0.0001 0.9999 0.0001 0.0549523713826366 0.4930620934421019 0.3697951295754765 0.1467998398902104 0.5948470982142858 0.4024995376208491 0.0001 0.7151555184631453 0.7011605820201219 0.4272576067814121 0.1846598426388258 0.4944557099329677 0.9999
6 0.6586192961876833 0.6605881217086015 0.0068739585141271 0.0068737945583102 0.0005650141169842 0.0009613190389585 0.000595741281472 0.0006592797410165 0.3448586206896551 0.3333666666666666 0.823568430335097 0.0001 0.9999 0.0770076923076923 0.6654612741157557 0.2860900413179362 0.9999 0.0051310155535224 0.9076903612012988 0.9999 0.5 0.3200024187437278 0.2521140636832426 0.2348664780332026 0.4998235083472033 0.4385253991468616 0.0989451532349602
6 0.9811354252199412 0.9846894675248684 0.14527667532628 0.145276924956598 0.0006501575468546 0.0021097444242366 0.0010364001983361 0.000634093176492 0.138003448275862 0.296337037037037 0.820041798941799 0.9999 0.0001 0.1154615384615384 0.0060272709003215 0.6978097785782392 0.7758851164666735 0.0078752058554437 0.6029623579545454 0.9999 0.9999 0.3345815982960248 0.3047882478093108 0.2948023598750793 0.6118704947798457 0.3559703107861061 0.3382843359818388
6 0.0036183577712609 0.0059502047981275 0.0298873176298589 0.0298887374192741 0.0013706019534499 0.0009613190389585 0.0017524709382403 0.002021941886078 0.4778369458128079 0.4490842592592592 0.8112252204585537 0.0001 0.9999 0.6153615384615385 0.0072328175241157 0.2222189320902637 0.2519403146112735 0.0037589204025617 0.723271083603896 0.9999 0.9999 0.4078460708214718 0.2171782085031192 0.3502307253387184 0.8739353860896757 0.5466085923217551 0.3310213166855846
5 0.5923568914956012 0.5927257460503218 0.0514826511605584 0.0514831150958849 0.0006632565360654 0.001248425385278 0.0010914825629441 0.0008919966967942 0.4679866995073891 0.4074259259259259 0.820041798941799 0.9999 0.0001 0.0770076923076923 0.8016880426045017 0.3584349295476216 0.3631412221437934 0.0030728728270814 0.4926962662337661 0.9999 0.9999 0.3366292358735945 0.1962671703148101 0.3002958954610562 0.8183153023654614 0.5096263497867154 0.1425232690124858
6 0.7794162463343108 0.781687361029842 0.0005688241668617 0.0005682843375008 0.0003423313004002 0.0009613190389585 0.000430494187648 0.0004788335321629 0.5418635467980296 0.4490842592592592 0.2222777777777777 0.0001 0.9999 0.6153615384615385 0.0193887459807073 0.3082277889606949 0.4499444690934758 0.0076465233302836 0.9999 0.6997288566624633 0.0001 0.2642657238822782 0.2670402185280012 0.1642017681452086 0.2247990871034448 0.5659831444241317 0.0481040181611804
2 0.0610848680351906 0.0977984201287302 0.0688423158507132 0.0688471445426874 0.0129304599320026 0.0209630611658849 0.0078666134097294 0.0213117451189544 0.5664891625615763 0.453712962962963 0.2275677248677248 0.0001 0.9999 0.0001 0.1542090434083601 0.6514158385422184 0.8805329333467783 0.0548694647758462 0.2943796063311688 0.511557166876839 0.9999 0.6126507813300018 0.5499521438101763 0.4416487918848475 0.5595281131789983 0.5969336867763558 0.9999
0 0.0534617595307918 0.0586020479812756 0.1827512613060878 0.1827549220058165 0.0035384846678414 0.0017269359624772 0.0035151066056966 0.0042870938414813 0.2315807881773399 0.4074259259259259 0.2822305114638447 0.0001 0.9999 0.0001 0.1319064308681672 0.3777127767772009 0.199717222950489 0.0091329597438243 0.6795501217532468 0.9999 0.9999 0.495792104778094 0.2931790162633875 0.4225153239251414 0.9000057245170727 0.4401094820231566 0.9648332349602724
4 0.7800026392961876 0.7781772381509655 0.128130203554455 0.1281314025271459 0.0005650141169842 0.0013441275007179 0.0016973885736323 0.000815833215715 0.5369384236453202 0.4166833333333333 0.2310943562610229 0.0001 0.9999 0.0001 0.0355631631832797 0.4149974043860578 0.1261209740849047 0.0018151189387008 0.2560350040584415 0.9999 0.9999 0.3200024187437278 0.1086571310086185 0.3468735647028436 0.9368672668583246 0.5568442047531993 0.1247061748013621
6 0.322616129032258 0.3242013458162668 0.088541326100272 0.0885426600389123 0.0013313049858175 0.0020140423087967 0.0017524709382403 0.0019179179243775 0.4679866995073891 0.4444555555555555 0.238147619047619 0.0001 0.9999 0.5192269230769231 0.8114328778135048 0.2478521135713529 0.2519403146112735 0.0051310155535224 0.3543310876623375 0.9999 0.9999 0.4050612837159769 0.2171782085031192 0.3502307253387184 0.8739353860896757 0.5336922242535039 0.3310213166855846
2 0.0229693255131964 0.1118389116442364 0.1431351955931727 0.1431488499162774 0.085472662181549 0.0595310136881401 0.021361792738692 0.1299646006043913 0.1724793103448275 0.4907425925925926 0.3086802469135802 0.0001 0.9999 0.0001 0.0559569935691318 0.5982428753045874 0.810868538872643 0.1256467063129002 0.2395001623376623 0.4704766918873476 0.9999 0.7811099248366682 0.6822685406224082 0.5361422992932116 0.5943726080597166 0.5492284216940889 0.9999
2 0.7108082697947213 0.7114849034523113 0.0148919531615138 0.0148919315108087 0.0005715636115896 0.0010570211543983 0.0007059060106881 0.0012019121979466 0.8028950738916256 0.6990342592592592 0.2822305114638447 0.0001 0.9999 0.0001 0.2420130225080385 0.2428737684076703 0.66387767470001 0.0050166742909423 0.6617979910714286 0.9999 0.9999 0.321210524914494 0.2171782085031192 0.2534599830934322 0.667893987996167 0.837226873857404 0.0940653121452894
5 0.7811754252199413 0.7857825043885313 0.0049913448931969 0.0049921079383294 0.0015343393185852 0.0017269359624772 0.0012567296567682 0.0021684034838951 0.4778369458128079 0.4027972222222222 0.8112252204585537 0.9999 0.0001 0.1154615384615384 0.4050632033762058 0.3499611505456086 0.6791010083694665 0.008561253430924 0.7863672280844156 0.9999 0.9999 0.4185142626006102 0.3156043020446432 0.3152505201117712 0.6602796338326524 0.5212632663010359 0.4847930533484677
0 0.0200373607038123 0.0275959625511995 0.0097888017201207 0.009793177704467 0.005057967416297 0.004215190963913 0.0038456007933447 0.0059419028839553 0.2168054187192118 0.4027972222222222 0.238147619047619 0.0001 0.9999 0.0001 0.0502306471061093 0.3738995762262951 0.2401447514369264 0.012677538883806 0.3687356737012986 0.9999 0.9999 0.5282266840067995 0.3352174137247124 0.4318120764552562 0.8798352499117367 0.4257308836075563 0.9964954597048808
6 0.5800426392961877 0.582780397893505 0.0612736591677542 0.061273338567663 0.0005322666439572 0.0011527232698382 0.000595741281472 0.000721642364822 0.4482862068965517 0.4074259259259259 0.2416742504409171 0.9999 0.0001 0.1154615384615384 0.5362668609324759 0.3317425256912808 0.8166150952909146 0.0076465233302836 0.8437826907467533 0.8948348465741909 0.0001 0.3136956950048129 0.2670402185280012 0.2241141733392819 0.4081487012659505 0.5213851188299817 0.0978103064699205
3 0.4410675073313783 0.4417904622586308 0.105762430797625 0.1057615829574497 0.0001851434298703 0.0005785105771991 0.000210164729216 0.000244305213868 0.6058901477832512 0.4814851851851852 0.2346209876543209 0.0001 0.9999 0.0385538461538461 0.8879850884244374 0.3027198326093866 0.4238329232630836 0.004330626715462 0.9999 0.9999 0.0001 0.179288764413132 0.1962671703148101 0.1121070866696409 0.2116882786099763 0.6096672760511882 0.0159878547105562
3 0.3607316715542522 0.3633977179637214 0.1072708015030334 0.1072704905982358 0.0005126181601409 0.0010570211543983 0.000595741281472 0.0006911942234619 0.438435960591133 0.4120546296296296 0.2310943562610229 0.0001 0.9999 0.0385538461538461 0.9099863143086816 0.3708278313380654 0.9999 0.0068461344922232 0.8307982751623377 0.9999 0.5 0.3096823253527761 0.2521140636832426 0.2348664780332026 0.4998235083472033 0.519679183424741 0.0989451532349602
3 0.7113946627565982 0.7108998829724985 0.1507237235813806 0.1507229639731027 0.0001916929244757 0.0007699148080788 0.00037541182304 0.000257502283636 0.6058901477832512 0.4814851851851852 0.2310943562610229 0.0001 0.9999 0.0385538461538461 0.2057461615755627 0.4944390825299291 0.8318384289603712 0.0034158966148215 0.6617979910714286 0.8247563892391762 0.0001 0.1850221496303274 0.1721473693700191 0.1642017681452086 0.4157630554294649 0.6170393540524071 0.0239317820658343
1 0.0323516129032258 0.0357862492685781 0.1315325099035517 0.1315323175282459 0.0005060686655355 0.0014398296161577 0.0007609883752961 0.0007068926986107 0.5024625615763547 0.4120546296296296 0.2275677248677248 0.9999 0.0001 0.1154615384615384 0.0815748593247588 0.4944390825299291 0.8318384289603712 0.0068461344922232 0.6194971996753247 0.9191048970155528 0.9999 0.3083104081758044 0.2521140636832426 0.2534599830934322 0.5838839612649417 0.5413080073126143 0.1247061748013621
5 0.7665156011730205 0.7676468695143358 0.2024141489116088 0.2024142378904254 0.0007156524929087 0.0019183401933569 0.0010364001983361 0.0010658012430848 0.5320133004926109 0.4490842592592592 0.238147619047619 0.9999 0.0001 0.2308230769230769 0.0680124598070739 0.394766257018752 0.5254562367651509 0.0059314043915827 0.420267573051948 0.94148377469525 0.9999 0.3443693059168083 0.2356015542173019 0.2889801512198557 0.7371291420789833 0.5670188909201707 0.1713483768444948
5 0.9547477419354838 0.9560234640140431 0.0450051447933429 0.0450050790665226 0.00065670704146 0.0013441275007179 0.0007059060106881 0.0007725330260187 0.4039600985221674 0.3333666666666666 0.820041798941799 0.9999 0.0001 0.0770076923076923 0.0641948954983922 0.2913861531941943 0.8318384289603712 0.0051310155535224 0.6617979910714286 0.9999 0.9999 0.3356054170848096 0.2521140636832426 0.2534599830934322 0.5838839612649417 0.4396829981718465 0.1247061748013621
3 0.4527953665689149 0.4523208308952604 0.1101914212512505 0.1101905669284447 0.0001589454514487 0.0003871063463195 0.000210164729216 0.0001990211509387 0.5467886699507389 0.453712962962963 0.2310943562610229 0.0001 0.9999 0.0385538461538461 0.8597552049839229 0.2825946074796058 0.5966328829283049 0.0026155077767612 0.9999 0.9999 0.0001 0.151707086243267 0.1435929861887418 0.1121070866696409 0.2981187622938417 0.6043666910420475 0.0107675595913734
6 0.3836009970674487 0.3844584552369807 0.112450511384029 0.1124504239591377 0.0004471232140868 0.0011527232698382 0.0007609883752961 0.0006220174263775 0.5270881773399015 0.4120546296296296 0.2240410934744268 0.0001 0.9999 0.0001 0.9705650321543408 0.4191283716495391 0.5346305636785318 0.004330626715462 0.5317509537337662 0.9999 0.9999 0.2948369529153952 0.1962671703148101 0.2616063798811844 0.7325403591062694 0.5448417306520414 0.0880506242905789
5 0.3378623460410557 0.340581919251024 0.1214253324853213 0.1214247698014508 0.0004405737194814 0.0010570211543983 0.000430494187648 0.0007300953899021 0.6058901477832512 0.5648018518518518 0.7495091710758378 0.9999 0.0001 0.1116161538461538 0.7006230506430869 0.2422382349825193 0.6974496621962287 0.0052453568161024 0.8307982751623377 0.9999 0.0001 0.2931988428533393 0.2521140636832426 0.1985011505858595 0.3485449488071822 0.6653538817794029 0.0639918728717366
2 0.0229693255131964 0.1258794031597425 0.1163888038309063 0.1163934859095253 0.0459268137540696 0.0271836986694744 0.0091335077957137 0.063234264237828 0.2118802955665024 0.4120546296296296 0.2310943562610229 0.0001 0.9999 0.0001 0.0577653135048231 0.5102214959211782 0.4118357265302007 0.1500013952424519 0.6261922889610391 0.426769588062211 0.0001 0.7257827574907326 0.7046938264036638 0.4403106229600582 0.2056875624148887 0.4973801706276661 0.9999
5 0.4563137243401759 0.4575860152135751 0.0983170840359976 0.0983167862365888 0.0004143757410597 0.0008656169235187 0.000595741281472 0.0005844963456646 0.5172379310344828 0.4398268518518519 0.1711416225749558 0.0001 0.9999 0.0001 0.8165564509646303 0.3973083907193559 0.7982664414641526 0.0052453568161024 0.7970185064935066 0.9999 0.9999 0.2863597333442563 0.2171782085031192 0.2348664780332026 0.6006758813738842 0.5579408775137111 0.0752268558456299
1 0.0229693255131964 0.0328611468695143 0.0086770869140615 0.0086891665706286 0.0105005974333946 0.0135939982770173 0.0095190843479698 0.0133647802239706 0.3941098522167487 0.3657675925925926 0.2240410934744268 0.9999 0.0001 0.1154615384615384 0.0579662379421221 0.5847907511388919 0.1170474639507915 0.0161077767612076 0.1345089894480519 0.9816186633039092 0.9999 0.593996802998341 0.3682784861707115 0.5231362364101722 0.9414056236445252 0.4605807068860451 0.9999
5 0.1203105571847507 0.1229543007606787 0.1566372853864536 0.1566372103066581 0.0006370585576438 0.001248425385278 0.0008160707399041 0.000920892241711 0.5172379310344828 0.4398268518518519 0.2275677248677248 0.0001 0.9999 0.0001 0.3038977491961415 0.3531388176713635 0.6398832812342442 0.0059314043915827 0.6376550933441559 0.9999 0.9999 0.3324930079669035 0.2356015542173019 0.2691658604738535 0.679895420386342 0.5528839975624619 0.1327635868331441
0 0.8990404105571848 0.8998614979520188 0.0790327524975254 0.0790363339467442 0.0025888079500566 0.0040237867330334 0.0033498595118726 0.0033739083667524 0.3793344827586207 0.375025 0.7142428571428572 0.9999 0.0001 0.2308230769230769 0.110909827170418 0.3100284669986228 0.1429573762226479 0.0046736505032021 0.1978080154220779 0.9999 0.9999 0.4671866078194441 0.2356015542173019 0.4175382745908376 0.9284460937105966 0.4755076416819012 0.8068625652667423
2 0.7500965982404691 0.7512662960795787 0.0331539907675471 0.0331540194074894 0.0007156524929087 0.0007699148080788 0.0007609883752961 0.0013178393990456 0.6305157635467981 0.5879453703703703 0.2822305114638447 0.0001 0.9999 0.0001 0.1434595860128617 0.190230416357665 0.6896867701925986 0.0058170631290027 0.9999 0.9999 0.9999 0.3443693059168083 0.2356015542173019 0.2616063798811844 0.6549848842487517 0.7118406215722122 0.120734211123723
5 0.4275804692082111 0.4318451141018139 0.063684479809604 0.063684848864892 0.0010562262123901 0.0019183401933569 0.0010914825629441 0.0014379068573268 0.4729118226600985 0.3703962962962963 0.7036629629629629 0.9999 0.0001 0.1154615384615384 0.9009447146302252 0.3893642229049687 0.7198309871937077 0.0075321820677035 0.6135121956168832 0.9446357292980244 0.9999 0.3828648923751204 0.2931790162633875 0.2948023598750793 0.639907454481263 0.5063363315051798 0.3056007491486946
5 0.7125674486803519 0.7132399648917496 0.1490557662694769 0.1490556252661588 0.0005191676547463 0.0008656169235187 0.0007609883752961 0.0007225049184016 0.4975374384236453 0.3981685185185185 0.7001363315696649 0.9999 0.0001 0.1154615384615384 0.4961824356913183 0.3871398559169403 0.6121586669355651 0.0039876029277218 0.7970185064935066 0.9999 0.9999 0.3110337661539722 0.2171782085031192 0.2616063798811844 0.6937626216775105 0.5379570627666058 0.103938479001135
2 0.0241421114369501 0.1252943826799297 0.091718347302651 0.091732847088137 0.1059529318126731 0.0823081171628218 0.0287979119607735 0.1612224210096587 0.1133778325123152 0.4814851851851852 0.3051536155202821 0.0001 0.9999 0.0001 0.0589708601286173 0.5804479394003603 0.8750888272663103 0.1429122369624885 0.1940547077922078 0.3558506094997898 0.9999 0.8002143834353943 0.7020619198730664 0.5413306384577453 0.5622511272507187 0.5495939792809263 0.9999
6 0.0939228739002932 0.0972133996489175 0.0190643110992886 0.0190650535460837 0.0007222019875141 0.0022054465396764 0.0013118120213762 0.0011803483584564 0.6058901477832512 0.4861138888888889 0.2416742504409171 0.0001 0.9999 0.5576807692307693 0.2357843649517685 0.5923112300031784 0.4499444690934758 0.0067317932296431 0.4081961241883116 0.954196658259773 0.9999 0.3452907428267147 0.2521140636832426 0.3152505201117712 0.7748479295909618 0.6263001462522853 0.2807476049943246
2 0.0241421114369501 0.1217842598010532 0.1860840180868132 0.1860877509288983 0.0363972991031948 0.0281407198238728 0.0088030136080656 0.0501023172651167 0.2118802955665024 0.4074259259259259 0.2310943562610229 0.0001 0.9999 0.0001 0.0607791800643086 0.5227203199491472 0.369089412120601 0.1423405306495883 0.5735445413961039 0.3721357082807903 0.0001 0.7050606652057263 0.6966538927554001 0.4241352126235705 0.1843068593332324 0.4973801706276661 0.9999
0 0.5618644574780058 0.5617196606202457 0.2730641100662209 0.2730640956360111 0.0005519151277734 0.0009613190389585 0.0009813178337281 0.0007255238559302 0.4482862068965517 0.4027972222222222 0.8024086419753087 0.9999 0.0001 0.0770076923076923 0.8577459606109324 0.321997679838966 0.3475146213572653 0.0025011665141811 0.5387503652597403 0.9999 0.9999 0.3175452536506441 0.1721473693700191 0.2889801512198557 0.8261313612750291 0.5023761243144425 0.1014418161180477
0 0.9060771260997068 0.90863680514921 0.0011092004367323 0.0011102772458879 0.0016194827484556 0.0018226380779171 0.0014770591152002 0.0020801642527014 0.3251581280788177 0.4027972222222222 0.7054262786596119 0.0001 0.9999 0.0001 0.0864975080385852 0.2649055938129039 0.4570016436422305 0.0068461344922232 0.5941370129870129 0.9999 0.9999 0.4235924037929834 0.2806684468645198 0.3322945664169817 0.7713685227215414 0.471486508226691 0.4508611350737798
6 0.9260144868035192 0.9337926857811586 0.0140685263226902 0.0140715866952295 0.003420593764944 0.0064163396190293 0.0031846124180485 0.0047226833991823 0.2414310344827586 0.4027972222222222 0.820041798941799 0.0001 0.9999 0.9999 0.1094028938906752 0.5656188261468377 0.3988303620046385 0.0125631976212259 0.2987415584415584 0.9077578604455654 0.9999 0.4927001720359637 0.3682784861707115 0.4029592763049757 0.8004140061532254 0.5029244606946983 0.9941122814982974
6 0.5085026979472141 0.5166730836746636 0.0520627700409269 0.0520635412089452 0.0016325817376664 0.0048851057719919 0.0018075533028483 0.0025474957821319 0.5517137931034483 0.4444555555555555 0.2416742504409171 0.0001 0.9999 0.0385538461538461 0.7027327572347267 0.5159412967475369 0.8684349198346275 0.0151930466605672 0.3756336444805194 0.7044567885666246 0.9999 0.4243500296966842 0.3606351411777433 0.3197815131378119 0.5655792555605992 0.5767670932358319 0.7060881725312146
6 0.5307856304985337 0.5336386775892334 0.080194145566707 0.0801935662117031 0.000355430289611 0.0010570211543983 0.000430494187648 0.0004374309603418 0.4335108374384236 0.3703962962962963 0.8112252204585537 0.9999 0.0001 0.2308230769230769 0.9183246784565916 0.401333435745312 0.5415869214480186 0.0058170631290027 0.9153998579545454 0.8497618957545187 0.0001 0.2687090974256046 0.2670402185280012 0.1827952732054382 0.2706364906440712 0.4826360146252285 0.0596794551645857
5 0.3026787683284457 0.3066507314218841 0.1033214180950869 0.1033215750936293 0.0010234787393631 0.0013441275007179 0.0009262354691201 0.0013500126475649 0.3744093596059113 0.4074259259259259 0.2222777777777777 0.0001 0.9999 0.1154615384615384 0.7664258038585209 0.2704135501642123 0.7478580518301906 0.008561253430924 0.7970185064935066 0.9999 0.9999 0.3797934360087657 0.2806684468645198 0.2827823161997792 0.6258889746305544 0.490129945155393 0.2328570715096481
2 0.0241421114369501 0.1100838502047981 0.1283677349706866 0.1283778679679358 0.0727142466902059 0.0566599502249449 0.0195440747066277 0.109685362160349 0.1527788177339901 0.4907425925925926 0.3086802469135802 0.0001 0.9999 0.0001 0.0588703979099678 0.526533520500053 0.9665296460623172 0.1215304208600182 0.2437606737012987 0.3825371584699453 0.0001 0.7667150326663528 0.677184995131802 0.5082285650550638 0.4831324406112876 0.5449026569165143 0.9999
6 0.5436862756598241 0.5453390871854886 0.1514504125931008 0.1514498059620823 0.0003161333219786 0.0008656169235187 0.000485576552256 0.0004473503265073 0.5763394088669951 0.4166833333333333 0.2275677248677248 0.0001 0.9999 0.0385538461538461 0.6224634445337621 0.470818423561818 0.7758851164666735 0.0059314043915827 0.8984592532467532 0.8685685582177386 0.0001 0.2546418272677002 0.2356015542173019 0.1985011505858595 0.3877765219145609 0.5810928580134065 0.0565018842224744
2 0.1414207038123167 0.2083672908133411 0.2854572577937098 0.2854666217188117 0.046457322817108 0.0469940365655212 0.016184050465539 0.0668136890824769 0.2118802955665024 0.4768564814814814 0.7741955908289242 0.0001 0.9999 0.0001 0.2907371985530547 0.6059751986439241 0.8548246546334577 0.0800245425434583 0.2308776988636363 0.447677553593947 0.9999 0.7268065762795175 0.6399056615340234 0.5032045624251531 0.5723867907399002 0.5195573308957953 0.9999
0 0.4486906158357771 0.4505657694558221 0.3198026523407495 0.319803878847864 0.0013182059966066 0.0018226380779171 0.0019177180320643 0.001849086148725 0.4679866995073891 0.4074259259259259 0.7424559082892417 0.9999 0.0001 0.1116161538461538 0.9327912379421222 0.4085361478970229 0.2585942220429565 0.0046736505032021 0.4419758928571428 0.9999 0.9999 0.4041398468060704 0.2356015542173019 0.3596448611078498 0.8706072577797953 0.5191917733089579 0.4396261520998864
6 0.0001 0.0170655939145699 0.0434866073736211 0.0435033343276094 0.0218639705737849 0.0111057432755815 0.0142010853396507 0.0282274409541612 0.0001 0.4490842592592592 0.2222777777777777 0.0001 0.9999 0.1154615384615384 0.0001 0.5952770526538829 0.1364042855702329 0.0262841491308325 0.2716568790584415 0.8894765237494745 0.9999 0.6596031109836771 0.4390515343839025 0.5545479911710146 0.931723795833964 0.4666124070688605 0.9999
2 0.126174486803519 0.196666881217086 0.0079827465387931 0.0079855077371733 0.0238615664284357 0.0164650617402125 0.005553154096193 0.0253145975158318 0.1724793103448275 0.328737962962963 0.7741955908289242 0.0001 0.9999 0.0001 0.2593929863344051 0.4184928382243882 0.3788686397095896 0.0841408279963403 0.7184019277597403 0.4535612021857924 0.0001 0.6674046101542179 0.6475850600411094 0.3947894028694202 0.1891981994250264 0.3830824984765387 0.9999
2 0.0229693255131964 0.1071587478057343 0.1784148495691647 0.1784257565383413 0.0628441583198496 0.058382588302862 0.021196545644868 0.0945778224689082 0.192179802955665 0.4768564814814814 0.3122068783068782 0.0001 0.9999 0.0001 0.0559569935691318 0.6224990676978494 0.9421319854794796 0.118900571820677 0.2311820211038961 0.378859878100042 0.9999 0.7537330104245602 0.6740483394035557 0.5156237091131096 0.5287177132193474 0.5436841316270566 0.9999
6 0.0001 0.0041951433586892 0.0337915669878989 0.0337922108582349 0.0011413696422605 0.0010570211543983 0.0012016472921602 0.0016350866056247 0.4729118226600985 0.4444555555555555 0.8112252204585537 0.0001 0.9999 0.6153615384615385 0.0001 0.3210443797012395 0.519810497126147 0.0058170631290027 0.9153998579545454 0.9999 0.9999 0.39033876953325 0.2670402185280012 0.3105082372555005 0.7399530085237304 0.5329611090798293 0.300153484676504
5 0.5389951319648094 0.5424139847864248 0.2443966714220971 0.2443964678905302 0.000957983793309 0.001248425385278 0.0008160707399041 0.0013000707953058 0.4138103448275862 0.4120546296296296 0.2310943562610229 0.9999 0.0001 0.2308230769230769 0.6319068930868167 0.2207360207649115 0.8558328224261369 0.008446912168344 0.8549411728896104 0.9999 0.9999 0.3733638540151965 0.2806684468645198 0.2691658604738535 0.5718825288747668 0.5062754052407068 0.1942722814982974
2 0.0018591788856304 0.1282194850789935 0.0252596141237439 0.0252742882040846 0.1383467321310423 0.1088176031396573 0.0329290893063743 0.2204509563836729 0.1035275862068965 0.513886111111111 0.3086802469135802 0.0001 0.9999 0.0001 0.0044198754019292 0.558627958470177 0.9219686296258948 0.1777863220494052 0.1815774959415584 0.3064699873896595 0.0001 0.8239669793352038 0.7360964372002452 0.541823648061615 0.4608440661723911 0.5754876416819013 0.9999
6 0.1519757771260997 0.155715447630193 0.0064052113678283 0.0064071276502646 0.0014229979102932 0.0025882550014358 0.0020829651258883 0.0014904363703248 0.3497837438423645 0.2593074074074074 0.820041798941799 0.0001 0.9999 0.9999 0.3076148512861736 0.528440120775506 0.2914604920842997 0.0058170631290027 0.3840532264610389 0.9999 0.9999 0.4113884838306674 0.2670402185280012 0.3682607908516683 0.8541683209764463 0.3813765630712979 0.6229039046538024
1 0.0059639296187683 0.0223307782328847 0.0533345335768594 0.053349243584916 0.0191066333449064 0.0187619125107686 0.0114469671092501 0.0125965900059735 0.1084527093596059 0.2269064814814815 0.2310943562610229 0.9999 0.0001 0.1154615384615384 0.0148679461414791 0.5880743405021719 0.1499137339921347 0.0253694190301921 0.1502323051948051 0.9846655527532576 0.9999 0.6475630020275667 0.4342203634921208 0.5423166576654848 0.9249666868411762 0.2372859475929311 0.9999
6 0.5741787096774194 0.5763451726155646 0.0682129808306002 0.0682134202780563 0.0007876969335682 0.0016312338470374 0.0010914825629441 0.0011603371154096 0.5418635467980296 0.4398268518518519 0.2557807760141093 0.0001 0.9999 0.0001 0.5609805667202572 0.4627683335099057 0.522330916607845 0.0067317932296431 0.5490973214285715 0.9999 0.9999 0.354013678907162 0.2521140636832426 0.3002958954610562 0.7386923538608969 0.5573925411334552 0.2295660158910329
2 0.0241421114369501 0.124709362200117 0.0796859638921622 0.0796987098188671 0.0986567948222439 0.0828823298554609 0.0298444768883257 0.1511665126125383 0.1035275862068965 0.4814851851851852 0.3051536155202821 0.0001 0.9999 0.0001 0.0589708601286173 0.5533318465939189 0.9829627810829888 0.1421118481244281 0.1914172483766233 0.2969090584279109 0.9999 0.7938667069449281 0.7011605820201219 0.5290053983610021 0.5082951076814445 0.5534323339427178 0.9999
6 0.8843805865102639 0.9045416617905208 0.1375884827295754 0.1375875883062033 0.0006894545144871 0.0039280846175935 0.0008711531045121 0.0010132717300868 0.3547088669950739 0.7453212962962963 0.816515167548501 0.9999 0.0001 0.1154615384615384 0.1665658963022508 0.2858781968428859 0.0637153877180599 0.0267415141811527 0.9999 0.1593787725935267 0.0001 0.3405811763983042 0.47683561717933 0.1121070866696409 0.0315659403843244 0.5601951492992078 0.1327635868331441
4 0.7794162463343108 0.7781772381509655 0.1292024068117053 0.1292034501741318 0.0006698060306708 0.0014398296161577 0.0015872238444162 0.0009913628691648 0.5418635467980296 0.4490842592592592 0.2275677248677248 0.0001 0.9999 0.0001 0.0327502210610932 0.3859747113041636 0.1717909750932741 0.0026155077767612 0.3024948660714285 0.9999 0.9999 0.3376325782866037 0.1435929861887418 0.3398540470096508 0.9140242043677812 0.5654957343083485 0.1523964358683314
4 0.3601452785923753 0.3616426565242832 0.1695322991023229 0.1695332834346406 0.0011413696422605 0.0016312338470374 0.0015872238444162 0.001706678552732 0.5320133004926109 0.4490842592592592 0.2416742504409171 0.0001 0.9999 0.2308230769230769 0.9045613545016078 0.2980592541582794 0.2797657456892206 0.0051310155535224 0.436295211038961 0.9999 0.9999 0.39033876953325 0.2171782085031192 0.3398540470096508 0.8600177586119938 0.557514393662401 0.2877836549375709
6 0.9623708504398828 0.9724040374488004 0.1233261999796779 0.1233286383111028 0.0043571714935179 0.0045979994256724 0.0026888711365764 0.0049102888027466 0.3596339901477832 0.328737962962963 0.8129885361552028 0.9999 0.0001 0.1154615384615384 0.0263206390675241 0.4587432884839496 0.5396714026419279 0.0153073879231473 0.5030432224025974 0.9560878310214376 0.9999 0.5147122759948389 0.3955709963578667 0.3904696996736093 0.7300190497806023 0.4083668982327849 0.9959280363223608
2 0.0241421114369501 0.124709362200117 0.1505535081371939 0.1505576010664227 0.0458482198188047 0.0239298267445199 0.0068200484821772 0.0626536794233952 0.2118802955665024 0.4074259259259259 0.2275677248677248 0.0001 0.9999 0.0001 0.0608796422829582 0.4409483525797224 0.3812882424120198 0.1467998398902104 0.6967950487012987 0.5301536990332072 0.0001 0.7256394228603028 0.7011605820201219 0.4303095709958437 0.1904084279013466 0.4936636684948202 0.9999
6 0.4527953665689149 0.5862905207723815 0.3318458956506184 0.3318689013176829 0.1298847851008496 0.0865190102421748 0.0321579362018621 0.1696917483524519 0.2266556650246305 0.453712962962963 0.2310943562610229 0.9999 0.0001 0.6153615384615385 0.5208961414790997 0.776298156584384 0.7359616718765756 0.1953948764867337 0.2478183035714285 0.5204877049180328 0.9999 0.8183564523726627 0.7457587789838087 0.5872744382088431 0.6318392646391284 0.4717302132845826 0.9999
2 0.0253148973607038 0.1106688706846108 0.1248121577012589 0.124823220148143 0.0833833734024224 0.0569470565712644 0.0192135805189796 0.1259865034952486 0.1527788177339901 0.4768564814814814 0.3086802469135802 0.0001 0.9999 0.0001 0.0616833400321543 0.4909436486915987 0.9488867096904308 0.1207300320219579 0.2408188920454545 0.426244262295082 0.9999 0.7788984762528929 0.6761394432223865 0.5162810552516026 0.5253391587229537 0.5457556246191346 0.9999
5 0.6357499706744868 0.6389423639555295 0.1255768948710914 0.1255770963151592 0.0010300282339685 0.0014398296161577 0.0009813178337281 0.0014168605499844 0.4138103448275862 0.4490842592592592 0.823568430335097 0.9999 0.0001 0.0770076923076923 0.7093632636655949 0.3116173005615001 0.7033978521730362 0.006503110704483 0.7462981331168832 0.9999 0.9999 0.3804282036578122 0.2806684468645198 0.2889801512198557 0.6481269228829374 0.5123071054235222 0.2530573439273552
2 0.0241421114369501 0.1159340550029257 0.070474843703646 0.0704785917198162 0.0393380221810249 0.0203888484732459 0.0072056250344333 0.0509653021215125 0.6502162561576355 0.4398268518518519 0.2310943562610229 0.0001 0.9999 0.0001 0.0607791800643086 0.4233652611505456 0.3799776242815367 0.1339936184812442 0.7486312702922078 0.4503041824295922 0.0001 0.7119816802179122 0.6872078720565432 0.4208954352267123 0.1897528874766732 0.4680137111517367 0.9999
5 0.9236689149560116 0.927942480983031 0.2617100467539006 0.2617107421264731 0.0017570221351693 0.0023011486551163 0.0014770591152002 0.0021299335942447 0.3793344827586207 0.3333666666666666 0.8059352733686067 0.9999 0.0001 0.1154615384615384 0.1122158360128617 0.3668027863121093 0.5733442069174145 0.008561253430924 0.5941370129870129 0.9999 0.9999 0.4312300919573186 0.3156043020446432 0.3322945664169817 0.7131767034851465 0.4433995003046923 0.5938518274687855
6 0.0012727859237536 0.0036101228788765 0.0320244071908764 0.032025669811373 0.0011413696422605 0.0011527232698382 0.0016423062090242 0.0016923601633106 0.507387684729064 0.4444555555555555 0.8112252204585537 0.0001 0.9999 0.6153615384615385 0.0025110932475884 0.3242220468269944 0.2698857013209639 0.0037589204025617 0.6097588879870129 0.9999 0.9999 0.39033876953325 0.2171782085031192 0.3434224974757555 0.8649595248903013 0.5525793662400975 0.3019692395005675
1 0.0288332551319648 0.0416364540667056 0.1333531989918456 0.1333529269311811 0.0008728403634386 0.0028753613477553 0.0010364001983361 0.0011854374245761 0.4433610837438423 0.4074259259259259 0.2275677248677248 0.9999 0.0001 0.1154615384615384 0.0727341840836013 0.6148726665960378 0.4182880004033477 0.0203384034766697 0.8362760754870131 0.5913016183270282 0.0001 0.3642109140434596 0.4017361472720061 0.2445858102237772 0.2089148383517426 0.5084687507617307 0.4017222701475596
6 0.185986568914956 0.1861365125804564 0.0124340729556829 0.0124334387389291 0.0001851434298703 0.0003871063463195 0.000265247093824 0.0002359384441459 0.5418635467980296 0.453712962962963 0.823568430335097 0.9999 0.0001 0.3961746153846153 0.3761300844051447 0.2649055938129039 0.7982664414641526 0.0018151189387008 0.9999 0.9999 0.0001 0.179288764413132 0.1435929861887418 0.1414528964237912 0.3989711353205225 0.5788385862279097 0.0150799772985244
5 0.8978676246334311 0.8981064365125805 0.1349849566391486 0.1349849132514616 0.0005257171493517 0.0011527232698382 0.0008711531045121 0.0006522068016637 0.4236605911330049 0.3426240740740741 0.8129885361552028 0.9999 0.0001 0.0770076923076923 0.1774158159163987 0.4256955503760992 0.5677992840576788 0.0037589204025617 0.6097588879870129 0.9298215426649852 0.9999 0.3123852069551682 0.2171782085031192 0.2691658604738535 0.7159501437433803 0.4719739183424741 0.1141520998864926
6 0.7794162463343108 0.77700719719134 0.1157832681647543 0.1157847162707742 0.0005715636115896 0.0010570211543983 0.0018626356674563 0.0008543031053654 0.5517137931034483 0.4398268518518519 0.2205144620811287 0.0001 0.9999 0.0001 0.0298368167202572 0.2675536497510329 0.083374659675305 0.0009003888380603 0.2390943993506493 0.9999 0.9999 0.321210524914494 0.0635902383614006 0.3565928968934181 0.958247969939981 0.5779856185252895 0.0978103064699205
6 0.396501642228739 0.4008390286717379 0.1516351849236908 0.1516363494925802 0.0015015918455582 0.0024925528859959 0.0016973885736323 0.0020121087752705 0.4581364532019704 0.3796537037037037 0.2416742504409171 0.9999 0.0001 0.1154615384615384 0.9943745779742766 0.4727250238372709 0.428571311888676 0.0092473010064043 0.4739297280844155 0.9999 0.9999 0.4164871013988162 0.2931790162633875 0.3468735647028436 0.7855887073183033 0.4934199634369287 0.5938518274687855
2 0.0241421114369501 0.1276344645991808 0.0758565015007762 0.0758687909098921 0.1041976672584227 0.0722593950416387 0.0258785466365489 0.1594321047998285 0.1084527093596059 0.4907425925925926 0.3051536155202821 0.0001 0.9999 0.0001 0.0589708601286173 0.5216610975738956 0.9553389835635776 0.1462281335773101 0.2283416801948052 0.3368338167297184 0.0001 0.7987400843795441 0.7055591107424903 0.5255073778383075 0.4775351339083069 0.5526402925045705 0.9999
5 0.1132738416422287 0.1206142188414277 0.0467351036584459 0.0467380391970768 0.0039380038387715 0.0016312338470374 0.0028541182304005 0.0054419668292157 0.3596339901477832 0.453712962962963 0.2222777777777777 0.0001 0.9999 0.9614461538461538 0.286718709807074 0.3409577603559699 0.3277545326207522 0.012791880146386 0.9434989448051948 0.9999 0.9999 0.5055388596473263 0.3352174137247124 0.4009872378894968 0.8360148938316437 0.5028026081657526 0.9742524631101024
5 0.3877057478005865 0.3891386190754827 0.1677245494686097 0.1677242270992425 0.0005388161385626 0.0009613190389585 0.0006508236460801 0.0006659214035794 0.38425960591133 0.3657675925925926 0.238147619047619 0.9999 0.0001 0.3077307692307692 0.9751862942122188 0.2287861108168238 0.7249726429363719 0.0051310155535224 0.723271083603896 0.9999 0.9999 0.3150061830544576 0.2171782085031192 0.2445858102237772 0.6373357189690826 0.4692931627056673 0.0845325993189557
5 0.12969284457478 0.1393348741954359 0.3036765489872889 0.303678338241031 0.0034860887109981 0.003066765578635 0.0023032945843204 0.0042453462482283 0.3202330049261083 0.4027972222222222 0.2346209876543209 0.9999 0.0001 0.6153615384615385 0.3266022106109325 0.4208231274499417 0.5081157507310679 0.0159934354986276 0.6310614448051948 0.9999 0.9999 0.494440663976898 0.3682784861707115 0.3787313757719491 0.7458024461592778 0.442485606337599 0.9732311010215664
0 0.778829853372434 0.7805173200702165 0.2068577732722006 0.2068587029719201 0.0014884928563474 0.0008656169235187 0.0015872238444162 0.0017830145445271 0.3448586206896551 0.3426240740740741 0.2822305114638447 0.0001 0.9999 0.0385538461538461 0.071126788585209 0.2497587138468057 0.3517489260865181 0.0066174519670631 0.9999 0.9999 0.9999 0.4156475699920126 0.2521140636832426 0.3398540470096508 0.8240134614414688 0.4390128092626447 0.3904872871736663
1 0.0370427565982404 0.0457315974253949 0.021752251726742 0.0217539144846516 0.002706698852954 0.0045979994256724 0.0023583769489284 0.0031342047269799 0.38425960591133 0.296337037037037 0.2275677248677248 0.9999 0.0001 0.1154615384615384 0.0934294011254019 0.4034518804958153 0.5550963698699204 0.0143926578225068 0.3788797483766233 0.7997508827238335 0.9999 0.4712818829745837 0.3525952075294796 0.3596448611078498 0.7223038432440612 0.4209786349786715 0.8957210669693529
5 0.6193309677419355 0.6278269748390872 0.3357058581849447 0.3357052129240284 0.0007811474389628 0.0032581698095146 0.0012567296567682 0.0010054224925124 0.438435960591133 0.3657675925925926 0.238147619047619 0.9999 0.0001 0.1539153846153846 0.4205343850482315 0.5246269202246 0.4718217101946153 0.0159934354986276 0.5941370129870129 0.426769588062211 0.0001 0.3531741475003584 0.3682784861707115 0.2348664780332026 0.2356911433903263 0.4820267519804997 0.2632709648127128
6 0.2076831085043988 0.270964482153306 0.0691739663949068 0.0691801809695548 0.0395083090407656 0.0201017421269263 0.0065997190237452 0.0467793295996847 0.0789019704433497 0.4074259259259259 0.2416742504409171 0.9999 0.0001 0.1154615384615384 0.5215993770096463 0.459061055196525 0.8304269940506201 0.0930594464775846 0.5287077313311688 0.779158112652375 0.0001 0.7123707313576505 0.6317936208575242 0.4633177378073121 0.4150570888182781 0.4276195978062157 0.9999
2 0.0241421114369501 0.1036486249268578 0.1953710035298651 0.19537364449246 0.030443808506875 0.0215372738585239 0.0070954603052173 0.0424869179661335 0.1872546798029556 0.4166833333333333 0.3051536155202821 0.0001 0.9999 0.0001 0.0589708601286173 0.3580112405975209 0.3517489260865181 0.112726143641354 0.6139179586038962 0.359632955023119 0.0001 0.6891300448522334 0.6653233889870543 0.3989682461784112 0.1756335552529379 0.5043257647775746 0.9999
6 0.733677595307918 0.7442460503218257 0.182247161721381 0.1822473572386897 0.0014164484156878 0.0037366803867138 0.0017524709382403 0.0023487634373907 0.5960399014778326 0.4814851851851852 0.6578167548500882 0.0001 0.9999 0.0001 0.4069719855305466 0.5815071617756119 0.7176130180498135 0.0162221180237877 0.6194971996753247 0.5592567465321564 0.0001 0.4109584799393778 0.3955709963578667 0.2948023598750793 0.3586301861098502 0.6166128702010969 0.6913351645856981
0 0.1572533137829912 0.1609806319485079 0.9944601916778196 0.9944625102534728 0.0029948766155922 0.0040237867330334 0.0034049418764806 0.0039831299600281 0.38425960591133 0.4120546296296296 0.2346209876543209 0.0001 0.9999 0.0001 0.3960216036977492 0.3584349295476216 0.1735048603408288 0.0076465233302836 0.2449779626623376 0.9999 0.9999 0.4805576812009748 0.2670402185280012 0.4192285932326766 0.9131669591970546 0.4847075076173064 0.9104740749148694
1 0.122656129032258 0.1323146284376828 0.1032718168525275 0.1032719739236704 0.0011217211584443 0.004215190963913 0.0016973885736323 0.0018304549914055 0.6009650246305419 0.4768564814814814 0.238147619047619 0.0001 0.9999 0.0001 0.3084185490353698 0.561276014408306 0.7598552485630735 0.0159934354986276 0.458916497564935 0.5095609289617485 0.0001 0.3886801830954186 0.3682784861707115 0.2827823161997792 0.3797587582589399 0.6113732114564291 0.496028036322361
0 0.7360231671554253 0.7354707431246343 0.0549301685801246 0.0549303193875834 0.0005060686655355 0.0008656169235187 0.0008711531045121 0.0006833449858875 0.4876871921182266 0.3981685185185185 0.2346209876543209 0.9999 0.0001 0.2308230769230769 0.1463729903536977 0.3061093442101917 0.3949993243924574 0.0034158966148215 0.5941370129870129 0.9999 0.9999 0.3083104081758044 0.1721473693700191 0.2762088548148496 0.8023806274272457 0.5210195612431444 0.0868022928490351
0 0.94067431085044 0.9408129315389115 0.0916072066302702 0.0916072267337844 0.0004995191709301 0.0013441275007179 0.0008160707399041 0.0005297241933597 0.3596339901477832 0.2639361111111111 0.7565624338624339 0.9999 0.0001 0.2308230769230769 0.0534454381028938 0.4635097891725818 0.5677992840576788 0.0038732616651418 0.5264760349025974 0.9999 0.9999 0.3068975382472812 0.2171782085031192 0.2691658604738535 0.7159501437433803 0.3947194149908591 0.1141520998864926
0 0.796421642228739 0.8004080163838502 0.1810739845060634 0.1810757991699848 0.002673951379927 0.0017269359624772 0.0021931298551044 0.0034184161314601 0.3694842364532019 0.375025 0.2575440917107583 0.0001 0.9999 0.0001 0.0016069332797427 0.2930809089945969 0.3536644448926087 0.0100476898444647 0.7329079545454547 0.9999 0.9999 0.4701556823069203 0.3047882478093108 0.3736369431986286 0.8230553638977154 0.4660640706886045 0.8132177071509649
6 0.161358064516129 0.172681041544763 0.0869024055406118 0.0869028176327066 0.0021696402953102 0.003640978271274 0.0018075533028483 0.0035209737520752 0.5714142857142857 0.4768564814814814 0.2416742504409171 0.0001 0.9999 0.0001 0.4051636655948553 0.3206206907511389 0.7898986487849148 0.0185089432753888 0.6097588879870129 0.5731253467843631 0.0001 0.450866936326213 0.3891895243590206 0.3002958954610562 0.3947857618399152 0.5968118342474101 0.700186969353008
5 0.943606275659824 0.9431530134581628 0.0896189978174939 0.0896185587084106 0.0002964848381623 0.0007699148080788 0.000485576552256 0.0003453102380399 0.4187354679802955 0.3379953703703703 0.8129885361552028 0.9999 0.0001 0.0770076923076923 0.0857942725080385 0.4540827100328424 0.8738790259150953 0.0030728728270814 0.7744986607142857 0.9999 0.9999 0.2466560407151781 0.1962671703148101 0.2121176063117852 0.5628562414888788 0.4596668129189518 0.0491253802497162
0 0.0100686803519061 0.0141404915155061 0.0028705066709683 0.002872197065735 0.0019469574787262 0.0016312338470374 0.0019177180320643 0.0028907058514571 0.4285857142857142 0.4814851851851852 0.8112252204585537 0.0001 0.9999 0.6153615384615385 0.0203933681672025 0.2549489034855387 0.3178744882524957 0.0058170631290027 0.6053969358766234 0.9999 0.9999 0.4408130358203453 0.2670402185280012 0.3596448611078498 0.8409566601099511 0.5458774771480804 0.5655941430192962
0 0.7418870967741935 0.7454160912814511 0.0020153473601968 0.0020161147612412 0.0014688443725311 0.0016312338470374 0.0012567296567682 0.0016155066393677 0.2414310344827586 0.3333666666666666 0.2416742504409171 0.0001 0.9999 0.2308230769230769 0.1267828577170417 0.2778281067909736 0.5874585560149238 0.0092473010064043 0.7180976055194805 0.9999 0.9999 0.414398511069695 0.2931790162633875 0.3152505201117712 0.7061170373732789 0.4014213040828763 0.4017222701475596
5 0.147284633431085 0.1498652428320655 0.0736275264081231 0.0736273417668081 0.0005257171493517 0.0009613190389585 0.0006508236460801 0.0007296641131123 0.4876871921182266 0.4074259259259259 0.2416742504409171 0.9999 0.0001 0.1154615384615384 0.3698009646302251 0.3424406716813221 0.8166150952909146 0.0059314043915827 0.8154807224025975 0.9999 0.9999 0.3123852069551682 0.2356015542173019 0.2445858102237772 0.5914983154284562 0.5358246435100549 0.0978103064699205
5 0.5090890909090908 0.5119929198361615 0.3114078730992626 0.3114072634028525 0.0006501575468546 0.0009613190389585 0.000595741281472 0.0008418823338191 0.4433610837438423 0.3703962962962963 0.8129885361552028 0.9999 0.0001 0.1154615384615384 0.9630303657556272 0.2312223222799025 0.9082575476454572 0.0058170631290027 0.9999 0.9999 0.0001 0.3345815982960248 0.2670402185280012 0.2348664780332026 0.4539861048065769 0.4892769774527726 0.1116554370034052
6 0.0282468621700879 0.0656222937390286 0.0417940034815636 0.0417931722503283 0.0009448848040981 0.0064163396190293 0.000210164729216 0.0015019945882915 0.2660566502463054 0.7082916666666667 0.0001 0.0001 0.9999 0.0001 0.0786614549839228 0.0390793834092594 0.0213723404255319 0.0617299405306495 0.9999 0.649717843631778 0.0001 0.3720124132140004 0.552259568713714 0.0707647098879939 0.0103869420487214 0.5991270322973796 0.1467222020431328
6 0.8046311436950147 0.8039181392627268 0.3314986099321398 0.3314994342178487 0.0007483999659358 0.0005785105771991 0.0016423062090242 0.0007265589202257 0.2168054187192118 0.2685648148148148 0.2822305114638447 0.0001 0.9999 0.0385538461538461 0.0131600884244372 0.4444437864180527 0.2003221236260965 0.0033015553522415 0.8549411728896104 0.9999 0.9999 0.3488741085874619 0.1721473693700191 0.3434224974757555 0.899753593584506 0.3535332602071907 0.2036915096481271
2 0.0241421114369501 0.1258794031597425 0.0936333095600329 0.0936453418882166 0.102265566349826 0.0826909256245812 0.0285225001377334 0.1583787543684137 0.1133778325123152 0.4907425925925926 0.3051536155202821 0.0001 0.9999 0.0001 0.0589708601286173 0.5131873185718827 0.954633266108702 0.1437126258005489 0.1942575892857143 0.2947026902059688 0.0001 0.7970814979417126 0.7029272042118928 0.523723152605255 0.4771821506027134 0.5593421815965876 0.9999
0 0.0059639296187683 0.0106303686366296 0.1288389467750008 0.1288402987512179 0.0015736362862177 0.0025882550014358 0.0018075533028483 0.0021232056763237 0.3793344827586207 0.4166833333333333 0.8306216931216931 0.0001 0.9999 0.1923692307692307 0.011954541800643 0.4332160292403856 0.3697951295754765 0.006503110704483 0.420267573051948 0.9999 0.9999 0.4208895221905912 0.2806684468645198 0.3534470260877733 0.8149871740555809 0.4965272029250457 0.58341123723042
5 0.5043979472140763 0.5143330017554125 0.0043285829487505 0.0043302712093581 0.0037742664736362 0.0033538719249545 0.0019177180320643 0.0051593942765368 0.4088852216748768 0.4444555555555555 0.1394019400352733 0.0001 0.9999 0.0001 0.6508942524115756 0.2967881873079775 0.6737577190682666 0.0185089432753888 0.633597463474026 0.9999 0.9999 0.5016688246257194 0.3825196242472323 0.3596448611078498 0.6629522217178595 0.4974410968921389 0.9554140068104426
6 0.193023284457478 0.194326799297835 0.101178012847905 0.1011779419223589 0.0005322666439572 0.0009613190389585 0.0007609883752961 0.0007211248326742 0.4778369458128079 0.4027972222222222 0.2346209876543209 0.0001 0.9999 0.3461846153846153 0.4861362138263666 0.2678714164636084 0.5346305636785318 0.004330626715462 0.6310614448051948 0.9999 0.9999 0.3136956950048129 0.1962671703148101 0.2616063798811844 0.7325403591062694 0.5209586349786715 0.0880506242905789
2 0.0241421114369501 0.1241243417203042 0.2262604854159738 0.2262643905138661 0.0451605228852364 0.0261309753996362 0.0072607073990413 0.0624589148251202 0.2365059113300492 0.4027972222222222 0.2310943562610229 0.0001 0.9999 0.0001 0.0607791800643086 0.4375588409789172 0.3777596551376425 0.1457707685269899 0.6333945819805196 0.4865516603614964 0.0001 0.7242879820591066 0.7002592441671776 0.4288070655364313 0.1886435113733797 0.4996344424131627 0.9999
4 0.3642500293255131 0.3680778818022235 0.1609837868171271 0.1609933329317197 0.0064726582510661 0.0101487221211831 0.0078115310451214 0.0105699341153312 0.5320133004926109 0.4768564814814814 0.2416742504409171 0.0001 0.9999 0.2308230769230769 0.914908963022508 0.4402068969170463 0.0787370878289805 0.008446912168344 0.099207609577922 0.9849807482135352 0.9999 0.5505049808507587 0.2806684468645198 0.5032045624251531 0.9605675745195944 0.59321718464351 0.999786515323496
1 0.0018591788856304 0.0065352252779403 0.0166122844562443 0.0166145709010298 0.0020124524247803 0.0032581698095146 0.0023583769489284 0.0018589192595325 0.2315807881773399 0.2685648148148148 0.2275677248677248 0.9999 0.0001 0.1154615384615384 0.0045203376205787 0.4414779637673482 0.2797657456892206 0.008446912168344 0.3333328530844155 0.9999 0.9999 0.4438844921867 0.2806684468645198 0.3811964237912977 0.8600177586119938 0.3336103717245582 0.7653271736662883
2 0.0001 0.4821568753657109 0.0356530769745725 0.035667735842196 0.1358317262025639 0.1140812194888484 0.0390983141424714 0.2157012188422146 0.123228078817734 0.4907425925925926 0.3086802469135802 0.0001 0.9999 0.0001 0.0001 0.9287202563830916 0.2389349500857114 0.6736843778591034 0.6895927556818182 0.25005 0.0001 0.822328869273148 0.9436204644621544 0.541823648061615 0.11920665254451 0.5735380012187691 0.9999
1 0.0481842228739003 0.055091925102399 0.1498698736201798 0.1498720420387755 0.0032961533674411 0.0035452761558342 0.0024685416781444 0.0044659874538916 0.4236605911330049 0.375025 0.2240410934744268 0.9999 0.0001 0.1154615384615384 0.1217597467845659 0.304944199597415 0.3668714429767066 0.0118771500457456 0.4126595170454545 0.9760502101723412 0.9999 0.4893215700329735 0.32569928599762 0.3835910418672364 0.8164495334644677 0.4935418159658745 0.9193258796821794
5 0.0528753665689149 0.07439760093622 0.0694021783230178 0.0694037713366214 0.0038266624304795 0.0054593184646309 0.0024134593135364 0.0054972565136685 0.3596339901477832 0.9952712962962964 0.820041798941799 0.9999 0.0001 0.1539153846153846 0.1069918006430868 0.6254648903485539 0.8278057577896542 0.0260554666056724 0.7025771712662338 0.7799986338797813 0.0001 0.502917883548037 0.4730499981969637 0.3596448611078498 0.4137460079689313 0.5230910542352225 0.999105607264472
2 0.0241421114369501 0.122369280280866 0.1759713722086112 0.1759752738932874 0.0377661434757259 0.0277579113621135 0.0088580959726736 0.0520154611046828 0.1971049261083743 0.4074259259259259 0.2310943562610229 0.0001 0.9999 0.0001 0.0607791800643086 0.522508475474097 0.3785661893717858 0.1432552607502287 0.585108786525974 0.3826422236233712 0.0001 0.7083573617056137 0.6975552306083446 0.4272576067814121 0.1890469208654864 0.4976238756855575 0.9999
2 0.0229693255131964 0.1124239321240491 0.0712948816376984 0.0712985514331442 0.0386306767636404 0.0237384225136402 0.0075361192220814 0.0527061940112313 0.1971049261083743 0.4166833333333333 0.2310943562610229 0.0001 0.9999 0.0001 0.0577653135048231 0.4084302256594978 0.3834053947766462 0.1305633806038426 0.6250764407467533 0.4204656788566625 0.0001 0.7103845229074077 0.6832780390177059 0.4192285932326766 0.1914673778181267 0.4929325533211456 0.9999
3 0.3619044574780058 0.3628126974839087 0.0342714821158299 0.0342708159360688 0.0001916929244757 0.0005785105771991 0.000265247093824 0.0002545696014653 0.561564039408867 0.4768564814814814 0.2310943562610229 0.0001 0.9999 0.0385538461538461 0.9130001808681673 0.4540827100328424 0.5677992840576788 0.004330626715462 0.9999 0.9999 0.0001 0.1850221496303274 0.1962671703148101 0.1414528964237912 0.2836968729510263 0.6069255941499085 0.0221160272417707
6 0.43520357771261 0.4382803393797542 0.023568473622383 0.0235678231084153 0.0003161333219786 0.0011527232698382 0.000430494187648 0.000469862974935 0.5812645320197044 0.4768564814814814 0.7600890652557319 0.9999 0.0001 0.3961746153846153 0.8992368569131833 0.2167109757389554 0.3583020167389331 0.0059314043915827 0.8437826907467533 0.549590752416982 0.0001 0.2546418272677002 0.2670402185280012 0.1414528964237912 0.178911257376305 0.6166128702010969 0.0372094892167991
2 0.0241421114369501 0.1229543007606787 0.108463464920785 0.1084674654155221 0.041722038217395 0.0245040394371589 0.0071505426698253 0.0569132990957595 0.2020300492610837 0.4027972222222222 0.2310943562610229 0.0001 0.9999 0.0001 0.0607791800643086 0.4696532789490412 0.3763482202278915 0.1440556495882891 0.6683916396103896 0.4867617906683481 0.0001 0.7172441087922666 0.6984565684612889 0.4272576067814121 0.1879375447621929 0.4928107007921998 0.9999
5 0.6809022287390029 0.6822338794616735 0.1937325450935829 0.193733108902202 0.0011479191368659 0.001248425385278 0.0013118120213762 0.0013400070260415 0.3596339901477832 0.4027972222222222 0.2346209876543209 0.9999 0.0001 0.1539153846153846 0.2807914389067524 0.2303749443797012 0.386228264596148 0.0059314043915827 0.6376550933441559 0.9999 0.9999 0.3908916316791938 0.2356015542173019 0.3197815131378119 0.8067677056539063 0.4291427544180378 0.258164154370034
1 0.0851269794721407 0.0907781743709771 0.0074467604410124 0.0074467496876966 0.0004995191709301 0.0018226380779171 0.0008711531045121 0.0007470876954204 0.5369384236453202 0.4768564814814814 0.2240410934744268 0.9999 0.0001 0.1154615384615384 0.2152900723472668 0.6621139845322598 0.8558328224261369 0.0101620311070448 0.6955777597402597 0.7897696931483817 0.0001 0.3068975382472812 0.3047882478093108 0.2534599830934322 0.4277644878196399 0.5851139914686168 0.1942722814982974
1 0.0399747214076246 0.0580170275014628 0.0110626448112537 0.011065247460744 0.0034991877002089 0.0085217861587058 0.0030193653242245 0.0055061408155384 0.5123128078817735 0.453712962962963 0.2240410934744268 0.9999 0.0001 0.1154615384615384 0.1009640675241157 0.7165580146201929 0.7588470807703943 0.0278849268069533 0.3799955965909091 0.8441934426229509 0.9999 0.4947682859893092 0.4482812339980527 0.3904696996736093 0.6203925203006002 0.5743300426569166 0.999673030646992
6 0.0053775366568914 0.0082902867173785 0.0288308265674566 0.028831323657835 0.0008073454173845 0.0009613190389585 0.0010914825629441 0.0011894914264003 0.4876871921182266 0.4444555555555555 0.8112252204585537 0.0001 0.9999 0.6153615384615385 0.0108494573954983 0.3779246212522513 0.4693012907129172 0.004444967978042 0.8154807224025975 0.9999 0.9999 0.3564708440002457 0.2356015542173019 0.3002958954610562 0.7652165279669139 0.5567832784887263 0.1989251532349602
5 0.1566669208211143 0.1615656524283206 0.1371500816850909 0.1371501891692514 0.0010955231800226 0.0017269359624772 0.0009262354691201 0.0015934252677297 0.4581364532019704 0.4398268518518519 0.7565624338624339 0.9999 0.0001 0.1539153846153846 0.3240906551446945 0.2750741286153194 0.810868538872643 0.0073034995425434 0.6795501217532468 0.9999 0.9999 0.3863868290085404 0.2931790162633875 0.2827823161997792 0.5943726080597166 0.5422828275441804 0.2598664245175936
5 0.4451722580645161 0.4470556465769456 0.2997115304050574 0.2997107837874648 0.0004405737194814 0.0008656169235187 0.000485576552256 0.0005983834582963 0.4433610837438423 0.4166833333333333 0.816515167548501 0.9999 0.0001 0.1154615384615384 0.9024516479099678 0.2649055938129039 0.8878925582333368 0.004444967978042 0.8984592532467532 0.9999 0.0001 0.2931988428533393 0.2356015542173019 0.2121176063117852 0.4438000151308822 0.5307677635588056 0.0662615664018161
6 0.0135870381231671 0.0164805734347571 0.1342316185126372 0.1342330396161518 0.0012003150937092 0.0025882550014358 0.0018626356674563 0.0014742203630282 0.4138103448275862 0.3333666666666666 0.1870114638447971 0.0001 0.9999 0.0001 0.0347594654340836 0.4530234876575908 0.2666595643843904 0.0061600869167429 0.3115230925324675 0.9999 0.9999 0.3951711942163147 0.2356015542173019 0.3565928968934181 0.866573162858728 0.4525384399756246 0.4226034506242906
6 0.4627640469208211 0.4640212404915155 0.0038111588066481 0.0038109223133436 0.0004471232140868 0.0008656169235187 0.000540658916864 0.0006145994655929 0.4926123152709359 0.4398268518518519 0.238147619047619 0.0001 0.9999 0.5192269230769231 0.8336350281350483 0.2501824027969064 0.8878925582333368 0.0051310155535224 0.7970185064935066 0.9999 0.9999 0.2948369529153952 0.2171782085031192 0.2241141733392819 0.5558470015635246 0.5374087263863497 0.0662615664018161
5 0.3853601759530791 0.3944038033937975 0.1640160863816659 0.1640169247470604 0.0028704362180893 0.0025882550014358 0.0014770591152002 0.003272040789001 0.2365059113300492 0.4027972222222222 0.2275677248677248 0.9999 0.0001 0.2308230769230769 0.9735788987138264 0.234823678355758 0.8060293334677826 0.0161077767612076 0.7462981331168832 0.9999 0.9999 0.4766671698035923 0.3682784861707115 0.3322945664169817 0.5967930650123568 0.4140939670932358 0.8132177071509649
0 0.0481842228739003 0.0498267407840842 0.0646426156130803 0.0646435224091146 0.0009841817717306 0.000674212692639 0.0014219767505922 0.0013642447816284 0.453211330049261 0.4120546296296296 0.8112252204585537 0.0001 0.9999 0.4230923076923077 0.0977492765273311 0.2300571776671257 0.2740191892709489 0.0030728728270814 0.8730990665584416 0.9999 0.9999 0.3759848301144858 0.1962671703148101 0.3282800596426138 0.8628920512432541 0.5173639853747715 0.2052802951191827
0 0.9031451612903224 0.9092218256290228 0.1159738170375679 0.116005533901632 0.030777832731751 0.0239298267445199 0.0235650873230125 0.0392746821803228 0.1478536945812807 0.4444555555555555 0.8129885361552028 0.9999 0.0001 0.1154615384615384 0.1548118167202572 0.4120315817353533 0.0342768881718261 0.010619396157365 0.0582255478896103 0.9974835014712063 0.9999 0.6901129108894668 0.3441586852259205 0.617394977340503 0.9828055227719776 0.4610071907373552 0.9999
5 0.0692943695014662 0.0755676418958455 0.0092732260715299 0.009273366685751 0.0009252363202819 0.0015355317315975 0.0008711531045121 0.001306194925721 0.4285857142857142 0.4444555555555555 0.820041798941799 0.9999 0.0001 0.1539153846153846 0.1402447950160771 0.4137263375357559 0.9326552082282948 0.008561253430924 0.8806056818181818 0.9298215426649852 0.0001 0.369944299260655 0.3156043020446432 0.2691658604738535 0.4661892419428052 0.5287571968312005 0.2632709648127128
1 0.1889185337243401 0.2066122293739028 0.1341860993599158 0.1341876745709564 0.0021434423168886 0.0079475734660668 0.0027990358657925 0.003407634211715 0.5418635467980296 0.4768564814814814 0.2275677248677248 0.9999 0.0001 0.1154615384615384 0.4771950763665595 0.7878436804746266 0.9999 0.0278849268069533 0.4081961241883116 0.6847045397225725 0.5 0.4497407356585495 0.4482812339980527 0.3626029187310682 0.4998235083472033 0.5845047288238878 0.9975168217934164
6 0.0012727859237536 0.002440081919251 0.0341407011998891 0.0341427309273083 0.0009841817717306 0.0016312338470374 0.0021931298551044 0.0016321539234541 0.5960399014778326 0.4907425925925926 0.8112252204585537 0.0001 0.9999 0.6153615384615385 0.0025110932475884 0.4391476745417947 0.146889230614097 0.0025011665141811 0.3235945413961039 0.9999 0.9999 0.3759848301144858 0.1721473693700191 0.3736369431986286 0.9264794724365764 0.6252643997562463 0.3056007491486946
3 0.7354367741935484 0.7343007021650088 0.1022571479558235 0.1022564592871656 0.0001654949460541 0.0003871063463195 0.000320329458432 0.0002102343474736 0.5664891625615763 0.4814851851851852 0.2310943562610229 0.0001 0.9999 0.0385538461538461 0.1465739147909968 0.5508956351308402 0.9999 0.0026155077767612 0.9999 0.9999 0.5 0.1594471562864808 0.1435929861887418 0.1642017681452086 0.4998235083472033 0.6055242900670323 0.0195058796821793
1 0.0575665102639296 0.0609421299005266 0.1451080002933529 0.1451076340069554 0.0004209252356652 0.0013441275007179 0.000595741281472 0.0005568083757593 0.4876871921182266 0.4027972222222222 0.2275677248677248 0.9999 0.0001 0.1154615384615384 0.145267905948553 0.5191189638732917 0.9999 0.0068461344922232 0.6617979910714286 0.9999 0.5 0.2881207016609662 0.2521140636832426 0.2348664780332026 0.4998235083472033 0.5170593540524071 0.0989451532349602
6 0.3138202346041056 0.3359017554125219 0.0111005389282401 0.0111006768678576 0.0018225170812234 0.0069905523116684 0.0025787064073604 0.0028518046850169 0.561564039408867 0.4490842592592592 0.820041798941799 0.0001 0.9999 0.1154615384615384 0.6354230707395498 0.5930526856658545 0.3199916406171221 0.0274275617566331 0.5749647118506493 0.2689617276166456 0.0001 0.4346496467118602 0.480513075619343 0.2691658604738535 0.1597493065012357 0.5769498720292504 0.8643992962542566
6 0.0001 0.0053651843183148 0.0118326193793689 0.0118349128200608 0.0017439231459584 0.0033538719249545 0.0025787064073604 0.0031239403393826 0.6255906403940887 0.5277722222222222 0.8112252204585537 0.0001 0.9999 0.6153615384615385 0.0001 0.568478726560017 0.3037601391549864 0.0071891582799634 0.3517950689935064 0.908493316519546 0.9999 0.4305338951809448 0.2931790162633875 0.3811964237912977 0.8480163262218188 0.663708872638635 0.8132177071509649
5 0.371873137829912 0.3809483323581041 0.4080441100800873 0.4080442831844281 0.0022875311982077 0.0027796592323154 0.0014219767505922 0.0031760385755908 0.3891847290640394 0.4166833333333333 0.238147619047619 0.0001 0.9999 0.0001 0.9354032556270097 0.2889499417311156 0.9541291822123626 0.0159934354986276 0.6955777597402597 0.873821815889029 0.9999 0.4557607901366047 0.3682784861707115 0.3152505201117712 0.5227169970242599 0.5081641194393662 0.7089252894438139
5 0.3372759530791788 0.3411669397308367 0.0981678181849416 0.0981675976244606 0.0008138949119899 0.0013441275007179 0.0006508236460801 0.0011015109612805 0.4138103448275862 0.4027972222222222 0.238147619047619 0.0001 0.9999 0.0001 0.8483025120578779 0.168622279902532 0.9159196228698194 0.008446912168344 0.7970185064935066 0.9999 0.0001 0.357269422655498 0.2806684468645198 0.2445858102237772 0.4578184949815908 0.5080422669104204 0.1410479682179341
0 0.1320384164222873 0.1352397308367466 0.0549615159492576 0.0549616667108338 0.0008466423850169 0.0015355317315975 0.0008711531045121 0.0010838286128985 0.3497837438423645 0.4166833333333333 0.7177694885361552 0.0001 0.9999 0.3269576923076923 0.2767729501607717 0.2402257124695412 0.66387767470001 0.0053596980786825 0.5821670048701298 0.9999 0.9999 0.3612008868044319 0.2521140636832426 0.2762088548148496 0.667893987996167 0.477700987202925 0.1669224744608399
6 0.2457986510263929 0.2458086015213575 0.006594913014449 0.0065945184057151 0.0002506383759244 0.0005785105771991 0.000430494187648 0.0003006299626163 0.4876871921182266 0.3379953703703703 0.2346209876543209 0.0001 0.9999 0.3461846153846153 0.619148191318328 0.3027198326093866 0.7118664616315419 0.0026155077767612 0.7100837865259741 0.9999 0.9999 0.2247053658836299 0.1435929861887418 0.1985011505858595 0.6438911232158168 0.4898862400975015 0.0285846538024971
5 0.7887985337243402 0.7922177296664716 0.4271158648647337 0.4271148547473501 0.0004209252356652 0.001248425385278 0.0006508236460801 0.0006412523712027 0.5911147783251232 0.4814851851851852 0.7459825396825397 0.9999 0.0001 0.1116161538461538 0.3556357918006431 0.4657341561606102 0.5346305636785318 0.0074178408051235 0.9274713068181818 0.6178831021437579 0.0001 0.2881207016609662 0.2931790162633875 0.1985011505858595 0.2671066575881374 0.6083878244972578 0.0880506242905789
2 0.0241421114369501 0.1089138092451726 0.1453232727668832 0.1453343822124821 0.0820538259975238 0.0598181200344596 0.0219126163847721 0.1253605483625285 0.1823295566502463 0.4814851851851852 0.3051536155202821 0.0001 0.9999 0.0001 0.0589708601286173 0.4997351944061871 0.936486245840476 0.1200439844464775 0.2269215097402597 0.3700344052122741 0.9999 0.7774651299485941 0.675093891312971 0.5169149247422922 0.5315415796640944 0.5518482510664229 0.9999
6 0.1736723167155425 0.1791162668227033 0.1329301250393942 0.1329312399660795 0.0015539878024015 0.0031624676940748 0.0016973885736323 0.0023430705837653 0.5320133004926109 0.4166833333333333 0.816515167548501 0.0001 0.9999 0.1154615384615384 0.3520191519292605 0.4749493908252993 0.4784756176262983 0.0078752058554437 0.4032255275974025 0.9649133039092056 0.9999 0.4197223687713764 0.3047882478093108 0.3434224974757555 0.7606277449941999 0.5573316148689823 0.6212016345062429
6 0.0001 0.0059502047981275 0.0744236109470887 0.0744315893082858 0.0063023713913254 0.0040237867330334 0.0065446366591372 0.006664981549739 0.2906822660098522 0.3194805555555555 0.8112252204585537 0.9999 0.0001 0.1539153846153846 0.0001 0.4456089310308295 0.112409892104467 0.0078752058554437 0.3157836038961039 0.9909694619588064 0.9999 0.5481092448850022 0.3047882478093108 0.4856440298682696 0.9437252282241388 0.3824123095673369 0.999786515323496
6 0.7313320234604105 0.7424909888823873 0.008832437389593 0.0088330407716897 0.0020582988870182 0.0035452761558342 0.0025787064073604 0.0044926403595014 0.7881197044334975 0.671262037037037 0.2222777777777777 0.0001 0.9999 0.6153615384615385 0.1189468046623794 0.4461385422184553 0.767214873449632 0.0203384034766697 0.6795501217532468 0.4060717528373266 0.0001 0.4459935588915968 0.4017361472720061 0.3055311879211965 0.3834398698744137 0.8087133820840949 0.7845060839954597
0 0.1953688563049853 0.2001770040959625 0.4372915135634536 0.4372904115317132 0.0004209252356652 0.001248425385278 0.000430494187648 0.0006737706411538 0.5911147783251232 0.5185148148148148 0.7459825396825397 0.9999 0.0001 0.1116161538461538 0.4055655144694534 0.3668027863121093 0.4570016436422305 0.0074178408051235 0.9274713068181818 0.8497618957545187 0.0001 0.2881207016609662 0.2931790162633875 0.1827952732054382 0.2282784939728653 0.6436032053625839 0.0729571623155505
0 0.540167917888563 0.5418289643066121 0.0487582027862523 0.0487584396479523 0.0008335433958061 0.001248425385278 0.0009813178337281 0.0012146779909248 0.4630615763546798 0.4768564814814814 0.2910470899470899 0.0001 0.9999 0.6922692307692307 0.6669682073954983 0.2207360207649115 0.5588265907028336 0.0058170631290027 0.6376550933441559 0.9381216897856244 0.9999 0.3596446822454789 0.2356015542173019 0.2827823161997792 0.7204380743430676 0.5494721267519805 0.158184154370034
5 0.0933364809384164 0.1112538911644236 0.0314291922801638 0.0314293004651117 0.0011872161044984 0.0049808078874317 0.0016973885736323 0.0019370666138448 0.5911147783251232 0.4907425925925926 0.238147619047619 0.0001 0.9999 0.2308230769230769 0.2346792805466238 0.6961150227778368 0.3949993243924574 0.0277705855443732 0.6554072240259741 0.4395875367801597 0.0001 0.3941268990517541 0.4482812339980527 0.2691658604738535 0.1972663892671609 0.6099719073735528 0.7475100794551645
6 0.982308211143695 0.98293440608543 0.0506583000749791 0.0506598435031963 0.001180666609893 0.0021097444242366 0.0018626356674563 0.0009863600584031 0.1724793103448275 0.217649074074074 0.8129885361552028 0.9999 0.0001 0.4230923076923077 0.0048217242765273 0.4637216336476321 0.2666595643843904 0.004444967978042 0.3824301745129869 0.9999 0.9999 0.393594513281586 0.2356015542173019 0.3565928968934181 0.866573162858728 0.2994307373552711 0.4226034506242906
2 0.0241421114369501 0.1217842598010532 0.1218558774323818 0.1218599353453455 0.0394952100515548 0.0248868478989183 0.0079216957743375 0.0529310617294346 0.1872546798029556 0.3796537037037037 0.2275677248677248 0.0001 0.9999 0.0001 0.0608796422829582 0.5030187837694671 0.3867323484924876 0.1425692131747483 0.6501323051948052 0.4414787095418243 0.0001 0.7123502549818748 0.6966538927554001 0.4288070655364313 0.193131441973067 0.4841591712370506 0.9999
6 0.2241021114369501 0.2270879461673493 0.0128901117090899 0.0128910942542959 0.0009841817717306 0.0016312338470374 0.0014770591152002 0.0020685197793767 0.793044827586207 0.6388611111111111 0.2222777777777777 0.0001 0.9999 0.2308230769230769 0.5674101487138264 0.4788685136137303 0.3949993243924574 0.0068461344922232 0.5490973214285715 0.9594499159310635 0.9999 0.3759848301144858 0.2521140636832426 0.3282800596426138 0.8023806274272457 0.8010366727605118 0.3346528263337117
6 0.0429066862170088 0.0486566998244587 0.020544877381461 0.0205446163953258 0.0005388161385626 0.0017269359624772 0.0007609883752961 0.0008386046302166 0.5812645320197044 0.4814851851851852 0.2310943562610229 0.0001 0.9999 0.6153615384615385 0.1080968850482315 0.4792922025638309 0.6398832812342442 0.0101620311070448 0.7329079545454547 0.6766145229087852 0.0001 0.3150061830544576 0.3047882478093108 0.2241141733392819 0.3197515963080648 0.6073520780012188 0.1327635868331441
2 0.0241421114369501 0.1276344645991808 0.0780449637773016 0.0780570959423057 0.1063197035105762 0.0745562458121948 0.0249972288028207 0.1620510762335862 0.0936773399014778 0.4814851851851852 0.3051536155202821 0.0001 0.9999 0.0001 0.0589708601286173 0.504289850619769 0.944249137844106 0.1462281335773101 0.2209365056818182 0.3458694199243379 0.0001 0.8005420054478055 0.7055591107424903 0.5243335454481414 0.4719378272053261 0.5505078732480195 0.9999
6 0.6814886217008798 0.6845739613809245 0.1455488659958528 0.1455487301255191 0.0005519151277734 0.0019183401933569 0.0008711531045121 0.00093615944007 0.6452911330049261 0.5277722222222222 0.2416742504409171 0.9999 0.0001 0.3077307692307692 0.2799877411575562 0.5772702722746054 0.9223718967429666 0.008446912168344 0.5651249594155844 0.8598481504833965 0.9999 0.3175452536506441 0.2806684468645198 0.2616063798811844 0.5386012457759621 0.6660849969530774 0.1758877639046537
2 0.136729560117302 0.1995919836161497 0.0071620154196738 0.0071647778193429 0.0219622129928661 0.0160822532784531 0.0051675775439369 0.0229509419416376 0.1724793103448275 0.3055944444444444 0.7812488536155203 0.0001 0.9999 0.0001 0.2803895900321543 0.4012275135077868 0.4238329232630836 0.075107868252516 0.6577403612012986 0.4914897225725094 0.0001 0.660012638499191 0.6303875338069309 0.3947894028694202 0.2116882786099763 0.3773554296160877 0.9999
1 0.0634304398826979 0.0679623756582797 0.1129016208214052 0.112901378695333 0.0005060686655355 0.0014398296161577 0.0007609883752961 0.0007008548235535 0.5024625615763547 0.4027972222222222 0.2275677248677248 0.9999 0.0001 0.1154615384615384 0.1601363143086816 0.5458113677296323 0.9159196228698194 0.008446912168344 0.7462981331168832 0.8382047288776796 0.0001 0.3083104081758044 0.2806684468645198 0.2445858102237772 0.4578184949815908 0.5361292748324192 0.1410479682179341
6 0.6052575366568914 0.6096913399648917 0.0307579580737895 0.0307579902207601 0.0008138949119899 0.0022054465396764 0.0009813178337281 0.0013461311564567 0.5812645320197044 0.4907425925925926 0.816515167548501 0.9999 0.0001 0.4230923076923077 0.7657225683279744 0.4133026485856552 0.9279168196027024 0.0078752058554437 0.5771964082792208 0.752681693989071 0.0001 0.357269422655498 0.3047882478093108 0.2616063798811844 0.4638192111766782 0.6296510907982938 0.216515278093076
0 0.9389151319648094 0.9413979520187244 0.0012273499803442 0.0012285036370169 0.0014557453833203 0.0013441275007179 0.0015321414798082 0.0022181728254384 0.4729118226600985 0.4814851851851852 0.8112252204585537 0.0001 0.9999 0.6153615384615385 0.088205365755627 0.3760180209767984 0.4397619743874156 0.006503110704483 0.7970185064935066 0.9999 0.9999 0.4135385032871157 0.2806684468645198 0.3361447366567262 0.7799914006153226 0.5643990615478367 0.4735580703745743
1 0.0264876832844574 0.028766003510825 0.1851643155442641 0.1851642757304386 0.0006632565360654 0.0011527232698382 0.0008711531045121 0.0007790884332237 0.3990349753694581 0.3379953703703703 0.2240410934744268 0.9999 0.0001 0.1154615384615384 0.0669073754019292 0.2825946074796058 0.5293880911565998 0.0051310155535224 0.6097588879870129 0.9999 0.9999 0.3366292358735945 0.2171782085031192 0.2762088548148496 0.735162520804963 0.4388300304692261 0.1247061748013621
6 0.5237489149560117 0.5283734932709186 0.2510363060743864 0.2510374021721647 0.0018094180920126 0.0028753613477553 0.0017524709382403 0.0025211878979539 0.4236605911330049 0.4120546296296296 0.816515167548501 0.0001 0.9999 0.1154615384615384 0.9309829180064308 0.4174336158491366 0.447020782494706 0.0078752058554437 0.4435989448051947 0.9999 0.9999 0.4339944026870379 0.3047882478093108 0.3502307253387184 0.7763607151863622 0.5120024741011578 0.66682247446084
5 0.9852401759530792 0.985859508484494 0.0758806859575521 0.0758804209978793 0.0005322666439572 0.0008656169235187 0.000595741281472 0.0003809337008776 0.1035275862068965 0.2083916666666666 0.820041798941799 0.9999 0.0001 0.1154615384615384 0.0037166398713826 0.2589739485114948 0.8990832207320762 0.004444967978042 0.8984592532467532 0.9999 0.9999 0.3136956950048129 0.2356015542173019 0.2348664780332026 0.5502496948605438 0.2449017306520414 0.0868022928490351
1 0.0106550733137829 0.0164805734347571 0.2181092451946309 0.2181097733235302 0.0013902504372662 0.0018226380779171 0.0013118120213762 0.0016931364615322 0.3941098522167487 0.3379953703703703 0.2205144620811287 0.9999 0.0001 0.1154615384615384 0.0268229501607717 0.4047229473461172 0.6054039427246144 0.0102763723696248 0.6955777597402597 0.9999 0.9999 0.4091975116226678 0.3047882478093108 0.3197815131378119 0.6971411761739043 0.447176928702011 0.4698130760499433
6 0.1637036363636363 0.1674158572264482 0.0087504875105818 0.0087503208081246 0.0006501575468546 0.0013441275007179 0.000595741281472 0.0007673577045411 0.3596339901477832 0.3333666666666666 0.823568430335097 0.0001 0.9999 0.0770076923076923 0.3310225482315113 0.2312223222799025 0.9082575476454572 0.0058170631290027 0.7293575284090908 0.9999 0.0001 0.3345815982960248 0.2670402185280012 0.2348664780332026 0.4539861048065769 0.4415107861060329 0.1116554370034052
6 0.0001 0.0059502047981275 0.0771581490151452 0.0771662774147505 0.0066101976377798 0.004215190963913 0.0066548013883532 0.0068907118215219 0.2906822660098522 0.3194805555555555 0.8112252204585537 0.9999 0.0001 0.1539153846153846 0.0001 0.4261192393261998 0.1103935565191086 0.0078752058554437 0.3010746956168831 0.991179592265658 0.9999 0.5524092837978987 0.3047882478093108 0.4873813018057154 0.944784178140919 0.3768680195003047 0.999786515323496
2 0.0241421114369501 0.1112538911644236 0.0568100864813504 0.0568141625801712 0.037386272788612 0.0201017421269263 0.0075361192220814 0.0508581729669255 0.1971049261083743 0.4120546296296296 0.2310943562610229 0.0001 0.9999 0.0001 0.0607791800643086 0.4619209556097044 0.4266557930825854 0.127247483989021 0.7210393871753246 0.4591296553173603 0.0001 0.707456401171483 0.6792400454365152 0.4272576067814121 0.2131002118323498 0.4914703229737964 0.9999
5 0.796421642228739 0.8027480983031012 0.4225861315147298 0.4225854361092331 0.0008073454173845 0.0031624676940748 0.0009262354691201 0.0012935153881007 0.5566389162561576 0.4768564814814814 0.7459825396825397 0.9999 0.0001 0.1116161538461538 0.3337350281350482 0.470818423561818 0.6078235454270444 0.0108480786825251 0.5225198457792208 0.6715713955443463 0.0001 0.3564708440002457 0.3441586852259205 0.2445858102237772 0.3037160689968225 0.6089970871419865 0.2428437230419977
6 0.0264876832844574 0.0340311878291398 0.0245256851791036 0.0245253413458842 0.0004929696763247 0.0022054465396764 0.0008160707399041 0.0007439825025338 0.5763394088669951 0.4490842592592592 0.2346209876543209 0.0001 0.9999 0.6153615384615385 0.0666059887459807 0.5764228943744042 0.4661759705556116 0.012677538883806 0.7039973417207793 0.549590752416982 0.0001 0.3054846683187581 0.3352174137247124 0.2121176063117852 0.2328672769455792 0.5918158805606338 0.1467222020431328
6 0.4950156598240469 0.5055576945582212 0.0051106497452536 0.0051120287793637 0.0024447190687375 0.0048851057719919 0.0026888711365764 0.004014009378178 0.5566389162561576 0.4814851851851852 0.8112252204585537 0.0001 0.9999 0.6153615384615385 0.9755881430868169 0.5297111876258078 0.7982664414641526 0.0146213403476669 0.4536415787337662 0.6059056746532157 0.9999 0.461903702869314 0.3891895243590206 0.3468735647028436 0.6006758813738842 0.6027216819012797 0.9339654029511918
5 0.957679706744868 0.966553832650673 0.229676116322466 0.2296818649117692 0.0074550824418779 0.0078518713506269 0.0051124951793289 0.0087765989679724 0.3744093596059113 0.3426240740740741 0.820041798941799 0.9999 0.0001 0.1154615384615384 0.0428969051446945 0.4899903485538722 0.2465970253100736 0.0139352927721866 0.2665848417207792 0.9884478982765867 0.9999 0.5632412865832429 0.3825196242472323 0.4600075304670439 0.8766584001613961 0.4260964411943937 0.9999
5 0.7547877419354839 0.7559464599180807 0.1301662421368422 0.1301662058022175 0.0006501575468546 0.0014398296161577 0.0008160707399041 0.0009278789257058 0.4926123152709359 0.4444555555555555 0.7495091710758378 0.9999 0.0001 0.1116161538461538 0.4330921623794212 0.3364031041423879 0.6398832812342442 0.0046736505032021 0.5560967329545455 0.9999 0.9999 0.3345815982960248 0.2356015542173019 0.2691658604738535 0.679895420386342 0.5444761730652041 0.1327635868331441
2 0.0229693255131964 0.1013085430076067 0.2030276176957478 0.2030316338196042 0.0359781314484484 0.0219200823202833 0.0065997190237452 0.0508619682026757 0.261131527093596 0.453712962962963 0.3051536155202821 0.0001 0.9999 0.0001 0.0560574557877813 0.4407365081046721 0.4884564787738227 0.1111253659652333 0.5941370129870129 0.549590752416982 0.0001 0.7040368464169414 0.6630880711117523 0.4303095709958437 0.2440114641650275 0.5108448750761732 0.9999
6 0.0001 0.0100453481568168 0.0674927615461704 0.0675030606654295 0.0128518659967377 0.0064163396190293 0.0089682607018897 0.012520944057042 0.2759068965517241 0.2870796296296296 0.8112252204585537 0.9999 0.0001 0.1539153846153846 0.0001 0.3905293675177455 0.1357993848946253 0.012677538883806 0.2987415584415584 0.9026096679277008 0.9999 0.6120979191840581 0.3682784861707115 0.5089093878413601 0.932026352953044 0.3517054722730042 0.9999
6 0.7072899120234604 0.7079747805734348 0.0233770775233767 0.023378044719007 0.0009645332879144 0.0010570211543983 0.0014219767505922 0.0013582931619292 0.4926123152709359 0.3796537037037037 0.2222777777777777 0.0001 0.9999 0.5576807692307693 0.2065498593247588 0.3496433838330332 0.3143459009781184 0.0051310155535224 0.6617979910714286 0.9999 0.9999 0.3740190980400188 0.2171782085031192 0.3282800596426138 0.842721576637918 0.5265029250457038 0.2462482633371168
2 0.0229693255131964 0.1229543007606787 0.1172094579294626 0.1172134456228534 0.0437130845774403 0.0235470182827606 0.0073708721282573 0.0592603073858673 0.2020300492610837 0.4444555555555555 0.2275677248677248 0.0001 0.9999 0.0001 0.0578657757234726 0.4484688314440089 0.3719122819401028 0.14599945105215 0.7042002232142858 0.4705817570407734 0.0001 0.7213803366989576 0.7002592441671776 0.4272576067814121 0.1857187925556059 0.4897034613040829 0.9999
6 0.8826214076246335 0.889916149795202 0.3364156026728092 0.3364165738025084 0.0030734705508571 0.0029710634631951 0.0017524709382403 0.0043780932441297 0.453211330049261 0.4027972222222222 0.7777222222222222 0.0001 0.9999 0.0001 0.1723927049839228 0.2802643182540523 0.6422020671574066 0.0121058325709057 0.6194971996753247 0.9999 0.9999 0.4829329407909558 0.3606351411777433 0.3502307253387184 0.678735618096535 0.5197401096892139 0.8781309421112373
6 0.4662824046920821 0.4669463428905793 0.007023686488561 0.0070238303953911 0.0004471232140868 0.0008656169235187 0.0008160707399041 0.0010755480985343 0.9999 0.8471527777777778 0.2822305114638447 0.0001 0.9999 0.0001 0.8475992765273312 0.464886778260409 0.4958161036603812 0.0041019441903019 0.6955777597402597 0.9999 0.9999 0.2948369529153952 0.1962671703148101 0.2691658604738535 0.7519544409139053 0.9999 0.0965619750283768
2 0.0229693255131964 0.1118389116442364 0.1868928110186705 0.1869043987628657 0.0571264495293246 0.0552244184933473 0.0177814390391714 0.0860733029400671 0.2315807881773399 0.4814851851851852 0.3086802469135802 0.0001 0.9999 0.0001 0.0559569935691318 0.7031058904544973 0.93920829888071 0.1256467063129002 0.2592811079545454 0.4908593316519545 0.9999 0.7452353144776456 0.6822685406224082 0.5213050578815132 0.5301800726282342 0.5442933942717856 0.9999
6 0.3794962463343108 0.3879685781158572 0.166146706215393 0.1661460780736844 0.0004929696763247 0.0022054465396764 0.0008711531045121 0.0005738869366355 0.4039600985221674 0.3333666666666666 0.2522541446208112 0.9999 0.0001 0.1539153846153846 0.9489656551446946 0.5901927852526752 0.3445909347584955 0.0150787053979871 0.8307982751623377 0.4395875367801597 0.0001 0.3054846683187581 0.3606351411777433 0.1985011505858595 0.1720532960104907 0.440414113345521 0.1523964358683314
6 0.0088958944281524 0.0158955529549444 0.0759530082661907 0.0759532053233626 0.0010758746962064 0.0019183401933569 0.0010364001983361 0.0015317526867879 0.5123128078817735 0.3796537037037037 0.2822305114638447 0.0001 0.9999 0.0001 0.0217998392282958 0.4345930183282128 0.9999 0.0115341262580054 0.7583695819805195 0.883172614543926 0.5 0.384646337067606 0.32569928599762 0.2827823161997792 0.4998235083472033 0.5305240585009141 0.345660839954597
2 0.0229693255131964 0.1094988297249853 0.1275469268310044 0.1275587554795605 0.0820145290298913 0.0594353115727003 0.0206457219987879 0.1257129877551555 0.1330783251231527 0.4814851851851852 0.3051536155202821 0.0001 0.9999 0.0001 0.0560574557877813 0.5404093336158492 0.9039224261369366 0.1225594922232387 0.2334137175324675 0.4212011349306431 0.9999 0.7774241771970427 0.6781944935270997 0.5225258435672858 0.5478292379079034 0.5536760390006094 0.9999
5 0.2082695014662756 0.2188976594499707 0.2168242341218658 0.2168269207042186 0.0042196321068043 0.0043108930793529 0.0028541182304005 0.0059739036217587 0.4482862068965517 0.4444555555555555 0.2416742504409171 0.0001 0.9999 0.0001 0.5230058480707395 0.4895666596037716 0.4464158818190985 0.0177085544373284 0.4926962662337661 0.9999 0.9999 0.5118046306346898 0.3825196242472323 0.4009872378894968 0.7766632723054422 0.514987861060329 0.9964954597048808
4 0.7758978885630499 0.7775922176711527 0.0048547104144696 0.0048584774571511 0.0022482342305752 0.0045022973102326 0.0034049418764806 0.0029635916289339 0.4433610837438423 0.3796537037037037 0.2222777777777777 0.0001 0.9999 0.3077307692307692 0.0298368167202572 0.4862830702404916 0.1569709085408893 0.0068461344922232 0.1967936079545454 0.9999 0.9999 0.4541636328261003 0.2521140636832426 0.4192285932326766 0.9214368537852424 0.4819048994515539 0.8706409534619751
2 0.0229693255131964 0.1229543007606787 0.1530127747131585 0.1530174031859565 0.0459202642594642 0.0267051880922752 0.0079216957743375 0.0625979584621527 0.2118802955665024 0.4027972222222222 0.2310943562610229 0.0001 0.9999 0.0001 0.0577653135048231 0.4945450047674542 0.4238329232630836 0.1457707685269899 0.6194971996753247 0.5003151954602774 0.0001 0.7257827574907326 0.7002592441671776 0.4403106229600582 0.2116882786099763 0.4924451432053626 0.9999
6 0.6556873313782992 0.6588330602691633 0.2055054462273906 0.2055052225997321 0.0008597413742278 0.0014398296161577 0.0007609883752961 0.0012963618149134 0.507387684729064 0.9999 0.2310943562610229 0.0001 0.9999 0.0001 0.3374521302250803 0.2581265706112935 0.9223718967429666 0.008446912168344 0.7462981331168832 0.9999 0.9999 0.3627161386118336 0.2806684468645198 0.2616063798811844 0.5386012457759621 0.5689685313833028 0.1758877639046537
5 0.5671419941348973 0.5687399063779989 0.2067779799689529 0.2067775234173599 0.0005257171493517 0.0011527232698382 0.000595741281472 0.0006776521322621 0.4138103448275862 0.3796537037037037 0.816515167548501 0.9999 0.0001 0.0770076923076923 0.8490057475884244 0.2708372391143129 0.8990832207320762 0.004444967978042 0.6877668222402599 0.9999 0.9999 0.3123852069551682 0.2356015542173019 0.2348664780332026 0.5502496948605438 0.4929325533211456 0.0868022928490351
6 0.6773838709677419 0.6921792276184904 0.1979082149155658 0.1979082334691835 0.0011479191368659 0.0034495740403943 0.0019177180320643 0.0016716588774 0.5123128078817735 0.4166833333333333 0.6983730158730158 0.9999 0.0001 0.2308230769230769 0.5398835008038586 0.7241844157220044 0.4958161036603812 0.0209101097895699 0.8628535511363636 0.4436850777637663 0.0001 0.3908916316791938 0.4342203634921208 0.2827823161997792 0.2476925757805013 0.5421609750152346 0.77508685584563
5 0.4428266862170087 0.4429605032182562 0.1045613721385085 0.1045608341381012 0.0002964848381623 0.0004828084617593 0.000430494187648 0.0003678228864676 0.4827620689655172 0.3426240740740741 0.2310943562610229 0.0001 0.9999 0.0385538461538461 0.8833638263665595 0.2523008475474096 0.8558328224261369 0.0034158966148215 0.9999 0.9999 0.9999 0.2466560407151781 0.1721473693700191 0.1985011505858595 0.5718825288747668 0.498476843388178 0.0351667650397276
1 0.0141734310850439 0.0281809830310122 0.2142623761560114 0.2142709970627768 0.0101927711869403 0.0142639130850962 0.0083623546912015 0.0139113804273669 0.3990349753694581 0.4120546296296296 0.2205144620811287 0.9999 0.0001 0.1154615384615384 0.0357640876205787 0.6033271427057951 0.2123193203589795 0.0220535224153705 0.1748824066558441 0.8398857713324928 0.9999 0.5913348741475003 0.4133453788179294 0.4947999225115646 0.8938033035759319 0.4941510786106032 0.9999
2 0.0229693255131964 0.0316911059098888 0.0714917461966763 0.0714915646814629 0.0007418504713304 0.0027796592323154 0.0009262354691201 0.0011839710834908 0.6058901477832512 0.4768564814814814 0.3016269841269841 0.0001 0.9999 0.0001 0.0561579180064308 0.5524844686937176 0.575360542502773 0.0139352927721866 0.6279167816558441 0.6715713955443463 0.0001 0.3479936244291068 0.3525952075294796 0.2445858102237772 0.2874788369395269 0.6094844972577697 0.2615686946651532
5 0.1021323753665689 0.1165190754827384 0.0772562732123822 0.0772573926073926 0.0022351352413644 0.0065120417344692 0.0023032945843204 0.0032871354766441 0.4975374384236453 0.4120546296296296 0.820041798941799 0.9999 0.0001 0.1539153846153846 0.2067507837620578 0.6315024578874882 0.9651182111525664 0.0179372369624885 0.4118479910714285 0.6667383984867591 0.0001 0.4536312470559321 0.4188255129638311 0.3398540470096508 0.4824264740001009 0.5392974405850092 0.9631309648127128
6 0.7242953079178885 0.7337156816851961 0.1845667129960991 0.1845667510774234 0.0010824241908118 0.0033538719249545 0.0013118120213762 0.0017573104478549 0.5960399014778326 0.4768564814814814 0.6578167548500882 0.0001 0.9999 0.0001 0.429575984726688 0.6218635342726984 0.6930137239084401 0.014850022872827 0.633597463474026 0.680081672971837 0.0001 0.3852196755893255 0.3825196242472323 0.2827823161997792 0.3463766227871084 0.6089361608775137 0.5549265834279229
2 0.0229693255131964 0.1217842598010532 0.172417874494384 0.1724223205234001 0.0448003006819387 0.0263223796305159 0.0078115310451214 0.0614638730156867 0.1971049261083743 0.4027972222222222 0.2310943562610229 0.0001 0.9999 0.0001 0.0577653135048231 0.4867067591905922 0.4171790158314006 0.1440556495882891 0.6213231331168831 0.4931707650273224 0.0001 0.7235713089069572 0.6984565684612889 0.4375403785192664 0.2083601503000958 0.4956133089579524 0.9999
2 0.0710535483870967 0.0907781743709771 0.0360456507840836 0.0360459062529081 0.0015867352754285 0.0047894036565521 0.0017524709382403 0.0024965188655772 0.5714142857142857 0.453712962962963 0.2310943562610229 0.0001 0.9999 0.0001 0.1791236736334405 0.6604192287318572 0.4162716648179893 0.0304004345837145 0.741327536525974 0.4914897225725094 0.0001 0.4216676244700677 0.4611523385380982 0.2827823161997792 0.2079063146214758 0.5821286045094455 0.8691656526674235
2 0.4199573607038123 0.4207297249853715 0.0189821301585885 0.0189820255007176 0.0005322666439572 0.000674212692639 0.0006508236460801 0.0011673237994044 0.8718467980295567 0.7129203703703704 0.2822305114638447 0.0001 0.9999 0.0001 0.9620257435691318 0.1239230956669138 0.6333301905818292 0.0041019441903019 0.8730990665584416 0.9999 0.9999 0.3136956950048129 0.1962671703148101 0.2445858102237772 0.683173122509709 0.8831043510054845 0.0718223155505107
6 0.4885653372434018 0.4985374488004681 0.0718059130730734 0.0718151275929499 0.0070162663033153 0.0134982961615774 0.0083623546912015 0.0114926939347937 0.5517137931034483 0.4907425925925926 0.298100352733686 0.0001 0.9999 0.6922692307692307 0.7772757234726687 0.6929373556520818 0.1660444186750025 0.0172511893870082 0.1498265422077922 0.8746623371164356 0.9999 0.5577740942511317 0.3825196242472323 0.498720522694719 0.9168984969990416 0.594801267519805 0.9999
6 0.5278536656891495 0.5336386775892334 0.0530069651225037 0.0530064255608672 0.000434024224876 0.0015355317315975 0.000485576552256 0.0006560882927719 0.5418635467980296 0.4907425925925926 0.820041798941799 0.9999 0.0001 0.3961746153846153 0.9216399316720256 0.4745257018751986 0.3697951295754765 0.0092473010064043 0.940252840909091 0.7372371164354771 0.0001 0.2915402564155078 0.32569928599762 0.1827952732054382 0.1846598426388258 0.6008938939670931 0.0940653121452894
6 0.5272672727272727 0.527788472791106 0.0646582507873654 0.0646591575605147 0.0009972807609414 0.001248425385278 0.0014219767505922 0.00150967131515 0.5320133004926109 0.4444555555555555 0.2275677248677248 0.0001 0.9999 0.0001 0.6668677451768489 0.2179820425892573 0.2740191892709489 0.004330626715462 0.4926962662337661 0.9999 0.9999 0.3772748417883548 0.1962671703148101 0.3282800596426138 0.8628920512432541 0.5676281535648995 0.2052802951191827
5 0.9277736656891497 0.9291125219426564 0.1238048827786011 0.123806088082183 0.0013509534696337 0.0023011486551163 0.0016973885736323 0.001649836271836 0.38425960591133 0.3426240740740741 0.7530358024691358 0.9999 0.0001 0.1116161538461538 0.0754466639871382 0.3779246212522513 0.3277545326207522 0.0052453568161024 0.3912555194805194 0.9999 0.9999 0.4064741536445 0.2521140636832426 0.3468735647028436 0.8360148938316437 0.4487610115783058 0.4282776844494892
6 0.0024455718475073 0.0053651843183148 0.0311603905153621 0.0311622705641058 0.0014819433617419 0.0015355317315975 0.0020829651258883 0.0021896223019534 0.4729118226600985 0.4490842592592592 0.8112252204585537 0.0001 0.9999 0.6153615384615385 0.0048217242765273 0.3818437440406823 0.2369186145003529 0.004444967978042 0.5225198457792208 0.9999 0.9999 0.4152380424764986 0.2356015542173019 0.3682607908516683 0.8814488878801635 0.5463648872638635 0.4904672871736663
5 0.6633104398826979 0.6757986541837332 0.0217766672452068 0.0217764044561237 0.0008204444065953 0.0041194888484732 0.0009262354691201 0.0013207720812163 0.5911147783251232 0.4814851851851852 0.2416742504409171 0.0001 0.9999 0.2308230769230769 0.3020894292604501 0.5886039516897977 0.3157573358878693 0.0218248398902104 0.6310614448051948 0.5402399537620849 0.0001 0.3580680013107502 0.4133453788179294 0.2241141733392819 0.1576314066676754 0.6115559902498477 0.3382843359818388
5 0.8497834017595308 0.8524748390871855 0.1600908874304952 0.160090807295727 0.0007942464281737 0.0015355317315975 0.0008160707399041 0.00100171351212 0.3399334975369458 0.4166833333333333 0.816515167548501 0.9999 0.0001 0.1154615384615384 0.2723526125401929 0.3783483102023519 0.8558328224261369 0.006503110704483 0.7015627637987013 0.9999 0.9999 0.3548327339381899 0.2806684468645198 0.2691658604738535 0.5718825288747668 0.4711818769043266 0.1942722814982974
0 0.9893449266862172 0.9899546518431832 0.0111909610691791 0.0111921771627508 0.001180666609893 0.0022054465396764 0.0015872238444162 0.0009029511272552 0.1133778325123152 0.2639361111111111 0.8306216931216931 0.0001 0.9999 0.1923692307692307 0.0025110932475884 0.3573757071723699 0.3157573358878693 0.004444967978042 0.3658953327922077 0.9999 0.9999 0.393594513281586 0.2356015542173019 0.3398540470096508 0.8420156100267313 0.2718920658135283 0.3382843359818388
4 0.8310188269794722 0.8384343475716793 0.4577373922122335 0.4577361062133425 0.0004536727086922 0.0023968507705561 0.00037541182304 0.0006945581824224 0.5714142857142857 0.4768564814814814 0.7495091710758378 0.9999 0.0001 0.1116161538461538 0.2616031551446945 0.3178667125754847 0.1933657658566098 0.0122201738334858 0.7657747564935065 0.649717843631778 0.0001 0.2964341102258996 0.3606351411777433 0.1414528964237912 0.0964140162404801 0.6065600365630713 0.0752268558456299
2 0.0229693255131964 0.5283734932709186 0.0695677725334257 0.0695805332699379 0.1079505276673239 0.0888158610127309 0.0313317007327419 0.1673416348694574 0.1330783251231527 0.4907425925925926 0.3016269841269841 0.0001 0.9999 0.0001 0.0561579180064308 0.9470448034749444 0.1996164061712211 0.70832978042086 0.9332534293831168 0.280308764186633 0.0001 0.8018934462490016 0.951011434856298 0.5290053983610021 0.0995404398043072 0.5598905179768434 0.9999
2 0.0241421114369501 0.1211992393212404 0.3618166762614968 0.3618202289074281 0.0382704545603427 0.0275665071312338 0.0087479312434576 0.0531044349989354 0.2168054187192118 0.4074259259259259 0.2275677248677248 0.0001 0.9999 0.0001 0.0608796422829582 0.5004766500688632 0.3771547544620349 0.141768824336688 0.5821670048701298 0.3814865069356872 0.0001 0.7095449915006041 0.695716501388338 0.425708148026393 0.188391380440813 0.5013403778184033 0.9999
1 0.0792630498533724 0.0831729081334113 0.1063258362158267 0.1063258347759581 0.0007287514821195 0.0021097444242366 0.0008160707399041 0.0009179595595403 0.438435960591133 0.3518814814814814 0.2346209876543209 0.9999 0.0001 0.1154615384615384 0.1995175040192926 0.3852332556414874 0.7838496420288393 0.0076465233302836 0.4706836241883116 0.9999 0.9999 0.3461917033608455 0.2670402185280012 0.2691658604738535 0.6078868260452919 0.4721566971358927 0.1728236776390465
1 0.0300060410557184 0.033446167349327 0.0447063820295419 0.0447074720467687 0.0009972807609414 0.0019183401933569 0.0015321414798082 0.0007885765225994 0.1971049261083743 0.1898768518518518 0.2275677248677248 0.9999 0.0001 0.1154615384615384 0.0756475884244373 0.5140346964720839 0.365157557729152 0.0068461344922232 0.4685533685064935 0.9999 0.9999 0.3772748417883548 0.2521140636832426 0.3361447366567262 0.8173067786351944 0.2813356368068251 0.3717623155505108
6 0.0452522580645161 0.0644522527794031 0.0965864319858278 0.0965870609649449 0.002595357444662 0.0076604671197472 0.0032947771472646 0.0034598187032812 0.4729118226600985 0.3426240740740741 0.2628340388007054 0.0001 0.9999 0.0001 0.1125172226688103 0.5609582476957304 0.5911887768478371 0.0291426806953339 0.4488738636363635 0.3410364228667507 0.0001 0.4674118479529768 0.4569701309004363 0.3152505201117712 0.2953957482221214 0.4865962218159658 0.9636983881952328
5 0.3079563049853372 0.3125009362200117 0.2246768656205336 0.2246771530751789 0.0012723595343687 0.0014398296161577 0.0011465649275522 0.001763607088986 0.38425960591133 0.4305694444444444 0.2222777777777777 0.0001 0.9999 0.0385538461538461 0.7796868167202573 0.3218917576014409 0.6470412725622668 0.0093616422689844 0.8096985998376623 0.9999 0.9999 0.4007612448030802 0.2931790162633875 0.3055311879211965 0.6763151611438947 0.5132209993906155 0.3530373439273553
5 0.1109282697947214 0.1141789935634874 0.0989467271383625 0.0989464284173568 0.0005060686655355 0.0009613190389585 0.000595741281472 0.000745707609693 0.507387684729064 0.5 0.816515167548501 0.9999 0.0001 0.0770076923076923 0.224833983118971 0.3814200550905816 0.9999 0.0051310155535224 0.9076903612012988 0.9999 0.5 0.3083104081758044 0.2521140636832426 0.2348664780332026 0.4998235083472033 0.5747565265082267 0.0989451532349602
6 0.9090090909090908 0.9109768870684612 0.0641766412070488 0.0641763163579172 0.0005322666439572 0.0011527232698382 0.000540658916864 0.0006145994655929 0.3941098522167487 0.3055944444444444 0.8112252204585537 0.9999 0.0001 0.1539153846153846 0.1501905546623794 0.3317425256912808 0.8166150952909146 0.0058170631290027 0.8437826907467533 0.9999 0.0001 0.3136956950048129 0.2670402185280012 0.2241141733392819 0.4081487012659505 0.4345651919561243 0.0978103064699205
6 0.6873525513196481 0.7079747805734348 0.0064211546243652 0.0064221466380627 0.002595357444662 0.0086174882741456 0.0032396947826566 0.0041500340776819 0.561564039408867 0.4768564814814814 0.2240410934744268 0.0001 0.9999 0.0001 0.2078558681672025 0.6729180527598262 0.5917936775234446 0.0338306724611162 0.4536415787337662 0.4020792770071458 0.0001 0.4674118479529768 0.47683561717933 0.3282800596426138 0.2956983053412014 0.5860888117001828 0.99218304199773
2 0.0270740762463343 0.1018935634874195 0.0141653411703566 0.0141685554420902 0.0271363137311418 0.0187619125107686 0.005442989366977 0.0373838784784686 0.1823295566502463 0.4398268518518519 0.2346209876543209 0.0001 0.9999 0.0001 0.0680124598070739 0.4456089310308295 0.4041736513058385 0.1094102470265324 0.665246976461039 0.5281574611181169 0.0001 0.6788918569643845 0.6561297428870217 0.4068094465447202 0.2018551722398749 0.4978675807434491 0.9999
0 0.6023255718475072 0.6026710942071387 0.2251182704669743 0.2251179411119417 0.0004209252356652 0.000674212692639 0.0007059060106881 0.0005958820529154 0.5467886699507389 0.453712962962963 0.820041798941799 0.0001 0.9999 0.1154615384615384 0.7814951366559487 0.4162684712363598 0.5797964807905617 0.0030728728270814 0.8730990665584416 0.9999 0.9999 0.2881207016609662 0.1962671703148101 0.2534599830934322 0.7099494275482927 0.5593421815965876 0.0797662429057888
5 0.2827414076246334 0.2844199531889994 0.1614868081139522 0.161486725936001 0.0005322666439572 0.001248425385278 0.0008160707399041 0.0007466564186306 0.5172379310344828 0.4166833333333333 0.2240410934744268 0.0001 0.9999 0.0001 0.7153909967845659 0.4162684712363598 0.5677992840576788 0.0051310155535224 0.5651249594155844 0.9999 0.9999 0.3136956950048129 0.2171782085031192 0.2691658604738535 0.7159501437433803 0.5417344911639244 0.1141520998864926
5 0.7459918475073314 0.7495112346401405 0.1501185730180436 0.1501184304591152 0.0008728403634386 0.0015355317315975 0.0007609883752961 0.0011865587442296 0.4088852216748768 0.4398268518518519 0.2346209876543209 0.9999 0.0001 0.2308230769230769 0.110909827170418 0.3071685665854434 0.9999 0.0093616422689844 0.7612099228896104 0.9999 0.5 0.3642109140434596 0.2931790162633875 0.2616063798811844 0.4998235083472033 0.5090170871419866 0.195747582292849
6 0.5278536656891495 0.544169046225863 0.0508057174325236 0.0508067985222673 0.001848715059645 0.0045979994256724 0.0018626356674563 0.0027987576398711 0.5369384236453202 0.4166833333333333 0.2416742504409171 0.0001 0.9999 0.0385538461538461 0.633514288585209 0.7489702193028923 0.792318251487345 0.0268558554437328 0.6893898741883117 0.808891551071879 0.0001 0.4359806111372806 0.4437384912192132 0.3361447366567262 0.3959959903162354 0.557514393662401 0.9815154824063564
5 0.6199173607038123 0.6319221181977764 0.2594393265161122 0.2594394090486934 0.0011872161044984 0.0041194888484732 0.0014770591152002 0.0015305451117765 0.4236605911330049 0.4074259259259259 0.2416742504409171 0.9999 0.0001 0.1539153846153846 0.4125978697749196 0.6931492001271321 0.66387767470001 0.02102445105215 0.6079329545454546 0.6766145229087852 0.0001 0.3941268990517541 0.4076489235873211 0.2948023598750793 0.3317530286982397 0.4764215356489945 0.742176299659478
6 0.0053775366568914 0.0088753071971913 0.0868303913142251 0.0868304954299248 0.0008531918796224 0.0009613190389585 0.0008711531045121 0.0011408434045105 0.4236605911330049 0.4027972222222222 0.2575440917107583 0.0001 0.9999 0.0001 0.0132605506430868 0.2331289225553554 0.66387767470001 0.0067317932296431 0.9076903612012988 0.9999 0.9999 0.3619585127081328 0.2521140636832426 0.2762088548148496 0.667893987996167 0.5004874101157831 0.1669224744608399
6 0.0745719061583577 0.0773227033352838 0.0383846882612357 0.038384709245104 0.0005322666439572 0.0011527232698382 0.0007609883752961 0.0007575245937336 0.5024625615763547 0.4490842592592592 0.2240410934744268 0.0001 0.9999 0.0001 0.1885671221864951 0.4437023307553766 0.6896867701925986 0.0059314043915827 0.6877668222402599 0.9999 0.9999 0.3136956950048129 0.2356015542173019 0.2616063798811844 0.6549848842487517 0.5505078732480195 0.120734211123723
6 0.0669487976539589 0.0761526623756582 0.0084678220444437 0.0084716608191315 0.0035712321408685 0.0070862544271082 0.0040659302517767 0.0047751266568223 0.4630615763546798 0.3426240740740741 0.2910470899470899 0.0001 0.9999 0.6922692307692307 0.1646571141479099 0.6049159762686726 0.3169671372390844 0.014850022872827 0.2560350040584415 0.8415668137873057 0.9999 0.4966316361848977 0.3606351411777433 0.4208954352267123 0.8414104957885713 0.4865962218159658 0.9977437911464244
6 0.0798494428152492 0.0860980105324751 0.0992864648416691 0.0992880911346519 0.0021041453492561 0.0027796592323154 0.0019728003966723 0.0028117821989232 0.3891847290640394 0.4027972222222222 0.8306216931216931 0.0001 0.9999 0.0770076923076923 0.1610404742765273 0.4378766076914928 0.4238329232630836 0.008446912168344 0.4926962662337661 0.9999 0.9999 0.448020720093391 0.3156043020446432 0.3626029187310682 0.7879587380844304 0.4891551249238269 0.7902938024971623
5 0.5952888563049854 0.5962358689291984 0.0488369178016183 0.0488372315685548 0.0006174100738275 0.0015355317315975 0.0009813178337281 0.000949183999122 0.5566389162561576 0.4907425925925926 0.238147619047619 0.0001 0.9999 0.5192269230769231 0.500200924437299 0.4284495285517534 0.4661759705556116 0.0051310155535224 0.4628726866883116 0.9999 0.9999 0.3292577405943433 0.2171782085031192 0.2889801512198557 0.7667797397488274 0.5926688482632542 0.1467222020431328
6 0.6292996480938416 0.6284119953189 0.0282904502975861 0.0282910251993533 0.0005650141169842 0.0013441275007179 0.0011465649275522 0.0008405885034496 0.5418635467980296 0.4490842592592592 0.2275677248677248 0.0001 0.9999 0.5192269230769231 0.4119950964630224 0.2860900413179362 0.2437741554905717 0.0026155077767612 0.3235945413961039 0.9999 0.9999 0.3200024187437278 0.1435929861887418 0.3055311879211965 0.8780199071972563 0.5755485679463741 0.0989451532349602
6 0.59998 0.6020860737273259 0.0306806294285571 0.0306804306273615 0.000434024224876 0.001248425385278 0.0006508236460801 0.0004953945608913 0.3891847290640394 0.3657675925925926 0.2310943562610229 0.9999 0.0001 0.9999 0.4810126406752412 0.4979345163682593 0.9999 0.0068461344922232 0.7100837865259741 0.9043957755359396 0.5 0.2915402564155078 0.2521140636832426 0.2348664780332026 0.4998235083472033 0.4335903717245582 0.0989451532349602
2 0.0229693255131964 0.1206142188414277 0.1882705548492641 0.1882739764091553 0.0381787616358669 0.0260352732841964 0.0073157897636493 0.0534118490947069 0.2512812807881773 0.4166833333333333 0.2310943562610229 0.0001 0.9999 0.0001 0.0577653135048231 0.4588492107214747 0.3454982857719068 0.1423405306495883 0.6209173701298701 0.426769588062211 0.0001 0.7093197513670715 0.6966538927554001 0.4175382745908376 0.1725071316891107 0.5054833638025594 0.9999
0 0.0094822873900293 0.0129704505558806 0.1056979645864104 0.1056995044745507 0.0017701211243801 0.0019183401933569 0.0019177180320643 0.0027573550680501 0.4482862068965517 0.5277722222222222 0.2275677248677248 0.9999 0.0001 0.1154615384615384 0.0238090836012861 0.2586561817989194 0.2882343551477261 0.0068461344922232 0.4685533685064935 0.9999 0.9999 0.4319262887336924 0.2521140636832426 0.3596448611078498 0.8557819589448732 0.5746346739792809 0.5035180249716231
2 0.0241421114369501 0.1100838502047981 0.1264526956927417 0.1264644489224532 0.0898084276103319 0.0560857375323059 0.0194339099774117 0.1368608889840571 0.1823295566502463 0.4814851851851852 0.3086802469135802 0.0001 0.9999 0.0001 0.0588703979099678 0.483952781014938 0.903317525461329 0.1215304208600182 0.246398133116883 0.447677553593947 0.9999 0.7855123456284433 0.677184995131802 0.5219154507243995 0.5481317950269834 0.5504469469835466 0.9999
3 0.1766042815249267 0.1785312463428905 0.0886270499868692 0.0886263042478804 0.0002244403975028 0.000674212692639 0.000320329458432 0.0003055465180201 0.5911147783251232 0.4490842592592592 0.2310943562610229 0.0001 0.9999 0.0385538461538461 0.445449015273312 0.3642606526115055 0.4958161036603812 0.0051310155535224 0.9999 0.7897696931483817 0.0001 0.2092047494214267 0.2171782085031192 0.1414528964237912 0.2476925757805013 0.5962025716026813 0.0258610215664018
6 0.5565869208211144 0.5652297834991222 0.0794876359424877 0.0794879048465414 0.0011086221692334 0.003640978271274 0.0013668943859842 0.0016099862964582 0.4975374384236453 0.4166833333333333 0.2522541446208112 0.9999 0.0001 0.1116161538461538 0.5866988946945337 0.5964421972666596 0.8078440354946053 0.0158790942360475 0.5317509537337662 0.6934249474569146 0.0001 0.3875335060519794 0.3682784861707115 0.2889801512198557 0.4037616230392898 0.5411861547836685 0.5349532803632236
3 0.3642500293255131 0.364567758923347 0.1064903521383529 0.1064895032327327 0.0001654949460541 0.0004828084617593 0.000210164729216 0.0002111831564112 0.5566389162561576 0.4814851851851852 0.2310943562610229 0.0001 0.9999 0.0385538461538461 0.9189274517684888 0.3531388176713635 0.4958161036603812 0.0034158966148215 0.9999 0.9999 0.0001 0.1594471562864808 0.1721473693700191 0.1121070866696409 0.2476925757805013 0.609850054844607 0.0133777071509648
0 0.0176917888563049 0.0199906963136337 0.1750104636648676 0.1750106697743958 0.0008007959227791 0.0014398296161577 0.0010364001983361 0.0010766694181878 0.438435960591133 0.4120546296296296 0.2310943562610229 0.0001 0.9999 0.0001 0.0445043006430868 0.2575969594236678 0.4397619743874156 0.0051310155535224 0.4926962662337661 0.9999 0.9999 0.3556517889692179 0.2171782085031192 0.2948023598750793 0.7799914006153226 0.5048131748933578 0.158184154370034
6 0.59998 0.6120314218841428 0.0727414818515965 0.07274183765032 0.0014557453833203 0.0058421269263903 0.0020829651258883 0.0025446493553192 0.5960399014778326 0.5277722222222222 0.2522541446208112 0.9999 0.0001 0.1116161538461538 0.4694594855305466 0.6038567538934209 0.66387767470001 0.0209101097895699 0.427266984577922 0.4603904371584699 0.0001 0.4135385032871157 0.4076489235873211 0.2948023598750793 0.3317530286982397 0.6506097257769653 0.742176299659478
5 0.7770706744868034 0.779347279110591 0.3729959028958514 0.3729979757904033 0.0025495109824241 0.0011527232698382 0.0026337887719684 0.0033305219216982 0.4482862068965517 0.3703962962962963 0.2822305114638447 0.0001 0.9999 0.0385538461538461 0.0739397307073955 0.2722142282021401 0.232785126550368 0.0074178408051235 0.8437826907467533 0.9775211223203026 0.9999 0.465773737890921 0.2670402185280012 0.3904696996736093 0.8835163615272105 0.4767261669713589 0.7678238365493757
6 0.0317652199413489 0.0340311878291398 0.305449716388224 0.3054579727644348 0.0039052563657445 0.0070862544271082 0.0069302132113933 0.0052966265510521 0.438435960591133 0.4120546296296296 0.2452008818342151 0.0001 0.9999 0.0001 0.0795656149517685 0.4417957304799237 0.0562549460522335 0.0051310155535224 0.0937298092532467 0.9999 0.9999 0.5047812337436254 0.2171782085031192 0.4923818277878226 0.9718126141120694 0.4933590371724558 0.9891189557321228
2 0.0241421114369501 0.1229543007606787 0.1092833488137115 0.1092875021493004 0.0420298644638493 0.0220157844357231 0.0069302132113933 0.0570854647902488 0.1872546798029556 0.4027972222222222 0.2310943562610229 0.0001 0.9999 0.0001 0.0607791800643086 0.482681714164636 0.3880429666229706 0.1440556495882891 0.7451822849025974 0.5208029003783102 0.0001 0.7178788764413132 0.6984565684612889 0.4303095709958437 0.1937869823977404 0.490678281535649 0.9999
2 0.0522889736070381 0.0860980105324751 0.198658472219558 0.1986626487793514 0.0125898862125212 0.0166564659710921 0.0069302132113933 0.0212167779698397 0.5911147783251232 0.4768564814814814 0.3051536155202821 0.0001 0.9999 0.0001 0.1277874799035369 0.59337045237843 0.8846664212967632 0.0490380603842634 0.3448970982142856 0.5376133249264397 0.9999 0.6102550453642452 0.5378021095524864 0.4332676286190621 0.5574606395319515 0.6104593174893358 0.9999
2 0.0241421114369501 0.1235393212404915 0.088163617259416 0.0881752724912348 0.1112187254754246 0.0640290131138125 0.0220227811139882 0.1705665501928883 0.1281532019704433 0.4907425925925926 0.3051536155202821 0.0001 0.9999 0.0001 0.0589708601286173 0.4333219514779108 0.9477777251184836 0.1405110704483074 0.2489341517857142 0.3836928751576292 0.0001 0.8045348987240665 0.6993939598283511 0.5206946650386267 0.4737531699198063 0.553858817794028 0.9999
6 0.0839541935483871 0.0948733177296664 0.039515735228603 0.0395159085978796 0.0014360968995041 0.0031624676940748 0.0010364001983361 0.0021176853334143 0.4975374384236453 0.4166833333333333 0.2310943562610229 0.0001 0.9999 0.5192269230769231 0.2116734324758842 0.4268606949888759 0.6492592417061612 0.0177085544373284 0.6717391842532467 0.8247563892391762 0.0001 0.4122689679890224 0.3825196242472323 0.2762088548148496 0.3244412316538054 0.5456946983546617 0.5128237684449489
3 0.701425982404692 0.700369514335869 0.1092597035008765 0.1092589275622588 0.0001654949460541 0.0004828084617593 0.000265247093824 0.0002151509028773 0.6305157635467981 0.4814851851851852 0.2310943562610229 0.0001 0.9999 0.0385538461538461 0.2323686495176848 0.4237889501006463 0.7982664414641526 0.0026155077767612 0.8307982751623377 0.9999 0.0001 0.1594471562864808 0.1435929861887418 0.1414528964237912 0.3989711353205225 0.6281279341864716 0.0150799772985244
5 0.5806290322580645 0.5816103569338795 0.1515575481962066 0.1515570184288259 0.0004733211925084 0.000674212692639 0.000485576552256 0.000642804967646 0.4581364532019704 0.3935398148148148 0.6966097001763669 0.9999 0.0001 0.1154615384615384 0.773056310289389 0.0828252675071511 0.9999 0.0039876029277218 0.9999 0.9999 0.5 0.3010617711512073 0.2171782085031192 0.2121176063117852 0.4998235083472033 0.5272949664838512 0.0575232463110102
6 0.6621376539589442 0.6629282036278525 0.0925760482920008 0.0925770682432928 0.0007483999659358 0.0024925528859959 0.0015321414798082 0.0010941792558538 0.5123128078817735 0.4444555555555555 0.823568430335097 0.0001 0.9999 0.1154615384615384 0.6607395498392282 0.5640299925839602 0.2904523242916205 0.0037589204025617 0.2860614650974026 0.9999 0.9999 0.3488741085874619 0.2171782085031192 0.3361447366567262 0.8546725828415798 0.554407154174284 0.2737115550510783
0 0.0288332551319648 0.0340311878291398 0.3710034579521112 0.3710049175993654 0.0026150059284783 0.0013441275007179 0.0021380474904963 0.0032591024853069 0.2512812807881773 0.4027972222222222 0.2575440917107583 0.0001 0.9999 0.0001 0.0718300241157556 0.2316460112300031 0.3366264091963296 0.0092473010064043 0.8646794845779221 0.9999 0.9999 0.4681080447293505 0.2931790162633875 0.3709840819968535 0.8315773894184698 0.4541225228519196 0.7527303745743473
2 0.0247285043988269 0.103063604447045 0.0294816503246411 0.0294842260145776 0.0264093198299411 0.0181876998181296 0.005663318825409 0.0360967760269805 0.2020300492610837 0.4074259259259259 0.2346209876543209 0.0001 0.9999 0.0001 0.0621856511254019 0.3887286894798178 0.3277545326207522 0.1144412625800549 0.7184019277597403 0.4230923076923077 0.0001 0.6764551682470764 0.6630880711117523 0.3904696996736093 0.1636321228627629 0.4939682998171846 0.9999
6 0.7172585923753666 0.7202602106495026 0.0347219753887023 0.0347226178972169 0.0013509534696337 0.0017269359624772 0.0012016472921602 0.0017197031117841 0.3251581280788177 0.4074259259259259 0.2346209876543209 0.0001 0.9999 0.0001 0.1847495578778135 0.2480639580464032 0.5677992840576788 0.008446912168344 0.6261922889610391 0.9999 0.9999 0.4064741536445 0.2806684468645198 0.3105082372555005 0.7159501437433803 0.4686839000609384 0.3382843359818388
0 0.6205037536656891 0.6213917495611468 0.0278826264166048 0.0278836640379977 0.0009710827825198 0.0016312338470374 0.0014770591152002 0.0014054748427336 0.507387684729064 0.4120546296296296 0.816515167548501 0.0001 0.9999 0.1154615384615384 0.7420134847266882 0.3718870537133171 0.3019454371281637 0.0037589204025617 0.436295211038961 0.9999 0.9999 0.3746743420648412 0.2171782085031192 0.3322945664169817 0.848923997579059 0.5418563436928702 0.2598664245175936
5 0.624608504398827 0.6342622001170275 0.2463211072087256 0.2463213629830995 0.0010496767177847 0.0040237867330334 0.0016973885736323 0.0013129228436419 0.4138103448275862 0.4027972222222222 0.2416742504409171 0.9999 0.0001 0.1539153846153846 0.4066705988745981 0.7207949041211993 0.8684349198346275 0.0177085544373284 0.5280990868506494 0.649717843631778 0.0001 0.3822506011018494 0.3825196242472323 0.3055311879211965 0.4340677611338074 0.4628349786715418 0.7060881725312146
5 0.2293796480938416 0.2434685196021064 0.1006493437036075 0.1006496586541157 0.0009317858148873 0.0045022973102326 0.0019728003966723 0.0014850885381312 0.5517137931034483 0.5231435185185185 0.2487275132275132 0.9999 0.0001 0.1539153846153846 0.5743420418006431 0.7975885263269414 0.6175019562367652 0.0226252287282708 0.5983975243506493 0.4895985498108449 0.0001 0.3706404960370286 0.4188255129638311 0.2948023598750793 0.3085569829021031 0.6011375990249849 0.7868892622020432
1 0.0358699706744868 0.0433915155061439 0.0793860458199165 0.0793877012407703 0.0018225170812234 0.0044065951947927 0.0022482122197124 0.00238093668591 0.4236605911330049 0.3657675925925926 0.2275677248677248 0.9999 0.0001 0.1154615384615384 0.0905159967845659 0.587544729314546 0.4813993042250681 0.012677538883806 0.352403713474026 0.8685685582177386 0.9999 0.4346496467118602 0.3352174137247124 0.3626029187310682 0.759165385585313 0.4789195124923827 0.858725062429058
6 0.375391495601173 0.3780232299590403 0.048075569536557 0.0480751912338124 0.0005060686655355 0.0010570211543983 0.000485576552256 0.0006992159717522 0.4482862068965517 0.4490842592592592 0.7565624338624339 0.9999 0.0001 0.1539153846153846 0.7765724879421223 0.2119444750503231 0.7982664414641526 0.0052453568161024 0.8307982751623377 0.9999 0.0001 0.3083104081758044 0.2521140636832426 0.2121176063117852 0.3989711353205225 0.53466704448507 0.0752268558456299
6 0.0417339002932551 0.0533368636629608 0.1840350400498453 0.1840389299318818 0.0041737856445664 0.0067991480807887 0.0037354360641286 0.0053468271693852 0.4187354679802955 0.375025 0.2275677248677248 0.9999 0.0001 0.1154615384615384 0.105283942926045 0.6420946816400042 0.3583020167389331 0.0186232845379688 0.3235945413961039 0.9842452921395544 0.9999 0.5108217645974563 0.3891895243590206 0.4272576067814121 0.8207357593181016 0.4653329555149299 0.999673030646992
6 0.4135070381231672 0.4230698069046226 0.3902165454698266 0.3902168216884904 0.0019338584895154 0.0035452761558342 0.0015321414798082 0.0027304433963664 0.3793344827586207 0.4120546296296296 0.2275677248677248 0.9999 0.0001 0.6153615384615385 0.9320880024115756 0.4690177455238902 0.9560447010184532 0.016908165599268 0.572733015422078 0.8441934426229509 0.9999 0.4401782681712987 0.3755612960225019 0.3197815131378119 0.5217588994805064 0.5183997318708105 0.7678238365493757
4 0.7712067448680352 0.7705719719133997 0.1841529585317683 0.1841533053004983 0.000466771697903 0.0013441275007179 0.0011465649275522 0.0007154319790488 0.5714142857142857 0.4814851851851852 0.2205144620811287 0.0001 0.9999 0.0001 0.0462121583601286 0.5474002012925099 0.2941825451245336 0.0034158966148215 0.3912555194805194 0.9999 0.9999 0.2995465193438057 0.1721473693700191 0.3055311879211965 0.852806813940586 0.6055242900670323 0.1247061748013621
6 0.1484574193548387 0.1563004681100058 0.0174837721263676 0.0174847479479188 0.0013706019534499 0.0026839571168756 0.0015321414798082 0.0017547227871161 0.4433610837438423 0.3379953703703703 0.820041798941799 0.0001 0.9999 0.9999 0.3005824959807073 0.597925108592012 0.7176130180498135 0.0105050548947849 0.6151352475649351 0.9220467213114754 0.9999 0.4078460708214718 0.3441586852259205 0.3282800596426138 0.6410168305845565 0.4713646556977453 0.6913351645856981
2 0.0241421114369501 0.1235393212404915 0.088710386236014 0.0887238891583432 0.1087037195469463 0.0784800325452283 0.0274759352101812 0.1670895967134966 0.123228078817734 0.4907425925925926 0.3016269841269841 0.0001 0.9999 0.0001 0.0590713223472668 0.525156531412226 0.9198514772612684 0.1407397529734675 0.2004454748376623 0.3479707229928541 0.9999 0.8025077375222724 0.6993939598283511 0.5345458872425857 0.5398619004387957 0.5551382693479585 0.9999
6 0.6797294428152493 0.6816488589818607 0.022797959910327 0.0227976186059468 0.0005191676547463 0.0010570211543983 0.000485576552256 0.0006963695449395 0.4285857142857142 0.453712962962963 0.816515167548501 0.9999 0.0001 0.4230923076923077 0.619550040192926 0.1854639156690327 0.7982664414641526 0.0051310155535224 0.8307982751623377 0.9999 0.0001 0.3110337661539722 0.2521140636832426 0.2121176063117852 0.3989711353205225 0.516084533820841 0.0752268558456299
1 0.0628440469208211 0.0679623756582797 0.088859498045944 0.0888589830280761 0.0004405737194814 0.0016312338470374 0.000430494187648 0.0006076127815981 0.5024625615763547 0.4027972222222222 0.2240410934744268 0.9999 0.0001 0.1154615384615384 0.1589307676848874 0.4307798177773069 0.5346305636785318 0.0093616422689844 0.7180976055194805 0.9999 0.0001 0.2931988428533393 0.2931790162633875 0.1985011505858595 0.2671066575881374 0.5402113345521025 0.0880506242905789
6 0.6480642228739003 0.6588330602691633 0.1721619351636001 0.1721610671561627 0.0004602222032976 0.0023011486551163 0.000485576552256 0.0005888091135627 0.453211330049261 0.3703962962962963 0.2416742504409171 0.9999 0.0001 0.1539153846153846 0.3447858721864952 0.4555656213581947 0.1530390541494403 0.0193093321134492 0.9999 0.4745742328709542 0.0001 0.2980107911606283 0.3955709963578667 0.1414528964237912 0.076243541635144 0.4935418159658745 0.0989451532349602
2 0.557759706744868 0.5599645991808074 0.0376659323675025 0.0376657233420496 0.0006174100738275 0.0009613190389585 0.000595741281472 0.0012265812303233 0.6945423645320198 0.671262037037037 0.2822305114638447 0.0001 0.9999 0.0001 0.6172394091639871 0.2013522512978069 0.9999 0.0066174519670631 0.9076903612012988 0.9999 0.5 0.3292577405943433 0.2521140636832426 0.2348664780332026 0.4998235083472033 0.7816621206581352 0.0989451532349602
6 0.4956020527859237 0.4991224692802808 0.0141917592234589 0.014192508802117 0.0007614989551466 0.0023011486551163 0.0014770591152002 0.0012255461660278 0.6009650246305419 0.4861138888888889 0.2557807760141093 0.0001 0.9999 0.0001 0.7542698754019292 0.6460138044284353 0.5415869214480186 0.008446912168344 0.4724081168831168 0.8382047288776796 0.9999 0.3506146005283962 0.2806684468645198 0.3152505201117712 0.7290105260503355 0.6139930408287629 0.3605273325766175
2 0.0253148973607038 0.1147640140433001 0.053257435993316 0.0532613632511843 0.0397702888249821 0.0196232315497271 0.0071505426698253 0.0540963716154822 0.2217305418719211 0.4074259259259259 0.2310943562610229 0.0001 0.9999 0.0001 0.0636925844051446 0.4206112829748914 0.4026613996168196 0.1305633806038426 0.758572463474026 0.4704766918873476 0.0001 0.7129645462551457 0.6832780390177059 0.4241352126235705 0.2010987794421747 0.4914093967093235 0.9999
0 0.105064340175953 0.1106688706846108 0.0981869192845607 0.0981880080437761 0.0018290665758288 0.0021097444242366 0.0015872238444162 0.0021957464323686 0.2414310344827586 0.4120546296296296 0.7036629629629629 0.0001 0.9999 0.3077307692307692 0.2213178054662379 0.3405340714058693 0.4958161036603812 0.0082182296431838 0.6029623579545454 0.9999 0.9999 0.4349977451000471 0.3047882478093108 0.3398540470096508 0.7519544409139053 0.4387081779402803 0.5973698524404086
0 0.0241421114369501 0.0293510239906378 0.968297076639004 0.9682988173455168 0.0033681978081007 0.003066765578635 0.0029642829596165 0.0040910354128368 0.2414310344827586 0.4166833333333333 0.2310943562610229 0.0001 0.9999 0.0001 0.0607791800643086 0.2891617862061659 0.2390357668649793 0.0093616422689844 0.3850676339285713 0.9999 0.9999 0.4912873021074406 0.2931790162633875 0.4049078380726512 0.8803899379633833 0.4413889335770871 0.9197798183881952
6 0.2235157184750733 0.2463936220011702 0.199960042713364 0.1999589799774562 0.0006239595684329 0.0041194888484732 0.000265247093824 0.0009721279243396 0.2857571428571428 0.6990342592592592 0.2593074074074074 0.0001 0.9999 0.0001 0.557263464630225 0.0723389659921601 0.0375030251083997 0.0349740850869167 0.9999 0.4745742328709542 0.0001 0.3303429885104553 0.4841184270311204 0.0707647098879939 0.0184551318908559 0.6008329677026204 0.0845325993189557
5 0.9025587683284456 0.9080517846693974 0.0477590920432704 0.0477596384491511 0.0017897696081963 0.0022054465396764 0.0011465649275522 0.0019644095623183 0.2562064039408867 0.3379953703703703 0.820041798941799 0.9999 0.0001 0.1539153846153846 0.1616432475884244 0.2493350248967051 0.8486748310981143 0.0098190073193046 0.7039973417207793 0.9999 0.9999 0.432970583898253 0.3352174137247124 0.3055311879211965 0.5754627881172139 0.3997153686776355 0.5035180249716231
6 0.3173385923753666 0.3329766530134581 0.2290199011258729 0.2290208754077508 0.0035515836570522 0.0044065951947927 0.0018075533028483 0.005088837393725 0.4482862068965517 0.4444555555555555 0.2240410934744268 0.9999 0.0001 0.1154615384615384 0.8028935892282959 0.4555656213581947 0.9054346778259554 0.0253694190301921 0.6762025771103896 0.9014539512400168 0.0001 0.4961402031662809 0.4342203634921208 0.3434224974757555 0.45252374539769 0.5221162340036564 0.982650329171396
2 0.2868461583577713 0.292610239906378 0.0038612991931483 0.0038619868718573 0.001704626178326 0.0015355317315975 0.0012016472921602 0.0021201867387951 0.2118802955665024 0.4259407407407407 0.2575440917107583 0.0001 0.9999 0.0001 0.7156923834405146 0.2287861108168238 0.7118664616315419 0.0108480786825251 0.8806056818181818 0.9999 0.9999 0.4284043521002723 0.3156043020446432 0.3105082372555005 0.6438911232158168 0.4555847531992687 0.4565353688989784
2 0.0229693255131964 0.1089138092451726 0.1332895800068238 0.1333023244953688 0.0744564122552455 0.0610622475351775 0.0214168751033 0.1121862500090586 0.1527788177339901 0.4814851851851852 0.3086802469135802 0.0001 0.9999 0.0001 0.0559569935691318 0.6167792668714908 0.8374841685993748 0.1215304208600182 0.2251970170454545 0.436645712484237 0.9999 0.7688240993712496 0.677184995131802 0.5295688379082819 0.5810600948201946 0.5442324680073126 0.9999
2 0.0241421114369501 0.1276344645991808 0.0452265018913486 0.0452413007874297 0.1172377110177985 0.0681442040777256 0.0247218169797807 0.1861025202473194 0.1035275862068965 0.4907425925925926 0.3051536155202821 0.0001 0.9999 0.0001 0.0589708601286173 0.5486712681428118 0.8818435514772613 0.1462281335773101 0.2430505884740259 0.4300266078184111 0.9999 0.8092239887767015 0.7055591107424903 0.5428096672693545 0.558872572754325 0.5733552224253504 0.9999
3 0.2850869794721407 0.2861750146284377 0.1245504418282515 0.1245496435088662 0.0001916929244757 0.000674212692639 0.000265247093824 0.0002562947086246 0.5369384236453202 0.4768564814814814 0.2310943562610229 0.0001 0.9999 0.0385538461538461 0.7192085610932476 0.4540827100328424 0.5677992840576788 0.004330626715462 0.8730990665584416 0.9999 0.0001 0.1850221496303274 0.1962671703148101 0.1414528964237912 0.2836968729510263 0.6128354418037782 0.0221160272417707
5 0.0417339002932551 0.0480716793446459 0.0857779823416608 0.0857809377544109 0.003007975604803 0.0040237867330334 0.0029092005950085 0.0042386183303074 0.4729118226600985 0.4166833333333333 0.1429285714285714 0.0001 0.9999 0.0001 0.1092019694533762 0.4536590210827418 0.2825886155087224 0.0115341262580054 0.3393178571428571 0.9999 0.9999 0.4809467323407131 0.3156043020446432 0.4029592763049757 0.8586058253896204 0.5141958196221816 0.9548465834279228
6 0.1924368914956011 0.1937417788180222 0.0244056101214171 0.0244051894434991 0.0003030343327677 0.000674212692639 0.000430494187648 0.0004067240529078 0.5024625615763547 0.4490842592592592 0.8129885361552028 0.9999 0.0001 0.4230923076923077 0.3904961816720257 0.3459361055196525 0.9999 0.0030728728270814 0.8730990665584416 0.9999 0.5 0.2493998750691216 0.1962671703148101 0.1985011505858595 0.4998235083472033 0.5483754539914686 0.0420893303064699
1 0.6504097947214076 0.6518128145114102 0.0897120386575742 0.089712908759963 0.0009383353094927 0.0019183401933569 0.0014770591152002 0.001384946067539 0.5369384236453202 0.4120546296296296 0.2346209876543209 0.0001 0.9999 0.5192269230769231 0.3576450361736334 0.4473036868312322 0.3546726126852879 0.0059314043915827 0.420267573051948 0.9594499159310635 0.9999 0.3713162164376267 0.2356015542173019 0.3282800596426138 0.822551102032582 0.5540415965874467 0.2894859250851305
5 0.0399747214076246 0.0445615564657694 0.2968247226839887 0.2968245194349142 0.0010234787393631 0.0013441275007179 0.0008711531045121 0.0011301477401234 0.2759068965517241 0.4120546296296296 0.2416742504409171 0.9999 0.0001 0.6153615384615385 0.1002608319935691 0.2178761203517321 0.7982664414641526 0.008446912168344 0.7970185064935066 0.9999 0.9999 0.3797934360087657 0.2806684468645198 0.2762088548148496 0.6006758813738842 0.4052596587446679 0.2132242224744608
1 0.0047911436950146 0.0082902867173785 0.1762625099366772 0.1762628682545092 0.0008007959227791 0.0020140423087967 0.0011465649275522 0.0010525179179588 0.4433610837438423 0.3657675925925926 0.2275677248677248 0.9999 0.0001 0.1154615384615384 0.011954541800643 0.4820461807394851 0.4958161036603812 0.0068461344922232 0.4465407264610389 0.9999 0.9999 0.3556517889692179 0.2521140636832426 0.3055311879211965 0.7519544409139053 0.4925669957343083 0.2462482633371168
6 0.1208969501466275 0.1264644236395553 0.0102248921477158 0.0102251083894513 0.000768048449752 0.0026839571168756 0.0010364001983361 0.0011118616042357 0.5320133004926109 0.4074259259259259 0.238147619047619 0.0001 0.9999 0.6153615384615385 0.303998211414791 0.5347954550270156 0.9326552082282948 0.0101620311070448 0.4752484577922077 0.8247563892391762 0.9999 0.3514746083109755 0.3047882478093108 0.2762088548148496 0.5334577747516014 0.5477661913467398 0.2632709648127128
6 0.0036183577712609 0.0077052662375658 0.0305756504012148 0.0305765300399785 0.0010365777285739 0.0011527232698382 0.0013668943859842 0.0015809182408255 0.5467886699507389 0.453712962962963 0.8112252204585537 0.0001 0.9999 0.6153615384615385 0.0072328175241157 0.4775974467634283 0.4537755067056569 0.0058170631290027 0.8437826907467533 0.9999 0.9999 0.3810424949310832 0.2670402185280012 0.3241246929814262 0.7729821606899682 0.5712228031687995 0.3605273325766175
6 0.0517025806451613 0.0597720889409011 0.0352431735383907 0.0352426599772836 0.0005060686655355 0.0019183401933569 0.000540658916864 0.0006488428427032 0.4630615763546798 0.3796537037037037 0.2346209876543209 0.0001 0.9999 0.6153615384615385 0.1300981109324758 0.4316271956775082 0.3277545326207522 0.0134779277218664 0.8549411728896104 0.649717843631778 0.0001 0.3083104081758044 0.3441586852259205 0.1827952732054382 0.1636321228627629 0.4912266179159049 0.1090452894438138
6 0.1390751319648094 0.151035283791691 0.0069085407469053 0.0069129209470356 0.0047632401590535 0.0074690628888676 0.0043413420748168 0.0057093584388936 0.3941098522167487 0.3055944444444444 0.820041798941799 0.0001 0.9999 0.9999 0.2814946744372991 0.6209102341349719 0.3569913986084501 0.0153073879231473 0.3065524959415584 0.8786548129466163 0.9999 0.5228004444262395 0.3955709963578667 0.4318120764552562 0.821391299742775 0.4346261182205972 0.999786515323496
3 0.7207769501466276 0.7185051492100644 0.0168541290240027 0.0168534113172453 0.0001261979784216 0.0001957021154398 0.000210164729216 0.0001403675075255 0.5270881773399015 0.4768564814814814 0.2310943562610229 0.0001 0.9999 0.0385538461538461 0.1865578778135048 0.3531388176713635 0.9999 0.0009003888380603 0.9999 0.9999 0.5 0.0978132652016302 0.0635902383614006 0.1121070866696409 0.4998235083472033 0.5690294576477758 0.0057742338251986
5 0.9371559530791788 0.9396428905792862 0.1204685060314157 0.1204684838911859 0.0009055878364657 0.001248425385278 0.0008160707399041 0.0011175544578611 0.3596339901477832 0.4074259259259259 0.8129885361552028 0.9999 0.0001 0.1154615384615384 0.0929270900321543 0.2712609280644136 0.8558328224261369 0.006503110704483 0.8549411728896104 0.9999 0.9999 0.3678352325557582 0.2806684468645198 0.2691658604738535 0.5718825288747668 0.4581436563071298 0.1942722814982974
5 0.7395415249266862 0.7424909888823873 0.1222177200372638 0.1222176953367422 0.0007549494605412 0.0022054465396764 0.0008711531045121 0.0012397783000913 0.5812645320197044 0.5185148148148148 0.7459825396825397 0.9999 0.0001 0.2308230769230769 0.4592123392282958 0.4162684712363598 0.8558328224261369 0.0067317932296431 0.4926962662337661 0.9298215426649852 0.9999 0.3497545927458169 0.2806684468645198 0.2691658604738535 0.5718825288747668 0.6277623765996343 0.1942722814982974
2 0.0217965395894428 0.1141789935634874 0.1097695796278068 0.1097814342967335 0.0922317406143344 0.0645075236910117 0.0249421464382127 0.1417171518925968 0.1281532019704433 0.4814851851851852 0.3051536155202821 0.0001 0.9999 0.0001 0.0532445136655948 0.5118103294840556 0.9639084098013512 0.1306777218664226 0.2289503246753246 0.339775641025641 0.9999 0.7878876052184242 0.6881813169377231 0.5225258435672858 0.5178256569324658 0.55495549055454 0.9999
6 0.9459518475073314 0.9495882387361032 0.2480107843193899 0.2480112686819657 0.0009841817717306 0.0029710634631951 0.0014219767505922 0.0014032322034266 0.507387684729064 0.4120546296296296 0.820041798941799 0.0001 0.9999 0.1154615384615384 0.0772549839228295 0.6086232545820532 0.6054039427246144 0.0078752058554437 0.4292957995129869 0.9158478772593528 0.9999 0.3759848301144858 0.3047882478093108 0.3197815131378119 0.6971411761739043 0.5330829616087751 0.4698130760499433
6 0.4469314369501466 0.4505657694558221 0.116602535893177 0.1166026734523958 0.0010627757069956 0.0014398296161577 0.0009262354691201 0.0014772393005568 0.4679866995073891 0.4074259259259259 0.7565624338624339 0.9999 0.0001 0.1539153846153846 0.9246537982315112 0.2373658120563619 0.7478580518301906 0.0066174519670631 0.7462981331168832 0.9999 0.9999 0.3834587072726156 0.2806684468645198 0.2827823161997792 0.6258889746305544 0.5174858379037173 0.2328570715096481
3 0.7278136656891496 0.7278654768870684 0.0609662701008994 0.0609655648484766 0.0002047919136865 0.0005785105771991 0.000320329458432 0.0002783760802625 0.6009650246305419 0.4814851851851852 0.2275677248677248 0.0001 0.9999 0.0385538461538461 0.1601363143086816 0.3783483102023519 0.5677992840576788 0.004330626715462 0.9999 0.7897696931483817 0.0001 0.1955060540274848 0.1962671703148101 0.1414528964237912 0.2836968729510263 0.6124089579524681 0.0221160272417707
2 0.0241421114369501 0.1305595669982445 0.1010182722002836 0.1010299086169845 0.0800693291320839 0.0589568009955011 0.0205355572695719 0.1207183712524471 0.1330783251231527 0.4814851851851852 0.3086802469135802 0.0001 0.9999 0.0001 0.0588703979099678 0.6378577921389977 0.886077856206514 0.150115736505032 0.2913363839285713 0.415212421185372 0.0001 0.7752946341163701 0.7098134254083878 0.5206946650386267 0.442892343773642 0.5445980255941499 0.9999
0 0.919564164222874 0.9238473376243418 0.0430639185239846 0.0430694781313689 0.0050776159001133 0.0059378290418301 0.0047820009916808 0.0068456002693085 0.4335108374384236 0.4027972222222222 0.8306216931216931 0.0001 0.9999 0.1923692307692307 0.1362263062700964 0.4263310838012501 0.1696738227286477 0.008446912168344 0.227022950487013 0.987712442202606 0.9999 0.5285747823949863 0.3156043020446432 0.4530584427172611 0.9150831542845616 0.4895206825106643 0.9981977298524404
1 0.7864529618768329 0.7857825043885313 0.0908147420577648 0.0908147633211945 0.0004209252356652 0.0015355317315975 0.0008160707399041 0.0004664990159745 0.2512812807881773 0.3703962962962963 0.2310943562610229 0.9999 0.0001 0.1154615384615384 0.0163748794212218 0.4162684712363598 0.4238329232630836 0.0034158966148215 0.3434769277597402 0.9999 0.9999 0.2881207016609662 0.1721473693700191 0.2691658604738535 0.7879587380844304 0.4193336258379037 0.0797662429057888
2 0.0241421114369501 0.1077437682855471 0.1685693110033788 0.168580848546888 0.0651037339587168 0.0597224179190198 0.0230693460415404 0.0978790737841342 0.192179802955665 0.4768564814814814 0.3086802469135802 0.0001 0.9999 0.0001 0.0588703979099678 0.6257826570611293 0.8899088938186953 0.1183288655077767 0.2240811688311688 0.3639406263135771 0.9999 0.7568658959182419 0.6729667339800225 0.5206946650386267 0.5548384778332578 0.5430748689823278 0.9999
5 0.3378623460410557 0.3388268578115857 0.3257860717964457 0.3257855180753854 0.0004798706871139 0.0009613190389585 0.0006508236460801 0.0006724768107844 0.5024625615763547 0.4166833333333333 0.7424559082892417 0.9999 0.0001 0.1539153846153846 0.7023309083601286 0.2339763004555567 0.6333301905818292 0.0033015553522415 0.6310614448051948 0.9999 0.9999 0.3025565465828332 0.1962671703148101 0.2445858102237772 0.683173122509709 0.5457556246191346 0.0718223155505107
5 0.133211202346041 0.1475251609128145 0.1223219288589763 0.1223216729445754 0.0009121373310711 0.0047894036565521 0.0020278827612803 0.0014542953753393 0.5517137931034483 0.513886111111111 0.2487275132275132 0.9999 0.0001 0.1539153846153846 0.3335341036977491 0.6409295370272275 0.3741302510839972 0.0226252287282708 0.5622846185064936 0.2703275746111811 0.0001 0.3685519057079076 0.4188255129638311 0.2445858102237772 0.1868281686588994 0.6019905667276051 0.4641388422247446
6 0.5976344281524927 0.6032561146869514 0.170939541808538 0.1709387526107452 0.0004078262464543 0.0015355317315975 0.000320329458432 0.0005823399617156 0.5320133004926109 0.4768564814814814 0.2452008818342151 0.9999 0.0001 0.1539153846153846 0.4869399115755626 0.4105486704100011 0.3067846425330241 0.0117628087831655 0.940252840909091 0.9999 0.0001 0.2845578122759948 0.32569928599762 0.1642017681452086 0.1531434760679881 0.5668970383912249 0.0752268558456299
6 0.7864529618768329 0.8220537741369222 0.2147892738273603 0.2147882664066347 0.0012199635775254 0.0064163396190293 0.0006508236460801 0.0019425869567543 0.3202330049261083 0.6342324074074075 0.820041798941799 0.9999 0.0001 0.1154615384615384 0.3361461213826367 0.1611018010382455 0.0361924069779167 0.0443500686184812 0.9999 0.2357611391340899 0.0001 0.3967273987752678 0.552259568713714 0.1121070866696409 0.0177995914661824 0.5940701523461304 0.2530573439273552
2 0.0241421114369501 0.4277499707431246 0.0444050775871625 0.0444179521742908 0.1286469306204267 0.0753218627357136 0.0294589003360696 0.2012535326391723 0.1084527093596059 0.4907425925925926 0.3051536155202821 0.0001 0.9999 0.0001 0.0589708601286173 0.8929185400995869 0.2532509327417566 0.5651745196706311 0.8788811891233766 0.3034230979403111 0.0001 0.8174964445900834 0.9160034726479392 0.5295688379082819 0.1263671710294043 0.5650083241925655 0.9999
6 0.7594788856304985 0.7629667056758338 0.312440333746015 0.3124407238042648 0.000990731266336 0.0023011486551163 0.0014219767505922 0.0007107741897189 0.1035275862068965 0.1945055555555555 0.2134611992945326 0.0001 0.9999 0.0001 0.0596740956591639 0.570491249072995 0.5615486437430676 0.0093616422689844 0.5129844155844155 0.9158478772593528 0.9999 0.3766400741393081 0.2931790162633875 0.3197815131378119 0.7190765673072074 0.2522738086532602 0.4263484449489217
2 0.0300060410557184 0.098383440608543 0.0242850729403528 0.0242877332568726 0.0241300957072576 0.0166564659710921 0.0049472480855049 0.0328425338818431 0.2266556650246305 0.4027972222222222 0.2346209876543209 0.0001 0.9999 0.0001 0.0754466639871382 0.3755943320266977 0.3833045779973782 0.100148604757548 0.6868538555194806 0.5040975409836066 0.0001 0.6684079525672272 0.6425015145505031 0.392653027919318 0.1914169516316134 0.4919577330895795 0.9999
6 0.0692943695014662 0.076737682855471 0.1900719117762499 0.1900716337179168 0.0006108605792221 0.0021097444242366 0.0007609883752961 0.0009435774008546 0.5566389162561576 0.4768564814814814 0.2310943562610229 0.9999 0.0001 0.1154615384615384 0.1747033360128617 0.6438953596779321 0.7033978521730362 0.012677538883806 0.7352410917207792 0.9191048970155528 0.0001 0.3281520163024556 0.3352174137247124 0.2534599830934322 0.3515200938114692 0.5962025716026813 0.2530573439273552
5 0.4064703225806451 0.4101993563487419 0.0533328391244738 0.0533350718220706 0.0016522302214827 0.0027796592323154 0.0024134593135364 0.0024387277757436 0.4926123152709359 0.4120546296296296 0.2346209876543209 0.0001 0.9999 0.5192269230769231 0.9677520900321545 0.5570391249072996 0.2797657456892206 0.008446912168344 0.3912555194805194 0.9754198192517864 0.9999 0.4254762303643476 0.2806684468645198 0.3811964237912977 0.8600177586119938 0.5444152468007312 0.7653271736662883
5 0.624608504398827 0.6313370977179638 0.2329258449362985 0.232925735214816 0.001102072674628 0.0024925528859959 0.0009813178337281 0.0013632959726909 0.4088852216748768 0.4120546296296296 0.2416742504409171 0.9999 0.0001 0.1539153846153846 0.4140043408360128 0.4512228096196631 0.8318384289603712 0.0134779277218664 0.6617979910714286 0.8763433795712484 0.0001 0.3869601675302599 0.3441586852259205 0.2762088548148496 0.4157630554294649 0.4568642047531993 0.3717623155505108
5 0.3583860997067448 0.3633977179637214 0.0357049888340213 0.0357064771286702 0.0015474383077961 0.0028753613477553 0.0018075533028483 0.0023038243958932 0.5221630541871921 0.4305694444444444 0.7036629629629629 0.9999 0.0001 0.1154615384615384 0.7550735731511253 0.5320414768513614 0.4328056166179288 0.0082182296431838 0.4435989448051947 0.9999 0.9999 0.4193128412558625 0.3047882478093108 0.3534470260877733 0.7834708074847431 0.5501423156611822 0.6882710783200909
2 0.6029119648093841 0.6132014628437683 0.0277652470786226 0.0277663618922718 0.0033878462919169 0.0022054465396764 0.0015321414798082 0.0060880194603406 0.2365059113300492 0.7036629629629629 0.2822305114638447 0.0001 0.9999 0.0001 0.4854329782958199 0.235459211780909 0.8878925582333368 0.0181659194876486 0.9999 0.9999 0.9999 0.4918196878776086 0.3891895243590206 0.3361447366567262 0.5558470015635246 0.657433467397928 0.8969693984108967
2 0.0241421114369501 0.1200291983616149 0.1371612496667231 0.1371652851774998 0.0437196340720457 0.0253653584761175 0.0072607073990413 0.0592404686535364 0.2020300492610837 0.4027972222222222 0.2310943562610229 0.0001 0.9999 0.0001 0.0607791800643086 0.4323686513401844 0.3937895230412423 0.139825022872827 0.6261922889610391 0.4865516603614964 0.0001 0.7214008130747332 0.6938777721683315 0.4288070655364313 0.1966612750290008 0.4895206825106643 0.9999
5 0.5917704985337243 0.5944808074897601 0.0817763789920136 0.0817761054029252 0.0005322666439572 0.001248425385278 0.000595741281472 0.000736909563181 0.4729118226600985 0.4398268518518519 0.7001363315696649 0.9999 0.0001 0.1154615384615384 0.7473379823151126 0.4045111028710668 0.9082575476454572 0.0061600869167429 0.7825124797077921 0.9999 0.0001 0.3136956950048129 0.2670402185280012 0.2348664780332026 0.4539861048065769 0.5338140767824497 0.1116554370034052
6 0.7442326686217009 0.7559464599180807 0.0284449535469248 0.0284590068013417 0.0162183062239196 0.01790059347181 0.0117223789322902 0.0256680719727544 0.2069551724137931 0.4907425925925926 0.2222777777777777 0.0001 0.9999 0.1154615384615384 0.0847896503215434 0.5638181481089098 0.1313634466068367 0.0212531335773101 0.1311614448051948 0.915637746952501 0.9999 0.6329223933479428 0.4076489235873211 0.537715234696034 0.9342451051596308 0.5727459597806216 0.9999
6 0.1449390615835777 0.1568854885898186 0.0183797523355187 0.0183802647229389 0.001626032243061 0.0033538719249545 0.0012567296567682 0.0026584201724693 0.5861896551724137 0.4861138888888889 0.2346209876543209 0.0001 0.9999 0.0001 0.3649787781350482 0.5353250662146414 0.757939729756983 0.0194236733760292 0.689897077922078 0.8565911307271964 0.0001 0.4239814549327217 0.3955709963578667 0.3002958954610562 0.3788006607151863 0.6052805850091407 0.7273098070374575
1 0.0552209384164222 0.0597720889409011 0.0142851081457911 0.0142868588536694 0.0014295474048986 0.003066765578635 0.0020278827612803 0.002054805177461 0.4827620689655172 0.4074259259259259 0.2240410934744268 0.9999 0.0001 0.1154615384615384 0.13964202170418 0.5423159338913021 0.3374329434304729 0.008561253430924 0.3543310876623375 0.970691887347625 0.9999 0.4118184877219571 0.2806684468645198 0.3626029187310682 0.831173979926363 0.5314379524680073 0.6444659931895572
6 0.0135870381231671 0.0229157987126974 0.2294900346423054 0.2294901610111048 0.0012003150937092 0.0039280846175935 0.0011465649275522 0.0017809444159361 0.5270881773399015 0.4074259259259259 0.2416742504409171 0.0001 0.9999 0.0001 0.0339557676848874 0.5591575696578028 0.8990832207320762 0.0151930466605672 0.4685533685064935 0.8948348465741909 0.0001 0.3951711942163147 0.3606351411777433 0.2948023598750793 0.4493973218338629 0.5520919561243144 0.5404005448354142
6 0.7829346041055718 0.973574078408426 0.1683763744931129 0.1683754350060796 0.0052937492220919 0.0317774002105867 0.0034600242410886 0.0083063347563713 0.3793344827586207 0.6018314814814815 0.820041798941799 0.9999 0.0001 0.1154615384615384 0.028631270096463 0.2163932090263799 0.0008057174548754 0.2234084858188472 0.9999 0.0001 0.0001 0.5323629119134905 0.8009927626122391 0.1121070866696409 0.0001 0.5705526142595978 0.9891189557321228
2 0.0006863929618768 0.1276344645991808 0.0370203460086007 0.0370364662635328 0.1478042023412576 0.0955150090935196 0.0333697482232383 0.2340119375068802 0.1330783251231527 0.5231435185185185 0.3051536155202821 0.0001 0.9999 0.0001 0.0015064710610932 0.572397849348448 0.9953632449329436 0.1789297346752058 0.2098794642857142 0.3347325136612021 0.9999 0.8298436991828293 0.7368175074826007 0.5509325874093033 0.5020926867403036 0.5717711395490556 0.9999
3 0.5730059237536657 0.5716650087770626 0.1005977399264106 0.1005971307070474 0.0001654949460541 0.0003871063463195 0.00037541182304 0.0002132532850022 0.61574039408867 0.4907425925925926 0.2310943562610229 0.0001 0.9999 0.0385538461538461 0.5578662379421223 0.5297111876258078 0.66387767470001 0.0018151189387008 0.7970185064935066 0.9999 0.9999 0.1594471562864808 0.1086571310086185 0.1827952732054382 0.667893987996167 0.6194154783668494 0.0185980022701475
6 0.9019723753665688 0.903956641310708 0.0603784491642329 0.0603783609357946 0.0007418504713304 0.0011527232698382 0.0007059060106881 0.0008942393361011 0.3793344827586207 0.3379953703703703 0.7495091710758378 0.9999 0.0001 0.1539153846153846 0.1253763866559485 0.2568555037609916 0.9159196228698194 0.0060457456541628 0.8437826907467533 0.9999 0.9999 0.3479936244291068 0.2670402185280012 0.2534599830934322 0.5418285217128158 0.4496139792809263 0.1410479682179341
5 0.0370427565982404 0.0404664131070801 0.3036006837327533 0.3036002395044807 0.0006436080522492 0.0009613190389585 0.0007059060106881 0.0009145093452219 0.4679866995073891 0.4444555555555555 0.7424559082892417 0.9999 0.0001 0.1539153846153846 0.076953597266881 0.3090751668608963 0.8318384289603712 0.0053596980786825 0.9076903612012988 0.9999 0.9999 0.3335373031314641 0.2521140636832426 0.2534599830934322 0.5838839612649417 0.5422219012797075 0.1247061748013621
2 0.0640168328445748 0.1036486249268578 0.1434552930529193 0.1434583180853692 0.0121576195685639 0.0162736575093328 0.0047269186270728 0.019931141859437 0.5664891625615763 0.453712962962963 0.2275677248677248 0.0001 0.9999 0.0001 0.1616432475884244 0.5572509693823499 0.7478580518301906 0.0591000914913083 0.4126595170454545 0.616727385456074 0.0001 0.6071221598705633 0.561200840214922 0.4068094465447202 0.3737580420638523 0.5938873735527117 0.9999
6 0.4944292668621701 0.4961973668812171 0.0001 0.0001 0.0007287514821195 0.001248425385278 0.0007059060106881 0.0008561144678826 0.4039600985221674 0.3009657407407407 0.2275677248677248 0.0001 0.9999 0.0001 0.7469361334405145 0.0981839919482996 0.7478580518301906 0.0059314043915827 0.6376550933441559 0.9999 0.9999 0.3461917033608455 0.2356015542173019 0.2534599830934322 0.6258889746305544 0.437306873857404 0.1090452894438138
2 0.5260944868035191 0.5283734932709186 0.0688017260140225 0.0688015484361412 0.0007483999659358 0.0009613190389585 0.0006508236460801 0.0015240759599294 0.7290182266009853 0.671262037037037 0.2822305114638447 0.0001 0.9999 0.0001 0.6953990152733119 0.0867443902955821 0.9082575476454572 0.0066174519670631 0.9076903612012988 0.9999 0.9999 0.3488741085874619 0.2521140636832426 0.2445858102237772 0.5456609118878298 0.7892779037172456 0.1116554370034052
4 0.7782434604105573 0.77700719719134 0.1265058398811982 0.1265082735586437 0.0010300282339685 0.0018226380779171 0.0026337887719684 0.0015681524478473 0.5418635467980296 0.4398268518518519 0.2240410934744268 0.0001 0.9999 0.0001 0.0327502210610932 0.3961432461065791 0.1013200463849954 0.0026155077767612 0.2390943993506493 0.9775211223203026 0.9999 0.3804282036578122 0.1435929861887418 0.3904696996736093 0.9492721087406062 0.5703089092017063 0.2984512145289444
6 0.7641700293255133 0.7670618490345231 0.747307135657031 0.7473087376996846 0.0023595756388672 0.0040237867330334 0.0028541182304005 0.0033526895486941 0.4679866995073891 0.4166833333333333 0.238147619047619 0.0001 0.9999 0.0001 0.0694189308681672 0.4076887699968217 0.2491174447917717 0.008446912168344 0.2686136566558441 0.9175289197141656 0.9999 0.4586274827452024 0.2806684468645198 0.392653027919318 0.8753473193120493 0.5201665935405241 0.8311482860385925
2 0.0229693255131964 0.1241243417203042 0.1691391861488709 0.1691425586905383 0.0389450525047002 0.0297676557863501 0.0092436725249297 0.0530842512451726 0.1872546798029556 0.4074259259259259 0.2275677248677248 0.0001 0.9999 0.0001 0.0578657757234726 0.4575781438711728 0.3277545326207522 0.1476002287282708 0.5609658887987014 0.3204436527952921 0.0001 0.7111011960595572 0.7020619198730664 0.4158244793011952 0.1636321228627629 0.4924451432053626 0.9999
6 0.9371559530791788 0.937887829139848 0.2254091771333513 0.225411003925131 0.0011937655991038 0.0031624676940748 0.0024134593135364 0.0016028271017475 0.4187354679802955 0.3842824074074074 0.8112252204585537 0.9999 0.0001 0.1539153846153846 0.0953381832797427 0.5621233923085073 0.2185699606735908 0.004444967978042 0.2540061891233766 0.9265645229087852 0.9999 0.3946592848219223 0.2356015542173019 0.3762193744569939 0.8906264538255915 0.4971973918342474 0.5404005448354142
0 0.8814486217008797 0.8811408425980105 0.0684277911807526 0.068427691170643 0.0005191676547463 0.0007699148080788 0.0007059060106881 0.0006498779069988 0.4285857142857142 0.375025 0.7142428571428572 0.9999 0.0001 0.2308230769230769 0.1502910168810289 0.2270913550164212 0.5797964807905617 0.0033015553522415 0.7744986607142857 0.9999 0.9999 0.3110337661539722 0.1962671703148101 0.2534599830934322 0.7099494275482927 0.4772135770871419 0.0797662429057888
6 0.7213633431085045 0.7255253949678174 0.0062663432927746 0.0062686448807207 0.0019142100056992 0.0054593184646309 0.0028541182304005 0.0031327383858946 0.5812645320197044 0.4814851851851852 0.298100352733686 0.0001 0.9999 0.3077307692307692 0.2189067122186495 0.556721358194724 0.3277545326207522 0.0098190073193046 0.2303704951298701 0.8144600042034468 0.9999 0.4392363548856166 0.3047882478093108 0.3811964237912977 0.8360148938316437 0.6035137233394272 0.8529373439273553
5 0.1642900293255131 0.1685858981860737 0.226538683689459 0.2265382752349439 0.0008073454173845 0.0013441275007179 0.0006508236460801 0.0011032360684397 0.4088852216748768 0.4444555555555555 0.816515167548501 0.9999 0.0001 0.0770076923076923 0.3330317926045016 0.1766723699544443 0.9159196228698194 0.006503110704483 0.7970185064935066 0.9999 0.0001 0.3564708440002457 0.2806684468645198 0.2445858102237772 0.4578184949815908 0.51352563071298 0.1410479682179341
2 0.0229693255131964 0.1299745465184318 0.0537037701557875 0.0537177094188969 0.1184428180251944 0.0778101177371494 0.0294589003360696 0.1864201124753303 0.1330783251231527 0.513886111111111 0.3051536155202821 0.0001 0.9999 0.0001 0.0560574557877813 0.5317237101387859 0.9635051426842794 0.1511448078682525 0.2185019277597402 0.330950168137873 0.9999 0.8101454256866077 0.7106426562330965 0.5371987484443609 0.5180273616785191 0.5684811212675198 0.9999
6 0.357799706744868 0.3633977179637214 0.0403301506615579 0.0403303228387898 0.00121341408292 0.0013441275007179 0.0009262354691201 0.0018032845536479 0.4975374384236453 0.4166833333333333 0.2822305114638447 0.0001 0.9999 0.0001 0.8837656752411577 0.2496527916092806 0.9999 0.0107337374199451 0.9999 0.9342342791088692 0.5 0.3962154893808753 0.3156043020446432 0.2762088548148496 0.4998235083472033 0.552823071297989 0.2894859250851305
6 0.1906777126099706 0.22299280280866 0.0387378275425009 0.0387590286333037 0.0400519170930148 0.0239298267445199 0.0167348741116191 0.0566543605111617 0.4285857142857142 0.4444555555555555 0.2222777777777777 0.0001 0.9999 0.9999 0.482720498392283 0.6853109545502702 0.2017335585358475 0.0490380603842634 0.2279359172077922 0.9478927490542244 0.9999 0.7135993139041923 0.5326464570336448 0.5774846760748585 0.8990476269733192 0.5110885801340646 0.9999
6 0.1238289149560117 0.3575475131655939 0.1749679483141024 0.174968000444959 0.0214120554460115 0.0398163779075332 0.0058836482838411 0.0298835438270047 0.438435960591133 0.4166833333333333 0.2275677248677248 0.0001 0.9999 0.0001 0.312738424437299 0.5257920648373768 0.0316556519108601 0.3390075022872826 0.968250487012987 0.1077917822614544 0.0001 0.6577397607880885 0.8312777144711693 0.2827823161997792 0.0155304130730821 0.5045694698354661 0.9999
1 0.0217965395894428 0.0258409011117612 0.1157309712024906 0.1157320342828054 0.0012527110505525 0.0023011486551163 0.0015872238444162 0.0016977942508621 0.453211330049261 0.3657675925925926 0.2275677248677248 0.9999 0.0001 0.1154615384615384 0.0549523713826366 0.4471977645937069 0.3878413330644348 0.0076465233302836 0.4318318181818181 0.9999 0.9999 0.3992664693714544 0.2670402185280012 0.3398540470096508 0.8059608866696929 0.5014622303473492 0.4433711464245176
6 0.5747651026392963 0.5781002340550029 0.0387276608281875 0.0387279893918542 0.0005715636115896 0.0020140423087967 0.0010364001983361 0.0006700616607615 0.3941098522167487 0.3657675925925926 0.2310943562610229 0.9999 0.0001 0.9999 0.5415913585209005 0.6751424197478546 0.7033978521730362 0.008446912168344 0.5387503652597403 0.94148377469525 0.9999 0.321210524914494 0.2806684468645198 0.2889801512198557 0.6481269228829374 0.4405968921389397 0.2530573439273552
2 0.0241421114369501 0.122369280280866 0.1256824900629376 0.1256863113136092 0.0407330645319777 0.0245040394371589 0.0070954603052173 0.0554114208029495 0.192179802955665 0.4166833333333333 0.2275677248677248 0.0001 0.9999 0.0001 0.0608796422829582 0.4621328000847547 0.3668714429767066 0.1433696020128087 0.664435450487013 0.4745742328709542 0.0001 0.7150940893358183 0.6975552306083446 0.4241352126235705 0.1831974832299389 0.4914703229737964 0.9999
2 0.0352835777126099 0.1036486249268578 0.0179941103766758 0.0179967799011599 0.0218574210791795 0.014933827893175 0.0047269186270728 0.0296665253463759 0.2069551724137931 0.4074259259259259 0.2346209876543209 0.0001 0.9999 0.0001 0.0887076768488746 0.4402068969170463 0.3833045779973782 0.100148604757548 0.7672963676948054 0.5301536990332072 0.0001 0.6595826346079013 0.6425015145505031 0.392653027919318 0.1914169516316134 0.4906173552711761 0.9999
0 0.9482974193548388 0.9501732592159158 0.1609791655833483 0.1609790071279738 0.0006698060306708 0.001248425385278 0.0007609883752961 0.0007515729740343 0.3793344827586207 0.2917083333333333 0.7600890652557319 0.9999 0.0001 0.2308230769230769 0.0364673231511254 0.40006236889501 0.8447429767066653 0.0059314043915827 0.7825124797077921 0.9999 0.9999 0.3376325782866037 0.2670402185280012 0.2616063798811844 0.5774294093912342 0.4167747227300426 0.1567088535754824
5 0.4821150146627566 0.4903471620830895 0.0627923506286019 0.0627934141737349 0.0020779473708345 0.0027796592323154 0.0015872238444162 0.0030112045865281 0.4187354679802955 0.4444555555555555 0.2346209876543209 0.0001 0.9999 0.5192269230769231 0.7654211816720258 0.462980177984956 0.7384820913582737 0.0151930466605672 0.6617979910714286 0.962391740226986 0.9999 0.4468740430499518 0.3606351411777433 0.3361447366567262 0.630578609976295 0.5318035100548446 0.8068625652667423
1 0.4123342521994134 0.4178046225863078 0.0471919126174827 0.0471921517717322 0.0008204444065953 0.0021097444242366 0.0009813178337281 0.0010405284232023 0.4285857142857142 0.3426240740740741 0.2275677248677248 0.9999 0.0001 0.1154615384615384 0.9454494774919614 0.5649832927216866 0.9368895129575476 0.0110767612076852 0.6470890827922079 0.9381216897856244 0.9999 0.3580680013107502 0.3156043020446432 0.2827823161997792 0.5313398749180411 0.4734361486898233 0.3163817934165721
2 0.0229693255131964 0.1065737273259216 0.1713043882153762 0.1713151515511015 0.0622023078485192 0.0625934813822149 0.021086380915652 0.0935741551236787 0.2020300492610837 0.4814851851851852 0.3051536155202821 0.0001 0.9999 0.0001 0.0560574557877813 0.6184740226718932 0.9478785418977514 0.1184432067703568 0.2131255681818181 0.3756028583438419 0.9999 0.7528115735146538 0.6729667339800225 0.5143090168361237 0.525843420588087 0.5434404265691651 0.9999
6 0.4569001173020528 0.4634362200117027 0.0918668429480772 0.0918670937329173 0.0013837009426608 0.0019183401933569 0.0010364001983361 0.0016592381058537 0.2660566502463054 0.375025 0.2222777777777777 0.0001 0.9999 0.0385538461538461 0.8273059083601286 0.3336491259667338 0.9999 0.012791880146386 0.8066553774350649 0.94148377469525 0.5 0.4087470313556025 0.3352174137247124 0.2889801512198557 0.4998235083472033 0.4399876294942108 0.4073965039727582
0 0.0112414662756598 0.0141404915155061 0.0618289774268429 0.061829965361597 0.0008662908688332 0.0023968507705561 0.0014770591152002 0.0013266374455576 0.4778369458128079 0.4907425925925926 0.2310943562610229 0.9999 0.0001 0.1154615384615384 0.0282294212218649 0.520707797436169 0.3407598971463144 0.0059314043915827 0.3366803977272727 0.9999 0.9999 0.3634737645155345 0.2356015542173019 0.3322945664169817 0.8295603419579362 0.5782293235831809 0.3056007491486946
2 0.5002931964809384 0.5014625511995319 0.0020464636676409 0.0020463837981882 0.0005191676547463 0.0007699148080788 0.0006508236460801 0.0011887151281786 0.8767719211822661 0.7869796296296296 0.2822305114638447 0.0001 0.9999 0.0001 0.7621059284565916 0.2649055938129039 0.7249726429363719 0.0050166742909423 0.8871993303571428 0.9999 0.9999 0.3110337661539722 0.2171782085031192 0.2445858102237772 0.6373357189690826 0.9277633028641074 0.0845325993189557
6 0.0581529032258064 0.0732275599765945 0.2024578965913817 0.2024569842403124 0.000578113106195 0.0027796592323154 0.000430494187648 0.0009026923611813 0.5123128078817735 0.5185148148148148 0.2628340388007054 0.0001 0.9999 0.0001 0.1446651326366559 0.3973083907193559 0.1261209740849047 0.0233112763037511 0.9999 0.549590752416982 0.0001 0.3224186310852602 0.424125379539144 0.1414528964237912 0.0627797498360821 0.6058898476538697 0.1247061748013621
2 0.0229693255131964 0.1211992393212404 0.1817110215824744 0.1817146838047824 0.0418792260879249 0.0279493155929932 0.0078666134097294 0.0582426666726482 0.2266556650246305 0.4166833333333333 0.2310943562610229 0.0001 0.9999 0.0001 0.0577653135048231 0.4355463184659392 0.3610240697791671 0.1432552607502287 0.5809497159090908 0.4154225514922236 0.0001 0.7175717308046777 0.6975552306083446 0.4225153239251414 0.1802727644121652 0.5024370505789153 0.9999
4 0.838641935483871 0.8553999414862492 0.450272867330424 0.4502719003390194 0.0009645332879144 0.0044065951947927 0.0007609883752961 0.0015634946585174 0.561564039408867 0.4907425925925926 0.7459825396825397 0.9999 0.0001 0.1116161538461538 0.2241307475884244 0.5664662040470388 0.2157470908540889 0.0233112763037511 0.7625286525974027 0.5958194199243378 0.0001 0.3740190980400188 0.4526797627204212 0.2121176063117852 0.1076086296464417 0.6110076538695917 0.4055807491486947
6 0.8099086803519061 0.8442845523698068 0.2703798664257906 0.2703940276873034 0.0457041309374856 0.0258438690533167 0.0175060272161313 0.0562179946552391 0.3350083743842364 0.4027972222222222 0.8094619047619048 0.9999 0.0001 0.1154615384615384 0.2849103898713826 0.5032306282445174 0.322814510436624 0.0430923147301006 0.2325007508116883 0.6154666036149642 0.9999 0.725352753599443 0.5475726118784032 0.5408141522060723 0.8384857769707974 0.4441915417428397 0.9999
0 0.2639768328445747 0.2656992978349912 0.0773721121391047 0.0773726922214121 0.0007287514821195 0.0014398296161577 0.0012016472921602 0.0010086139407569 0.4729118226600985 0.4398268518518519 0.816515167548501 0.9999 0.0001 0.0770076923076923 0.5350613143086816 0.4414779637673482 0.3758441363315519 0.0037589204025617 0.4926962662337661 0.9999 0.9999 0.3461917033608455 0.2171782085031192 0.3105082372555005 0.8120120290512938 0.5232129067641682 0.1942722814982974
2 0.1115146627565982 0.1100838502047981 0.1327944148074227 0.1327933733601377 0.0001 0.0001 0.0001 0.0001004312767898 0.6206655172413793 0.4444555555555555 0.2275677248677248 0.0001 0.9999 0.0001 0.2815951366559485 0.0001 0.4958161036603812 0.0001 0.9999 0.9999 0.0001 0.0001 0.0001 0.0001 0.2476925757805013 0.6063163315051797 0.0001
5 0.09450926686217 0.1832114101813926 0.0635199638870779 0.063526956941886 0.0306271943558266 0.0677613956159663 0.0234549225937964 0.052413357070955 0.5664891625615763 0.5509157407407408 0.823568430335097 0.9999 0.0001 0.1539153846153846 0.1910786776527331 0.7549018646043013 0.66387767470001 0.1036931838975297 0.2086621753246753 0.2063428961748634 0.0001 0.6896829069981771 0.6822685406224082 0.4736239861929696 0.3317530286982397 0.6188062157221207 0.9999
0 0.7547877419354839 0.7577015213575191 0.0770553265635663 0.077056600293599 0.001292008018185 0.0023011486551163 0.0016973885736323 0.0016821820310712 0.4187354679802955 0.3796537037037037 0.7459825396825397 0.9999 0.0001 0.2308230769230769 0.4274662781350482 0.5179538192605149 0.3949993243924574 0.0067317932296431 0.4724081168831168 0.9999 0.9999 0.4022150674831549 0.2806684468645198 0.3468735647028436 0.8023806274272457 0.4803817428397318 0.5404005448354142
6 0.6058439296187683 0.6120314218841428 0.0135570327639373 0.0135567820057795 0.000578113106195 0.0025882550014358 0.0008711531045121 0.0009841174190961 0.6600665024630542 0.5185148148148148 0.7706689594356261 0.0001 0.9999 0.0001 0.7415111736334405 0.5400915669032738 0.5254562367651509 0.0100476898444647 0.6013393060064935 0.5796393862967633 0.0001 0.3224186310852602 0.3352174137247124 0.2241141733392819 0.2625178746154234 0.6658412918951858 0.1713483768444948
5 0.0657760117302052 0.072057519016969 0.0021801713649749 0.0021805534225182 0.0012527110505525 0.0014398296161577 0.0009813178337281 0.0015684112139212 0.3399334975369458 0.4074259259259259 0.820041798941799 0.9999 0.0001 0.1539153846153846 0.1331119774919614 0.3199851573259879 0.8813394675809216 0.008561253430924 0.9364995332792208 0.9999 0.9999 0.3992664693714544 0.3156043020446432 0.2889801512198557 0.559175129873405 0.4613727483241925 0.3438450851305334
6 0.6721063343108504 0.7132399648917496 0.3075089381600682 0.3075237382605057 0.0225647664965641 0.0245997415525988 0.0182220979560354 0.0336687739557476 0.453211330049261 0.4907425925925926 0.2452008818342151 0.0001 0.9999 0.0001 0.21046788585209 0.8345553872232228 0.3614273368962388 0.0628733531564501 0.2881917207792207 0.6178831021437579 0.9999 0.6624288508407233 0.571728466337312 0.5452747152887031 0.819172547536188 0.5395411456429007 0.9999
3 0.3372759530791788 0.3376568168519602 0.0911404620186089 0.0911397896212362 0.0001982424190811 0.000674212692639 0.000320329458432 0.000261901306892 0.5172379310344828 0.4907425925925926 0.2310943562610229 0.0001 0.9999 0.0385538461538461 0.8508140675241158 0.459061055196525 0.8318384289603712 0.0034158966148215 0.7462981331168832 0.9999 0.0001 0.1904279128351117 0.1721473693700191 0.1642017681452086 0.4157630554294649 0.5949840463132237 0.0239317820658343
5 0.0575665102639296 0.0937032767700409 0.0141798980567599 0.0141799544687268 0.0023792241226834 0.0101487221211831 0.0021931298551044 0.0040788734073644 0.61574039408867 0.4907425925925926 0.2416742504409171 0.0001 0.9999 0.2308230769230769 0.1444642081993569 0.6272655683864815 0.1903412624785721 0.0537260521500457 0.6111790584415584 0.2994306221101303 0.0001 0.4594055850246789 0.5475726118784032 0.2616063798811844 0.0949012306450799 0.6301994271785497 0.9726636776390466
2 0.1144466275659824 0.1130089526038619 0.1664145837334389 0.1664134930769415 0.0001 0.0001 0.0001 0.0001 0.5911147783251232 0.4305694444444444 0.2310943562610229 0.0001 0.9999 0.0001 0.2886274919614148 0.0001 0.4958161036603812 0.0001 0.9999 0.9999 0.0001 0.0001 0.0001 0.0001 0.2476925757805013 0.5944357099329678 0.0001
5 0.691457302052786 0.6910091866588648 0.0378177398971369 0.0378172225676852 0.0002506383759244 0.0004828084617593 0.00037541182304 0.0003301292950388 0.5172379310344828 0.4444555555555555 0.823568430335097 0.9999 0.0001 0.2308230769230769 0.6037774718649518 0.3237983578768937 0.9999 0.002386825251601 0.9999 0.9999 0.5 0.2247053658836299 0.1721473693700191 0.1827952732054382 0.4998235083472033 0.5550164168190129 0.0294925312145289
1 0.0434930791788856 0.0509967817437097 0.1561581404641525 0.1561577580038715 0.0007353009767249 0.0026839571168756 0.0009813178337281 0.0010999583648372 0.5369384236453202 0.4490842592592592 0.2240410934744268 0.9999 0.0001 0.1154615384615384 0.1099052049839228 0.4425371861425999 0.5847365029746899 0.012791880146386 0.580138189935065 0.5672416981925178 0.0001 0.3470926638949761 0.3352174137247124 0.2348664780332026 0.2921684722852675 0.568846678854357 0.1973363677639046
1 0.0992004105571847 0.1065737273259216 0.1147951713622786 0.1147956966691544 0.0014950423509528 0.0033538719249545 0.0012567296567682 0.0021885009822999 0.507387684729064 0.4074259259259259 0.2275677248677248 0.9999 0.0001 0.1154615384615384 0.2505523110932475 0.4214586608750927 0.8078440354946053 0.012677538883806 0.4644957386363636 0.9522004203446828 0.9999 0.4160570975075265 0.3352174137247124 0.3105082372555005 0.5958853936551167 0.5410033759902498 0.5349532803632236
2 0.0827814076246334 0.0843429490930368 0.0177803783144052 0.0177805064768667 0.0004798706871139 0.000674212692639 0.0008160707399041 0.0010435473607309 0.8767719211822661 0.7453212962962963 0.2822305114638447 0.0001 0.9999 0.0001 0.2043396905144694 0.4108664371225765 0.4958161036603812 0.0041019441903019 0.8730990665584416 0.9999 0.9999 0.3025565465828332 0.1962671703148101 0.2691658604738535 0.7519544409139053 0.8870645581962218 0.0965619750283768
6 0.9254280938416424 0.9291125219426564 0.0133279736096336 0.0133290325343995 0.0011872161044984 0.0033538719249545 0.0016423062090242 0.0016889099489921 0.4876871921182266 0.4027972222222222 0.820041798941799 0.0001 0.9999 0.9999 0.1188463424437299 0.570491249072995 0.5346305636785318 0.0078752058554437 0.3799955965909091 0.8911575662042875 0.9999 0.3941268990517541 0.3047882478093108 0.3322945664169817 0.7325403591062694 0.528452565508836 0.5476635641316686
6 0.0042047507331378 0.0088753071971913 0.0285113452722139 0.0285118428302111 0.0013902504372662 0.0010570211543983 0.0010914825629441 0.001831403800343 0.3645591133004926 0.4166833333333333 0.8112252204585537 0.0001 0.9999 0.6153615384615385 0.0084383641479099 0.1348330861320055 0.6284909851769689 0.006503110704483 0.9999 0.9999 0.9999 0.4091975116226678 0.2806684468645198 0.3002958954610562 0.6855935794623493 0.4855604753199268 0.2948197048808172
5 0.624608504398827 0.6295820362785255 0.2485538563089648 0.2485533386108031 0.0007745979443574 0.0019183401933569 0.0007059060106881 0.0009654862617766 0.4187354679802955 0.3426240740740741 0.238147619047619 0.9999 0.0001 0.1539153846153846 0.4161140474276528 0.3178667125754847 0.66387767470001 0.0109624199451052 0.7100837865259741 0.8247563892391762 0.0001 0.3523346160935547 0.3156043020446432 0.2348664780332026 0.3317530286982397 0.4656375868372943 0.1669224744608399
2 0.0024455718475073 0.007120245757753 0.0300034646388334 0.0300036519310424 0.0010038302555468 0.0010570211543983 0.0008711531045121 0.0018875560383754 0.5812645320197044 0.6342324074074075 0.2822305114638447 0.0001 0.9999 0.0001 0.005926808681672 0.235459211780909 0.7982664414641526 0.0083325709057639 0.9999 0.9999 0.9999 0.3779096094374015 0.2806684468645198 0.2762088548148496 0.6006758813738842 0.7125108104814137 0.2132242224744608
1 0.0833678005865102 0.0884380924517261 0.1323188898515817 0.1323185422843658 0.0004798706871139 0.0018226380779171 0.0006508236460801 0.0006183947013431 0.4729118226600985 0.3703962962962963 0.2346209876543209 0.9999 0.0001 0.1154615384615384 0.2098651125401929 0.570491249072995 0.767214873449632 0.0093616422689844 0.6448573863636364 0.9043957755359396 0.0001 0.3025565465828332 0.2931790162633875 0.2348664780332026 0.3834398698744137 0.4960397928092627 0.1383243359818388
0 0.5413407038123167 0.5424139847864248 0.0858581607477234 0.0858588824500607 0.0008728403634386 0.0015355317315975 0.0013118120213762 0.0011340292312316 0.4138103448275862 0.4027972222222222 0.8129885361552028 0.9999 0.0001 0.1154615384615384 0.901145639067524 0.3684975421125119 0.3423729656146012 0.0037589204025617 0.4628726866883116 0.9999 0.9999 0.3642109140434596 0.2171782085031192 0.3197815131378119 0.8287030967872094 0.4848293601462523 0.2196928490351873
6 0.2633904398826979 0.318936161497952 0.1699987356317323 0.1699981788723306 0.0024971150255808 0.0104358284675026 0.0019728003966723 0.0038709117393214 0.5467886699507389 0.4444555555555555 0.2275677248677248 0.0001 0.9999 0.0001 0.6653608118971062 0.5720800826358724 0.0723856307351013 0.0826543915827996 0.9076903612012988 0.1894274064733081 0.0001 0.4638694349437811 0.612649204860986 0.2121176063117852 0.0359025924244716 0.5681155636806825 0.9601803632236094
6 0.0933364809384164 0.098383440608543 0.0001224129838272 0.000122798053273 0.0009121373310711 0.0019183401933569 0.0016423062090242 0.0020642932668367 0.8521463054187192 0.736063888888889 0.2222777777777777 0.0001 0.9999 0.2308230769230769 0.2361862138263665 0.4554596991206696 0.7626781183825755 0.0093616422689844 0.6135121956168832 0.5651403951240018 0.9999 0.3685519057079076 0.2931790162633875 0.2889801512198557 0.6184763252130933 0.8691522364411944 0.2824498751418842
2 0.0241421114369501 0.1100838502047981 0.1291872337607982 0.129199137028918 0.0767880323347723 0.0513963338757538 0.0192135805189796 0.1129387417519068 0.1478536945812807 0.453712962962963 0.3086802469135802 0.0001 0.9999 0.0001 0.0588703979099678 0.5732452272486492 0.8925301300796611 0.1215304208600182 0.2702367086038961 0.4594448507776376 0.9999 0.7715679337251931 0.677184995131802 0.5231362364101722 0.5535273969839108 0.5312551736745887 0.9999
2 0.0241421114369501 0.1241243417203042 0.2273533301841028 0.2273574647437694 0.043660688620597 0.0288106346319517 0.0085826841496336 0.0598620247630005 0.2069551724137931 0.4027972222222222 0.2310943562610229 0.0001 0.9999 0.0001 0.0607791800643086 0.4840587032524631 0.3949993243924574 0.1457707685269899 0.5733416599025974 0.4237226986128625 0.0001 0.7212779548200791 0.7002592441671776 0.4332676286190621 0.1972663892671609 0.495308677635588 0.9999
6 0.9201505571847508 0.9250173785839672 0.0085310559266506 0.0085321988930255 0.001514690834769 0.0033538719249545 0.0018075533028483 0.0021369202782395 0.4581364532019704 0.4027972222222222 0.820041798941799 0.0001 0.9999 0.9999 0.1271847065916398 0.5248387646996504 0.5891724412624786 0.0092473010064043 0.436295211038961 0.835788230348886 0.9999 0.4173061564298441 0.32569928599762 0.3361447366567262 0.7052597922025522 0.5205321511273614 0.6636449035187286
5 0.6234357184750733 0.6243168519602106 0.1223520438991016 0.1223520960224229 0.0006763555252762 0.0010570211543983 0.0008711531045121 0.0009440949330024 0.4581364532019704 0.453712962962963 0.820041798941799 0.9999 0.0001 0.0770076923076923 0.7374926848874598 0.2649055938129039 0.5293880911565998 0.0037589204025617 0.6617979910714286 0.9999 0.9999 0.3386154443238372 0.2171782085031192 0.2762088548148496 0.735162520804963 0.5302194271785496 0.1247061748013621
6 0.7371959530791788 0.7436610298420129 0.0135175982356913 0.0135181177397556 0.0011348201476551 0.0051722121183114 0.0018075533028483 0.0017335902244157 0.5517137931034483 0.453712962962963 0.2275677248677248 0.0001 0.9999 0.0001 0.1201523512861736 0.5638181481089098 0.946870374105072 0.0135922689844464 0.317508096590909 0.5731253467843631 0.9999 0.3897859073873062 0.3441586852259205 0.3002958954610562 0.5263476824532205 0.5703089092017063 0.5072630192962543
0 0.0077231085043988 0.0100453481568168 0.1142367722806707 0.1142375294662154 0.0007745979443574 0.0016312338470374 0.0013668943859842 0.0012810946165544 0.5911147783251232 0.5231435185185185 0.2310943562610229 0.9999 0.0001 0.1154615384615384 0.0193887459807073 0.480033658226507 0.3277545326207522 0.0051310155535224 0.436295211038961 0.9999 0.9999 0.3523346160935547 0.2171782085031192 0.3241246929814262 0.8360148938316437 0.6314788787324802 0.2328570715096481
1 0.0001 0.0012700409596255 0.2259622617961136 0.2259623163079979 0.0005388161385626 0.001248425385278 0.0010364001983361 0.000695248225286 0.453211330049261 0.375025 0.2134611992945326 0.9999 0.0001 0.1154615384615384 0.0001 0.3427584383938977 0.3475146213572653 0.0034158966148215 0.420267573051948 0.94148377469525 0.9999 0.3150061830544576 0.1721473693700191 0.2889801512198557 0.8261313612750291 0.4927497745277269 0.1014418161180477
6 0.5876657478005864 0.5950658279695727 0.0018144777319439 0.0018144752224949 0.0009252363202819 0.0026839571168756 0.0009262354691201 0.0012301176999997 0.4729118226600985 0.3657675925925926 0.2346209876543209 0.0001 0.9999 0.0001 0.5009041599678457 0.4646749337853586 0.6284909851769689 0.0143926578225068 0.6501323051948052 0.7372371164354771 0.0001 0.369944299260655 0.3525952075294796 0.2534599830934322 0.3140534372320573 0.4959179402803169 0.2948197048808172
6 0.175431495601173 0.177361205383265 0.0653297160554286 0.0653296976003638 0.0006436080522492 0.0010570211543983 0.0007609883752961 0.0010179295194166 0.5664891625615763 0.4768564814814814 0.8112252204585537 0.9999 0.0001 0.2308230769230769 0.3562385651125402 0.1936199279584701 0.6121586669355651 0.0037589204025617 0.6617979910714286 0.9999 0.9999 0.3335373031314641 0.2171782085031192 0.2616063798811844 0.6937626216775105 0.6093626447288238 0.103938479001135
6 0.4727327272727272 0.4821568753657109 0.0227125441059817 0.0227125880288742 0.0009055878364657 0.0032581698095146 0.0010364001983361 0.0014807757702332 0.5812645320197044 0.4768564814814814 0.2557807760141093 0.0001 0.9999 0.0001 0.7967653938906752 0.5963362750291343 0.5874585560149238 0.0166794830741079 0.6231490665584416 0.7080290037831022 0.0001 0.3678352325557582 0.3755612960225019 0.2616063798811844 0.2935299793211278 0.6185015843997562 0.4017222701475596
6 0.4838741935483871 0.4856669982445875 0.0489304207650765 0.0489309654565052 0.0009121373310711 0.0014398296161577 0.0011465649275522 0.0013230147205233 0.507387684729064 0.4398268518518519 0.2416742504409171 0.0001 0.9999 0.2308230769230769 0.780791901125402 0.3178667125754847 0.4454077140264192 0.0059314043915827 0.5560967329545455 0.9999 0.9999 0.3685519057079076 0.2356015542173019 0.3055311879211965 0.7771675341705755 0.544537099329677 0.2132242224744608
1 0.0986140175953079 0.1036486249268578 0.0745729538187077 0.0745772349797026 0.0036236280977118 0.0065120417344692 0.0039006831579527 0.0057869020057002 0.5418635467980296 0.453712962962963 0.2240410934744268 0.9999 0.0001 0.1154615384615384 0.2494472266881029 0.421670505350143 0.1816710194615307 0.0093616422689844 0.1766068993506493 0.9848756830601092 0.9999 0.497962600610318 0.2931790162633875 0.4318120764552562 0.909082438089474 0.5827987934186473 0.9787918501702612
2 0.0253148973607038 0.1235393212404915 0.0960951178145758 0.096107223559907 0.0916160881214257 0.0759917775437924 0.0243362404275246 0.1407013225418948 0.1429285714285714 0.4768564814814814 0.3051536155202821 0.0001 0.9999 0.0001 0.0617838022508038 0.5560858247695731 0.9940526268024604 0.1389102927721866 0.2050103084415584 0.3566911307271962 0.0001 0.7872733139451533 0.6975552306083446 0.5243335454481414 0.4968987895294295 0.5547117854966483 0.9999
5 0.6064303225806451 0.6102763604447046 0.0595396952333762 0.0595398392939571 0.0009514342987035 0.0014398296161577 0.0008711531045121 0.0012687601003661 0.3350083743842364 0.4768564814814814 0.8129885361552028 0.9999 0.0001 0.1154615384615384 0.7631105506430869 0.342334749443797 0.8655112332358577 0.0071891582799634 0.8096985998376623 0.9999 0.9999 0.3726881336145985 0.2931790162633875 0.2762088548148496 0.5670416149694861 0.4970755393053016 0.2378503972758229
6 0.5841473900293255 0.5915557050906963 0.0018144777319439 0.0018144752224949 0.0009252363202819 0.0026839571168756 0.0009262354691201 0.0012301176999997 0.4729118226600985 0.3657675925925926 0.2310943562610229 0.0001 0.9999 0.0001 0.5076351286173633 0.4646749337853586 0.6284909851769689 0.0143926578225068 0.6501323051948052 0.7372371164354771 0.0001 0.369944299260655 0.3525952075294796 0.2534599830934322 0.3140534372320573 0.4959179402803169 0.2948197048808172
1 0.0176917888563049 0.0205757167934464 0.0207043869673935 0.0207045108500383 0.0004405737194814 0.0015355317315975 0.0008711531045121 0.0005883778367729 0.4778369458128079 0.4398268518518519 0.2240410934744268 0.9999 0.0001 0.1154615384615384 0.0446047628617363 0.6053396652187732 0.6398832812342442 0.0059314043915827 0.5225198457792208 0.9298215426649852 0.9999 0.2931988428533393 0.2356015542173019 0.2691658604738535 0.679895420386342 0.5205321511273614 0.1327635868331441
6 0.7020123753665689 0.7056346986541837 0.0043431398351538 0.0043439808495021 0.0008859393526494 0.0027796592323154 0.0015872238444162 0.0012826472129977 0.5270881773399015 0.4166833333333333 0.294573721340388 0.0001 0.9999 0.3077307692307692 0.2653202572347267 0.6271596461489564 0.5615486437430676 0.0090186184812442 0.4250352881493506 0.8122536359815049 0.9999 0.3656852130993098 0.2931790162633875 0.3197815131378119 0.7190765673072074 0.5441106154783668 0.4263484449489217
6 0.6158126099706746 0.6243168519602106 0.06557163764375 0.0655720039368404 0.0012658100397633 0.003066765578635 0.0013118120213762 0.0020270309521977 0.5861896551724137 0.453712962962963 0.2628340388007054 0.0001 0.9999 0.0001 0.445449015273312 0.5549206801567964 0.8558328224261369 0.0158790942360475 0.6310614448051948 0.7714883564522909 0.0001 0.4002698117844636 0.3682784861707115 0.2948023598750793 0.4277644878196399 0.5968118342474101 0.5727436776390467
6 0.0053775366568914 0.0082902867173785 0.0106372602419129 0.0106379380027745 0.0009055878364657 0.001248425385278 0.0012016472921602 0.0012848898523047 0.4778369458128079 0.4814851851851852 0.8112252204585537 0.0001 0.9999 0.6153615384615385 0.0108494573954983 0.358752696260197 0.4238329232630836 0.004444967978042 0.6376550933441559 0.9999 0.9999 0.3678352325557582 0.2356015542173019 0.3105082372555005 0.7879587380844304 0.5320472151127361 0.2278637457434733
1 0.0722263343108504 0.081417846693973 0.0669365960608889 0.0669399641536748 0.0038397614196904 0.0063206375035895 0.0034600242410886 0.0052541889149355 0.4433610837438423 0.4120546296296296 0.2240410934744268 0.9999 0.0001 0.1154615384615384 0.1826398512861736 0.5269572094501537 0.3454982857719068 0.0153073879231473 0.2882931615259739 0.9152174863387978 0.9999 0.503245505560448 0.3606351411777433 0.4123264587785004 0.8271398850052958 0.4978675807434491 0.995701066969353
1 0.1420070967741935 0.1451850789935634 0.0872129524505488 0.0872126709040496 0.0004471232140868 0.0018226380779171 0.0008160707399041 0.0006376296461684 0.5369384236453202 0.4166833333333333 0.2240410934744268 0.9999 0.0001 0.1154615384615384 0.3592524316720257 0.476750068863227 0.9999 0.0068461344922232 0.4926962662337661 0.6997288566624633 0.5 0.2948369529153952 0.2521140636832426 0.2348664780332026 0.4998235083472033 0.5604997806215721 0.0989451532349602
6 0.2974012316715542 0.3025555880631948 0.0639706882216392 0.0639706717557581 0.000879389858044 0.0016312338470374 0.0009813178337281 0.001417636848206 0.5861896551724137 0.4814851851851852 0.2346209876543209 0.0001 0.9999 0.5384538461538462 0.7491463022508039 0.3551513401843416 0.9279168196027024 0.0101620311070448 0.7744986607142857 0.752681693989071 0.0001 0.3649480635713847 0.3047882478093108 0.2616063798811844 0.4638192111766782 0.6102156124314443 0.216515278093076
6 0.0147598240469208 0.0176506143943826 0.0212533895403178 0.0212643725028826 0.0059225007042115 0.0033538719249545 0.0085826841496336 0.006671623212302 0.3448586206896551 0.3055944444444444 0.2222777777777777 0.0001 0.9999 0.5576807692307693 0.037170558681672 0.3827970441784087 0.050306756075426 0.0059314043915827 0.2390943993506493 0.9999 0.9999 0.5424987179224608 0.2356015542173019 0.5143090168361237 0.9747877591163566 0.407757635588056 0.999105607264472
5 0.3407943108504399 0.3791932709186659 0.0110101167873011 0.0110168015975387 0.020960140318238 0.0198146357806068 0.010951225827778 0.0291091432232345 0.4285857142857142 0.4166833333333333 0.1394019400352733 0.0001 0.9999 0.0001 0.8939123593247589 0.5790709503125332 0.7147901482303115 0.060586527904849 0.3317098011363635 0.4745742328709542 0.9999 0.6558354578409487 0.5590376293678555 0.4685999835630591 0.64242876380693 0.5020714929920781 0.9999
5 0.5741787096774194 0.5781002340550029 0.0553607135271851 0.0553604786022121 0.0004733211925084 0.0013441275007179 0.0006508236460801 0.000710687934361 0.5517137931034483 0.4814851851851852 0.2346209876543209 0.0001 0.9999 0.5192269230769231 0.5438015273311897 0.5786472613624325 0.767214873449632 0.0093616422689844 0.8646794845779221 0.9043957755359396 0.0001 0.3010617711512073 0.2931790162633875 0.2348664780332026 0.3834398698744137 0.5907801340645948 0.1383243359818388
5 0.4709735483870967 0.4739665886483323 0.0100110060443192 0.0100109145173148 0.0007287514821195 0.001248425385278 0.0006508236460801 0.0009528067241564 0.4138103448275862 0.4120546296296296 0.2310943562610229 0.0001 0.9999 0.6153615384615385 0.8050032958199358 0.2014581735353321 0.9999 0.0076465233302836 0.7825124797077921 0.9999 0.5 0.3461917033608455 0.2670402185280012 0.2445858102237772 0.4998235083472033 0.4917749542961609 0.1260679909194098
6 0.2393483284457478 0.2411284376828554 0.0724284702836441 0.0724285954791661 0.0006174100738275 0.0009613190389585 0.0008711531045121 0.000894584357533 0.5270881773399015 0.4074259259259259 0.2346209876543209 0.0001 0.9999 0.3461846153846153 0.6028733118971061 0.3443472719567751 0.5293880911565998 0.0051310155535224 0.723271083603896 0.9999 0.9999 0.3292577405943433 0.2171782085031192 0.2762088548148496 0.735162520804963 0.5554429006703229 0.1247061748013621
6 0.2751182991202346 0.2855899941486249 0.2985216397275731 0.2985215880356534 0.001102072674628 0.0025882550014358 0.0009813178337281 0.0015546103566475 0.453211330049261 0.4259407407407407 0.7459825396825397 0.9999 0.0001 0.1154615384615384 0.5712277130225081 0.6394466257018752 0.7368690228899869 0.0142783165599268 0.8187268262987013 0.9999 0.0001 0.3869601675302599 0.3825196242472323 0.2889801512198557 0.3682615877338982 0.5249797684338817 0.5956675822928491
6 0.8955220527859238 0.913316968987712 0.4101988373500273 0.4102019340776435 0.0084964520841385 0.0064163396190293 0.0034049418764806 0.0101377947719487 0.2069551724137931 0.3703962962962963 0.7424559082892417 0.9999 0.0001 0.1539153846153846 0.1012654541800643 0.4627683335099057 0.6302048704245236 0.0247977127172918 0.5523434253246753 0.9826693148381672 0.9999 0.5749947262784935 0.4611523385380982 0.4175382745908376 0.6847363342916225 0.4317625837903717 0.9999
6 0.7987672140762463 0.8004080163838502 0.3418440889722315 0.3418438198291529 0.0008335433958061 0.001248425385278 0.0008711531045121 0.0011831947852691 0.5024625615763547 0.4027972222222222 0.7741955908289242 0.0001 0.9999 0.0001 0.3546311696141478 0.2543133700603877 0.66387767470001 0.0052453568161024 0.7100837865259741 0.9999 0.9999 0.3596446822454789 0.2521140636832426 0.2762088548148496 0.667893987996167 0.5341796343692871 0.1669224744608399
5 0.9412607038123167 0.9413979520187244 0.1658035796073153 0.1658039532336879 0.0006632565360654 0.0019183401933569 0.0011465649275522 0.0006979221413828 0.3300832512315271 0.2639361111111111 0.7565624338624339 0.9999 0.0001 0.1539153846153846 0.0522398914790996 0.476750068863227 0.3949993243924574 0.0038732616651418 0.3719817775974025 0.9999 0.9999 0.3366292358735945 0.2171782085031192 0.3055311879211965 0.8023806274272457 0.3878956733698964 0.1819024517593643
2 0.0874725513196481 0.1048186658864833 0.2161530769360545 0.2161529147441084 0.0015212403293744 0.0040237867330334 0.0012016472921602 0.0023799878769724 0.5369384236453202 0.4490842592592592 0.2310943562610229 0.0001 0.9999 0.0001 0.2205141077170418 0.5719741603983474 0.4068957043460724 0.0269701967063129 0.7875845170454545 0.649717843631778 0.0001 0.4176952075695823 0.4437384912192132 0.2691658604738535 0.2032166792757351 0.5793869226081657 0.7286716231555052
5 0.4387219354838709 0.441205441778818 0.0919879962936454 0.0919876307375536 0.0005257171493517 0.0010570211543983 0.000595741281472 0.0007138793826055 0.4285857142857142 0.4490842592592592 0.816515167548501 0.9999 0.0001 0.0770076923076923 0.8893915594855305 0.2708372391143129 0.8990832207320762 0.0051310155535224 0.8307982751623377 0.8948348465741909 0.0001 0.3123852069551682 0.2521140636832426 0.2241141733392819 0.4493973218338629 0.522786422912858 0.0868022928490351
6 0.6861797653958944 0.6892541252194266 0.0042859135568593 0.0042860614709164 0.0009121373310711 0.0010570211543983 0.0008160707399041 0.0013487188171955 0.507387684729064 0.4166833333333333 0.2222777777777777 0.0001 0.9999 0.5576807692307693 0.2540684887459807 0.2649055938129039 0.8558328224261369 0.008561253430924 0.9999 0.9999 0.9999 0.3685519057079076 0.2806684468645198 0.2691658604738535 0.5718825288747668 0.5557475319926873 0.1942722814982974
6 0.7805890322580645 0.784027442949093 0.0302356816362193 0.0302448029607653 0.005247902759854 0.0063206375035895 0.0075912015866894 0.0057022854995408 0.3005325123152709 0.2731935185185185 0.2222777777777777 0.0001 0.9999 0.1154615384615384 0.0134614750803858 0.5692201822226931 0.0917424523545427 0.0093616422689844 0.1822875811688311 0.9538814627994956 0.9999 0.5315643332582384 0.2931790162633875 0.4971710639396999 0.9540625964593736 0.39325718464351 0.999786515323496
2 0.0229693255131964 0.1124239321240491 0.0450590591874292 0.045062921424658 0.0403204463718367 0.0188576146262084 0.0065997190237452 0.0550504421298844 0.2217305418719211 0.4074259259259259 0.2310943562610229 0.0001 0.9999 0.0001 0.0577653135048231 0.4014393579828372 0.3963099425229404 0.1305633806038426 0.789816213474026 0.505463387978142 0.0001 0.7141931288016876 0.6832780390177059 0.4225153239251414 0.1979219296918343 0.49323718464351 0.9999
0 0.733677595307918 0.7325456407255705 0.0349295458059345 0.0349299569492814 0.000545365633168 0.0013441275007179 0.0010364001983361 0.0007728780474506 0.5221630541871921 0.4166833333333333 0.2275677248677248 0.0001 0.9999 0.0001 0.1482817725080385 0.235459211780909 0.2718012201270546 0.0026155077767612 0.3235945413961039 0.9999 0.9999 0.3162757183525508 0.1435929861887418 0.2948023598750793 0.8640014273465477 0.5468522973796466 0.0868022928490351
1 0.0475978299120234 0.050411761263897 0.1599650358305852 0.159964724818673 0.0004798706871139 0.0011527232698382 0.0006508236460801 0.0006074402708821 0.4482862068965517 0.3703962962962963 0.2275677248677248 0.9999 0.0001 0.1154615384615384 0.1201523512861736 0.4173276936116113 0.8166150952909146 0.0059314043915827 0.6877668222402599 0.9999 0.9999 0.3025565465828332 0.2356015542173019 0.2445858102237772 0.5914983154284562 0.4859869591712371 0.0978103064699205
5 0.3173385923753666 0.3230313048566413 0.1182430738846597 0.1182425928790518 0.0006370585576438 0.0015355317315975 0.000485576552256 0.0009039861915507 0.4876871921182266 0.4444555555555555 0.816515167548501 0.9999 0.0001 0.0770076923076923 0.6432591237942122 0.3178667125754847 0.5293880911565998 0.008561253430924 0.8806056818181818 0.9999 0.0001 0.3324930079669035 0.3156043020446432 0.2121176063117852 0.2644844958894437 0.5417954174283973 0.1247061748013621
6 0.0663624046920821 0.0884380924517261 0.0199145410940294 0.019927836629749 0.0216805847248334 0.0350312721355413 0.0149171560795548 0.0358098907064036 0.5566389162561576 0.4907425925925926 0.294573721340388 0.0001 0.9999 0.6922692307692307 0.1629492564308681 0.6098943214323552 0.2205862962589493 0.0328016010978957 0.1015407467532467 0.6691548970155528 0.9999 0.6588454850799762 0.47683561717933 0.5323625589968769 0.8896179300953246 0.5974820231566119 0.9999
6 0.3595588856304985 0.3604726155646577 0.0002937837364587 0.0002942455755225 0.0006436080522492 0.0010570211543983 0.0010364001983361 0.0008111754263851 0.4335108374384236 0.4027972222222222 0.2452008818342151 0.0001 0.9999 0.5192269230769231 0.9017484123794212 0.3447709609068758 0.3838086618937179 0.0042162854528819 0.5771964082792208 0.9999 0.9999 0.3335373031314641 0.1962671703148101 0.2948023598750793 0.8079779341302266 0.475142084095064 0.1327635868331441
1 0.0001 0.0194056758338209 0.0622959531001932 0.0623250528157838 0.0478458156734554 0.0445057815640853 0.0295690650652856 0.0526075178817243 0.2118802955665024 0.328737962962963 0.2205144620811287 0.9999 0.0001 0.1154615384615384 0.0001 0.5254742981248014 0.0871048805082182 0.0297143870082342 0.0660364853896103 0.7156987599831862 0.9999 0.7294275523788069 0.4569701309004363 0.6086616643576679 0.9563822010389872 0.3969736867763558 0.9999
2 0.5489638123167155 0.5500192510239906 0.0488644911631653 0.0488641887261412 0.0005126181601409 0.0007699148080788 0.000540658916864 0.0010386308053272 0.793044827586207 0.671262037037037 0.2822305114638447 0.0001 0.9999 0.0001 0.641852652733119 0.103056414874457 0.8878925582333368 0.0050166742909423 0.8871993303571428 0.9999 0.9999 0.3096823253527761 0.2171782085031192 0.2241141733392819 0.5558470015635246 0.8146232297379646 0.0662615664018161
1 0.0241421114369501 0.0305210649502633 0.1489713517324503 0.1489711338322381 0.0008531918796224 0.0020140423087967 0.0008160707399041 0.0010830523146769 0.438435960591133 0.3379953703703703 0.2275677248677248 0.9999 0.0001 0.1154615384615384 0.0608796422829582 0.3708278313380654 0.7982664414641526 0.0110767612076852 0.6771155438311688 0.8497618957545187 0.0001 0.3619585127081328 0.3156043020446432 0.2534599830934322 0.3989711353205225 0.4732533698964046 0.2132242224744608
2 0.0241421114369501 0.1089138092451726 0.0352211456573783 0.0352261005804806 0.0409033513917184 0.0238341246290801 0.0072056250344333 0.0559908842977288 0.2365059113300492 0.4444555555555555 0.2275677248677248 0.0001 0.9999 0.0001 0.0608796422829582 0.483952781014938 0.5127533225773924 0.1240459286367795 0.5900793831168831 0.5715493694829761 0.0001 0.7154626640997809 0.675093891312971 0.4429869608096367 0.2561641751147425 0.4945166361974406 0.9999
5 0.1812954252199413 0.1849664716208308 0.0438079371623754 0.0438084893514875 0.0011086221692334 0.0015355317315975 0.0011465649275522 0.0014454110734694 0.3645591133004926 0.4166833333333333 0.238147619047619 0.0001 0.9999 0.2308230769230769 0.4558970860128618 0.3082277889606949 0.5462244932943431 0.0076465233302836 0.6419156047077923 0.9999 0.9999 0.3875335060519794 0.2670402185280012 0.3055311879211965 0.7267413476572352 0.4830015722120658 0.2807476049943246
0 0.8591656891495602 0.8671003510825044 0.1410900685843538 0.1411041110031239 0.0163951425782657 0.0138811046233368 0.01089614346317 0.0244919801669616 0.0936773399014778 0.4814851851851852 0.7177694885361552 0.0001 0.9999 0.3269576923076923 0.182137540192926 0.4217764275876682 0.099202894020369 0.0130205626715462 0.1313643262987013 0.9999 0.9999 0.6338847830094004 0.3682784861707115 0.5387716838471834 0.9503310586573864 0.5404550396099939 0.9999
6 0.7635836363636364 0.7664768285547103 0.0123105319726624 0.0123121315297903 0.0016849776945097 0.0022054465396764 0.0018626356674563 0.0020630856918252 0.3251581280788177 0.4027972222222222 0.2310943562610229 0.0001 0.9999 0.5192269230769231 0.0651995176848874 0.40662954762157 0.3583020167389331 0.008446912168344 0.4926962662337661 0.9999 0.9999 0.4273191041841603 0.2806684468645198 0.3565928968934181 0.8207357593181016 0.4482736014625229 0.604292417707151
6 0.0001 0.0001 0.0168360291917023 0.016837391063594 0.0006305090630383 0.0016312338470374 0.0017524709382403 0.0007206935558844 0.3497837438423645 0.328737962962963 0.2346209876543209 0.9999 0.0001 0.1154615384615384 0.0001 0.3266582582900731 0.1261209740849047 0.0017007776761207 0.2108938717532467 0.9659639554434636 0.9999 0.3314282364265672 0.1086571310086185 0.3468735647028436 0.9368672668583246 0.426461998781231 0.1247061748013621
6 0.5178849853372435 0.5342236980690462 0.0570095697394697 0.0570096404828977 0.0017504726405638 0.0039280846175935 0.0014219767505922 0.0028098845810481 0.5714142857142857 0.453712962962963 0.238147619047619 0.0001 0.9999 0.0385538461538461 0.656620598874598 0.4941213158173535 0.4068957043460724 0.0269701967063129 0.8066553774350649 0.5376133249264397 0.0001 0.4308819935691318 0.4437384912192132 0.2691658604738535 0.2032166792757351 0.5928516270566728 0.7286716231555052
6 0.1906777126099706 0.2089523112931539 0.0040939012933492 0.004106834883192 0.013572310403333 0.0127326792380587 0.0110613905569941 0.0323480319146549 0.8324458128078818 0.74995 0.2822305114638447 0.0001 0.9999 0.0001 0.4708659565916399 0.7228074266341774 0.1933657658566098 0.0281136093321134 0.2580638189935064 0.8948348465741909 0.9999 0.6169917729944497 0.4526797627204212 0.5295688379082819 0.9032330004539264 0.8642781352833638 0.9999
6 0.0147598240469208 0.0170655939145699 0.2520413474007177 0.2520413637411324 0.0006829050198816 0.0013441275007179 0.0009813178337281 0.0010235361176841 0.5172379310344828 0.4814851851851852 0.7600890652557319 0.9999 0.0001 0.2308230769230769 0.0304395900321543 0.3505966839707596 0.4661759705556116 0.0038732616651418 0.5264760349025974 0.9999 0.9999 0.3395983103610707 0.2171782085031192 0.2889801512198557 0.7667797397488274 0.5725631809872029 0.1467222020431328
6 0.6656560117302053 0.6775537156231715 0.9559053152816486 0.9559044554304424 0.0020844968654399 0.003066765578635 0.0015321414798082 0.0030610601834293 0.3941098522167487 0.4166833333333333 0.2346209876543209 0.0001 0.9999 0.0001 0.2926459807073955 0.4296146731645302 0.7011798830291419 0.0211387923147301 0.8154807224025975 0.6885919503993274 0.0001 0.4471607123108116 0.4076489235873211 0.3002958954610562 0.3504107177081757 0.5390537355271177 0.7763351872871738
2 0.0229693255131964 0.0363712697483908 0.1062200099622916 0.1062230124748786 0.0052871997274865 0.0124455728917392 0.0050574128147209 0.0088277483952431 0.5861896551724137 0.4768564814814814 0.3086802469135802 0.0001 0.9999 0.0001 0.0559569935691318 0.4715598792244941 0.505292880911566 0.0204527447392497 0.194561911525974 0.561147919293821 0.9999 0.5322400536588363 0.4076489235873211 0.4049078380726512 0.7472143793816513 0.6075348567946375 0.9993325766174802
3 0.7049443401759531 0.7068047396138093 0.0995754459939716 0.0995746842300204 0.0002309898921082 0.0008656169235187 0.000265247093824 0.0003308193379025 0.6255906403940887 0.4768564814814814 0.2310943562610229 0.0001 0.9999 0.0385538461538461 0.216093770096463 0.476750068863227 0.3949993243924574 0.0068461344922232 0.9999 0.9999 0.0001 0.2133409773281176 0.2521140636832426 0.1414528964237912 0.1972663892671609 0.6325146252285192 0.033351010215664
2 0.0376291495601173 0.1165190754827384 0.5976876061757888 0.5976902744387014 0.0286688954688083 0.0176134871254905 0.0059938130130571 0.0414405542187134 0.3645591133004926 0.4398268518518519 0.2346209876543209 0.0001 0.9999 0.0001 0.0946349477491961 0.4859653035279161 0.4124406272058082 0.1152416514181152 0.7476168628246753 0.5134483396385037 0.0001 0.6837857107747762 0.6642057300494032 0.4140872073637495 0.2059901195339688 0.5224817915904937 0.9999
6 0.603498357771261 0.6073512580456407 0.0488269821489938 0.0488271418895724 0.0009252363202819 0.0016312338470374 0.0008711531045121 0.0016139540429244 0.6502162561576355 0.5231435185185185 0.2416742504409171 0.9999 0.0001 0.1154615384615384 0.474382134244373 0.3640488081364551 0.8655112332358577 0.0092473010064043 0.7180976055194805 0.9999 0.9999 0.369944299260655 0.2931790162633875 0.2762088548148496 0.5670416149694861 0.6613936745886654 0.2378503972758229
1 0.12969284457478 0.1358247513165593 0.127340280660528 0.1273412497280634 0.0016915271891151 0.0034495740403943 0.0018626356674563 0.0024589977848644 0.4926123152709359 0.4027972222222222 0.2240410934744268 0.9999 0.0001 0.1154615384615384 0.3280086816720258 0.4185987604619133 0.5518702329333468 0.0110767612076852 0.3967333198051948 0.808891551071879 0.9999 0.427687678948123 0.3156043020446432 0.3361447366567262 0.7239174812124881 0.5356418647166361 0.6194993643586832
6 0.9242553079178886 0.9261874195435928 0.1585180505138723 0.1585182807630371 0.0008466423850169 0.0015355317315975 0.0010364001983361 0.0008642224715309 0.315307881773399 0.2639361111111111 0.7600890652557319 0.9999 0.0001 0.1539153846153846 0.0860956591639871 0.438723985591694 0.6078235454270444 0.0059314043915827 0.6419156047077923 0.9999 0.9999 0.3612008868044319 0.2670402185280012 0.2948023598750793 0.6959309476975842 0.3732733698964046 0.2428437230419977
0 0.4574865102639296 0.4581710356933879 0.1295074852616707 0.1295072188299054 0.0004471232140868 0.0007699148080788 0.0006508236460801 0.0006066639726605 0.4679866995073891 0.4074259259259259 0.816515167548501 0.9999 0.0001 0.0770076923076923 0.9274667403536978 0.3027198326093866 0.6333301905818292 0.0030728728270814 0.7744986607142857 0.9999 0.9999 0.2948369529153952 0.1962671703148101 0.2445858102237772 0.683173122509709 0.5294273857404022 0.0718223155505107
6 0.1126874486803519 0.1252943826799297 0.0984399318339514 0.0984406351205857 0.0016849776945097 0.003640978271274 0.0014219767505922 0.0027324272695994 0.5566389162561576 0.4768564814814814 0.7495091710758378 0.9999 0.0001 0.1116161538461538 0.2335741961414791 0.6271596461489564 0.883557436724816 0.0163364592863677 0.6617979910714286 0.9158478772593528 0.0001 0.4273191041841603 0.4017361472720061 0.3197815131378119 0.4416316891108085 0.5996753686776356 0.8612217253121452
5 0.1109282697947214 0.1334846693973083 0.0544594959197513 0.0544613418660303 0.0037611674844254 0.0100530200057432 0.0034600242410886 0.0065481055397024 0.5911147783251232 0.5231435185185185 0.823568430335097 0.9999 0.0001 0.1539153846153846 0.2242312098070739 0.685840565737896 0.8592605929212463 0.0274275617566331 0.3970376420454545 0.5762773013871375 0.0001 0.5013616789890839 0.480513075619343 0.3682607908516683 0.4294789781610934 0.635804643510055 0.999673030646992
6 0.8767574780058651 0.9103918665886483 0.0091165662464277 0.0091184015398543 0.0066494946054122 0.0091917009667847 0.0035701889703046 0.0086570490418391 0.4285857142857142 0.3657675925925926 0.7160061728395062 0.0001 0.9999 0.9999 0.0899132234726688 0.6057633541688737 0.550055530906524 0.043892703568161 0.665246976461039 0.5402399537620849 0.0001 0.5529416695680669 0.5451930799466301 0.3654670697630732 0.2748218641246784 0.4719129920780012 0.9999
2 0.5489638123167155 0.548849210064365 0.0477720314978512 0.0477718847007403 0.0004274747302706 0.0007699148080788 0.0006508236460801 0.000837569565921 0.7831945812807882 0.6666333333333333 0.2822305114638447 0.0001 0.9999 0.0001 0.6447660570739551 0.2247610657908677 0.5415869214480186 0.0033015553522415 0.6617979910714286 0.9999 0.9999 0.2898407172261249 0.1721473693700191 0.2445858102237772 0.7290105260503355 0.8050578062157221 0.0596794551645857
2 0.0241421114369501 0.1200291983616149 0.3385879676516717 0.3385910151538776 0.0363252546625353 0.027470805015794 0.0085826841496336 0.0504766655186657 0.2118802955665024 0.4120546296296296 0.2275677248677248 0.0001 0.9999 0.0001 0.0608796422829582 0.4578959105837483 0.3397517293536352 0.1400537053979871 0.5771964082792208 0.3424022698612862 0.0001 0.7048968541995208 0.6938777721683315 0.4140872073637495 0.1696328390578503 0.5020714929920781 0.9999
5 0.3325848093841642 0.3370717963721474 0.0405999536936783 0.0405998173942035 0.0008073454173845 0.0014398296161577 0.0006508236460801 0.0011040123666613 0.3694842364532019 0.4768564814814814 0.816515167548501 0.9999 0.0001 0.1154615384615384 0.6742014871382637 0.2445685242080729 0.8447429767066653 0.0071891582799634 0.8096985998376623 0.9999 0.0001 0.3564708440002457 0.2931790162633875 0.2445858102237772 0.4222176073031724 0.51395211456429 0.1567088535754824
3 0.354281348973607 0.3534523698069046 0.1014097677219131 0.1014090032730995 0.0001654949460541 0.0002914042308796 0.000265247093824 0.000211528177843 0.5418635467980296 0.4768564814814814 0.2310943562610229 0.0001 0.9999 0.0385538461538461 0.8937114348874599 0.2649055938129039 0.9999 0.0018151189387008 0.9999 0.9999 0.5 0.1594471562864808 0.1086571310086185 0.1414528964237912 0.4998235083472033 0.6114950639853748 0.0116754370034052
2 0.0241421114369501 0.1252943826799297 0.16121230682749 0.1612165381965351 0.0455207450885341 0.0241212309753996 0.0074810368574734 0.0624165634443615 0.192179802955665 0.4166833333333333 0.2310943562610229 0.0001 0.9999 0.0001 0.0607791800643086 0.466263767348236 0.3904625693254008 0.1473715462031107 0.6951719967532468 0.4940112862547288 0.0001 0.7250046552112561 0.7020619198730664 0.4332676286190621 0.1949972108740606 0.495308677635588 0.9999
5 0.4240621114369501 0.4271649502633118 0.2966929405007292 0.2966921983013901 0.0005977615900113 0.0011527232698382 0.000485576552256 0.0008337743301708 0.4285857142857142 0.4398268518518519 0.8129885361552028 0.9999 0.0001 0.1154615384615384 0.8606593649517685 0.1204276618285835 0.7249726429363719 0.0058170631290027 0.8437826907467533 0.9999 0.0001 0.3258996149671288 0.2670402185280012 0.2121176063117852 0.362311297725324 0.5338140767824497 0.0845325993189557
5 0.0429066862170088 0.0621121708601521 0.0719277596037085 0.0719309663501212 0.0060010946394764 0.0071819565425481 0.0046167538978568 0.0087136325566612 0.4482862068965517 0.4490842592592592 0.823568430335097 0.9999 0.0001 0.1539153846153846 0.0866984324758842 0.5893454073524738 0.6699266814560856 0.0233112763037511 0.4793060876623376 0.6454101723413198 0.9999 0.5436863477174514 0.4569701309004363 0.4086875783689858 0.6648684168053665 0.5271121876904327 0.9999
2 0.0241421114369501 0.1141789935634874 0.1860723879818031 0.1860755816977593 0.03671822433886 0.0227814013592418 0.0073708721282573 0.051283929413819 0.2069551724137931 0.4166833333333333 0.3086802469135802 0.0001 0.9999 0.0001 0.0588703979099678 0.4015452802203623 0.3554791469194313 0.127247483989021 0.6561173092532467 0.3995577133249264 0.0001 0.7058387674852028 0.6842875374130035 0.4123264587785004 0.1774993241539315 0.5046303960999391 0.9999
5 0.0692943695014662 0.0726425394967817 0.1202447612959576 0.1202452786263705 0.0009121373310711 0.0020140423087967 0.0012016472921602 0.0012303764660736 0.4433610837438423 0.3796537037037037 0.816515167548501 0.9999 0.0001 0.0770076923076923 0.1403452572347266 0.4237889501006463 0.4718217101946153 0.0051310155535224 0.4465407264610389 0.9999 0.9999 0.3685519057079076 0.2521140636832426 0.3105082372555005 0.7639558733040804 0.5039602071907373 0.2632709648127128
2 0.0229693255131964 0.1112538911644236 0.1740391573451216 0.1740422916534421 0.0374321192508499 0.0203888484732459 0.0065446366591372 0.051973368489998 0.2315807881773399 0.4166833333333333 0.3086802469135802 0.0001 0.9999 0.0001 0.0559569935691318 0.3635191969488293 0.3559832308157709 0.1248463174748398 0.7202278612012988 0.4478876839007986 0.0001 0.7075587830503615 0.6812590422271105 0.4105187568976448 0.1777514550864982 0.5016450091407678 0.9999
0 0.4739055131964809 0.4751366296079579 0.0120578275055236 0.0120581951053265 0.0007614989551466 0.0011527232698382 0.0009813178337281 0.0010643349019994 0.4778369458128079 0.4120546296296296 0.7741955908289242 0.0001 0.9999 0.0001 0.9745835209003216 0.2571732704735671 0.4661759705556116 0.0038732616651418 0.6097588879870129 0.9999 0.9999 0.3506146005283962 0.2171782085031192 0.2889801512198557 0.7667797397488274 0.5276605240706885 0.1467222020431328
6 0.4686279765395894 0.4692864248098303 0.0788826394202766 0.0788820619848997 0.0003030343327677 0.0007699148080788 0.00037541182304 0.00040198000822 0.5172379310344828 0.4120546296296296 0.8306216931216931 0.0001 0.9999 0.0770076923076923 0.9455499397106112 0.2270913550164212 0.8558328224261369 0.0030728728270814 0.7744986607142857 0.9999 0.0001 0.2493998750691216 0.1962671703148101 0.1827952732054382 0.4277644878196399 0.5404550396099939 0.0351667650397276
6 0.1490438123167155 0.172681041544763 0.00458983669838 0.0045961458036103 0.0111882943669629 0.013785402507897 0.0073708721282573 0.0138722204948528 0.3941098522167487 0.328737962962963 0.820041798941799 0.0001 0.9999 0.9999 0.3016875803858521 0.6348919694882933 0.4743421296763134 0.0287996569075937 0.3002631696428571 0.6918489701555276 0.9999 0.5996892354639851 0.4876156179005446 0.4633177378073121 0.7626952186412468 0.4485173065204144 0.9999
2 0.547204633431085 0.5476791691047396 0.0467706101379799 0.0467703877861805 0.0004274747302706 0.0007699148080788 0.000595741281472 0.0008423998659668 0.793044827586207 0.671262037037037 0.2822305114638447 0.0001 0.9999 0.0001 0.6476794614147909 0.2724260726771904 0.6974496621962287 0.0041019441903019 0.7744986607142857 0.9999 0.9999 0.2898407172261249 0.1962671703148101 0.2348664780332026 0.6511020678872245 0.8101756124314443 0.0639918728717366
3 0.3419670967741935 0.3423369806904622 0.0753083461540446 0.075307773950294 0.0001982424190811 0.0007699148080788 0.000430494187648 0.0002680254373072 0.6009650246305419 0.4861138888888889 0.2240410934744268 0.0001 0.9999 0.0385538461538461 0.8652806270096463 0.5591575696578028 0.9999 0.0034158966148215 0.6617979910714286 0.8497618957545187 0.5 0.1904279128351117 0.1721473693700191 0.1827952732054382 0.4998235083472033 0.6148460085313834 0.0294925312145289
2 0.0229693255131964 0.1252943826799297 0.0750363095255978 0.0750467516444074 0.1044661965372446 0.0712066717718005 0.0255480524489008 0.1594056244049346 0.1527788177339901 0.4814851851851852 0.3016269841269841 0.0001 0.9999 0.0001 0.0561579180064308 0.4264370060387753 0.8309310779469599 0.1447416971637694 0.2292546469155844 0.2873481294661622 0.0001 0.7989653245130768 0.7038285420648372 0.510294510061756 0.4153092197508448 0.5511171358927482 0.9999
1 0.2328980058651026 0.2405434172030427 0.0461402738505482 0.0461431332393701 0.0029948766155922 0.0054593184646309 0.0027990358657925 0.0045344742081123 0.4778369458128079 0.4490842592592592 0.2310943562610229 0.9999 0.0001 0.1154615384615384 0.5875025924437299 0.5368079775399937 0.3546726126852879 0.0134779277218664 0.3002631696428571 0.9999 0.9999 0.4805576812009748 0.3441586852259205 0.3989682461784112 0.822551102032582 0.5532495551492993 0.979245788876277
1 0.0382155425219941 0.0445615564657694 0.1043143671930303 0.1043160631472167 0.0026412039068999 0.0027796592323154 0.0020278827612803 0.0034141033635621 0.3941098522167487 0.375025 0.2310943562610229 0.9999 0.0001 0.1154615384615384 0.0962423432475884 0.2943519758448988 0.4118357265302007 0.0109624199451052 0.4926962662337661 0.9999 0.9999 0.4690294816392569 0.3156043020446432 0.3654670697630732 0.793959454279518 0.4714255819622182 0.8068625652667423
4 0.3642500293255131 0.3674928613224107 0.157174349772116 0.1571800504399979 0.0033289008404682 0.0063206375035895 0.0050023304501129 0.0049721338944043 0.4876871921182266 0.4907425925925926 0.2416742504409171 0.0001 0.9999 0.2308230769230769 0.914908963022508 0.5237795423243988 0.1163417464959161 0.0076465233302836 0.1520582386363636 0.9882377679697352 0.9999 0.4902225305671042 0.2670402185280012 0.4577537722779251 0.9417586069501186 0.5449635831809873 0.987530170261067
5 0.3278936656891495 0.3440920421299005 0.0207335007402001 0.0207343177642838 0.0030996685292788 0.0048851057719919 0.0023032945843204 0.0047641722263613 0.507387684729064 0.4490842592592592 0.823568430335097 0.9999 0.0001 0.1539153846153846 0.6631506430868168 0.4173276936116113 0.694425158818191 0.0206814272644098 0.6292355113636364 0.5386639764606977 0.0001 0.4837110430704323 0.4390515343839025 0.3197815131378119 0.3470321632117819 0.5615355271176112 0.9483779568671964
6 0.4228893255131964 0.4259949093036864 0.3977260503604166 0.3977266236693596 0.0015670867916123 0.0010570211543983 0.0015321414798082 0.0021573627980761 0.4138103448275862 0.4444555555555555 0.2575440917107583 0.0001 0.9999 0.0001 0.9381157355305466 0.2533600699226613 0.4024597660582837 0.0075321820677035 0.9153998579545454 0.9999 0.9999 0.4205004710508529 0.2670402185280012 0.3361447366567262 0.7986490896252586 0.5070674466788544 0.4226034506242906
1 0.0083095014662756 0.0164805734347571 0.0847184104567393 0.084719518929559 0.001737373651353 0.0051722121183114 0.0020278827612803 0.0017733539444356 0.2562064039408867 0.2639361111111111 0.2275677248677248 0.9999 0.0001 0.1154615384615384 0.0207952170418006 0.5297111876258078 0.6398832812342442 0.0135922689844464 0.317508096590909 0.7664452290878521 0.9999 0.4301857967927581 0.3441586852259205 0.3398540470096508 0.679895420386342 0.3705926142595978 0.7653271736662883
2 0.0241421114369501 0.1042336454066705 0.0303016882586935 0.0303047248710573 0.0289636227260518 0.0181876998181296 0.005663318825409 0.0394891992555708 0.2315807881773399 0.4074259259259259 0.238147619047619 0.0001 0.9999 0.0001 0.0605782556270096 0.4224119610128192 0.3635444892608652 0.1167280878316559 0.734328125 0.4848706179066835 0.0001 0.684686671308907 0.6664410479247053 0.4029592763049757 0.1815334190749987 0.4926888482632541 0.9999
6 0.9095954838709678 0.9197521942656524 0.1591492340274967 0.1591489242096583 0.0010234787393631 0.0033538719249545 0.0014219767505922 0.0015483999708743 0.5369384236453202 0.453712962962963 0.7777222222222222 0.9999 0.0001 0.2308230769230769 0.110909827170418 0.5085267401207755 0.4353260360996269 0.0155360704483074 0.689897077922078 0.4115351408154687 0.0001 0.3797934360087657 0.3955709963578667 0.2445858102237772 0.217436863872497 0.5667142595978063 0.3810680590238365
5 0.490910909090909 0.4950273259215915 0.0174078298512689 0.0174079585590227 0.001102072674628 0.0011527232698382 0.0008160707399041 0.0014665436361697 0.2709817733990148 0.4490842592592592 0.8112252204585537 0.0001 0.9999 0.6153615384615385 0.996986595659164 0.1572886004873397 0.9279168196027024 0.0071891582799634 0.9999 0.9999 0.9999 0.3869601675302599 0.2931790162633875 0.2691658604738535 0.5358278055177284 0.4936027422303474 0.216515278093076
2 0.0229693255131964 0.1241243417203042 0.2194272210683517 0.2194315982906667 0.0423311412156983 0.0263223796305159 0.0079216957743375 0.057794397577327 0.2118802955665024 0.3796537037037037 0.2310943562610229 0.0001 0.9999 0.0001 0.0577653135048231 0.5305585655260092 0.4075006050216799 0.1473715462031107 0.6360320413961039 0.4856060739806641 0.0001 0.7185341204661356 0.7020619198730664 0.4375403785192664 0.2035192363948151 0.49323718464351 0.9999
6 0.7049443401759531 0.7091448215330602 0.0218827245604308 0.0218828467183649 0.0009841817717306 0.0013441275007179 0.0008711531045121 0.0015182105955881 0.5369384236453202 0.4490842592592592 0.820041798941799 0.0001 0.9999 0.0770076923076923 0.565400904340836 0.3189259349507363 0.9999 0.0078752058554437 0.9322390219155844 0.9298215426649852 0.5 0.3759848301144858 0.3047882478093108 0.2691658604738535 0.4998235083472033 0.5793869226081657 0.2395526674233825
1 0.0792630498533724 0.0808328262141603 0.0493944696570335 0.0493950136692425 0.0005912120954059 0.0013441275007179 0.0011465649275522 0.0007887490333153 0.4778369458128079 0.4027972222222222 0.2275677248677248 0.9999 0.0001 0.1154615384615384 0.2001202773311897 0.476750068863227 0.3445909347584955 0.004330626715462 0.458916497564935 0.9999 0.9999 0.3247529379236898 0.1962671703148101 0.3055311879211965 0.827593720683916 0.5084687507617307 0.1523964358683314
2 0.0229693255131964 0.1241243417203042 0.2046683867489195 0.2046727085530139 0.0437327330612565 0.0312988896333875 0.0095190843479698 0.0596092103088179 0.1626290640394088 0.4027972222222222 0.2310943562610229 0.0001 0.9999 0.0001 0.0577653135048231 0.5054549952325459 0.4018548653826762 0.1473715462031107 0.5328668019480519 0.3890511979823455 0.0001 0.7214212894505089 0.7020619198730664 0.4361317796510672 0.2006953699500681 0.4923842169408897 0.9999
2 0.0112414662756598 0.0966283791691047 0.3228850922917885 0.3242809235798131 0.9999 0.9999 0.9999 0.9999 0.0001 0.5509157407407408 0.1923014109347442 0.0001 0.9999 0.0001 0.028631270096463 0.9999 0.0001 0.1267901189387008 0.0001 0.9992696090794452 0.9999 0.9999 0.6761394432223865 0.9999 0.9999 0.3608444119439367 0.9999
6 0.4422402932551319 0.4482256875365711 0.0817408725124796 0.0817415232207644 0.0014753938671365 0.0018226380779171 0.0012567296567682 0.0018924725937791 0.3793344827586207 0.375025 0.238147619047619 0.9999 0.0001 0.1154615384615384 0.8734180667202572 0.4213527386375675 0.7249726429363719 0.0117628087831655 0.7970185064935066 0.9999 0.9999 0.414808038585209 0.32569928599762 0.3152505201117712 0.6373357189690826 0.4716083607556368 0.5257610215664018
6 0.2024055718475073 0.2060272088940901 0.0629164307555634 0.0629170319963811 0.0012003150937092 0.0019183401933569 0.0012016472921602 0.0016744190488548 0.4039600985221674 0.4166833333333333 0.2222777777777777 0.9999 0.0001 0.0385538461538461 0.5124573151125402 0.2798406293039517 0.519810497126147 0.0076465233302836 0.516839163961039 0.9999 0.9999 0.3951711942163147 0.2670402185280012 0.3105082372555005 0.7399530085237304 0.5174858379037173 0.300153484676504
5 0.0581529032258064 0.0650372732592159 0.0152931532740788 0.0152932850770451 0.0007811474389628 0.0023011486551163 0.0009262354691201 0.0011809521459622 0.5320133004926109 0.4490842592592592 0.238147619047619 0.9999 0.0001 0.1539153846153846 0.1461720659163987 0.5580983472825511 0.8738790259150953 0.0117628087831655 0.6347133116883117 0.8685685582177386 0.0001 0.3531741475003584 0.32569928599762 0.2691658604738535 0.4367907752055278 0.5734161486898234 0.2877836549375709
5 0.6656560117302053 0.6652682855471036 0.0217621873793664 0.0217618475910271 0.0002964848381623 0.0007699148080788 0.000485576552256 0.0004037913707372 0.5172379310344828 0.4444555555555555 0.8306216931216931 0.9999 0.0001 0.2308230769230769 0.6592326165594856 0.3531388176713635 0.7478580518301906 0.002386825251601 0.6617979910714286 0.9999 0.9999 0.2466560407151781 0.1721473693700191 0.2121176063117852 0.6258889746305544 0.5604997806215721 0.0410679682179341
6 0.3513493841642228 0.3534523698069046 0.1830954662020473 0.1830949672936563 0.0004405737194814 0.0010570211543983 0.000540658916864 0.0006045938440694 0.4975374384236453 0.4120546296296296 0.2346209876543209 0.0001 0.9999 0.0001 0.8850716840836014 0.3531388176713635 0.9999 0.0059314043915827 0.7462981331168832 0.9999 0.5 0.2931988428533393 0.2356015542173019 0.2241141733392819 0.4998235083472033 0.5371040950639854 0.0763617026106697
3 0.701425982404692 0.7009545348156817 0.062630838508032 0.0626302078396618 0.0001982424190811 0.0005785105771991 0.00037541182304 0.0002739770570065 0.6354408866995074 0.4861138888888889 0.2310943562610229 0.0001 0.9999 0.0385538461538461 0.2309621784565916 0.459061055196525 0.8318384289603712 0.0034158966148215 0.8549411728896104 0.8247563892391762 0.0001 0.1904279128351117 0.1721473693700191 0.1642017681452086 0.4157630554294649 0.634159634369287 0.0239317820658343
0 0.9529885630498536 0.9536833820947924 0.1307060792627719 0.1307087378537563 0.0018356160704342 0.0040237867330334 0.0027439535011845 0.002043764491642 0.3300832512315271 0.3379953703703703 0.816515167548501 0.9999 0.0001 0.0770076923076923 0.0667064509646302 0.4180691492742875 0.1769326308359382 0.004444967978042 0.1978080154220779 0.9999 0.9999 0.4353253671124582 0.2356015542173019 0.396902301171719 0.9114524688556012 0.4056252163315051 0.6777170034052213
6 0.3560405278592375 0.3552074312463428 0.0157961745709038 0.015795612453555 0.0002047919136865 0.0002914042308796 0.000320329458432 0.0002538795586017 0.5024625615763547 0.4027972222222222 0.823568430335097 0.9999 0.0001 0.2308230769230769 0.7201127210610933 0.1060222375251615 0.7982664414641526 0.0011290713632204 0.9999 0.9999 0.9999 0.1955060540274848 0.1086571310086185 0.1642017681452086 0.6006758813738842 0.5372868738574041 0.0150799772985244
5 0.0335243988269794 0.0451465769455822 0.0783716850054645 0.0783721866042655 0.0018552645542504 0.0028753613477553 0.0014219767505922 0.0028026391309794 0.4679866995073891 0.453712962962963 0.823568430335097 0.9999 0.0001 0.1539153846153846 0.0677110731511254 0.4635097891725818 0.8318384289603712 0.0146213403476669 0.7708467938311688 0.7897696931483817 0.0001 0.4363287095254674 0.3891895243590206 0.3055311879211965 0.4157630554294649 0.5562349421084705 0.7342323723041999
1 0.1525621700879765 0.1568854885898186 0.0363276230651549 0.0363271849372096 0.0004471232140868 0.0010570211543983 0.000430494187648 0.0006051113762172 0.4975374384236453 0.4027972222222222 0.2275677248677248 0.9999 0.0001 0.1154615384615384 0.3853726085209004 0.3657435639368577 0.5797964807905617 0.008446912168344 0.9999 0.9999 0.0001 0.2948369529153952 0.2806684468645198 0.1985011505858595 0.2896975891461139 0.5278433028641073 0.0797662429057888
1 0.0675351906158357 0.0773227033352838 0.124564074467899 0.1245645854762141 0.0011937655991038 0.003066765578635 0.0015872238444162 0.0017682648783159 0.5172379310344828 0.4166833333333333 0.2275677248677248 0.9999 0.0001 0.1154615384615384 0.170483922829582 0.6534283610551966 0.9999 0.0161077767612076 0.6310614448051948 0.7372371164354771 0.5 0.3946592848219223 0.3682784861707115 0.3105082372555005 0.4998235083472033 0.5511780621572212 0.6777170034052213
5 0.2246885043988269 0.2294280280866003 0.0098412527235104 0.0098414695267718 0.0009186868256765 0.0017269359624772 0.0008711531045121 0.0012806633397646 0.4433610837438423 0.453712962962963 0.8129885361552028 0.9999 0.0001 0.0770076923076923 0.4559975482315112 0.3694508422502384 0.8655112332358577 0.0071891582799634 0.6795501217532468 0.9999 0.9999 0.3692481024842812 0.2931790162633875 0.2762088548148496 0.5670416149694861 0.5218116026812919 0.2378503972758229
6 0.4551409384164223 0.4763066705675834 0.0340838600244096 0.0340866600395286 0.0080903834186029 0.0072776586579879 0.0030193653242245 0.0097597375380073 0.1774044334975369 0.3657675925925926 0.7530358024691358 0.9999 0.0001 0.1539153846153846 0.9427369975884244 0.4303561288272063 0.8558328224261369 0.0274275617566331 0.5387503652597403 0.9026096679277008 0.9999 0.5705923054867185 0.47683561717933 0.396902301171719 0.5718825288747668 0.4366366849482023 0.9999
6 0.2821550146627566 0.2920252194265652 0.1030173409124402 0.1030183455810075 0.0016784281999043 0.0040237867330334 0.0019177180320643 0.0024354500721411 0.5123128078817735 0.4120546296296296 0.6613433862433863 0.0001 0.9999 0.0001 0.6033756229903537 0.6259945015361797 0.8131873247958051 0.0140496340347666 0.5044633928571428 0.783570849096259 0.9999 0.4269505294201978 0.3755612960225019 0.3361447366567262 0.5932128057699098 0.53466704448507 0.85793066969353
2 0.0229693255131964 0.1065737273259216 0.1775948886556753 0.1775991730662921 0.0368754122093899 0.0255567627069972 0.0084174370558095 0.0517087370517749 0.2069551724137931 0.453712962962963 0.3122068783068782 0.0001 0.9999 0.0001 0.0559569935691318 0.4892488928911961 0.4786772511848341 0.1181001829826166 0.5418950284090909 0.440007797393863 0.0001 0.7062278186249411 0.6729667339800225 0.434723180782868 0.2391201240732334 0.5066409628275442 0.9999
1 0.0130006451612903 0.0158955529549444 0.1611149528358827 0.161114794181759 0.0004798706871139 0.0013441275007179 0.0007609883752961 0.0005591372704242 0.3990349753694581 0.3055944444444444 0.2240410934744268 0.9999 0.0001 0.1154615384615384 0.0327502210610932 0.5161531412225872 0.6896867701925986 0.0059314043915827 0.5941370129870129 0.9999 0.9999 0.3025565465828332 0.2356015542173019 0.2616063798811844 0.6549848842487517 0.4415717123705058 0.120734211123723
6 0.3067835190615836 0.3294665301345816 0.0200955394170333 0.0200955101499364 0.0014557453833203 0.0063206375035895 0.0016973885736323 0.0023929261806665 0.5861896551724137 0.4814851851851852 0.2346209876543209 0.0001 0.9999 0.0001 0.7727549236334406 0.6400821591270262 0.2666595643843904 0.0353171088746569 0.6516539163961038 0.369509079445145 0.0001 0.4135385032871157 0.4841184270311204 0.2534599830934322 0.1330738538356786 0.6105202437538086 0.7936983427922815
6 0.3261344868035191 0.3277114686951434 0.0878992056667043 0.0878993082180003 0.0007942464281737 0.0010570211543983 0.0008711531045121 0.001069596478835 0.4285857142857142 0.4120546296296296 0.7036629629629629 0.0001 0.9999 0.3077307692307692 0.6871611133440515 0.1060222375251615 0.5293880911565998 0.0039876029277218 0.6617979910714286 0.9999 0.9999 0.3548327339381899 0.2171782085031192 0.2762088548148496 0.735162520804963 0.5058489213893967 0.1247061748013621
5 0.2692543695014663 0.2727195435927443 0.320433758833811 0.3204332899672814 0.0006698060306708 0.001248425385278 0.0007059060106881 0.0009844624405279 0.5320133004926109 0.4166833333333333 0.2205144620811287 0.0001 0.9999 0.0001 0.6822384646302252 0.3451946498569763 0.9159196228698194 0.0076465233302836 0.7825124797077921 0.9999 0.9999 0.3376325782866037 0.2670402185280012 0.2534599830934322 0.5418285217128158 0.5611699695307739 0.1410479682179341
1 0.0153462170087976 0.0211607372732592 0.1948511147297474 0.1948514458397863 0.0014295474048986 0.0022054465396764 0.0012016472921602 0.0023644619125395 0.5320133004926109 0.513886111111111 0.2240410934744268 0.9999 0.0001 0.1154615384615384 0.0386774919614147 0.2838656743299078 0.6974496621962287 0.0101620311070448 0.5771964082792208 0.9498889869693148 0.9999 0.4118184877219571 0.3047882478093108 0.3055311879211965 0.6511020678872245 0.6147850822669104 0.3904872871736663
3 0.178949853372434 0.1843814511410181 0.0798695809143075 0.0798690020343629 0.0002964848381623 0.0014398296161577 0.000485576552256 0.000434757044245 0.5911147783251232 0.4907425925925926 0.2275677248677248 0.0001 0.9999 0.0385538461538461 0.4519790594855305 0.6558645725182752 0.4238329232630836 0.0101620311070448 0.8730990665584416 0.7372371164354771 0.0001 0.2466560407151781 0.3047882478093108 0.1827952732054382 0.2116882786099763 0.6138711882998172 0.0797662429057888
6 0.1484574193548387 0.1527903452311293 0.0165451225253253 0.0165460997207604 0.0013967999318716 0.0027796592323154 0.0014219767505922 0.0016871848418329 0.3251581280788177 0.328737962962963 0.820041798941799 0.0001 0.9999 0.9999 0.3005824959807073 0.3531388176713635 0.4756527478067964 0.006503110704483 0.3912555194805194 0.9999 0.9999 0.4096275155139574 0.2806684468645198 0.3282800596426138 0.7620396782165735 0.4432776477757465 0.4282776844494892
2 0.0229693255131964 0.129389526038619 0.07038811854973 0.0704021104127211 0.1167333999331818 0.0729293098497176 0.0251624758966448 0.1807430435804376 0.123228078817734 0.4861138888888889 0.3016269841269841 0.0001 0.9999 0.0001 0.0561579180064308 0.5392441890030724 0.9533226479782192 0.1504587602927721 0.232805073051948 0.3985070617906683 0.9999 0.8088554140127389 0.7098134254083878 0.537715234696034 0.5230699803298532 0.5592203290676416 0.9999
2 0.0229693255131964 0.1235393212404915 0.2309064427955152 0.2309104181136568 0.0431170805683478 0.0261309753996362 0.0078115310451214 0.0591853514797996 0.1971049261083743 0.3796537037037037 0.2275677248677248 0.0001 0.9999 0.0001 0.0578657757234726 0.4778092912384787 0.3812882424120198 0.1467998398902104 0.6370464488636364 0.4559777007145859 0.0001 0.7201722305281913 0.7011605820201219 0.4303095709958437 0.1904084279013466 0.4959179402803169 0.9999
6 0.3454854545454545 0.3493572264482154 0.3232178981444268 0.3232180413664066 0.001069325201601 0.0017269359624772 0.0011465649275522 0.0014270386822238 0.3990349753694581 0.4120546296296296 0.2275677248677248 0.9999 0.0001 0.6153615384615385 0.8728152934083602 0.3973083907193559 0.5966328829283049 0.008446912168344 0.6261922889610391 0.9999 0.9999 0.3840525221701107 0.2806684468645198 0.3055311879211965 0.701528254400565 0.4955523826934796 0.3163817934165721
1 0.0217965395894428 0.028766003510825 0.0034681092191333 0.0034691055551481 0.0015670867916123 0.003066765578635 0.0017524709382403 0.0022833818760566 0.4926123152709359 0.4398268518518519 0.2240410934744268 0.9999 0.0001 0.1154615384615384 0.0550528336012861 0.4608617332344528 0.6369595946354745 0.0118771500457456 0.4772772727272727 0.7965989281210593 0.9999 0.4205004710508529 0.32569928599762 0.3282800596426138 0.6813577797952287 0.53783521023766 0.6111014982973892
6 0.0229693255131964 0.0246708601521357 0.0870294124489665 0.0870293622324621 0.0004274747302706 0.0011527232698382 0.0007609883752961 0.0005483553506791 0.4285857142857142 0.4120546296296296 0.8129885361552028 0.9999 0.0001 0.0770076923076923 0.0465135450160771 0.4540827100328424 0.5346305636785318 0.0030728728270814 0.5317509537337662 0.9999 0.9999 0.2898407172261249 0.1962671703148101 0.2616063798811844 0.7325403591062694 0.4981112858013406 0.0880506242905789
5 0.6756246920821114 0.6804788180222352 0.5057129617487905 0.5057123757334584 0.000957983793309 0.0017269359624772 0.0008160707399041 0.0014174643374901 0.5270881773399015 0.4166833333333333 0.238147619047619 0.0001 0.9999 0.0001 0.2877233319935691 0.3885168450047675 0.9326552082282948 0.0109624199451052 0.7863672280844156 0.9999 0.0001 0.3733638540151965 0.3156043020446432 0.2691658604738535 0.4661892419428052 0.5550164168190129 0.2632709648127128
6 0.8128406451612903 0.8173736102984202 0.0996520044335741 0.0996514736189165 0.000434024224876 0.0018226380779171 0.0007059060106881 0.0006437537765836 0.5566389162561576 0.4814851851851852 0.8517814814814815 0.9999 0.0001 0.2308230769230769 0.3631704581993569 0.5246269202246 0.4622441161641625 0.008446912168344 0.7462981331168832 0.5620935056746532 0.0001 0.2915402564155078 0.3156043020446432 0.1985011505858595 0.2309006556715589 0.5880384521633151 0.1051868104426788
2 0.0294196480938416 0.1036486249268578 0.0125245721171849 0.0125281738927328 0.0257085239071619 0.0215372738585239 0.0058285659192331 0.0352676895262632 0.1429285714285714 0.453712962962963 0.238147619047619 0.0001 0.9999 0.0001 0.073839268488746 0.5231440088992478 0.445810981143491 0.1083811756633119 0.5734431006493507 0.53960956284153 0.0001 0.6740594322813198 0.6549399769211354 0.4158244793011952 0.2226811872698845 0.4957960877513711 0.9999
2 0.0229693255131964 0.1252943826799297 0.1344281749893632 0.1344322145004902 0.0429402442140016 0.0266094859768354 0.0088580959726736 0.0586663529909507 0.192179802955665 0.4074259259259259 0.2310943562610229 0.0001 0.9999 0.0001 0.0577653135048231 0.4814106473143342 0.369089412120601 0.1490866651418115 0.6363363636363636 0.3891562631357713 0.0001 0.7198036557642288 0.7038285420648372 0.4288070655364313 0.1843068593332324 0.4935418159658745 0.9999
5 0.5724195307917889 0.5740050906963137 0.0560905603819874 0.0560900933274005 0.0003816282680327 0.0008656169235187 0.000430494187648 0.000480731150038 0.4236605911330049 0.4120546296296296 0.823568430335097 0.9999 0.0001 0.2308230769230769 0.8410692323151124 0.3027198326093866 0.7758851164666735 0.004444967978042 0.8984592532467532 0.9999 0.0001 0.2769815532389866 0.2356015542173019 0.1985011505858595 0.3877765219145609 0.4927497745277269 0.0565018842224744
6 0.4639368328445747 0.4850819777647747 0.315687751742958 0.315686596639018 0.0004733211925084 0.0039280846175935 0.000485576552256 0.0007064614218209 0.4778369458128079 0.5231435185185185 0.816515167548501 0.9999 0.0001 0.1154615384615384 0.9405268287781352 0.5633944591588093 0.0637153877180599 0.0267415141811527 0.9999 0.3432427910886927 0.0001 0.3010617711512073 0.47683561717933 0.1121070866696409 0.0315659403843244 0.5868199268738574 0.1327635868331441
0 0.0270740762463343 0.0316911059098888 0.0133895900600179 0.0133928054672039 0.003230658421387 0.0013441275007179 0.0030193653242245 0.0054233356718962 0.5024625615763547 0.5601731481481482 0.8112252204585537 0.0001 0.9999 0.4230923076923077 0.0548519091639871 0.2747563619027439 0.2157470908540889 0.006503110704483 0.7970185064935066 0.9999 0.9999 0.4874786962131607 0.2806684468645198 0.4068094465447202 0.892038387047965 0.6139321145642902 0.8969693984108967
1 0.0499434017595307 0.0539218841427735 0.107327411616824 0.1073271006291672 0.0004864201817193 0.0010570211543983 0.0006508236460801 0.0006679052768125 0.5024625615763547 0.4027972222222222 0.2310943562610229 0.9999 0.0001 0.1154615384615384 0.1258786977491961 0.4719835681745947 0.9082575476454572 0.0076465233302836 0.9153998579545454 0.9043957755359396 0.0001 0.3040308456386836 0.2670402185280012 0.2348664780332026 0.4539861048065769 0.5327174040219378 0.1116554370034052
5 0.6375091495601173 0.6430375073142188 0.293343855360652 0.2933439652882589 0.0013575029642391 0.0025882550014358 0.0013118120213762 0.001997962896565 0.4975374384236453 0.4398268518518519 0.2416742504409171 0.9999 0.0001 0.1539153846153846 0.3845689107717042 0.3833266553660345 0.8407103055359484 0.0117628087831655 0.5651249594155844 0.8171916981925178 0.9999 0.4069246339115653 0.32569928599762 0.3002958954610562 0.5794464568517679 0.5454509932967703 0.4357676730987514
1 0.101545982404692 0.1077437682855471 0.1409418040006166 0.1409415208326528 0.0006305090630383 0.0016312338470374 0.0007059060106881 0.0010015410014041 0.5714142857142857 0.4768564814814814 0.2275677248677248 0.9999 0.0001 0.1154615384615384 0.2564795819935691 0.526533520500053 0.7310216496924473 0.0110767612076852 0.8307982751623377 0.9123807271963008 0.0001 0.3314282364265672 0.3156043020446432 0.2445858102237772 0.3653368689161244 0.6131400731261426 0.1896194097616344
5 0.3355167741935484 0.3394118782913984 0.0171662933657623 0.0171686560201057 0.0023202786712347 0.003640978271274 0.0024134593135364 0.0039154195040291 0.5960399014778326 0.4768564814814814 0.238147619047619 0.0001 0.9999 0.0001 0.8438821744372991 0.359388229685348 0.2731118382575375 0.008446912168344 0.2976257102272727 0.9999 0.9999 0.4570712781862494 0.2806684468645198 0.3835910418672364 0.8633458869218743 0.6203902985984155 0.7798532122587969
5 0.6785566568914956 0.6787237565827969 0.1021364567336332 0.1021365384461312 0.0004929696763247 0.0011527232698382 0.0008711531045121 0.0007091353379177 0.5369384236453202 0.4166833333333333 0.1676149911816578 0.0001 0.9999 0.0001 0.2402047025723472 0.4338515626655366 0.4622441161641625 0.004444967978042 0.5317509537337662 0.9999 0.9999 0.3054846683187581 0.1962671703148101 0.2762088548148496 0.7687463610228477 0.5608044119439366 0.1051868104426788
6 0.6251948973607039 0.6301670567583382 0.744436348213062 0.7444374923349322 0.001626032243061 0.0040237867330334 0.0025236240427524 0.0024189752987706 0.5221630541871921 0.4166833333333333 0.238147619047619 0.0001 0.9999 0.0001 0.41460711414791 0.6545935056679734 0.3606208026620954 0.0109624199451052 0.3393178571428571 0.9064970786044556 0.9999 0.4239814549327217 0.3156043020446432 0.3787313757719491 0.8196263832148082 0.5490456429006703 0.874385947786606
5 0.7430598826979473 0.7454160912814511 0.1028572151620039 0.1028569107172901 0.000545365633168 0.0010570211543983 0.000595741281472 0.0007589909348189 0.4482862068965517 0.4351981481481481 0.7001363315696649 0.9999 0.0001 0.1154615384615384 0.4281695136655948 0.3852332556414874 0.9082575476454572 0.0061600869167429 0.9153998579545454 0.9999 0.0001 0.3162757183525508 0.2670402185280012 0.2348664780332026 0.4539861048065769 0.5359464960390006 0.1116554370034052
6 0.1267608797653958 0.1311445874780573 0.16521113743687 0.1652108957667871 0.0007811474389628 0.0010570211543983 0.0007609883752961 0.0011337704651577 0.5270881773399015 0.4027972222222222 0.2822305114638447 0.0001 0.9999 0.0001 0.3130398110932476 0.2796287848289014 0.9999 0.0083325709057639 0.9999 0.9191048970155528 0.5 0.3531741475003584 0.2806684468645198 0.2534599830934322 0.4998235083472033 0.5488019378427789 0.158184154370034
4 0.3642500293255131 0.3674928613224107 0.1602482404406642 0.1602557080797056 0.0048876805565563 0.0070862544271082 0.0062141424714891 0.0071190297540436 0.4827620689655172 0.4166833333333333 0.2416742504409171 0.0001 0.9999 0.2308230769230769 0.914908963022508 0.4290850619769044 0.0907342845618634 0.0076465233302836 0.1343061079545454 0.9999 0.9999 0.5251347512646691 0.2670402185280012 0.4811834667856387 0.954566858324507 0.5294883120048751 0.9976303064699203
0 0.3671819941348973 0.369247922761849 0.1591654083457226 0.1591650985042101 0.0005846626008005 0.001248425385278 0.0006508236460801 0.0007739131117461 0.4138103448275862 0.4120546296296296 0.238147619047619 0.9999 0.0001 0.3077307692307692 0.9235487138263666 0.2461573577709503 0.8166150952909146 0.0059314043915827 0.6376550933441559 0.9999 0.9999 0.323585784504475 0.2356015542173019 0.2445858102237772 0.5914983154284562 0.5043866910420476 0.0978103064699205
6 0.0001 0.0059502047981275 0.0758362450927124 0.0758472251838229 0.0078349531289918 0.0075647650043074 0.0089682607018897 0.007969766349609 0.2808320197044335 0.296337037037037 0.8112252204585537 0.9999 0.0001 0.1539153846153846 0.0001 0.4855416145778155 0.0821648583240899 0.0078752058554437 0.1630138392857142 0.9610258932324506 0.9999 0.567705136502345 0.3047882478093108 0.5149663629746166 0.958853084178141 0.3675463010359537 0.9999
6 0.6081895014662756 0.6149565242832066 0.1686967030145484 0.1686964562427085 0.0005977615900113 0.0026839571168756 0.0010364001983361 0.000898897125431 0.5467886699507389 0.453712962962963 0.2522541446208112 0.9999 0.0001 0.1539153846153846 0.4621257435691318 0.6768371755482573 0.66387767470001 0.0133635864592863 0.6151352475649351 0.649717843631778 0.0001 0.3258996149671288 0.3441586852259205 0.2534599830934322 0.3317530286982397 0.5798743327239487 0.2737115550510783
2 0.0001 0.129389526038619 0.0260793439755444 0.0260944789787633 0.166922177094456 0.0948450942854408 0.0318825243788221 0.2641575813266036 0.1133778325123152 0.513886111111111 0.3051536155202821 0.0001 0.9999 0.0001 0.0001 0.4855416145778155 0.9282192699405062 0.1821312900274473 0.2155601461038961 0.3291640605296342 0.0001 0.8406757019681734 0.7396296815837871 0.5447817056848334 0.4639704897362182 0.5715274344911638 0.9999
5 0.0487706158357771 0.0556769455822118 0.052734543391242 0.0527354676168988 0.0019142100056992 0.0019183401933569 0.0014219767505922 0.0026894721013351 0.3005325123152709 0.453712962962963 0.2452008818342151 0.9999 0.0001 0.1539153846153846 0.1221615956591639 0.3205147685136137 0.6369595946354745 0.0117628087831655 0.7583695819805195 0.9999 0.9999 0.4392363548856166 0.32569928599762 0.3282800596426138 0.6813577797952287 0.5158408287629495 0.6111014982973892
5 0.3003331964809384 0.3025555880631948 0.2619434190597313 0.2619427277226167 0.0004471232140868 0.0009613190389585 0.000485576552256 0.0006167558495419 0.4778369458128079 0.4444555555555555 0.820041798941799 0.9999 0.0001 0.0770076923076923 0.608097347266881 0.2501824027969064 0.8878925582333368 0.004444967978042 0.8154807224025975 0.9999 0.0001 0.2948369529153952 0.2356015542173019 0.2121176063117852 0.4438000151308822 0.5395411456429007 0.0662615664018161
1 0.0247285043988269 0.0299360444704505 0.138077717345627 0.1380781315538255 0.0012003150937092 0.0023011486551163 0.0012016472921602 0.0015131215294684 0.4138103448275862 0.3657675925925926 0.2275677248677248 0.9999 0.0001 0.1154615384615384 0.0622861133440514 0.3668027863121093 0.6470412725622668 0.0093616422689844 0.5129844155844155 0.9498889869693148 0.9999 0.3951711942163147 0.2931790162633875 0.3055311879211965 0.6763151611438947 0.4651501767215112 0.3530373439273553
2 0.0229693255131964 0.1229543007606787 0.0952737705309527 0.0952871098056786 0.1010408108586139 0.0760874796592323 0.026374287918021 0.155206109791907 0.1183029556650246 0.4861138888888889 0.3051536155202821 0.0001 0.9999 0.0001 0.0560574557877813 0.5604286365081047 0.9351756277099929 0.1413114592863677 0.208560734577922 0.3602633459436738 0.9999 0.7959962500256006 0.7002592441671776 0.5334424847958297 0.5321971200887678 0.5547727117611212 0.9999
2 0.0001 0.2224077823288472 0.0389352312454197 0.0389511176362194 0.1378620695302418 0.0970462429405571 0.0323231832956861 0.2173997593511747 0.1183029556650246 0.4907425925925926 0.3086802469135802 0.0001 0.9999 0.0001 0.0001 0.7944108592011866 0.5666902994857317 0.3115655992680695 0.3692428774350649 0.3418769440941572 0.0001 0.8236598336985685 0.8233098878511412 0.5495474651889074 0.2831421848993796 0.5695168677635588 0.9999
6 0.7178449853372434 0.7278654768870684 0.0098475684096748 0.0098505579399009 0.0031062180238842 0.00603353115727 0.0033498595118726 0.0047945341123635 0.5517137931034483 0.4398268518518519 0.298100352733686 0.0001 0.9999 0.3077307692307692 0.2130799035369775 0.6604192287318572 0.4661759705556116 0.0180515782250686 0.3658953327922077 0.8423022698612863 0.9999 0.4838953304524136 0.3891895243590206 0.4009872378894968 0.7667797397488274 0.5639725776965265 0.9975168217934164
6 0.5043979472140763 0.5043876535985956 0.8179205120442273 0.8179193150156444 0.0004078262464543 0.0007699148080788 0.0007609883752961 0.0005879465599831 0.5664891625615763 0.4398268518518519 0.2346209876543209 0.0001 0.9999 0.0001 0.7299580184887461 0.338415626655366 0.4958161036603812 0.0034158966148215 0.6617979910714286 0.9191048970155528 0.9999 0.2845578122759948 0.1721473693700191 0.2534599830934322 0.7519544409139053 0.5732333698964046 0.0662615664018161
1 0.0986140175953079 0.1153490345231129 0.075354019347892 0.0753569129975515 0.0046322502669452 0.0056507226955106 0.0029642829596165 0.0067797011758266 0.4630615763546798 0.4166833333333333 0.2240410934744268 0.9999 0.0001 0.1154615384615384 0.2494472266881029 0.6224990676978494 0.6441175859634971 0.0262841491308325 0.5434166396103898 0.96029043715847 0.9999 0.5202818502058287 0.4390515343839025 0.4009872378894968 0.6777775205527817 0.5322909201706276 0.999786515323496
6 0.4117478592375366 0.421899765944997 0.1317369224777017 0.1317375000077036 0.0022678827143914 0.0025882550014358 0.0015321414798082 0.0031612026540216 0.4482862068965517 0.3981685185185185 0.6983730158730158 0.9999 0.0001 0.2308230769230769 0.8691986535369776 0.3622481300985274 0.9560447010184532 0.0146213403476669 0.8187268262987013 0.8053193358554014 0.0001 0.4549622114813526 0.3825196242472323 0.3152505201117712 0.4778881172139003 0.5102965386959171 0.7678238365493757
5 0.9623708504398828 0.9718190169689878 0.2277071626504348 0.2277130681625592 0.007487829914905 0.0096702115439839 0.005608236460801 0.0086755939438006 0.3793344827586207 0.3055944444444444 0.820041798941799 0.9999 0.0001 0.1154615384615384 0.0321474477491961 0.5230380866617227 0.2519403146112735 0.0146213403476669 0.224182609577922 0.9166883984867592 0.9999 0.5636303377229811 0.3891895243590206 0.4622378120083593 0.8739353860896757 0.4192726995734308 0.9999
6 0.3009195894428152 0.3101608543007607 0.0473836938193039 0.0473874756335583 0.004389918966545 0.0049808078874317 0.0034600242410886 0.0063954335561122 0.3497837438423645 0.4398268518518519 0.2593074074074074 0.0001 0.9999 0.0001 0.7502513866559486 0.5248387646996504 0.3331986387012201 0.0158790942360475 0.3874007711038961 0.9999 0.9999 0.5154084727712127 0.3682784861707115 0.4208954352267123 0.8332918797599232 0.530036648385131 0.9984246992054484
5 0.1208969501466275 0.1375798127559976 0.1371200436655286 0.1371242332775182 0.0064988562294877 0.01196706231454 0.0059938130130571 0.010272698151799 0.5221630541871921 0.4814851851851852 0.76361569664903 0.9999 0.0001 0.2308230769230769 0.2494472266881029 0.6039626761309461 0.4739388625592417 0.0211387923147301 0.2511658482142857 0.6205097309794031 0.9999 0.5508735556147214 0.4390515343839025 0.4318120764552562 0.7628969233873003 0.5740254113345522 0.9999
5 0.3061971260997067 0.3066507314218841 0.0212985235902244 0.0212986466032425 0.0004602222032976 0.000674212692639 0.0008160707399041 0.0006529830998853 0.5418635467980296 0.4074259259259259 0.238147619047619 0.0001 0.9999 0.0001 0.770142905948553 0.3405340714058693 0.4238329232630836 0.0034158966148215 0.7462981331168832 0.9999 0.9999 0.2980107911606283 0.1721473693700191 0.2691658604738535 0.7879587380844304 0.5556866057282146 0.0797662429057888
0 0.09450926686217 0.0960433586892919 0.2223095615967677 0.2223101605981926 0.0011217211584443 0.0007699148080788 0.0013668943859842 0.0015171755312926 0.3941098522167487 0.3796537037037037 0.2822305114638447 0.0001 0.9999 0.0001 0.23337327170418 0.0631237313274711 0.2858147524452959 0.0041019441903019 0.7744986607142857 0.9999 0.9999 0.3886801830954186 0.1962671703148101 0.3241246929814262 0.8569921874211934 0.5019496404631322 0.1942722814982974
2 0.0241421114369501 0.1217842598010532 0.1004705019563669 0.1004820621543786 0.0739062547083909 0.0634548004211735 0.0218575340201641 0.1119762182124245 0.1330783251231527 0.4814851851851852 0.3086802469135802 0.0001 0.9999 0.0001 0.0588703979099678 0.6336209026379913 0.9586659372794192 0.1378812214089661 0.2467024553571428 0.3843232660781841 0.0001 0.7681688553464271 0.6966538927554001 0.5200607955479372 0.479199198063247 0.5472787812309567 0.9999
5 0.4052975366568915 0.414879520187244 0.1109593932847282 0.1109593080423586 0.0010234787393631 0.003640978271274 0.0013668943859842 0.0013722665299188 0.4581364532019704 0.3796537037037037 0.2452008818342151 0.9999 0.0001 0.1539153846153846 0.9606192725080386 0.5297111876258078 0.5874585560149238 0.016793824336688 0.5577197849025974 0.5183864018495166 0.0001 0.3797934360087657 0.3755612960225019 0.2616063798811844 0.2935299793211278 0.4987205484460695 0.4017222701475596
6 0.119137771260997 0.1264644236395553 0.0076996189492771 0.0077006861121605 0.0013182059966066 0.0040237867330334 0.0020278827612803 0.0015930802462979 0.4236605911330049 0.296337037037037 0.2910470899470899 0.0001 0.9999 0.6922692307692307 0.2931482918006431 0.6088350990571035 0.6509731269537159 0.0123345150960658 0.3865892451298701 0.7080290037831022 0.9999 0.4041398468060704 0.3352174137247124 0.3322945664169817 0.6743989660563877 0.4440087629494211 0.6791923041997731
0 0.8837941935483872 0.884650965476887 0.0141220556139616 0.0141235754991461 0.0013967999318716 0.0022054465396764 0.0018075533028483 0.0019494011300331 0.4433610837438423 0.4074259259259259 0.8270950617283951 0.0001 0.9999 0.1923692307692307 0.213381290192926 0.3237983578768937 0.2753298074014319 0.004444967978042 0.3658953327922077 0.9999 0.9999 0.4096275155139574 0.2356015542173019 0.3534470260877733 0.8622869370050941 0.5156580499695308 0.4055807491486947
6 0.1666356011730205 0.2066122293739028 0.1756746119794477 0.1756738158510212 0.0014098989210824 0.0068948501962285 0.0009813178337281 0.00221894912366 0.5714142857142857 0.4490842592592592 0.2346209876543209 0.0001 0.9999 0.0001 0.4197306872990354 0.4731487127873715 0.0607917011192901 0.0597861390667886 0.9999 0.2582450819672131 0.0001 0.4105284760480881 0.5633640510619884 0.1642017681452086 0.0301035809754375 0.5842000975015235 0.5494793189557321
5 0.7583060997067448 0.7606266237565829 0.2789209077163773 0.2789211157750331 0.0011544686314713 0.0016312338470374 0.0011465649275522 0.0015375317957713 0.4088852216748768 0.4120546296296296 0.238147619047619 0.0001 0.9999 0.0385538461538461 0.085693810289389 0.2745445174276936 0.5462244932943431 0.0076465233302836 0.6053969358766234 0.9999 0.9999 0.3914444938251378 0.2670402185280012 0.3055311879211965 0.7267413476572352 0.4934199634369287 0.2807476049943246
5 0.5659692082111437 0.5681548858981861 0.0051113429303204 0.0051112585748612 0.0004995191709301 0.0014398296161577 0.0007059060106881 0.0008579258303997 0.6699167487684728 0.5509157407407408 0.8270950617283951 0.9999 0.0001 0.1731423076923076 0.8542297829581994 0.4527057209450154 0.9082575476454572 0.0051310155535224 0.6194971996753247 0.9123807271963008 0.9999 0.3068975382472812 0.2521140636832426 0.2445858102237772 0.5456609118878298 0.6822304570383911 0.1116554370034052
6 0.0106550733137829 0.0211607372732592 0.1639381415719297 0.1639372085810549 0.0004405737194814 0.0020140423087967 0.000210164729216 0.0006372846247365 0.4285857142857142 0.5601731481481482 0.820041798941799 0.9999 0.0001 0.1154615384615384 0.0214984525723472 0.1926666278207437 0.1292462942422103 0.0132492451967063 0.9999 0.9999 0.0001 0.2931988428533393 0.3755612960225019 0.1121070866696409 0.0643429616179956 0.5705526142595978 0.0596794551645857
2 0.0399747214076246 0.1182741369221767 0.5968681073856772 0.5968703917458236 0.0288784792961815 0.0170392744328515 0.005553154096193 0.0410291161612414 0.3350083743842364 0.4166833333333333 0.2310943562610229 0.0001 0.9999 0.0001 0.1006626808681672 0.4227297277253946 0.3789694564888575 0.1145556038426349 0.767600689935065 0.506093778898697 0.0001 0.6844409547995985 0.6630880711117523 0.4049078380726512 0.1892486256115398 0.513464704448507 0.9999
5 0.5589324926686217 0.5605496196606202 0.2831139841855938 0.2831138010046708 0.0006043110846167 0.0010570211543983 0.0008711531045121 0.0007798647314454 0.4236605911330049 0.4027972222222222 0.7389292768959436 0.9999 0.0001 0.1539153846153846 0.8350414991961415 0.4394654412543702 0.5966328829283049 0.0046736505032021 0.7462981331168832 0.9999 0.9999 0.3270258156347922 0.2356015542173019 0.2762088548148496 0.701528254400565 0.4893988299817184 0.1452469012485811
6 0.9834809970674486 0.9841044470450556 0.14178125111654 0.141781197781244 0.0006960040090925 0.0011527232698382 0.0008160707399041 0.0005619836972369 0.2069551724137931 0.217649074074074 0.820041798941799 0.9999 0.0001 0.1154615384615384 0.0072328175241157 0.2775103400783982 0.6398832812342442 0.004444967978042 0.6877668222402599 0.9999 0.9999 0.341543566059762 0.2356015542173019 0.2691658604738535 0.679895420386342 0.2863315904936014 0.1327635868331441
2 0.0241421114369501 0.1241243417203042 0.2295398669465537 0.2295439212853771 0.0459530117324913 0.0240255288599597 0.0076462839512974 0.0634388619469105 0.1971049261083743 0.4166833333333333 0.2275677248677248 0.0001 0.9999 0.0001 0.0608796422829582 0.4449733976056785 0.3892527679741857 0.14599945105215 0.689897077922078 0.4745742328709542 0.0001 0.7258441866180597 0.7002592441671776 0.4318120764552562 0.1943920966359005 0.4987205484460695 0.9999
6 0.0294196480938416 0.033446167349327 0.0195498487283171 0.0195495121781364 0.0004209252356652 0.0013441275007179 0.0007609883752961 0.0006248638531902 0.5763394088669951 0.4490842592592592 0.2310943562610229 0.0001 0.9999 0.6153615384615385 0.074040192926045 0.4455030087933043 0.7249726429363719 0.0076465233302836 0.7293575284090908 0.5958194199243378 0.0001 0.2881207016609662 0.2670402185280012 0.2121176063117852 0.362311297725324 0.590658281535649 0.0845325993189557
6 0.4950156598240469 0.4967823873610298 0.0309391874584824 0.0309389882788402 0.0004995191709301 0.0008656169235187 0.000595741281472 0.0006138231673712 0.38425960591133 0.3565101851851852 0.816515167548501 0.9999 0.0001 0.1154615384615384 0.9951782757234728 0.3178667125754847 0.8990832207320762 0.004444967978042 0.8984592532467532 0.9999 0.9999 0.3068975382472812 0.2356015542173019 0.2348664780332026 0.5502496948605438 0.468379268738574 0.0868022928490351
5 0.0083095014662756 0.0118004095962551 0.1033240367942282 0.1033251180343407 0.0010169292447577 0.0021097444242366 0.0015872238444162 0.0016515613789952 0.4926123152709359 0.5277722222222222 0.2310943562610229 0.9999 0.0001 0.1154615384615384 0.0207952170418006 0.5221907087615213 0.3517489260865181 0.0068461344922232 0.4265568993506493 0.9999 0.9999 0.3791791447354947 0.2521140636832426 0.3398540470096508 0.8240134614414688 0.6107639488117002 0.3904872871736663
6 0.0001 0.0006850204798127 0.0216845506518822 0.0216880619996906 0.0010562262123901 0.000674212692639 0.0032396947826566 0.0013117152686304 0.3005325123152709 0.3889111111111111 0.2222777777777777 0.0001 0.9999 0.1154615384615384 0.0001 0.5188011971607163 0.0786362710497126 0.0026155077767612 0.6194971996753247 0.9999 0.9999 0.3828648923751204 0.1435929861887418 0.4140872073637495 0.9606180007061078 0.4592403290676417 0.4093257434733258
1 0.0100686803519061 0.0135554710356933 0.142811709228655 0.1428118854464474 0.0006108605792221 0.0021097444242366 0.0009813178337281 0.0005037613306135 0.2020300492610837 0.217649074074074 0.2275677248677248 0.9999 0.0001 0.1154615384615384 0.0253160168810289 0.5608523254582053 0.5847365029746899 0.0068461344922232 0.4265568993506493 0.9999 0.9999 0.3281520163024556 0.2521140636832426 0.2889801512198557 0.7074785444091392 0.292789774527727 0.1973363677639046
2 0.0229693255131964 0.124709362200117 0.1740582584447408 0.1740620859091556 0.0405955251452641 0.0298633579017899 0.0087479312434576 0.0553655329525145 0.2020300492610837 0.3796537037037037 0.2310943562610229 0.0001 0.9999 0.0001 0.0577653135048231 0.4930620934421019 0.3599150852072199 0.1482862763037511 0.5623860592532468 0.3814865069356872 0.0001 0.7147869436991828 0.7029272042118928 0.425708148026393 0.1797180763605184 0.4926888482632541 0.9999
6 0.589424926686217 0.5898006436512581 0.0037088754990101 0.0037098714826197 0.0006305090630383 0.0014398296161577 0.0015321414798082 0.0013021409238968 0.793044827586207 0.6666333333333333 0.2222777777777777 0.0001 0.9999 0.6153615384615385 0.5065300442122187 0.5569332026697743 0.2740191892709489 0.004330626715462 0.4292957995129869 0.9220467213114754 0.9999 0.3314282364265672 0.1962671703148101 0.3282800596426138 0.8628920512432541 0.8130391468616697 0.2052802951191827
2 0.0241421114369501 0.1089138092451726 0.1732187343082543 0.1732218698174127 0.0328016265648234 0.022111486551163 0.0068751308467853 0.0456131571600574 0.192179802955665 0.4166833333333333 0.3086802469135802 0.0001 0.9999 0.0001 0.0588703979099678 0.4252718614259985 0.3706016638096199 0.1199296431838975 0.6369450081168831 0.4237226986128625 0.0001 0.6957848669793353 0.675093891312971 0.4105187568976448 0.1850632521309325 0.5024979768433883 0.9999
1 0.7119810557184751 0.7126549444119368 0.0563886299607216 0.0563899339402115 0.0010496767177847 0.0025882550014358 0.0017524709382403 0.0015368417529076 0.5172379310344828 0.4444555555555555 0.238147619047619 0.0001 0.9999 0.5192269230769231 0.2066503215434083 0.4105486704100011 0.260610557628315 0.0051310155535224 0.2753087459415584 0.9659639554434636 0.9999 0.3822506011018494 0.2171782085031192 0.3468735647028436 0.8695987340495285 0.5469132236441194 0.3163817934165721
6 0.0763310850439882 0.0872680514921006 0.0148100803030656 0.0148104438744475 0.0016587797160881 0.0044065951947927 0.0010364001983361 0.0026773100958626 0.5812645320197044 0.4768564814814814 0.2346209876543209 0.0001 0.9999 0.0001 0.1921837620578778 0.4091716813221739 0.7368690228899869 0.0177085544373284 0.481943547077922 0.94148377469525 0.0001 0.4258448051283101 0.3825196242472323 0.2889801512198557 0.3682615877338982 0.5969946130408288 0.5956675822928491
5 0.3161658064516128 0.3177661205383265 0.099322202382892 0.0993219801327605 0.000545365633168 0.0007699148080788 0.0006508236460801 0.000765373831308 0.4630615763546798 0.4444555555555555 0.8129885361552028 0.9999 0.0001 0.0770076923076923 0.6416517282958198 0.2167109757389554 0.7249726429363719 0.0037589204025617 0.8871993303571428 0.9999 0.9999 0.3162757183525508 0.2171782085031192 0.2445858102237772 0.6373357189690826 0.540942449725777 0.0845325993189557
6 0.5108482697947214 0.5143330017554125 0.0058713048252481 0.0058751474004095 0.0027525453151919 0.0039280846175935 0.0035151066056966 0.0033753747078377 0.4138103448275862 0.328737962962963 0.294573721340388 0.0001 0.9999 0.6922692307692307 0.7365885249196141 0.4799277359889819 0.1869134919834627 0.0082182296431838 0.2753087459415584 0.9831946406052964 0.9999 0.472817611157761 0.2806684468645198 0.4208954352267123 0.9065107025772936 0.4464458135283364 0.9431576617480136
2 0.0270740762463343 0.1018935634874195 0.0076020338959809 0.0076048726720534 0.0270380713120606 0.0170392744328515 0.0059938130130571 0.0369115441382763 0.2365059113300492 0.4166833333333333 0.2346209876543209 0.0001 0.9999 0.0001 0.0680124598070739 0.3854451001165378 0.3659640919632954 0.1094102470265324 0.7335165990259741 0.4259290668348046 0.0001 0.6785642349519733 0.6561297428870217 0.396902301171719 0.1827436475513189 0.4933590371724558 0.9999
5 0.0780902639296187 0.0849279695728496 0.290567803209149 0.2905685333636135 0.0015998342646394 0.0023011486551163 0.0015321414798082 0.0019156752850705 0.3300832512315271 0.4027972222222222 0.2416742504409171 0.9999 0.0001 0.6153615384615385 0.1960013263665594 0.4929561712045768 0.5891724412624786 0.0117628087831655 0.6347133116883117 0.9999 0.9999 0.4224457267495443 0.32569928599762 0.3361447366567262 0.7052597922025522 0.438342620353443 0.6636449035187286
5 0.1877457478005865 0.1902316559391457 0.7509106197166324 0.7509093667282749 0.0004995191709301 0.0010570211543983 0.000595741281472 0.0006722180447106 0.438435960591133 0.4120546296296296 0.2275677248677248 0.9999 0.0001 0.2308230769230769 0.4742816720257234 0.3178667125754847 0.8990832207320762 0.0059314043915827 0.7462981331168832 0.9999 0.9999 0.3068975382472812 0.2356015542173019 0.2348664780332026 0.5502496948605438 0.5195573308957953 0.0868022928490351
6 0.7395415249266862 0.7471711527208894 0.0063570735159655 0.0063573724394051 0.0007614989551466 0.0023968507705561 0.0012567296567682 0.0010860712522055 0.4975374384236453 0.4444555555555555 0.2346209876543209 0.9999 0.0001 0.1539153846153846 0.1168370980707395 0.7183586926581206 0.7982664414641526 0.0151930466605672 0.7657747564935065 0.7133873266078183 0.0001 0.3506146005283962 0.3606351411777433 0.2827823161997792 0.3989711353205225 0.5392974405850092 0.4660680817253121
6 0.2047511436950146 0.2095373317729666 0.0855085644123553 0.0855102878922434 0.0018552645542504 0.0031624676940748 0.0021380474904963 0.002531969817699 0.4729118226600985 0.4120546296296296 0.2557807760141093 0.0001 0.9999 0.0001 0.511251768488746 0.4482569869689585 0.355781597257235 0.0092473010064043 0.3733005073051947 0.9446357292980244 0.9999 0.4363287095254674 0.2931790162633875 0.3654670697630732 0.8219964139809351 0.5009138939670933 0.7175501248581158
6 0.2768774780058651 0.2773997074312463 0.8037051348171849 0.8037038815749334 0.0003619797842164 0.0008656169235187 0.0007059060106881 0.0005095404395969 0.5517137931034483 0.4074259259259259 0.2346209876543209 0.0001 0.9999 0.0001 0.6974082596463023 0.3852332556414874 0.5415869214480186 0.0034158966148215 0.5941370129870129 0.9123807271963008 0.9999 0.270859116882053 0.1721473693700191 0.2445858102237772 0.7290105260503355 0.5658612918951859 0.0596794551645857
5 0.8544745454545454 0.8553999414862492 0.1481357556446758 0.1481370793765149 0.0013444039750283 0.0022054465396764 0.0018075533028483 0.0017174604724771 0.4039600985221674 0.4074259259259259 0.8129885361552028 0.9999 0.0001 0.1154615384615384 0.2643156350482315 0.3531388176713635 0.2753298074014319 0.004444967978042 0.3658953327922077 0.9999 0.9999 0.406003197001659 0.2356015542173019 0.3534470260877733 0.8622869370050941 0.4705116879951249 0.4055807491486947
6 0.1361431671554252 0.1387498537156231 0.1062371855478363 0.1062378774217762 0.0009972807609414 0.0017269359624772 0.0013118120213762 0.0013791669585556 0.438435960591133 0.4120546296296296 0.8270950617283951 0.0001 0.9999 0.0770076923076923 0.2749646302250804 0.3480545502701557 0.386228264596148 0.004444967978042 0.4660173498376623 0.9999 0.9999 0.3772748417883548 0.2356015542173019 0.3197815131378119 0.8067677056539063 0.5158408287629495 0.258164154370034
1 0.2088558944281525 0.2124624341720304 0.1083207458175823 0.1083207414578019 0.000578113106195 0.0017269359624772 0.0009262354691201 0.0007153457236909 0.438435960591133 0.3333666666666666 0.2310943562610229 0.9999 0.0001 0.1154615384615384 0.5268234123794212 0.5434810785040788 0.7838496420288393 0.0076465233302836 0.572733015422078 0.8685685582177386 0.9999 0.3224186310852602 0.2670402185280012 0.2691658604738535 0.6078868260452919 0.4680746374162096 0.1728236776390465
5 0.3278936656891495 0.3318066120538326 0.1517510238504134 0.1517507248611967 0.000578113106195 0.0013441275007179 0.0006508236460801 0.000782797413616 0.438435960591133 0.4768564814814814 0.2205144620811287 0.9999 0.0001 0.1539153846153846 0.8308220860128618 0.4574722216336477 0.9159196228698194 0.008561253430924 0.7970185064935066 0.9999 0.0001 0.3224186310852602 0.2806684468645198 0.2445858102237772 0.4578184949815908 0.5176686166971359 0.1410479682179341
3 0.4721463343108504 0.4733815681685195 0.0206795863461138 0.0206789400605563 0.0001916929244757 0.000674212692639 0.000265247093824 0.0002613837747442 0.561564039408867 0.513886111111111 0.2310943562610229 0.0001 0.9999 0.0385538461538461 0.8064097668810289 0.5297111876258078 0.4958161036603812 0.0051310155535224 0.9999 0.9999 0.0001 0.1850221496303274 0.2171782085031192 0.1414528964237912 0.2476925757805013 0.6303822059719683 0.0258610215664018
5 0.1337975953079178 0.1457700994733762 0.2659776021075192 0.265979908663206 0.0037611674844254 0.0053636163491911 0.0027990358657925 0.0052634182382373 0.3005325123152709 0.4027972222222222 0.238147619047619 0.0001 0.9999 0.0001 0.3364475080385852 0.5535436910689692 0.527976656246849 0.0194236733760292 0.4304116477272727 0.9368609079445144 0.9999 0.5013616789890839 0.3955709963578667 0.392653027919318 0.7358684874161499 0.5094435709932968 0.9964954597048808
4 0.7770706744868034 0.7811023405500293 0.0019095981272247 0.0019110588671045 0.0018421655650396 0.0026839571168756 0.0017524709382403 0.0023046006941149 0.3891847290640394 0.4027972222222222 0.2222777777777777 0.0001 0.9999 0.3077307692307692 0.0208956792604501 0.405252558533743 0.447020782494706 0.0102763723696248 0.4752484577922077 0.9999 0.9999 0.4356529891248694 0.3047882478093108 0.3502307253387184 0.7763607151863622 0.4578390249847654 0.66682247446084
2 0.0241421114369501 0.1083287887653598 0.1702108502621803 0.1702135280512208 0.0320549841798064 0.0227814013592418 0.0061039777422731 0.0443674572803904 0.1971049261083743 0.4166833333333333 0.3122068783068782 0.0001 0.9999 0.0001 0.0587699356913183 0.3606592965356499 0.3322912876878088 0.118900571820677 0.6136136363636364 0.426769588062211 0.0001 0.6937372294017654 0.6740483394035557 0.3989682461784112 0.1659013012558632 0.5001827787934185 0.9999
5 0.2024055718475073 0.2083672908133411 0.5543979676909601 0.5543974644571962 0.0011544686314713 0.0019183401933569 0.0009262354691201 0.0016865810543272 0.4876871921182266 0.4166833333333333 0.2346209876543209 0.0001 0.9999 0.0001 0.5098452974276527 0.3398985379807183 0.9368895129575476 0.0109624199451052 0.7100837865259741 0.9999 0.9999 0.3914444938251378 0.3156043020446432 0.2827823161997792 0.5313398749180411 0.5438669104204754 0.3163817934165721
5 0.641613900293255 0.6553229373902868 0.9859464926870908 0.985946050987877 0.0038266624304795 0.0034495740403943 0.0014219767505922 0.0051318788173474 0.3103827586206896 0.4166833333333333 0.238147619047619 0.0001 0.9999 0.0001 0.3512154541800643 0.2529363809725606 0.8318384289603712 0.0235399588289112 0.8079741071428571 0.9999 0.0001 0.502917883548037 0.424125379539144 0.3282800596426138 0.4157630554294649 0.4878147471054235 0.945313870601589
5 0.6545145454545455 0.6711184903452312 0.3375375612137448 0.3375372213536001 0.0012330625667363 0.0049808078874317 0.0018075533028483 0.0018602993452598 0.5123128078817735 0.4490842592592592 0.2416742504409171 0.9999 0.0001 0.1539153846153846 0.3138435088424438 0.6810740650492637 0.3949993243924574 0.0277705855443732 0.6554072240259741 0.4089085119798234 0.0001 0.3977512175640527 0.4482812339980527 0.2691658604738535 0.1972663892671609 0.5612918220597197 0.7475100794551645
6 0.0194509677419354 0.0539218841427735 0.004208584911627 0.0042295284604353 0.0200104636004533 0.0188576146262084 0.0156883091840669 0.0227241766055592 0.3448586206896551 0.3055944444444444 0.2346209876543209 0.0001 0.9999 0.6153615384615385 0.048824176045016 0.8792545714588409 0.2153438237370172 0.0513248856358646 0.3082769886363635 0.9999 0.9999 0.6516992299342577 0.5402898020266128 0.576052600558856 0.8922400917940184 0.4102556124314442 0.9999
2 0.0229693255131964 0.1001385020479812 0.2002923094220615 0.2002978699585423 0.0418792260879249 0.0267051880922752 0.0091885901603217 0.0586244328869818 0.2020300492610837 0.453712962962963 0.3051536155202821 0.0001 0.9999 0.0001 0.0560574557877813 0.4945450047674542 0.6441175859634971 0.1094102470265324 0.4781902394480519 0.5061988440521228 0.0001 0.7175717308046777 0.6607806462082148 0.4566034165355624 0.3218694961416251 0.5057270688604509 0.9999
0 0.0030319648093841 0.0053651843183148 0.0871699749764058 0.0871710028404661 0.0009645332879144 0.0018226380779171 0.0015321414798082 0.0013381956635243 0.4630615763546798 0.4074259259259259 0.823568430335097 0.0001 0.9999 0.1923692307692307 0.0060272709003215 0.4021808136455133 0.2904523242916205 0.0037589204025617 0.3912555194805194 0.9999 0.9999 0.3740190980400188 0.2171782085031192 0.3361447366567262 0.8546725828415798 0.5182169530773919 0.2737115550510783
6 0.9999 0.9999 0.0296182077828054 0.0296183956389076 0.0007549494605412 0.0007699148080788 0.0008711531045121 0.0007994446977024 0.3448586206896551 0.2685648148148148 0.8605980599647266 0.0001 0.9999 0.0385538461538461 0.0024106310289389 0.1589833562877423 0.5293880911565998 0.0037589204025617 0.8871993303571428 0.9999 0.9999 0.3497545927458169 0.2171782085031192 0.2762088548148496 0.735162520804963 0.3894797562461913 0.1247061748013621
2 0.4832878005865103 0.4844969572849619 0.0710778376912196 0.0710774257204855 0.000434024224876 0.0007699148080788 0.000485576552256 0.0008575808089679 0.7782694581280789 0.6666333333333333 0.2822305114638447 0.0001 0.9999 0.0001 0.8040991358520901 0.1821803263057527 0.9999 0.0050166742909423 0.8871993303571428 0.9999 0.5 0.2915402564155078 0.2171782085031192 0.2121176063117852 0.4998235083472033 0.8106630225472273 0.0575232463110102
2 0.0241421114369501 0.127049444119368 0.335307661874336 0.3353114843823666 0.041309420057254 0.0275665071312338 0.0088580959726736 0.0571318701728316 0.2118802955665024 0.4027972222222222 0.2310943562610229 0.0001 0.9999 0.0001 0.0607791800643086 0.5146702298972349 0.3726179993949783 0.1500013952424519 0.6172655032467532 0.3957753678015973 0.0001 0.7163431482581358 0.7046938264036638 0.4303095709958437 0.1860717758611993 0.4996344424131627 0.9999
2 0.0229693255131964 0.1217842598010532 0.2134149189015379 0.2134187657807953 0.0405103817153937 0.025078252129798 0.0079216957743375 0.0559744957797163 0.192179802955665 0.4120546296296296 0.2310943562610229 0.0001 0.9999 0.0001 0.0577653135048231 0.4868126814281174 0.3763482202278915 0.1440556495882891 0.6527697646103897 0.4341241488020176 0.0001 0.7146026563172015 0.6984565684612889 0.4272576067814121 0.1879375447621929 0.4992079585618525 0.9999
4 0.3642500293255131 0.3674928613224107 0.156411769178047 0.1564186262688575 0.0039183553549553 0.0086174882741456 0.0058285659192331 0.0057592140357948 0.4876871921182266 0.4444555555555555 0.2416742504409171 0.0001 0.9999 0.2308230769230769 0.914908963022508 0.5176360525479394 0.0983963597862256 0.0076465233302836 0.1081343952922077 0.9899188104245482 0.9999 0.5050883793802609 0.2670402185280012 0.4736239861929696 0.9507344681494933 0.535276307129799 0.9958145516458567
6 0.3695275659824047 0.3774382094792275 0.38586634705213 0.3858671687812496 0.0017177251675368 0.0029710634631951 0.0017524709382403 0.0015663410853301 0.2414310344827586 0.2315351851851851 0.2275677248677248 0.9999 0.0001 0.6153615384615385 0.9335949356913184 0.59665404174171 0.6302048704245236 0.0143926578225068 0.5878476866883117 0.9659639554434636 0.9999 0.4291210252524218 0.3525952075294796 0.3468735647028436 0.6847363342916225 0.3291627544180378 0.8368225198637911
6 0.4381355425219941 0.441205441778818 0.0726860270462506 0.0726856127216398 0.0005519151277734 0.001248425385278 0.000485576552256 0.0007484677811477 0.4729118226600985 0.4120546296296296 0.8306216931216931 0.0001 0.9999 0.0770076923076923 0.8840670618971062 0.2047417628986121 0.7249726429363719 0.0058170631290027 0.7825124797077921 0.9999 0.0001 0.3175452536506441 0.2670402185280012 0.2121176063117852 0.362311297725324 0.520227519804997 0.0845325993189557
5 0.0780902639296187 0.0808328262141603 0.1724108656231528 0.1724107674558631 0.0007483999659358 0.0010570211543983 0.0008160707399041 0.0010531217054646 0.4679866995073891 0.453712962962963 0.820041798941799 0.9999 0.0001 0.0770076923076923 0.1580266077170418 0.2102497192499205 0.6398832812342442 0.004444967978042 0.7462981331168832 0.9999 0.9999 0.3488741085874619 0.2356015542173019 0.2691658604738535 0.679895420386342 0.5319862888482632 0.1327635868331441
5 0.9606116715542522 0.961288648332358 0.2313444587371847 0.2313440432485466 0.0005191676547463 0.0014398296161577 0.0006508236460801 0.0006291766210882 0.4335108374384236 0.3333666666666666 0.820041798941799 0.9999 0.0001 0.1154615384615384 0.0535459003215434 0.3531388176713635 0.8166150952909146 0.004444967978042 0.5560967329545455 0.9999 0.9999 0.3110337661539722 0.2356015542173019 0.2445858102237772 0.5914983154284562 0.4599105179768434 0.0978103064699205
1 0.0698807624633431 0.098383440608543 0.0696310064156326 0.0696315978284516 0.0041344886769339 0.0103401263520627 0.0032947771472646 0.0068468940996779 0.5861896551724137 0.453712962962963 0.238147619047619 0.0001 0.9999 0.0001 0.1756074959807073 0.4711361902743934 0.3911682867802762 0.0428636322049405 0.4786974431818181 0.3231753467843631 0.0001 0.509961756814877 0.5132496664382821 0.3105082372555005 0.195350194179654 0.6038183546617916 0.9947931895573212
1 0.0200373607038123 0.0258409011117612 0.1570475739254503 0.1570484995109763 0.0013771514480553 0.0035452761558342 0.0016423062090242 0.0017292774565177 0.4236605911330049 0.3333666666666666 0.2240410934744268 0.9999 0.0001 0.1154615384615384 0.0505320337620578 0.5072556732704735 0.514467207824947 0.0101620311070448 0.3592002435064935 0.9274050441361916 0.9999 0.4082965510885371 0.3047882478093108 0.3361447366567262 0.7426255964089373 0.4618601584399756 0.5727436776390467
6 0.3079563049853372 0.3271264482153305 0.0808090777415426 0.0808086515273745 0.0012003150937092 0.0041194888484732 0.0008711531045121 0.0019174866475877 0.5812645320197044 0.4490842592592592 0.8112252204585537 0.0001 0.9999 0.6153615384615385 0.625376848874598 0.4670052230109122 0.2039515276797418 0.0241116651418115 0.8615348214285715 0.5095609289617485 0.0001 0.3951711942163147 0.4611523385380982 0.2121176063117852 0.1017087658243809 0.5963853503961 0.4357676730987514
6 0.0088958944281524 0.0147255119953189 0.0812176718281537 0.0812183233022375 0.0011741171152876 0.0015355317315975 0.0012567296567682 0.0016876161186227 0.5123128078817735 0.3796537037037037 0.2575440917107583 0.0001 0.9999 0.0001 0.0220007636655948 0.4884015149909949 0.6333301905818292 0.0100476898444647 0.8208570819805195 0.9999 0.9999 0.3930621275114179 0.3047882478093108 0.3152505201117712 0.683173122509709 0.5343624131627056 0.4433711464245176
5 0.7524421700879765 0.7565314803978934 0.0245550300135991 0.0245554563419307 0.0010038302555468 0.0020140423087967 0.0010914825629441 0.0014602469950386 0.5172379310344828 0.4120546296296296 0.2310943562610229 0.0001 0.9999 0.0001 0.0903150723472668 0.470818423561818 0.7758851164666735 0.0101620311070448 0.6310614448051948 0.9446357292980244 0.9999 0.3779096094374015 0.3047882478093108 0.2948023598750793 0.6118704947798457 0.5441106154783668 0.3382843359818388
1 0.0053775366568914 0.0082902867173785 0.0284334004624777 0.0284332819709593 0.0005715636115896 0.0013441275007179 0.0006508236460801 0.0004533882015645 0.1774044334975369 0.217649074074074 0.2275677248677248 0.9999 0.0001 0.1154615384615384 0.0134614750803858 0.2675536497510329 0.8166150952909146 0.0059314043915827 0.5941370129870129 0.9999 0.9999 0.321210524914494 0.2356015542173019 0.2445858102237772 0.5914983154284562 0.2790204387568555 0.0978103064699205
5 0.9840673900293256 0.9846894675248684 0.1124449659034944 0.1124448014662697 0.0005519151277734 0.0009613190389585 0.0007059060106881 0.0004186272923064 0.1084527093596059 0.2269064814814815 0.816515167548501 0.9999 0.0001 0.1154615384615384 0.0037166398713826 0.3629895857612035 0.7478580518301906 0.004444967978042 0.8154807224025975 0.9999 0.9999 0.3175452536506441 0.2356015542173019 0.2534599830934322 0.6258889746305544 0.2638497989031079 0.1090452894438138
6 0.2545945454545454 0.2586790520772381 0.2066879429308288 0.2066877175723721 0.0008662908688332 0.0014398296161577 0.0007609883752961 0.0012090713926573 0.3990349753694581 0.4398268518518519 0.7600890652557319 0.9999 0.0001 0.2308230769230769 0.526019714630225 0.2513475474096832 0.9223718967429666 0.0066174519670631 0.7462981331168832 0.9999 0.9999 0.3634737645155345 0.2806684468645198 0.2616063798811844 0.5386012457759621 0.5237612431444242 0.1758877639046537
6 0.2024055718475073 0.2054421884142773 0.0264290173314755 0.0264289787941854 0.0006894545144871 0.0014398296161577 0.0007059060106881 0.0009154581541594 0.3497837438423645 0.4398268518518519 0.8129885361552028 0.9999 0.0001 0.4230923076923077 0.4107895498392283 0.2472165801462019 0.8318384289603712 0.0051310155535224 0.6194971996753247 0.9999 0.9999 0.3405811763983042 0.2521140636832426 0.2534599830934322 0.5838839612649417 0.5014622303473492 0.1247061748013621
1 0.7413007038123167 0.7413209479227618 0.0573782671744569 0.0573781833373289 0.0004274747302706 0.0009613190389585 0.0007609883752961 0.0005879465599831 0.5172379310344828 0.4074259259259259 0.2310943562610229 0.9999 0.0001 0.2308230769230769 0.1287921020900321 0.4036637249708655 0.5797964807905617 0.004330626715462 0.6310614448051948 0.9191048970155528 0.9999 0.2898407172261249 0.1962671703148101 0.2534599830934322 0.7099494275482927 0.5401504082876295 0.0797662429057888
2 0.0241421114369501 0.1094988297249853 0.1237180806041222 0.123728374447884 0.0818049452025181 0.0535017804154302 0.0182771803206434 0.1244609912343574 0.1774044334975369 0.4814851851851852 0.3051536155202821 0.0001 0.9999 0.0001 0.0589708601286173 0.4640394003602077 0.9864913683573662 0.1208443732845379 0.2572522930194805 0.4189947667087011 0.0001 0.77719893706351 0.6761394432223865 0.5096136872754596 0.493116825540929 0.5495330530164534 0.9999
6 0.5407543108504399 0.5482641895845524 0.1731304687430788 0.1731295993180169 0.0004274747302706 0.0017269359624772 0.000430494187648 0.0005192872950464 0.438435960591133 0.3379953703703703 0.2346209876543209 0.9999 0.0001 0.1539153846153846 0.619148191318328 0.3346024261044603 0.2039515276797418 0.0143926578225068 0.9999 0.549590752416982 0.0001 0.2898407172261249 0.3525952075294796 0.1414528964237912 0.1017087658243809 0.4672825959780622 0.070687468785471
4 0.3636636363636363 0.3704179637214745 0.1551647292428311 0.1551724353838635 0.0046387997615507 0.0093831051976644 0.0064895542945292 0.0076745142593099 0.5467886699507389 0.4814851851851852 0.2416742504409171 0.0001 0.9999 0.2308230769230769 0.9134020297427654 0.6827688208496663 0.1407394070787536 0.012677538883806 0.1596662946428571 0.9819338587641866 0.9999 0.5204047084604829 0.3352174137247124 0.4838832812830206 0.92955546981389 0.6025389031078611 0.9999
3 0.6685879765395895 0.6693634289057929 0.133080392157769 0.1330798124146057 0.0002571878705298 0.0011527232698382 0.000430494187648 0.0003743782936726 0.6058901477832512 0.4907425925925926 0.2346209876543209 0.0001 0.9999 0.0385538461538461 0.3133411977491961 0.5675254264222904 0.8738790259150953 0.0051310155535224 0.6097588879870129 0.9999 0.0001 0.2282068261412743 0.2171782085031192 0.1985011505858595 0.4367907752055278 0.6275795978062157 0.0491253802497162
2 0.2921236950146627 0.2990454651843183 0.0019738332767504 0.0019742156363069 0.0015998342646394 0.0015355317315975 0.0009813178337281 0.0019449158514192 0.1626290640394088 0.4166833333333333 0.2575440917107583 0.0001 0.9999 0.0001 0.7288529340836013 0.2126859307129992 0.9999 0.0125631976212259 0.9999 0.9999 0.5 0.4224457267495443 0.3352174137247124 0.2889801512198557 0.4998235083472033 0.4452882145033516 0.4073965039727582
0 0.7196041642228739 0.7220152720889409 0.3061813347159749 0.3061827352012577 0.0019797049517533 0.0023011486551163 0.0020278827612803 0.0028501658332157 0.453211330049261 0.4398268518518519 0.2416742504409171 0.0001 0.9999 0.0001 0.1857541800643087 0.2863018857929865 0.2998282847635374 0.0076465233302836 0.4318318181818181 0.9999 0.9999 0.4423692403792983 0.2670402185280012 0.3654670697630732 0.849982947495839 0.5286962705667276 0.604292417707151
3 0.5712467448680352 0.5710799882972498 0.0744766010944192 0.0744758760671777 0.0002047919136865 0.0004828084617593 0.000265247093824 0.0002828613588764 0.5763394088669951 0.513886111111111 0.2310943562610229 0.0001 0.9999 0.0385538461538461 0.5593731712218649 0.2649055938129039 0.66387767470001 0.0034158966148215 0.9999 0.9999 0.0001 0.1955060540274848 0.1721473693700191 0.1414528964237912 0.3317530286982397 0.6261782937233394 0.0185980022701475
0 0.3407943108504399 0.342922001170275 0.0173473687093293 0.0173510404462902 0.0029228321749326 0.0020140423087967 0.0033498595118726 0.0034352359262624 0.3054576354679803 0.3426240740740741 0.8112252204585537 0.0001 0.9999 0.4230923076923077 0.6920837620578778 0.209931952537345 0.1429573762226479 0.004444967978042 0.4004866274350649 0.9999 0.9999 0.4783257562414237 0.2356015542173019 0.4175382745908376 0.9284460937105966 0.4272540402193784 0.8068625652667423
2 0.0229693255131964 0.1024785839672323 0.1978318875376523 0.1978369125322549 0.0376220545944069 0.031011783287068 0.0102902374524819 0.0534665349916539 0.2020300492610837 0.453712962962963 0.3051536155202821 0.0001 0.9999 0.0001 0.0560574557877813 0.5239913867994491 0.5750580921649693 0.112726143641354 0.4224992694805194 0.4068072089113073 0.0001 0.7080092633174269 0.6653233889870543 0.4481518233263672 0.2873275583799868 0.51352563071298 0.9999
6 0.0886453372434017 0.0919482153306027 0.1819936100280495 0.1819931127324248 0.0004733211925084 0.0009613190389585 0.000540658916864 0.0005646576133337 0.4236605911330049 0.3055944444444444 0.2275677248677248 0.9999 0.0001 0.1154615384615384 0.2238293609324759 0.3648961860366564 0.8990832207320762 0.0068461344922232 0.9076903612012988 0.9999 0.0001 0.3010617711512073 0.2521140636832426 0.2241141733392819 0.4493973218338629 0.4541834491163924 0.0868022928490351
1 0.1455254545454545 0.151035283791691 0.1220019084197927 0.12200172999425 0.0005388161385626 0.0018226380779171 0.0010914825629441 0.0007329418167148 0.4926123152709359 0.3796537037037037 0.2275677248677248 0.9999 0.0001 0.1154615384615384 0.3675907958199357 0.6242997457357772 0.8558328224261369 0.0101620311070448 0.6955777597402597 0.6128399747793191 0.0001 0.3150061830544576 0.3047882478093108 0.2534599830934322 0.4277644878196399 0.5229082754418038 0.1942722814982974
2 0.0229693255131964 0.1071587478057343 0.2046677705844156 0.2046730936552651 0.0419840180016115 0.036371101751699 0.0119427083907222 0.0606237458291505 0.2709817733990148 0.4814851851851852 0.3051536155202821 0.0001 0.9999 0.0001 0.0560574557877813 0.520707797436169 0.5707229706564485 0.1192435956084172 0.3794883928571428 0.3626798444724674 0.0001 0.7177969709382105 0.6740483394035557 0.4530584427172611 0.2851592323599132 0.521750676416819 0.9999
6 0.3208569501466275 0.3417519602106494 0.1601385631589801 0.160140408465686 0.0057194663714437 0.0053636163491911 0.0024685416781444 0.0082876173436938 0.4482862068965517 0.4398268518518519 0.8482548500881835 0.9999 0.0001 0.2308230769230769 0.6435605104501607 0.4896725818412968 0.9507014117172532 0.0258267840805123 0.7151558238636364 0.8805459857082807 0.0001 0.5393453560530034 0.4730499981969637 0.3736369431986286 0.4752155293286932 0.5261982937233395 0.999673030646992
2 0.0745719061583577 0.0948733177296664 0.040691377101936 0.040691394709547 0.0014426463941095 0.0037366803867138 0.0013118120213762 0.0022614730151346 0.5664891625615763 0.4490842592592592 0.2275677248677248 0.0001 0.9999 0.0001 0.1882657355305466 0.626841879436381 0.3277545326207522 0.0313151646843549 0.9745398133116884 0.5430767129045818 0.0001 0.412698971880312 0.4652263856334067 0.2616063798811844 0.1636321228627629 0.581397489335771 0.7690721679909194
6 0.0253148973607038 0.0299360444704505 0.0943630023737093 0.0943626333413656 0.0006305090630383 0.001248425385278 0.000595741281472 0.0008937218039534 0.4975374384236453 0.4166833333333333 0.7459825396825397 0.9999 0.0001 0.1154615384615384 0.0524408159163987 0.245309979870749 0.7478580518301906 0.0067317932296431 0.8549411728896104 0.8948348465741909 0.0001 0.3314282364265672 0.2806684468645198 0.2241141733392819 0.3737580420638523 0.541490786106033 0.1090452894438138
6 0.7272272727272727 0.7302055588063195 0.0093912985945788 0.0093920551995814 0.001102072674628 0.0023011486551163 0.0015872238444162 0.002162020587406 0.7142428571428572 0.6018314814814815 0.2222777777777777 0.0001 0.9999 0.2308230769230769 0.1500900924437299 0.4374529187413921 0.5415869214480186 0.008561253430924 0.4724081168831168 0.7747453762084909 0.9999 0.3869601675302599 0.2806684468645198 0.3152505201117712 0.7290105260503355 0.7412070810481414 0.3605273325766175
0 0.0933364809384164 0.098383440608543 0.0206342982550813 0.0206385043241767 0.0045209088586532 0.0041194888484732 0.0037354360641286 0.0059090395925724 0.3547088669950739 0.4027972222222222 0.2346209876543209 0.0001 0.9999 0.0001 0.2349806672025723 0.2359888229685348 0.1873167591005344 0.0093616422689844 0.2852499391233765 0.9999 0.9999 0.5180704016220534 0.2931790162633875 0.4288070655364313 0.906258571644727 0.4747156002437538 0.974819886492622
2 0.0241421114369501 0.1200291983616149 0.5618825179191445 0.561885007527944 0.0314458811815031 0.0245040394371589 0.0075361192220814 0.044615786455959 0.3103827586206896 0.4166833333333333 0.2346209876543209 0.0001 0.9999 0.0001 0.0606787178456591 0.5104333403962285 0.3218063426439448 0.1395963403476669 0.6486106939935065 0.3741319461958806 0.0001 0.6920376902123825 0.6938777721683315 0.4086875783689858 0.1606569778584758 0.5127335892748325 0.9999
6 0.7295728445747801 0.7471711527208894 0.0040282797736898 0.0040310467601491 0.0043375230097017 0.0104358284675026 0.0039557655225607 0.0054208342665154 0.4187354679802955 0.3703962962962963 0.2346209876543209 0.0001 0.9999 0.0001 0.1168370980707395 0.6722825193346754 0.7688279419179187 0.0294857044830741 0.3267392045454545 0.6595939680538042 0.9999 0.5143027484793249 0.4569701309004363 0.3947894028694202 0.6154003278357795 0.4536960390006093 0.999786515323496
5 0.8884853372434017 0.8916712112346402 0.0924719935114143 0.0924718583082555 0.0008269939012007 0.001248425385278 0.0007059060106881 0.0009999021496029 0.3694842364532019 0.3379953703703703 0.7001363315696649 0.9999 0.0001 0.1154615384615384 0.1188463424437299 0.2920216866193453 0.9223718967429666 0.0075321820677035 0.9274713068181818 0.9999 0.0001 0.3588665799660024 0.2931790162633875 0.2534599830934322 0.4610457709184445 0.4494312004875076 0.1758877639046537
6 0.1461118475073313 0.1598105909888823 0.0246747969890337 0.0246750691011641 0.0018749130380667 0.0050765100028716 0.0012567296567682 0.0031002201159434 0.5861896551724137 0.4814851851851852 0.2346209876543209 0.0001 0.9999 0.0001 0.3679926446945338 0.4138322597732811 0.5677992840576788 0.0219391811527904 0.5114628043831169 0.7133873266078183 0.0001 0.4373115755627009 0.4133453788179294 0.2827823161997792 0.2836968729510263 0.6102765386959171 0.6882710783200909
5 0.4445858651026393 0.4570009947337624 0.3660574284591982 0.3660592034276642 0.0051955068030107 0.0044065951947927 0.0025236240427524 0.0073782271047152 0.3793344827586207 0.4166833333333333 0.238147619047619 0.0001 0.9999 0.0001 0.8513163786173634 0.3307892255535544 0.6398832812342442 0.02102445105215 0.5682696225649351 0.9298215426649852 0.9999 0.5306633727241076 0.4076489235873211 0.3811964237912977 0.679895420386342 0.5159017550274223 0.9954740976163452
5 0.3267208797653959 0.3294665301345816 0.0866835131006215 0.0866846186971572 0.0012068645883146 0.0021097444242366 0.0015872238444162 0.001616886725095 0.453211330049261 0.4027972222222222 0.2346209876543209 0.9999 0.0001 0.2308230769230769 0.8229860329581994 0.4124552706854539 0.3517489260865181 0.0068461344922232 0.4265568993506493 0.9999 0.9999 0.3957035799864829 0.2521140636832426 0.3398540470096508 0.8240134614414688 0.4959179402803169 0.3904872871736663
1 0.0886453372434017 0.0925332358104154 0.1528555757441154 0.1528551981177366 0.0004733211925084 0.0011527232698382 0.0006508236460801 0.0005922593278811 0.438435960591133 0.3426240740740741 0.2240410934744268 0.9999 0.0001 0.1154615384615384 0.2241307475884244 0.491155493166649 0.9082575476454572 0.0076465233302836 0.8437826907467533 0.9043957755359396 0.0001 0.3010617711512073 0.2670402185280012 0.2348664780332026 0.4539861048065769 0.4800161852528946 0.1116554370034052
5 0.610535073313783 0.6155415447630194 0.0979222766301601 0.0979231347153771 0.001737373651353 0.0018226380779171 0.0014219767505922 0.0024988477602421 0.453211330049261 0.453712962962963 0.7495091710758378 0.9999 0.0001 0.2308230769230769 0.7249349075562701 0.3475249390825299 0.5966328829283049 0.0087899359560841 0.7462981331168832 0.9999 0.9999 0.4301857967927581 0.3156043020446432 0.3282800596426138 0.701528254400565 0.5294273857404022 0.5674098978433598
6 0.5061571260997066 0.5137479812755997 0.0556809650280576 0.0556816538797414 0.0016784281999043 0.0022054465396764 0.0014219767505922 0.0027734848199887 0.5812645320197044 0.4768564814814814 0.2416742504409171 0.0001 0.9999 0.0385538461538461 0.7100664991961414 0.4435964085178515 0.8623859130785521 0.0142783165599268 0.788598924512987 0.873821815889029 0.9999 0.4269505294201978 0.3525952075294796 0.3152505201117712 0.5686048267513996 0.6114341377209019 0.641174937570942
1 0.1291064516129032 0.1346547103569338 0.098610686422079 0.098611081376982 0.000990731266336 0.0025882550014358 0.0012016472921602 0.0013513064779343 0.4581364532019704 0.375025 0.2310943562610229 0.9999 0.0001 0.1154615384615384 0.3255975884244373 0.5097978069710775 0.7345502369668246 0.0101620311070448 0.4926962662337661 0.8998779739386298 0.9999 0.3766400741393081 0.3047882478093108 0.3002958954610562 0.6325452312503153 0.5084078244972579 0.3642723269012486
0 0.9441926686217008 0.9443230544177882 0.1493209480678184 0.1493204985945578 0.0004536727086922 0.0010570211543983 0.000540658916864 0.0004815937036176 0.3497837438423645 0.296337037037037 0.7565624338624339 0.9999 0.0001 0.2308230769230769 0.0462121583601286 0.235459211780909 0.8878925582333368 0.0038732616651418 0.6617979910714286 0.9999 0.9999 0.2964341102258996 0.2171782085031192 0.2241141733392819 0.5558470015635246 0.3967299817184643 0.0662615664018161
2 0.0229693255131964 0.1089138092451726 0.0611831600062522 0.0611867675815856 0.0381853111304723 0.0201974442423662 0.0072607073990413 0.0517359074895325 0.2414310344827586 0.4027972222222222 0.2310943562610229 0.0001 0.9999 0.0001 0.0577653135048231 0.3793016103400784 0.3923780881314914 0.1255323650503201 0.7080549715909091 0.4304468684321143 0.0001 0.7093402277428471 0.677184995131802 0.4175382745908376 0.195955308417814 0.4894597562461913 0.9999
6 0.2194109677419354 0.2212377413692217 0.0229359807591879 0.0229354081914384 0.000244088881319 0.0008656169235187 0.000320329458432 0.0003515206238131 0.6108152709359607 0.4768564814814814 0.2416742504409171 0.0001 0.9999 0.3461846153846153 0.5510348070739549 0.4237889501006463 0.6218370777452858 0.0051310155535224 0.7970185064935066 0.9999 0.0001 0.2210810473713314 0.2171782085031192 0.1642017681452086 0.3107253089221768 0.6273358927483242 0.033351010215664
0 0.6380955425219942 0.6389423639555295 0.0838910555692037 0.0838909329258033 0.0005257171493517 0.0008656169235187 0.0007059060106881 0.0007181058951456 0.4630615763546798 0.4398268518518519 0.8517814814814815 0.9999 0.0001 0.2308230769230769 0.7215191921221865 0.320091079563513 0.66387767470001 0.0037589204025617 0.7970185064935066 0.9999 0.9999 0.3123852069551682 0.2171782085031192 0.2534599830934322 0.667893987996167 0.5262592199878123 0.0940653121452894
5 0.9418470967741936 0.9454930953774136 0.2658917241797961 0.2658919513090241 0.0014491958887149 0.0021097444242366 0.0012016472921602 0.0015981693124176 0.3005325123152709 0.3333666666666666 0.8094619047619048 0.9999 0.0001 0.0770076923076923 0.0787619172025723 0.2724260726771904 0.6974496621962287 0.0078752058554437 0.6029623579545454 0.9498889869693148 0.9999 0.4131289757716017 0.3047882478093108 0.3055311879211965 0.6511020678872245 0.402639829372334 0.3904872871736663
5 0.5601052785923754 0.561134640140433 0.0559171870947185 0.0559166432734446 0.0003095838273731 0.0008656169235187 0.00037541182304 0.0003849014473438 0.4482862068965517 0.3796537037037037 0.820041798941799 0.9999 0.0001 0.0770076923076923 0.865782938102894 0.3090751668608963 0.7478580518301906 0.0037589204025617 0.7970185064935066 0.9999 0.0001 0.2520618039199623 0.2171782085031192 0.1827952732054382 0.3737580420638523 0.4968318342474101 0.0410679682179341
1 0.0024455718475073 0.0077052662375658 0.1879008561469581 0.1879009663686098 0.0007222019875141 0.0017269359624772 0.0009813178337281 0.0005907929867958 0.2315807881773399 0.1852481481481481 0.2310943562610229 0.9999 0.0001 0.1154615384615384 0.0060272709003215 0.5944296747536816 0.7626781183825755 0.0093616422689844 0.6795501217532468 0.9999 0.9999 0.3452907428267147 0.2931790162633875 0.2889801512198557 0.6184763252130933 0.2909010603290677 0.2824498751418842
6 0.6334043988269795 0.6342622001170275 0.1641739785357757 0.1641735073224123 0.0004012767518489 0.000674212692639 0.000540658916864 0.0005457676899403 0.4827620689655172 0.4398268518518519 0.8112252204585537 0.9999 0.0001 0.1154615384615384 0.7134822146302251 0.3531388176713635 0.8878925582333368 0.0037589204025617 0.9999 0.9999 0.9999 0.282714938456182 0.2171782085031192 0.2241141733392819 0.5558470015635246 0.5366776112126752 0.0662615664018161
3 0.7137402346041055 0.7144100058513752 0.1084340430657265 0.1084332683356125 0.0001654949460541 0.0007699148080788 0.000265247093824 0.0002085954956723 0.5517137931034483 0.4907425925925926 0.2310943562610229 0.0001 0.9999 0.0385538461538461 0.1969054863344051 0.6621139845322598 0.4958161036603812 0.0051310155535224 0.8871993303571428 0.9999 0.0001 0.1594471562864808 0.2171782085031192 0.1414528964237912 0.2476925757805013 0.5979694332723949 0.0258610215664018
3 0.4686279765395894 0.4681163838502048 0.1028901029423965 0.102889336326844 0.0001654949460541 0.0003871063463195 0.000265247093824 0.0002081642188825 0.5467886699507389 0.4768564814814814 0.2346209876543209 0.0001 0.9999 0.0385538461538461 0.8215795618971061 0.4237889501006463 0.7982664414641526 0.0026155077767612 0.9999 0.9999 0.0001 0.1594471562864808 0.1435929861887418 0.1414528964237912 0.3989711353205225 0.5960197928092626 0.0150799772985244
6 0.7641700293255133 0.784027442949093 0.0021476686873972 0.002148666956116 0.0030472725724355 0.0041194888484732 0.0014770591152002 0.0037603323704159 0.3202330049261083 0.3703962962962963 0.2452008818342151 0.0001 0.9999 0.5192269230769231 0.0324488344051447 0.5922053077656532 0.6065129272965615 0.0326872598353156 0.9307174107142856 0.9594499159310635 0.0001 0.4821343621357036 0.4730499981969637 0.3282800596426138 0.3030605285721491 0.4489437903717245 0.9908212258796822
2 0.0241421114369501 0.105403686366296 0.0226439958049292 0.0226466585234629 0.0258657117776918 0.017326380779171 0.0051675775439369 0.0351908360023203 0.1872546798029556 0.4027972222222222 0.238147619047619 0.0001 0.9999 0.0001 0.0605782556270096 0.4390417523042695 0.3231169607744277 0.1184432067703568 0.7825124797077921 0.4802477511559478 0.0001 0.6746122944272636 0.6686403122858895 0.392653027919318 0.1613125182831492 0.491714028031688 0.9999
6 0.0012727859237536 0.0036101228788765 0.1381331721509729 0.138133817339354 0.0009448848040981 0.0014398296161577 0.0013118120213762 0.0011919065764232 0.3990349753694581 0.3703962962962963 0.8306216931216931 0.0001 0.9999 0.1923692307692307 0.0025110932475884 0.3051560440724653 0.3423729656146012 0.0037589204025617 0.4926962662337661 0.9999 0.9999 0.3720124132140004 0.2171782085031192 0.3197815131378119 0.8287030967872094 0.4685011212675198 0.2196928490351873
6 0.1449390615835777 0.1568854885898186 0.0123296330722815 0.0123330810922575 0.0049597249972159 0.0067991480807887 0.0036252713349126 0.0063798213363213 0.3793344827586207 0.3426240740740741 0.820041798941799 0.0001 0.9999 0.9999 0.2934496784565916 0.5063023731327472 0.4339146011898759 0.0153073879231473 0.3376948051948051 0.8705647961328289 0.9999 0.5264657156900895 0.3955709963578667 0.4123264587785004 0.7829161194330964 0.4667951858622791 0.999219091940976
1 0.0640168328445748 0.0685473961380924 0.0427472869895721 0.042747840731138 0.0008990383418602 0.0016312338470374 0.0011465649275522 0.0012471100055179 0.4778369458128079 0.4027972222222222 0.2205144620811287 0.9999 0.0001 0.1154615384615384 0.1620450964630225 0.5120221739591059 0.5966328829283049 0.008561253430924 0.6617979910714286 0.9999 0.9999 0.3671185594036087 0.2806684468645198 0.3055311879211965 0.701528254400565 0.5194964046313224 0.3163817934165721
6 0.2974012316715542 0.3002155061439438 0.0303410457663765 0.0303412325644743 0.0008466423850169 0.0008656169235187 0.0008711531045121 0.0011057374738205 0.3694842364532019 0.3981685185185185 0.8112252204585537 0.9999 0.0001 0.1539153846153846 0.6039783963022508 0.2402257124695412 0.66387767470001 0.0051310155535224 0.9999 0.9999 0.9999 0.3612008868044319 0.2521140636832426 0.2762088548148496 0.667893987996167 0.4881193784277879 0.1669224744608399
4 0.3660092082111437 0.369247922761849 0.1547186261420486 0.1547257167724317 0.0032110099375708 0.0077561692351871 0.0059387306484491 0.0046962030042884 0.4729118226600985 0.4398268518518519 0.2416742504409171 0.0001 0.9999 0.2308230769230769 0.9193293006430868 0.6300195465621358 0.0953718564081879 0.0076465233302836 0.1215245738636363 0.9999 0.9999 0.4869258340672169 0.2670402185280012 0.4765350905205813 0.9522472537448934 0.5336312979890311 0.9966089443813848
0 0.9254280938416424 0.927942480983031 0.0926834919773585 0.0926877466302975 0.0025233130040025 0.0052679142337513 0.0039006831579527 0.0033501018879553 0.3793344827586207 0.4074259259259259 0.8270950617283951 0.0001 0.9999 0.1923692307692307 0.1256777733118971 0.5834137620510648 0.1670525864676817 0.006503110704483 0.2028800527597402 0.9848756830601092 0.9999 0.4648113482294632 0.2806684468645198 0.4318120764552562 0.9163942351339084 0.4847684338817793 0.96676247446084
5 0.1654628152492668 0.1680008777062609 0.0346944790477183 0.034694274371526 0.0005257171493517 0.0009613190389585 0.000595741281472 0.0007159495111966 0.4729118226600985 0.4074259259259259 0.2593074074074074 0.0001 0.9999 0.0001 0.4124974075562701 0.2708372391143129 0.8990832207320762 0.0059314043915827 0.8154807224025975 0.9999 0.9999 0.3123852069551682 0.2356015542173019 0.2348664780332026 0.5502496948605438 0.5244923583180987 0.0868022928490351
6 0.7078763049853373 0.7167500877706261 0.1103987606067938 0.1103992923486137 0.0020124524247803 0.0065120417344692 0.0023032945843204 0.0031542159700268 0.5714142857142857 0.421312037037037 0.6613433862433863 0.0001 0.9999 0.0001 0.4679525522508038 0.3852332556414874 0.9541291822123626 0.0140496340347666 0.308885633116883 0.4873921815889028 0.0001 0.4438844921867 0.3755612960225019 0.3105082372555005 0.4769300196701468 0.5767670932358319 0.7089252894438139
6 0.0112414662756598 0.0141404915155061 0.0026392139203381 0.002651302414427 0.0077498096991215 0.0093831051976644 0.0096292490771858 0.0059409540750178 0.1429285714285714 0.2593074074074074 0.238147619047619 0.0001 0.9999 0.6153615384615385 0.0281289590032154 0.2445685242080729 0.0453667338912977 0.0059314043915827 0.0777021712662337 0.9697463009667928 0.9999 0.5667222704651115 0.2356015542173019 0.5231362364101722 0.9772082160689968 0.2759131992687385 0.999559545970488
1 0.0604984750733137 0.0691324166179052 0.0871486402804602 0.087148512868994 0.0010169292447577 0.0023011486551163 0.0008711531045121 0.0016057597839181 0.5861896551724137 0.4444555555555555 0.238147619047619 0.0001 0.9999 0.0001 0.1520993368167202 0.3996386799449094 0.6284909851769689 0.0142783165599268 0.7564422077922078 0.7897696931483817 0.0001 0.3791791447354947 0.3525952075294796 0.2534599830934322 0.3140534372320573 0.5929734795856185 0.2948197048808172
6 0.0898181231671554 0.0931182562902282 0.0017802035814176 0.0017804321834858 0.0006829050198816 0.0014398296161577 0.0009262354691201 0.0009289139900013 0.507387684729064 0.375025 0.2416742504409171 0.0001 0.9999 0.0001 0.2254367564308681 0.4166921601864604 0.66387767470001 0.0067317932296431 0.6194971996753247 0.9342342791088692 0.9999 0.3395983103610707 0.2521140636832426 0.2762088548148496 0.667893987996167 0.5151706398537478 0.1669224744608399
6 0.9447790615835776 0.9449080748976008 0.1283575682563732 0.1283574575486204 0.0005388161385626 0.0008656169235187 0.0008160707399041 0.0005408511345366 0.3103827586206896 0.2593074074074074 0.7565624338624339 0.9999 0.0001 0.1539153846153846 0.0450066117363344 0.3565283292721687 0.6121586669355651 0.0038732616651418 0.7970185064935066 0.9248834804539724 0.9999 0.3150061830544576 0.2171782085031192 0.2616063798811844 0.6937626216775105 0.3692522364411944 0.103938479001135
1 0.0053775366568914 0.0123854300760678 0.1985865350137343 0.1985860134313558 0.0005519151277734 0.0017269359624772 0.0007059060106881 0.0006723905554265 0.4138103448275862 0.3426240740740741 0.2275677248677248 0.9999 0.0001 0.1154615384615384 0.0134614750803858 0.537019822015044 0.5588265907028336 0.0118771500457456 0.8397250608766234 0.7372371164354771 0.0001 0.3175452536506441 0.32569928599762 0.2241141733392819 0.2792089423513391 0.4610681170018282 0.158184154370034
4 0.3589724926686217 0.3616426565242832 0.1718845070957446 0.1718844867193263 0.00065670704146 0.0013441275007179 0.0008711531045121 0.0009430598687068 0.5221630541871921 0.4166833333333333 0.2416742504409171 0.0001 0.9999 0.2308230769230769 0.9016479501607718 0.4449733976056785 0.66387767470001 0.0067317932296431 0.6617979910714286 0.9999 0.9999 0.3356054170848096 0.2521140636832426 0.2762088548148496 0.667893987996167 0.5478271176112127 0.1669224744608399
5 0.6099486803519062 0.6284119953189 0.3051372439642125 0.3051374136505074 0.0021368928222832 0.0067991480807887 0.0019728003966723 0.0033095618697138 0.5221630541871921 0.453712962962963 0.2452008818342151 0.9999 0.0001 0.1539153846153846 0.4237491760450161 0.6231346011230002 0.522330916607845 0.0301717520585544 0.5208967938311689 0.549590752416982 0.0001 0.4494540663976897 0.4611523385380982 0.3055311879211965 0.2609546628335099 0.5690903839122486 0.9487184108967084
6 0.5941160703812317 0.6015010532475131 0.2732156865341663 0.2732152097593954 0.0011872161044984 0.0017269359624772 0.0006508236460801 0.0014375618358949 0.3005325123152709 0.4027972222222222 0.2346209876543209 0.9999 0.0001 0.6153615384615385 0.4846292805466238 0.207919430024367 0.575360542502773 0.0143926578225068 0.9999 0.9999 0.0001 0.3941268990517541 0.3525952075294796 0.2445858102237772 0.2874788369395269 0.4458365508836076 0.2615686946651532
0 0.5747651026392963 0.5781002340550029 0.0252564562806617 0.0252634283205998 0.006439910778039 0.0053636163491911 0.005718401190017 0.0084895411366796 0.3251581280788177 0.4444555555555555 0.238147619047619 0.0001 0.9999 0.5192269230769231 0.5459112339228296 0.2280446551541477 0.1091837551678935 0.008446912168344 0.1990253043831168 0.9999 0.9999 0.5500545005836934 0.2806684468645198 0.4726379669852302 0.9453388661925656 0.4779446922608166 0.9976303064699203
6 0.0651896187683284 0.0685473961380924 0.0076191324609626 0.00761942953715 0.0007483999659358 0.0008656169235187 0.0009813178337281 0.001516226722355 0.753643842364532 0.6388611111111111 0.2222777777777777 0.0001 0.9999 0.2308230769230769 0.1649585008038585 0.3907412119927959 0.6218370777452858 0.0068461344922232 0.9999 0.9381216897856244 0.9999 0.3488741085874619 0.2521140636832426 0.2827823161997792 0.6889217077722298 0.7850130652041438 0.1819024517593643
6 0.3003331964809384 0.3043106495026331 0.0967118984829229 0.0967116800534444 0.0005715636115896 0.0013441275007179 0.0006508236460801 0.0007936655887191 0.4581364532019704 0.4398268518518519 0.2416742504409171 0.9999 0.0001 0.1154615384615384 0.7542698754019292 0.4655223116855599 0.9159196228698194 0.008446912168344 0.7970185064935066 0.9999 0.0001 0.321210524914494 0.2806684468645198 0.2445858102237772 0.4578184949815908 0.5327783302864108 0.1410479682179341
0 0.0001 0.0036101228788765 0.1306319854811847 0.1306345671601686 0.0014622948779257 0.0033538719249545 0.0026888711365764 0.0015804007086777 0.3596339901477832 0.2917083333333333 0.1870114638447971 0.0001 0.9999 0.0001 0.0001 0.5959125860790339 0.2017335585358475 0.0069604757548032 0.2672949269480519 0.9999 0.9999 0.4139685071784054 0.2521140636832426 0.3947894028694202 0.8990476269733192 0.3941101523461304 0.7342323723041999
5 0.4299260410557184 0.4306750731421884 0.3094047993178311 0.3094041925532826 0.0004864201817193 0.0008656169235187 0.000595741281472 0.0006466864587542 0.4482862068965517 0.3796537037037037 0.7777222222222222 0.0001 0.9999 0.0001 0.8830624397106109 0.1363159974573577 0.6974496621962287 0.0031872140896614 0.6955777597402597 0.9999 0.9999 0.3040308456386836 0.1962671703148101 0.2348664780332026 0.6511020678872245 0.513464704448507 0.0639918728717366
1 0.6979076246334311 0.700369514335869 0.00027676219204 0.0002778402196199 0.0012658100397633 0.0022054465396764 0.0015321414798082 0.0015883362016101 0.4285857142857142 0.3426240740740741 0.238147619047619 0.0001 0.9999 0.5192269230769231 0.2375926848874598 0.3926478122682488 0.4182880004033477 0.0076465233302836 0.4503954748376623 0.9610258932324506 0.9999 0.4002698117844636 0.2670402185280012 0.3322945664169817 0.7907321783426641 0.4623475685557587 0.4017222701475596
2 0.0229693255131964 0.1235393212404915 0.1620327298643573 0.1620364208894128 0.0443811330271924 0.0264180817459557 0.0083623546912015 0.0610548501082376 0.2069551724137931 0.4027972222222222 0.2310943562610229 0.0001 0.9999 0.0001 0.0577653135048231 0.4133026485856552 0.3526562770999294 0.1465711573650503 0.6300470373376623 0.3875802858343842 0.0001 0.7227317775001536 0.7011605820201219 0.4225153239251414 0.1760369647450446 0.4969536867763559 0.9999
0 0.0253148973607038 0.0281809830310122 0.0062286802374772 0.0062299806146968 0.0010889736854172 0.0011527232698382 0.0016423062090242 0.0016097275303843 0.4975374384236453 0.4490842592592592 0.8112252204585537 0.0001 0.9999 0.6153615384615385 0.051335731511254 0.4384062188791185 0.3045666733891298 0.004444967978042 0.6877668222402599 0.9999 0.9999 0.3858134904868208 0.2356015542173019 0.3434224974757555 0.847612916729712 0.5517263985374771 0.3549665834279227
0 0.4299260410557184 0.4336001755412522 0.3044147140628932 0.3044166562770973 0.0024905655309754 0.0014398296161577 0.0024134593135364 0.003171208275545 0.2709817733990148 0.4166833333333333 0.2822305114638447 0.0001 0.9999 0.0385538461538461 0.9300787580385852 0.3060034219726666 0.2731118382575375 0.0083325709057639 0.7462981331168832 0.9999 0.9999 0.4636237184344727 0.2806684468645198 0.3835910418672364 0.8633458869218743 0.4644799878123095 0.7798532122587969
2 0.0575665102639296 0.0948733177296664 0.059277132134176 0.0592820518469809 0.0141552154232147 0.025652464822437 0.0090784254311057 0.0231011987752049 0.5566389162561576 0.453712962962963 0.2310943562610229 0.0001 0.9999 0.0001 0.145066981511254 0.6248293569234029 0.8820451850357972 0.0556698536139066 0.2419347402597402 0.4425293610760824 0.9999 0.6207389497614024 0.552259568713714 0.4429869608096367 0.5587717203812982 0.5909019865935405 0.9999
2 0.0241421114369501 0.1048186658864833 0.014985610166098 0.0149885151554183 0.0276864712779965 0.0200060400114865 0.0064344719299212 0.0384661244548002 0.2069551724137931 0.4120546296296296 0.2346209876543209 0.0001 0.9999 0.0001 0.0606787178456591 0.4306738955397817 0.3467080871231219 0.1177571591948764 0.6714348620129871 0.4020792770071458 0.0001 0.6806733016568701 0.6675587068623562 0.3989682461784112 0.1731122459272708 0.5021324192565509 0.9999
1 0.0135870381231671 0.0211607372732592 0.2052021392503737 0.2052018390462097 0.0007025535036979 0.0022054465396764 0.0009262354691201 0.0010140480283084 0.5123128078817735 0.4120546296296296 0.2240410934744268 0.9999 0.0001 0.1154615384615384 0.034257154340836 0.5712327047356712 0.7033978521730362 0.012791880146386 0.7039973417207793 0.7372371164354771 0.0001 0.3424854793454441 0.3352174137247124 0.2534599830934322 0.3515200938114692 0.548680085313833 0.2530573439273552
1 0.0077231085043988 0.0100453481568168 0.1580915106360867 0.158091433427769 0.0006829050198816 0.0010570211543983 0.0008160707399041 0.0007776220921384 0.3891847290640394 0.296337037037037 0.2310943562610229 0.9999 0.0001 0.1154615384615384 0.0193887459807073 0.1987041953596779 0.5677992840576788 0.0051310155535224 0.6617979910714286 0.9999 0.9999 0.3395983103610707 0.2171782085031192 0.2691658604738535 0.7159501437433803 0.4234156855575869 0.1141520998864926
6 0.1625308504398827 0.1685858981860737 0.0882960156071794 0.0882971958639756 0.0015081413401636 0.0029710634631951 0.0018075533028483 0.0022547450972137 0.5270881773399015 0.4120546296296296 0.2628340388007054 0.0001 0.9999 0.0001 0.4045608922829583 0.5309822544761098 0.5131565896944641 0.0108480786825251 0.4610467532467532 0.9014539512400168 0.9999 0.4168966289143301 0.3156043020446432 0.3434224974757555 0.7432811368336107 0.5528839975624619 0.6684112599318955
2 0.0229693255131964 0.1106688706846108 0.0540770888245535 0.0540812459440621 0.040150159512096 0.017326380779171 0.0062692248360971 0.055084081719489 0.2414310344827586 0.4166833333333333 0.2310943562610229 0.0001 0.9999 0.0001 0.0577653135048231 0.4314153512024579 0.4303860139154986 0.1280478728270814 0.8437826907467533 0.5721797604035309 0.0001 0.7138040776619493 0.6802495438318128 0.4288070655364313 0.2149659807333434 0.4956742352224254 0.9999
5 0.1021323753665689 0.1176891164423639 0.1363568469069557 0.1363561853476566 0.0008073454173845 0.0029710634631951 0.0009813178337281 0.001277730657594 0.5467886699507389 0.5185148148148148 0.2487275132275132 0.9999 0.0001 0.1539153846153846 0.255675884244373 0.4328982625278101 0.1869134919834627 0.0243403476669716 0.968250487012987 0.3200233921815889 0.0001 0.3564708440002457 0.4292810320579857 0.1827952732054382 0.093136314117113 0.6010766727605119 0.2229839046538025
5 0.0904045161290322 0.0948733177296664 0.2888319907812595 0.2888317992309973 0.0008859393526494 0.0011527232698382 0.0008711531045121 0.0010180157747746 0.3202330049261083 0.3426240740740741 0.2416742504409171 0.9999 0.0001 0.6153615384615385 0.2269436897106109 0.3413814493060705 0.7982664414641526 0.008446912168344 0.9218920657467532 0.9999 0.9999 0.3656852130993098 0.2806684468645198 0.2762088548148496 0.6006758813738842 0.4243905057891529 0.2132242224744608
5 0.6803158357771261 0.681063838502048 0.0939629575695891 0.0939633593272859 0.0004995191709301 0.0019183401933569 0.0010914825629441 0.0007057713789572 0.5270881773399015 0.4120546296296296 0.1640883597883597 0.0001 0.9999 0.0001 0.2314644895498392 0.6202747007098209 0.4162716648179893 0.0053596980786825 0.3719817775974025 0.9999 0.9999 0.3068975382472812 0.2171782085031192 0.3002958954610562 0.791740702072931 0.5489237903717246 0.1698730760499432
5 0.0223829325513196 0.026425921591574 0.0562402883564214 0.0562402061849316 0.0008269939012007 0.0009613190389585 0.0007059060106881 0.0011697389494273 0.4581364532019704 0.4305694444444444 0.8464915343915344 0.9999 0.0001 0.2308230769230769 0.0448056872990353 0.1525220997987074 0.9159196228698194 0.0057027218664226 0.9999 0.9999 0.9999 0.3588665799660024 0.2670402185280012 0.2534599830934322 0.5418285217128158 0.5323518464351006 0.1410479682179341
6 0.1390751319648094 0.1451850789935634 0.0080451331948072 0.0080468930360201 0.0020582988870182 0.0039280846175935 0.0019728003966723 0.0025800140520831 0.438435960591133 0.3055944444444444 0.820041798941799 0.0001 0.9999 0.9999 0.2814946744372991 0.4520701875198644 0.4238329232630836 0.008561253430924 0.3477374391233765 0.9999 0.9999 0.4459935588915968 0.3156043020446432 0.3626029187310682 0.7879587380844304 0.4580218037781841 0.7902938024971623
6 0.0118278592375366 0.0158955529549444 0.080374835807459 0.0803754885151862 0.0011217211584443 0.0016312338470374 0.0012567296567682 0.0016243909412376 0.5221630541871921 0.4074259259259259 0.2575440917107583 0.0001 0.9999 0.0001 0.0293345056270096 0.3677560864498358 0.4958161036603812 0.0075321820677035 0.6053969358766234 0.9999 0.9999 0.3886801830954186 0.2670402185280012 0.3152505201117712 0.7519544409139053 0.539358366849482 0.3200133030646991
2 0.0241421114369501 0.1130089526038619 0.1505189259044157 0.1505306439088364 0.0748231839531486 0.0765659902364315 0.0238955815106605 0.1124889200601423 0.1971049261083743 0.4814851851851852 0.3051536155202821 0.0001 0.9999 0.0001 0.0589708601286173 0.5953829748914081 0.9334617424624384 0.1257610475754803 0.1830991071428571 0.3544847625052543 0.9999 0.7692541032625392 0.6822685406224082 0.5219154507243995 0.5330543652594946 0.5430748689823278 0.9999
6 0.0804358357771261 0.0972133996489175 0.0228041215553654 0.0228046274669192 0.0020779473708345 0.0055550205800708 0.0014770591152002 0.0031644803576241 0.5467886699507389 0.4120546296296296 0.2346209876543209 0.0001 0.9999 0.0001 0.2025313705787781 0.5458113677296323 0.5722352223454674 0.0261698078682525 0.5528506290584416 0.7170646069777218 0.0001 0.4468740430499518 0.4390515343839025 0.3002958954610562 0.2859156251576133 0.5596468129189519 0.883124267877412
5 0.954161348973607 0.9554384435342306 0.2027112172230243 0.2027107666238758 0.0005322666439572 0.0008656169235187 0.000595741281472 0.000644875096237 0.4088852216748768 0.3333666666666666 0.816515167548501 0.9999 0.0001 0.0770076923076923 0.0630898110932476 0.339051160080517 0.9999 0.0051310155535224 0.9999 0.9999 0.5 0.3136956950048129 0.2521140636832426 0.2348664780332026 0.4998235083472033 0.4591184765386959 0.0989451532349602
5 0.5706603519061584 0.5745901111761264 0.1970404242324656 0.1970400589540009 0.0006960040090925 0.001248425385278 0.0006508236460801 0.0008860450770949 0.3694842364532019 0.3796537037037037 0.816515167548501 0.9999 0.0001 0.0770076923076923 0.8370507435691319 0.3704041423879649 0.8447429767066653 0.0071891582799634 0.9274713068181818 0.9999 0.0001 0.341543566059762 0.2931790162633875 0.2445858102237772 0.4222176073031724 0.4786148811700182 0.1567088535754824
