0 0.0137958904109589 0.0200235507246376 0.0010512910977456 0.0019488162787969 0.2679789029535865 0.977516417910448 0.0002392535324989 0.0012206482883974 0.003004505051381 0.0078841793833696
0 0.0075704856787048 0.0743605072463768 0.0020928506938174 0.0112580623955991 0.1930993670886076 0.5426353944562899 0.0001665995155429 0.0019778430778551 0.0035897411438234 0.0159797259420741
2 0.0100606475716064 0.0001 0.0001138874612809 0.0002936323192294 0.9999 0.9999 0.0017145337101332 0.0001605755831566 0.0001433508216624 0.0001
0 0.0100606475716064 0.0290797101449275 0.0011137846735099 0.0036040002383643 0.4209018987341772 0.9370127931769724 0.0003946524020993 0.0019778430778551 0.0030695312838746 0.0085069137340392
0 0.006325404732254 0.0453807971014492 0.0011346158654313 0.0081543597402573 0.3038367088607595 0.9721869936034117 0.0001665995155429 0.0014932384126022 0.0032429345705242 0.0122433198380566
0 0.0100606475716064 0.0345134057971014 0.0013012654008028 0.0042239960297434 0.2553232067510548 0.5500965884861408 0.0002029265240209 0.0014932384126022 0.0022025148506265 0.0106864839613827
2 0.0710696139476961 0.0037224637681159 0.0012596030169599 0.0001837832150512 0.3027820675105485 0.3017454157782516 0.0118053693984658 0.001674965162072 0.0012487967740536 0.0001
0 0.0075704856787048 0.0471920289855072 0.0013637589765671 0.0072681195099377 0.2405582278481013 0.9434081023454158 0.0001665995155429 0.0014932384126022 0.0038281706629666 0.0122433198380566
0 0.0050803237858032 0.0562481884057971 0.0011623907879932 0.0120028020849433 0.3808255274261603 0.9935046908315563 0.0001706358498183 0.0018869797031202 0.0033946624463426 0.0150456244160697
0 0.0075704856787048 0.1323199275362318 0.0036482463572847 0.0197685751955798 0.1140012658227848 0.8186995735607677 0.0001242180056519 0.0024018721599515 0.0092686987815982 0.0228298037994394
0 0.0113057285180572 0.0327021739130434 0.0013707027072076 0.0036244805798213 0.2890717299578059 0.7526147121535182 0.0002190718611223 0.001765828536807 0.003112882105537 0.0119319526627218
0 0.0113057285180572 0.059870652173913 0.0024122623032794 0.006417254414862 0.394535864978903 0.6332356076759063 0.0005076697618086 0.0042797152378067 0.0047818887395395 0.0147342572407349
0 0.0075704856787048 0.0182123188405797 0.0005860611448335 0.0030119321853357 0.3017274261603376 0.8751914712153518 0.0002271445296729 0.0006754680399878 0.0014222000607032 0.0047705076300218
0 0.0050803237858032 0.0109673913043478 0.0002944244579334 0.0026935559681411 0.427229746835443 0.9999 0.0001908175211949 0.0003725901242047 0.0007069115032736 0.0032136717533478
0 0.012550809464508 0.1341311594202898 0.0057799716639117 0.012781055060308 0.2300118143459916 0.6577509594882729 0.0003179620508679 0.0066421629809148 0.0120865021896544 0.0331049205854873
0 0.0100606475716064 0.1123963768115942 0.0039884891586682 0.0131199116189596 0.2447767932489451 0.9018385927505332 0.0002937440452159 0.0047643199030596 0.0111111087022503 0.0253207412021177
0 0.012550809464508 0.1776007246376811 0.0076131165529982 0.0168436100656805 0.1878261603375527 0.5746119402985075 0.0003300710536939 0.0074599333535292 0.0141239908077873 0.0362185923388352
0 0.012550809464508 0.0761717391304347 0.0033357784784631 0.0073649356695524 0.2975088607594937 0.8666643923240939 0.0003966705692369 0.0046734565283247 0.008921892208299 0.0197161320460915
0 0.0100606475716064 0.0725492753623188 0.0026136304918533 0.0085695521170667 0.4135194092827005 0.974318763326226 0.0004794154218813 0.0048551832777946 0.0077514200234141 0.017536561818748
0 0.0113057285180572 0.1739782608695652 0.0067868126067812 0.0181469045220328 0.39137194092827 0.8208313432835821 0.0003986887363746 0.0123059800060587 0.0174403286649611 0.051164216754905
0 0.012550809464508 0.2772184782608696 0.0118140735904879 0.0261528561824828 0.3249295358649789 0.7131769722814499 0.0004955607589826 0.0183332505301423 0.026782430733209 0.0639302709436312
0 0.0075704856787048 0.0182123188405797 0.0005860611448335 0.0030119321853357 0.3291481012658228 0.8890479744136461 0.0001948538554703 0.0007360436231445 0.0014438754715344 0.0057046091560261
0 0.012550809464508 0.3333666666666666 0.0141818857388912 0.0313995472939125 0.4588689873417721 0.8751914712153518 0.0008063584981832 0.0299031869130566 0.0388773099770194 0.0682894113983182
0 0.0113057285180572 0.2790297101449275 0.0108141763782589 0.0289456300175235 0.2922356540084388 0.5746119402985075 0.0004794154218813 0.0153347591638897 0.0201280796080301 0.0549006228589224
0 0.0100606475716064 0.9672978260869564 0.0334854569194227 0.1107627322888752 0.0781434599156118 0.4072680170575693 0.0001585268469923 0.0182423871554074 0.0462469496596279 0.1458198380566801
0 0.0461679950186799 0.123263768115942 0.0182578556248524 0.003468085245059 0.4472679324894515 0.8282925373134328 0.0007599406540169 0.0376568615571039 0.047655851363656 0.0907078480224229
0 0.012550809464508 0.1685445652173913 0.0072312113677718 0.0159964686690515 0.2163014767932489 0.5778095948827292 0.0003381437222446 0.0079445380187821 0.0134954038936825 0.0377754282155091
0 0.0113057285180572 0.0327021739130434 0.0013707027072076 0.0036244805798213 0.5611691983122362 0.8037771855010661 0.0012987912797739 0.0032499303241441 0.0033079608030178 0.0047705076300218
0 0.0113057285180572 0.253672463768116 0.0098420540885919 0.0263390411048188 0.1941540084388185 0.6215108742004264 0.0003522708922083 0.0099738200545289 0.0196728959805749 0.0458709747742136
0 0.0150409713574097 0.186656884057971 0.0094393177114441 0.0149817608423201 0.2047004219409283 0.679068656716418 0.0007155409769882 0.0099435322629506 0.0204315353596669 0.0253207412021177
0 0.0088155666251556 0.1033402173913043 0.0032732849026988 0.0135853739247997 0.4114101265822785 0.8965091684434968 0.0005339059345983 0.0060969827325053 0.009030269262455 0.0200274992214263
0 0.0088155666251556 0.0544369565217391 0.0017734390843554 0.0073016327959582 0.2595417721518987 0.8624008528784649 0.0001908175211949 0.0021292820357467 0.0046301608637211 0.0156683587667393
0 0.0088155666251556 0.0725492753623188 0.0023289375355937 0.0096289443251588 0.3154377637130801 0.9604622601279318 0.0002856713766653 0.0033710814904574 0.0067977019468412 0.0184706633447524
0 0.0113057285180572 0.0797942028985507 0.0031760726737321 0.0084652885605585 0.2426675105485232 0.6993204690831556 0.0002695260395639 0.0037345349893971 0.0069494298226596 0.0212729679227654
0 0.006325404732254 0.0870391304347826 0.0020928506938174 0.0152926896626212 0.2468860759493671 0.6737392324093816 0.0001766903512313 0.0024321599515298 0.0043700559337466 0.0187820305200872
0 0.0075704856787048 0.0218347826086956 0.0006832733738002 0.0035444210632168 0.2700881856540084 0.9764505330490404 0.0002130173597093 0.0007360436231445 0.0018773836881585 0.0053932419806913
0 0.0411876712328767 0.2047692028985507 0.026965293848013 0.006329747501364 0.0559959915611814 0.2548464818763326 0.0004208885748889 0.0121848288397455 0.0252218011533625 0.0486732793522267
1 0.0001 0.0797942028985507 0.0003638617643381 0.0838701821066568 0.7425675105485232 0.9999 0.0010424840532902 0.0009177703726143 0.0009236656115856 0.0016568358766739
0 0.0137958904109589 0.1486210144927536 0.0069673496034336 0.0129653781334207 0.212082911392405 0.7398240938166312 0.0002513625353249 0.0075205089366858 0.0162698564800763 0.0446255060728744
0 0.0113057285180572 0.1794119565217391 0.0069951245259955 0.018705459289041 0.4187926160337553 0.8655985074626866 0.0004673064190553 0.0134872038776128 0.0188925811906516 0.0492960137028962
0 0.0100606475716064 0.1359423913043478 0.0048009056436042 0.0158084218974921 0.3280934599156118 0.8655985074626866 0.0003381437222446 0.0073993577703726 0.01291016780124 0.0352844908128309
0 0.0088155666251556 0.0526257246376811 0.0017178892392315 0.0070689016430381 0.318601687763713 0.7334287846481876 0.0003058530480419 0.0024624477431081 0.0038498460737978 0.0128660541887262
4 0.2018031133250311 0.2898971014492754 0.1822757170836053 0.0019264740881166 0.4968360759493671 0.8901138592750534 0.0015934436818732 0.4155879248712511 0.5103391709664831 0.5085625973217066
0 0.0113057285180572 0.061681884057971 0.0024816996096842 0.006603439337198 0.3006727848101266 0.6950569296375266 0.0002755805409769 0.0034619448651923 0.0053671248319819 0.0194047648707567
0 0.026246699875467 0.1268862318840579 0.0108975011459447 0.0060951544992206 0.4926175105485232 0.8325560767590617 0.0021686213161081 0.0244210966373826 0.0284947881888739 0.0222070694487698
1 0.0001 0.1087739130434782 0.0004749614545858 0.1136597696804241 0.9999 0.9999 0.0122090028259991 0.0017355407452287 0.0012704721848848 0.0001
1 0.0013450809464508 0.9691090579710144 0.00749507313211 0.4990625589160379 0.5632784810126581 0.6652121535181238 0.004269533306419 0.0189087185701302 0.0158796990851146 0.008818280909374
0 0.0075704856787048 0.0254572463768115 0.0007804856027669 0.0040769099410979 0.4071915611814346 0.8879820895522388 0.0003623617278966 0.001281223871554 0.0019857607423145 0.0060159763313609
0 0.0150409713574097 0.7354601449275363 0.0367906727042907 0.0583777425404055 0.2257932489451477 0.6257744136460553 0.0003643798950343 0.0424726204180551 0.0744033083293587 0.1894112426035502
0 0.0001 0.058059420289855 0.0002805369966524 0.0615279914263314 0.3291481012658228 0.9999 0.0001181635042389 0.0002514389578915 0.0006635606816112 0.0032136717533478
0 0.0088155666251556 0.0363246376811594 0.0012179406331171 0.0049743212667576 0.1899354430379747 0.6193791044776119 0.0001605450141299 0.0010692093305059 0.0022892164939513 0.0091296480847088
0 0.0075704856787048 0.1884681159420289 0.0051550359062686 0.0280147054058432 0.0791981012658228 0.3710279317697227 0.0001787085183689 0.0027047500757346 0.0064725707843732 0.0206502335720959
0 0.0113057285180572 0.0290797101449275 0.001231828094398 0.0032521107351492 0.4535957805907173 0.743021748400853 0.0012765914412595 0.0023715843683732 0.0027444001214065 0.0035250389286826
1 0.0001 0.0816054347826087 0.0003708054949786 0.0857320313300173 0.7710428270042193 0.9999 0.0023199838514331 0.0009783459557709 0.0009453410224168 0.0007227343506695
1 0.0001 0.0127786231884057 0.0001069437306404 0.0149817608423201 0.9999 0.9999 0.0015127169963665 0.0001302877915783 0.0001216754108312 0.0001
0 0.0113057285180572 0.4655865942028985 0.0179662189379523 0.0481226770181361 0.3006727848101266 0.6247085287846483 0.0004370339119903 0.0262080763405028 0.0361895590339504 0.1009829648084708
0 0.0299819427148194 0.3206880434782608 0.0309509952356479 0.0133433335257629 0.4620329113924051 0.8890479744136461 0.0014925353249899 0.065945658891245 0.0863898105190131 0.0857259732170663
0 0.0088155666251556 0.0254572463768115 0.0008846415623741 0.0035779343492373 0.4905082278481013 0.8581373134328358 0.0003986887363746 0.001765828536807 0.0022025148506265 0.0075728122080348
0 0.0075704856787048 0.0254572463768115 0.0007804856027669 0.0040769099410979 0.286962447257384 0.7462194029850747 0.0005217969317723 0.0009177703726143 0.0016823049906777 0.0032136717533478
0 0.0113057285180572 0.0308909420289855 0.0013012654008028 0.0034382956574852 0.5780434599156118 0.8336219616204691 0.0013512636253532 0.0031590669494092 0.0032429345705242 0.004459140454687
0 0.0088155666251556 0.0145898550724637 0.0005513424916311 0.0021815474317169 0.3998090717299578 0.9999 0.0003785070649979 0.0008269069978794 0.001508901704028 0.0038364061040174
0 0.0100606475716064 0.0526257246376811 0.0019262011584459 0.0062925105168968 0.2458314345991561 0.5735460554371002 0.0002029265240209 0.0022201454104816 0.0034596886788362 0.0156683587667393
0 0.0075704856787048 0.0127786231884057 0.0004402428013834 0.0022150607177374 0.2837985232067511 0.7718006396588486 0.0001766903512313 0.0004331657073614 0.0009019902007544 0.0038364061040174
0 0.0113057285180572 0.0308909420289855 0.0013012654008028 0.0034382956574852 0.3491862869198312 0.9999 0.0003623617278966 0.0019778430778551 0.0038498460737978 0.0091296480847088
0 0.0113057285180572 0.0707380434782608 0.0028288861417082 0.0075343639488782 0.3017274261603376 0.8698620469083157 0.0002816350423899 0.0039768373220236 0.0075563413259333 0.021895702273435
0 0.0013450809464508 0.0109673913043478 0.0001486061144833 0.006603439337198 0.4725793248945148 0.9242221748400852 0.0006045417844166 0.0001 0.0002300524649872 0.0004113671753347
1 0.0001 0.0236460144927536 0.0001486061144833 0.0261528561824828 0.9999 0.9999 0.0027236172789664 0.0003120145410481 0.0002517278758184 0.0001
0 0.0075704856787048 0.0272684782608695 0.0008290917172502 0.0043431543800384 0.2658696202531646 0.6758710021321961 0.0001726540169559 0.0009177703726143 0.0016389541690153 0.0075728122080348
0 0.0100606475716064 0.0852278985507246 0.0030510855222035 0.0100162089636177 0.2163014767932489 0.7206381663113006 0.0001827448526443 0.0032499303241441 0.0068627281793348 0.0243866396761133
0 0.0100606475716064 0.630408695652174 0.0218616518272609 0.0722857562389081 0.0770888185654008 0.4168609808102345 0.0001585268469923 0.0118213753408058 0.0307707063261501 0.0950669884771099
1 0.0001 0.2609173913043478 0.001058234828386 0.2700551044427022 0.9703700421940928 0.9999 0.0070122224465078 0.0041585640714934 0.0030912066947058 0.0010341015260043
0 0.0050803237858032 0.0019112318840579 0.0001208311919214 0.0008317067447806 0.6835075949367089 0.680134541577825 0.0013109002825999 0.0001 0.0001 0.0001
1 0.0001 0.123263768115942 0.0005305112997096 0.1285545634673077 0.6487044303797469 0.9999 0.0007417771497779 0.001281223871554 0.0014438754715344 0.0032136717533478
0 0.012550809464508 0.0942840579710145 0.0040995888489158 0.0090573566135871 0.1825529535864979 0.4509692963752665 0.0005944509487283 0.0038556861557103 0.0060824133894116 0.0116205854873871
1 0.0001 0.0218347826086956 0.0001416623838428 0.0242910069591223 0.9999 0.9999 0.0025218005651998 0.0002817267494698 0.0002300524649872 0.0001
0 0.0088155666251556 0.1540547101449275 0.0048286805661661 0.0201018462065613 0.4662514767932489 0.9412763326226014 0.0004309794105773 0.010185834595577 0.0140372891644625 0.0399549984428527
0 0.006325404732254 0.0236460144927536 0.0006346672593168 0.0044306612935364 0.2595417721518987 0.5937978678038379 0.0002594352038756 0.0006451802484095 0.001075393487404 0.0041477732793522
0 0.012550809464508 0.1468097826086956 0.0063146389232286 0.0139670530155886 0.1941540084388185 0.8016454157782517 0.0002957622123536 0.0063392850651317 0.0158580236742834 0.0334162877608221
0 0.006325404732254 0.0037224637681159 0.0001763810370452 0.0010178916671167 0.5316392405063292 0.5266471215351813 0.0019163504238998 0.0001908633747349 0.0001650262324936 0.0001
0 0.0100606475716064 0.1468097826086956 0.0051758670981901 0.0170502753294735 0.2743067510548523 0.6470921108742005 0.0004511610819539 0.006854177521963 0.0106559250747951 0.0259434755527872
1 0.006325404732254 0.2554836956521739 0.0059674523912047 0.0441513526247083 0.0665424050632911 0.1184132196162047 0.0012160464271295 0.0028561890336261 0.0031345575163682 0.004459140454687
0 0.0100606475716064 0.0562481884057971 0.0020511883099745 0.0067077028937062 0.2605964135021096 0.67054157782516 0.0003219983851433 0.0024927355346864 0.0042616788795906 0.0125546870133914
0 0.0113057285180572 0.0671155797101449 0.0026900115288986 0.0071619941042062 0.4082462025316455 0.8901138592750534 0.0004693245861929 0.0049460466525295 0.0073395872176212 0.0181592961694176
0 0.0100606475716064 0.6557659420289855 0.0227365618879613 0.0751809317812336 0.0802527426160337 0.5010658848614074 0.0001565086798546 0.0125179945471069 0.0376201361488097 0.1012943319838056
3 0.0411876712328767 0.0471920289855072 0.0064257386134763 0.0015652753387846 0.176225105485232 0.5245153518123669 0.0005217969317723 0.005975831566192 0.0109810562372631 0.0200274992214263
0 0.0088155666251556 0.1486210144927536 0.0046620310307946 0.0194036527478011 0.4061369198312237 0.8570714285714286 0.0004067614049253 0.0086714450166616 0.0124116333521224 0.0355958579881656
0 0.0088155666251556 0.0942840579710145 0.0029955356770797 0.0124217181601994 0.3112191983122362 0.751548827292111 0.0002876895438029 0.0043402908209633 0.006992780644322 0.023452538150109
0 0.0100606475716064 0.061681884057971 0.0022386690372675 0.0073276986850852 0.3270388185654008 0.8133701492537313 0.0002957622123536 0.0033407936988791 0.0055838789402939 0.0178479289940828
0 0.0100606475716064 0.063493115942029 0.0023011626130318 0.0075343639488782 0.5632784810126581 0.944473987206823 0.0005944509487283 0.0056426658588306 0.0066026232493604 0.0169138274680784
0 0.0100606475716064 0.1540547101449275 0.0054258414012473 0.0178787982338689 0.1677879746835443 0.4850776119402986 0.0001585268469923 0.0048248954862162 0.0086184364566621 0.0390208969168483
0 0.0075704856787048 0.3804586956521739 0.010307284041504 0.0562086881951906 0.2163014767932489 0.6300379530916845 0.0002412716996366 0.0113973462587094 0.020865043576291 0.0692235129243226
0 0.0100606475716064 0.0091561594202898 0.0004263553401025 0.0013288204874178 0.3354759493670886 0.9007727078891258 0.0004027250706499 0.000493741290518 0.0010103672549104 0.0022795702273435
0 0.006325404732254 0.2428050724637681 0.0056758157043045 0.0419785745810466 0.1667333333333333 0.7185063965884861 0.0001746721840936 0.0050369100272644 0.0128668169795776 0.0383981625661787
0 0.0337171855541718 0.1468097826086956 0.0159941994360562 0.0055403234306592 0.2310664556962025 0.3497102345415778 0.0016943520387565 0.0187572796122387 0.0193477648181069 0.0215843350981002
0 0.012550809464508 0.621352536231884 0.0263264706290889 0.0583125778175879 0.4156286919831224 0.692925159914712 0.0008487400080742 0.0509532020599818 0.0583418289034384 0.1112580815945188
0 0.0162860523038605 0.3297442028985507 0.0178412317864236 0.0244231982539809 0.356568776371308 0.6598827292110875 0.0008810306822769 0.0301152014541048 0.0377718640246281 0.0636189037682964
1 0.0113057285180572 0.9999 0.0384502243273651 0.1030472291072695 0.785807805907173 0.8762573560767591 0.004196879289463 0.1334268585277188 0.1059410310887569 0.064241638118966
0 0.0001 0.0471920289855072 0.0002388746128095 0.0503568960861687 0.570660970464135 0.9999 0.0007054501412999 0.0003725901242047 0.000533508216624 0.0010341015260043
0 0.006325404732254 0.0236460144927536 0.0006346672593168 0.0044306612935364 0.4852350210970464 0.9999 0.0005177605974969 0.0011903604968191 0.0017690066340025 0.0041477732793522
0 0.0100606475716064 0.0653043478260869 0.0023636561887961 0.0077410292126713 0.5126556962025317 0.8943773987206823 0.0004632700847799 0.0053095001514692 0.006450895373542 0.0197161320460915
0 0.0075704856787048 0.0345134057971014 0.0010235161751836 0.0054062702865772 0.3671151898734178 0.9999 0.0002755805409769 0.0015841017873371 0.0029828296405497 0.0091296480847088
0 0.0137958904109589 0.0888503623188406 0.004217632269804 0.0078452927691794 0.3091099156118143 0.602324946695096 0.0004471247476786 0.0061575583156619 0.0080982265967133 0.023452538150109
1 0.0038352428393524 0.0327021739130434 0.000579117414193 0.0089307508663986 0.2363396624472574 0.3411831556503198 0.0009577210335082 0.0005240290820963 0.0005768590382864 0.0010341015260043
0 0.012550809464508 0.1540547101449275 0.0066201630714097 0.0146429042836685 0.2437221518987341 0.7483511727078891 0.0002836532095276 0.0080051136019388 0.0156195941551402 0.0433800373715353
3 0.0250016189290161 0.121452536231884 0.0099670412401205 0.0061156348406776 0.0001 0.0501965884861407 0.0010465203875656 0.0021292820357467 0.003329636213849 0.0038364061040174
0 0.0050803237858032 0.1776007246376811 0.0034885405525537 0.0369515816779734 0.2648149789029536 0.721704051172708 0.0002856713766653 0.0044311541956982 0.0078814724884013 0.0240752725007785
0 0.0150409713574097 0.0164010869565217 0.0009540788687789 0.0015187291082006 0.2616510548523207 0.7952501066098082 0.0012099919257165 0.0010692093305059 0.0022241902614577 0.0016568358766739
0 0.0100606475716064 0.0145898550724637 0.0006138360673954 0.0019488162787969 0.3491862869198312 0.7888547974413647 0.0003785070649979 0.0008269069978794 0.0013571738282096 0.0038364061040174
0 0.0100606475716064 0.248238768115942 0.0086755073409914 0.0286347011972223 0.2310664556962025 0.5831390191897654 0.0002755805409769 0.0100646834292638 0.0163348827125699 0.0558347243849268
0 0.0299819427148194 0.5271684782608695 0.0507406275610128 0.0218333659842865 0.4198472573839663 0.9082339019189768 0.0013573181267662 0.0993228052105422 0.1445232623682955 0.1411493304266583
1 0.0013450809464508 0.1776007246376811 0.0014262525523314 0.0922485036117789 0.212082911392405 0.5906002132196163 0.0008164493338716 0.0014023750378673 0.0025926722455881 0.0032136717533478
0 0.0113057285180572 0.1468097826086956 0.0057452530107093 0.0153541306869921 0.3270388185654008 0.6694756929637525 0.0004531792490916 0.0088834595577097 0.0122165546546416 0.0334162877608221
0 0.0237565379825653 0.0308909420289855 0.002551136916089 0.0017626313564608 0.4609782700421941 0.5554260127931769 0.003845718207509 0.0052186367767343 0.0045001083987339 0.0025909374026782
0 0.006325404732254 0.0109673913043478 0.0003430305724167 0.0022597450990981 0.2215746835443038 0.7718006396588486 0.0002675078724263 0.0002211511663132 0.0006635606816112 0.0016568358766739
0 0.006325404732254 0.0218347826086956 0.000593004875474 0.0041215943224585 0.2426675105485232 0.9316833688699362 0.0002150355268469 0.0005543168736746 0.0015305771148592 0.0041477732793522
0 0.0088155666251556 0.0327021739130434 0.0011068409428694 0.0045088589609175 0.3892626582278481 0.9721869936034117 0.0002675078724263 0.0018264041199636 0.0031562329271994 0.0106864839613827
0 0.0100606475716064 0.2699735507246376 0.0094254302501632 0.0311184080611851 0.2447767932489451 0.7398240938166312 0.0002533807024626 0.0115184974250227 0.0220571911720071 0.0676666770476487
0 0.0075704856787048 0.0145898550724637 0.0004888489158668 0.002481305156678 0.2795799578059072 0.7973818763326226 0.0002089810254339 0.000493741290518 0.0010537180765728 0.0038364061040174
0 0.012550809464508 0.1540547101449275 0.0066201630714097 0.0146429042836685 0.2953995780590718 0.7952501066098082 0.0003421800565199 0.009398352014541 0.0165082859992195 0.0443141388975397
0 0.0100606475716064 0.3261217391304348 0.0113627310988568 0.0375306167864385 0.3344213080168776 0.7195722814498935 0.0005016152603956 0.0180909481975159 0.0259804405324545 0.0623734350669573
0 0.0100606475716064 0.4909438405797101 0.017049646493409 0.0563557742838361 0.2373943037974684 0.6481579957356078 0.0002735623738393 0.020453395940624 0.035495945887352 0.1134376518218623
0 0.0113057285180572 0.1395648550724637 0.0054675037850902 0.014609390997648 0.214192194092827 0.7344946695095951 0.0002533807024626 0.0059152559830354 0.0126500628712656 0.0349731236374961
0 0.0137958904109589 0.4891326086956521 0.0226324059283541 0.0421331080665855 0.2184107594936709 0.6684098081023454 0.0002997985466289 0.0254205937594668 0.0485228677969041 0.1314969479912799
0 0.0162860523038605 0.5778829710144928 0.0311593071548622 0.0426432547537863 0.318601687763713 0.5575577825159914 0.0007982858296326 0.0478638473189942 0.0567595239127607 0.1103239800685144
0 0.0100606475716064 0.0145898550724637 0.0006138360673954 0.0019488162787969 0.1140012658227848 0.8549396588486142 0.0002271445296729 0.0002817267494698 0.0014655508823656 0.0022795702273435
0 0.0088155666251556 0.0145898550724637 0.0005513424916311 0.0021815474317169 0.3407491561181434 0.7185063965884861 0.0003926342349616 0.0007057558315661 0.0010970688982352 0.0032136717533478
0 0.0088155666251556 0.1105851449275362 0.0034954842831941 0.0145162985364799 0.3280934599156118 0.9199586353944564 0.0003260347194186 0.0053397879430475 0.009897285695703 0.026254842728122
0 0.012550809464508 0.0327021739130434 0.0015026335893767 0.0033023806641799 0.5759341772151898 0.9434081023454158 0.0013815361324182 0.0036739594062405 0.0042400034687594 0.0050818748053565
0 0.0075704856787048 0.0435695652173913 0.0012665467476004 0.0067356306320566 0.1445858649789029 0.7931183368869936 0.0001443996770286 0.000887482581036 0.003004505051381 0.0081955465587044
0 0.006325404732254 0.1449985507246377 0.0034260469767894 0.0252219315708026 0.2426675105485232 0.9540669509594883 0.0001686176826806 0.0040374129051802 0.0100273381606902 0.0315480847088134
1 0.0001 0.0109673913043478 0.0001 0.0131199116189596 0.9999 0.9999 0.0013109002825999 0.0001 0.0001 0.0001
0 0.0075704856787048 0.0182123188405797 0.0005860611448335 0.0030119321853357 0.3154377637130801 0.708913432835821 0.0002009083568833 0.0007057558315661 0.0011620951307288 0.0053932419806913
0 0.0100606475716064 0.3442340579710145 0.0119876668564999 0.039599131273592 0.2911810126582279 0.730231130063966 0.0003300710536939 0.0169702999091184 0.0277794996314443 0.0819895671130489
0 0.0088155666251556 0.0453807971014492 0.0014956898587362 0.0061379770313579 0.3607873417721519 0.9999 0.0003341073879693 0.0023715843683732 0.0044567575770715 0.0116205854873871
0 0.0113057285180572 0.0870391304347826 0.0034538218993513 0.0092100282499027 0.4936721518987342 0.9583304904051174 0.0004975789261203 0.0076113723114207 0.0101573906256774 0.0265662099034568
0 0.0088155666251556 0.3877036231884058 0.0119946105871404 0.0501241649332486 0.3323120253164557 0.7291652452025585 0.0004229067420266 0.0189995819448651 0.0277578242206131 0.0754508564310183
0 0.0100606475716064 0.1902793478260869 0.0066757129165335 0.0220158272081759 0.3386398734177215 0.6257744136460553 0.0004632700847799 0.01067043926083 0.0133653514286953 0.0393322640921831
0 0.0050803237858032 0.059870652173913 0.001231828094398 0.0127475417742875 0.1814983122362869 0.5799413646055438 0.0001625631812676 0.0010389215389275 0.0021808394397953 0.008818280909374
0 0.0113057285180572 0.0725492753623188 0.002898323448113 0.0077205488712143 0.3027820675105485 0.8208313432835821 0.0003038348809043 0.0040979884883368 0.0073395872176212 0.0212729679227654
0 0.0075704856787048 0.0272684782608695 0.0008290917172502 0.0043431543800384 0.2184107594936709 0.9999 0.0003159438837303 0.0007663314147228 0.0023759181372761 0.0041477732793522
0 0.0088155666251556 0.494566304347826 0.0152720514494464 0.063855302955532 0.1034548523206751 0.5554260127931769 0.0001706358498183 0.0098526688882156 0.0276277717556258 0.0757622236063531
0 0.0100606475716064 0.2337489130434782 0.008175558734877 0.0269795172376548 0.4177379746835443 0.8687961620469083 0.0004289612434396 0.015758788245986 0.0221872436369943 0.0617507007162877
0 0.0113057285180572 0.9183945652173912 0.0353255455391496 0.0946689076021475 0.0507227848101266 0.2996136460554371 0.0001726540169559 0.0152136079975764 0.0377068377921345 0.1156172220492058
0 0.0100606475716064 0.313443115942029 0.0109252760685066 0.0360820980906641 0.1329848101265822 0.7195722814498935 0.0002432898667743 0.0083382793093002 0.0249616962233881 0.0505414824042354
0 0.0150409713574097 0.1377536231884057 0.007002068256636 0.0111147000054004 0.2173561181434599 0.5351742004264393 0.0005117060960839 0.0077022356861557 0.0121948792438104 0.026254842728122
0 0.006325404732254 0.0164010869565217 0.0004680177239453 0.0031906697107783 0.4019183544303797 0.8581373134328358 0.0002735623738393 0.0006754680399878 0.001075393487404 0.0041477732793522
0 0.0113057285180572 0.1123963768115942 0.0044259441890183 0.0118166171626073 0.1393126582278481 0.5916660980810234 0.0001807266855066 0.0034013692820357 0.0083800069375189 0.0256321083774525
0 0.012550809464508 0.1015289855072463 0.0044051129970969 0.0097350697308903 0.3070006329113924 0.6566850746268658 0.0004935425918449 0.0063998606482883 0.0091603217274422 0.0225184366241046
0 0.0088155666251556 0.123263768115942 0.003884333199061 0.0161454166069203 0.1920447257383966 0.662014498933902 0.0002089810254339 0.0037951105725537 0.0081199020075445 0.0259434755527872
0 0.012550809464508 0.0526257246376811 0.0023428249968746 0.0051642298875404 0.2584871308016878 0.5735460554371002 0.0003805252321356 0.0028561890336261 0.0042400034687594 0.0125546870133914
0 0.0113057285180572 0.0145898550724637 0.0006763296431597 0.0017626313564608 0.2616510548523207 0.7632735607675907 0.0003522708922083 0.0007057558315661 0.0014655508823656 0.0035250389286826
0 0.0100606475716064 0.0272684782608695 0.0010512910977456 0.0033973349745713 0.1287662447257384 0.8069748400852879 0.0001645813484053 0.0006451802484095 0.0025059706022633 0.0057046091560261
0 0.0113057285180572 0.4474742753623188 0.0172718458739044 0.0462608277947757 0.320710970464135 0.7110452025586355 0.0004229067420266 0.0266321054225992 0.0391157394961626 0.1056534724384927
0 0.0113057285180572 0.4710202898550724 0.0181745308571666 0.0486812317851443 0.2184107594936709 0.751548827292111 0.0002493443681873 0.0203625325658891 0.0433207691974157 0.1205990968545624
0 0.0113057285180572 0.5289797101449275 0.0203965246621199 0.0546391492998977 0.1635694092827004 0.5692825159914713 0.0002069628582963 0.0182423871554074 0.0377935394354594 0.1234014014325755
0 0.0088155666251556 0.0236460144927536 0.0008290917172502 0.0033452031963172 0.3976997890295359 0.9999 0.0003825433992733 0.0013417994547106 0.0023759181372761 0.0060159763313609
0 0.0088155666251556 0.0417583333333333 0.0013845901684886 0.0056725147255178 0.3850440928270042 0.9498034115138594 0.0002816350423899 0.0023110087852166 0.0039148723062914 0.0128660541887262
0 0.0088155666251556 0.0942840579710145 0.0029955356770797 0.0124217181601994 0.3460223628691983 0.9092997867803838 0.0002755805409769 0.0047643199030596 0.0083583315266877 0.0265662099034568
0 0.0100606475716064 0.0653043478260869 0.0023636561887961 0.0077410292126713 0.4905082278481013 0.9295515991471218 0.0004673064190553 0.005097485610421 0.0066893248926852 0.0187820305200872
2 0.0075704856787048 0.0001 0.0001 0.000353211494377 0.9999 0.9999 0.0013109002825999 0.0001 0.0001 0.0001
0 0.0100606475716064 0.2174478260869565 0.0076131165529982 0.0251176680142944 0.320710970464135 0.8048430703624733 0.0003421800565199 0.0116396485913359 0.0192393877639509 0.0545892556835876
0 0.012550809464508 0.1594884057971014 0.0068493061825455 0.0151511891216459 0.1245476793248945 0.6865298507462686 0.0004471247476786 0.0049157588609512 0.0149259810085418 0.0187820305200872
0 0.012550809464508 0.0562481884057971 0.0024955870709652 0.005503086446192 0.2627056962025316 0.8879820895522388 0.0002796168752523 0.0030984913662526 0.00677602653601 0.0172251946434132
0 0.0113057285180572 0.0345134057971014 0.0014401400136124 0.0038106655021573 0.3671151898734178 0.5788754797441364 0.0006005054501413 0.0023110087852166 0.0025709968347569 0.0069500778573653
0 0.012550809464508 0.0109673913043478 0.0005860611448335 0.0012711031614937 0.4388308016877638 0.4467057569296375 0.0071635849818328 0.0009783459557709 0.000750262324936 0.0001
0 0.0113057285180572 0.0182123188405797 0.0008152042559693 0.0021350012011329 0.3955905063291139 0.9999 0.0002049446911586 0.0013115116631323 0.0023325673156137 0.0094410152600436
0 0.0025901618929016 0.0109673913043478 0.0001972122289667 0.0044306612935364 0.5980816455696202 0.5937978678038379 0.0025218005651998 0.0002817267494698 0.0002300524649872 0.0001
0 0.0100606475716064 0.9672978260869564 0.0334854569194227 0.1107627322888752 0.069706329113924 0.4477716417910448 0.0001625631812676 0.017030875492275 0.0503002514850626 0.134299252569293
0 0.0100606475716064 0.0182123188405797 0.000738823218924 0.0023621468063829 0.3070006329113924 0.9999 0.0001847630197819 0.0009177703726143 0.0020941377964705 0.0072614450327
0 0.0075704856787048 0.0218347826086956 0.0006832733738002 0.0035444210632168 0.3976997890295359 0.9412763326226014 0.0003119075494549 0.0010692093305059 0.0018123574556649 0.0057046091560261
0 0.0225114570361145 0.8223992753623188 0.060079945272457 0.0446726704072492 0.0306845991561181 0.0352742004264392 0.0066550068631408 0.0211803029385034 0.017743784416598 0.0063273435066957
0 0.0113057285180572 0.5054336956521739 0.0194938396788576 0.0522187453095291 0.320710970464135 0.7547464818763326 0.0004289612434396 0.0301152014541048 0.0467021332870832 0.1181081594518841
0 0.0075704856787048 0.0924728260869565 0.0025789118386509 0.0139186449357812 0.2321210970464135 0.7739324093816632 0.0001443996770286 0.0028864768252044 0.0061691150327364 0.0250093740267829
0 0.0113057285180572 0.1558659420289855 0.0060924395427333 0.0162850552986724 0.3080552742616034 0.8943773987206823 0.0003563072264836 0.0089440351408664 0.0169417942158435 0.040889099968857
1 0.0001 0.0308909420289855 0.0001763810370452 0.0336002530759246 0.4725793248945148 0.9999 0.0005036334275333 0.0001605755831566 0.0003384295191432 0.0007227343506695
0 0.0001 0.0218347826086956 0.0001416623838428 0.0242910069591223 0.7562778481012659 0.9999 0.0009072668550666 0.0001908633747349 0.0002300524649872 0.0004113671753347
0 0.0113057285180572 0.1540547101449275 0.0060230022363285 0.0160988703763363 0.39137194092827 0.9082339019189768 0.0003906160678239 0.0109127415934565 0.0169851450375059 0.0461823419495484
0 0.0162860523038605 0.0200235507246376 0.0012179406331171 0.0016825718398563 0.642376582278481 0.8410831556503198 0.0017649878885748 0.0032499303241441 0.0030478558730434 0.0035250389286826
0 0.0001 0.0743605072463768 0.0003430305724167 0.0782846344365755 0.3723883966244726 0.9999 0.0001121090028259 0.000402877915783 0.000858639379092 0.0047705076300218
1 0.0001 0.0164010869565217 0.0001208311919214 0.018705459289041 0.9999 0.9999 0.0019163504238998 0.0001908633747349 0.0001650262324936 0.0001
0 0.0287368617683686 0.6141076086956522 0.0567122359118247 0.026463785002784 0.1677879746835443 0.4328492537313433 0.0004370339119903 0.0519224113904877 0.0827916923210337 0.199997726564933
0 0.0113057285180572 0.1015289855072463 0.0040093203505896 0.010699507628591 0.3744976793248945 0.721704051172708 0.0004915244247073 0.0069147531051196 0.0090736200841174 0.0243866396761133
1 0.0013450809464508 0.3677800724637681 0.002884435986832 0.1899955878382027 0.3797708860759494 0.6598827292110875 0.0020172587807832 0.0049763344441078 0.0059740363352556 0.0047705076300218
0 0.0150409713574097 0.5833166666666667 0.0292081188448876 0.0463464728590503 0.215246835443038 0.5277130063965885 0.0003825433992733 0.0324776491972129 0.050668733469193 0.1395924945499844
0 0.0013450809464508 0.0182123188405797 0.0002041559596071 0.0103271377839189 0.3766069620253164 0.951935181236674 0.0017145337101332 0.0001605755831566 0.0004034557516368 0.0001
0 0.0113057285180572 0.4746427536231884 0.0183134054699762 0.0490536016298164 0.1604054852320675 0.5618213219616204 0.0002089810254339 0.016152529536504 0.0335451589125439 0.1081444098411709
0 0.0113057285180572 0.0272684782608695 0.0011623907879932 0.0030659258128132 0.3017274261603376 0.8805208955223882 0.0003179620508679 0.0015235262041805 0.0030261804622122 0.0078841793833696
1 0.0001 0.1105851449275362 0.0004819051852263 0.1155216189037846 0.9830257383966244 0.9999 0.0122090028259991 0.0017355407452287 0.001292147595716 0.0001
0 0.0088155666251556 0.6376536231884058 0.0196604892142291 0.0822410640362164 0.0190835443037974 0.2452535181236673 0.0001383451756156 0.0058546803998788 0.0178304860599228 0.051164216754905
0 0.0075704856787048 0.0816054347826087 0.0022872751517508 0.012321178302138 0.3839894514767932 0.7611417910447761 0.0004289612434396 0.0039465495304453 0.0053671248319819 0.0156683587667393
0 0.0100606475716064 0.0272684782608695 0.0010512910977456 0.0033973349745713 0.5316392405063292 0.9551328358208956 0.0012443007670569 0.0023110087852166 0.0029394788188873 0.0035250389286826
0 0.0088155666251556 0.0761717391304347 0.0024400372258414 0.0100944066309989 0.3070006329113924 0.9753846481876334 0.0002432898667743 0.0034619448651923 0.0072312101634652 0.0212729679227654
0 0.0137958904109589 0.7408938405797101 0.034214548636673 0.0637007694699931 0.2964542194092827 0.6385650319829425 0.0004410702462656 0.0494388124810663 0.0704800589689112 0.1890998754282155
0 0.0075704856787048 0.2174478260869565 0.0059327337380023 0.0322708927304452 0.2363396624472574 0.5810072494669509 0.0002594352038756 0.0069753286882762 0.0110894332914191 0.0405777327935222
1 0.0001 0.1685445652173913 0.0007041045657216 0.1751007940513191 0.5400763713080168 0.9999 0.0005661966088009 0.0014932384126022 0.0019857607423145 0.0047705076300218
0 0.0075704856787048 0.0055336956521739 0.00024581834345 0.0011500829619752 0.2837985232067511 0.6577509594882729 0.0017145337101332 0.0001605755831566 0.0003601049299744 0.0001
0 0.0100606475716064 0.5525257246376811 0.0191744280693956 0.0633898406496919 0.1477497890295359 0.7344946695095951 0.0001807266855066 0.0159405149954559 0.0447946971339374 0.1174854251012145
0 0.0113057285180572 0.0109673913043478 0.0005374550303501 0.0013902615117887 0.321765611814346 0.8624008528784649 0.0003179620508679 0.0006451802484095 0.0012704721848848 0.0035250389286826
0 0.0075704856787048 0.1051514492753623 0.0029191546400344 0.0157804941591417 0.1034548523206751 0.5479648187633263 0.0001766903512313 0.001765828536807 0.0051070199020075 0.0138001557147306
0 0.0088155666251556 0.0761717391304347 0.0024400372258414 0.0100944066309989 0.3534048523206751 0.7462194029850747 0.0002876895438029 0.003916261738867 0.0056272297619563 0.0212729679227654
0 0.0075704856787048 0.0345134057971014 0.0010235161751836 0.0054062702865772 0.4346122362869199 0.9999 0.0003502527250706 0.0018566919115419 0.0029828296405497 0.008818280909374
0 0.026246699875467 0.0345134057971014 0.0031066353673273 0.0017793879994711 0.2405582278481013 0.5415695095948827 0.0009779027048849 0.0036133838230839 0.0053888002428131 0.0069500778573653
4 0.163205603985056 0.989032608695652 0.5014165210506577 0.0078024702370421 0.3354759493670886 0.448837526652452 0.0040677165926524 0.80836000605877 0.7558565494515024 0.4020750233572095
0 0.0100606475716064 0.3152543478260869 0.0109877696442709 0.0362887633544571 0.1456405063291139 0.5394377398720683 0.0001706358498183 0.0089440351408664 0.0193260894072757 0.068600778573653
0 0.006325404732254 0.1703557971014492 0.0040093203505896 0.0295656258089025 0.1836075949367089 0.9284857142857144 0.0001908175211949 0.0037951105725537 0.0114795906863807 0.0275003114294612
0 0.0113057285180572 0.9238282608695652 0.035533857458364 0.0952274623691556 0.0865805907172996 0.5277130063965885 0.0001565086798546 0.0206048348985156 0.061636491349781 0.1660587044534413
0 0.0050803237858032 0.0055336956521739 0.0001902684983262 0.0015764464341248 0.3143831223628692 0.8400172707889126 0.0002513625353249 0.0001 0.000316754108312 0.0010341015260043
0 0.0100606475716064 0.373213768115942 0.0129875640687289 0.0429094991927269 0.1319301687763713 0.6076543710021323 0.0001585268469923 0.009882956679794 0.0254819060833369 0.0791872625350358
0 0.0075704856787048 0.0218347826086956 0.0006832733738002 0.0035444210632168 0.3280934599156118 0.8240289978678038 0.0002150355268469 0.000887482581036 0.0015956033473529 0.0063273435066957
0 0.0187762141967621 0.3261217391304348 0.0201604378203436 0.0211500673193132 0.3671151898734178 0.743021748400853 0.0009274485264432 0.034930960315056 0.0475908251311624 0.0704689816256618
0 0.0150409713574097 0.248238768115942 0.0125084466545358 0.0198504965614076 0.1899354430379747 0.6769368869936034 0.0006771958013726 0.0125179945471069 0.0270642110740146 0.0334162877608221
0 0.0100606475716064 0.2409938405797101 0.0084255330379342 0.0278080401420502 0.1730611814345991 0.6588168443496804 0.0002311808639483 0.0077628112693123 0.0177221090057668 0.0489846465275615
0 0.0100606475716064 0.0707380434782608 0.002551136916089 0.0083610250040503 0.3523502109704641 0.8815867803837952 0.0003906160678239 0.0040979884883368 0.006884403590166 0.017536561818748
0 0.0100606475716064 0.0435695652173913 0.0016137332796244 0.0052591841979318 0.2922356540084388 0.4690893390191898 0.0004128159063383 0.0021292820357467 0.0023975935481073 0.008818280909374
3 0.0100606475716064 0.0055336956521739 0.0003013681885738 0.0009136281106085 0.2089189873417721 0.7334287846481876 0.0017145337101332 0.0001605755831566 0.000533508216624 0.0001
0 0.006325404732254 0.0182123188405797 0.0005096801077882 0.0034997366818561 0.2964542194092827 0.7739324093816632 0.0001948538554703 0.0005543168736746 0.001075393487404 0.004459140454687
0 0.0150409713574097 0.2174478260869565 0.01097388218299 0.0174170596264755 0.3418037974683545 0.6694756929637525 0.0006489414614452 0.0177880702817328 0.0234877682868664 0.0492960137028962
2 0.0075704856787048 0.0019112318840579 0.0001486061144833 0.0006194559333175 0.6233930379746835 0.6950569296375266 0.0017145337101332 0.0001605755831566 0.0001650262324936 0.0001
0 0.0075704856787048 0.0327021739130434 0.0009749100607003 0.0051400258476367 0.2468860759493671 0.6470921108742005 0.0001726540169559 0.0010389215389275 0.0018773836881585 0.0085069137340392
1 0.0001 0.0290797101449275 0.0001694373064047 0.0317384038525641 0.3797708860759494 0.9999 0.0002513625353249 0.0001 0.000316754108312 0.0010341015260043
0 0.012550809464508 0.1757894927536231 0.0075367355159529 0.0166741817863547 0.3439130801687763 0.705715778251599 0.0005117060960839 0.0122454044229021 0.0168767679833499 0.0415118343195266
0 0.0075704856787048 0.061681884057971 0.0017526078924339 0.0093962131722387 0.3755523206751055 0.738758208955224 0.0003785070649979 0.0029167646167827 0.0039582231279538 0.0128660541887262
0 0.0100606475716064 0.4891326086956521 0.0169871529176447 0.056149109020043 0.2532139240506329 0.708913432835821 0.0002816350423899 0.0214528930627082 0.038400450938733 0.1162399563998754
3 0.3798496886674969 0.8405115942028986 0.9880748267192644 0.0029169778749443 0.0032639240506329 0.0651189765458422 0.0004410702462656 0.2379803150560436 0.37822754195031 0.9105376206789162
0 0.0088155666251556 0.0073449275362318 0.0003291431111358 0.0012506228200367 0.3671151898734178 0.9999 0.0004370339119903 0.0003725901242047 0.0008152885574296 0.0016568358766739
0 0.0075704856787048 0.0761717391304347 0.0021414568083008 0.0115243068345397 0.2532139240506329 0.8400172707889126 0.0001665995155429 0.002553311117843 0.0054971772969691 0.0203388663967611
0 0.0287368617683686 0.2228815217391304 0.0207159362715819 0.0097071419925399 0.8965451476793249 0.9583304904051174 0.0032604497375857 0.0811501302635565 0.0619182716905866 0.0499187480535658
0 0.0100606475716064 0.0200235507246376 0.0008013167946883 0.0025688120701759 0.3555141350210971 0.8421490405117272 0.0003684162293096 0.0011600727052408 0.0019424099206521 0.0053932419806913
1 0.0075704856787048 0.0236460144927536 0.0007318794882835 0.0038106655021573 0.0528320675105485 0.1514556503198294 0.0019163504238998 0.0001908633747349 0.0003817803408056 0.0001
0 0.0113057285180572 0.0182123188405797 0.0008152042559693 0.0021350012011329 0.4441040084388186 0.9999 0.0003986887363746 0.0014629506210239 0.0023325673156137 0.0063273435066957
0 0.032472104607721 0.2065804347826086 0.0216116775242037 0.0080165828977286 0.2542685654008438 0.6502897654584223 0.0003724525635849 0.0274498757952135 0.0451848545288991 0.1205990968545624
0 0.0100606475716064 0.1939018115942029 0.0068007000680621 0.0224291577357619 0.3418037974683545 0.8027113006396588 0.0003724525635849 0.0109430293850348 0.0171151975024931 0.0480505450015571
0 0.0299819427148194 0.2754072463768116 0.0266111635853485 0.0114814843024024 0.214192194092827 0.5852707889125799 0.0003179620508679 0.0294791578309603 0.0506253826475306 0.1461312052320149
0 0.0113057285180572 0.2210702898550724 0.0085921825733057 0.02298771250277 0.3270388185654008 0.8805208955223882 0.0005016152603956 0.0133660527112996 0.0236178207518536 0.0461823419495484
0 0.0088155666251556 0.0490032608695652 0.0016067895489839 0.006603439337198 0.430393670886076 0.7760641791044777 0.0004188704077513 0.0030076279915177 0.0037848198413042 0.0122433198380566
0 0.0100606475716064 0.1776007246376811 0.0062382578861833 0.0205673085124014 0.1667333333333333 0.7632735607675907 0.0001787085183689 0.0055518024840957 0.0149693318302042 0.0418232014948614
0 0.0113057285180572 0.1522434782608695 0.0059535649299237 0.0159126854540003 0.2964542194092827 0.6758710021321961 0.0003583253936213 0.0084594304756134 0.0127801153362528 0.0383981625661787
4 0.2316850560398505 0.253672463768116 0.1831367396830247 0.0014908013698502 0.3829348101265822 0.8762573560767591 0.0008447036737989 0.3314484398667071 0.5050070199020076 0.7262082528807225
0 0.0050803237858032 0.0109673913043478 0.0002944244579334 0.0026935559681411 0.4578143459915612 0.9082339019189768 0.0016136253532498 0.000402877915783 0.00064188527078 0.0004113671753347
0 0.0100606475716064 0.0508144927536231 0.0018637075826816 0.0060858452531038 0.1920447257383966 0.8815867803837952 0.0001787085183689 0.0017355407452287 0.0049769674370203 0.0134887885393958
0 0.0100606475716064 0.0816054347826087 0.0029260983706749 0.0096028784360317 0.2584871308016878 0.8218972281449892 0.0002331990310859 0.0036133838230839 0.0074262888609461 0.0228298037994394
1 0.0025901618929016 0.9709202898550724 0.0112377439473282 0.3333579780369576 0.3175470464135021 0.3219972281449893 0.0142534061364553 0.0171217388670099 0.0126717382820968 0.0022795702273435
0 0.0050803237858032 0.123263768115942 0.0024469809564818 0.0257804863378107 0.2078643459915612 0.6076543710021323 0.0002029265240209 0.0024927355346864 0.0046735116853835 0.017536561818748
0 0.0075704856787048 0.0671155797101449 0.001898426235884 0.0101949464890603 0.2700881856540084 0.7749982942430705 0.0002109991925716 0.0023715843683732 0.0045001083987339 0.0162910931174089
0 0.006325404732254 0.184845652173913 0.0043426194213326 0.0320493326728653 0.2068097046413502 0.9029044776119404 0.0001464178441663 0.0045220175704332 0.0121298530113168 0.0383981625661787
0 0.0113057285180572 0.1776007246376811 0.0069256872195907 0.0185192743667049 0.4124647679324895 0.9061021321961622 0.0004309794105773 0.0131843259618297 0.0195211681047565 0.0514755839302398
0 0.0088155666251556 0.0272684782608695 0.0009401914074979 0.0038106655021573 0.431448312236287 0.9252880597014926 0.0004168522406136 0.001674965162072 0.0025276460130945 0.0069500778573653
0 0.0113057285180572 0.0327021739130434 0.0013707027072076 0.0036244805798213 0.6001909282700422 0.8485443496801707 0.0015994981832862 0.0034619448651923 0.0034813640896674 0.0041477732793522
0 0.0075704856787048 0.0055336956521739 0.00024581834345 0.0011500829619752 0.2468860759493671 0.3145360341151386 0.0015127169963665 0.0001302877915783 0.0001650262324936 0.0001
0 0.012550809464508 0.1268862318840579 0.0054744475157306 0.0121052037922282 0.3354759493670886 0.7078475479744136 0.0003845615664109 0.0086411572250833 0.0122382300654728 0.0371526938648396
0 0.0100606475716064 0.9654865942028984 0.0334229633436584 0.1105560670250822 0.0929084388185654 0.4861434968017058 0.0001645813484053 0.0202110936079975 0.0539417205047045 0.157651790719402
0 0.0100606475716064 0.0363246376811594 0.0013637589765671 0.0044306612935364 0.1298208860759493 0.4808140724946695 0.0002311808639483 0.000887482581036 0.0020507869748081 0.0060159763313609
0 0.0162860523038605 0.7590061594202899 0.0408805300515328 0.05594244375625 0.3418037974683545 0.5426353944562899 0.0008911215179652 0.0667937170554377 0.0726909508736937 0.1395924945499844
0 0.0088155666251556 0.3333666666666666 0.0103281152334254 0.0431422303456469 0.2247386075949367 0.5852707889125799 0.0002957622123536 0.0117607997576491 0.0195645189264189 0.0617507007162877
0 0.012550809464508 0.246427536231884 0.0105155959607184 0.0232762991323909 0.2795799578059072 0.6289720682302773 0.0004430884134033 0.0143655498333838 0.0212335255604214 0.0549006228589224
0 0.0088155666251556 0.0381358695652173 0.0012734904782409 0.0052070524196777 0.35867805907173 0.9092997867803838 0.0004148340734759 0.0019778430778551 0.003438013268005 0.0081955465587044
0 0.0050803237858032 0.0562481884057971 0.0011623907879932 0.0120028020849433 0.3734430379746836 0.9999 0.0001827448526443 0.0018566919115419 0.0034163378571738 0.0141115228900654
1 0.0001 0.1395648550724637 0.000593004875474 0.1453112064775518 0.9461132911392404 0.9999 0.0048770016148566 0.0021292820357467 0.0016389541690153 0.0007227343506695
0 0.0100606475716064 0.0001 0.0001138874612809 0.0002936323192294 0.9999 0.9999 0.0017145337101332 0.0001605755831566 0.0001433508216624 0.0001
0 0.0200212951432129 0.0182123188405797 0.0013498715152862 0.0012915835029506 0.2890717299578059 0.3955432835820895 0.0019506592652402 0.0017355407452287 0.0017039804015089 0.0016568358766739
0 0.0947261519302615 0.4891326086956521 0.1449462211603905 0.0066388144724419 0.4493772151898734 0.7270334754797442 0.0021746758175211 0.3021904332020599 0.3364156744569223 0.2753485829959514
0 0.0050803237858032 0.0399471014492753 0.0008499229091717 0.0086514734828945 0.4767978902953587 0.768602985074627 0.0003865797335486 0.0016446773704937 0.0018990590989897 0.0072614450327
0 0.0075704856787048 0.0200235507246376 0.0006346672593168 0.0032781766242762 0.4472679324894515 0.7462194029850747 0.0004753790876059 0.0010994971220842 0.0013354984173784 0.0041477732793522
3 0.1233630136986301 0.0870391304347826 0.0340756740238634 0.000999273174883 0.0433402953586498 0.3603690831556503 0.0002553988696003 0.0137597940018176 0.0423887265316741 0.0804327312363749
0 0.0088155666251556 0.0055336956521739 0.0002735932660119 0.0010178916671167 0.3407491561181434 0.9999 0.0003825433992733 0.0002514389578915 0.00064188527078 0.0013454687013391
0 0.012550809464508 0.1812231884057971 0.0077658786270887 0.0171824666243321 0.2236839662447257 0.8421490405117272 0.0002311808639483 0.0087623083913965 0.0204748861813294 0.0552119900342572
0 0.0088155666251556 0.3514789855072464 0.0108836136846637 0.0454695418748475 0.1298208860759493 0.9625940298507464 0.0001484360113039 0.0081565525598303 0.032591440835971 0.068600778573653
0 0.0050803237858032 0.0254572463768115 0.0005721736835525 0.0056725147255178 0.3671151898734178 0.9434081023454158 0.0002352171982236 0.0007966192063011 0.0014872262931968 0.0053932419806913
0 0.012550809464508 0.1812231884057971 0.0077658786270887 0.0171824666243321 0.2932902953586498 0.7163746268656717 0.0004390520791279 0.0110036049681914 0.0176137319516108 0.0424459358455309
0 0.0050803237858032 0.0997177536231884 0.0019956384648507 0.0209396783570735 0.0728702531645569 0.436046908315565 0.0001625631812676 0.0009177703726143 0.0028094263539001 0.0078841793833696
0 0.0113057285180572 0.4728315217391304 0.0182439681635714 0.0488674167074803 0.1340394514767932 0.5799413646055438 0.0001726540169559 0.014092959709179 0.0343471491132983 0.1068989411398318
0 0.0050803237858032 0.0272684782608695 0.0006068923367549 0.0060448845701899 0.393481223628692 0.9999 0.0001726540169559 0.0009177703726143 0.0016823049906777 0.0075728122080348
0 0.0088155666251556 0.0562481884057971 0.0018289889294792 0.0075343639488782 0.3407491561181434 0.978582302771855 0.0003199802180056 0.0027956134504695 0.0053888002428131 0.0141115228900654
0 0.0088155666251556 0.0508144927536231 0.0016623393941077 0.0068361704901181 0.1635694092827004 0.6279061833688699 0.0002210900282599 0.0013417994547106 0.003221259159693 0.0091296480847088
0 0.0075704856787048 0.0562481884057971 0.0016067895489839 0.0085974798554171 0.2373943037974684 0.8186995735607677 0.0001827448526443 0.001765828536807 0.003979898538785 0.0134887885393958
0 0.0100606475716064 0.1051514492753623 0.0037385148556109 0.0122932505637876 0.1952086497890295 0.7888547974413647 0.0002130173597093 0.0037042471978188 0.0091819971382734 0.0250093740267829
0 0.0075704856787048 0.0852278985507246 0.0023844873807175 0.0128536671800191 0.2532139240506329 0.7909865671641791 0.0002069628582963 0.0028561890336261 0.0058006330486059 0.0197161320460915
0 0.0100606475716064 0.0653043478260869 0.0023636561887961 0.0077410292126713 0.5759341772151898 0.9423422174840084 0.0006025236172789 0.0059152559830354 0.00677602653601 0.017536561818748
0 0.0113057285180572 0.0109673913043478 0.0005374550303501 0.0013902615117887 0.321765611814346 0.7408899786780384 0.0004592337505046 0.0006451802484095 0.0010970688982352 0.0025909374026782
0 0.0088155666251556 0.378647463768116 0.0117168613615212 0.0489605091686483 0.1329848101265822 0.448837526652452 0.0001887993540573 0.0089440351408664 0.017527030308286 0.0645530052943008
0 0.0075704856787048 0.1123963768115942 0.0031135790979678 0.0168436100656805 0.3017274261603376 0.9977682302771854 0.0002614533710133 0.0044008664041199 0.0094854528899102 0.0256321083774525
3 0.0474130759651307 0.125075 0.0190077785340241 0.0034289864113684 0.0401763713080168 0.2058157782515991 0.0013109002825999 0.0073084943956376 0.015056033473529 0.0106864839613827
0 0.0100606475716064 0.9183945652173912 0.0317981303737863 0.1051771846187939 0.1393126582278481 0.6854639658848615 0.0001625631812676 0.0253297303847319 0.0698297966439752 0.1990636250389287
0 0.0088155666251556 0.0707380434782608 0.0022733876904699 0.0093962131722387 0.1698972573839662 0.636433262260128 0.0001484360113039 0.0019475552862768 0.0045217838095651 0.0169138274680784
0 0.0137958904109589 0.183034420289855 0.0085505201894628 0.0159126854540003 0.2532139240506329 0.7483511727078891 0.0003199802180056 0.0107007270524083 0.0202147812513549 0.0530324198069137
0 0.0075704856787048 0.0236460144927536 0.0007318794882835 0.0038106655021573 0.3439130801687763 0.9999 0.0002917258780783 0.0010086337473492 0.0020724623856393 0.0057046091560261
0 0.0088155666251556 0.7191590579710144 0.0221602322448015 0.092713965917619 0.2395035864978903 0.6417626865671644 0.0002412716996366 0.0267532565889124 0.0457484152105103 0.162010931174089
3 0.1457744707347447 0.1884681159420289 0.0860842165210506 0.0017440128642272 0.0001 0.0459330490405117 0.0005702329430763 0.0193327476522266 0.0280396045614187 0.059882497664279
0 0.0113057285180572 0.0942840579710145 0.0037315711249704 0.0099547679392468 0.1720065400843881 0.7664712153518125 0.0001887993540573 0.0033407936988791 0.008921892208299 0.0243866396761133
0 0.0100606475716064 0.5525257246376811 0.0191744280693956 0.0633898406496919 0.1698972573839662 0.7941842217484011 0.0001766903512313 0.0176669191154195 0.0481110349911113 0.1318083151666147
0 0.0075704856787048 0.0236460144927536 0.0007318794882835 0.0038106655021573 0.1393126582278481 0.5863366737739873 0.0035308841340331 0.0004331657073614 0.0012487967740536 0.0001
0 0.0100606475716064 0.3261217391304348 0.0113627310988568 0.0375306167864385 0.3259841772151899 0.7227699360341151 0.0004551974162293 0.0176972069069978 0.0260671421757793 0.0661098411709747
0 0.0113057285180572 0.0453807971014492 0.0018567638520411 0.0049277750361736 0.318601687763713 0.7536805970149255 0.0003199802180056 0.0026744622841563 0.0042833542904218 0.0134887885393958
0 0.0100606475716064 0.1431873188405797 0.0050508799466614 0.0166369448018875 0.2964542194092827 0.8698620469083157 0.0003058530480419 0.0071570554377461 0.0136471317695009 0.0368413266895048
0 0.0050803237858032 0.0218347826086956 0.0005027363771477 0.0049277750361736 0.3671151898734178 0.9999 0.0001363270084779 0.0006754680399878 0.0013571738282096 0.0066387106820305
0 0.0075704856787048 0.0327021739130434 0.0009749100607003 0.0051400258476367 0.2943449367088607 0.7110452025586355 0.0002392535324989 0.0012206482883974 0.0020507869748081 0.0078841793833696
0 0.0499032378580323 0.119641304347826 0.0191258219549122 0.0031292286864074 0.4103554852320675 0.4978682302771856 0.0066933520387565 0.036596788851863 0.0314209686510861 0.0109978511367175
0 0.006325404732254 0.0127786231884057 0.0003846929562596 0.0025688120701759 0.5822620253164557 0.8890479744136461 0.0005480331045619 0.0007663314147228 0.0008803147899232 0.0025909374026782
0 0.0113057285180572 0.0164010869565217 0.0007457669495645 0.0019488162787969 0.4936721518987342 0.4989341151385928 0.0103926524020993 0.0014629506210239 0.0010970688982352 0.0001
1 0.0001 0.119641304347826 0.0005166238384287 0.1248308650205868 0.9840803797468356 0.9999 0.0132180863948324 0.0018869797031202 0.001400524649872 0.0001
0 0.0050803237858032 0.1685445652173913 0.0033149472865417 0.035089732454613 0.2753613924050633 0.7344946695095951 0.0002836532095276 0.0043402908209633 0.0075996921475957 0.0237639053254437
1 0.0001 0.0345134057971014 0.0001902684983262 0.0373239515226455 0.5253113924050634 0.9999 0.0001766903512313 0.0002211511663132 0.0003817803408056 0.0022795702273435
0 0.0050803237858032 0.0544369565217391 0.0011276721347908 0.0116304322402712 0.3259841772151899 0.9721869936034117 0.0002130173597093 0.0015841017873371 0.003221259159693 0.0109978511367175
0 0.0088155666251556 0.1051514492753623 0.0033288347478227 0.0138181050777198 0.1625147679324894 0.67054157782516 0.0005298696003229 0.0028259012420478 0.0070144560551532 0.0094410152600436
0 0.0113057285180572 0.0272684782608695 0.0011623907879932 0.0030659258128132 0.2616510548523207 0.9999 0.0002715442067016 0.0013417994547106 0.0034163378571738 0.0078841793833696
0 0.0100606475716064 0.0308909420289855 0.0011762782492742 0.0038106655021573 0.2901263713080169 0.9082339019189768 0.0002796168752523 0.0014932384126022 0.0031562329271994 0.0085069137340392
0 0.0113057285180572 0.0164010869565217 0.0007457669495645 0.0019488162787969 0.3038367088607595 0.9252880597014926 0.0002796168752523 0.0009177703726143 0.0019640853314833 0.0053932419806913
0 0.012550809464508 0.2645398550724637 0.011279406331171 0.0249687200764255 0.2827438818565401 0.5810072494669509 0.0003421800565199 0.0155770614965162 0.0212335255604214 0.07295991902834
0 0.006325404732254 0.1449985507246377 0.0034260469767894 0.0252219315708026 0.2426675105485232 0.9274198294243072 0.0001686176826806 0.0040374129051802 0.0097672332307158 0.0315480847088134
0 0.0187762141967621 0.7662510869565217 0.0471576625505257 0.0494259714744884 0.3365305907172995 0.5341083155650318 0.0009758845377472 0.0760314934868221 0.0827483414993713 0.1464425724073497
0 0.0075704856787048 0.058059420289855 0.0016553956634672 0.0088637242943576 0.0960723628691983 0.8336219616204691 0.0003744707307226 0.000887482581036 0.0041749772362658 0.0041477732793522
0 0.012550809464508 0.2120141304347826 0.0090643562568583 0.020059023674424 0.429339029535865 0.7249017057569296 0.0008689216794509 0.0179395092396243 0.0208216927546286 0.0383981625661787
0 0.0075704856787048 0.0816054347826087 0.0022872751517508 0.012321178302138 0.318601687763713 0.9999 0.0001928356883326 0.0033407936988791 0.0069277544118284 0.0240752725007785
0 0.0187762141967621 0.7372713768115943 0.0453800675065631 0.047564122251128 0.356568776371308 0.6204449893390193 0.0009637755349212 0.0770007028173281 0.0910716992585526 0.1498676113360323
0 0.012550809464508 0.253672463768116 0.0108211201088994 0.0239521504004707 0.3312573839662447 0.7760641791044777 0.0004733609204683 0.0170611632838533 0.0265006503924034 0.0617507007162877
0 0.0100606475716064 0.0417583333333333 0.00155123970386 0.0050525189341388 0.3164924050632912 0.7035840085287847 0.0003361255551069 0.0021898576189033 0.003329636213849 0.0106864839613827
0 0.0088155666251556 0.0363246376811594 0.0012179406331171 0.0049743212667576 0.3280934599156118 0.7590100213219617 0.0002392535324989 0.0017355407452287 0.0027660755322377 0.0109978511367175
0 0.0050803237858032 0.1123963768115942 0.0022386690372675 0.0235462672697781 0.3333666666666667 0.9220904051172708 0.0003018167137666 0.0034013692820357 0.0062774920868924 0.0178479289940828
0 0.0075704856787048 0.0345134057971014 0.0010235161751836 0.0054062702865772 0.3143831223628692 0.7408899786780384 0.0002170536939846 0.001372087246289 0.0022458656722889 0.0094410152600436
0 0.0088155666251556 0.061681884057971 0.0019956384648507 0.0082325574076384 0.3628966244725739 0.9849776119402984 0.0002775987081146 0.0032499303241441 0.0059306855135932 0.0181592961694176
0 0.012550809464508 0.2283152173913043 0.0097517855902657 0.0215820163391329 0.2257932489451477 0.6652121535181238 0.0003482345579329 0.0111247561345046 0.0207349911113038 0.0514755839302398
0 0.0075704856787048 0.0109673913043478 0.0003916366869001 0.0019488162787969 0.2679789029535865 0.5650189765458422 0.0003300710536939 0.0003423023326264 0.0005768590382864 0.0019682030520087
0 0.006325404732254 0.0453807971014492 0.0011346158654313 0.0081543597402573 0.4926175105485232 0.951935181236674 0.0003522708922083 0.0023412965767949 0.0031779083380306 0.0109978511367175
0 0.006325404732254 0.0236460144927536 0.0006346672593168 0.0044306612935364 0.5105464135021098 0.9999 0.0003119075494549 0.0012509360799757 0.0017690066340025 0.0066387106820305
0 0.0050803237858032 0.0761717391304347 0.0015442959732196 0.0160988703763363 0.4261751054852321 0.9999 0.0001847630197819 0.0028561890336261 0.0046084854528899 0.0212729679227654
0 0.0100606475716064 0.2228815217391304 0.0078005972802911 0.0257395256548968 0.3323120253164557 0.6854639658848615 0.0004733609204683 0.0123059800060587 0.0170068204483371 0.0446255060728744
0 0.0075704856787048 0.0435695652173913 0.0012665467476004 0.0067356306320566 0.4029729957805907 0.9999 0.0002634715381509 0.0021898576189033 0.0037414690196418 0.0128660541887262
0 0.0088155666251556 0.0544369565217391 0.0017734390843554 0.0073016327959582 0.3112191983122362 0.7163746268656717 0.0002594352038756 0.0024927355346864 0.0038931968954602 0.0147342572407349
0 0.006325404732254 0.0290797101449275 0.0007596544108454 0.0053615859052166 0.2352850210970464 0.8123042643923242 0.0001665995155429 0.0007360436231445 0.0017690066340025 0.0063273435066957
0 0.0113057285180572 0.0345134057971014 0.0014401400136124 0.0038106655021573 0.5885898734177214 0.8346878464818763 0.0015389531691562 0.0035830960315056 0.0036114165546546 0.004459140454687
3 0.0100606475716064 0.0164010869565217 0.0006763296431597 0.0021554815425899 0.0971270042194093 0.4904070362473348 0.0012099919257165 0.0002817267494698 0.000967016433248 0.0004113671753347
0 0.0100606475716064 0.1504322463768116 0.0053008542497187 0.0174636058570595 0.248995358649789 0.777130063965885 0.0002675078724263 0.0064907240230233 0.01291016780124 0.0368413266895048
0 0.012550809464508 0.1794119565217391 0.0076894975900434 0.0170130383450063 0.2289571729957806 0.7494170575692964 0.0002816350423899 0.0088531717661314 0.0181989680440532 0.0483619121768919
0 0.0100606475716064 0.0471920289855072 0.001738720431153 0.0056725147255178 0.3101645569620253 0.9476716417910448 0.0002917258780783 0.0024321599515298 0.0049552920261891 0.013177421364061
2 0.0411876712328767 0.0001 0.0002874807272929 0.0001409606829139 0.9999 0.9999 0.0067599515542995 0.0009177703726143 0.0006852360924424 0.0001
0 0.0088155666251556 0.4891326086956521 0.0151054019140749 0.0631571094967718 0.2764160337552743 0.8069748400852879 0.0002654897052886 0.0205139715237806 0.0384221263495642 0.1165513235752102
0 0.006325404732254 0.0145898550724637 0.0004263553401025 0.0028797408904771 0.3354759493670886 0.7035840085287847 0.0003018167137666 0.000493741290518 0.0007936131465984 0.002902304578013
0 0.0113057285180572 0.2862746376811594 0.0110919256038781 0.0296903697068676 0.319656329113924 0.700386353944563 0.0005177605974969 0.0169702999091184 0.024744942115076 0.0570801930862659
0 0.0088155666251556 0.0145898550724637 0.0005513424916311 0.0021815474317169 0.2384489451476793 0.4669575692963753 0.0004753790876059 0.000493741290518 0.0007285869141048 0.0019682030520087
0 0.0274917808219178 0.1649221014492753 0.01474432792077 0.0075343639488782 0.0981816455696202 0.5010658848614074 0.0001887993540573 0.0091560496819145 0.0243547847201144 0.0657984739956399
0 0.0162860523038605 0.4565304347826087 0.024646087814093 0.0337324443707832 0.3375852320675105 0.8144360341151387 0.0007781041582559 0.0397770069675855 0.0633271733946147 0.0938215197757708
0 0.0100606475716064 0.0653043478260869 0.0023636561887961 0.0077410292126713 0.356568776371308 0.79844776119403 0.0003078712151796 0.003825398364132 0.0058006330486059 0.0197161320460915
0 0.0150409713574097 0.6086739130434783 0.0304718778214548 0.0483516844726095 0.140367299578059 0.7344946695095951 0.0002170536939846 0.0244513844289609 0.0712820491696657 0.1598313609467455
0 0.0100606475716064 0.1449985507246377 0.0051133735224257 0.0168436100656805 0.2953995780590718 0.9721869936034117 0.0003199802180056 0.0072176310209027 0.0153378138143346 0.0359072251635004
0 0.0038352428393524 0.0055336956521739 0.0001624935757643 0.0019488162787969 0.4071915611814346 0.4008727078891258 0.0013109002825999 0.0001 0.0001 0.0001
0 0.0038352428393524 0.0562481884057971 0.0009401914074979 0.0149817608423201 0.2753613924050633 0.9999 0.0003240165522809 0.0010994971220842 0.0027227247105753 0.0057046091560261
0 0.0075704856787048 0.061681884057971 0.0017526078924339 0.0093962131722387 0.2036457805907173 0.7909865671641791 0.0001726540169559 0.0017052529536504 0.0042183280579282 0.0134887885393958
0 0.0088155666251556 0.0218347826086956 0.0007735418721264 0.0031124720433972 0.4114101265822785 0.9796481876332624 0.0003018167137666 0.001281223871554 0.0021591640289641 0.0069500778573653
0 0.0150409713574097 0.7390826086956521 0.0369712097009431 0.058664467320803 0.2373943037974684 0.5447671641791044 0.0004329975777149 0.0445624780369585 0.0660365997485149 0.1729087823108066
0 0.0200212951432129 0.0417583333333333 0.002884435986832 0.0027158981588214 0.3249295358649789 0.6886616204690831 0.0010848655631812 0.0043402908209633 0.0062124658543988 0.0075728122080348
0 0.0088155666251556 0.4909438405797101 0.0151609517591988 0.0633898406496919 0.1445858649789029 0.6673439232409382 0.0001645813484053 0.012336267797637 0.0323963621384902 0.0966238243537838
0 0.012550809464508 0.2065804347826086 0.0088352131457225 0.01955260068567 0.2257932489451477 0.7046498933901919 0.0002594352038756 0.0100949712208421 0.0197812730347309 0.0583256617876051
0 0.0088155666251556 0.0127786231884057 0.0004957926465072 0.0019488162787969 0.4725793248945148 0.9999 0.0004854699232943 0.0008571947894577 0.0013354984173784 0.0032136717533478
0 0.0050803237858032 0.0254572463768115 0.0005721736835525 0.0056725147255178 0.3249295358649789 0.9284857142857144 0.0001706358498183 0.0007057558315661 0.0014655508823656 0.0060159763313609
0 0.006325404732254 0.0779829710144927 0.001884538774603 0.0137399074103386 0.4166833333333333 0.79844776119403 0.0003240165522809 0.0034619448651923 0.0045868100420587 0.0172251946434132
0 0.0088155666251556 0.0417583333333333 0.0013845901684886 0.0056725147255178 0.285907805907173 0.6673439232409382 0.0003441982236576 0.001765828536807 0.0028094263539001 0.0085069137340392
0 0.0088155666251556 0.0526257246376811 0.0017178892392315 0.0070689016430381 0.2004818565400844 0.8091066098081022 0.0002069628582963 0.0016446773704937 0.0042183280579282 0.0116205854873871
0 0.0088155666251556 0.0490032608695652 0.0016067895489839 0.006603439337198 0.359732700421941 0.743021748400853 0.0003421800565199 0.002553311117843 0.0036330919654858 0.0122433198380566
0 0.0113057285180572 0.058059420289855 0.0023428249968746 0.0062310694925259 0.3091099156118143 0.764339445628998 0.0002816350423899 0.0033407936988791 0.0055188527078003 0.0184706633447524
0 0.0113057285180572 0.061681884057971 0.0024816996096842 0.006603439337198 0.4029729957805907 0.789920682302772 0.0003704343964473 0.0044917297788548 0.0060390625677492 0.0200274992214263
0 0.0088155666251556 0.0327021739130434 0.0011068409428694 0.0045088589609175 0.3544594936708861 0.6417626865671644 0.0003401618893823 0.001674965162072 0.0021374886181329 0.0081955465587044
0 0.0088155666251556 0.1123963768115942 0.003551034128318 0.0147490296894 0.4040276371308017 0.8325560767590617 0.0003845615664109 0.0065210118146016 0.0091603217274422 0.0281230457801308
0 0.0075704856787048 0.3949485507246376 0.0106961329573708 0.0583367818574916 0.1372033755274261 0.7845912579957356 0.0001524723455793 0.0083382793093002 0.0264789749815722 0.0689121457489878
0 0.0150409713574097 0.880358695652174 0.0440121525703887 0.0698355626609658 0.2057550632911392 0.6055226012793178 0.0003219983851433 0.047258091487428 0.0863898105190131 0.2317571784490812
0 0.0075704856787048 0.125075 0.0034538218993513 0.018705459289041 0.2247386075949367 0.974318763326226 0.0001807266855066 0.003825398364132 0.0103091185014959 0.0287457801308003
0 0.0113057285180572 0.0689268115942029 0.0027594488353034 0.0073481790265422 0.2721974683544303 0.764339445628998 0.0002917258780783 0.0035528082399272 0.0065375970168668 0.0190933976954219
0 0.0075704856787048 0.0145898550724637 0.0004888489158668 0.002481305156678 0.3133284810126582 0.7291652452025585 0.0002675078724263 0.0005543168736746 0.000967016433248 0.0035250389286826
0 0.0100606475716064 0.2826521739130434 0.0098628852805133 0.0325650649077362 0.179389029535865 0.5095929637526653 0.0002170536939846 0.0093680642229627 0.0164866105883883 0.0614393335409529
0 0.0113057285180572 0.0526257246376811 0.0021345130776603 0.0056725147255178 0.2964542194092827 0.9252880597014926 0.0002594352038756 0.0029167646167827 0.0059957117460868 0.0172251946434132
0 0.0100606475716064 0.3243105072463768 0.0113002375230925 0.0373239515226455 0.3396945147679325 0.743021748400853 0.0004753790876059 0.0182423871554074 0.0266090274465594 0.0657984739956399
0 0.0075704856787048 0.0327021739130434 0.0009749100607003 0.0051400258476367 0.3017274261603376 0.8155019189765458 0.0002352171982236 0.0012509360799757 0.0023325673156137 0.0081955465587044
0 0.0088155666251556 0.0308909420289855 0.0010512910977456 0.0042761278079974 0.4504318565400844 0.9849776119402984 0.0003341073879693 0.0019778430778551 0.0030261804622122 0.0097523824353783
0 0.0113057285180572 0.1431873188405797 0.0056063783978997 0.0149817608423201 0.5284753164556962 0.700386353944563 0.0009234121921679 0.0132751893365646 0.0124116333521224 0.0268775770787916
0 0.0162860523038605 0.6702557971014492 0.0361171308321642 0.0494259714744884 0.3460223628691983 0.5628872068230278 0.0008769943480016 0.0597063738261133 0.0664050817326453 0.1265150731859233
0 0.012550809464508 0.0254572463768115 0.0011971094411956 0.0026265293961001 0.322820253164557 0.7355605543710021 0.0003401618893823 0.001674965162072 0.0026360230672505 0.0081955465587044
0 0.0137958904109589 0.5144898550724637 0.0237989526759546 0.0443058861102472 0.3787162447257384 0.6886616204690831 0.0007720496568429 0.0424120448348985 0.0524244417465204 0.1006715976331361
0 0.0100606475716064 0.4764539855072464 0.0165496978872945 0.0547005903242686 0.1530229957805907 0.6332356076759063 0.0001686176826806 0.0140626719176007 0.0337185621991935 0.1084557770165057
0 0.0075704856787048 0.2047692028985507 0.0055924909366188 0.0304090435070848 0.212082911392405 0.7238358208955225 0.0002553988696003 0.0060061193577703 0.0127584399254216 0.0352844908128309
0 0.0075704856787048 0.0653043478260869 0.0018498201214006 0.0099287020501198 0.2627056962025316 0.67054157782516 0.0002634715381509 0.0022504332020599 0.0038281706629666 0.013177421364061
0 0.006325404732254 0.3315554347826087 0.0077172725126053 0.0571842971882315 0.2321210970464135 0.6769368869936034 0.0002089810254339 0.0089743229324447 0.0166383384642067 0.0605052320149486
0 0.012550809464508 0.0671155797101449 0.0029538732932368 0.0065196561221468 0.2911810126582279 0.8421490405117272 0.0002937440452159 0.0040374129051802 0.0076647183800893 0.0215843350981002
0 0.0088155666251556 0.0200235507246376 0.0007179920270026 0.0028797408904771 0.5601145569620253 0.8005795309168443 0.0011534832458619 0.0015841017873371 0.0016389541690153 0.0025909374026782
0 0.0113057285180572 0.3188768115942029 0.0123417971191643 0.0330416983089165 0.2194654008438818 0.6726733475479745 0.0002553988696003 0.0138506573765525 0.0265223258032346 0.0810554655870445
0 0.0162860523038605 0.4782652173913043 0.0258126345616934 0.0353299110044265 0.318601687763713 0.5362400852878464 0.0008003039967702 0.0397164313844289 0.0454016086372111 0.0913305823730925
2 0.0113057285180572 0.0001 0.0001208311919214 0.0002731519777725 0.894435864978903 0.9999 0.0017145337101332 0.0001605755831566 0.0001650262324936 0.0001
3 0.0287368617683686 0.0308909420289855 0.0030510855222035 0.0014833539729568 0.0918537974683544 0.3358537313432836 0.0003159438837303 0.0017052529536504 0.0034813640896674 0.008818280909374
0 0.0113057285180572 0.9147721014492752 0.03518667092634 0.0942965377574754 0.1034548523206751 0.5618213219616204 0.0001686176826806 0.0228461314753105 0.064540996401162 0.1753997197134849
0 0.0200212951432129 0.0381358695652173 0.0026483491450557 0.0024961999504649 0.3766069620253164 0.7408899786780384 0.0008063584981832 0.0045220175704332 0.0060824133894116 0.0103751167860479
0 0.0100606475716064 0.0526257246376811 0.0019262011584459 0.0062925105168968 0.2300118143459916 0.7824594882729212 0.0001807266855066 0.0020989942441684 0.0046084854528899 0.0159797259420741
0 0.0137958904109589 0.2319376811594203 0.010800288916978 0.0201018462065613 0.2648149789029536 0.691859275053305 0.0004047432377876 0.014092959709179 0.0237912240385032 0.0580142946122703
0 0.012550809464508 0.1812231884057971 0.0077658786270887 0.0171824666243321 0.1973179324894514 0.8059089552238807 0.0002231081953976 0.0079142502272038 0.0196512205697437 0.051164216754905
0 0.012550809464508 0.4203057971014493 0.0178481755170641 0.0395246573046575 0.2036457805907173 0.6556191897654584 0.0002614533710133 0.0189390063617085 0.0375334345054849 0.1084557770165057
0 0.012550809464508 0.1612996376811594 0.0069256872195907 0.0153206174009717 0.3512955696202532 0.8741255863539448 0.0003845615664109 0.0114276340502877 0.0188709057798204 0.0489846465275615
0 0.006325404732254 0.1721670289855072 0.0040509827344325 0.0298765546292037 0.2268478902953586 0.934881023454158 0.0002029265240209 0.0045523053620115 0.0116746693838615 0.0315480847088134
0 0.0075704856787048 0.0254572463768115 0.0007804856027669 0.0040769099410979 0.1867715189873418 0.8783891257995737 0.0002210900282599 0.0006148924568312 0.0019640853314833 0.004459140454687
0 0.0225114570361145 0.0200235507246376 0.0016345644715458 0.0012636557646002 0.2648149789029536 0.401938592750533 0.0014461174808235 0.0019778430778551 0.0021158132073017 0.0025909374026782
0 0.0075704856787048 0.0544369565217391 0.0015581834345005 0.0083330972656999 0.2806345991561181 0.8282925373134328 0.0001706358498183 0.0019778430778551 0.0038931968954602 0.0156683587667393
0 0.0050803237858032 0.0236460144927536 0.0005374550303501 0.0053001448808457 0.3818801687763713 0.9391445628997868 0.0001766903512313 0.0007663314147228 0.0013788492390408 0.0063273435066957
0 0.0100606475716064 0.0417583333333333 0.00155123970386 0.0050525189341388 0.1698972573839662 0.4328492537313433 0.0001565086798546 0.001281223871554 0.0021374886181329 0.0109978511367175
0 0.0100606475716064 0.1359423913043478 0.0048009056436042 0.0158084218974921 0.4050822784810127 0.951935181236674 0.0003764888978603 0.008913747349288 0.0141023153969561 0.0390208969168483
0 0.006325404732254 0.1069626811594203 0.002551136916089 0.018705459289041 0.2532139240506329 0.8101724946695097 0.0002150355268469 0.0030682035746743 0.0063641937302172 0.0206502335720959
0 0.0075704856787048 0.0653043478260869 0.0018498201214006 0.0099287020501198 0.2426675105485232 0.7568782515991471 0.0001706358498183 0.0020989942441684 0.0042833542904218 0.0166024602927436
0 0.0088155666251556 0.1486210144927536 0.0046620310307946 0.0194036527478011 0.3650059071729958 0.9359469083155648 0.0003320892208316 0.0078839624356255 0.0134737284828513 0.0380867953908439
0 0.0100606475716064 0.1142076086956521 0.0040509827344325 0.0133265768827526 0.2806345991561181 0.8059089552238807 0.0003381437222446 0.0054306513177824 0.0101573906256774 0.0259434755527872
0 0.006325404732254 0.1286974637681159 0.0030510855222035 0.0224291577357619 0.5822620253164557 0.990307036247335 0.0007215954784012 0.0077930990608906 0.0092253479599358 0.0197161320460915
0 0.0187762141967621 0.621352536231884 0.0382696873307127 0.0401167253576862 0.3386398734177215 0.5437012793176973 0.0010545930561162 0.0620688215692214 0.0681391145991414 0.1112580815945188
0 0.012550809464508 0.1286974637681159 0.0055508285527759 0.0122727702223306 0.6465951476793249 0.9338151385927504 0.0011797194186515 0.0158496516207209 0.0160531023717642 0.0256321083774525
0 0.0100606475716064 0.0816054347826087 0.0029260983706749 0.0096028784360317 0.2004818565400844 0.7195722814498935 0.0001948538554703 0.0029167646167827 0.006559272427698 0.0209616007474307
0 0.0287368617683686 0.5054336956521739 0.046713263789535 0.0218091619443828 0.4219565400843882 0.8922456289978679 0.0014360266451352 0.091962871857013 0.130911104366301 0.1240241357832451
0 0.0075704856787048 0.0236460144927536 0.0007318794882835 0.0038106655021573 0.2901263713080169 0.934881023454158 0.0002775987081146 0.0008571947894577 0.0019424099206521 0.0050818748053565
0 0.0162860523038605 0.7861746376811595 0.0423387134860333 0.0579364842744691 0.319656329113924 0.5426353944562899 0.0008225038352846 0.0654307664344138 0.0753353509951003 0.1467539395826845
0 0.0075704856787048 0.0363246376811594 0.001072122289667 0.0056725147255178 0.2679789029535865 0.7238358208955225 0.0002352171982236 0.0012509360799757 0.0023108919047825 0.0081955465587044
3 0.0673343711083437 0.0852278985507246 0.018382842776381 0.0017123614274301 0.0950177215189873 0.3219972281449893 0.0007579224868792 0.0112459073008179 0.020756666522135 0.0271889442541264
0 0.0088155666251556 0.0399471014492753 0.0013290403233647 0.0054397835725977 0.4209018987341772 0.8208313432835821 0.0003179620508679 0.0024018721599515 0.0032646099813554 0.0122433198380566
0 0.0088155666251556 0.0327021739130434 0.0011068409428694 0.0045088589609175 0.3544594936708861 0.9999 0.0002493443681873 0.001674965162072 0.0032429345705242 0.0103751167860479
0 0.0088155666251556 0.0707380434782608 0.0022733876904699 0.0093962131722387 0.3280934599156118 0.7931183368869936 0.0002372353653613 0.0034013692820357 0.0055405281186315 0.0212729679227654
3 0.0660892901618929 0.0852278985507246 0.018049543705638 0.0017421510150039 0.0960723628691983 0.2154087420042644 0.0012806277755349 0.0110944683429263 0.0147959285435546 0.0166024602927436
0 0.0050803237858032 0.0743605072463768 0.0015095773200172 0.0157265005316642 0.2163014767932489 0.8272266524520256 0.0001928356883326 0.0015235262041805 0.003763144430473 0.0113092183120523
0 0.0100606475716064 0.0399471014492753 0.0014887461280957 0.0048458536703457 0.179389029535865 0.8037771855010661 0.0001706358498183 0.001281223871554 0.0036114165546546 0.0103751167860479
0 0.0100606475716064 0.2210702898550724 0.0077381037045268 0.0255328603911037 0.2943449367088607 0.6268402985074628 0.0003623617278966 0.0109733171766131 0.0155328925118154 0.0492960137028962
0 0.006325404732254 0.0127786231884057 0.0003846929562596 0.0025688120701759 0.428284388185654 0.7110452025586355 0.0003906160678239 0.0005543168736746 0.0007069115032736 0.0025909374026782
0 0.0137958904109589 0.2228815217391304 0.0103836650785493 0.01932545508042 0.2616510548523207 0.8602690831556503 0.0002937440452159 0.0134266282944562 0.0279745783289251 0.0707803488009965
0 0.0113057285180572 0.0870391304347826 0.0034538218993513 0.0092100282499027 0.5031639240506329 0.934881023454158 0.0005056515946709 0.007732523477734 0.0099189611065342 0.0265662099034568
0 0.012550809464508 0.061681884057971 0.002724730182101 0.0060113712841694 0.2985635021097046 0.5564918976545843 0.0008628671780379 0.0037951105725537 0.0048252395612019 0.0081955465587044
0 0.012550809464508 0.183034420289855 0.007842259664134 0.0173518949036579 0.1804436708860759 0.7526147121535182 0.0002069628582963 0.0074599333535292 0.0186324762606772 0.0505414824042354
0 0.0137958904109589 0.0381358695652173 0.001884538774603 0.0034997366818561 0.5168742616033757 0.7696688699360341 0.0017024247073072 0.0042191396546501 0.0044350821662402 0.0047705076300218
0 0.0075704856787048 0.0345134057971014 0.0010235161751836 0.0054062702865772 0.2163014767932489 0.8709279317697228 0.0001262361727896 0.0009783459557709 0.0026143476564193 0.0097523824353783
0 0.0113057285180572 0.0562481884057971 0.0022733876904699 0.0060448845701899 0.2679789029535865 0.7739324093816632 0.0002392535324989 0.0028561890336261 0.0054104756536443 0.0178479289940828
0 0.0100606475716064 0.0308909420289855 0.0011762782492742 0.0038106655021573 0.4926175105485232 0.7824594882729212 0.0014400629794105 0.0024321599515298 0.0027444001214065 0.0032136717533478
0 0.0100606475716064 0.0345134057971014 0.0013012654008028 0.0042239960297434 0.284853164556962 0.6982545842217485 0.0003320892208316 0.0016446773704937 0.0027444001214065 0.0081955465587044
0 0.0088155666251556 0.0345134057971014 0.0011623907879932 0.0047415901138376 0.3808255274261603 0.9796481876332624 0.0003139257165926 0.0018869797031202 0.0033513116246802 0.0097523824353783
0 0.0113057285180572 0.0127786231884057 0.0006068923367549 0.0015764464341248 0.4725793248945148 0.9999 0.0009072668550666 0.0010994971220842 0.0016823049906777 0.0022795702273435
0 0.0050803237858032 0.0200235507246376 0.0004680177239453 0.0045554051915015 0.2268478902953586 0.7153087420042645 0.0002574170367379 0.0003725901242047 0.0009019902007544 0.0025909374026782
0 0.0113057285180572 0.058059420289855 0.0023428249968746 0.0062310694925259 0.2806345991561181 0.7419558635394455 0.0003684162293096 0.0030682035746743 0.0053671248319819 0.0138001557147306
0 0.0001 0.1594884057971014 0.0006693859125192 0.1657915479345168 0.1466951476793249 0.9999 0.0001121090028259 0.000402877915783 0.0018773836881585 0.0047705076300218
0 0.0113057285180572 0.0363246376811594 0.0015095773200172 0.0039968504244934 0.2922356540084388 0.8325560767590617 0.0004148340734759 0.0019778430778551 0.0037848198413042 0.0081955465587044
0 0.0113057285180572 0.058059420289855 0.0023428249968746 0.0062310694925259 0.1372033755274261 0.5351742004264393 0.0001807266855066 0.0017052529536504 0.003979898538785 0.013177421364061
0 0.0088155666251556 0.0236460144927536 0.0008290917172502 0.0033452031963172 0.2563778481012658 0.8474784648187633 0.0002675078724263 0.000887482581036 0.0020291115639769 0.0053932419806913
0 0.0075704856787048 0.0417583333333333 0.0012179406331171 0.0064712480423394 0.1899354430379747 0.8410831556503198 0.0001443996770286 0.0010692093305059 0.0030478558730434 0.0097523824353783
0 0.0088155666251556 0.0888503623188406 0.0028288861417082 0.0117235247014393 0.3439130801687763 0.9092997867803838 0.0002412716996366 0.0044614419872765 0.0078814724884013 0.0275003114294612
0 0.0075704856787048 0.0145898550724637 0.0004888489158668 0.002481305156678 0.2795799578059072 0.982845842217484 0.0003462163907953 0.000493741290518 0.001292147595716 0.0025909374026782
0 0.0274917808219178 0.4891326086956521 0.0433316669676218 0.0220251364542926 0.0781434599156118 0.316667803837953 0.0002755805409769 0.0236941896395031 0.0484795169752417 0.1305628464652756
0 0.0100606475716064 0.0743605072463768 0.0026761240676176 0.0087762173808597 0.3470770042194093 0.9263539445629 0.0003986887363746 0.0042494274462284 0.0075780167367645 0.0178479289940828
0 0.0088155666251556 0.1812231884057971 0.0056619282430236 0.0235928135003622 0.2511046413502109 0.9764505330490404 0.0002432898667743 0.0069753286882762 0.0170718466808307 0.0424459358455309
0 0.0088155666251556 0.2265039855072463 0.0070506743711194 0.0294110923233636 0.143531223628692 0.6641462686567164 0.0001544905127169 0.0056123780672523 0.0149043055977106 0.0461823419495484
0 0.0075704856787048 0.0182123188405797 0.0005860611448335 0.0030119321853357 0.3154377637130801 0.9583304904051174 0.0001706358498183 0.0007057558315661 0.0015522525256905 0.0060159763313609
0 0.0100606475716064 0.1087739130434782 0.0038635020071395 0.0127065810913736 0.1698972573839662 0.662014498933902 0.0002210900282599 0.003431657073614 0.0080765511858821 0.0225184366241046
0 0.0088155666251556 0.0327021739130434 0.0011068409428694 0.0045088589609175 0.3618419831223629 0.6843980810234541 0.0002897077109406 0.0017052529536504 0.0022675410831201 0.0094410152600436
0 0.006325404732254 0.0164010869565217 0.0004680177239453 0.0031906697107783 0.2964542194092827 0.7334287846481876 0.0002089810254339 0.000493741290518 0.0009236656115856 0.0038364061040174
0 0.0100606475716064 0.9129608695652174 0.0316106496464934 0.1045571888274148 0.1445858649789029 0.6012590618336887 0.0001645813484053 0.0259657740078764 0.0616581667606122 0.2034227654936156
0 0.0137958904109589 0.7408938405797101 0.034214548636673 0.0637007694699931 0.286962447257384 0.6865298507462686 0.0003966705692369 0.0481970130263556 0.0752486493517755 0.2006204609156026
0 0.0100606475716064 0.6793119565217391 0.0235489783728973 0.0778713039089895 0.1825529535864979 0.8666643923240939 0.0001686176826806 0.0229067070584671 0.064107488184538 0.1769565555901588
0 0.0075704856787048 0.0272684782608695 0.0008290917172502 0.0043431543800384 0.4071915611814346 0.8474784648187633 0.0003098893823173 0.001372087246289 0.0020291115639769 0.0072614450327
0 0.0088155666251556 0.1721670289855072 0.0053841790174044 0.0224291577357619 0.0623238396624472 0.444573987206823 0.0001706358498183 0.0024624477431081 0.0079248233100637 0.0194047648707567
0 0.0113057285180572 0.0725492753623188 0.002898323448113 0.0077205488712143 0.2384489451476793 0.6076543710021323 0.0002876895438029 0.0033407936988791 0.0055622035294627 0.0181592961694176
0 0.0050803237858032 0.0363246376811594 0.0007804856027669 0.0079067337935503 0.2563778481012658 0.7153087420042645 0.0001968720226079 0.0008269069978794 0.0016172787581841 0.0063273435066957
0 0.0100606475716064 0.0308909420289855 0.0011762782492742 0.0038106655021573 0.2901263713080169 0.7494170575692964 0.0002675078724263 0.0014932384126022 0.0026360230672505 0.008818280909374
0 0.0075704856787048 0.1975242753623188 0.0053980664786854 0.0293440657513226 0.1667333333333333 0.602324946695096 0.0001766903512313 0.0047946076946379 0.0104174955556519 0.0362185923388352
1 0.0088155666251556 0.0272684782608695 0.0009401914074979 0.0038106655021573 0.3650059071729958 0.674805117270789 0.0004128159063383 0.0014326628294456 0.0018773836881585 0.0060159763313609
0 0.0075704856787048 0.6249750000000001 0.0168691094967566 0.0921163123169203 0.1277116033755274 0.6971886993603411 0.0001464178441663 0.0125482823386852 0.0375117590946537 0.1059648396138274
0 0.0088155666251556 0.0417583333333333 0.0013845901684886 0.0056725147255178 0.4071915611814346 0.8282925373134328 0.0002917258780783 0.0024321599515298 0.003438013268005 0.013177421364061
0 0.0088155666251556 0.0816054347826087 0.0026066867612128 0.010792600089759 0.320710970464135 0.9220904051172708 0.0003240165522809 0.0038556861557103 0.0073395872176212 0.0190933976954219
0 0.0113057285180572 0.7191590579710144 0.0276874418346228 0.0741885661451825 0.3059459915611814 0.7280993603411515 0.0003906160678239 0.0411096697970312 0.064215865238694 0.1732201494861414
0 0.0050803237858032 0.0037224637681159 0.0001555498451238 0.0012040765894527 0.5073824894514769 0.9999 0.0004370339119903 0.0001302877915783 0.0002734032866496 0.0007227343506695
0 0.006325404732254 0.0164010869565217 0.0004680177239453 0.0031906697107783 0.4546504219409282 0.9284857142857144 0.0003159438837303 0.0007663314147228 0.0011620951307288 0.0041477732793522
0 0.0113057285180572 0.061681884057971 0.0024816996096842 0.006603439337198 0.3460223628691983 0.8176336886993603 0.0003058530480419 0.003916261738867 0.00623414126523 0.0203388663967611
0 0.0187762141967621 0.7934195652173913 0.0488241579042406 0.0511723860460006 0.3502409282700422 0.705715778251599 0.0009254303593056 0.0815438715540745 0.1101460607900099 0.1648132357521021
0 0.0088155666251556 0.061681884057971 0.0019956384648507 0.0082325574076384 0.321765611814346 0.9156950959488274 0.0002291626968106 0.0029167646167827 0.0055405281186315 0.0187820305200872
0 0.0113057285180572 0.1721670289855072 0.0067173753003764 0.0179607195996968 0.3860987341772152 0.8783891257995737 0.0004007069035123 0.0120333898818539 0.018394046741534 0.0499187480535658
0 0.0050803237858032 0.0055336956521739 0.0001902684983262 0.0015764464341248 0.6835075949367089 0.7867230277185502 0.0013109002825999 0.0003120145410481 0.0002950786974808 0.0004113671753347
0 0.0299819427148194 0.8876036231884058 0.0852856874973955 0.0366536858022357 0.4240658227848101 0.9327492537313432 0.0013532817924909 0.1686515601332929 0.2492588475046611 0.2404754593584553
0 0.0100606475716064 0.0453807971014492 0.0016762268553887 0.0054658494617248 0.2785253164556962 0.8719938166311302 0.0002715442067016 0.0021292820357467 0.004413406755409 0.0122433198380566
0 0.006325404732254 0.1721670289855072 0.0040509827344325 0.0298765546292037 0.2542685654008438 0.705715778251599 0.0003199802180056 0.0050066222356861 0.0089869184407926 0.0250093740267829
0 0.0075704856787048 0.2083916666666666 0.0056897031655855 0.0309396705357425 0.2711428270042194 0.6545533049040514 0.0003421800565199 0.0074902211451075 0.0118480726705112 0.0352844908128309
0 0.0075704856787048 0.1359423913043478 0.0037454585862514 0.0203010640734609 0.2627056962025316 0.8496102345415778 0.0001766903512313 0.0047340321114813 0.0098539348740406 0.0359072251635004
0 0.0100606475716064 0.0834166666666666 0.0029885919464392 0.0098095436998247 0.3713337552742616 0.9391445628997868 0.0002997985466289 0.0050671978188427 0.0085967610458309 0.0265662099034568
1 0.0013450809464508 0.9709202898550724 0.007508960593391 0.4999934835277181 0.5126556962025317 0.5671507462686568 0.0063785179652805 0.0173943289912147 0.0137771842344881 0.0053932419806913
0 0.0088155666251556 0.2917083333333333 0.0090504687955773 0.0377894138284856 0.1604054852320675 0.3731597014925373 0.0005278514331853 0.0079142502272038 0.0115229415080431 0.026254842728122
0 0.0100606475716064 0.0109673913043478 0.0004888489158668 0.0015354857512109 0.3302027426160338 0.9327492537313432 0.0002553988696003 0.0005846046652529 0.0012271213632224 0.0038364061040174
0 0.0075704856787048 0.0055336956521739 0.00024581834345 0.0011500829619752 0.359732700421941 0.9999 0.0003421800565199 0.0002211511663132 0.0005551836274552 0.0013454687013391
0 0.0113057285180572 0.436606884057971 0.0168552220354756 0.0451437182607594 0.2194654008438818 0.551162473347548 0.0003179620508679 0.0189692941532868 0.0303155226986948 0.0941328869511055
0 0.006325404732254 0.0689268115942029 0.0016762268553887 0.0121889870072794 0.4367215189873418 0.8815867803837952 0.0003219983851433 0.0031893547409875 0.0044567575770715 0.0159797259420741
0 0.0113057285180572 0.0924728260869565 0.0036621338185656 0.0097685830169108 0.2679789029535865 0.6673439232409382 0.0002937440452159 0.004703744319903 0.0077080692017517 0.0250093740267829
0 0.006325404732254 0.1721670289855072 0.0040509827344325 0.0298765546292037 0.1962632911392405 0.7632735607675907 0.0001766903512313 0.0040374129051802 0.0096588561765598 0.030613983182809
0 0.0075704856787048 0.0816054347826087 0.0022872751517508 0.012321178302138 0.2595417721518987 0.9935046908315563 0.0003381437222446 0.0027956134504695 0.006884403590166 0.0134887885393958
3 0.0075704856787048 0.0145898550724637 0.0004888489158668 0.002481305156678 0.0960723628691983 0.1876957356076759 0.0017145337101332 0.0001605755831566 0.0002734032866496 0.0001
3 0.0100606475716064 0.0290797101449275 0.0011137846735099 0.0036040002383643 0.0971270042194093 0.4221904051172708 0.0005318877674606 0.0005543168736746 0.0014655508823656 0.0019682030520087
1 0.0001 0.0290797101449275 0.0001694373064047 0.0317384038525641 0.9999 0.9999 0.0033290674202664 0.000402877915783 0.000316754108312 0.0001
1 0.0001 0.125075 0.0005374550303501 0.1304164126906682 0.9397854430379746 0.9999 0.0043381509890997 0.0018869797031202 0.0014655508823656 0.0007227343506695
0 0.0088155666251556 0.0308909420289855 0.0010512910977456 0.0042761278079974 0.3702791139240506 0.9263539445629 0.0002634715381509 0.0016446773704937 0.0028527771755625 0.0097523824353783
0 0.006325404732254 0.1594884057971014 0.0037593460475323 0.027703776585542 0.3702791139240506 0.8080407249466951 0.0003078712151796 0.0063998606482883 0.0094421020682478 0.0327935534101526
0 0.0050803237858032 0.0127786231884057 0.0003291431111358 0.0030659258128132 0.5780434599156118 0.9732528784648188 0.0003381437222446 0.0006148924568312 0.0007936131465984 0.0032136717533478
0 0.0025901618929016 0.0055336956521739 0.0001347186532023 0.0025688120701759 0.6487044303797469 0.6449603411513859 0.0015127169963665 0.0001302877915783 0.0001216754108312 0.0001
0 0.0088155666251556 0.2917083333333333 0.0090504687955773 0.0377894138284856 0.4040276371308017 0.9316833688699362 0.0005036334275333 0.0169702999091184 0.026240545462429 0.0583256617876051
0 0.0001 0.1069626811594203 0.0004680177239453 0.1117979204570636 0.1561869198312236 0.9999 0.0001181635042389 0.0002514389578915 0.0012487967740536 0.0032136717533478
0 0.012550809464508 0.0381358695652173 0.0017317767005125 0.0038106655021573 0.2542685654008438 0.7845912579957356 0.0003764888978603 0.0020384186610118 0.0041316264146034 0.0091296480847088
0 0.0088155666251556 0.0290797101449275 0.0009957412526217 0.0040433966550774 0.2247386075949367 0.5373059701492537 0.0002432898667743 0.0009783459557709 0.0016172787581841 0.0063273435066957
1 0.0250016189290161 0.0019112318840579 0.0003430305724167 0.0002638427316557 0.7235839662447257 0.7206381663113006 0.0061545014129995 0.0008269069978794 0.0006202098599488 0.0001
1 0.0001 0.0471920289855072 0.0002388746128095 0.0503568960861687 0.3744976793248945 0.9999 0.0002675078724263 0.0002211511663132 0.000533508216624 0.0016568358766739
0 0.012550809464508 0.4909438405797101 0.0208270359618296 0.0461249128014704 0.2352850210970464 0.725967590618337 0.0003219983851433 0.0248451257194789 0.0481110349911113 0.1218445655559016
3 0.0075704856787048 0.0218347826086956 0.0006832733738002 0.0035444210632168 0.107673417721519 0.4499034115138592 0.0003018167137666 0.0003120145410481 0.0009019902007544 0.0019682030520087
2 0.0137958904109589 0.0001 0.0001347186532023 0.0002415005409753 0.9999 0.9999 0.0023199838514331 0.0002514389578915 0.000208377054156 0.0001
0 0.0088155666251556 0.1957130434782608 0.0061063270040142 0.0254546627237226 0.2310664556962025 0.8549396588486142 0.0002675078724263 0.0070359042714328 0.0162698564800763 0.0399549984428527
0 0.0100606475716064 0.0870391304347826 0.0031135790979678 0.0102228742274107 0.569606329113924 0.9977682302771854 0.0004975789261203 0.0077930990608906 0.0094854528899102 0.0271889442541264
0 0.0088155666251556 0.0127786231884057 0.0004957926465072 0.0019488162787969 0.3080552742616034 0.9167609808102348 0.0002675078724263 0.0005543168736746 0.0012271213632224 0.0035250389286826
0 0.0038352428393524 0.2047692028985507 0.003217735057575 0.0531496699212094 0.359732700421941 0.9764505330490404 0.0002675078724263 0.0053095001514692 0.0096155053548974 0.0303026160074743
0 0.0075704856787048 0.0327021739130434 0.0009749100607003 0.0051400258476367 0.3101645569620253 0.9999 0.0001887993540573 0.001281223871554 0.0028311017647313 0.0097523824353783
0 0.0088155666251556 0.3895148550724637 0.0120501604322642 0.0503568960861687 0.1097827004219409 0.478682302771855 0.0001665995155429 0.0080656891850954 0.0190876598881325 0.0629961694176269
0 0.0075704856787048 0.0055336956521739 0.00024581834345 0.0011500829619752 0.359732700421941 0.6577509594882729 0.0006388506257569 0.0002211511663132 0.0003601049299744 0.0007227343506695
0 0.0100606475716064 0.1468097826086956 0.0051758670981901 0.0170502753294735 0.3491862869198312 0.6172473347547974 0.0004269430763019 0.0084594304756134 0.0102007414473398 0.0334162877608221
0 0.0100606475716064 0.0834166666666666 0.0029885919464392 0.0098095436998247 0.464142194092827 0.944473987206823 0.0003865797335486 0.0061878461072402 0.0086401118674933 0.0265662099034568
0 0.0038352428393524 0.0290797101449275 0.0005235675690692 0.0079998262547184 0.1466951476793249 0.623642643923241 0.0002735623738393 0.0002817267494698 0.0009019902007544 0.0019682030520087
0 0.0100606475716064 0.0272684782608695 0.0010512910977456 0.0033973349745713 0.1140012658227848 0.4669575692963753 0.0002856713766653 0.0005846046652529 0.001508901704028 0.0035250389286826
0 0.0038352428393524 0.123263768115942 0.0019678635422888 0.0322038661584042 0.3428584388185654 0.95726460554371 0.0002654897052886 0.003037915783096 0.0056922559944499 0.017536561818748
0 0.0075704856787048 0.0145898550724637 0.0004888489158668 0.002481305156678 0.2637603375527426 0.8986409381663114 0.0001928356883326 0.0004634534989397 0.00118377054156 0.0038364061040174
0 0.0075704856787048 0.0308909420289855 0.0009263039462169 0.0048737814086962 0.2300118143459916 0.8133701492537313 0.0001625631812676 0.0009177703726143 0.0022025148506265 0.0078841793833696
0 0.0100606475716064 0.6014289855072464 0.020861754615032 0.0689753883197732 0.1952086497890295 0.649223880597015 0.0002150355268469 0.0214226052711299 0.0435375233057278 0.1405265960759888
0 0.0100606475716064 0.0725492753623188 0.0026136304918533 0.0085695521170667 0.393481223628692 0.9593963752665244 0.0004451065805409 0.0046431687367464 0.0076430429692581 0.0178479289940828
1 0.0001 0.5 0.0019748072729293 0.5158192019262821 0.9999 0.9999 0.0558014129995962 0.0082777037261435 0.0059523609244244 0.0001
0 0.012550809464508 0.1812231884057971 0.0077658786270887 0.0171824666243321 0.212082911392405 0.7547464818763326 0.0002432898667743 0.0083988548924568 0.01850242379569 0.0508528495795702
0 0.012550809464508 0.0562481884057971 0.0024955870709652 0.005503086446192 0.2985635021097046 0.9935046908315563 0.0003563072264836 0.0034619448651923 0.0075346659151021 0.0159797259420741
0 0.0100606475716064 0.2047692028985507 0.007175661522648 0.0236710111677433 0.2321210970464135 0.7238358208955225 0.0002735623738393 0.0083382793093002 0.0164215843558947 0.0464937091248832
0 0.006325404732254 0.0707380434782608 0.0017178892392315 0.0124999158275806 0.178334388185654 0.5959296375266524 0.0001867811869196 0.0014932384126022 0.0031779083380306 0.0113092183120523
0 0.0100606475716064 0.1739782608695652 0.0061132707346547 0.0201539779848154 0.4251204641350211 0.934881023454158 0.0003583253936213 0.0119122387155407 0.0177221090057668 0.0539665213329181
0 0.0474130759651307 0.6376536231884058 0.0956457336129901 0.0169385643760719 0.5326938818565401 0.5820731343283584 0.0033068675817521 0.2321044834898515 0.181371460781338 0.1411493304266583
0 0.0088155666251556 0.0689268115942029 0.002217837845346 0.0091634820193186 0.3270388185654008 0.8730597014925373 0.0002493443681873 0.0033105059073008 0.005909010102762 0.0200274992214263
1 0.0013450809464508 0.9709202898550724 0.007508960593391 0.4999934835277181 0.4799618143459916 0.4968023454157783 0.0364936079935405 0.0163645440775522 0.0122382300654728 0.0007227343506695
0 0.0100606475716064 0.0942840579710145 0.0033635534010251 0.0110513971318061 0.2985635021097046 0.5756778251599148 0.0003865797335486 0.0047340321114813 0.0061691150327364 0.0203388663967611
0 0.0100606475716064 0.9220170289855072 0.0319231175253149 0.1055923769956033 0.0897445147679325 0.6119179104477613 0.0001484360113039 0.0189390063617085 0.0631971209296275 0.1573404235440672
0 0.0113057285180572 0.0200235507246376 0.0008846415623741 0.002321186123469 0.3323120253164557 0.9999 0.0002150355268469 0.0012206482883974 0.0025493214239257 0.0085069137340392
0 0.0200212951432129 0.0327021739130434 0.0022942188823913 0.0021685144871534 0.3270388185654008 0.3401172707889126 0.0117044610415825 0.003431657073614 0.0026143476564193 0.0004113671753347
0 0.0137958904109589 0.0127786231884057 0.0007179920270026 0.0013288204874178 0.2637603375527426 0.9999 0.0004834517561566 0.0007663314147228 0.0020291115639769 0.002902304578013
0 0.0088155666251556 0.0725492753623188 0.0023289375355937 0.0096289443251588 0.3439130801687763 0.9412763326226014 0.0002231081953976 0.0036436716146622 0.006667649481854 0.0237639053254437
0 0.0100606475716064 0.0200235507246376 0.0008013167946883 0.0025688120701759 0.463087552742616 0.8815867803837952 0.0003845615664109 0.0014932384126022 0.0020291115639769 0.0066387106820305
1 0.0013450809464508 0.0888503623188406 0.0007457669495645 0.0466331976394478 0.430393670886076 0.4776164179104478 0.0029920335082761 0.001281223871554 0.0010537180765728 0.0007227343506695
0 0.0100606475716064 0.0290797101449275 0.0011137846735099 0.0036040002383643 0.35867805907173 0.9306174840085288 0.0003462163907953 0.0017052529536504 0.0030478558730434 0.0081955465587044
1 0.0001 0.1377536231884057 0.0005860611448335 0.1434493572541913 0.3702791139240506 0.9999 0.0009415756964069 0.0008269069978794 0.0016172787581841 0.0016568358766739
0 0.0162860523038605 0.7626286231884057 0.0410749545094661 0.0562086881951906 0.1350940928270042 0.5522283582089552 0.0002412716996366 0.0320536201151166 0.0742082296318779 0.1940817502335721
0 0.0162860523038605 0.2083916666666666 0.0113280124456544 0.0155142497202011 0.2300118143459916 0.6257744136460553 0.0003260347194186 0.0131843259618297 0.0227941551402679 0.064241638118966
0 0.0050803237858032 0.1703557971014492 0.0033496659397441 0.035462102299285 0.214192194092827 0.772866524520256 0.0002473262010496 0.0035528082399272 0.0080548757750509 0.0215843350981002
0 0.0113057285180572 0.2265039855072463 0.0088004944925201 0.0235462672697781 0.4261751054852321 0.8666643923240939 0.0004995970932579 0.0173034656164798 0.0238562502709968 0.059882497664279
0 0.0050803237858032 0.0526257246376811 0.0010929534815884 0.0112580623955991 0.1140012658227848 0.6374991471215352 0.0002432898667743 0.0006148924568312 0.0020941377964705 0.0041477732793522
0 0.0088155666251556 0.0562481884057971 0.0018289889294792 0.0075343639488782 0.3618419831223629 0.7579441364605546 0.0003219983851433 0.0029470524083611 0.0042400034687594 0.0147342572407349
0 0.0075704856787048 0.0145898550724637 0.0004888489158668 0.002481305156678 0.3302027426160338 0.6780027718550106 0.0002291626968106 0.0005846046652529 0.0009019902007544 0.0041477732793522
0 0.0075704856787048 0.4728315217391304 0.012786195880155 0.0697741216365949 0.105564135021097 0.6630803837953093 0.0001565086798546 0.0083382793093002 0.0271292373065082 0.0676666770476487
0 0.012550809464508 0.1486210144927536 0.0063910199602739 0.014134619445691 0.2342303797468355 0.8933115138592751 0.0002432898667743 0.0074599333535292 0.0177654598274292 0.045248240423544
0 0.0075704856787048 0.0345134057971014 0.0010235161751836 0.0054062702865772 0.2089189873417721 0.5660848614072493 0.0001706358498183 0.0009480581641926 0.0017473312231713 0.0078841793833696
0 0.0100606475716064 0.1504322463768116 0.0053008542497187 0.0174636058570595 0.2089189873417721 0.951935181236674 0.0002675078724263 0.0056123780672523 0.015597918744309 0.0318594518841482
0 0.0100606475716064 0.3315554347826087 0.0115502118261497 0.0381506125778175 0.1625147679324894 0.636433262260128 0.0001726540169559 0.0102161223871554 0.0235961453410224 0.0779417938336966
0 0.0100606475716064 0.0707380434782608 0.002551136916089 0.0083610250040503 0.2352850210970464 0.8666643923240939 0.0002210900282599 0.0028864768252044 0.00677602653601 0.0190933976954219
1 0.0025901618929016 0.4673978260869565 0.0054466725931687 0.1608259960558144 0.3787162447257384 0.4467057569296375 0.0025803274121921 0.0095497909724325 0.0080548757750509 0.0072614450327
0 0.0088155666251556 0.0906615942028985 0.002884435986832 0.0119562558543593 0.2679789029535865 0.6129837953091684 0.0002917258780783 0.0036739594062405 0.0055838789402939 0.0197161320460915
0 0.0075704856787048 0.0218347826086956 0.0006832733738002 0.0035444210632168 0.2236839662447257 0.6247085287846483 0.0001827448526443 0.0006148924568312 0.0012271213632224 0.0050818748053565
0 0.0113057285180572 0.0417583333333333 0.0017178892392315 0.0045554051915015 0.2268478902953586 0.8091066098081022 0.0003139257165926 0.0018264041199636 0.0042183280579282 0.0094410152600436
0 0.0100606475716064 0.2174478260869565 0.0076131165529982 0.0251176680142944 0.284853164556962 0.7611417910447761 0.0003179620508679 0.0105190003029385 0.0182639942765468 0.0524096854562441
0 0.0100606475716064 0.6467097826086956 0.0224240940091397 0.0741476054622685 0.3512955696202532 0.8538737739872068 0.0003744707307226 0.0374448470160557 0.0602492650565841 0.1632563998754282
0 0.0075704856787048 0.0182123188405797 0.0005860611448335 0.0030119321853357 0.3291481012658228 0.9167609808102348 0.0002513625353249 0.0007360436231445 0.0014872262931968 0.0047705076300218
0 0.0050803237858032 0.0091561594202898 0.000259705804731 0.002321186123469 0.2964542194092827 0.2889547974413646 0.0019163504238998 0.0001908633747349 0.0001650262324936 0.0001
0 0.012550809464508 0.1268862318840579 0.0054744475157306 0.0121052037922282 0.431448312236287 0.636433262260128 0.0010162478805006 0.0107915904271432 0.0111111087022503 0.0200274992214263
3 0.2441358655043586 0.3569126811594202 0.270898551248038 0.0019581255249137 0.2331757383966245 0.2878889125799574 0.0093694416633023 0.3225741169342623 0.2809482981398777 0.0704689816256618
0 0.0100606475716064 0.1305086956521739 0.0046134249163113 0.0151884261061131 0.3418037974683545 0.8357537313432837 0.0004289612434396 0.0073690699787943 0.0119998005463296 0.0290571473061351
0 0.0075704856787048 0.0236460144927536 0.0007318794882835 0.0038106655021573 0.2785253164556962 0.9018385927505332 0.0002897077109406 0.0008269069978794 0.0018773836881585 0.0047705076300218
0 0.0100606475716064 0.0091561594202898 0.0004263553401025 0.0013288204874178 0.4725793248945148 0.5660848614072493 0.0026227089220831 0.0007057558315661 0.00064188527078 0.0004113671753347
0 0.0436778331257783 0.3351778985507246 0.0465466142541636 0.0097071419925399 0.2806345991561181 0.6311038379530918 0.0013674089624545 0.064279830354438 0.0949299223865065 0.0907078480224229
0 0.0137958904109589 0.4547192028985507 0.0210492353423249 0.039185800746006 0.3839894514767932 0.6609486140724948 0.0008568126766249 0.0380203150560436 0.044642969258119 0.0823009342883836
0 0.0100606475716064 0.1812231884057971 0.006363245037712 0.0209806390399874 0.1519683544303797 0.75581236673774 0.0001443996770286 0.0052792123598909 0.0151427351168538 0.045248240423544
0 0.0050803237858032 0.1341311594202898 0.0026552928756962 0.0280147054058432 0.2184107594936709 0.8581373134328358 0.0001363270084779 0.0028259012420478 0.006992780644322 0.0253207412021177
0 0.0100606475716064 0.1142076086956521 0.0040509827344325 0.0133265768827526 0.2690335443037974 0.8314901918976547 0.0002997985466289 0.0052489245683126 0.0104608463773143 0.0275003114294612
0 0.0113057285180572 0.5579594202898551 0.0215075215645965 0.0576181080572744 0.1561869198312236 0.7121110874200426 0.0001807266855066 0.0186058406543471 0.0488696743702033 0.1371015571473061
1 0.0001 0.0834166666666666 0.0003777492256191 0.0875938805533778 0.9999 0.9999 0.009383568833266 0.0013115116631323 0.000967016433248 0.0001
0 0.0075704856787048 0.0290797101449275 0.0008776978317336 0.004609398818979 0.1846622362869198 0.5522283582089552 0.0004430884134033 0.0007057558315661 0.0014438754715344 0.002902304578013
0 0.0100606475716064 0.0145898550724637 0.0006138360673954 0.0019488162787969 0.2321210970464135 0.7366264392324094 0.0001766903512313 0.0005543168736746 0.0012704721848848 0.0047705076300218
0 0.0050803237858032 0.0218347826086956 0.0005027363771477 0.0049277750361736 0.5295299578059072 0.7867230277185502 0.0005036334275333 0.0009783459557709 0.001075393487404 0.0035250389286826
0 0.0088155666251556 0.1359423913043478 0.0042731821149278 0.0177745346773607 0.4462132911392405 0.8613349680170577 0.0004491429148163 0.0086411572250833 0.0114145644538871 0.0327935534101526
1 0.0001 0.1757894927536231 0.0007318794882835 0.1825481909447608 0.9355668776371308 0.9999 0.0060879018974566 0.0026744622841563 0.0020724623856393 0.0007227343506695
0 0.0075704856787048 0.1033402173913043 0.002870548525551 0.0155142497202011 0.1688426160337552 0.8314901918976547 0.0003542890593459 0.0024927355346864 0.0073612626284525 0.0116205854873871
0 0.026246699875467 0.375025 0.0318259052963482 0.0176907514623095 0.1593508438818565 0.5255812366737741 0.0002190718611223 0.0279950560436231 0.0549821402246021 0.1819384303955154
0 0.0075704856787048 0.058059420289855 0.0016553956634672 0.0088637242943576 0.3154377637130801 0.9540669509594883 0.0001908175211949 0.0023412965767949 0.0047385379178771 0.0172251946434132
0 0.0100606475716064 0.0200235507246376 0.0008013167946883 0.0025688120701759 0.394535864978903 0.9999 0.0002190718611223 0.001281223871554 0.0022892164939513 0.008818280909374
0 0.012550809464508 0.6448985507246376 0.0273194241106774 0.0605132835995999 0.1720065400843881 0.8112383795309168 0.0002109991925716 0.0254811693426234 0.0700031999306248 0.1697951105574587
0 0.0113057285180572 0.4728315217391304 0.0182439681635714 0.0488674167074803 0.2511046413502109 0.8144360341151387 0.0002533807024626 0.0229369948500454 0.0468321857520704 0.134299252569293
1 0.0001 0.0236460144927536 0.0001486061144833 0.0261528561824828 0.5474588607594936 0.9999 0.0003018167137666 0.0001302877915783 0.0002517278758184 0.0010341015260043
0 0.006325404732254 0.0218347826086956 0.000593004875474 0.0041215943224585 0.3238748945147679 0.8773232409381663 0.0002311808639483 0.0007360436231445 0.0014438754715344 0.0050818748053565
0 0.0025901618929016 0.0037224637681159 0.0001138874612809 0.0019488162787969 0.8828348101265824 0.8815867803837952 0.0015127169963665 0.0001302877915783 0.0001216754108312 0.0001
0 0.0150409713574097 0.4058159420289855 0.0203618060089175 0.0323118534133592 0.212082911392405 0.8858503198294243 0.0005581239402503 0.0223009512269009 0.0565644452152798 0.070157614450327
0 0.0113057285180572 0.1667333333333333 0.006509063381162 0.0174021648326886 0.2279025316455696 0.7696688699360341 0.0002574170367379 0.0074296455619509 0.0157496466201274 0.0433800373715353
0 0.0075704856787048 0.0345134057971014 0.0010235161751836 0.0054062702865772 0.3892626582278481 0.8176336886993603 0.0003946524020993 0.001674965162072 0.0024626197806009 0.0072614450327
0 0.0088155666251556 0.3478565217391304 0.0107725139944161 0.0450040795690074 0.3671151898734178 0.8176336886993603 0.0004047432377876 0.0185755528627688 0.0276927979881194 0.0763849579570227
0 0.0075704856787048 0.1631108695652174 0.0044745503035017 0.0242910069591223 0.1171651898734177 0.5042635394456291 0.0001928356883326 0.003037915783096 0.0073395872176212 0.021895702273435
0 0.0113057285180572 0.0508144927536231 0.0020650757712555 0.0054863298031817 0.3491862869198312 0.8229631130063967 0.0003966705692369 0.0032499303241441 0.0051937215453323 0.0138001557147306
0 0.012550809464508 0.0435695652173913 0.0019609198116483 0.0043189503401347 0.3249295358649789 0.9029044776119404 0.0003240165522809 0.0028864768252044 0.0053671248319819 0.0144228900654001
0 0.0088155666251556 0.0997177536231884 0.0031621852124512 0.0131199116189596 0.392426582278481 0.9380786780383796 0.0003199802180056 0.0056426658588306 0.0090952954949486 0.0281230457801308
0 0.0088155666251556 0.0236460144927536 0.0008290917172502 0.0033452031963172 0.3787162447257384 0.990307036247335 0.0004148340734759 0.001281223871554 0.0023542427264449 0.0053932419806913
0 0.0088155666251556 0.0200235507246376 0.0007179920270026 0.0028797408904771 0.3850440928270042 0.9668575692963752 0.0003240165522809 0.0010994971220842 0.0019640853314833 0.0057046091560261
0 0.006325404732254 0.0218347826086956 0.000593004875474 0.0041215943224585 0.2700881856540084 0.8634667377398721 0.0002210900282599 0.0006148924568312 0.0014222000607032 0.004459140454687
1 0.0001 0.0236460144927536 0.0001486061144833 0.0261528561824828 0.9999 0.9999 0.0027236172789664 0.0003120145410481 0.0002517278758184 0.0001
0 0.0075704856787048 0.3025757246376812 0.0082172211187198 0.0447713484160873 0.0306845991561181 0.3273266524520256 0.0001282543399273 0.0027653256588912 0.009355400424923 0.0256321083774525
0 0.0075704856787048 0.0363246376811594 0.001072122289667 0.0056725147255178 0.2395035864978903 0.7312970149253731 0.0002049446911586 0.0011297849136625 0.0023325673156137 0.0081955465587044
0 0.0088155666251556 0.0109673913043478 0.0004402428013834 0.0017160851258768 0.3976997890295359 0.9999 0.0004370339119903 0.0006148924568312 0.0011620951307288 0.0025909374026782
0 0.0100606475716064 0.2518612318840579 0.0088004944925201 0.0290498935740316 0.3460223628691983 0.7398240938166312 0.0004451065805409 0.0143958376249621 0.0206049386463166 0.0549006228589224
0 0.0088155666251556 0.0399471014492753 0.0013290403233647 0.0054397835725977 0.248995358649789 0.9999 0.0001948538554703 0.0014932384126022 0.0039365477171226 0.0109978511367175
0 0.0137958904109589 0.123263768115942 0.0058008028558332 0.010792600089759 0.2953995780590718 0.6012590618336887 0.0004652882519176 0.0082171281429869 0.0111761349347439 0.0303026160074743
0 0.0075704856787048 0.0345134057971014 0.0010235161751836 0.0054062702865772 0.3744976793248945 0.9242221748400852 0.0002957622123536 0.0016143895789154 0.0027660755322377 0.008818280909374
3 0.0349622665006226 0.1087739130434782 0.0123348533885238 0.0040024359721635 0.0728702531645569 0.3934115138592751 0.0002574170367379 0.00636957285671 0.0164649351775571 0.0371526938648396
0 0.0088155666251556 0.0453807971014492 0.0014956898587362 0.0061379770313579 0.3555141350210971 0.9999 0.0003643798950343 0.0023412965767949 0.0044567575770715 0.0106864839613827
0 0.0075704856787048 0.0761717391304347 0.0021414568083008 0.0115243068345397 0.2015364978902953 0.7941842217484011 0.0006005054501413 0.0020989942441684 0.0052153969561635 0.0063273435066957
0 0.0100606475716064 0.0218347826086956 0.0008638103704526 0.0027754773339689 0.5400763713080168 0.8538737739872068 0.0006812321356479 0.0018869797031202 0.0021374886181329 0.0050818748053565
0 0.0113057285180572 0.3406115942028985 0.0131750447960218 0.035275917376949 0.2226293248945147 0.4829458422174841 0.0003704343964473 0.01497130566495 0.0210384468629406 0.0661098411709747
0 0.0137958904109589 0.9002822463768116 0.0415471281930187 0.0773537098248953 0.2690335443037974 0.615115565031983 0.0003906160678239 0.0554055074219933 0.0827049906777088 0.2339367486764247
0 0.0088155666251556 0.0707380434782608 0.0022733876904699 0.0093962131722387 0.4335575949367088 0.9668575692963752 0.0003966705692369 0.0043705786125416 0.006667649481854 0.0184706633447524
0 0.012550809464508 0.0127786231884057 0.0006624421818787 0.0014405314408195 0.676125105485232 0.9881752665245204 0.0019506592652402 0.0017355407452287 0.0018340328664961 0.0016568358766739
0 0.0001 0.186656884057971 0.0007735418721264 0.1937192862849236 0.1477497890295359 0.9999 0.0001100908356883 0.000493741290518 0.0022025148506265 0.0057046091560261
0 0.0113057285180572 0.1794119565217391 0.0069951245259955 0.018705459289041 0.3776616033755274 0.8357537313432837 0.0004652882519176 0.0123059800060587 0.018285669687378 0.045248240423544
1 0.0001 0.3587239130434782 0.0014331962829719 0.3705949625041666 0.9418947257383966 0.9999 0.0074864917238595 0.005582090275674 0.0042616788795906 0.0013454687013391
0 0.0088155666251556 0.0816054347826087 0.0026066867612128 0.010792600089759 0.357623417721519 0.9476716417910448 0.0002715442067016 0.0042494274462284 0.0075346659151021 0.0240752725007785
0 0.0088155666251556 0.0417583333333333 0.0013845901684886 0.0056725147255178 0.3027820675105485 0.9114315565031984 0.0002634715381509 0.0018566919115419 0.003763144430473 0.0109978511367175
0 0.0075704856787048 0.2935195652173913 0.0079741905463031 0.0434419880706079 0.1688426160337552 0.8197654584221749 0.0001625631812676 0.0072176310209027 0.0204965615921606 0.0573915602616007
0 0.0113057285180572 0.1142076086956521 0.0044953814954231 0.0120028020849433 0.4082462025316455 0.8815867803837952 0.0004188704077513 0.0083988548924568 0.0122815808871352 0.0337276549361569
0 0.0075704856787048 0.0218347826086956 0.0006832733738002 0.0035444210632168 0.2932902953586498 0.9178268656716418 0.0002533807024626 0.0007966192063011 0.0017690066340025 0.0050818748053565
0 0.0088155666251556 0.5054336956521739 0.0156053505201894 0.0652516898730523 0.1466951476793249 0.6897275053304904 0.0001565086798546 0.01282087246289 0.0343904999349607 0.1034739022111491
0 0.0137958904109589 0.6050514492753624 0.0279651910602419 0.0520642118239902 0.3671151898734178 0.6556191897654584 0.0008285583366976 0.048530178733717 0.058948740406712 0.1081444098411709
0 0.0088155666251556 0.0164010869565217 0.0006068923367549 0.002414278584637 0.3407491561181434 0.8400172707889126 0.0002775987081146 0.0007966192063011 0.0014222000607032 0.0047705076300218
0 0.0050803237858032 0.0073449275362318 0.0002249871515286 0.0019488162787969 0.3671151898734178 0.5309106609808103 0.0009072668550666 0.0001908633747349 0.0002517278758184 0.0004113671753347
0 0.0075704856787048 0.0200235507246376 0.0006346672593168 0.0032781766242762 0.4346122362869199 0.9999 0.0003361255551069 0.0010692093305059 0.0017690066340025 0.0053932419806913
0 0.006325404732254 0.0327021739130434 0.0008429791785312 0.005983443545819 0.2690335443037974 0.8975750533049042 0.0002190718611223 0.0009480581641926 0.0021808394397953 0.0066387106820305
0 0.0050803237858032 0.0073449275362318 0.0002249871515286 0.0019488162787969 0.3671151898734178 0.4882752665245203 0.0019163504238998 0.0001908633747349 0.0002300524649872 0.0001
0 0.0100606475716064 0.2989532608695652 0.0104253274623921 0.0344269141310966 0.2996181434599156 0.7046498933901919 0.0003785070649979 0.0150924568312632 0.0233577158218792 0.0654871068203052
0 0.0113057285180572 0.0942840579710145 0.0037315711249704 0.0099547679392468 0.2679789029535865 0.8815867803837952 0.0002695260395639 0.0047946076946379 0.0101573906256774 0.0271889442541264
0 0.0100606475716064 0.0471920289855072 0.001738720431153 0.0056725147255178 0.3101645569620253 0.9732528784648188 0.0002755805409769 0.0024321599515298 0.0050853444911763 0.0138001557147306
0 0.006325404732254 0.0236460144927536 0.0006346672593168 0.0044306612935364 0.359732700421941 0.8986409381663114 0.0002150355268469 0.000887482581036 0.0015956033473529 0.0063273435066957
0 0.0088155666251556 0.0109673913043478 0.0004402428013834 0.0017160851258768 0.3027820675105485 0.9615281449893388 0.0001726540169559 0.0004634534989397 0.0011187443090664 0.0041477732793522
0 0.006325404732254 0.1721670289855072 0.0040509827344325 0.0298765546292037 0.2215746835443038 0.8314901918976547 0.0002029265240209 0.0044614419872765 0.0104608463773143 0.0309253503581438
0 0.0113057285180572 0.0689268115942029 0.0027594488353034 0.0073481790265422 0.2563778481012658 0.9018385927505332 0.0003199802180056 0.0033710814904574 0.0076213675584269 0.0169138274680784
0 0.0088155666251556 0.0562481884057971 0.0018289889294792 0.0075343639488782 0.3164924050632912 0.9711211087420044 0.0002614533710133 0.0026138867009996 0.0053454494211507 0.0153569915914045
0 0.0050803237858032 0.0761717391304347 0.0015442959732196 0.0160988703763363 0.1909900843881856 0.7867230277185502 0.0001706358498183 0.0014023750378673 0.0036764427871482 0.0113092183120523
0 0.0038352428393524 0.1667333333333333 0.0026344616837748 0.043374961498567 0.2743067510548523 0.747285287846482 0.0002331990310859 0.0034013692820357 0.0061040888002428 0.0215843350981002
0 0.0100606475716064 0.0526257246376811 0.0019262011584459 0.0062925105168968 0.2658696202531646 0.691859275053305 0.0002735623738393 0.0023715843683732 0.0041099510037722 0.0134887885393958
0 0.0113057285180572 0.1178300724637681 0.0046342561082327 0.0123751719296154 0.286962447257384 0.765405330490405 0.0003522708922083 0.00636957285671 0.0111111087022503 0.0293685144814699
0 0.0075704856787048 0.0127786231884057 0.0004402428013834 0.0022150607177374 0.359732700421941 0.7334287846481876 0.0003018167137666 0.0005543168736746 0.000858639379092 0.0032136717533478
0 0.012550809464508 0.2210702898550724 0.0094462614420846 0.020906165071053 0.4514864978902954 0.6332356076759063 0.0010566112232539 0.0195447621932747 0.0191743615314573 0.0349731236374961
0 0.0088155666251556 0.0164010869565217 0.0006068923367549 0.002414278584637 0.3671151898734178 0.8133701492537313 0.0003018167137666 0.0008571947894577 0.0013788492390408 0.0047705076300218
0 0.0075704856787048 0.1794119565217391 0.0049120053338519 0.0266853450603639 0.2395035864978903 0.978582302771855 0.0002271445296729 0.0057941048167222 0.0148176039543858 0.0371526938648396
0 0.0088155666251556 0.1105851449275362 0.0034954842831941 0.0145162985364799 0.1751704641350211 0.6044567164179104 0.0002150355268469 0.0031590669494092 0.0067110003035164 0.0212729679227654
3 0.0050803237858032 0.0037224637681159 0.0001555498451238 0.0012040765894527 0.4377761603375528 0.5735460554371002 0.0006045417844166 0.0001 0.0001433508216624 0.0004113671753347
0 0.006325404732254 0.0435695652173913 0.0010929534815884 0.0078452927691794 0.3038367088607595 0.8794550106609809 0.0001847630197819 0.0014326628294456 0.0028311017647313 0.0109978511367175
1 0.0050803237858032 0.5054336956521739 0.0097726167821871 0.1043505235636218 0.7678789029535865 0.7718006396588486 0.0313815906338312 0.0329622538624659 0.0237912240385032 0.0019682030520087
0 0.0075704856787048 0.0182123188405797 0.0005860611448335 0.0030119321853357 0.178334388185654 0.9167609808102348 0.0001423815098909 0.000402877915783 0.0014872262931968 0.0041477732793522
0 0.0337171855541718 0.0562481884057971 0.0062729765393857 0.0022150607177374 0.429339029535865 0.7121110874200426 0.0011010109002826 0.012336267797637 0.0141239908077873 0.0212729679227654
0 0.0088155666251556 0.059870652173913 0.0019400886197269 0.0079998262547184 0.3249295358649789 0.6982545842217485 0.0002775987081146 0.0028561890336261 0.0041749772362658 0.0159797259420741
2 0.0001 0.0435695652173913 0.0002249871515286 0.0466331976394478 0.9999 0.9999 0.0049436011303996 0.0006451802484095 0.0004901573949616 0.0001
0 0.0150409713574097 0.1522434782608695 0.0077242162432458 0.0122597372777671 0.2901263713080169 0.6087202558635394 0.0004551974162293 0.0108218782187216 0.0151210597060226 0.0405777327935222
0 0.0075704856787048 0.0345134057971014 0.0010235161751836 0.0054062702865772 0.2922356540084388 0.9999 0.0001968720226079 0.001281223871554 0.0029828296405497 0.0094410152600436
0 0.0088155666251556 0.1920905797101449 0.0059952273137666 0.0249892004178825 0.3280934599156118 0.7163746268656717 0.0003502527250706 0.0093074886398061 0.0135604301261761 0.0430686701962005
0 0.0088155666251556 0.253672463768116 0.0078839220479768 0.0329020596171644 0.4166833333333333 0.9274198294243072 0.0003926342349616 0.0151530324144198 0.0227291289077743 0.0639302709436312
0 0.0013450809464508 0.0236460144927536 0.00024581834345 0.0131199116189596 0.359732700421941 0.5053294243070363 0.0006388506257569 0.0002211511663132 0.0002734032866496 0.0007227343506695
0 0.0075704856787048 0.0272684782608695 0.0008290917172502 0.0043431543800384 0.1994272151898734 0.6097861407249469 0.0003926342349616 0.0007057558315661 0.0014872262931968 0.0032136717533478
0 0.0100606475716064 0.0653043478260869 0.0023636561887961 0.0077410292126713 0.4135194092827005 0.8911797441364607 0.0003179620508679 0.0043705786125416 0.0064292199627108 0.021895702273435
3 0.1121572851805728 0.5144898550724637 0.1801370480463378 0.0059182788230014 0.1118919831223629 0.1098861407249467 0.0228830888171174 0.1240679309300212 0.0928707583575423 0.0109978511367175
0 0.0212663760896637 0.2844634057971014 0.0197993638270387 0.0164302795380945 0.1540776371308017 0.3795550106609808 0.0003946524020993 0.0169400121175401 0.0257420110133113 0.0710917159763313
0 0.0100606475716064 0.0327021739130434 0.0012387718250385 0.0040173307659503 0.2289571729957806 0.6193791044776119 0.0001706358498183 0.001281223871554 0.0023325673156137 0.0103751167860479
0 0.0075704856787048 0.2083916666666666 0.0056897031655855 0.0309396705357425 0.2215746835443038 0.7739324093816632 0.0002695260395639 0.0063392850651317 0.0138205350561505 0.0359072251635004
0 0.0088155666251556 0.3297442028985507 0.0102170155431778 0.0426767680398068 0.140367299578059 0.7440876332622601 0.0001867811869196 0.0080959769766737 0.0240513289684776 0.0589483961382746
0 0.0075704856787048 0.0182123188405797 0.0005860611448335 0.0030119321853357 0.2605964135021096 0.6257744136460553 0.0002553988696003 0.0005846046652529 0.0010320426657416 0.0038364061040174
0 0.0075704856787048 0.0979065217391304 0.002724730182101 0.0147155164033795 0.3396945147679325 0.8091066098081022 0.0003199802180056 0.0042494274462284 0.0067977019468412 0.0212729679227654
0 0.0100606475716064 0.0363246376811594 0.0013637589765671 0.0044306612935364 0.4588689873417721 0.8474784648187633 0.0005621602745256 0.0026744622841563 0.0034596886788362 0.0085069137340392
0 0.0075704856787048 0.0037224637681159 0.0001972122289667 0.0008857003722581 0.5474588607594936 0.9999 0.0005036334275333 0.0002514389578915 0.0004034557516368 0.0010341015260043
0 0.012550809464508 0.2772184782608696 0.0118140735904879 0.0261528561824828 0.142476582278481 0.4904070362473348 0.0002897077109406 0.0094892153892759 0.0191093352989637 0.0505414824042354
0 0.006325404732254 0.063493115942029 0.00155123970386 0.0112580623955991 0.4820710970464135 0.990307036247335 0.0003018167137666 0.0032196425325658 0.0045868100420587 0.0169138274680784
0 0.0050803237858032 0.0254572463768115 0.0005721736835525 0.0056725147255178 0.5221474683544305 0.9434081023454158 0.0003119075494549 0.0011297849136625 0.0014872262931968 0.0060159763313609
0 0.0075704856787048 0.1033402173913043 0.002870548525551 0.0155142497202011 0.1582962025316456 0.7344946695095951 0.0003704343964473 0.0023715843683732 0.006559272427698 0.0106864839613827
0 0.0100606475716064 0.3333666666666666 0.011612705401914 0.0383591396908339 0.3523502109704641 0.6652121535181238 0.0004693245861929 0.0193630354438049 0.0247015912934136 0.0704689816256618
0 0.0113057285180572 0.0308909420289855 0.0013012654008028 0.0034382956574852 0.2732521097046413 0.6865298507462686 0.0002876895438029 0.0015841017873371 0.0027010492997441 0.008818280909374
0 0.0088155666251556 0.0417583333333333 0.0013845901684886 0.0056725147255178 0.3734430379746836 0.8059089552238807 0.0003482345579329 0.0022504332020599 0.0033513116246802 0.0106864839613827
0 0.0075704856787048 0.0182123188405797 0.0005860611448335 0.0030119321853357 0.4251204641350211 0.9721869936034117 0.0002513625353249 0.0009480581641926 0.0015739279365217 0.0060159763313609
1 0.0001 0.0399471014492753 0.0002110996902476 0.0429094991927269 0.3122738396624472 0.9999 0.0002210900282599 0.0001302877915783 0.0004468065732992 0.0013454687013391
0 0.0088155666251556 0.25005 0.0077728223577292 0.0324365973113243 0.1140012658227848 0.6716074626865671 0.0003361255551069 0.0052792123598909 0.0166166630533755 0.0253207412021177
0 0.0100606475716064 0.0236460144927536 0.0009263039462169 0.0029840044469853 0.5643331223628691 0.940210447761194 0.0011433924101735 0.0021292820357467 0.0025276460130945 0.0035250389286826
0 0.006325404732254 0.1721670289855072 0.0040509827344325 0.0298765546292037 0.2342303797468355 0.8943773987206823 0.0002170536939846 0.0046734565283247 0.0111978103455751 0.0309253503581438
0 0.012550809464508 0.0508144927536231 0.0022664439598294 0.0049948016082146 0.2595417721518987 0.7355605543710021 0.0003441982236576 0.0027653256588912 0.0051503707236699 0.013177421364061
0 0.0001 0.0236460144927536 0.0001486061144833 0.0261528561824828 0.5474588607594936 0.9999 0.0004370339119903 0.0001302877915783 0.0002517278758184 0.0007227343506695
0 0.0287368617683686 0.6068626811594203 0.0560456377703387 0.0261528561824828 0.892326582278481 0.9551328358208956 0.0031090872022607 0.2191110209027567 0.1674775224385379 0.1414606976019931
0 0.0100606475716064 0.9220170289855072 0.0319231175253149 0.1055923769956033 0.1024002109704641 0.5106588486140725 0.0001443996770286 0.0206654104816722 0.0537899926288861 0.1744656181874805
0 0.0088155666251556 0.0417583333333333 0.0013845901684886 0.0056725147255178 0.3512955696202532 0.9668575692963752 0.0002614533710133 0.0021292820357467 0.003979898538785 0.0125546870133914
0 0.0088155666251556 0.2917083333333333 0.0090504687955773 0.0377894138284856 0.2901263713080169 0.7760641791044777 0.0004733609204683 0.0127300090881551 0.0221438928153319 0.0461823419495484
0 0.0088155666251556 0.0200235507246376 0.0007179920270026 0.0028797408904771 0.4071915611814346 0.9999 0.0003018167137666 0.0011600727052408 0.0020291115639769 0.0063273435066957
0 0.0050803237858032 0.0761717391304347 0.0015442959732196 0.0160988703763363 0.3375852320675105 0.8805208955223882 0.0001908175211949 0.0023110087852166 0.004088275592941 0.0169138274680784
0 0.0075704856787048 0.3424228260869565 0.0092865556373536 0.0506231405251092 0.2542685654008438 0.8368196162046908 0.0002594352038756 0.0117002241744925 0.0243547847201144 0.0676666770476487
0 0.0088155666251556 0.0345134057971014 0.0011623907879932 0.0047415901138376 0.4789071729957806 0.9999 0.0003926342349616 0.0023412965767949 0.0034163378571738 0.0100637496107131
1 0.0025901618929016 0.0960952898550724 0.0011762782492742 0.0336002530759246 0.3291481012658228 0.487209381663113 0.0015994981832862 0.001674965162072 0.0017690066340025 0.0019682030520087
0 0.0100606475716064 0.2120141304347826 0.0074256358257052 0.0244976722229153 0.3375852320675105 0.8059089552238807 0.0003845615664109 0.0118516631323841 0.0187842041364956 0.0508528495795702
0 0.012550809464508 0.058059420289855 0.0025719681080105 0.0056725147255178 0.2563778481012658 0.6737392324093816 0.0002977803794913 0.0031287791578309 0.0054104756536443 0.0166024602927436
0 0.0088155666251556 0.0490032608695652 0.0016067895489839 0.006603439337198 0.2700881856540084 0.8240289978678038 0.0005318877674606 0.0019778430778551 0.0040015739496162 0.0066387106820305
0 0.0075704856787048 0.0327021739130434 0.0009749100607003 0.0051400258476367 0.3734430379746836 0.9999 0.0002392535324989 0.0015235262041805 0.0028311017647313 0.0097523824353783
0 0.0162860523038605 0.7137253623188405 0.0384502243273651 0.0526171810433283 0.3238748945147679 0.6353673773987208 0.0008467218409366 0.0601001151166313 0.0787600659064302 0.1314969479912799
0 0.012550809464508 0.3007644927536232 0.0128070270720764 0.0283535619644948 0.3365305907172995 0.7867230277185502 0.0004753790876059 0.0205139715237806 0.0318111260460477 0.0738940205543444
1 0.0025901618929016 0.0182123188405797 0.0002805369966524 0.0069143681574992 0.3291481012658228 0.6449603411513859 0.0005036334275333 0.0002514389578915 0.000425131162468 0.0010341015260043
0 0.0100606475716064 0.1105851449275362 0.0039259955829038 0.0129132463551666 0.3122738396624472 0.8602690831556503 0.0003482345579329 0.0057638170251438 0.0104608463773143 0.0268775770787916
0 0.0050803237858032 0.059870652173913 0.001231828094398 0.0127475417742875 0.0939630801687763 0.5671507462686568 0.0001524723455793 0.0006148924568312 0.0021374886181329 0.0057046091560261
0 0.0137958904109589 0.0453807971014492 0.002217837845346 0.0041215943224585 0.178334388185654 0.9999 0.0002210900282599 0.0019778430778551 0.0067110003035164 0.013177421364061
0 0.006325404732254 0.0109673913043478 0.0003430305724167 0.0022597450990981 0.321765611814346 0.5181200426439233 0.0014118086394832 0.0003423023326264 0.0004468065732992 0.0004113671753347
0 0.0100606475716064 0.2699735507246376 0.0094254302501632 0.0311184080611851 0.1952086497890295 0.551162473347548 0.0002513625353249 0.0095800787640109 0.0168984433941811 0.0567688259109311
0 0.0113057285180572 0.0562481884057971 0.0022733876904699 0.0060448845701899 0.2975088607594937 0.7835253731343285 0.0003219983851433 0.0031287791578309 0.0054755018861379 0.0156683587667393
3 0.0635991282689912 0.8332666666666667 0.1665065047990777 0.0165922604205268 0.1477497890295359 0.1983545842217484 0.0022231118288251 0.1394238412602241 0.128656861639856 0.1243355029585798
0 0.0088155666251556 0.0471920289855072 0.00155123970386 0.006370708184278 0.2426675105485232 0.8613349680170577 0.0001726540169559 0.0017355407452287 0.0040232493604474 0.0138001557147306
0 0.0088155666251556 0.0127786231884057 0.0004957926465072 0.0019488162787969 0.3734430379746836 0.9498034115138594 0.0003361255551069 0.0006754680399878 0.0012704721848848 0.0035250389286826
0 0.0100606475716064 0.184845652173913 0.0064882321892406 0.0213939695675735 0.2015364978902953 0.6406968017057569 0.0001847630197819 0.0067027385640714 0.0132786497853705 0.0492960137028962
0 0.0088155666251556 0.1486210144927536 0.0046620310307946 0.0194036527478011 0.2553232067510548 0.951935181236674 0.0003361255551069 0.0057941048167222 0.0136904825911633 0.027811678604796
0 0.0088155666251556 0.3333666666666666 0.0103281152334254 0.0431422303456469 0.1930993670886076 0.636433262260128 0.0002654897052886 0.0104281369282035 0.021081797684603 0.0592597633136094
0 0.0088155666251556 0.0490032608695652 0.0016067895489839 0.006603439337198 0.2184107594936709 0.8336219616204691 0.0002876895438029 0.0016446773704937 0.0040449247712786 0.0091296480847088
0 0.0100606475716064 0.9654865942028984 0.0334229633436584 0.1105560670250822 0.1393126582278481 0.7153087420042645 0.0001686176826806 0.0266623932141775 0.0763324198933356 0.2056023357209592
0 0.0113057285180572 0.0471920289855072 0.0019262011584459 0.0051139599585097 0.3323120253164557 0.7270334754797442 0.0003058530480419 0.0028864768252044 0.004305029701253 0.0150456244160697
0 0.0088155666251556 0.061681884057971 0.0019956384648507 0.0082325574076384 0.2837985232067511 0.760075906183369 0.0002533807024626 0.0026138867009996 0.0046518362745523 0.0156683587667393
0 0.012550809464508 0.0200235507246376 0.0009679663300598 0.0021182445581227 0.2563778481012658 0.8059089552238807 0.0005036334275333 0.0010692093305059 0.0022892164939513 0.0038364061040174
0 0.0075704856787048 0.0399471014492753 0.0011693345186337 0.0062050036033989 0.0433402953586498 0.5095929637526653 0.0001726540169559 0.0003423023326264 0.0018340328664961 0.0032136717533478
0 0.0100606475716064 0.0870391304347826 0.0031135790979678 0.0102228742274107 0.2057550632911392 0.7025181236673775 0.0002029265240209 0.0031893547409875 0.0068410527685036 0.0222070694487698
0 0.0088155666251556 0.0272684782608695 0.0009401914074979 0.0038106655021573 0.1677879746835443 0.6502897654584223 0.0001847630197819 0.0007057558315661 0.0018123574556649 0.0057046091560261
2 0.0312270236612702 0.0001 0.000231930882169 0.0001577173259241 0.9999 0.9999 0.0051454178441663 0.0006754680399878 0.0005118328057928 0.0001
0 0.012550809464508 0.061681884057971 0.002724730182101 0.0060113712841694 0.3154377637130801 0.6289720682302773 0.0003522708922083 0.0039768373220236 0.0053888002428131 0.0184706633447524
0 0.0075704856787048 0.0399471014492753 0.0011693345186337 0.0062050036033989 0.285907805907173 0.8282925373134328 0.0002372353653613 0.0014629506210239 0.0028744525863937 0.0094410152600436
0 0.0100606475716064 0.1504322463768116 0.0053008542497187 0.0174636058570595 0.2922356540084388 0.6076543710021323 0.0003179620508679 0.0074296455619509 0.0103091185014959 0.0371526938648396
0 0.0100606475716064 0.0363246376811594 0.0013637589765671 0.0044306612935364 0.2521592827004219 0.7462194029850747 0.0002150355268469 0.0015538139957588 0.0030695312838746 0.0106864839613827
0 0.0075704856787048 0.0200235507246376 0.0006346672593168 0.0032781766242762 0.4219565400843882 0.948737526652452 0.0003018167137666 0.0010389215389275 0.0016823049906777 0.0057046091560261
0 0.0001 0.2120141304347826 0.0008707541010931 0.2197851754119699 0.14142194092827 0.9999 0.0001100908356883 0.0005543168736746 0.0025059706022633 0.0063273435066957
0 0.0088155666251556 0.0236460144927536 0.0008290917172502 0.0033452031963172 0.3882080168776372 0.743021748400853 0.0003098893823173 0.0013115116631323 0.0017906820448337 0.0069500778573653
0 0.0050803237858032 0.0272684782608695 0.0006068923367549 0.0060448845701899 0.2089189873417721 0.9338151385927504 0.0003018167137666 0.000493741290518 0.0015739279365217 0.002902304578013
0 0.0075704856787048 0.0272684782608695 0.0008290917172502 0.0043431543800384 0.2753613924050633 0.9711211087420044 0.0002513625353249 0.0009480581641926 0.0023108919047825 0.0060159763313609
0 0.0100606475716064 0.1486210144927536 0.0052383606739544 0.0172569405932665 0.2964542194092827 0.7249017057569296 0.0004895062575696 0.0074296455619509 0.0119564497246672 0.026254842728122
0 0.0025901618929016 0.0055336956521739 0.0001347186532023 0.0025688120701759 0.9123647679324894 0.9114315565031984 0.0021181671376665 0.0002211511663132 0.0001867016433248 0.0001
0 0.0088155666251556 0.0272684782608695 0.0009401914074979 0.0038106655021573 0.4483225738396624 0.8666643923240939 0.0003906160678239 0.0017355407452287 0.0023759181372761 0.0075728122080348
0 0.0113057285180572 0.0743605072463768 0.0029677607545178 0.0079067337935503 0.319656329113924 0.8528078891257996 0.0003280528865563 0.0044008664041199 0.0077947708450765 0.0215843350981002
0 0.0113057285180572 0.0924728260869565 0.0036621338185656 0.0097685830169108 0.2595417721518987 0.7355605543710021 0.0003199802180056 0.0045825931535898 0.0084233577591813 0.0228298037994394
2 0.032472104607721 0.0055336956521739 0.0008013167946883 0.0003625207404938 0.2964542194092827 0.6449603411513859 0.0004168522406136 0.0009783459557709 0.001508901704028 0.0041477732793522
0 0.0075704856787048 0.0544369565217391 0.0015581834345005 0.0083330972656999 0.3481316455696203 0.79844776119403 0.0002695260395639 0.0024018721599515 0.003763144430473 0.0138001557147306
0 0.0113057285180572 0.0526257246376811 0.0021345130776603 0.0056725147255178 0.3280934599156118 0.6907933901918977 0.0003865797335486 0.0031893547409875 0.0045651346312275 0.0138001557147306
0 0.0113057285180572 0.1341311594202898 0.0052591918658758 0.0140508362306398 0.3966451476793249 0.9029044776119404 0.0003583253936213 0.0096103665555892 0.014730902311061 0.0436914045468701
0 0.012550809464508 0.438418115942029 0.0186119858875168 0.0412170782486922 0.0686516877637131 0.2985477611940298 0.0001827448526443 0.009398352014541 0.0197595976238997 0.0692235129243226
0 0.0113057285180572 0.0435695652173913 0.0017873265456363 0.0047415901138376 0.2279025316455696 0.5607554371002132 0.0002836532095276 0.0019172674946985 0.0031345575163682 0.0106864839613827
0 0.006325404732254 0.0109673913043478 0.0003430305724167 0.0022597450990981 0.4978907172995781 0.9999 0.0003018167137666 0.0005543168736746 0.000858639379092 0.0032136717533478
0 0.0088155666251556 0.0290797101449275 0.0009957412526217 0.0040433966550774 0.1857168776371308 0.8506761194029852 0.0001968720226079 0.0008269069978794 0.0024842951914321 0.0063273435066957
0 0.012550809464508 0.369591304347826 0.0157095064797966 0.0347843891819818 0.3365305907172995 0.6982545842217485 0.0005056515946709 0.0252388670099969 0.0349757360274032 0.0863487075677359
0 0.0100606475716064 0.184845652173913 0.0064882321892406 0.0213939695675735 0.1182198312236287 0.75581236673774 0.0001443996770286 0.0044917297788548 0.0154461908684906 0.0387095297415135
0 0.0113057285180572 0.4909438405797101 0.0189383412276193 0.0507292659308408 0.1677879746835443 0.7568782515991471 0.0001867811869196 0.0172428900333232 0.0454883102805359 0.1246468701339146
0 0.0113057285180572 0.0109673913043478 0.0005374550303501 0.0013902615117887 0.2764160337552743 0.8474784648187633 0.0002675078724263 0.0005543168736746 0.0012487967740536 0.0035250389286826
0 0.0075704856787048 0.938318115942029 0.0252779673023766 0.1381300540230505 0.0222474683544303 0.3539737739872068 0.0001464178441663 0.0079142502272038 0.0309657850236309 0.0667325755216443
0 0.0088155666251556 0.0091561594202898 0.0003846929562596 0.0014833539729568 0.2964542194092827 0.977516417910448 0.0002574170367379 0.0003725901242047 0.000967016433248 0.0025909374026782
0 0.0100606475716064 0.1920905797101449 0.0067382064922978 0.0222224924719689 0.1604054852320675 0.662014498933902 0.0001847630197819 0.0058243926083005 0.0142106924511121 0.0427573030208657
0 0.0088155666251556 0.0236460144927536 0.0008290917172502 0.0033452031963172 0.321765611814346 0.6481579957356078 0.0003018167137666 0.0010994971220842 0.0015739279365217 0.0060159763313609
0 0.0100606475716064 0.2210702898550724 0.0077381037045268 0.0255328603911037 0.3238748945147679 0.8911797441364607 0.0004592337505046 0.0119122387155407 0.0214936304903958 0.0443141388975397
1 0.0025901618929016 0.2373713768115942 0.0028011112191463 0.0820083328832964 0.4778525316455697 0.5287788912579958 0.0039345175615664 0.0059455437746137 0.0047385379178771 0.002902304578013
0 0.0075704856787048 0.0091561594202898 0.0003430305724167 0.0016825718398563 0.2964542194092827 0.6193791044776119 0.0002513625353249 0.0003120145410481 0.000533508216624 0.0022795702273435
0 0.0001 0.0725492753623188 0.0003360868417762 0.076422785213215 0.356568776371308 0.9999 0.0001141271699636 0.0003725901242047 0.0008369639682608 0.004459140454687
0 0.0137958904109589 0.1757894927536231 0.0082172211187198 0.0152926896626212 0.2268478902953586 0.602324946695096 0.0003684162293096 0.009398352014541 0.015923049906777 0.0418232014948614
0 0.0137958904109589 0.2120141304347826 0.0098837164724348 0.0183945304687398 0.212082911392405 0.751548827292111 0.0002917258780783 0.0107310148439866 0.0234877682868664 0.0570801930862659
0 0.0088155666251556 0.1051514492753623 0.0033288347478227 0.0138181050777198 0.2690335443037974 0.760075906183369 0.0002695260395639 0.0042797152378067 0.0078814724884013 0.0243866396761133
0 0.0100606475716064 0.0653043478260869 0.0023636561887961 0.0077410292126713 0.2616510548523207 0.6737392324093816 0.0003018167137666 0.0029167646167827 0.0049552920261891 0.0153569915914045
0 0.0075704856787048 0.0218347826086956 0.0006832733738002 0.0035444210632168 0.3280934599156118 0.9999 0.0002897077109406 0.000887482581036 0.0019207345098209 0.0050818748053565
0 0.0137958904109589 0.0689268115942029 0.0033010598252607 0.0061379770313579 0.2426675105485232 0.453101066098081 0.0007054501412999 0.0038859739472887 0.0048902657936955 0.0100637496107131
0 0.0113057285180572 0.369591304347826 0.0142860416984984 0.0382548761343257 0.3470770042194093 0.6886616204690831 0.0005117060960839 0.0235427506816116 0.0313992932402549 0.0798099968857053
0 0.006325404732254 0.1794119565217391 0.004217632269804 0.0311184080611851 0.3091099156118143 0.781393603411514 0.0002372353653613 0.0061575583156619 0.0102874430906647 0.0380867953908439
0 0.0075704856787048 0.061681884057971 0.0017526078924339 0.0093962131722387 0.2721974683544303 0.9999 0.0002109991925716 0.0021898576189033 0.0052587477778259 0.0150456244160697
0 0.0100606475716064 0.0345134057971014 0.0013012654008028 0.0042239960297434 0.2205200421940928 0.5916660980810234 0.0002372353653613 0.0013115116631323 0.0023542427264449 0.0085069137340392
0 0.0088155666251556 0.0435695652173913 0.0014401400136124 0.0059052458784378 0.3512955696202532 0.5895343283582088 0.0004531792490916 0.0022201454104816 0.0026143476564193 0.0085069137340392
0 0.0100606475716064 0.059870652173913 0.0021761754615032 0.0071210334212922 0.3006727848101266 0.8048430703624733 0.0002634715381509 0.0030076279915177 0.0053671248319819 0.017536561818748
1 0.0013450809464508 0.0236460144927536 0.00024581834345 0.0131199116189596 0.4346122362869199 0.5053294243070363 0.0025218005651998 0.0002817267494698 0.0002734032866496 0.0001
0 0.0075704856787048 0.1794119565217391 0.0049120053338519 0.0266853450603639 0.3787162447257384 0.8389513859275053 0.0002675078724263 0.0086108694335049 0.0128234661579152 0.0486732793522267
0 0.0100606475716064 0.3949485507246376 0.0137374869779006 0.0453913442074663 0.0602145569620253 0.5074611940298508 0.0001867811869196 0.0063998606482883 0.0229242076052551 0.0464937091248832
0 0.0088155666251556 0.0290797101449275 0.0009957412526217 0.0040433966550774 0.2553232067510548 0.6311038379530918 0.0003462163907953 0.0010994971220842 0.0018773836881585 0.0053932419806913
0 0.006325404732254 0.0290797101449275 0.0007596544108454 0.0053615859052166 0.2764160337552743 0.6652121535181238 0.0003603435607589 0.0008571947894577 0.0014655508823656 0.0041477732793522
0 0.0050803237858032 0.0109673913043478 0.0002944244579334 0.0026935559681411 0.3365305907172995 0.725967590618337 0.0007720496568429 0.0002817267494698 0.0005118328057928 0.0007227343506695
0 0.0088155666251556 0.1305086956521739 0.0041065325795563 0.0170763412186006 0.4019183544303797 0.8666643923240939 0.0004531792490916 0.0075507967282641 0.0110244070589255 0.0284344129554655
0 0.0162860523038605 0.253672463768116 0.013758318169822 0.0188376505838996 0.2384489451476793 0.6481579957356078 0.0003603435607589 0.0165159830354438 0.0286248406538611 0.074516754905014
0 0.0050803237858032 0.1757894927536231 0.0034538218993513 0.0365792118333013 0.2785253164556962 0.6843980810234541 0.0002654897052886 0.0045825931535898 0.0074262888609461 0.026254842728122
0 0.0088155666251556 0.0272684782608695 0.0009401914074979 0.0038106655021573 0.2173561181434599 0.9412763326226014 0.0001363270084779 0.000887482581036 0.0025709968347569 0.0085069137340392
0 0.0050803237858032 0.0055336956521739 0.0001902684983262 0.0015764464341248 0.4198472573839663 0.4136633262260128 0.0017145337101332 0.0001605755831566 0.0001433508216624 0.0001
0 0.0075704856787048 0.0127786231884057 0.0004402428013834 0.0022150607177374 0.3407491561181434 0.9999 0.0002251263625353 0.0005240290820963 0.0011620951307288 0.0038364061040174
0 0.0001 0.0200235507246376 0.0001347186532023 0.0224291577357619 0.5601145569620253 0.9999 0.0006045417844166 0.0001 0.000208377054156 0.0004113671753347
0 0.0113057285180572 0.0308909420289855 0.0013012654008028 0.0034382956574852 0.4377761603375528 0.7632735607675907 0.0015934436818732 0.0024321599515298 0.0029828296405497 0.002902304578013
0 0.0088155666251556 0.0109673913043478 0.0004402428013834 0.0017160851258768 0.2279025316455696 0.7718006396588486 0.0002352171982236 0.0003423023326264 0.0009019902007544 0.0025909374026782
0 0.0088155666251556 0.1087739130434782 0.0034399344380703 0.0142835673835599 0.2785253164556962 0.9647257995735607 0.0003078712151796 0.0045523053620115 0.0101790660365086 0.023452538150109
0 0.0075704856787048 0.0707380434782608 0.0019956384648507 0.0107255735177181 0.1867715189873418 0.6609486140724948 0.0001504541784416 0.0018264041199636 0.004088275592941 0.0156683587667393
0 0.0100606475716064 0.5054336956521739 0.0175495950995235 0.0580109582434035 0.1192744725738396 0.6630803837953093 0.0001484360113039 0.0124574189639503 0.0373166803971729 0.1044080037371535
1 0.0001 0.0852278985507246 0.0003846929562596 0.0894557297767382 0.8680698312236287 0.9999 0.0020172587807832 0.0011600727052408 0.0009886918440792 0.0010341015260043
0 0.0075704856787048 0.3931373188405797 0.0106475268428875 0.058070537418551 0.0950177215189873 0.598061407249467 0.0001524723455793 0.0064301484398667 0.0205615878246542 0.0530324198069137
0 0.0075704856787048 0.0308909420289855 0.0009263039462169 0.0048737814086962 0.1213837552742616 0.3998068230277186 0.0004289612434396 0.0005240290820963 0.0011404197198976 0.0022795702273435
0 0.0100606475716064 0.0870391304347826 0.0031135790979678 0.0102228742274107 0.2321210970464135 0.777130063965885 0.0001766903512313 0.0035225204483489 0.0075129905042709 0.0268775770787916
0 0.0075704856787048 0.0453807971014492 0.0013151528620838 0.0070018750709972 0.4145740506329114 0.9764505330490404 0.0003522708922083 0.0023412965767949 0.0038064952521354 0.0109978511367175
0 0.0075704856787048 0.0363246376811594 0.001072122289667 0.0056725147255178 0.2753613924050633 0.9636599147121536 0.0001968720226079 0.001281223871554 0.0030261804622122 0.0094410152600436
1 0.0001 0.0707380434782608 0.0003291431111358 0.0745609359898546 0.9999 0.9999 0.0079708518368994 0.0010994971220842 0.0008152885574296 0.0001
0 0.0088155666251556 0.0435695652173913 0.0014401400136124 0.0059052458784378 0.2721974683544303 0.6481579957356078 0.0002271445296729 0.001765828536807 0.0028527771755625 0.0116205854873871
0 0.0200212951432129 0.6901793478260869 0.0451439806647868 0.0419245809535692 0.3280934599156118 0.538371855010661 0.0010001025433992 0.0712157346258709 0.079713783983003 0.1339878853939582
4 0.0772950186799502 0.1413760869565217 0.0346103412831803 0.0024217259815304 0.3017274261603376 0.3017454157782516 0.0375935090835688 0.0508017631020902 0.0371866279321857 0.0025909374026782
0 0.0100606475716064 0.0979065217391304 0.0034885405525537 0.0114647276593922 0.2184107594936709 0.679068656716418 0.0001948538554703 0.0037648227809754 0.0074479642717773 0.0268775770787916
0 0.0150409713574097 0.436606884057971 0.0218963704804633 0.0347452903482913 0.1888808016877637 0.5884684434968017 0.0003684162293096 0.0218769221448046 0.0418251658500628 0.0969351915291186
0 0.0088155666251556 0.0689268115942029 0.002217837845346 0.0091634820193186 0.1814983122362869 0.8123042643923242 0.0001423815098909 0.0020081308694335 0.0055188527078003 0.0178479289940828
0 0.012550809464508 0.1540547101449275 0.0066201630714097 0.0146429042836685 0.3808255274261603 0.8432149253731344 0.0005238150989099 0.0117305119660708 0.0174403286649611 0.0390208969168483
0 0.0100606475716064 0.1939018115942029 0.0068007000680621 0.0224291577357619 0.179389029535865 0.7632735607675907 0.0002473262010496 0.0064301484398667 0.0163348827125699 0.0387095297415135
0 0.006325404732254 0.0037224637681159 0.0001763810370452 0.0010178916671167 0.4725793248945148 0.940210447761194 0.0003522708922083 0.0001605755831566 0.000316754108312 0.0010341015260043
1 0.0212663760896637 0.6177300724637681 0.0427969997083049 0.035462102299285 0.8385398734177214 0.8901138592750534 0.0086731740008074 0.157899394122993 0.1196398907340762 0.0371526938648396
0 0.0162860523038605 0.6684445652173913 0.0360199186031975 0.0492937801796299 0.1298208860759493 0.6247085287846483 0.0002291626968106 0.0273590124204786 0.072712626284525 0.172286047960137
0 0.0075704856787048 0.0236460144927536 0.0007318794882835 0.0038106655021573 0.3112191983122362 0.9999 0.0003018167137666 0.0009177703726143 0.0020724623856393 0.0050818748053565
0 0.0025901618929016 0.0145898550724637 0.0002388746128095 0.0056725147255178 0.2574324894514768 0.6449603411513859 0.0003018167137666 0.0001302877915783 0.0003384295191432 0.0010341015260043
0 0.0088155666251556 0.2391826086956521 0.0074395232869862 0.031040210393804 0.2321210970464135 0.8133701492537313 0.0002574170367379 0.0086411572250833 0.0189792828339765 0.0502301152289006
3 0.0548835616438356 0.1413760869565217 0.0247363563124192 0.0033563742916574 0.0370124472573839 0.1418626865671642 0.0008689216794509 0.0092166252650711 0.0149693318302042 0.0197161320460915
0 0.0088155666251556 0.0164010869565217 0.0006068923367549 0.002414278584637 0.3671151898734178 0.9999 0.0002775987081146 0.0008571947894577 0.0016823049906777 0.0050818748053565
0 0.0100606475716064 0.0743605072463768 0.0026761240676176 0.0087762173808597 0.3080552742616034 0.9263539445629 0.0003280528865563 0.003825398364132 0.0075780167367645 0.0187820305200872
0 0.0088155666251556 0.0254572463768115 0.0008846415623741 0.0035779343492373 0.4019183544303797 0.9732528784648188 0.0003018167137666 0.0014629506210239 0.0024842951914321 0.0078841793833696
0 0.0113057285180572 0.058059420289855 0.0023428249968746 0.0062310694925259 0.2553232067510548 0.777130063965885 0.0002675078724263 0.0028259012420478 0.0056055543511251 0.0162910931174089
0 0.0113057285180572 0.0127786231884057 0.0006068923367549 0.0015764464341248 0.5780434599156118 0.9999 0.0011090835688332 0.0013417994547106 0.0016823049906777 0.0022795702273435
0 0.0088155666251556 0.5452807971014493 0.0168274471129137 0.0703717752372936 0.1677879746835443 0.7121110874200426 0.0001867811869196 0.0153347591638897 0.0381620214195898 0.1106353472438492
0 0.0075704856787048 0.0290797101449275 0.0008776978317336 0.004609398818979 0.1140012658227848 0.721704051172708 0.0002473262010496 0.0004634534989397 0.0018557082773273 0.0032136717533478
0 0.0075704856787048 0.0073449275362318 0.0002944244579334 0.0014163274009158 0.4873443037974684 0.7867230277185502 0.0017145337101332 0.0004331657073614 0.0005551836274552 0.0004113671753347
0 0.0075704856787048 0.0290797101449275 0.0008776978317336 0.004609398818979 0.2996181434599156 0.9018385927505332 0.0001968720226079 0.0010994971220842 0.0022892164939513 0.0081955465587044
0 0.0100606475716064 0.058059420289855 0.0021136818857388 0.0069143681574992 0.3038367088607595 0.6556191897654584 0.0004087795720629 0.0029470524083611 0.004305029701253 0.0122433198380566
1 0.0075704856787048 0.0001 0.0001 0.000353211494377 0.9999 0.9999 0.0013109002825999 0.0001 0.0001 0.0001
3 0.189352303860523 0.7988532608695652 0.4696281221785451 0.0054658494617248 0.0654877637130801 0.1631803837953091 0.0011635740815502 0.2327708149045743 0.3150653947881888 0.3818361569604484
0 0.0100606475716064 0.5144898550724637 0.0178620629783451 0.0590461464115919 0.3017274261603376 0.7494170575692964 0.0003865797335486 0.0261172129657679 0.0424537527641677 0.1112580815945188
0 0.0100606475716064 0.0508144927536231 0.0018637075826816 0.0060858452531038 0.1920447257383966 0.6897275053304904 0.0001605450141299 0.0017355407452287 0.0039582231279538 0.0144228900654001
0 0.0100606475716064 0.0055336956521739 0.0003013681885738 0.0009136281106085 0.4430493670886076 0.8517420042643923 0.0010424840532902 0.000402877915783 0.0006202098599488 0.0007227343506695
0 0.0113057285180572 0.0870391304347826 0.0034538218993513 0.0092100282499027 0.5674970464135021 0.9807140724946696 0.0005258332660476 0.0086411572250833 0.0103741447339895 0.0287457801308003
1 0.0001 0.0345134057971014 0.0001902684983262 0.0373239515226455 0.7362396624472574 0.9999 0.0005036334275333 0.0003423023326264 0.0003817803408056 0.0013454687013391
0 0.0100606475716064 0.501811231884058 0.0174246079479949 0.0575976277158175 0.2173561181434599 0.7845912579957356 0.0002251263625353 0.0194236110269615 0.0432340675540909 0.1237127686079103
0 0.0088155666251556 0.0145898550724637 0.0005513424916311 0.0021815474317169 0.428284388185654 0.9849776119402984 0.0003421800565199 0.000887482581036 0.0014872262931968 0.004459140454687
0 0.0187762141967621 0.3822699275362318 0.0236045282180211 0.0247564692649624 0.3418037974683545 0.6726733475479745 0.0010586293903916 0.0385352075128748 0.0508638121666739 0.0689121457489878
0 0.0075704856787048 0.0109673913043478 0.0003916366869001 0.0019488162787969 0.3755523206751055 0.8474784648187633 0.0003462163907953 0.000493741290518 0.000858639379092 0.0025909374026782
0 0.0113057285180572 0.0761717391304347 0.0030371980609225 0.0080929187158864 0.215246835443038 0.687595735607676 0.0002614533710133 0.0032196425325658 0.0065375970168668 0.0187820305200872
0 0.0100606475716064 0.3514789855072464 0.0122376411595571 0.0404276541779874 0.0781434599156118 0.3422490405117271 0.0002069628582963 0.0065815873977582 0.0145358236135801 0.0446255060728744
1 0.0001 0.0399471014492753 0.0002110996902476 0.0429094991927269 0.816392405063291 0.9999 0.0037327008477997 0.0004634534989397 0.0004468065732992 0.0001
0 0.0113057285180572 0.061681884057971 0.0024816996096842 0.006603439337198 0.2732521097046413 0.7014522388059701 0.0002775987081146 0.0031893547409875 0.0054104756536443 0.0178479289940828
0 0.012550809464508 0.3152543478260869 0.0134180753684385 0.0297071263498779 0.1667333333333333 0.4339151385927505 0.0002977803794913 0.0121545410481672 0.0194994926939253 0.0636189037682964
0 0.0075704856787048 0.0435695652173913 0.0012665467476004 0.0067356306320566 0.2943449367088607 0.8837185501066098 0.0001827448526443 0.0016446773704937 0.003329636213849 0.0125546870133914
0 0.0050803237858032 0.0345134057971014 0.0007457669495645 0.0075343639488782 0.5147649789029536 0.9466057569296376 0.0003724525635849 0.0015235262041805 0.0020074361531457 0.0069500778573653
0 0.0162860523038605 0.5434695652173913 0.0293122748044948 0.0401167253576862 0.2163014767932489 0.5351742004264393 0.0003764888978603 0.0327199515298394 0.0514923990807787 0.1423947991279975
0 0.0050803237858032 0.0544369565217391 0.0011276721347908 0.0116304322402712 0.3871533755274261 0.944473987206823 0.0002836532095276 0.0018566919115419 0.0031345575163682 0.0103751167860479
3 0.0374524283935242 0.1268862318840579 0.0153345450252107 0.0043506017769319 0.1129466244725738 0.2495170575692963 0.0019748772708922 0.0104887125113601 0.0140589645752937 0.0103751167860479
0 0.0075704856787048 0.0218347826086956 0.0006832733738002 0.0035444210632168 0.1656786919831223 0.8357537313432837 0.0004451065805409 0.0004634534989397 0.0016172787581841 0.0019682030520087
0 0.0088155666251556 0.0073449275362318 0.0003291431111358 0.0012506228200367 0.3407491561181434 0.9466057569296376 0.0002352171982236 0.0003423023326264 0.0007719377357672 0.0025909374026782
0 0.0088155666251556 0.1323199275362318 0.0041620824246801 0.0173090723715206 0.5442949367088606 0.9817799573560768 0.0005258332660476 0.0100646834292638 0.0125633612279408 0.0334162877608221
3 0.0075704856787048 0.0254572463768115 0.0007804856027669 0.0040769099410979 0.0654877637130801 0.2484511727078891 0.0003825433992733 0.0002514389578915 0.0006202098599488 0.0013454687013391
0 0.0150409713574097 0.0435695652173913 0.0023081063436723 0.0036673031119586 0.3154377637130801 0.6588168443496804 0.0011090835688332 0.0033407936988791 0.0047385379178771 0.0057046091560261
0 0.0113057285180572 0.0797942028985507 0.0031760726737321 0.0084652885605585 0.2574324894514768 0.5287788912579958 0.0003522708922083 0.003916261738867 0.0053888002428131 0.0181592961694176
0 0.0088155666251556 0.0816054347826087 0.0026066867612128 0.010792600089759 0.2521592827004219 0.8783891257995737 0.0003482345579329 0.0031287791578309 0.0070144560551532 0.0147342572407349
0 0.0100606475716064 0.0979065217391304 0.0034885405525537 0.0114647276593922 0.2605964135021096 0.9999 0.0002856713766653 0.0043705786125416 0.0106776004856263 0.0237639053254437
0 0.0088155666251556 0.0797942028985507 0.002551136916089 0.010559868936839 0.179389029535865 0.7931183368869936 0.0002816350423899 0.0023110087852166 0.00623414126523 0.0128660541887262
1 0.0001 0.0834166666666666 0.0003777492256191 0.0875938805533778 0.5063278481012659 0.9999 0.0049436011303996 0.0006451802484095 0.000967016433248 0.0001
0 0.0113057285180572 0.5959952898550724 0.0229657049990971 0.0615279914263314 0.1635694092827004 0.649223880597015 0.0002231081953976 0.0206048348985156 0.0479593071152929 0.1321196823419495
0 0.0287368617683686 0.2156365942028985 0.0200493381300959 0.0093962131722387 0.9229111814345992 0.9700552238805972 0.004208988292289 0.0807563889730384 0.0606394224515457 0.0387095297415135
0 0.0100606475716064 0.0091561594202898 0.0004263553401025 0.0013288204874178 0.6487044303797469 0.743021748400853 0.0035308841340331 0.0009783459557709 0.0008369639682608 0.0004113671753347
0 0.0050803237858032 0.1033402173913043 0.0020650757712555 0.0216844180464177 0.0401763713080168 0.2100793176972281 0.0001363270084779 0.0006754680399878 0.0015739279365217 0.0066387106820305
0 0.0113057285180572 0.0471920289855072 0.0019262011584459 0.0051139599585097 0.3323120253164557 0.8186995735607677 0.0002755805409769 0.0028864768252044 0.0048035641503707 0.0162910931174089
0 0.0113057285180572 0.0435695652173913 0.0017873265456363 0.0047415901138376 0.35867805907173 0.8975750533049042 0.0003199802180056 0.0028561890336261 0.0048469149720331 0.0144228900654001
0 0.0088155666251556 0.3424228260869565 0.0106058644590446 0.0443058861102472 0.2890717299578059 0.6055226012793178 0.0003462163907953 0.014880442290215 0.0206916402896414 0.0692235129243226
0 0.0100606475716064 0.2989532608695652 0.0104253274623921 0.0344269141310966 0.3523502109704641 0.7334287846481876 0.0004935425918449 0.0173337534080581 0.0242464076659584 0.0605052320149486
0 0.0100606475716064 0.1413760869565217 0.0049883863708971 0.0164302795380945 0.3070006329113924 0.8922456289978679 0.0003421800565199 0.0072782066040593 0.0137988596453193 0.0343503892868265
0 0.0075704856787048 0.0381358695652173 0.0011207284041504 0.0059387591644583 0.1097827004219409 0.487209381663113 0.0002210900282599 0.0006148924568312 0.0016823049906777 0.004459140454687
0 0.0088155666251556 0.0037224637681159 0.0002180434208881 0.0007851605141966 0.4725793248945148 0.9999 0.0005036334275333 0.0002514389578915 0.0004684819841304 0.0010341015260043
0 0.0100606475716064 0.0834166666666666 0.0029885919464392 0.0098095436998247 0.3365305907172995 0.8133701492537313 0.0004531792490916 0.0046431687367464 0.0075129905042709 0.017536561818748
0 0.0100606475716064 0.2210702898550724 0.0077381037045268 0.0255328603911037 0.3618419831223629 0.990307036247335 0.0004713427533306 0.0131237503786731 0.0237261978060096 0.0477391778262223
0 0.006325404732254 0.0091561594202898 0.0003013681885738 0.0019488162787969 0.2679789029535865 0.5266471215351813 0.0006388506257569 0.0002211511663132 0.0003817803408056 0.0007227343506695
0 0.0088155666251556 0.123263768115942 0.003884333199061 0.0161454166069203 0.2743067510548523 0.8314901918976547 0.0002836532095276 0.005097485610421 0.0100273381606902 0.027811678604796
0 0.0088155666251556 0.1812231884057971 0.0056619282430236 0.0235928135003622 0.179389029535865 0.8229631130063967 0.0001585268469923 0.0053095001514692 0.0145574990244113 0.0430686701962005
0 0.0100606475716064 0.0327021739130434 0.0012387718250385 0.0040173307659503 0.3523502109704641 0.9061021321961622 0.0003421800565199 0.0018869797031202 0.003329636213849 0.0091296480847088
0 0.0088155666251556 0.0218347826086956 0.0007735418721264 0.0031124720433972 0.4620329113924051 0.9284857142857144 0.0003663980621719 0.0014326628294456 0.0020507869748081 0.0066387106820305
0 0.006325404732254 0.3369891304347826 0.007842259664134 0.0581152217999117 0.143531223628692 0.563953091684435 0.0001524723455793 0.0062787094819751 0.0143190695052681 0.0520983182809093
0 0.012550809464508 0.2246927536231883 0.0095990235161751 0.0212450216297046 0.4008637130801688 0.7909865671641791 0.0005096879289463 0.0178789336564677 0.0238996010926592 0.0608165991902834
0 0.006325404732254 0.0200235507246376 0.0005513424916311 0.0038106655021573 0.3407491561181434 0.940210447761194 0.0002009083568833 0.0007057558315661 0.0014222000607032 0.0053932419806913
0 0.0113057285180572 0.4891326086956521 0.0188689039212145 0.0505430810085047 0.2099736286919831 0.7376923240938166 0.0002775987081146 0.020453395940624 0.0442528118631574 0.112503550295858
0 0.0075704856787048 0.2428050724637681 0.0066132193407692 0.0359945911771661 0.1582962025316456 0.7142428571428572 0.0001867811869196 0.0056729536504089 0.014947656419373 0.0415118343195266
0 0.0050803237858032 0.0308909420289855 0.0006763296431597 0.0067896242595341 0.284853164556962 0.9999 0.0001908175211949 0.0007663314147228 0.0018990590989897 0.0060159763313609
0 0.006325404732254 0.0127786231884057 0.0003846929562596 0.0025688120701759 0.4725793248945148 0.9999 0.0003381437222446 0.0006148924568312 0.0009886918440792 0.0032136717533478
0 0.0088155666251556 0.0200235507246376 0.0007179920270026 0.0028797408904771 0.428284388185654 0.9338151385927504 0.0004208885748889 0.0012206482883974 0.0018990590989897 0.0050818748053565
0 0.0088155666251556 0.0399471014492753 0.0013290403233647 0.0054397835725977 0.1973179324894514 0.5245153518123669 0.0002533807024626 0.0012206482883974 0.0021591640289641 0.0075728122080348
0 0.0075704856787048 0.058059420289855 0.0016553956634672 0.0088637242943576 0.2236839662447257 0.8336219616204691 0.0001403633427533 0.0017355407452287 0.0041749772362658 0.0156683587667393
0 0.0137958904109589 0.1522434782608695 0.0071339991388051 0.0132744451044985 0.2669242616033755 0.8165678038379531 0.0002897077109406 0.0093074886398061 0.0182639942765468 0.049607380878231
0 0.0137958904109589 0.5543369565217392 0.025632097565041 0.0477186557366669 0.2511046413502109 0.75581236673774 0.0003845615664109 0.0322353468645864 0.0615497897064562 0.1380356586733104
0 0.0075704856787048 0.061681884057971 0.0017526078924339 0.0093962131722387 0.143531223628692 0.8389513859275053 0.0001423815098909 0.001281223871554 0.0044567575770715 0.0116205854873871
0 0.0100606475716064 0.0707380434782608 0.002551136916089 0.0083610250040503 0.4662514767932489 0.9199586353944564 0.0004874880904319 0.0052792123598909 0.0071661839309716 0.0187820305200872
0 0.012550809464508 0.2699735507246376 0.0115085494423068 0.0254751430651796 0.14142194092827 0.5021317697228146 0.0003139257165926 0.0091863374734928 0.0190009582448077 0.0461823419495484
1 0.0001 0.1504322463768116 0.0006346672593168 0.1564823018177145 0.9123647679324894 0.9999 0.0037831550262414 0.0022201454104816 0.0017690066340025 0.0010341015260043
0 0.012550809464508 0.4728315217391304 0.0200632255913769 0.0444324918574357 0.2184107594936709 0.7739324093816632 0.0002897077109406 0.0225129657679491 0.0491731301218401 0.1199763625038928
0 0.0100606475716064 0.1649221014492753 0.0058008028558332 0.019118789816627 0.3143831223628692 0.9114315565031984 0.0003159438837303 0.0086714450166616 0.0163999089450635 0.0433800373715353
0 0.006325404732254 0.0490032608695652 0.0012179406331171 0.0087762173808597 0.2532139240506329 0.8666643923240939 0.0001585268469923 0.001372087246289 0.0031345575163682 0.0116205854873871
0 0.0113057285180572 0.1033402173913043 0.0040787576569944 0.0108856925509271 0.0306845991561181 0.1727733475479744 0.0002251263625353 0.0013115116631323 0.0027660755322377 0.008818280909374
0 0.0113057285180572 0.0942840579710145 0.0037315711249704 0.0099547679392468 0.3070006329113924 0.79844776119403 0.0003018167137666 0.0054003635262041 0.0092686987815982 0.0281230457801308
0 0.0100606475716064 0.0218347826086956 0.0008638103704526 0.0027754773339689 0.3333666666666667 0.9999 0.0004410702462656 0.0011903604968191 0.0024842951914321 0.0047705076300218
1 0.0013450809464508 0.0091561594202898 0.0001347186532023 0.0056725147255178 0.6487044303797469 0.9999 0.0007054501412999 0.0001302877915783 0.000208377054156 0.0004113671753347
0 0.0013450809464508 0.186656884057971 0.0014956898587362 0.09690312667018 0.0117010548523206 0.4978682302771856 0.0001161453371013 0.0002817267494698 0.0023325673156137 0.0035250389286826
0 0.0088155666251556 0.0797942028985507 0.002551136916089 0.010559868936839 0.3323120253164557 0.768602985074627 0.0002796168752523 0.0038859739472887 0.0060607379785804 0.0215843350981002
0 0.0075704856787048 0.0345134057971014 0.0010235161751836 0.0054062702865772 0.3976997890295359 0.9924388059701492 0.0003018167137666 0.0017052529536504 0.0029611542297185 0.0091296480847088
0 0.006325404732254 0.1612996376811594 0.0038010084313752 0.0280147054058432 0.2595417721518987 0.7547464818763326 0.0002109991925716 0.0047643199030596 0.0089652430299614 0.032170819059483
0 0.0001 0.0888503623188406 0.0003985804175405 0.0931794282234591 0.1561869198312236 0.9999 0.0001221998385143 0.0001908633747349 0.0010320426657416 0.0025909374026782
0 0.0113057285180572 0.4112496376811594 0.0158830997458086 0.0425371293480548 0.2194654008438818 0.5842049040511728 0.0002755805409769 0.0178183580733111 0.0300770931795516 0.0981806602304578
0 0.0100606475716064 0.1631108695652174 0.0057383092800688 0.018912124552834 0.1909900843881856 0.7749982942430705 0.0002432898667743 0.0056729536504089 0.0139505875211377 0.0346617564621613
0 0.0088155666251556 0.0453807971014492 0.0014956898587362 0.0061379770313579 0.3354759493670886 0.9434081023454158 0.0002594352038756 0.0022201454104816 0.0042183280579282 0.013177421364061
0 0.0088155666251556 0.0055336956521739 0.0002735932660119 0.0010178916671167 0.3407491561181434 0.9999 0.0002009083568833 0.0002514389578915 0.00064188527078 0.0022795702273435
0 0.0175311332503113 0.248238768115942 0.014424916311308 0.0172159799103526 0.3998090717299578 0.7334287846481876 0.0009980843762616 0.0269349833383823 0.0335885097342063 0.0508528495795702
0 0.0038352428393524 0.0345134057971014 0.0006068923367549 0.0093962131722387 0.3544594936708861 0.9199586353944564 0.0001827448526443 0.0008269069978794 0.0015522525256905 0.0066387106820305
0 0.0150409713574097 0.0145898550724637 0.0008638103704526 0.0013753667180019 0.3692244725738397 0.6630803837953093 0.0005762874444893 0.0013115116631323 0.0016823049906777 0.0041477732793522
0 0.0113057285180572 0.0381358695652173 0.001579014626422 0.0041830353468294 0.2806345991561181 0.7622076759061835 0.0002594352038756 0.0020081308694335 0.003654767376317 0.0119319526627218
0 0.0050803237858032 0.0127786231884057 0.0003291431111358 0.0030659258128132 0.5253113924050634 0.9999 0.0003906160678239 0.0005543168736746 0.0008152885574296 0.0025909374026782
0 0.0075704856787048 0.0308909420289855 0.0009263039462169 0.0048737814086962 0.213137552742616 0.8304243070362474 0.0001787085183689 0.0008571947894577 0.0022458656722889 0.0069500778573653
0 0.0100606475716064 0.063493115942029 0.0023011626130318 0.0075343639488782 0.6349940928270043 0.9146292110874202 0.0011938465886152 0.0063089972735534 0.0064075445518796 0.0100637496107131
0 0.0100606475716064 0.0508144927536231 0.0018637075826816 0.0060858452531038 0.2690335443037974 0.6247085287846483 0.0002917258780783 0.0023110087852166 0.0036114165546546 0.0125546870133914
0 0.0100606475716064 0.0435695652173913 0.0016137332796244 0.0052591841979318 0.2078643459915612 0.9050362473347549 0.0002029265240209 0.0015841017873371 0.0043917313445778 0.0113092183120523
0 0.0088155666251556 0.0236460144927536 0.0008290917172502 0.0033452031963172 0.4156286919831224 0.9711211087420044 0.0003563072264836 0.0014023750378673 0.0023108919047825 0.0066387106820305
0 0.0162860523038605 0.0671155797101449 0.0037454585862514 0.0051400258476367 0.2025911392405063 0.4552328358208956 0.0004935425918449 0.003825398364132 0.0055838789402939 0.0134887885393958
0 0.0088155666251556 0.123263768115942 0.003884333199061 0.0161454166069203 0.2205200421940928 0.8709279317697228 0.0001948538554703 0.0042494274462284 0.0104608463773143 0.0303026160074743
0 0.0075704856787048 0.0037224637681159 0.0001972122289667 0.0008857003722581 0.5474588607594936 0.9999 0.0007054501412999 0.0002514389578915 0.0004034557516368 0.0007227343506695
0 0.0088155666251556 0.1105851449275362 0.0034954842831941 0.0145162985364799 0.3259841772151899 0.8687961620469083 0.0005096879289463 0.0053095001514692 0.0093770758357542 0.0181592961694176
0 0.0088155666251556 0.059870652173913 0.0019400886197269 0.0079998262547184 0.3365305907172995 0.7494170575692964 0.0003219983851433 0.0029470524083611 0.0044567575770715 0.0147342572407349
0 0.0088155666251556 0.0888503623188406 0.0028288861417082 0.0117235247014393 0.502109282700422 0.951935181236674 0.0005056515946709 0.0062787094819751 0.0082282790617005 0.0215843350981002
0 0.0100606475716064 0.0653043478260869 0.0023636561887961 0.0077410292126713 0.1698972573839662 0.6865298507462686 0.0002089810254339 0.0020384186610118 0.0050419936695139 0.0141115228900654
1 0.0001 0.0290797101449275 0.0001694373064047 0.0317384038525641 0.7520592827004219 0.9999 0.0012099919257165 0.0002817267494698 0.000316754108312 0.0004113671753347
0 0.0113057285180572 0.1033402173913043 0.0040787576569944 0.0108856925509271 0.2616510548523207 0.8293584221748401 0.0003361255551069 0.0051580611935777 0.0105041971989767 0.0246980068514481
0 0.006325404732254 0.0308909420289855 0.0008013167946883 0.0056725147255178 0.2774706751054852 0.9999 0.0002251263625353 0.0009177703726143 0.0022892164939513 0.0063273435066957
0 0.0050803237858032 0.0906615942028985 0.0018220451988387 0.0190778291337131 0.2764160337552743 0.8197654584221749 0.0002271445296729 0.0023110087852166 0.0045434592203963 0.0150456244160697
0 0.0113057285180572 0.2355601449275362 0.009147681024544 0.0244771918814584 0.3829348101265822 0.8474784648187633 0.0004511610819539 0.0163342562859739 0.0242897584876208 0.0614393335409529
0 0.0947261519302615 0.4420405797101449 0.1310448724181517 0.0060113712841694 0.4145740506329114 0.4914729211087421 0.0064915353249899 0.2541842835504392 0.2139062524389715 0.0798099968857053
0 0.0237565379825653 0.0272684782608695 0.0022733876904699 0.0015764464341248 0.4725793248945148 0.5437012793176973 0.0052806350423899 0.0047340321114813 0.0039148723062914 0.0016568358766739
0 0.0137958904109589 0.0490032608695652 0.0023844873807175 0.0044306612935364 0.2247386075949367 0.5650189765458422 0.0005177605974969 0.0025835989094213 0.0042616788795906 0.008818280909374
0 0.012550809464508 0.6630108695652174 0.0280832344811301 0.0622057045436346 0.178334388185654 0.7547464818763326 0.0002291626968106 0.0268744077552256 0.0673154489875558 0.1691723762067891
0 0.0088155666251556 0.0797942028985507 0.002551136916089 0.010559868936839 0.4398854430379747 0.953001066098081 0.0004854699232943 0.0050066222356861 0.0074046134501149 0.0178479289940828
0 0.006325404732254 0.061681884057971 0.0015095773200172 0.010947133575298 0.5073824894514769 0.9391445628997868 0.0004370339119903 0.0032802181157225 0.0042400034687594 0.0128660541887262
0 0.0100606475716064 0.1486210144927536 0.0052383606739544 0.0172569405932665 0.2447767932489451 0.8389513859275053 0.0002836532095276 0.0063089972735534 0.0136904825911633 0.0343503892868265
0 0.0113057285180572 0.059870652173913 0.0024122623032794 0.006417254414862 0.2584871308016878 0.8773232409381663 0.0002432898667743 0.0029470524083611 0.0064725707843732 0.0181592961694176
0 0.0287368617683686 0.3351778985507246 0.0310482074646146 0.0145162985364799 0.4873443037974684 0.987109381663113 0.0014218994751715 0.0694287549227506 0.0955368338897801 0.0944442541264403
3 0.006325404732254 0.0073449275362318 0.000259705804731 0.0016378874584957 0.3323120253164557 0.9999 0.0003421800565199 0.0002211511663132 0.0005985344491176 0.0013454687013391
0 0.0113057285180572 0.1359423913043478 0.0053286291722806 0.0142370211529759 0.284853164556962 0.6684098081023454 0.0002997985466289 0.0073084943956376 0.0113061873997311 0.0380867953908439
0 0.0137958904109589 0.0127786231884057 0.0007179920270026 0.0013288204874178 0.4831257383966245 0.9220904051172708 0.0013109002825999 0.001372087246289 0.0018773836881585 0.0019682030520087
1 0.0013450809464508 0.9672978260869564 0.0074811856708291 0.4981316343043577 0.6286662447257384 0.9146292110874202 0.0022695296729915 0.0208774250227203 0.0212768763820838 0.0181592961694176
0 0.0187762141967621 0.6630108695652174 0.0408249802064089 0.0427940645408785 0.3512955696202532 0.5468989339019189 0.0009657937020589 0.0682778188427749 0.073146134501149 0.1327424166926191
0 0.0088155666251556 0.0761717391304347 0.0024400372258414 0.0100944066309989 0.3038367088607595 0.8847844349680172 0.0002675078724263 0.003431657073614 0.0066026232493604 0.0197161320460915
0 0.012550809464508 0.0417583333333333 0.001884538774603 0.0041495220608089 0.504218565400844 0.708913432835821 0.0019163504238998 0.0041282762799151 0.0041099510037722 0.0041477732793522
0 0.006325404732254 0.0290797101449275 0.0007596544108454 0.0053615859052166 0.214192194092827 0.7280993603411515 0.0001363270084779 0.0006754680399878 0.0015956033473529 0.0066387106820305
0 0.0100606475716064 0.0308909420289855 0.0011762782492742 0.0038106655021573 0.2184107594936709 0.6907933901918977 0.0002130173597093 0.0011600727052408 0.0024409443697697 0.0081955465587044
0 0.0100606475716064 0.0834166666666666 0.0029885919464392 0.0098095436998247 0.2468860759493671 0.7206381663113006 0.0002917258780783 0.0035528082399272 0.0067110003035164 0.0190933976954219
0 0.0075704856787048 0.6249750000000001 0.0168691094967566 0.0921163123169203 0.140367299578059 0.7131769722814499 0.0001524723455793 0.0134569160860345 0.0383354247062394 0.1103239800685144
1 0.0001 0.501811231884058 0.0019817510035697 0.5176810511496425 0.9429493670886075 0.9999 0.0057952676624949 0.0078536746440472 0.0059740363352556 0.0025909374026782
0 0.006325404732254 0.0073449275362318 0.000259705804731 0.0016378874584957 0.3323120253164557 0.8581373134328358 0.0004531792490916 0.0002211511663132 0.0005118328057928 0.0010341015260043
3 0.1059318804483188 0.119641304347826 0.0400611698359562 0.0015373476004342 0.1182198312236287 0.9306174840085288 0.0003764888978603 0.028570524083611 0.1166920348610328 0.1240241357832451
0 0.0162860523038605 0.4221170289855072 0.0227990554637256 0.031205914974683 0.3491862869198312 0.6097861407249469 0.0007458134840532 0.0379294516813087 0.044968100420587 0.0928874182497664
0 0.0088155666251556 0.0725492753623188 0.0023289375355937 0.0096289443251588 0.1667333333333333 0.6396309168443498 0.0001887993540573 0.0019778430778551 0.0046518362745523 0.0147342572407349
0 0.0075704856787048 0.1631108695652174 0.0044745503035017 0.0242910069591223 0.1340394514767932 0.8037771855010661 0.0001484360113039 0.0033407936988791 0.0112194857564063 0.0284344129554655
0 0.0050803237858032 0.0508144927536231 0.001058234828386 0.0108856925509271 0.2795799578059072 0.948737526652452 0.0001787085183689 0.001281223871554 0.0029394788188873 0.0100637496107131
0 0.0100606475716064 0.0490032608695652 0.0018012140069173 0.0058791799893108 0.2173561181434599 0.5810072494669509 0.0002029265240209 0.0018566919115419 0.0032646099813554 0.013177421364061
0 0.0100606475716064 0.0743605072463768 0.0026761240676176 0.0087762173808597 0.4198472573839663 0.8986409381663114 0.0004612519176423 0.0050369100272644 0.0073612626284525 0.0187820305200872
4 0.1146474470734744 0.186656884057971 0.0672111566402289 0.0021685144871534 0.4209018987341772 0.5852707889125799 0.0007559043197416 0.1321244834898515 0.1280065993149199 0.3198740890688259
0 0.0050803237858032 0.0091561594202898 0.000259705804731 0.002321186123469 0.3323120253164557 0.751548827292111 0.0006388506257569 0.0002211511663132 0.0004468065732992 0.0007227343506695
0 0.0113057285180572 0.1377536231884057 0.0053980664786854 0.0144232060753119 0.4398854430379747 0.8986409381663114 0.0004309794105773 0.0108218782187216 0.015056033473529 0.0424459358455309
0 0.0001 0.0200235507246376 0.0001347186532023 0.0224291577357619 0.5601145569620253 0.9999 0.0006045417844166 0.0001 0.000208377054156 0.0004113671753347
0 0.0075704856787048 0.0399471014492753 0.0011693345186337 0.0062050036033989 0.3386398734177215 0.8410831556503198 0.0002432898667743 0.0017052529536504 0.0029178034080561 0.0106864839613827
0 0.0050803237858032 0.0689268115942029 0.00140542136041 0.014609390997648 0.3776616033755274 0.8581373134328358 0.0002352171982236 0.0023110087852166 0.0036114165546546 0.0147342572407349
0 0.0113057285180572 0.4529079710144927 0.0174801577931187 0.0468193825617838 0.0939630801687763 0.5959296375266524 0.0001464178441663 0.0106098636776734 0.0337402376100247 0.0891510121457489
0 0.0113057285180572 0.059870652173913 0.0024122623032794 0.006417254414862 0.3544594936708861 0.8837185501066098 0.0003219983851433 0.0038859739472887 0.0065159216060356 0.0194047648707567
0 0.0088155666251556 0.1794119565217391 0.0056063783978997 0.0233600823474421 0.2036457805907173 0.8538737739872068 0.0002170536939846 0.0058243926083005 0.0149043055977106 0.0383981625661787
0 0.0075704856787048 0.0960952898550724 0.0026761240676176 0.014449271964439 0.213137552742616 0.5820731343283584 0.0001787085183689 0.0027956134504695 0.0049336166153579 0.0212729679227654
0 0.0100606475716064 0.0308909420289855 0.0011762782492742 0.0038106655021573 0.1994272151898734 0.9796481876332624 0.0001887993540573 0.0010692093305059 0.0033946624463426 0.0081955465587044
1 0.0025901618929016 0.9835989130434784 0.0113835622907782 0.3376960867273875 0.2890717299578059 0.3667643923240938 0.0031514687121517 0.0160010905786125 0.0142973940944369 0.0100637496107131
0 0.0113057285180572 0.0218347826086956 0.0009540788687789 0.002507371045805 0.2458314345991561 0.8773232409381663 0.0002231081953976 0.0010086337473492 0.0024409443697697 0.0069500778573653
0 0.006325404732254 0.063493115942029 0.00155123970386 0.0112580623955991 0.4673061181434599 0.994570575692964 0.0002836532095276 0.0031287791578309 0.0046084854528899 0.0172251946434132
0 0.006325404732254 0.0544369565217391 0.0013429277846457 0.0097071419925399 0.4725793248945148 0.9999 0.0002897077109406 0.0027047500757346 0.003979898538785 0.0147342572407349
0 0.0013450809464508 0.0544369565217391 0.0004819051852263 0.0289456300175235 0.1498590717299578 0.4840117270788913 0.0003018167137666 0.0002514389578915 0.00064188527078 0.0016568358766739
0 0.0075704856787048 0.1015289855072463 0.0028219424110677 0.0152480052812606 0.2331757383966245 0.636433262260128 0.0001605450141299 0.0031893547409875 0.0056489051727875 0.0259434755527872
2 0.0075704856787048 0.0001 0.0001 0.000353211494377 0.9999 0.9999 0.0013109002825999 0.0001 0.0001 0.0001
0 0.012550809464508 0.4891326086956521 0.0207506549247843 0.0459554845221446 0.1308755274261603 0.649223880597015 0.0001787085183689 0.0157890760375643 0.0433207691974157 0.1174854251012145
0 0.0050803237858032 0.0308909420289855 0.0006763296431597 0.0067896242595341 0.3439130801687763 0.953001066098081 0.0002251263625353 0.0009177703726143 0.0018123574556649 0.0063273435066957
0 0.012550809464508 0.4891326086956521 0.0207506549247843 0.0459554845221446 0.1540776371308017 0.6033908315565033 0.0002049446911586 0.0177880702817328 0.0405246412001907 0.1205990968545624
0 0.0113057285180572 0.0707380434782608 0.0028288861417082 0.0075343639488782 0.2563778481012658 0.6588168443496804 0.0002816350423899 0.0034619448651923 0.0058439838702683 0.0190933976954219
1 0.0001 0.0924728260869565 0.0004124678788215 0.09690312667018 0.9598236286919832 0.9999 0.0049436011303996 0.0014023750378673 0.001075393487404 0.0004113671753347
0 0.0100606475716064 0.9636753623188404 0.0333604697678941 0.1103494017612892 0.1203291139240506 0.789920682302772 0.0001605450141299 0.0240273553468645 0.0834636300568009 0.1903453441295546
0 0.0088155666251556 0.0761717391304347 0.0024400372258414 0.0100944066309989 0.3133284810126582 0.8016454157782517 0.0003542890593459 0.0035225204483489 0.006017387156918 0.0162910931174089
0 0.0100606475716064 0.063493115942029 0.0023011626130318 0.0075343639488782 0.5274206751054852 0.9210245202558636 0.0006065599515542 0.0053095001514692 0.006450895373542 0.0156683587667393
2 0.0386975093399751 0.0001 0.0002735932660119 0.0001446843813606 0.9999 0.9999 0.0063563181267662 0.0008571947894577 0.00064188527078 0.0001
0 0.0100606475716064 0.0653043478260869 0.0023636561887961 0.0077410292126713 0.4230111814345992 0.9615281449893388 0.0004430884134033 0.0044614419872765 0.0069060790009972 0.0172251946434132
0 0.0187762141967621 0.1902793478260869 0.0118279610517689 0.0124217181601994 0.1477497890295359 0.5660848614072493 0.0001988901897456 0.0097315177219024 0.021732060009539 0.0676666770476487
0 0.0113057285180572 0.313443115942029 0.0121334851999499 0.0324831435419083 0.2384489451476793 0.7153087420042645 0.0003058530480419 0.0145169887912753 0.0276060963447946 0.0742053877296792
0 0.006325404732254 0.0562481884057971 0.0013845901684886 0.0100162089636177 0.3850440928270042 0.9615281449893388 0.0003240165522809 0.0023110087852166 0.0039582231279538 0.0116205854873871
0 0.0150409713574097 0.0435695652173913 0.0023081063436723 0.0036673031119586 0.1920447257383966 0.2388582089552238 0.0020899127977392 0.0021898576189033 0.0019640853314833 0.0019682030520087
0 0.006325404732254 0.0308909420289855 0.0008013167946883 0.0056725147255178 0.463087552742616 0.8719938166311302 0.0003098893823173 0.0014932384126022 0.0020074361531457 0.0078841793833696
0 0.0100606475716064 0.0290797101449275 0.0011137846735099 0.0036040002383643 0.1382580168776371 0.4978682302771856 0.0002513625353249 0.0007360436231445 0.0017039804015089 0.0047705076300218
0 0.0075704856787048 0.1160188405797101 0.0032107913269345 0.0173760989435616 0.3713337552742616 0.9199586353944564 0.0003159438837303 0.0054609391093608 0.0090736200841174 0.0275003114294612
0 0.0088155666251556 0.058059420289855 0.001884538774603 0.0077670951017983 0.2890717299578059 0.8378855010660983 0.0003018167137666 0.0024927355346864 0.0048035641503707 0.013177421364061
0 0.0075704856787048 0.2174478260869565 0.0059327337380023 0.0322708927304452 0.2321210970464135 0.6225767590618339 0.0002089810254339 0.006854177521963 0.0118047218488488 0.0461823419495484
0 0.0088155666251556 0.2102028985507246 0.0065507257650049 0.0273165119470831 0.1277116033755274 0.6183132196162049 0.0001605450141299 0.0047946076946379 0.0129751940337336 0.0387095297415135
1 0.0013450809464508 0.2083916666666666 0.0016623393941077 0.1080742220103427 0.5949177215189873 0.7888547974413647 0.0035066661283811 0.0042191396546501 0.003979898538785 0.0022795702273435
0 0.0113057285180572 0.063493115942029 0.002551136916089 0.0067896242595341 0.2816892405063291 0.8048430703624733 0.0002977803794913 0.0033710814904574 0.0063208429085548 0.0178479289940828
0 0.0088155666251556 0.434795652173913 0.01343890656036 0.0561751749091701 0.070760970464135 0.4648257995735608 0.0001524723455793 0.006854177521963 0.020756666522135 0.0564574587355963
0 0.0113057285180572 0.0272684782608695 0.0011623907879932 0.0030659258128132 0.393481223628692 0.7803277185501066 0.0014239176423092 0.0019475552862768 0.0027010492997441 0.0025909374026782
0 0.0137958904109589 0.1305086956521739 0.0061341019265761 0.0114125958811381 0.2184107594936709 0.725967590618337 0.0003219983851433 0.0067633141472281 0.0140589645752937 0.0334162877608221
0 0.0088155666251556 0.0200235507246376 0.0007179920270026 0.0028797408904771 0.3955905063291139 0.9551328358208956 0.0002735623738393 0.0011297849136625 0.0019424099206521 0.0066387106820305
0 0.0100606475716064 0.0471920289855072 0.001738720431153 0.0056725147255178 0.2964542194092827 0.9124974413646056 0.0002392535324989 0.0023412965767949 0.0047818887395395 0.0147342572407349
0 0.0088155666251556 0.1486210144927536 0.0046620310307946 0.0194036527478011 0.321765611814346 0.977516417910448 0.0002977803794913 0.0070661920630112 0.0140372891644625 0.0371526938648396
0 0.0075704856787048 0.0308909420289855 0.0009263039462169 0.0048737814086962 0.321765611814346 0.9999 0.0002109991925716 0.0012509360799757 0.0026793738889129 0.008818280909374
0 0.0088155666251556 0.0544369565217391 0.0017734390843554 0.0073016327959582 0.2901263713080169 0.7760641791044777 0.0002695260395639 0.0023412965767949 0.004196652647097 0.0134887885393958
0 0.0100606475716064 0.059870652173913 0.0021761754615032 0.0071210334212922 0.1656786919831223 0.4594963752665245 0.0001847630197819 0.0018264041199636 0.003221259159693 0.0138001557147306
0 0.006325404732254 0.0109673913043478 0.0003430305724167 0.0022597450990981 0.2215746835443038 0.7718006396588486 0.0001766903512313 0.0002211511663132 0.0006635606816112 0.0022795702273435
0 0.0100606475716064 0.9220170289855072 0.0319231175253149 0.1055923769956033 0.1013455696202531 0.5063953091684436 0.0001665995155429 0.0205139715237806 0.0533781598230932 0.1595199937714107
0 0.0088155666251556 0.0236460144927536 0.0008290917172502 0.0033452031963172 0.2837985232067511 0.9338151385927504 0.0002432898667743 0.0009783459557709 0.0022241902614577 0.0063273435066957
0 0.0088155666251556 0.0816054347826087 0.0026066867612128 0.010792600089759 0.3122738396624472 0.9124974413646056 0.0002957622123536 0.0037648227809754 0.0072745609851276 0.0200274992214263
0 0.0100606475716064 0.0200235507246376 0.0008013167946883 0.0025688120701759 0.3744976793248945 0.8911797441364607 0.0002271445296729 0.0012206482883974 0.0020507869748081 0.0081955465587044
0 0.0100606475716064 0.1468097826086956 0.0051758670981901 0.0170502753294735 0.2922356540084388 0.8624008528784649 0.0003240165522809 0.007247918812481 0.0138855612886441 0.0355958579881656
0 0.0088155666251556 0.0145898550724637 0.0005513424916311 0.0021815474317169 0.3259841772151899 0.7035840085287847 0.0002735623738393 0.0006754680399878 0.001075393487404 0.0041477732793522
0 0.0113057285180572 0.0327021739130434 0.0013707027072076 0.0036244805798213 0.3449677215189873 0.8037771855010661 0.0003260347194186 0.0020687064525901 0.0033079608030178 0.0103751167860479
0 0.012550809464508 0.3297442028985507 0.0140291236648007 0.0310606907352609 0.4525411392405064 0.730231130063966 0.0008386491723859 0.0292368554983338 0.0325264146034774 0.0645530052943008
0 0.0113057285180572 0.0254572463768115 0.0010929534815884 0.0028797408904771 0.2753613924050633 0.765405330490405 0.0003502527250706 0.0013115116631323 0.0024842951914321 0.0063273435066957
0 0.012550809464508 0.0381358695652173 0.0017317767005125 0.0038106655021573 0.3850440928270042 0.6737392324093816 0.0007135228098506 0.0029470524083611 0.0035897411438234 0.0075728122080348
0 0.0287368617683686 0.507244927536232 0.0468799133249065 0.0218854977625406 0.4388308016877638 0.8965091684434968 0.0015026261606782 0.0954459678885186 0.1319081732645362 0.1234014014325755
1 0.0001 0.1341311594202898 0.0005721736835525 0.1397256588074704 0.8026820675105485 0.9999 0.0010182660476382 0.0017355407452287 0.0015739279365217 0.0032136717533478
0 0.0113057285180572 0.2717847826086956 0.0105364271526398 0.0282008903281793 0.1488044303797468 0.7547464818763326 0.0001968720226079 0.0087017328082399 0.0251350995100377 0.0611279663656181
0 0.0075704856787048 0.0363246376811594 0.001072122289667 0.0056725147255178 0.2468860759493671 0.8474784648187633 0.0001706358498183 0.0011600727052408 0.0026793738889129 0.0094410152600436
0 0.0088155666251556 0.0109673913043478 0.0004402428013834 0.0017160851258768 0.2658696202531646 0.9423422174840084 0.0002109991925716 0.000402877915783 0.0010970688982352 0.0032136717533478
0 0.0113057285180572 0.0689268115942029 0.0027594488353034 0.0073481790265422 0.2458314345991561 0.5159882729211088 0.0002836532095276 0.0032499303241441 0.0045651346312275 0.0178479289940828
0 0.0100606475716064 0.0345134057971014 0.0013012654008028 0.0042239960297434 0.431448312236287 0.9999 0.0004208885748889 0.0024018721599515 0.0038498460737978 0.0097523824353783
0 0.0075704856787048 0.0508144927536231 0.0014609712055338 0.0078006083878188 0.2416128691983123 0.768602985074627 0.0001665995155429 0.0016143895789154 0.0033946624463426 0.013177421364061
0 0.0088155666251556 0.0127786231884057 0.0004957926465072 0.0019488162787969 0.1920447257383966 0.6502897654584223 0.0002009083568833 0.0003423023326264 0.0008803147899232 0.002902304578013
0 0.006325404732254 0.0508144927536231 0.0012596030169599 0.0090852843519375 0.3027820675105485 0.8655985074626866 0.0002029265240209 0.001674965162072 0.0032429345705242 0.0119319526627218
0 0.0113057285180572 0.9654865942028984 0.0371309155056741 0.0995097155828846 0.0844713080168776 0.487209381663113 0.0001565086798546 0.0211803029385034 0.0600108355374409 0.1704178449081283
0 0.0100606475716064 0.1794119565217391 0.0063007514619476 0.0207739737761944 0.4335575949367088 0.9018385927505332 0.0004874880904319 0.0125179945471069 0.0176570827732732 0.0443141388975397
1 0.0013450809464508 0.3170655797101449 0.0024955870709652 0.1639296987111563 0.502109282700422 0.5788754797441364 0.0061545014129995 0.0055215146925174 0.0045651346312275 0.0016568358766739
0 0.0075704856787048 0.0327021739130434 0.0009749100607003 0.0051400258476367 0.1593508438818565 0.3667643923240938 0.0003522708922083 0.0007057558315661 0.0011187443090664 0.0035250389286826
0 0.0137958904109589 0.0453807971014492 0.002217837845346 0.0041215943224585 0.2363396624472574 0.8186995735607677 0.0003441982236576 0.0024927355346864 0.0055622035294627 0.0119319526627218
0 0.0001 0.1631108695652174 0.0006832733738002 0.1695152463812377 0.3164924050632912 0.9999 0.0001060545014129 0.0008571947894577 0.0019207345098209 0.0094410152600436
0 0.0075704856787048 0.0200235507246376 0.0006346672593168 0.0032781766242762 0.1836075949367089 0.7718006396588486 0.0002816350423899 0.0004634534989397 0.0013788492390408 0.002902304578013
0 0.012550809464508 0.3478565217391304 0.0147929340352534 0.0327531116792956 0.2015364978902953 0.662014498933902 0.0002190718611223 0.0155164859133595 0.0313992932402549 0.1009829648084708
0 0.0100606475716064 0.4836989130434782 0.0167996721903518 0.055529113228664 0.0844713080168776 0.5031976545842217 0.0001484360113039 0.0095497909724325 0.0278662012747691 0.0801213640610401
0 0.0088155666251556 0.9455630434782608 0.0291039628852805 0.1218053600326261 0.0085371308016877 0.2591100213219616 0.0001403633427533 0.0074599333535292 0.0276277717556258 0.0648643724696356
0 0.0100606475716064 0.063493115942029 0.0023011626130318 0.0075343639488782 0.5442949367088606 0.9274198294243072 0.0005076697618086 0.0054609391093608 0.0064942461952044 0.0187820305200872
0 0.0075704856787048 0.1015289855072463 0.0028219424110677 0.0152480052812606 0.3818801687763713 0.7835253731343285 0.0004430884134033 0.0048854710693729 0.0068410527685036 0.0187820305200872
0 0.0001 0.0145898550724637 0.0001138874612809 0.0168436100656805 0.7657696202531645 0.9999 0.0013109002825999 0.0001 0.0001433508216624 0.0001
0 0.0150409713574097 0.6322199275362319 0.0316453682996958 0.0502135336959699 0.3470770042194093 0.5618213219616204 0.0008043403310456 0.052346440472584 0.058081723973464 0.1199763625038928
0 0.0100606475716064 0.0797942028985507 0.0028636047949106 0.0093962131722387 0.2184107594936709 0.7920524520255865 0.0001807266855066 0.0030682035746743 0.0070144560551532 0.0231411709747742
0 0.0113057285180572 0.061681884057971 0.0024816996096842 0.006603439337198 0.0412310126582278 0.1013590618336887 0.0004370339119903 0.0008571947894577 0.0011404197198976 0.0035250389286826
0 0.0025901618929016 0.0544369565217391 0.0006971608350811 0.01932545508042 0.1836075949367089 0.7590100213219617 0.0003219983851433 0.0005240290820963 0.001508901704028 0.002902304578013
0 0.006325404732254 0.0816054347826087 0.0019678635422888 0.014361765050941 0.1741158227848101 0.7909865671641791 0.0003018167137666 0.0017052529536504 0.0047602133287083 0.0091296480847088
0 0.0075704856787048 0.0725492753623188 0.0020442445793341 0.0109918179566586 0.2205200421940928 0.8773232409381663 0.0001645813484053 0.002159569827325 0.0054538264753067 0.017536561818748
0 0.0088155666251556 0.6177300724637681 0.019049440917867 0.0796810213540958 0.1171651898734177 0.5969955223880598 0.0001807266855066 0.0133660527112996 0.0368398213588865 0.0984920274057925
0 0.012550809464508 0.3315554347826087 0.014105504701846 0.0312301190145867 0.4251204641350211 0.7440876332622601 0.0008507581752119 0.0277527537109966 0.0333067293934006 0.0605052320149486
0 0.0088155666251556 0.0327021739130434 0.0011068409428694 0.0045088589609175 0.3481316455696203 0.705715778251599 0.0002876895438029 0.0016446773704937 0.0023325673156137 0.0091296480847088
0 0.0113057285180572 0.0490032608695652 0.0019956384648507 0.0053001448808457 0.3070006329113924 0.9732528784648188 0.0003280528865563 0.0027956134504695 0.0058656592810995 0.0138001557147306
0 0.0038352428393524 0.0544369565217391 0.000912416484936 0.0145162985364799 0.3871533755274261 0.940210447761194 0.0002170536939846 0.0014629506210239 0.0024842951914321 0.0100637496107131
0 0.0100606475716064 0.063493115942029 0.0023011626130318 0.0075343639488782 0.3882080168776372 0.8815867803837952 0.0003018167137666 0.0040071251136019 0.0061907904435676 0.0209616007474307
3 0.0088155666251556 0.0055336956521739 0.0002735932660119 0.0010178916671167 0.4071915611814346 0.5671507462686568 0.0013109002825999 0.0003120145410481 0.0003601049299744 0.0004113671753347
0 0.0088155666251556 0.0653043478260869 0.0021067381550984 0.0086980197134785 0.2236839662447257 0.6545533049040514 0.0002735623738393 0.0022504332020599 0.0042833542904218 0.0128660541887262
0 0.0075704856787048 0.0182123188405797 0.0005860611448335 0.0030119321853357 0.2605964135021096 0.764339445628998 0.0002291626968106 0.0005846046652529 0.0012487967740536 0.0041477732793522
0 0.0100606475716064 0.1142076086956521 0.0040509827344325 0.0133265768827526 0.463087552742616 0.982845842217484 0.0004168522406136 0.0084594304756134 0.0122382300654728 0.0340390221114917
0 0.0088155666251556 0.125075 0.0039398830441848 0.0163781477598404 0.3365305907172995 0.9050362473347549 0.0002412716996366 0.0061878461072402 0.0110027316480943 0.0377754282155091
0 0.0088155666251556 0.3315554347826087 0.0102725653883016 0.0429094991927269 0.1952086497890295 0.7622076759061835 0.0002291626968106 0.0104584247197818 0.024744942115076 0.0661098411709747
0 0.0113057285180572 0.1757894927536231 0.006856249913186 0.0183330894443689 0.4177379746835443 0.8730597014925373 0.0004511610819539 0.0131843259618297 0.0186541516715084 0.049607380878231
0 0.0113057285180572 0.4547192028985507 0.0175495950995235 0.0470055674841199 0.3428584388185654 0.760075906183369 0.0004794154218813 0.0286613874583459 0.0422803494775181 0.1025398006851448
1 0.0001 0.0272684782608695 0.0001624935757643 0.0298765546292037 0.9999 0.9999 0.0031272507064997 0.0003725901242047 0.0002950786974808 0.0001
1 0.0113057285180572 0.0019112318840579 0.0001902684983262 0.0004593369001085 0.5253113924050634 0.5735460554371002 0.0021181671376665 0.0002211511663132 0.000208377054156 0.0001
0 0.0050803237858032 0.0345134057971014 0.0007457669495645 0.0075343639488782 0.4409400843881856 0.7121110874200426 0.0003724525635849 0.0013115116631323 0.0015305771148592 0.0060159763313609
0 0.0050803237858032 0.0924728260869565 0.0018567638520411 0.0194501989783851 0.1646240506329114 0.5117247334754798 0.0001706358498183 0.0015235262041805 0.003004505051381 0.0122433198380566
0 0.0088155666251556 0.0200235507246376 0.0007179920270026 0.0028797408904771 0.4504318565400844 0.9999 0.0003401618893823 0.001281223871554 0.0020291115639769 0.0063273435066957
0 0.0150409713574097 0.0653043478260869 0.003391328323587 0.0053857899451203 0.284853164556962 0.991372921108742 0.0006085781186919 0.0045825931535898 0.0102874430906647 0.0134887885393958
0 0.0299819427148194 0.3333666666666666 0.0321661480977317 0.0138646513083038 0.4504318565400844 0.9466057569296376 0.0013593362939039 0.0669451560133293 0.0952117027273121 0.0950669884771099
0 0.0088155666251556 0.061681884057971 0.0019956384648507 0.0082325574076384 0.3860987341772152 0.9242221748400852 0.0003805252321356 0.003431657073614 0.0055838789402939 0.0150456244160697
0 0.0113057285180572 0.0381358695652173 0.001579014626422 0.0041830353468294 0.3428584388185654 0.5884684434968017 0.0003906160678239 0.0024018721599515 0.0028744525863937 0.0103751167860479
0 0.0075704856787048 0.1703557971014492 0.0046689747614351 0.0253541228656611 0.2574324894514768 0.9807140724946696 0.0002291626968106 0.0058546803998788 0.0141023153969561 0.0371526938648396
0 0.0075704856787048 0.0109673913043478 0.0003916366869001 0.0019488162787969 0.3544594936708861 0.934881023454158 0.0002816350423899 0.0004634534989397 0.0009453410224168 0.002902304578013
0 0.0162860523038605 0.0779829710144927 0.0043287319600516 0.0059387591644583 0.3650059071729958 0.7504829424307037 0.0004027250706499 0.0073084943956376 0.0101790660365086 0.0303026160074743
0 0.0100606475716064 0.248238768115942 0.0086755073409914 0.0286347011972223 0.1087280590717299 0.6982545842217485 0.0001686176826806 0.0057335292335655 0.0192393877639509 0.0446255060728744
0 0.0100606475716064 0.6358423913043478 0.0220491325545539 0.0729057520302871 0.1614601265822784 0.6716074626865671 0.0001686176826806 0.0196053377764313 0.0474824480770064 0.1511130800373715
0 0.012550809464508 0.0200235507246376 0.0009679663300598 0.0021182445581227 0.4725793248945148 0.8059089552238807 0.0007316863140896 0.0018869797031202 0.0022892164939513 0.0047705076300218
0 0.0075704856787048 0.2844634057971014 0.0077311599738863 0.0421107658759052 0.1677879746835443 0.5223835820895523 0.0002210900282599 0.0069450408966979 0.0131702727312144 0.045248240423544
0 0.0088155666251556 0.1468097826086956 0.0046064811856708 0.0191709215948811 0.4029729957805907 0.7334287846481876 0.0004854699232943 0.00852000605877 0.0106125742531327 0.0303026160074743
0 0.0088155666251556 0.061681884057971 0.0019956384648507 0.0082325574076384 0.4124647679324895 0.995636460554371 0.0003300710536939 0.0036436716146622 0.0059957117460868 0.0178479289940828
0 0.0075704856787048 0.1178300724637681 0.0032593974414179 0.0176423433825021 0.1256023206751055 0.8965091684434968 0.0001988901897456 0.0022807209936382 0.0089869184407926 0.0162910931174089
0 0.0113057285180572 0.7771184782608695 0.029909435639576 0.0801464836599359 0.3154377637130801 0.7568782515991471 0.0004430884134033 0.0455619751590427 0.0718672852621081 0.1738428838368109
0 0.0100606475716064 0.1504322463768116 0.0053008542497187 0.0174636058570595 0.179389029535865 0.9327492537313432 0.0002634715381509 0.0049763344441078 0.0152944629926722 0.0287457801308003
0 0.0113057285180572 0.2283152173913043 0.0088699317989248 0.0237324521921142 0.3544594936708861 0.7845912579957356 0.0003724525635849 0.0148198667070584 0.0219271387070199 0.0651757396449704
0 0.0113057285180572 0.0435695652173913 0.0017873265456363 0.0047415901138376 0.3502409282700422 0.8250948827292112 0.0003946524020993 0.0027956134504695 0.0044784329879027 0.0119319526627218
0 0.0088155666251556 0.3061981884057971 0.0094948675565679 0.0396512630518461 0.2373943037974684 0.8826526652452027 0.0002210900282599 0.0113064828839745 0.0261755192299353 0.0732712862036748
0 0.0088155666251556 0.1504322463768116 0.0047175808759184 0.0196363839007212 0.2289571729957806 0.9636599147121536 0.0002594352038756 0.0053700757346258 0.0140156137536313 0.0312367175334786
0 0.0113057285180572 0.0145898550724637 0.0006763296431597 0.0017626313564608 0.179389029535865 0.9999 0.0001504541784416 0.000493741290518 0.0018990590989897 0.0047705076300218
0 0.026246699875467 0.1268862318840579 0.0108975011459447 0.0060951544992206 0.4715246835443038 0.8250948827292112 0.0021161489705288 0.0235124628900333 0.0282563586697307 0.021895702273435
0 0.0088155666251556 0.0707380434782608 0.0022733876904699 0.0093962131722387 0.4525411392405064 0.987109381663113 0.0004249249091643 0.0045523053620115 0.0067977019468412 0.0181592961694176
0 0.012550809464508 0.0381358695652173 0.0017317767005125 0.0038106655021573 0.2416128691983123 0.6470921108742005 0.0002897077109406 0.0019475552862768 0.0034596886788362 0.0106864839613827
0 0.0088155666251556 0.0653043478260869 0.0021067381550984 0.0086980197134785 0.35867805907173 0.7366264392324094 0.0002876895438029 0.0034013692820357 0.0047818887395395 0.0184706633447524
3 0.3860750933997509 0.8368891304347826 0.9999 0.0028592605490201 0.0380670886075949 0.1045567164179104 0.0006913229713362 0.3824530808845804 0.5004768590382864 0.9999
0 0.0287368617683686 0.1776007246376811 0.0165496978872945 0.0077670951017983 0.9070915611814346 0.95726460554371 0.00394864473153 0.065551917600727 0.0494115596409834 0.0334162877608221
0 0.0050803237858032 0.0290797101449275 0.0006416109899573 0.006417254414862 0.3797708860759494 0.9370127931769724 0.0002513625353249 0.0009480581641926 0.0016823049906777 0.0060159763313609
0 0.0075704856787048 0.373213768115942 0.0101128595835706 0.0551437104394284 0.2078643459915612 0.75581236673774 0.0001585268469923 0.0108218782187216 0.0241597060226336 0.0866600747430707
3 0.104686799501868 0.123263768115942 0.0407763740919256 0.0015987886248051 0.1192744725738396 0.4040703624733475 0.0001887993540573 0.0292368554983338 0.056044235355331 0.2096501090003114
0 0.0050803237858032 0.0037224637681159 0.0001555498451238 0.0012040765894527 0.4377761603375528 0.9999 0.0013109002825999 0.0001 0.0002734032866496 0.0001
0 0.0100606475716064 0.1449985507246377 0.0051133735224257 0.0168436100656805 0.3006727848101266 0.9124974413646056 0.0002957622123536 0.0073387821872159 0.0144491219702553 0.0387095297415135
1 0.0050803237858032 0.0109673913043478 0.0002944244579334 0.0026935559681411 0.1561869198312236 0.2687029850746268 0.0013109002825999 0.0001 0.0001867016433248 0.0001
0 0.0075704856787048 0.0109673913043478 0.0003916366869001 0.0019488162787969 0.2468860759493671 0.6087202558635394 0.0002130173597093 0.0003120145410481 0.0006202098599488 0.0025909374026782
0 0.0100606475716064 0.0417583333333333 0.00155123970386 0.0050525189341388 0.320710970464135 0.9007727078891258 0.0003421800565199 0.0022201454104816 0.004196652647097 0.0106864839613827
0 0.0723146948941469 0.1504322463768116 0.0344645229397302 0.0027382403495017 0.6402672995780591 0.6907933901918977 0.029839710940654 0.0987473371705543 0.0761806920175172 0.0066387106820305
0 0.006325404732254 0.0471920289855072 0.0011762782492742 0.0084652885605585 0.107673417721519 0.4467057569296375 0.0004592337505046 0.0006451802484095 0.0016389541690153 0.0025909374026782
0 0.0088155666251556 0.6249750000000001 0.0192716402983623 0.080611945965776 0.1203291139240506 0.6374991471215352 0.0001706358498183 0.0137900817933959 0.0395709231236179 0.1053421052631578
2 0.0100606475716064 0.0001 0.0001138874612809 0.0002936323192294 0.9999 0.9999 0.0017145337101332 0.0001605755831566 0.0001433508216624 0.0001
0 0.0025901618929016 0.0055336956521739 0.0001347186532023 0.0025688120701759 0.7362396624472574 0.7334287846481876 0.0017145337101332 0.0001605755831566 0.0001433508216624 0.0001
1 0.0001 0.2047692028985507 0.0008429791785312 0.2123377785185281 0.9355668776371308 0.9999 0.0042170609608397 0.0031287791578309 0.0024192689589385 0.0013454687013391
0 0.0050803237858032 0.0109673913043478 0.0002944244579334 0.0026935559681411 0.3976997890295359 0.8783891257995737 0.0004027250706499 0.0003423023326264 0.0006202098599488 0.0016568358766739
0 0.0075704856787048 0.0725492753623188 0.0020442445793341 0.0109918179566586 0.390317299578059 0.9999 0.0002473262010496 0.0035528082399272 0.0061691150327364 0.0215843350981002
0 0.0088155666251556 0.1359423913043478 0.0042731821149278 0.0177745346773607 0.1899354430379747 0.4776164179104478 0.0002775987081146 0.0041585640714934 0.006667649481854 0.0231411709747742
0 0.0162860523038605 0.4583416666666666 0.0247433000430597 0.0338664975148651 0.3428584388185654 0.5405036247334754 0.0008507581752119 0.040503913965465 0.043775952824871 0.0882169106197446
0 0.0137958904109589 0.3170655797101449 0.0147165529982081 0.0273947096144642 0.2637603375527426 0.5724801705756929 0.0004249249091643 0.019181308694335 0.0273676668256514 0.0757622236063531
1 0.0001 0.0218347826086956 0.0001416623838428 0.0242910069591223 0.675070464135021 0.9999 0.0005036334275333 0.0001605755831566 0.0002300524649872 0.0007227343506695
0 0.0100606475716064 0.1468097826086956 0.0051758670981901 0.0170502753294735 0.3555141350210971 0.9146292110874202 0.0003684162293096 0.0085805816419266 0.0146658760785674 0.0380867953908439
0 0.0100606475716064 0.059870652173913 0.0021761754615032 0.0071210334212922 0.3280934599156118 0.8538737739872068 0.0002533807024626 0.0032499303241441 0.0056705805836187 0.0194047648707567
0 0.0075704856787048 0.1160188405797101 0.0032107913269345 0.0173760989435616 0.2785253164556962 0.8378855010660983 0.0002049446911586 0.0042494274462284 0.0083149807050253 0.0293685144814699
0 0.0461679950186799 0.2283152173913043 0.033561837956468 0.0063092671599071 0.4346122362869199 0.8613349680170577 0.0005863782801776 0.0676720630112087 0.0909633222043966 0.20435686701962
0 0.0088155666251556 0.0453807971014492 0.0014956898587362 0.0061379770313579 0.3766069620253164 0.9284857142857144 0.0003381437222446 0.0024624477431081 0.0041533018254346 0.0119319526627218
0 0.0075704856787048 0.3840811594202898 0.0104044962704707 0.0567411770730717 0.1551322784810126 0.7153087420042645 0.0001504541784416 0.0088531717661314 0.0236394961626848 0.0735826533790096
0 0.0075704856787048 0.0345134057971014 0.0010235161751836 0.0054062702865772 0.4050822784810127 0.7185063965884861 0.0003724525635849 0.0017355407452287 0.0021808394397953 0.0078841793833696
0 0.0075704856787048 0.0435695652173913 0.0012665467476004 0.0067356306320566 0.3365305907172995 0.9999 0.0002271445296729 0.0018566919115419 0.0037414690196418 0.0122433198380566
1 0.0038352428393524 0.3496677536231884 0.0054397288625283 0.0903866543884184 0.2226293248945147 0.2250017057569296 0.0067599515542995 0.0060666949409269 0.0045434592203963 0.0016568358766739
0 0.006325404732254 0.1812231884057971 0.0042592946536468 0.0314274750322629 0.3787162447257384 0.8677302771855012 0.0002876895438029 0.0074296455619509 0.0114579152755495 0.0399549984428527
0 0.0100606475716064 0.0236460144927536 0.0009263039462169 0.0029840044469853 0.0791981012658228 0.9327492537313432 0.0002574170367379 0.0003725901242047 0.0025059706022633 0.0025909374026782
0 0.0137958904109589 0.9039047101449276 0.0417137777283902 0.0776646386451965 0.2236839662447257 0.5682166311300639 0.0003926342349616 0.0478638473189942 0.0772861379699085 0.2009318280909374
0 0.0001 0.2572949275362318 0.0010443473671051 0.2663314059959812 0.0855259493670886 0.9999 0.0001121090028259 0.0004634534989397 0.0030478558730434 0.0053932419806913
0 0.0100606475716064 0.1486210144927536 0.0052383606739544 0.0172569405932665 0.2532139240506329 0.9029044776119404 0.0003865797335486 0.0064907240230233 0.0146658760785674 0.027811678604796
0 0.0075704856787048 0.0145898550724637 0.0004888489158668 0.002481305156678 0.3302027426160338 0.8474784648187633 0.0002553988696003 0.0005846046652529 0.0011187443090664 0.0038364061040174
0 0.0075704856787048 0.0109673913043478 0.0003916366869001 0.0019488162787969 0.569606329113924 0.9561987206823028 0.0003865797335486 0.0007663314147228 0.000967016433248 0.0035250389286826
0 0.0100606475716064 0.0979065217391304 0.0034885405525537 0.0114647276593922 0.2099736286919831 0.7952501066098082 0.0001867811869196 0.0036436716146622 0.0086184364566621 0.0268775770787916
0 0.0113057285180572 0.0653043478260869 0.0026205742224938 0.0069758091818701 0.569606329113924 0.7035840085287847 0.0015349168348809 0.0065210118146016 0.0057356068161123 0.0081955465587044
0 0.006325404732254 0.0852278985507246 0.0020511883099745 0.0149817608423201 0.2785253164556962 0.9625940298507464 0.0002150355268469 0.002644174492578 0.0059740363352556 0.0178479289940828
0 0.0113057285180572 0.0544369565217391 0.0022039503840651 0.0058586996478538 0.2416128691983123 0.5799413646055438 0.0002977803794913 0.0025230233262647 0.0040232493604474 0.0134887885393958
0 0.0075704856787048 0.2844634057971014 0.0077311599738863 0.0421107658759052 0.1973179324894514 0.948737526652452 0.0001665995155429 0.0078839624356255 0.0227724797294367 0.0614393335409529
0 0.012550809464508 0.0218347826086956 0.0010443473671051 0.0022876728374485 0.3143831223628692 0.768602985074627 0.0003179620508679 0.0014023750378673 0.0023759181372761 0.0072614450327
0 0.0075704856787048 0.0363246376811594 0.001072122289667 0.0056725147255178 0.2542685654008438 0.7973818763326226 0.0001686176826806 0.0011903604968191 0.0025276460130945 0.0097523824353783
0 0.0100606475716064 0.058059420289855 0.0021136818857388 0.0069143681574992 0.3428584388185654 0.8314901918976547 0.0003502527250706 0.0032802181157225 0.0053671248319819 0.0153569915914045
0 0.0100606475716064 0.2717847826086956 0.0094879238259275 0.0313250733249781 0.1393126582278481 0.4669575692963753 0.0001807266855066 0.0074599333535292 0.0146658760785674 0.0552119900342572
0 0.0075704856787048 0.0091561594202898 0.0003430305724167 0.0016825718398563 0.2468860759493671 0.8474784648187633 0.0002432898667743 0.0002514389578915 0.0007285869141048 0.0019682030520087
0 0.0088155666251556 0.0852278985507246 0.0027177864514605 0.0112580623955991 0.2637603375527426 0.9082339019189768 0.0002533807024626 0.0034013692820357 0.0075563413259333 0.0203388663967611
0 0.0100606475716064 0.2898971014492754 0.0101128595835706 0.0333935878121316 0.4008637130801688 0.9252880597014926 0.0004773972547436 0.0188481429869736 0.02914505051381 0.0676666770476487
1 0.0038352428393524 0.2065804347826086 0.0032455099801369 0.0536151322270495 0.394535864978903 0.453101066098081 0.0034945571255551 0.0058243926083005 0.0048035641503707 0.0032136717533478
0 0.006325404732254 0.0725492753623188 0.0017595516230744 0.0128089827986584 0.1814983122362869 0.8400172707889126 0.0001403633427533 0.0015538139957588 0.0044784329879027 0.0141115228900654
0 0.006325404732254 0.0327021739130434 0.0008429791785312 0.005983443545819 0.2964542194092827 0.9252880597014926 0.0001544905127169 0.0010389215389275 0.0022458656722889 0.0091296480847088
0 0.0001 0.1594884057971014 0.0006693859125192 0.1657915479345168 0.1234930379746835 0.9999 0.0001141271699636 0.0003423023326264 0.0018773836881585 0.0041477732793522
0 0.0075704856787048 0.0544369565217391 0.0015581834345005 0.0083330972656999 0.2563778481012658 0.8474784648187633 0.0002291626968106 0.0018264041199636 0.003979898538785 0.0119319526627218
0 0.0137958904109589 0.0164010869565217 0.0008846415623741 0.0016378874584957 0.6571415611814346 0.768602985074627 0.0022332026645135 0.0023412965767949 0.0019857607423145 0.0019682030520087
0 0.012550809464508 0.432984420289855 0.018382842776381 0.0407087934107148 0.2300118143459916 0.6097861407249469 0.0003119075494549 0.0215134686458648 0.0362329098556128 0.1081444098411709
0 0.0150409713574097 0.2735960144927536 0.013772205631103 0.0218557081749668 0.2743067510548523 0.6950569296375266 0.0004632700847799 0.0185755528627688 0.0305106013961756 0.0682894113983182
0 0.0001 0.1069626811594203 0.0004680177239453 0.1117979204570636 0.1561869198312236 0.9999 0.0001181635042389 0.0002514389578915 0.0012487967740536 0.0032136717533478
1 0.0025901618929016 0.994466304347826 0.0115085494423068 0.3414197851741083 0.2922356540084388 0.3337219616204691 0.0053775070649979 0.0163342562859739 0.0133653514286953 0.0060159763313609
0 0.0100606475716064 0.4529079710144927 0.0157372814023585 0.0520120800457361 0.142476582278481 0.6502897654584223 0.0001665995155429 0.0126997212965767 0.0328298703551142 0.0984920274057925
0 0.0150409713574097 0.1902793478260869 0.0096198547080966 0.0152684856227176 0.2679789029535865 0.6673439232409382 0.0003764888978603 0.0126694335049984 0.0204965615921606 0.0552119900342572
0 0.012550809464508 0.0653043478260869 0.0028774922561915 0.006350227842821 0.3365305907172995 0.8922456289978679 0.0003038348809043 0.0044614419872765 0.0078814724884013 0.0231411709747742
0 0.0001 0.4492855072463768 0.0017803828149959 0.4636874236721893 0.1277116033755274 0.9999 0.0001040363342753 0.0011903604968191 0.0053454494211507 0.0128660541887262
0 0.0088155666251556 0.0345134057971014 0.0011623907879932 0.0047415901138376 0.3607873417721519 0.940210447761194 0.0003522708922083 0.0017961163283853 0.003221259159693 0.0085069137340392
0 0.0075704856787048 0.0145898550724637 0.0004888489158668 0.002481305156678 0.3470770042194093 0.948737526652452 0.0002715442067016 0.0006148924568312 0.0012487967740536 0.0038364061040174
0 0.0100606475716064 0.9220170289855072 0.0319231175253149 0.1055923769956033 0.1150559071729958 0.5682166311300639 0.0001625631812676 0.0223009512269009 0.059165494515024 0.1760224540641544
0 0.0100606475716064 0.1359423913043478 0.0048009056436042 0.0158084218974921 0.2690335443037974 0.8741255863539448 0.0002695260395639 0.0062484216903968 0.013018544855396 0.0352844908128309
0 0.0137958904109589 0.183034420289855 0.0085505201894628 0.0159126854540003 0.2163014767932489 0.7909865671641791 0.0002553988696003 0.0094286398061193 0.0212768763820838 0.0552119900342572
0 0.0100606475716064 0.2790297101449275 0.0097378981289847 0.0321517343801502 0.3418037974683545 0.7035840085287847 0.0004087795720629 0.015758788245986 0.0217754108312014 0.064241638118966
0 0.0100606475716064 0.1377536231884057 0.0048633992193685 0.0160169490105085 0.2099736286919831 0.5309106609808103 0.0002755805409769 0.0051580611935777 0.0083583315266877 0.0287457801308003
0 0.0187762141967621 0.438418115942029 0.0270486186156987 0.028364733059835 0.3607873417721519 0.6897275053304904 0.0010081752119499 0.0462283065737655 0.0596857043749729 0.0863487075677359
0 0.0001 0.1776007246376811 0.000738823218924 0.1844100401681213 0.1477497890295359 0.9999 0.0001121090028259 0.0004634534989397 0.0020941377964705 0.0053932419806913
1 0.0001 0.1902793478260869 0.0007874293334074 0.1974429847316445 0.8501409282700422 0.9999 0.0029597428340734 0.002644174492578 0.0022458656722889 0.0016568358766739
0 0.0113057285180572 0.1413760869565217 0.005536941091495 0.014795575919984 0.1171651898734177 0.3816867803837953 0.0001504541784416 0.0037951105725537 0.0071445085201404 0.0318594518841482
0 0.006325404732254 0.0164010869565217 0.0004680177239453 0.0031906697107783 0.2268478902953586 0.5202518123667379 0.0002574170367379 0.0003725901242047 0.0006635606816112 0.0025909374026782
0 0.0274917808219178 0.2228815217391304 0.0198549136721625 0.0101241962185726 0.9376761603375526 0.9999 0.0033714489301574 0.0811804180551348 0.0617665438147682 0.0483619121768919
0 0.0088155666251556 0.2319376811594203 0.0072173239064909 0.0301092857821237 0.1899354430379747 0.8112383795309168 0.0001928356883326 0.0071267676461678 0.0183506959198716 0.0508528495795702
0 0.0038352428393524 0.1721670289855072 0.0027177864514605 0.0447713484160873 0.3850440928270042 0.7366264392324094 0.0003401618893823 0.0047340321114813 0.0062124658543988 0.0225184366241046
0 0.0088155666251556 0.0689268115942029 0.002217837845346 0.0091634820193186 0.3344213080168776 0.9892411513859276 0.0003119075494549 0.0033710814904574 0.0066459740710228 0.0172251946434132
0 0.0088155666251556 0.0834166666666666 0.0026622366063367 0.0110253312426791 0.286962447257384 0.8890479744136461 0.0003381437222446 0.0035830960315056 0.0072528855742964 0.0172251946434132
0 0.0088155666251556 0.0544369565217391 0.0017734390843554 0.0073016327959582 0.3365305907172995 0.7675371002132196 0.0003018167137666 0.0026744622841563 0.0041533018254346 0.0141115228900654
0 0.0075704856787048 0.0182123188405797 0.0005860611448335 0.0030119321853357 0.1920447257383966 0.5149223880597016 0.0004168522406136 0.0004331657073614 0.000858639379092 0.0019682030520087
0 0.0075704856787048 0.0272684782608695 0.0008290917172502 0.0043431543800384 0.4156286919831224 0.9423422174840084 0.0003018167137666 0.0014023750378673 0.0022458656722889 0.0075728122080348
0 0.0050803237858032 0.1721670289855072 0.0033843845929465 0.0358344721439571 0.3059459915611814 0.7206381663113006 0.0003280528865563 0.0048551832777946 0.0076213675584269 0.0237639053254437
0 0.0075704856787048 0.4021934782608696 0.0108905574153042 0.0593998977640304 0.0728702531645569 0.495736460554371 0.0001665995155429 0.0056123780672523 0.0177871352382604 0.0440027717222049
0 0.0075704856787048 0.1522434782608695 0.0041829136166016 0.0226954021747024 0.1477497890295359 0.8602690831556503 0.0001605450141299 0.0033407936988791 0.0111544595239127 0.0271889442541264
0 0.0100606475716064 0.3840811594202898 0.0133625255233147 0.0441513526247083 0.1593508438818565 0.7696688699360341 0.0001827448526443 0.0117002241744925 0.0325264146034774 0.0857259732170663
0 0.0075704856787048 0.1993355072463768 0.0054466725931687 0.0296103101902631 0.213137552742616 0.8751914712153518 0.0002009083568833 0.0058546803998788 0.0148176039543858 0.0405777327935222
0 0.0075704856787048 0.0218347826086956 0.0006832733738002 0.0035444210632168 0.2584871308016878 0.8240289978678038 0.0002392535324989 0.0007057558315661 0.0015956033473529 0.0047705076300218
0 0.0088155666251556 0.0145898550724637 0.0005513424916311 0.0021815474317169 0.2816892405063291 0.6449603411513859 0.0003623617278966 0.0005846046652529 0.0009886918440792 0.002902304578013
0 0.0050803237858032 0.0290797101449275 0.0006416109899573 0.006417254414862 0.4419947257383966 0.9242221748400852 0.0003724525635849 0.0010994971220842 0.0016606295798465 0.0050818748053565
0 0.006325404732254 0.0290797101449275 0.0007596544108454 0.0053615859052166 0.2036457805907173 0.7909865671641791 0.0001787085183689 0.0006451802484095 0.0017256558123401 0.0053932419806913
0 0.0162860523038605 0.1757894927536231 0.0095781923242537 0.0131199116189596 0.2700881856540084 0.7526147121535182 0.0003885979006863 0.0126694335049984 0.0227941551402679 0.0539665213329181
0 0.0088155666251556 0.1667333333333333 0.0052175294820329 0.0217309642770017 0.2205200421940928 0.9327492537313432 0.0002109991925716 0.0057638170251438 0.015056033473529 0.0387095297415135
0 0.0075704856787048 0.0816054347826087 0.0022872751517508 0.012321178302138 0.318601687763713 0.9935046908315563 0.0001928356883326 0.0033407936988791 0.006884403590166 0.0240752725007785
1 0.0337171855541718 0.5959952898550724 0.064211465003542 0.0220307220019627 0.0053732067510548 0.004363539445629 0.0061545014129995 0.0158496516207209 0.0132569743745393 0.0050818748053565
0 0.006325404732254 0.0707380434782608 0.0017178892392315 0.0124999158275806 0.2753613924050633 0.995636460554371 0.0001544905127169 0.002159569827325 0.0051286953128387 0.0181592961694176
2 0.0100606475716064 0.0001 0.0001138874612809 0.0002936323192294 0.9999 0.9999 0.0017145337101332 0.0001605755831566 0.0001433508216624 0.0001
0 0.0100606475716064 0.0834166666666666 0.0029885919464392 0.0098095436998247 0.2342303797468355 0.730231130063966 0.0003865797335486 0.0034013692820357 0.0067977019468412 0.0147342572407349
0 0.0088155666251556 0.0399471014492753 0.0013290403233647 0.0054397835725977 0.3175470464135021 0.8144360341151387 0.0002836532095276 0.0018566919115419 0.0032429345705242 0.0103751167860479
0 0.0100606475716064 0.0200235507246376 0.0008013167946883 0.0025688120701759 0.3354759493670886 0.9999 0.0003018167137666 0.0010994971220842 0.0022892164939513 0.0060159763313609
0 0.0113057285180572 0.1486210144927536 0.0058146903171141 0.0155403156093282 0.1646240506329114 0.6449603411513859 0.0001887993540573 0.0051277734019993 0.0119564497246672 0.0371526938648396
0 0.0113057285180572 0.2265039855072463 0.0088004944925201 0.0235462672697781 0.4261751054852321 0.8751914712153518 0.0004733609204683 0.0173034656164798 0.0240730043793088 0.0626848022422921
0 0.0050803237858032 0.0109673913043478 0.0002944244579334 0.0026935559681411 0.6381580168776372 0.8783891257995737 0.0006711412999596 0.0005846046652529 0.0006202098599488 0.0016568358766739
0 0.0274917808219178 0.0834166666666666 0.0075575667078743 0.0038907250187618 0.2774706751054852 0.730231130063966 0.0003421800565199 0.0102161223871554 0.0174620040757923 0.0480505450015571
0 0.0113057285180572 0.1142076086956521 0.0044953814954231 0.0120028020849433 0.4483225738396624 0.9082339019189768 0.0004632700847799 0.0091257618903362 0.0126283874604344 0.0337276549361569
0 0.0137958904109589 0.2192590579710145 0.0102170155431778 0.0190163881093422 0.2194654008438818 0.8730597014925373 0.0003623617278966 0.0114276340502877 0.0279095520964315 0.0514755839302398
0 0.0137958904109589 0.2102028985507246 0.009800391704749 0.0182399969832008 0.1888808016877637 0.692925159914712 0.0002372353653613 0.0097012299303241 0.021623682955383 0.059882497664279
0 0.0075704856787048 0.0526257246376811 0.0015095773200172 0.0080668528267593 0.286962447257384 0.944473987206823 0.0002109991925716 0.0019475552862768 0.0042616788795906 0.0134887885393958
0 0.0113057285180572 0.0743605072463768 0.0029677607545178 0.0079067337935503 0.2795799578059072 0.8400172707889126 0.0003462163907953 0.003916261738867 0.0076863937909205 0.0184706633447524
0 0.0113057285180572 0.1051514492753623 0.0041481949633992 0.0110718774732631 0.2289571729957806 0.6694756929637525 0.0002634715381509 0.004703744319903 0.0087701643324805 0.0271889442541264
0 0.0113057285180572 0.0816054347826087 0.0032455099801369 0.0086514734828945 0.2795799578059072 0.662014498933902 0.0002715442067016 0.004310003029385 0.0067543511251788 0.0243866396761133
0 0.006325404732254 0.0345134057971014 0.0008846415623741 0.0062925105168968 0.2173561181434599 0.9732528784648188 0.0001585268469923 0.0008269069978794 0.0024842951914321 0.0072614450327
0 0.0088155666251556 0.0363246376811594 0.0012179406331171 0.0049743212667576 0.4040276371308017 0.9999 0.0002957622123536 0.0020989942441684 0.0035897411438234 0.0113092183120523
0 0.0088155666251556 0.4909438405797101 0.0151609517591988 0.0633898406496919 0.142476582278481 0.5394377398720683 0.0001827448526443 0.0122151166313238 0.0267390799115466 0.0894623793210837
0 0.0088155666251556 0.0707380434782608 0.0022733876904699 0.0093962131722387 0.357623417721519 0.990307036247335 0.0003179620508679 0.0036739594062405 0.0068193773576724 0.0184706633447524
0 0.0175311332503113 0.119641304347826 0.0070298431791979 0.0084038475361876 0.2542685654008438 0.5810072494669509 0.0006227052886556 0.0087925961829748 0.0131702727312144 0.0253207412021177
0 0.0075704856787048 0.059870652173913 0.0017040017779506 0.0091299687332981 0.2426675105485232 0.7675371002132196 0.0001988901897456 0.0019172674946985 0.003979898538785 0.0138001557147306
0 0.006325404732254 0.0363246376811594 0.0009263039462169 0.006603439337198 0.3133284810126582 0.9999 0.0001665995155429 0.0012206482883974 0.0026793738889129 0.0100637496107131
0 0.0025901618929016 0.0055336956521739 0.0001347186532023 0.0025688120701759 0.8237748945147679 0.9114315565031984 0.0019163504238998 0.0001908633747349 0.0001867016433248 0.0001
0 0.006325404732254 0.1776007246376811 0.0041759698859611 0.0308074792408839 0.2627056962025316 0.789920682302772 0.0001928356883326 0.0053095001514692 0.0102874430906647 0.0380867953908439
0 0.0113057285180572 0.0653043478260869 0.0026205742224938 0.0069758091818701 0.2901263713080169 0.9508692963752664 0.0002675078724263 0.0035528082399272 0.0075996921475957 0.0203388663967611
0 0.012550809464508 0.0562481884057971 0.0024955870709652 0.005503086446192 0.215246835443038 0.5031976545842217 0.0003018167137666 0.0026138867009996 0.0040232493604474 0.0138001557147306
0 0.0113057285180572 0.4909438405797101 0.0189383412276193 0.0507292659308408 0.1899354430379747 0.6268402985074628 0.0002977803794913 0.0189995819448651 0.0382487230629146 0.0991147617564621
0 0.0088155666251556 0.0200235507246376 0.0007179920270026 0.0028797408904771 0.3512955696202532 0.8890479744136461 0.0002372353653613 0.0010086337473492 0.0018123574556649 0.0066387106820305
0 0.0113057285180572 0.0490032608695652 0.0019956384648507 0.0053001448808457 0.2542685654008438 0.7867230277185502 0.0003018167137666 0.0023715843683732 0.0048035641503707 0.0125546870133914
0 0.0150409713574097 0.6394648550724638 0.0320064422930007 0.0507869832567649 0.3460223628691983 0.5714142857142858 0.0007841586596689 0.0528613329294153 0.0595556519099856 0.1237127686079103
1 0.0001 0.0254572463768115 0.0001555498451238 0.0280147054058432 0.859632700421941 0.9999 0.0012099919257165 0.0002817267494698 0.0002734032866496 0.0004113671753347
0 0.0150409713574097 0.1377536231884057 0.007002068256636 0.0111147000054004 0.2595417721518987 0.680134541577825 0.0003825433992733 0.008913747349288 0.0151427351168538 0.0383981625661787
0 0.0113057285180572 0.0870391304347826 0.0034538218993513 0.0092100282499027 0.5263660337552744 0.9391445628997868 0.0005177605974969 0.0080656891850954 0.0099623119281966 0.0271889442541264
1 0.0013450809464508 0.0345134057971014 0.0003291431111358 0.018705459289041 0.7626056962025316 0.8400172707889126 0.0061545014129995 0.0008269069978794 0.0006852360924424 0.0001
0 0.012550809464508 0.1522434782608695 0.0065437820343644 0.0144734760043427 0.2089189873417721 0.6417626865671644 0.0002473262010496 0.0069753286882762 0.0134087022503577 0.0418232014948614
0 0.0050803237858032 0.0689268115942029 0.00140542136041 0.014609390997648 0.2911810126582279 0.7270334754797442 0.0003139257165926 0.0018264041199636 0.0030912066947058 0.0094410152600436
0 0.0075704856787048 0.9419405797101448 0.0253751795313433 0.1386625429009316 0.0412310126582278 0.3454466950959489 0.0001565086798546 0.0099738200545289 0.0304889259853444 0.0807440984117097
0 0.0113057285180572 0.0363246376811594 0.0015095773200172 0.0039968504244934 0.2616510548523207 0.7973818763326226 0.0002836532095276 0.0017961163283853 0.0036330919654858 0.0100637496107131
0 0.0113057285180572 0.0453807971014492 0.0018567638520411 0.0049277750361736 0.2331757383966245 0.8027113006396588 0.0002755805409769 0.0020384186610118 0.0045434592203963 0.0116205854873871
0 0.0088155666251556 0.0200235507246376 0.0007179920270026 0.0028797408904771 0.3734430379746836 0.8773232409381663 0.0003361255551069 0.0010692093305059 0.0017906820448337 0.0053932419806913
0 0.0113057285180572 0.0544369565217391 0.0022039503840651 0.0058586996478538 0.2785253164556962 0.7355605543710021 0.0002331990310859 0.0028561890336261 0.0049986428478515 0.0181592961694176
1 0.006325404732254 0.0109673913043478 0.0003430305724167 0.0022597450990981 0.1962632911392405 0.6694756929637525 0.0019163504238998 0.0001908633747349 0.0005768590382864 0.0001
0 0.0075704856787048 0.0779829710144927 0.0021900629227841 0.0117905512734802 0.1234930379746835 0.4189927505330491 0.0002170536939846 0.0014629506210239 0.0029828296405497 0.0100637496107131
0 0.006325404732254 0.0200235507246376 0.0005513424916311 0.0038106655021573 0.3407491561181434 0.9551328358208956 0.0002876895438029 0.0007057558315661 0.0014438754715344 0.0041477732793522
1 0.0001 0.061681884057971 0.0002944244579334 0.0652516898730523 0.8490862869198312 0.9999 0.0019163504238998 0.0007966192063011 0.0007069115032736 0.0007227343506695
0 0.0100606475716064 0.0797942028985507 0.0028636047949106 0.0093962131722387 0.4114101265822785 0.953001066098081 0.0005661966088009 0.0053095001514692 0.0083366561158565 0.0166024602927436
0 0.0100606475716064 0.1939018115942029 0.0068007000680621 0.0224291577357619 0.3555141350210971 0.8719938166311302 0.0003462163907953 0.0113367706755528 0.0184807483848588 0.0527210526315789
0 0.012550809464508 0.4909438405797101 0.0208270359618296 0.0461249128014704 0.2194654008438818 0.6598827292110875 0.0002654897052886 0.0234518873068767 0.0441227593981702 0.1330537838679538
0 0.0100606475716064 0.0290797101449275 0.0011137846735099 0.0036040002383643 0.5864805907172995 0.8464125799573562 0.0013411727896649 0.0027047500757346 0.0027877509430689 0.0038364061040174
0 0.0113057285180572 0.0526257246376811 0.0021345130776603 0.0056725147255178 0.3323120253164557 0.768602985074627 0.0003603435607589 0.0032196425325658 0.0050419936695139 0.0147342572407349
0 0.0100606475716064 0.0363246376811594 0.0013637589765671 0.0044306612935364 0.2795799578059072 0.7632735607675907 0.0004249249091643 0.0017052529536504 0.0031345575163682 0.0069500778573653
0 0.0250016189290161 0.1902793478260869 0.0155081382912227 0.00948558193496 0.0886898734177215 0.3561055437100213 0.0002997985466289 0.0090348985156013 0.0190443090664701 0.0471164434755527
0 0.0088155666251556 0.0164010869565217 0.0006068923367549 0.002414278584637 0.4462132911392405 0.8805208955223882 0.0004874880904319 0.0010389215389275 0.0014872262931968 0.0038364061040174
0 0.0100606475716064 0.0327021739130434 0.0012387718250385 0.0040173307659503 0.2532139240506329 0.6630803837953093 0.0002049446911586 0.0014023750378673 0.0024842951914321 0.0100637496107131
0 0.0100606475716064 0.0979065217391304 0.0034885405525537 0.0114647276593922 0.214192194092827 0.6769368869936034 0.0001766903512313 0.0037042471978188 0.0074262888609461 0.0281230457801308
0 0.0137958904109589 0.1105851449275362 0.0052175294820329 0.0097071419925399 0.1920447257383966 0.6374991471215352 0.0002170536939846 0.0051580611935777 0.0105908988423015 0.0340390221114917
0 0.0113057285180572 0.2246927536231883 0.0087310571861153 0.0233600823474421 0.4261751054852321 0.8528078891257996 0.0004874880904319 0.0171520266585883 0.0233143650002167 0.0605052320149486
0 0.0113057285180572 0.0200235507246376 0.0008846415623741 0.002321186123469 0.1825529535864979 0.5287788912579958 0.0004430884134033 0.0007057558315661 0.001400524649872 0.002902304578013
0 0.0075704856787048 0.0127786231884057 0.0004402428013834 0.0022150607177374 0.2279025316455696 0.6577509594882729 0.0001302725070649 0.0003423023326264 0.0007719377357672 0.0038364061040174
0 0.0137958904109589 0.0779829710144927 0.0037176836636895 0.0069143681574992 0.2205200421940928 0.751548827292111 0.0003785070649979 0.0040677006967585 0.0087268135108181 0.0178479289940828
1 0.0001 0.183034420289855 0.0007596544108454 0.1899955878382027 0.9587689873417722 0.9999 0.0048426927735163 0.0028561890336261 0.0021591640289641 0.0010341015260043
0 0.0088155666251556 0.0671155797101449 0.0021622880002222 0.0089307508663986 0.0802527426160337 0.4072680170575693 0.0002735623738393 0.0010692093305059 0.0028744525863937 0.0063273435066957
0 0.0088155666251556 0.1522434782608695 0.0047731307210423 0.0198691150536412 0.1962632911392405 0.666278038379531 0.0001928356883326 0.0047946076946379 0.0100706889823526 0.0343503892868265
0 0.0287368617683686 0.2428050724637681 0.0225490811606683 0.010559868936839 0.9060369198312236 0.9636599147121536 0.003670137666532 0.0893278339897001 0.0678139834366734 0.0489846465275615
0 0.012550809464508 0.0145898550724637 0.000738823218924 0.0016099597201453 0.4883989451476793 0.7526147121535182 0.0016136253532498 0.0014326628294456 0.0015956033473529 0.0016568358766739
0 0.0113057285180572 0.1178300724637681 0.0046342561082327 0.0123751719296154 0.2331757383966245 0.6385650319829425 0.0002897077109406 0.0053397879430475 0.0093987512465854 0.0287457801308003
2 0.0536384806973848 0.0037224637681159 0.0009679663300598 0.0002135728026249 0.5759341772151898 0.8304243070362474 0.0003966705692369 0.0022807209936382 0.0023542427264449 0.0097523824353783
0 0.0075704856787048 0.0109673913043478 0.0003916366869001 0.0019488162787969 0.2036457805907173 0.8698620469083157 0.0002432898667743 0.0002514389578915 0.0008803147899232 0.0019682030520087
0 0.006325404732254 0.0200235507246376 0.0005513424916311 0.0038106655021573 0.3259841772151899 0.8965091684434968 0.0001887993540573 0.0006754680399878 0.0013571738282096 0.0053932419806913
3 0.0461679950186799 0.125075 0.0185217173891906 0.0035164933248664 0.0074824894514767 0.0001 0.0038598453774727 0.0046431687367464 0.0035247149113298 0.0022795702273435
0 0.0100606475716064 0.9220170289855072 0.0319231175253149 0.1055923769956033 0.0243567510548523 0.2409899786780383 0.0001887993540573 0.0103675613450469 0.0286248406538611 0.0748281220803488
0 0.0100606475716064 0.2156365942028985 0.0075506229772338 0.0249110027505014 0.2943449367088607 0.8496102345415778 0.0002977803794913 0.0107310148439866 0.0200630533755365 0.0561460915602616
0 0.0100606475716064 0.2428050724637681 0.0084880266136985 0.0280147054058432 0.2078643459915612 0.6012590618336887 0.0002130173597093 0.0090348985156013 0.0164432597667259 0.059882497664279
1 0.0001 0.1920905797101449 0.0007943730640478 0.1993048339550049 0.8617419831223628 0.9999 0.003651974162293 0.0027047500757346 0.0022675410831201 0.0013454687013391
0 0.0050803237858032 0.0327021739130434 0.0007110482963621 0.0071619941042062 0.1899354430379747 0.3603690831556503 0.0010081752119499 0.0005543168736746 0.0007719377357672 0.0010341015260043
0 0.0113057285180572 0.0435695652173913 0.0017873265456363 0.0047415901138376 0.2827438818565401 0.6247085287846483 0.0003018167137666 0.0023110087852166 0.0034596886788362 0.0122433198380566
1 0.006325404732254 0.0689268115942029 0.0016762268553887 0.0121889870072794 0.1477497890295359 0.1439944562899787 0.0089799354057327 0.0012509360799757 0.0009453410224168 0.0001
0 0.0113057285180572 0.4728315217391304 0.0182439681635714 0.0488674167074803 0.2416128691983123 0.67054157782516 0.0002796168752523 0.0221798000605877 0.0392024411394874 0.121221831205232
0 0.0075704856787048 0.0145898550724637 0.0004888489158668 0.002481305156678 0.2637603375527426 0.8304243070362474 0.0002473262010496 0.0004634534989397 0.0010970688982352 0.0032136717533478
0 0.0088155666251556 0.0743605072463768 0.0023844873807175 0.0098616754780788 0.2184107594936709 0.7398240938166312 0.0002493443681873 0.0025230233262647 0.0054538264753067 0.0153569915914045
0 0.0088155666251556 0.0236460144927536 0.0008290917172502 0.0033452031963172 0.2279025316455696 0.5245153518123669 0.0005036334275333 0.0007966192063011 0.001292147595716 0.002902304578013
1 0.0001 0.1033402173913043 0.0004541302626644 0.1080742220103427 0.8364305907172995 0.9999 0.0018759870811465 0.001372087246289 0.0012054459523912 0.0013454687013391
0 0.0088155666251556 0.0526257246376811 0.0017178892392315 0.0070689016430381 0.1909900843881856 0.8218972281449892 0.0001484360113039 0.0015841017873371 0.0042833542904218 0.0138001557147306
0 0.0100606475716064 0.1957130434782608 0.0068631936438264 0.0226358229995549 0.176225105485232 0.7590100213219617 0.0002392535324989 0.0063998606482883 0.0163999089450635 0.0393322640921831
0 0.012550809464508 0.4710202898550724 0.0199868445543316 0.0442630635781099 0.1888808016877637 0.5692825159914713 0.0002755805409769 0.0199385034837927 0.0370349000563673 0.1100126128931797
0 0.0050803237858032 0.0218347826086956 0.0005027363771477 0.0049277750361736 0.2700881856540084 0.8197654584221749 0.0002654897052886 0.000493741290518 0.0011187443090664 0.0032136717533478
0 0.006325404732254 0.0091561594202898 0.0003013681885738 0.0019488162787969 0.3259841772151899 0.7632735607675907 0.0002271445296729 0.0002817267494698 0.0005551836274552 0.0022795702273435
0 0.026246699875467 0.125075 0.0107447390718542 0.0060113712841694 0.4989453586497891 0.8272266524520256 0.0022271481631005 0.0243605210542259 0.0279095520964315 0.0215843350981002
0 0.0088155666251556 0.1015289855072463 0.003217735057575 0.0133526427718797 0.4029729957805907 0.9551328358208956 0.0004854699232943 0.0058849681914571 0.0094204266574166 0.0209616007474307
0 0.0075704856787048 0.0308909420289855 0.0009263039462169 0.0048737814086962 0.2721974683544303 0.95726460554371 0.0001787085183689 0.0010692093305059 0.0025709968347569 0.0085069137340392
0 0.0100606475716064 0.2663510869565217 0.0093004430986345 0.0307032156843757 0.1498590717299578 0.6641462686567164 0.0001746721840936 0.0077022356861557 0.0197162468022373 0.0586370289629398
0 0.0075704856787048 0.0272684782608695 0.0008290917172502 0.0043431543800384 0.1994272151898734 0.6097861407249469 0.0002876895438029 0.0007057558315661 0.0014872262931968 0.0041477732793522
0 0.0088155666251556 0.119641304347826 0.0037732335088133 0.0156799543010802 0.3470770042194093 0.7291652452025585 0.0004007069035123 0.0060666949409269 0.0086184364566621 0.0253207412021177
0 0.0137958904109589 0.2083916666666666 0.0097170669370633 0.0180854634976619 0.2047004219409283 0.687595735607676 0.0002997985466289 0.010276697970312 0.0212768763820838 0.0533437869822485
0 0.0088155666251556 0.121452536231884 0.0038287833539371 0.0159126854540003 0.5147649789029536 0.9721869936034117 0.0005096879289463 0.0087925961829748 0.0114362398647183 0.0299912488321395
0 0.0088155666251556 0.2428050724637681 0.0075506229772338 0.0315056726996441 0.0834166666666667 0.649223880597015 0.0001443996770286 0.0041888518630717 0.0156629449768026 0.0359072251635004
0 0.0113057285180572 0.0399471014492753 0.0016484519328268 0.0043692202691655 0.3259841772151899 0.7590100213219617 0.0003906160678239 0.0024018721599515 0.0038064952521354 0.0103751167860479
0 0.006325404732254 0.1703557971014492 0.0040093203505896 0.0295656258089025 0.2342303797468355 0.7696688699360341 0.0002957622123536 0.0046128809451681 0.0096371807657286 0.0243866396761133
3 0.0038352428393524 0.0182123188405797 0.0003569180336977 0.0052070524196777 0.1129466244725738 0.9274198294243072 0.0002513625353249 0.0001 0.0008369639682608 0.0010341015260043
0 0.0075704856787048 0.0218347826086956 0.0006832733738002 0.0035444210632168 0.2932902953586498 0.8240289978678038 0.0002170536939846 0.0007966192063011 0.0015956033473529 0.0057046091560261
0 0.0113057285180572 0.2917083333333333 0.0113002375230925 0.0302489244738758 0.2553232067510548 0.7121110874200426 0.0004451065805409 0.0143352620418055 0.0255902831374929 0.0545892556835876
0 0.0200212951432129 0.7028579710144928 0.0459702846110038 0.0426898009843703 0.3080552742616034 0.6566850746268658 0.0009072668550666 0.0687321357164495 0.0970757880587954 0.1414606976019931
0 0.0050803237858032 0.0037224637681159 0.0001555498451238 0.0012040765894527 0.5780434599156118 0.8581373134328358 0.0008063584981832 0.0001605755831566 0.0002300524649872 0.0004113671753347
0 0.0013450809464508 0.5036224637681159 0.0039259955829038 0.2598149337142197 0.0243567510548523 0.5149223880597016 0.0001100908356883 0.0011600727052408 0.0065375970168668 0.0122433198380566
0 0.0337171855541718 0.0797942028985507 0.0088004944925201 0.0030789587573767 0.3333666666666667 0.5095929637526653 0.0014844626564392 0.0139415207512874 0.0146875514893986 0.0181592961694176
0 0.0088155666251556 0.0924728260869565 0.0029399858319558 0.0121889870072794 0.2880170886075949 0.8687961620469083 0.0002513625353249 0.0039768373220236 0.0078597970775701 0.0237639053254437
0 0.012550809464508 0.1504322463768116 0.0064674009973191 0.0143040477250169 0.2521592827004219 0.8325560767590617 0.0002493443681873 0.0080354013935171 0.0168334171616875 0.0480505450015571
0 0.0001 0.0707380434782608 0.0003291431111358 0.0745609359898546 0.3671151898734178 0.9999 0.0001141271699636 0.0003725901242047 0.0008152885574296 0.004459140454687
0 0.0113057285180572 0.0562481884057971 0.0022733876904699 0.0060448845701899 0.3017274261603376 0.8037771855010661 0.0002675078724263 0.0031590669494092 0.0056055543511251 0.0181592961694176
0 0.0088155666251556 0.063493115942029 0.0020511883099745 0.0084652885605585 0.428284388185654 0.8666643923240939 0.0003078712151796 0.0038859739472887 0.0054104756536443 0.0200274992214263
0 0.0050803237858032 0.1685445652173913 0.0033149472865417 0.035089732454613 0.1920447257383966 0.8346878464818763 0.0001787085183689 0.0032196425325658 0.0085534102241685 0.0243866396761133
0 0.0088155666251556 0.0182123188405797 0.0006624421818787 0.0026470097375571 0.4483225738396624 0.9636599147121536 0.0003018167137666 0.0011600727052408 0.0017906820448337 0.0063273435066957
0 0.0088155666251556 0.1341311594202898 0.004217632269804 0.0175418035244407 0.1857168776371308 0.6396309168443498 0.0001746721840936 0.0040374129051802 0.0085534102241685 0.0309253503581438
0 0.0050803237858032 0.0182123188405797 0.0004332990707429 0.0041830353468294 0.4251204641350211 0.9999 0.0002352171982236 0.0006451802484095 0.0011404197198976 0.004459140454687
0 0.0075704856787048 0.0218347826086956 0.0006832733738002 0.0035444210632168 0.3048913502109705 0.8357537313432837 0.0002654897052886 0.0008269069978794 0.0016172787581841 0.0050818748053565
0 0.0113057285180572 0.0164010869565217 0.0007457669495645 0.0019488162787969 0.535857805907173 0.9039703624733476 0.0007054501412999 0.0015841017873371 0.0019207345098209 0.0041477732793522
0 0.0150409713574097 0.119641304347826 0.0060993832733738 0.0096829379526362 0.4008637130801688 0.4850776119402986 0.0012301735970932 0.0112761950923962 0.0097022069982222 0.017536561818748
1 0.0001 0.1359423913043478 0.000579117414193 0.1415875080308309 0.9587689873417722 0.9999 0.0072644933387161 0.0020989942441684 0.0015956033473529 0.0004113671753347
0 0.0088155666251556 0.0327021739130434 0.0011068409428694 0.0045088589609175 0.3681698312236287 0.978582302771855 0.0002957622123536 0.0017355407452287 0.0031779083380306 0.0094410152600436
0 0.0088155666251556 0.1939018115942029 0.0060507771588904 0.0252219315708026 0.3122738396624472 0.8592031982942432 0.0002311808639483 0.009004610724023 0.0162048302475827 0.0564574587355963
3 0.0200212951432129 0.0145898550724637 0.0011137846735099 0.0010718852945941 0.1656786919831223 0.4637599147121535 0.0002775987081146 0.0008571947894577 0.0015956033473529 0.0050818748053565
0 0.0100606475716064 0.0870391304347826 0.0031135790979678 0.0102228742274107 0.2679789029535865 0.7579441364605546 0.0002654897052886 0.0039768373220236 0.0073395872176212 0.0228298037994394
3 0.0088155666251556 0.0073449275362318 0.0003291431111358 0.0012506228200367 0.2352850210970464 0.4136633262260128 0.0006388506257569 0.0002211511663132 0.0003384295191432 0.0007227343506695
0 0.0088155666251556 0.1920905797101449 0.0059952273137666 0.0249892004178825 0.3502409282700422 0.8506761194029852 0.0003260347194186 0.0098526688882156 0.0159013744959458 0.0480505450015571
0 0.0075704856787048 0.0453807971014492 0.0013151528620838 0.0070018750709972 0.2637603375527426 0.9061021321961622 0.0002069628582963 0.0015538139957588 0.003546390322161 0.0109978511367175
1 0.006325404732254 0.0363246376811594 0.0009263039462169 0.006603439337198 0.2047004219409283 0.2047498933901919 0.0061545014129995 0.0008269069978794 0.00064188527078 0.0001
0 0.0075704856787048 0.0218347826086956 0.0006832733738002 0.0035444210632168 0.3396945147679325 0.8943773987206823 0.0002412716996366 0.0009177703726143 0.0017256558123401 0.0060159763313609
0 0.0100606475716064 0.3315554347826087 0.0115502118261497 0.0381506125778175 0.1709518987341772 0.7845912579957356 0.0001928356883326 0.0106098636776734 0.0286031652430299 0.0751394892556835
0 0.0100606475716064 0.0834166666666666 0.0029885919464392 0.0098095436998247 0.2721974683544303 0.765405330490405 0.0003704343964473 0.0038556861557103 0.007101157698478 0.0172251946434132
0 0.006325404732254 0.0236460144927536 0.0006346672593168 0.0044306612935364 0.5474588607594936 0.9999 0.0003603435607589 0.0013417994547106 0.0017690066340025 0.0063273435066957
0 0.0088155666251556 0.0381358695652173 0.0012734904782409 0.0052070524196777 0.35867805907173 0.7632735607675907 0.0003623617278966 0.0019778430778551 0.0029178034080561 0.0091296480847088
0 0.0075704856787048 0.0182123188405797 0.0005860611448335 0.0030119321853357 0.3839894514767932 0.8059089552238807 0.0003018167137666 0.0008571947894577 0.0013138230065472 0.0047705076300218
0 0.0113057285180572 0.2609173913043478 0.0101198033142111 0.027083780794163 0.2279025316455696 0.730231130063966 0.0002675078724263 0.0116699363829142 0.0234227420543728 0.0661098411709747
0 0.0100606475716064 0.1486210144927536 0.0052383606739544 0.0172569405932665 0.3418037974683545 0.666278038379531 0.0004007069035123 0.0083988548924568 0.0110677578805879 0.0349731236374961
0 0.0100606475716064 0.0562481884057971 0.0020511883099745 0.0067077028937062 0.2532139240506329 0.8144360341151387 0.0002069628582963 0.0024321599515298 0.0051070199020075 0.0169138274680784
0 0.0100606475716064 0.123263768115942 0.004363450613254 0.014361765050941 0.1656786919831223 0.7952501066098082 0.0001766903512313 0.003825398364132 0.0108293283614447 0.0290571473061351
2 0.032472104607721 0.0001 0.0002388746128095 0.0001558554767008 0.9999 0.9999 0.0053472345579329 0.0007057558315661 0.000533508216624 0.0001
0 0.0212663760896637 0.0417583333333333 0.0030510855222035 0.0025688120701759 0.4240658227848101 0.7334287846481876 0.0010606475575292 0.0058243926083005 0.0069711052334908 0.0103751167860479
0 0.0100606475716064 0.9202057971014492 0.0318606239495506 0.1053857117318102 0.0749795358649789 0.4680234541577825 0.0001524723455793 0.0169400121175401 0.0497366908034514 0.1392811273746496
0 0.006325404732254 0.0345134057971014 0.0008846415623741 0.0062925105168968 0.2795799578059072 0.9817799573560768 0.0002049446911586 0.0010389215389275 0.0025059706022633 0.0075728122080348
0 0.0100606475716064 0.0345134057971014 0.0013012654008028 0.0042239960297434 0.2616510548523207 0.9700552238805972 0.0002493443681873 0.0015235262041805 0.0037414690196418 0.0094410152600436
0 0.0100606475716064 0.0852278985507246 0.0030510855222035 0.0100162089636177 0.2331757383966245 0.6641462686567164 0.0001847630197819 0.0034619448651923 0.0063641937302172 0.0256321083774525
0 0.0088155666251556 0.0761717391304347 0.0024400372258414 0.0100944066309989 0.4662514767932489 0.9498034115138594 0.0005843601130399 0.0050369100272644 0.0070578068768156 0.0153569915914045
0 0.0113057285180572 0.4728315217391304 0.0182439681635714 0.0488674167074803 0.1456405063291139 0.5746119402985075 0.0001645813484053 0.0150015934565283 0.0340870441833239 0.1171740579258797
0 0.0075704856787048 0.0327021739130434 0.0009749100607003 0.0051400258476367 0.3259841772151899 0.9114315565031984 0.0002009083568833 0.0013417994547106 0.0025926722455881 0.0097523824353783
0 0.0088155666251556 0.0218347826086956 0.0007735418721264 0.0031124720433972 0.4419947257383966 0.9999 0.0002634715381509 0.001372087246289 0.0022025148506265 0.0081955465587044
0 0.0088155666251556 0.0037224637681159 0.0002180434208881 0.0007851605141966 0.4725793248945148 0.6449603411513859 0.0005036334275333 0.0002514389578915 0.0002950786974808 0.0010341015260043
4 0.0337171855541718 0.0544369565217391 0.0060785520814523 0.0021480341456964 0.464142194092827 0.7280993603411515 0.0014097904723455 0.01282087246289 0.0139722629319689 0.017536561818748
0 0.0075704856787048 0.0091561594202898 0.0003430305724167 0.0016825718398563 0.1709518987341772 0.2388582089552238 0.0017145337101332 0.0001605755831566 0.000208377054156 0.0001
0 0.0088155666251556 0.2790297101449275 0.0086616198797105 0.0361602957580452 0.4219565400843882 0.8741255863539448 0.0004592337505046 0.0168794365343835 0.023661171573516 0.0626848022422921
0 0.0113057285180572 0.0906615942028985 0.0035926965121609 0.0095823980945747 0.3776616033755274 0.6449603411513859 0.0005278514331853 0.0062181338988185 0.00731791180679 0.0206502335720959
0 0.0100606475716064 0.0761717391304347 0.0027386176433819 0.0089828826446527 0.3080552742616034 0.9807140724946696 0.0002654897052886 0.003916261738867 0.0081849282400381 0.0225184366241046
0 0.0088155666251556 0.0272684782608695 0.0009401914074979 0.0038106655021573 0.3323120253164557 0.9668575692963752 0.0002775987081146 0.0013115116631323 0.0026360230672505 0.0075728122080348
0 0.0075704856787048 0.061681884057971 0.0017526078924339 0.0093962131722387 0.3713337552742616 0.934881023454158 0.0002816350423899 0.0028864768252044 0.0049336166153579 0.0159797259420741
0 0.0075704856787048 0.0399471014492753 0.0011693345186337 0.0062050036033989 0.2468860759493671 0.6556191897654584 0.0002190718611223 0.001281223871554 0.0023108919047825 0.008818280909374
0 0.0088155666251556 0.0381358695652173 0.0012734904782409 0.0052070524196777 0.3650059071729958 0.7696688699360341 0.0002897077109406 0.0020081308694335 0.0029394788188873 0.0109978511367175
1 0.0001 0.0471920289855072 0.0002388746128095 0.0503568960861687 0.2184107594936709 0.9999 0.0001807266855066 0.0001 0.000533508216624 0.0013454687013391
0 0.0100606475716064 0.9365068840579712 0.0324230661314294 0.1072475609551707 0.0465042194092827 0.3912797441364606 0.0001504541784416 0.0134872038776128 0.0433207691974157 0.1118808159451884
0 0.006325404732254 0.0508144927536231 0.0012596030169599 0.0090852843519375 0.3882080168776372 0.9327492537313432 0.0002856713766653 0.0020989942441684 0.0034813640896674 0.0116205854873871
0 0.0075704856787048 0.0236460144927536 0.0007318794882835 0.0038106655021573 0.2901263713080169 0.9999 0.0002210900282599 0.0008571947894577 0.0020724623856393 0.0060159763313609
0 0.0088155666251556 0.0725492753623188 0.0023289375355937 0.0096289443251588 0.285907805907173 0.6193791044776119 0.0002331990310859 0.0030984913662526 0.0045217838095651 0.0197161320460915
0 0.0137958904109589 0.1286974637681159 0.0060507771588904 0.0112580623955991 0.6181198312236287 0.9124974413646056 0.0011333015744852 0.0165765586186004 0.0171368729133243 0.027811678604796
0 0.0088155666251556 0.059870652173913 0.0019400886197269 0.0079998262547184 0.3871533755274261 0.768602985074627 0.0003018167137666 0.0033407936988791 0.0045651346312275 0.017536561818748
0 0.0113057285180572 0.0327021739130434 0.0013707027072076 0.0036244805798213 0.5896445147679324 0.8933115138592751 0.0015712438433589 0.0034013692820357 0.003654767376317 0.0041477732793522
0 0.0075704856787048 0.1794119565217391 0.0049120053338519 0.0266853450603639 0.2553232067510548 0.6087202558635394 0.0002352171982236 0.0061272705240836 0.0095504791224038 0.0380867953908439
0 0.0050803237858032 0.0127786231884057 0.0003291431111358 0.0030659258128132 0.393481223628692 0.9999 0.0002796168752523 0.000402877915783 0.0008152885574296 0.0025909374026782
0 0.006325404732254 0.1703557971014492 0.0040093203505896 0.0295656258089025 0.2616510548523207 0.9050362473347549 0.0002291626968106 0.0050671978188427 0.0111978103455751 0.032170819059483
0 0.012550809464508 0.058059420289855 0.0025719681080105 0.0056725147255178 0.2384489451476793 0.7121110874200426 0.0003219983851433 0.0029470524083611 0.0056922559944499 0.0147342572407349
0 0.0100606475716064 0.0435695652173913 0.0016137332796244 0.0052591841979318 0.3439130801687763 0.9338151385927504 0.0003280528865563 0.0024624477431081 0.0045217838095651 0.0122433198380566
0 0.0113057285180572 0.4891326086956521 0.0188689039212145 0.0505430810085047 0.1224383966244726 0.5863366737739873 0.0001585268469923 0.0136386428355043 0.0359077786931448 0.1090785113671753
0 0.0050803237858032 0.0254572463768115 0.0005721736835525 0.0056725147255178 0.0433402953586498 0.303877185501066 0.0001807266855066 0.0001 0.0005118328057928 0.0013454687013391
0 0.0075704856787048 0.4619641304347826 0.0124945591932549 0.0681766550029516 0.0876352320675105 0.5767437100213219 0.0001726540169559 0.0072176310209027 0.0233793912327104 0.0552119900342572
0 0.0113057285180572 0.0381358695652173 0.001579014626422 0.0041830353468294 0.2373943037974684 0.5682166311300639 0.0002493443681873 0.0017355407452287 0.0027877509430689 0.0106864839613827
0 0.0113057285180572 0.1033402173913043 0.0040787576569944 0.0108856925509271 0.3692244725738397 0.8858503198294243 0.0004652882519176 0.0069450408966979 0.0111761349347439 0.0256321083774525
0 0.0100606475716064 0.1341311594202898 0.0047384120678399 0.0156017566336991 0.215246835443038 0.5799413646055438 0.0003401618893823 0.0051277734019993 0.008813515154143 0.0243866396761133
0 0.0162860523038605 0.0508144927536231 0.002870548525551 0.0039428567970159 0.0929084388185654 0.4690893390191898 0.0002271445296729 0.0016143895789154 0.0043700559337466 0.0106864839613827
0 0.0287368617683686 0.3569126811594202 0.0330480018890725 0.0154472231481602 0.9060369198312236 0.9817799573560768 0.0030868873637464 0.1310038352014541 0.1011724407058925 0.0851032388663967
0 0.0075704856787048 0.3460452898550724 0.0093837678663203 0.0511556294029903 0.0886898734177215 0.3443808102345416 0.0001726540169559 0.0054306513177824 0.0111761349347439 0.0418232014948614
0 0.0113057285180572 0.3170655797101449 0.0122723598127595 0.0328555133865804 0.2163014767932489 0.5554260127931769 0.0002453080339119 0.0135780672523477 0.0221872436369943 0.0816781999377141
0 0.0100606475716064 0.2011467391304348 0.0070506743711194 0.0232558187909339 0.1698972573839662 0.8240289978678038 0.0002190718611223 0.0063998606482883 0.0181989680440532 0.0418232014948614
0 0.0075704856787048 0.2953307971014492 0.0080227966607864 0.0437082325095485 0.2416128691983123 0.8272266524520256 0.0002210900282599 0.0096709421387458 0.0208000173437974 0.0626848022422921
0 0.0088155666251556 0.0145898550724637 0.0005513424916311 0.0021815474317169 0.3555141350210971 0.6886616204690831 0.0003684162293096 0.0007360436231445 0.0010537180765728 0.0035250389286826
0 0.0038352428393524 0.1594884057971014 0.0025233619935271 0.0415131122752065 0.3038367088607595 0.9103656716417912 0.0002291626968106 0.0035528082399272 0.0070144560551532 0.0228298037994394
0 0.012550809464508 0.0127786231884057 0.0006624421818787 0.0014405314408195 0.5200381856540085 0.9999 0.0005439967702866 0.0013417994547106 0.0018557082773273 0.004459140454687
2 0.0050803237858032 0.0019112318840579 0.0001208311919214 0.0008317067447806 0.788971729957806 0.7867230277185502 0.0015127169963665 0.0001302877915783 0.0001216754108312 0.0001
0 0.0050803237858032 0.0327021739130434 0.0007110482963621 0.0071619941042062 0.4114101265822785 0.9327492537313432 0.0002009083568833 0.0011600727052408 0.0018773836881585 0.0085069137340392
0 0.0113057285180572 0.1413760869565217 0.005536941091495 0.014795575919984 0.3112191983122362 0.7696688699360341 0.0003522708922083 0.0081868403514086 0.0133653514286953 0.0377754282155091
0 0.0075704856787048 0.0182123188405797 0.0005860611448335 0.0030119321853357 0.2605964135021096 0.9999 0.0002553988696003 0.0005846046652529 0.0016172787581841 0.0038364061040174
0 0.012550809464508 0.0870391304347826 0.0037940647007347 0.0083815053455072 0.3070006329113924 0.6438944562899788 0.0007659951554299 0.0054912269009391 0.0077297446125829 0.013177421364061
3 0.1246080946450809 0.1776007246376811 0.0694817565596655 0.0019115792943297 0.0929084388185654 0.7632735607675907 0.0003058530480419 0.0422303180854286 0.1685829683909291 0.2149433509810027
0 0.0113057285180572 0.1323199275362318 0.005189754559471 0.0138646513083038 0.2648149789029536 0.6886616204690831 0.0003361255551069 0.0066724507724931 0.0113061873997311 0.0318594518841482
0 0.0100606475716064 0.0236460144927536 0.0009263039462169 0.0029840044469853 0.1962632911392405 0.8901138592750534 0.0001726540169559 0.0007966192063011 0.0023975935481073 0.0066387106820305
1 0.0001 0.0562481884057971 0.0002735932660119 0.0596661422029709 0.4398854430379747 0.9999 0.0002775987081146 0.0003423023326264 0.00064188527078 0.0022795702273435
0 0.0025901618929016 0.0037224637681159 0.0001138874612809 0.0019488162787969 0.8828348101265824 0.9999 0.0015127169963665 0.0001302877915783 0.0001433508216624 0.0001
0 0.0137958904109589 0.1268862318840579 0.0059674523912047 0.0111035289100602 0.5864805907172995 0.8538737739872068 0.0011898102543399 0.0155770614965162 0.0158796990851146 0.0250093740267829
0 0.0100606475716064 0.9672978260869564 0.0334854569194227 0.1107627322888752 0.0992362869198312 0.6097861407249469 0.0001645813484053 0.0212105907300817 0.0661016259810085 0.1660587044534413
0 0.0100606475716064 0.3931373188405797 0.0136749934021363 0.0451846789436733 0.1013455696202531 0.5543601279317698 0.0001867811869196 0.0086714450166616 0.0246799158825824 0.0629961694176269
2 0.0075704856787048 0.0001 0.0001 0.000353211494377 0.9999 0.9999 0.0013109002825999 0.0001 0.0001 0.0001
0 0.0113057285180572 0.8568126811594203 0.0329646771213868 0.0883386202427219 0.142476582278481 0.5500965884861408 0.0002029265240209 0.0267229687973341 0.0593388978016736 0.1819384303955154
1 0.0001 0.1305086956521739 0.0005582862222716 0.1360019603607495 0.5949177215189873 0.9999 0.0006549959628582 0.0012509360799757 0.0015305771148592 0.0035250389286826
0 0.0100606475716064 0.4619641304347826 0.0160497492811801 0.0530454063647012 0.0496681434599156 0.4093997867803838 0.0001726540169559 0.0067633141472281 0.0222089190478255 0.0517869511055745
0 0.012550809464508 0.0381358695652173 0.0017317767005125 0.0038106655021573 0.2373943037974684 0.7131769722814499 0.0002735623738393 0.0019172674946985 0.0037848198413042 0.0109978511367175
0 0.0212663760896637 0.3025757246376812 0.0210492353423249 0.0174636058570595 0.142476582278481 0.7121110874200426 0.0003704343964473 0.0169702999091184 0.0477859038286432 0.0748281220803488
0 0.0088155666251556 0.0852278985507246 0.0027177864514605 0.0112580623955991 0.178334388185654 0.5277130063965885 0.0001746721840936 0.0024624477431081 0.0045868100420587 0.0190933976954219
0 0.006325404732254 0.0363246376811594 0.0009263039462169 0.006603439337198 0.1962632911392405 0.7206381663113006 0.0002170536939846 0.0007966192063011 0.0019640853314833 0.0057046091560261
0 0.0088155666251556 0.0290797101449275 0.0009957412526217 0.0040433966550774 0.4103554852320675 0.9764505330490404 0.0002352171982236 0.0017052529536504 0.0028311017647313 0.0109978511367175
0 0.0113057285180572 0.5742605072463768 0.0221324573222396 0.0592937723582988 0.0802527426160337 0.478682302771855 0.0001363270084779 0.0121848288397455 0.035170814724884 0.1068989411398318
0 0.0100606475716064 0.0471920289855072 0.001738720431153 0.0056725147255178 0.322820253164557 0.8464125799573562 0.0002715442067016 0.0025230233262647 0.0044567575770715 0.0144228900654001
0 0.0075704856787048 0.0218347826086956 0.0006832733738002 0.0035444210632168 0.3628966244725739 0.9999 0.0001665995155429 0.0009783459557709 0.0019207345098209 0.0081955465587044
0 0.0113057285180572 0.0308909420289855 0.0013012654008028 0.0034382956574852 0.2553232067510548 0.8634667377398721 0.0003623617278966 0.0014932384126022 0.0033513116246802 0.0069500778573653
1 0.0001 0.1558659420289855 0.0006554984512383 0.1620678494877959 0.9155286919831224 0.9999 0.0031272507064997 0.0023110087852166 0.0018340328664961 0.0013454687013391
0 0.0038352428393524 0.0091561594202898 0.0002180434208881 0.0028797408904771 0.2964542194092827 0.7781959488272921 0.0003018167137666 0.0001302877915783 0.0003601049299744 0.0010341015260043
0 0.0075704856787048 0.0091561594202898 0.0003430305724167 0.0016825718398563 0.3723883966244726 0.9242221748400852 0.0002796168752523 0.000402877915783 0.0007936131465984 0.0025909374026782
0 0.0187762141967621 0.6086739130434783 0.037491989498979 0.0393030972470777 0.3344213080168776 0.5820731343283584 0.0009375393621316 0.0602212662829445 0.0709569180071976 0.1202877296792276
0 0.0088155666251556 0.121452536231884 0.0038287833539371 0.0159126854540003 0.2996181434599156 0.8592031982942432 0.0002836532095276 0.0054306513177824 0.0101790660365086 0.0296798816568047
0 0.0075704856787048 0.0471920289855072 0.0013637589765671 0.0072681195099377 0.0517774261603375 0.5937978678038379 0.0006650867985466 0.0004634534989397 0.0024842951914321 0.0013454687013391
0 0.0100606475716064 0.1468097826086956 0.0051758670981901 0.0170502753294735 0.3354759493670886 0.9188927505330492 0.0003805252321356 0.0081565525598303 0.014730902311061 0.0352844908128309
0 0.0088155666251556 0.0743605072463768 0.0023844873807175 0.0098616754780788 0.3407491561181434 0.8922456289978679 0.0003159438837303 0.0037042471978188 0.0064942461952044 0.0187820305200872
0 0.0088155666251556 0.0001 0.0001069437306404 0.0003196982083565 0.9999 0.9999 0.0015127169963665 0.0001302877915783 0.0001216754108312 0.0001
0 0.0075704856787048 0.2138253623188405 0.0058355215090356 0.0317384038525641 0.2458314345991561 0.8634667377398721 0.0002009083568833 0.0070661920630112 0.0156846203876338 0.0489846465275615
0 0.0100606475716064 0.1468097826086956 0.0051758670981901 0.0170502753294735 0.2110282700421941 0.7227699360341151 0.0003018167137666 0.0055215146925174 0.0117830464380176 0.0287457801308003
0 0.0100606475716064 0.0145898550724637 0.0006138360673954 0.0019488162787969 0.322820253164557 0.9082339019189768 0.0002634715381509 0.0007663314147228 0.0015522525256905 0.0047705076300218
0 0.0100606475716064 0.1160188405797101 0.0041134763101968 0.0135332421465456 0.179389029535865 0.7718006396588486 0.0001706358498183 0.003825398364132 0.0099189611065342 0.0296798816568047
0 0.0075704856787048 0.0290797101449275 0.0008776978317336 0.004609398818979 0.2289571729957806 0.8922456289978679 0.0002049446911586 0.0008571947894577 0.0022675410831201 0.0063273435066957
0 0.0100606475716064 0.0200235507246376 0.0008013167946883 0.0025688120701759 0.3744976793248945 0.9999 0.0002271445296729 0.0012206482883974 0.0022892164939513 0.0081955465587044
3 0.0648442092154421 0.0852278985507246 0.017716244634895 0.001773802451801 0.1361487341772151 0.3326560767590618 0.0008447036737989 0.0138203695849742 0.0205615878246542 0.0303026160074743
0 0.0050803237858032 0.0689268115942029 0.00140542136041 0.014609390997648 0.4050822784810127 0.6332356076759063 0.0006126144529672 0.0024624477431081 0.0027227247105753 0.0072614450327
0 0.0075704856787048 0.063493115942029 0.0018012140069173 0.0096624576111792 0.3766069620253164 0.8517420042643923 0.0002695260395639 0.0030076279915177 0.0046518362745523 0.0172251946434132
0 0.0113057285180572 0.1413760869565217 0.005536941091495 0.014795575919984 0.2025911392405063 0.7249017057569296 0.0002594352038756 0.0057335292335655 0.0126500628712656 0.0334162877608221
0 0.0075704856787048 0.0218347826086956 0.0006832733738002 0.0035444210632168 0.1540776371308017 0.8357537313432837 0.0003522708922083 0.0004331657073614 0.0016172787581841 0.0022795702273435
0 0.0075704856787048 0.0797942028985507 0.0022386690372675 0.0120567957124208 0.1561869198312236 0.760075906183369 0.0002836532095276 0.0017961163283853 0.0052370723669947 0.0100637496107131
0 0.0001 0.3007644927536232 0.0012109969024766 0.3110157873566321 0.1477497890295359 0.9999 0.0001060545014129 0.0008571947894577 0.0035680657329922 0.0094410152600436
1 0.0001 0.0164010869565217 0.0001208311919214 0.018705459289041 0.788971729957806 0.9999 0.0007054501412999 0.0001302877915783 0.0001650262324936 0.0004113671753347
0 0.0113057285180572 0.0327021739130434 0.0013707027072076 0.0036244805798213 0.0950177215189873 0.2814936034115139 0.0005036334275333 0.0007057558315661 0.001292147595716 0.0025909374026782
4 0.2316850560398505 0.246427536231884 0.1779428291639465 0.0014517025361596 0.893381223628692 0.990307036247335 0.0058093948324586 0.6972643865495304 0.5505037072366995 0.2445232326378075
0 0.012550809464508 0.0453807971014492 0.0020373008486936 0.0044883786194605 0.2215746835443038 0.7909865671641791 0.0002594352038756 0.002159569827325 0.0049336166153579 0.0128660541887262
0 0.0075704856787048 0.2210702898550724 0.006029945966969 0.032801519759103 0.3871533755274261 0.9593963752665244 0.0004269430763019 0.0108218782187216 0.0178955122924164 0.0427573030208657
0 0.006325404732254 0.0055336956521739 0.0002180434208881 0.0013288204874178 0.6487044303797469 0.9999 0.0007054501412999 0.0003725901242047 0.0004684819841304 0.0010341015260043
0 0.012550809464508 0.0906615942028985 0.0039468267748253 0.0087185000549355 0.2553232067510548 0.8123042643923242 0.0003139257165926 0.0048854710693729 0.0099623119281966 0.0246980068514481
0 0.0113057285180572 0.4909438405797101 0.0189383412276193 0.0507292659308408 0.1466951476793249 0.5500965884861408 0.0001988901897456 0.0156376370796728 0.0340003425399991 0.1081444098411709
0 0.0100606475716064 0.9183945652173912 0.0317981303737863 0.1051771846187939 0.143531223628692 0.5703484008528784 0.0001988901897456 0.0259657740078764 0.0591438191041928 0.1800702273435067
0 0.0088155666251556 0.0327021739130434 0.0011068409428694 0.0045088589609175 0.3333666666666667 0.6843980810234541 0.0003684162293096 0.0015841017873371 0.0022675410831201 0.0072614450327
0 0.0075704856787048 0.0127786231884057 0.0004402428013834 0.0022150607177374 0.321765611814346 0.7909865671641791 0.0003018167137666 0.000493741290518 0.0009236656115856 0.002902304578013
0 0.0088155666251556 0.0689268115942029 0.002217837845346 0.0091634820193186 0.2426675105485232 0.730231130063966 0.0003018167137666 0.002553311117843 0.0049986428478515 0.0134887885393958
0 0.0137958904109589 0.1286974637681159 0.0060507771588904 0.0112580623955991 0.6149559071729958 0.9359469083155648 0.0011030290674202 0.0165159830354438 0.0175487057191172 0.0284344129554655
0 0.0075704856787048 0.0671155797101449 0.001898426235884 0.0101949464890603 0.3818801687763713 0.8357537313432837 0.0003906160678239 0.0032196425325658 0.0048252395612019 0.0138001557147306
0 0.0113057285180572 0.1812231884057971 0.0070645618324003 0.018891644211377 0.4198472573839663 0.8602690831556503 0.0004935425918449 0.0136689306270827 0.0189792828339765 0.0477391778262223
0 0.0075704856787048 0.0689268115942029 0.0019470323503673 0.0104593290787775 0.2542685654008438 0.7153087420042645 0.0001867811869196 0.0023110087852166 0.0042833542904218 0.0172251946434132
1 0.0001 0.0290797101449275 0.0001694373064047 0.0317384038525641 0.7520592827004219 0.9999 0.0005540876059749 0.0002817267494698 0.000316754108312 0.0010341015260043
0 0.0212663760896637 0.3333666666666666 0.0231740169183115 0.0192230533731352 0.1171651898734177 0.3156019189765458 0.0003805252321356 0.0163645440775522 0.0258070372458049 0.0707803488009965
0 0.0100606475716064 0.3261217391304348 0.0113627310988568 0.0375306167864385 0.1741158227848101 0.6385650319829425 0.0002331990310859 0.0106098636776734 0.0232926895893855 0.0661098411709747
0 0.0100606475716064 0.183034420289855 0.0064257386134763 0.0211873043037804 0.1488044303797468 0.7526147121535182 0.0001585268469923 0.0052489245683126 0.0152294367601786 0.0424459358455309
0 0.0088155666251556 0.0164010869565217 0.0006068923367549 0.002414278584637 0.3143831223628692 0.747285287846482 0.0002513625353249 0.0007360436231445 0.0012704721848848 0.0047705076300218
0 0.0100606475716064 0.0236460144927536 0.0009263039462169 0.0029840044469853 0.2964542194092827 0.8901138592750534 0.0003966705692369 0.0011600727052408 0.0023975935481073 0.0050818748053565
0 0.0088155666251556 0.0200235507246376 0.0007179920270026 0.0028797408904771 0.4504318565400844 0.9338151385927504 0.0003623617278966 0.001281223871554 0.0018990590989897 0.0060159763313609
0 0.0274917808219178 0.2156365942028985 0.0192160904532385 0.0098002344537079 0.9387308016877636 0.9999 0.0034178667743237 0.0786059557709785 0.0597724060182977 0.0461823419495484
0 0.0287368617683686 0.3206880434782608 0.0297150111816426 0.0138963027451009 0.4546504219409282 0.9284857142857144 0.0015127169963665 0.0623716994850045 0.0863681351081819 0.0801213640610401
0 0.0137958904109589 0.494566304347826 0.0228823802314113 0.0425985703724257 0.1646240506329114 0.8048430703624733 0.0002311808639483 0.0206351226900939 0.05819010102762 0.1293173777639364
0 0.0113057285180572 0.5959952898550724 0.0229657049990971 0.0615279914263314 0.1825529535864979 0.75581236673774 0.0001887993540573 0.0224221023932141 0.0551121926895893 0.1610768296480847
0 0.0050803237858032 0.0761717391304347 0.0015442959732196 0.0160988703763363 0.2247386075949367 0.7718006396588486 0.0001665995155429 0.0016143895789154 0.0036114165546546 0.013177421364061
0 0.006325404732254 0.0308909420289855 0.0008013167946883 0.0056725147255178 0.5116010548523207 0.9796481876332624 0.0004309794105773 0.0016446773704937 0.0022458656722889 0.0066387106820305
1 0.0013450809464508 0.0435695652173913 0.0003985804175405 0.0233600823474421 0.3249295358649789 0.9999 0.0008063584981832 0.0004331657073614 0.0010320426657416 0.0010341015260043
0 0.0088155666251556 0.0236460144927536 0.0008290917172502 0.0033452031963172 0.2373943037974684 0.6193791044776119 0.0004673064190553 0.0008269069978794 0.001508901704028 0.0032136717533478
0 0.0088155666251556 0.6141076086956522 0.0189383412276193 0.0792155590482557 0.1382580168776371 0.7185063965884861 0.0001827448526443 0.0150015934565283 0.0433424446082469 0.1103239800685144
0 0.0113057285180572 0.0109673913043478 0.0005374550303501 0.0013902615117887 0.3976997890295359 0.3912797441364606 0.0059526846992329 0.0007966192063011 0.0005985344491176 0.0001
0 0.0075704856787048 0.0182123188405797 0.0005860611448335 0.0030119321853357 0.2743067510548523 0.8336219616204691 0.0001665995155429 0.0006148924568312 0.0013571738282096 0.0053932419806913
0 0.0075704856787048 0.1739782608695652 0.0047661869904018 0.0258866117435422 0.1519683544303797 0.4253880597014925 0.0002372353653613 0.003916261738867 0.0067326757143476 0.0243866396761133
0 0.0113057285180572 0.2138253623188405 0.0083144333476865 0.0222429728134258 0.356568776371308 0.7973818763326226 0.0004531792490916 0.0139415207512874 0.0208433681654598 0.0524096854562441
0 0.0050803237858032 0.0200235507246376 0.0004680177239453 0.0045554051915015 0.4377761603375528 0.5735460554371002 0.0008406673395236 0.0007360436231445 0.0007285869141048 0.0016568358766739
0 0.0088155666251556 0.0924728260869565 0.0029399858319558 0.0121889870072794 0.4198472573839663 0.9156950959488274 0.0004794154218813 0.0055518024840957 0.0082499544725317 0.0200274992214263
0 0.006325404732254 0.1033402173913043 0.0024678121484033 0.0180854634976619 0.2363396624472574 0.7270334754797442 0.0001343088413403 0.0027956134504695 0.0055622035294627 0.0253207412021177
0 0.0100606475716064 0.1776007246376811 0.0062382578861833 0.0205673085124014 0.2743067510548523 0.8144360341151387 0.0003341073879693 0.0083079915177219 0.0159013744959458 0.0399549984428527
0 0.012550809464508 0.1558659420289855 0.0066965441084549 0.0148123325629943 0.2816892405063291 0.6033908315565033 0.0004329975777149 0.0091257618903362 0.0129751940337336 0.0355958579881656
0 0.0088155666251556 0.0870391304347826 0.0027733362965843 0.0114907935485192 0.3734430379746836 0.7249017057569296 0.0002634715381509 0.004703744319903 0.0062558166760612 0.0271889442541264
0 0.0100606475716064 0.3043869565217391 0.0106128081896851 0.035048771771699 0.3175470464135021 0.7249017057569296 0.0004087795720629 0.016152529536504 0.024419810952608 0.0657984739956399
0 0.0050803237858032 0.0037224637681159 0.0001555498451238 0.0012040765894527 0.5780434599156118 0.9999 0.0008063584981832 0.0001605755831566 0.0002734032866496 0.0004113671753347
0 0.0100606475716064 0.063493115942029 0.0023011626130318 0.0075343639488782 0.3133284810126582 0.687595735607676 0.0002654897052886 0.0033105059073008 0.0049119412045267 0.0190933976954219
0 0.006325404732254 0.0417583333333333 0.0010512910977456 0.0075343639488782 0.2532139240506329 0.7632735607675907 0.0001706358498183 0.0011600727052408 0.0023759181372761 0.0094410152600436
0 0.0113057285180572 0.4728315217391304 0.0182439681635714 0.0488674167074803 0.2331757383966245 0.683332196162047 0.0002675078724263 0.0215740442290215 0.0398527034644235 0.1215331983805668
0 0.0137958904109589 0.373213768115942 0.0172996207964663 0.0322038661584042 0.1561869198312236 0.679068656716418 0.0002412716996366 0.0149107300817933 0.0375767853271473 0.0907078480224229
0 0.0113057285180572 0.0435695652173913 0.0017873265456363 0.0047415901138376 0.35867805907173 0.7952501066098082 0.0004047432377876 0.0028561890336261 0.0043267051120842 0.0119319526627218
0 0.0050803237858032 0.0888503623188406 0.0017873265456363 0.018705459289041 0.3249295358649789 0.7995136460554372 0.0002170536939846 0.0026138867009996 0.0043483805229154 0.017536561818748
3 0.0225114570361145 0.0834166666666666 0.0062521453474643 0.0046931820340302 0.0275206751054852 0.0533942430703624 0.0006832503027856 0.0020081308694335 0.0021158132073017 0.0053932419806913
0 0.0075704856787048 0.0218347826086956 0.0006832733738002 0.0035444210632168 0.3396945147679325 0.9999 0.0002796168752523 0.0009177703726143 0.0019207345098209 0.0053932419806913
0 0.0100606475716064 0.1341311594202898 0.0047384120678399 0.0156017566336991 0.3386398734177215 0.9071680170575692 0.0003482345579329 0.0075205089366858 0.0133003251962017 0.0349731236374961
0 0.0088155666251556 0.0290797101449275 0.0009957412526217 0.0040433966550774 0.3481316455696203 0.8506761194029852 0.0003986887363746 0.0014629506210239 0.0024842951914321 0.0063273435066957
1 0.0001 0.1160188405797101 0.0005027363771477 0.1211071665738659 0.6265569620253165 0.9999 0.0005036334275333 0.0011600727052408 0.0013571738282096 0.0041477732793522
0 0.0088155666251556 0.0725492753623188 0.0023289375355937 0.0096289443251588 0.392426582278481 0.9636599147121536 0.0004087795720629 0.0040979884883368 0.0068193773576724 0.0169138274680784
0 0.0150409713574097 0.5253572463768116 0.0263195268984484 0.0417644619203602 0.2458314345991561 0.602324946695096 0.0004390520791279 0.0325988003635262 0.0513406712049603 0.1252696044845842
0 0.0150409713574097 0.2337489130434782 0.011786298667926 0.018705459289041 0.35867805907173 0.6769368869936034 0.0008608490109002 0.019968791275371 0.0254819060833369 0.0430686701962005
0 0.0100606475716064 0.184845652173913 0.0064882321892406 0.0213939695675735 0.3344213080168776 0.8687961620469083 0.0004128159063383 0.0102464101787337 0.0175703811299484 0.0415118343195266
0 0.0100606475716064 0.308009420289855 0.0107377953412137 0.035462102299285 0.3671151898734178 0.7632735607675907 0.0004773972547436 0.0185149772796122 0.0259154142999609 0.0664212083463095
2 0.0225114570361145 0.0019112318840579 0.0003152556498548 0.0002824612238893 0.8058459915611814 0.8037771855010661 0.0061545014129995 0.0008269069978794 0.0006202098599488 0.0001
0 0.0075704856787048 0.3261217391304348 0.0088491006070034 0.0482288024238677 0.2785253164556962 0.7419558635394455 0.0002311808639483 0.0120031020902756 0.0207783419329662 0.0751394892556835
0 0.0088155666251556 0.0218347826086956 0.0007735418721264 0.0031124720433972 0.3808255274261603 0.9999 0.0002917258780783 0.0011903604968191 0.0022025148506265 0.0066387106820305
0 0.0100606475716064 0.5978065217391304 0.0207367674635033 0.0685620577921872 0.1509137130801688 0.765405330490405 0.0001585268469923 0.017515480157528 0.0503002514850626 0.1405265960759888
0 0.0075704856787048 0.244616304347826 0.0066618254552525 0.0362608356161067 0.1350940928270042 0.760075906183369 0.0001403633427533 0.0050671978188427 0.0159447253176082 0.0440027717222049
0 0.0088155666251556 0.2156365942028985 0.0067173753003764 0.0280147054058432 0.2089189873417721 0.7312970149253731 0.0002331990310859 0.0071570554377461 0.0155112171009842 0.0449368732482092
0 0.0113057285180572 0.0254572463768115 0.0010929534815884 0.0028797408904771 0.2057550632911392 0.7014522388059701 0.0002231081953976 0.0010086337473492 0.0022892164939513 0.0069500778573653
0 0.0113057285180572 0.0399471014492753 0.0016484519328268 0.0043692202691655 0.3122738396624472 0.8837185501066098 0.0003462163907953 0.0023110087852166 0.0043917313445778 0.0109978511367175
0 0.0200212951432129 0.1377536231884057 0.0091407372939035 0.0085192821880359 0.2764160337552743 0.7440876332622601 0.0004915244247073 0.012336267797637 0.021515305901227 0.0433800373715353
0 0.0001 0.063493115942029 0.0003013681885738 0.0671135390964128 0.179389029535865 0.9999 0.0001282543399273 0.0001302877915783 0.0007285869141048 0.0019682030520087
0 0.0100606475716064 0.1776007246376811 0.0062382578861833 0.0205673085124014 0.1445858649789029 0.7280993603411515 0.0001807266855066 0.0049763344441078 0.0143407449160993 0.0371526938648396
0 0.0113057285180572 0.0182123188405797 0.0008152042559693 0.0021350012011329 0.3386398734177215 0.9999 0.0002170536939846 0.0011297849136625 0.0023325673156137 0.0078841793833696
0 0.0050803237858032 0.0109673913043478 0.0002944244579334 0.0026935559681411 0.5179289029535865 0.9999 0.0003240165522809 0.0004634534989397 0.0007069115032736 0.0025909374026782
0 0.0075704856787048 0.0218347826086956 0.0006832733738002 0.0035444210632168 0.2236839662447257 0.8709279317697228 0.0002715442067016 0.0006148924568312 0.0016823049906777 0.0038364061040174
0 0.0436778331257783 0.0073449275362318 0.0013012654008028 0.0003457640974835 0.6371033755274261 0.8048430703624733 0.0014864808235769 0.0034619448651923 0.0031345575163682 0.004459140454687
0 0.0088155666251556 0.0218347826086956 0.0007735418721264 0.0031124720433972 0.3302027426160338 0.9284857142857144 0.0002311808639483 0.0010389215389275 0.0020507869748081 0.0069500778573653
0 0.0088155666251556 0.0254572463768115 0.0008846415623741 0.0035779343492373 0.393481223628692 0.9199586353944564 0.0002937440452159 0.0014326628294456 0.0023542427264449 0.0078841793833696
0 0.0088155666251556 0.0870391304347826 0.0027733362965843 0.0114907935485192 0.3808255274261603 0.7440876332622601 0.0002876895438029 0.0047946076946379 0.0064075445518796 0.0259434755527872
0 0.0100606475716064 0.0308909420289855 0.0011762782492742 0.0038106655021573 0.6023002109704642 0.8549396588486142 0.0014662991522002 0.0029470524083611 0.0029828296405497 0.0038364061040174
0 0.0100606475716064 0.0363246376811594 0.0013637589765671 0.0044306612935364 0.285907805907173 0.7973818763326226 0.0002594352038756 0.0017355407452287 0.0032646099813554 0.0103751167860479
0 0.0100606475716064 0.1939018115942029 0.0068007000680621 0.0224291577357619 0.2057550632911392 0.8453466950959487 0.0002392535324989 0.0071570554377461 0.01796053852491 0.0440027717222049
0 0.006325404732254 0.0055336956521739 0.0002180434208881 0.0013288204874178 0.4725793248945148 0.7334287846481876 0.0011090835688332 0.0002514389578915 0.0003384295191432 0.0004113671753347
0 0.0150409713574097 0.4094384057971014 0.0205423430055699 0.0325985781937567 0.1836075949367089 0.8261607675906183 0.0005258332660476 0.0201202302332626 0.0534865368772492 0.0667325755216443
0 0.0461679950186799 0.7408938405797101 0.1082347172641784 0.0201744583262724 0.213137552742616 0.5778095948827292 0.0003825433992733 0.1197367767343229 0.2037621601699692 0.513855839302398
0 0.0100606475716064 0.0145898550724637 0.0006138360673954 0.0019488162787969 0.713037552742616 0.8815867803837952 0.0013875906338312 0.001674965162072 0.001508901704028 0.0022795702273435
0 0.0162860523038605 0.751761231884058 0.0404916811356659 0.0554099548783689 0.3502409282700422 0.5916660980810234 0.0008346128381106 0.0675509118448954 0.0778496986515197 0.1495562441606976
3 0.0137958904109589 0.2627286231884058 0.0122168099676357 0.0227400865560631 0.0412310126582278 0.0704484008528784 0.0052806350423899 0.0047340321114813 0.0048252395612019 0.0016568358766739
0 0.0075704856787048 0.0725492753623188 0.0020442445793341 0.0109918179566586 0.3091099156118143 0.7622076759061835 0.0002109991925716 0.0028864768252044 0.0047818887395395 0.0197161320460915
0 0.006325404732254 0.0290797101449275 0.0007596544108454 0.0053615859052166 0.2036457805907173 0.5714142857142858 0.0002130173597093 0.0006451802484095 0.0012704721848848 0.0047705076300218
0 0.0100606475716064 0.1468097826086956 0.0051758670981901 0.0170502753294735 0.3755523206751055 0.9188927505330492 0.0003805252321356 0.009004610724023 0.014730902311061 0.0390208969168483
1 0.0001 0.1449985507246377 0.0006138360673954 0.1508967541476331 0.895490506329114 0.9999 0.004808383932176 0.0020989942441684 0.0017039804015089 0.0007227343506695
1 0.0013450809464508 0.0381358695652173 0.0003569180336977 0.0205673085124014 0.7362396624472574 0.7334287846481876 0.0065581348405329 0.000887482581036 0.0006635606816112 0.0001
0 0.0187762141967621 0.7318376811594203 0.0450467684358201 0.0472159564463596 0.3481316455696203 0.5692825159914713 0.0009678118691966 0.0748805574068464 0.0836803841651129 0.1451971037060105
0 0.0137958904109589 0.0145898550724637 0.0008013167946883 0.0014833539729568 0.4820710970464135 0.6343014925373135 0.0017488425514735 0.0015538139957588 0.0014872262931968 0.0016568358766739
0 0.0088155666251556 0.3532902173913043 0.0109391635297876 0.0457022730277675 0.0950177215189873 0.6204449893390193 0.0001807266855066 0.0066118751893365 0.0218404370636951 0.0492960137028962
0 0.0113057285180572 0.0308909420289855 0.0013012654008028 0.0034382956574852 0.4957814345991562 0.6737392324093816 0.0017952603956398 0.0027350378673129 0.0026576984780817 0.002902304578013
0 0.0075704856787048 0.0725492753623188 0.0020442445793341 0.0109918179566586 0.319656329113924 0.8474784648187633 0.0002715442067016 0.0029773401999394 0.0052804231886571 0.0169138274680784
0 0.012550809464508 0.7463275362318841 0.0315967621852124 0.0699900961465047 0.320710970464135 0.7931183368869936 0.0003906160678239 0.048923920024235 0.0793236265880414 0.2065364372469635
0 0.0075704856787048 0.0363246376811594 0.001072122289667 0.0056725147255178 0.3038367088607595 0.8400172707889126 0.0001706358498183 0.0014023750378673 0.0026576984780817 0.0113092183120523
0 0.0075704856787048 0.3569126811594202 0.0096754045532204 0.0527512341874102 0.0032639240506329 0.316667803837953 0.0001464178441663 0.0021898576189033 0.0107426267181199 0.0190933976954219
0 0.0088155666251556 0.6195413043478261 0.0191049907629908 0.0799137525070159 0.0813073839662447 0.5788754797441364 0.0001403633427533 0.0106098636776734 0.0359511295148072 0.0913305823730925
0 0.0075704856787048 0.1123963768115942 0.0031135790979678 0.0168436100656805 0.248995358649789 0.990307036247335 0.0002231081953976 0.0037345349893971 0.0094204266574166 0.0243866396761133
0 0.0088155666251556 0.1142076086956521 0.0036065839734418 0.0149817608423201 0.3512955696202532 0.9061021321961622 0.0002876895438029 0.0058546803998788 0.0100706889823526 0.0315480847088134
0 0.0100606475716064 0.063493115942029 0.0023011626130318 0.0075343639488782 0.4789071729957806 0.8943773987206823 0.0004693245861929 0.0048551832777946 0.0062774920868924 0.0178479289940828
0 0.0050803237858032 0.0526257246376811 0.0010929534815884 0.0112580623955991 0.3249295358649789 0.9434081023454158 0.0001524723455793 0.0015235262041805 0.0030261804622122 0.013177421364061
0 0.0088155666251556 0.0127786231884057 0.0004957926465072 0.0019488162787969 0.1593508438818565 0.3006795309168443 0.0007720496568429 0.0002817267494698 0.000425131162468 0.0007227343506695
0 0.006325404732254 0.0091561594202898 0.0003013681885738 0.0019488162787969 0.3259841772151899 0.9999 0.0001887993540573 0.0002817267494698 0.0007285869141048 0.0025909374026782
0 0.0050803237858032 0.0073449275362318 0.0002249871515286 0.0019488162787969 0.2405582278481013 0.7014522388059701 0.0002513625353249 0.0001 0.0003384295191432 0.0010341015260043
0 0.0137958904109589 0.0435695652173913 0.0021345130776603 0.0039651989876963 0.2827438818565401 0.6193791044776119 0.0004208885748889 0.0027956134504695 0.0041316264146034 0.0113092183120523
0 0.0088155666251556 0.0109673913043478 0.0004402428013834 0.0017160851258768 0.3976997890295359 0.9999 0.0003381437222446 0.0006148924568312 0.0011620951307288 0.0032136717533478
0 0.0013450809464508 0.0091561594202898 0.0001347186532023 0.0056725147255178 0.5601145569620253 0.9114315565031984 0.0013109002825999 0.0001 0.0001867016433248 0.0001
0 0.0050803237858032 0.0145898550724637 0.0003638617643381 0.0034382956574852 0.2964542194092827 0.9999 0.0002775987081146 0.0003423023326264 0.0009236656115856 0.0022795702273435
0 0.006325404732254 0.0218347826086956 0.000593004875474 0.0041215943224585 0.5263660337552744 0.9178268656716418 0.0004087795720629 0.0011903604968191 0.001508901704028 0.0050818748053565
0 0.0100606475716064 0.0145898550724637 0.0006138360673954 0.0019488162787969 0.3101645569620253 0.8687961620469083 0.0004632700847799 0.0007360436231445 0.0014872262931968 0.002902304578013
0 0.0050803237858032 0.0236460144927536 0.0005374550303501 0.0053001448808457 0.2922356540084388 0.4669575692963753 0.0004148340734759 0.0005846046652529 0.0007069115032736 0.0025909374026782
0 0.0088155666251556 0.0145898550724637 0.0005513424916311 0.0021815474317169 0.428284388185654 0.9999 0.0005036334275333 0.000887482581036 0.001508901704028 0.0032136717533478
0 0.0050803237858032 0.063493115942029 0.0013012654008028 0.0134922814636317 0.1677879746835443 0.7749982942430705 0.0002049446911586 0.0010389215389275 0.0030261804622122 0.0075728122080348
0 0.0088155666251556 0.0435695652173913 0.0014401400136124 0.0059052458784378 0.3723883966244726 0.738758208955224 0.0002977803794913 0.0023412965767949 0.003221259159693 0.0125546870133914
0 0.0088155666251556 0.0816054347826087 0.0026066867612128 0.010792600089759 0.2257932489451477 0.8783891257995737 0.0002715442067016 0.0028561890336261 0.0070144560551532 0.0162910931174089
0 0.0088155666251556 0.3931373188405797 0.0121612601225119 0.0508223583920088 0.0971270042194093 0.5458330490405117 0.0001585268469923 0.0075205089366858 0.0216453583662142 0.0605052320149486
1 0.0025901618929016 0.9709202898550724 0.0112377439473282 0.3333579780369576 0.3091099156118143 0.3656985074626866 0.0043865870004037 0.0167279975764919 0.0140806399861249 0.0075728122080348
0 0.0075704856787048 0.1323199275362318 0.0036482463572847 0.0197685751955798 0.2363396624472574 0.662014498933902 0.0002150355268469 0.0042191396546501 0.0076213675584269 0.0281230457801308
0 0.0113057285180572 0.0182123188405797 0.0008152042559693 0.0021350012011329 0.2331757383966245 0.9220904051172708 0.0002170536939846 0.0007966192063011 0.0021591640289641 0.0057046091560261
0 0.0100606475716064 0.0363246376811594 0.0013637589765671 0.0044306612935364 0.35867805907173 0.8922456289978679 0.0004511610819539 0.0021292820357467 0.0036330919654858 0.0081955465587044
0 0.0100606475716064 0.0562481884057971 0.0020511883099745 0.0067077028937062 0.2637603375527426 0.6524215351812368 0.0003361255551069 0.0025230233262647 0.0041533018254346 0.0122433198380566
0 0.0100606475716064 0.0743605072463768 0.0026761240676176 0.0087762173808597 0.2880170886075949 0.8112383795309168 0.0002432898667743 0.0036133838230839 0.0066893248926852 0.0222070694487698
0 0.0088155666251556 0.0453807971014492 0.0014956898587362 0.0061379770313579 0.3407491561181434 0.9434081023454158 0.0002553988696003 0.0022504332020599 0.0042183280579282 0.0134887885393958
1 0.0200212951432129 0.6177300724637681 0.0404222438292611 0.037543649731002 0.9113101265822786 0.995636460554371 0.0060071752119499 0.1612613389881853 0.1254489008368382 0.0545892556835876
0 0.006325404732254 0.0308909420289855 0.0008013167946883 0.0056725147255178 0.4725793248945148 0.990307036247335 0.0003926342349616 0.0015235262041805 0.0022675410831201 0.0066387106820305
0 0.0075704856787048 0.1160188405797101 0.0032107913269345 0.0173760989435616 0.1720065400843881 0.7845912579957356 0.0001766903512313 0.0028561890336261 0.0078164462559077 0.021895702273435
0 0.0113057285180572 0.5905615942028986 0.0227573930798827 0.0609694366593233 0.3449677215189873 0.751548827292111 0.0004531792490916 0.0374145592244774 0.0543102024888349 0.1399038617253192
0 0.0100606475716064 0.0653043478260869 0.0023636561887961 0.0077410292126713 0.2964542194092827 0.6321697228144989 0.0003462163907953 0.0032499303241441 0.0046735116853835 0.0153569915914045
0 0.012550809464508 0.3315554347826087 0.014105504701846 0.0312301190145867 0.4419947257383966 0.8773232409381663 0.0008023221639079 0.0287825386246591 0.0387689329228634 0.0661098411709747
0 0.0088155666251556 0.0200235507246376 0.0007179920270026 0.0028797408904771 0.428284388185654 0.6449603411513859 0.0006388506257569 0.0012206482883974 0.0013354984173784 0.0035250389286826
0 0.006325404732254 0.0290797101449275 0.0007596544108454 0.0053615859052166 0.2553232067510548 0.8538737739872068 0.0001302725070649 0.0007966192063011 0.0018557082773273 0.0078841793833696
1 0.0025901618929016 0.3840811594202898 0.0044884377647826 0.1322782619140286 0.2806345991561181 0.3379855010660981 0.0023078748486071 0.0060364071493486 0.0051937215453323 0.0050818748053565
0 0.0312270236612702 0.7445163043478261 0.074432636506327 0.0295898298488062 0.2827438818565401 0.6417626865671644 0.0005036334275333 0.1035933838230839 0.1542338464206738 0.3553699470569915
1 0.0001 0.2663510869565217 0.0010790660203075 0.2756406521127835 0.9851350210970464 0.9999 0.014630803391199 0.004310003029385 0.0031562329271994 0.0004113671753347
0 0.0100606475716064 0.0327021739130434 0.0012387718250385 0.0040173307659503 0.5991362869198312 0.8250948827292112 0.0014259358094469 0.0030984913662526 0.0030478558730434 0.0041477732793522
0 0.0399425902864259 0.3243105072463768 0.0412971538899615 0.0102433545688677 0.1941540084388185 0.5852707889125799 0.0002372353653613 0.0422908936685852 0.0785649872089494 0.2597802242292121
0 0.0287368617683686 0.2989532608695652 0.0277152167571847 0.0129653781334207 0.8997090717299578 0.978582302771855 0.0033452127573677 0.1090451863071796 0.0845907514200234 0.0654871068203052
0 0.0113057285180572 0.0544369565217391 0.0022039503840651 0.0058586996478538 0.2447767932489451 0.8240289978678038 0.0002392535324989 0.002553311117843 0.0055622035294627 0.0159797259420741
1 0.0001 0.0960952898550724 0.0004263553401025 0.1006268251169009 0.9408400843881856 0.9999 0.0033290674202664 0.0014326628294456 0.0011187443090664 0.0007227343506695
0 0.0075704856787048 0.1105851449275362 0.0030649729834845 0.01657736562674 0.2321210970464135 0.9604622601279318 0.0001928356883326 0.0034619448651923 0.0090085938516238 0.0250093740267829
0 0.0075704856787048 0.0055336956521739 0.00024581834345 0.0011500829619752 0.2089189873417721 0.8858503198294243 0.0002513625353249 0.0001 0.0004901573949616 0.0010341015260043
0 0.012550809464508 0.1721670289855072 0.0073839734418624 0.0163353252277031 0.2373943037974684 0.6588168443496804 0.0002675078724263 0.0087320205998182 0.0155112171009842 0.049607380878231
0 0.0088155666251556 0.0200235507246376 0.0007179920270026 0.0028797408904771 0.3850440928270042 0.7888547974413647 0.0003240165522809 0.0010994971220842 0.0016172787581841 0.0057046091560261
0 0.012550809464508 0.0508144927536231 0.0022664439598294 0.0049948016082146 0.3755523206751055 0.7494170575692964 0.0005238150989099 0.003825398364132 0.0052370723669947 0.0128660541887262
0 0.0050803237858032 0.0471920289855072 0.0009887975219813 0.0101409528615829 0.5232021097046414 0.9999 0.0003381437222446 0.0021292820357467 0.0028744525863937 0.0103751167860479
0 0.0187762141967621 0.621352536231884 0.0382696873307127 0.0401167253576862 0.3512955696202532 0.6396309168443498 0.0009476301978199 0.0641283913965465 0.0789117937822486 0.1268264403612581
0 0.0088155666251556 0.0073449275362318 0.0003291431111358 0.0012506228200367 0.4462132911392405 0.9999 0.0003785070649979 0.0004634534989397 0.0008152885574296 0.0022795702273435
0 0.0075704856787048 0.0236460144927536 0.0007318794882835 0.0038106655021573 0.2036457805907173 0.8581373134328358 0.0002715442067016 0.0006148924568312 0.0017906820448337 0.0038364061040174
0 0.006325404732254 0.0689268115942029 0.0016762268553887 0.0121889870072794 0.3059459915611814 0.9316833688699362 0.0003119075494549 0.0023110087852166 0.0046951870962147 0.0119319526627218
0 0.0113057285180572 0.0834166666666666 0.0033149472865417 0.0088376584052306 0.2996181434599156 0.6033908315565033 0.0003542890593459 0.0046734565283247 0.006342518319386 0.0215843350981002
0 0.0113057285180572 0.4293619565217391 0.0165774728098565 0.0443989785714152 0.3175470464135021 0.708913432835821 0.0004733609204683 0.0253297303847319 0.0374467328621601 0.0916419495484272
0 0.0050803237858032 0.0308909420289855 0.0006763296431597 0.0067896242595341 0.6719065400843881 0.9999 0.0005924327815906 0.001765828536807 0.0018990590989897 0.0053932419806913
0 0.0113057285180572 0.1794119565217391 0.0069951245259955 0.018705459289041 0.1688426160337552 0.6822663113006396 0.0001908175211949 0.0063089972735534 0.015164410527685 0.045248240423544
0 0.0100606475716064 0.0290797101449275 0.0011137846735099 0.0036040002383643 0.2964542194092827 0.8879820895522388 0.0003280528865563 0.0014326628294456 0.0029178034080561 0.0072614450327
0 0.006325404732254 0.3315554347826087 0.0077172725126053 0.0571842971882315 0.285907805907173 0.7355605543710021 0.0002997985466289 0.0107007270524083 0.0179388631140788 0.055523357209592
0 0.0075704856787048 0.0127786231884057 0.0004402428013834 0.0022150607177374 0.2279025316455696 0.7526147121535182 0.0001141271699636 0.0003423023326264 0.0008803147899232 0.0041477732793522
0 0.0100606475716064 0.061681884057971 0.0022386690372675 0.0073276986850852 0.2194654008438818 0.9188927505330492 0.0001746721840936 0.0023715843683732 0.0062558166760612 0.0184706633447524
0 0.006325404732254 0.0399471014492753 0.0010096287139027 0.007223435128577 0.2437221518987341 0.8837185501066098 0.0001221998385143 0.0010692093305059 0.0026143476564193 0.0106864839613827
0 0.0088155666251556 0.0236460144927536 0.0008290917172502 0.0033452031963172 0.2468860759493671 0.8762573560767591 0.0004370339119903 0.0008571947894577 0.0020941377964705 0.0035250389286826
0 0.006325404732254 0.2337489130434782 0.0054675037850902 0.0404276541779874 0.212082911392405 0.4968023454157783 0.0003119075494549 0.0058546803998788 0.0088785413866366 0.0296798816568047
0 0.0001 0.1576771739130434 0.0006624421818787 0.1639296987111563 0.1488044303797468 0.9999 0.0001 0.000402877915783 0.0018557082773273 0.0050818748053565
0 0.0113057285180572 0.063493115942029 0.002551136916089 0.0067896242595341 0.2236839662447257 0.691859275053305 0.0002735623738393 0.0027653256588912 0.0054971772969691 0.0156683587667393
0 0.0137958904109589 0.1178300724637681 0.0055508285527759 0.0103271377839189 0.3692244725738397 0.765405330490405 0.0005096879289463 0.0095195031808542 0.0133436760178641 0.0324821862348178
0 0.0075704856787048 0.0870391304347826 0.0024330934952009 0.0131199116189596 0.2806345991561181 0.5863366737739873 0.0002836532095276 0.0031893547409875 0.0045001083987339 0.017536561818748
0 0.0088155666251556 0.0164010869565217 0.0006068923367549 0.002414278584637 0.3544594936708861 0.9071680170575692 0.0003441982236576 0.0008269069978794 0.0015305771148592 0.0041477732793522
0 0.0038352428393524 0.0145898550724637 0.0003013681885738 0.0042761278079974 0.3850440928270042 0.9999 0.0002352171982236 0.0003423023326264 0.0007285869141048 0.0025909374026782
0 0.0100606475716064 0.0381358695652173 0.0014262525523314 0.0046373265573294 0.248995358649789 0.8059089552238807 0.0003986887363746 0.0016143895789154 0.0034596886788362 0.0069500778573653
0 0.012550809464508 0.0779829710144927 0.0034121595155084 0.0075343639488782 0.2700881856540084 0.8059089552238807 0.0003038348809043 0.0044008664041199 0.0085317348133373 0.0228298037994394
0 0.0137958904109589 0.4148721014492754 0.0192160904532385 0.0357730311195862 0.1182198312236287 0.5415695095948827 0.0006005054501413 0.013608355043926 0.0340220179508303 0.0402663656181874
0 0.0299819427148194 0.4710202898550724 0.0453592363146417 0.0195246729473196 0.8807255274261603 0.9412763326226014 0.0034804299555914 0.1751028597394728 0.1335555044877076 0.1012943319838056
0 0.012550809464508 0.0182123188405797 0.0008915852930145 0.0019488162787969 0.4251204641350211 0.8677302771855012 0.0007518679854662 0.0015538139957588 0.0022458656722889 0.0038364061040174
0 0.0075704856787048 0.308009420289855 0.0083630394621699 0.0455700817329089 0.1140012658227848 0.5788754797441364 0.0001504541784416 0.0057032414419872 0.0156412695659714 0.0477391778262223
0 0.0075704856787048 0.0381358695652173 0.0011207284041504 0.0059387591644583 0.2880170886075949 0.7920524520255865 0.0001645813484053 0.0014023750378673 0.0026360230672505 0.0116205854873871
0 0.0088155666251556 0.0254572463768115 0.0008846415623741 0.0035779343492373 0.4462132911392405 0.991372921108742 0.0004208885748889 0.0016143895789154 0.0025276460130945 0.0066387106820305
0 0.0287368617683686 0.3768362318840579 0.0348811467781589 0.0162999500924593 0.9218565400843882 0.991372921108742 0.0033835579329834 0.1405747773401999 0.1078051164202402 0.0835464029897228
0 0.0088155666251556 0.0290797101449275 0.0009957412526217 0.0040433966550774 0.4261751054852321 0.8123042643923242 0.0003785070649979 0.001765828536807 0.0023759181372761 0.0078841793833696
0 0.0150409713574097 0.2717847826086956 0.0136819371327767 0.0217123457847681 0.2637603375527426 0.7078475479744136 0.0004208885748889 0.0178486458648894 0.0308357325586437 0.0710917159763313
0 0.0113057285180572 0.2174478260869565 0.0084533079604961 0.0226153426580979 0.3354759493670886 0.8645326226012793 0.0003845615664109 0.0134569160860345 0.0228375059619303 0.0577029274369355
0 0.0113057285180572 0.1486210144927536 0.0058146903171141 0.0155403156093282 0.321765611814346 0.8005795309168443 0.0003583253936213 0.0088531717661314 0.0145791744352425 0.0402663656181874
0 0.0075704856787048 0.0127786231884057 0.0004402428013834 0.0022150607177374 0.1709518987341772 0.6001931769722815 0.0002432898667743 0.0002514389578915 0.0007069115032736 0.0019682030520087
0 0.0100606475716064 0.0363246376811594 0.0013637589765671 0.0044306612935364 0.1625147679324894 0.7632735607675907 0.0001443996770286 0.0010692093305059 0.0031345575163682 0.0097523824353783
0 0.0100606475716064 0.0145898550724637 0.0006138360673954 0.0019488162787969 0.609682700421941 0.7888547974413647 0.0009274485264432 0.0014326628294456 0.0013571738282096 0.002902304578013
0 0.0113057285180572 0.2735960144927536 0.0106058644590446 0.0283870752505153 0.2584871308016878 0.7632735607675907 0.0003361255551069 0.0135780672523477 0.0255686077266617 0.0645530052943008
0 0.0088155666251556 0.0218347826086956 0.0007735418721264 0.0031124720433972 0.6149559071729958 0.7739324093816632 0.0015631711748082 0.0018869797031202 0.0017256558123401 0.0022795702273435
0 0.012550809464508 0.1305086956521739 0.0056272095898212 0.0124421985016564 0.2300118143459916 0.8336219616204691 0.0003078712151796 0.006460436231445 0.0146442006677362 0.0331049205854873
0 0.0075704856787048 0.0417583333333333 0.0012179406331171 0.0064712480423394 0.2279025316455696 0.6886616204690831 0.0002231081953976 0.0012509360799757 0.0025276460130945 0.0085069137340392
0 0.0075704856787048 0.0218347826086956 0.0006832733738002 0.0035444210632168 0.2468860759493671 0.9881752665245204 0.0002473262010496 0.0006754680399878 0.0018990590989897 0.004459140454687
0 0.0088155666251556 0.0544369565217391 0.0017734390843554 0.0073016327959582 0.3154377637130801 0.8282925373134328 0.0002977803794913 0.0025230233262647 0.0044567575770715 0.0134887885393958
0 0.0100606475716064 0.0816054347826087 0.0029260983706749 0.0096028784360317 0.2532139240506329 0.6545533049040514 0.0002856713766653 0.0035528082399272 0.006017387156918 0.0194047648707567
0 0.0088155666251556 0.0091561594202898 0.0003846929562596 0.0014833539729568 0.2753613924050633 0.7781959488272921 0.0005036334275333 0.0003423023326264 0.0007719377357672 0.0013454687013391
0 0.012550809464508 0.0127786231884057 0.0006624421818787 0.0014405314408195 0.2205200421940928 0.9999 0.0003199802180056 0.0005846046652529 0.0018557082773273 0.0032136717533478
0 0.0001 0.0544369565217391 0.0002666495353714 0.0578042929796105 0.1836075949367089 0.9999 0.0001343088413403 0.0001 0.0006202098599488 0.0016568358766739
0 0.0162860523038605 0.6141076086956522 0.0331035517341963 0.0453038372939684 0.2184107594936709 0.5650189765458422 0.0003926342349616 0.0372025446834292 0.0610512552573385 0.1564063220180629
0 0.0075704856787048 0.2826521739130434 0.0076825538594029 0.041846383286188 0.4082462025316455 0.8655985074626866 0.0004572155833669 0.014486700999697 0.0207783419329662 0.0539665213329181
0 0.0050803237858032 0.0218347826086956 0.0005027363771477 0.0049277750361736 0.3998090717299578 0.9178268656716418 0.0002755805409769 0.0007360436231445 0.0012487967740536 0.004459140454687
0 0.0088155666251556 0.0435695652173913 0.0014401400136124 0.0059052458784378 0.319656329113924 0.765405330490405 0.0002473262010496 0.0020384186610118 0.003329636213849 0.0125546870133914
0 0.026246699875467 0.1268862318840579 0.0108975011459447 0.0060951544992206 0.5105464135021098 0.8677302771855012 0.0022473298344771 0.0252691548015752 0.0296002341412652 0.0222070694487698
0 0.0299819427148194 0.3569126811594202 0.0344228605558873 0.0148328129044512 0.8617419831223628 0.9274198294243072 0.0031151417036737 0.1302466404119963 0.0998935914668516 0.0838577701650576
0 0.0137958904109589 0.0127786231884057 0.0007179920270026 0.0013288204874178 0.7805345991561181 0.9999 0.0029657973354864 0.0021898576189033 0.0020291115639769 0.0013454687013391
0 0.0100606475716064 0.6159188405797101 0.0213617032211465 0.0706305722793407 0.0211928270042194 0.2591100213219616 0.0001706358498183 0.0066118751893365 0.0202147812513549 0.051164216754905
0 0.0075704856787048 0.1721670289855072 0.0047175808759184 0.0256203673046017 0.2342303797468355 0.9807140724946696 0.0002210900282599 0.0054609391093608 0.0142540432727745 0.0355958579881656
0 0.0088155666251556 0.0254572463768115 0.0008846415623741 0.0035779343492373 0.428284388185654 0.9466057569296376 0.0003421800565199 0.0015538139957588 0.0024192689589385 0.0075728122080348
2 0.0162860523038605 0.0019112318840579 0.00024581834345 0.000353211494377 0.5105464135021098 0.5053294243070363 0.0029254339927331 0.0003423023326264 0.0002734032866496 0.0001
0 0.0075704856787048 0.1015289855072463 0.0028219424110677 0.0152480052812606 0.2837985232067511 0.948737526652452 0.0001948538554703 0.0037648227809754 0.0081849282400381 0.0268775770787916
0 0.006325404732254 0.0870391304347826 0.0020928506938174 0.0152926896626212 0.1994272151898734 0.6087202558635394 0.0001847630197819 0.0020384186610118 0.003979898538785 0.0153569915914045
0 0.012550809464508 0.186656884057971 0.0079950217382245 0.0176907514623095 0.3323120253164557 0.730231130063966 0.0004148340734759 0.0126088579218418 0.0184590729740276 0.0508528495795702
0 0.0075704856787048 0.0091561594202898 0.0003430305724167 0.0016825718398563 0.2964542194092827 0.7462194029850747 0.0008406673395236 0.0003120145410481 0.00064188527078 0.0007227343506695
0 0.0088155666251556 0.0145898550724637 0.0005513424916311 0.0021815474317169 0.3850440928270042 0.9999 0.0003643798950343 0.0007966192063011 0.001508901704028 0.0038364061040174
0 0.0088155666251556 0.1703557971014492 0.0053286291722806 0.0221964265828418 0.4367215189873418 0.8975750533049042 0.0004935425918449 0.0106098636776734 0.014839279365217 0.0371526938648396
0 0.0075704856787048 0.0182123188405797 0.0005860611448335 0.0030119321853357 0.3428584388185654 0.9583304904051174 0.0001908175211949 0.0007663314147228 0.0015522525256905 0.0060159763313609
0 0.0113057285180572 0.059870652173913 0.0024122623032794 0.006417254414862 0.2837985232067511 0.8432149253731344 0.0003058530480419 0.0031893547409875 0.00623414126523 0.0166024602927436
0 0.0088155666251556 0.0218347826086956 0.0007735418721264 0.0031124720433972 0.4620329113924051 0.9071680170575692 0.0004390520791279 0.0014326628294456 0.0020074361531457 0.0057046091560261
0 0.006325404732254 0.1685445652173913 0.0039676579667467 0.0292565588378246 0.247940717299578 0.6939910447761195 0.0003926342349616 0.0047946076946379 0.0086617872783245 0.0203388663967611
0 0.0100606475716064 0.0508144927536231 0.0018637075826816 0.0060858452531038 0.247940717299578 0.730231130063966 0.0002069628582963 0.002159569827325 0.0041749772362658 0.0150456244160697
3 0.0187762141967621 0.0508144927536231 0.0032732849026988 0.0034624996973889 0.0971270042194093 0.4626940298507462 0.0004188704077513 0.0019172674946985 0.0049336166153579 0.0078841793833696
0 0.0100606475716064 0.4293619565217391 0.0149248649174225 0.0493217079179803 0.1224383966244726 0.5884684434968017 0.0001524723455793 0.0107613026355649 0.0284731127780427 0.0885282777950794
1 0.0287368617683686 0.9220170289855072 0.0850426569249788 0.0396512630518461 0.8374852320675106 0.9220904051172708 0.0076983992733144 0.313639218418661 0.2457691063608377 0.083235035814388
0 0.0075704856787048 0.4420405797101449 0.011959891933938 0.0652516898730523 0.0960723628691983 0.5820731343283584 0.0001827448526443 0.0073387821872159 0.0225340502102935 0.0542778885082528
0 0.0088155666251556 0.621352536231884 0.0191605406081146 0.0801464836599359 0.1730611814345991 0.8272266524520256 0.0001443996770286 0.017909221448046 0.0499534449117634 0.1511130800373715
0 0.0150409713574097 0.2645398550724637 0.0133208631394718 0.0211407580731964 0.322820253164557 0.683332196162047 0.0006247234557932 0.0206048348985156 0.0290583488704851 0.0589483961382746
0 0.0100606475716064 0.0562481884057971 0.0020511883099745 0.0067077028937062 0.3850440928270042 0.696122814498934 0.0005197787646346 0.0035225204483489 0.004413406755409 0.0119319526627218
0 0.0075704856787048 0.0182123188405797 0.0005860611448335 0.0030119321853357 0.2743067510548523 0.9999 0.0001665995155429 0.0006148924568312 0.0016172787581841 0.0053932419806913
0 0.0113057285180572 0.0200235507246376 0.0008846415623741 0.002321186123469 0.2964542194092827 0.9551328358208956 0.0002654897052886 0.0010994971220842 0.0024409443697697 0.0066387106820305
0 0.0088155666251556 0.0653043478260869 0.0021067381550984 0.0086980197134785 0.3407491561181434 0.7366264392324094 0.0003462163907953 0.0032499303241441 0.0047818887395395 0.0153569915914045
1 0.0013450809464508 0.1757894927536231 0.0014123650910505 0.0913175790000987 0.4514864978902954 0.6300379530916845 0.0017952603956398 0.0027350378673129 0.0027227247105753 0.002902304578013
0 0.0113057285180572 0.1105851449275362 0.0043565068826135 0.0116304322402712 0.2247386075949367 0.6332356076759063 0.0003401618893823 0.0048551832777946 0.0087701643324805 0.0231411709747742
0 0.0100606475716064 0.0562481884057971 0.0020511883099745 0.0067077028937062 0.1983725738396624 0.9071680170575692 0.0002009083568833 0.0019778430778551 0.0056489051727875 0.0141115228900654
1 0.0025901618929016 0.4673978260869565 0.0054466725931687 0.1608259960558144 0.9577143459915612 0.9764505330490404 0.0135853928138877 0.0224826779763707 0.0164215843558947 0.0032136717533478
0 0.0100606475716064 0.0816054347826087 0.0029260983706749 0.0096028784360317 0.3302027426160338 0.8378855010660983 0.0003038348809043 0.0044614419872765 0.0075563413259333 0.0231411709747742
0 0.0100606475716064 0.0870391304347826 0.0031135790979678 0.0102228742274107 0.5569506329113924 0.994570575692964 0.0004995970932579 0.007641660102999 0.009463777479079 0.0265662099034568
0 0.0088155666251556 0.0236460144927536 0.0008290917172502 0.0033452031963172 0.3882080168776372 0.7718006396588486 0.0002775987081146 0.0013115116631323 0.0018557082773273 0.0075728122080348
0 0.0088155666251556 0.1105851449275362 0.0034954842831941 0.0145162985364799 0.321765611814346 0.965791684434968 0.0002594352038756 0.0052489245683126 0.0103524693231583 0.030613983182809
0 0.0113057285180572 0.0363246376811594 0.0015095773200172 0.0039968504244934 0.3270388185654008 0.8069748400852879 0.0003240165522809 0.0021898576189033 0.0036764427871482 0.0109978511367175
1 0.0001 0.0779829710144927 0.0003569180336977 0.0820083328832964 0.2089189873417721 0.9999 0.0003421800565199 0.0002211511663132 0.0009019902007544 0.0013454687013391
0 0.012550809464508 0.1522434782608695 0.0065437820343644 0.0144734760043427 0.2163014767932489 0.8869162046908318 0.0002352171982236 0.0071570554377461 0.018068915579066 0.0446255060728744
0 0.0075704856787048 0.0145898550724637 0.0004888489158668 0.002481305156678 0.3470770042194093 0.8474784648187633 0.0003018167137666 0.0006148924568312 0.0011187443090664 0.0035250389286826
0 0.0088155666251556 0.0127786231884057 0.0004957926465072 0.0019488162787969 0.2089189873417721 0.6502897654584223 0.0002210900282599 0.0003725901242047 0.0008803147899232 0.002902304578013
0 0.0088155666251556 0.0453807971014492 0.0014956898587362 0.0061379770313579 0.3660605485232068 0.974318763326226 0.0002876895438029 0.0024018721599515 0.0043483805229154 0.013177421364061
0 0.0088155666251556 0.0363246376811594 0.0012179406331171 0.0049743212667576 0.2215746835443038 0.6758710021321961 0.0002049446911586 0.0012206482883974 0.0024842951914321 0.008818280909374
0 0.0088155666251556 0.5579594202898551 0.0172162960287805 0.072000893307734 0.14142194092827 0.6204449893390193 0.0001827448526443 0.0137900817933959 0.0344772015782855 0.1009829648084708
0 0.0113057285180572 0.119641304347826 0.0047036934146375 0.0125613568519515 0.2521592827004219 0.5607554371002132 0.0003563072264836 0.0057941048167222 0.0084883839916749 0.0265662099034568
0 0.012550809464508 0.2735960144927536 0.0116613115163974 0.0258139996238312 0.3302027426160338 0.7483511727078891 0.0004794154218813 0.0183635383217206 0.027649447166457 0.0657984739956399
0 0.0088155666251556 0.1051514492753623 0.0033288347478227 0.0138181050777198 0.284853164556962 0.8730597014925373 0.0003845615664109 0.0044917297788548 0.0089652430299614 0.0194047648707567
0 0.0088155666251556 0.0743605072463768 0.0023844873807175 0.0098616754780788 0.3280934599156118 0.9679234541577824 0.0003381437222446 0.0035830960315056 0.0070144560551532 0.0172251946434132
0 0.012550809464508 0.1323199275362318 0.0057035906268665 0.0126116267809822 0.2057550632911392 0.674805117270789 0.0002957622123536 0.005975831566192 0.0122165546546416 0.0315480847088134
0 0.0088155666251556 0.0490032608695652 0.0016067895489839 0.006603439337198 0.3639512658227848 0.995636460554371 0.0003159438837303 0.0025835989094213 0.0047818887395395 0.013177421364061
0 0.006325404732254 0.0218347826086956 0.000593004875474 0.0041215943224585 0.2563778481012658 0.9999 0.0002069628582963 0.0005846046652529 0.0016389541690153 0.004459140454687
0 0.0100606475716064 0.0272684782608695 0.0010512910977456 0.0033973349745713 0.179389029535865 0.444573987206823 0.0001665995155429 0.0008571947894577 0.0014438754715344 0.0072614450327
0 0.0050803237858032 0.0544369565217391 0.0011276721347908 0.0116304322402712 0.319656329113924 0.9721869936034117 0.0001988901897456 0.0015538139957588 0.003221259159693 0.0113092183120523
0 0.0075704856787048 0.1794119565217391 0.0049120053338519 0.0266853450603639 0.2437221518987341 0.986043496801706 0.0002372353653613 0.0058849681914571 0.0149259810085418 0.03652995951417
3 0.0113057285180572 0.0200235507246376 0.0008846415623741 0.002321186123469 0.1646240506329114 0.5554260127931769 0.0002352171982236 0.0006451802484095 0.0014655508823656 0.004459140454687
0 0.0088155666251556 0.2102028985507246 0.0065507257650049 0.0273165119470831 0.1572415611814346 0.6780027718550106 0.0001908175211949 0.005582090275674 0.0141023153969561 0.0402663656181874
0 0.0113057285180572 0.4855101449275362 0.0187300293084049 0.0501707111638326 0.2679789029535865 0.4626940298507462 0.0009375393621316 0.0248451257194789 0.0288849455838355 0.049607380878231
0 0.0100606475716064 0.059870652173913 0.0021761754615032 0.0071210334212922 0.320710970464135 0.9199586353944564 0.0003139257165926 0.0031893547409875 0.0060824133894116 0.0162910931174089
0 0.0100606475716064 0.4166833333333333 0.0144874098870723 0.0478750510714292 0.1519683544303797 0.6129837953091684 0.0001988901897456 0.0122151166313238 0.0286465160646923 0.0851032388663967
0 0.0050803237858032 0.0200235507246376 0.0004680177239453 0.0045554051915015 0.1561869198312236 0.5554260127931769 0.0003018167137666 0.0002514389578915 0.0007069115032736 0.0016568358766739
0 0.0088155666251556 0.0254572463768115 0.0008846415623741 0.0035779343492373 0.2437221518987341 0.6268402985074628 0.0003563072264836 0.0009177703726143 0.0016389541690153 0.004459140454687
0 0.0137958904109589 0.5996177536231884 0.0277152167571847 0.0515987495181501 0.3692244725738397 0.636433262260128 0.0008063584981832 0.0484090275674038 0.0568679009669167 0.1106353472438492
1 0.0013450809464508 0.5869391304347826 0.0045648188018279 0.3026374658515101 0.4567597046413502 0.5063953091684436 0.0056782139685102 0.0094286398061193 0.0075129905042709 0.0032136717533478
0 0.0100606475716064 0.1431873188405797 0.0050508799466614 0.0166369448018875 0.1888808016877637 0.6737392324093816 0.0002089810254339 0.0049157588609512 0.0107859775397823 0.0334162877608221
0 0.0113057285180572 0.1884681159420289 0.0073423110580195 0.0196363839007212 0.1920447257383966 0.79844776119403 0.0002412716996366 0.0073387821872159 0.0184157221523652 0.0449368732482092
0 0.0088155666251556 0.0960952898550724 0.0030510855222035 0.0126544493131195 0.3143831223628692 0.8794550106609809 0.0002493443681873 0.0044614419872765 0.0082499544725317 0.0268775770787916
1 0.0001 0.1902793478260869 0.0007874293334074 0.1974429847316445 0.4029729957805907 0.9999 0.0001040363342753 0.001281223871554 0.0022458656722889 0.0138001557147306
0 0.0050803237858032 0.1033402173913043 0.0020650757712555 0.0216844180464177 0.1561869198312236 0.7280993603411515 0.0001827448526443 0.0016446773704937 0.0046301608637211 0.0125546870133914
0 0.0100606475716064 0.9202057971014492 0.0318606239495506 0.1053857117318102 0.0465042194092827 0.3379855010660981 0.0001686176826806 0.0131843259618297 0.0375767853271473 0.1019170663344752
0 0.006325404732254 0.1685445652173913 0.0039676579667467 0.0292565588378246 0.1393126582278481 0.9295515991471218 0.0001645813484053 0.003037915783096 0.0113712136322247 0.0243866396761133
0 0.0088155666251556 0.0779829710144927 0.0024955870709652 0.0103271377839189 0.394535864978903 0.9338151385927504 0.0005561057731126 0.0044311541956982 0.007101157698478 0.0141115228900654
0 0.0200212951432129 0.1902793478260869 0.0125639964996596 0.0116955969630889 0.9229111814345992 0.9999 0.0028305801372628 0.0504988851863071 0.0390073624420066 0.0355958579881656
0 0.0088155666251556 0.1468097826086956 0.0046064811856708 0.0191709215948811 0.3860987341772152 0.7366264392324094 0.0004047432377876 0.0081868403514086 0.0106559250747951 0.0337276549361569
0 0.0038352428393524 0.0417583333333333 0.0007179920270026 0.0112580623955991 0.5495681434599156 0.9551328358208956 0.0003098893823173 0.0015538139957588 0.0019424099206521 0.0081955465587044
0 0.006325404732254 0.0218347826086956 0.000593004875474 0.0041215943224585 0.2289571729957806 0.6449603411513859 0.0002009083568833 0.0005240290820963 0.001075393487404 0.0041477732793522
0 0.0075704856787048 0.0182123188405797 0.0005860611448335 0.0030119321853357 0.2605964135021096 0.986043496801706 0.0001706358498183 0.0005846046652529 0.0015956033473529 0.0050818748053565
0 0.0100606475716064 0.0797942028985507 0.0028636047949106 0.0093962131722387 0.2679789029535865 0.5735460554371002 0.0002372353653613 0.0036436716146622 0.0052153969561635 0.0228298037994394
0 0.0100606475716064 0.058059420289855 0.0021136818857388 0.0069143681574992 0.2184107594936709 0.7590100213219617 0.0002352171982236 0.0022201454104816 0.0049336166153579 0.0141115228900654
0 0.0088155666251556 0.0435695652173913 0.0014401400136124 0.0059052458784378 0.2405582278481013 0.8133701492537313 0.0002210900282599 0.0015841017873371 0.0035247149113298 0.0106864839613827
0 0.012550809464508 0.183034420289855 0.007842259664134 0.0173518949036579 0.25005 0.8176336886993603 0.0002755805409769 0.0097012299303241 0.0201064041971989 0.0536551541575833
0 0.0100606475716064 0.0960952898550724 0.0034260469767894 0.0112580623955991 0.1466951476793249 0.7238358208955225 0.0001484360113039 0.0027047500757346 0.0077514200234141 0.0231411709747742
0 0.0088155666251556 0.061681884057971 0.0019956384648507 0.0082325574076384 0.3481316455696203 0.9999 0.0003058530480419 0.0031287791578309 0.006017387156918 0.0162910931174089
0 0.0113057285180572 0.9238282608695652 0.035533857458364 0.0952274623691556 0.0939630801687763 0.4978682302771856 0.0001605450141299 0.021725483186913 0.0584935567792568 0.1725974151354718
0 0.0075704856787048 0.0182123188405797 0.0005860611448335 0.0030119321853357 0.3428584388185654 0.944473987206823 0.0001766903512313 0.0007663314147228 0.0015305771148592 0.0063273435066957
0 0.0075704856787048 0.0671155797101449 0.001898426235884 0.0101949464890603 0.2627056962025316 0.8400172707889126 0.0001908175211949 0.0023110087852166 0.0048469149720331 0.0169138274680784
0 0.006325404732254 0.0200235507246376 0.0005513424916311 0.0038106655021573 0.4578143459915612 0.940210447761194 0.0003401618893823 0.0009480581641926 0.0014222000607032 0.0047705076300218
0 0.0100606475716064 0.0761717391304347 0.0027386176433819 0.0089828826446527 0.4409400843881856 0.944473987206823 0.0005661966088009 0.0054003635262041 0.0079031478992325 0.0169138274680784
0 0.0088155666251556 0.0435695652173913 0.0014401400136124 0.0059052458784378 0.3354759493670886 0.7121110874200426 0.0003139257165926 0.0021292820357467 0.003112882105537 0.0109978511367175
0 0.0075704856787048 0.0127786231884057 0.0004402428013834 0.0022150607177374 0.321765611814346 0.7718006396588486 0.0002089810254339 0.000493741290518 0.0009019902007544 0.0038364061040174
0 0.0113057285180572 0.0200235507246376 0.0008846415623741 0.002321186123469 0.2964542194092827 0.8581373134328358 0.0002654897052886 0.0010994971220842 0.0022025148506265 0.0066387106820305
0 0.006325404732254 0.0109673913043478 0.0003430305724167 0.0022597450990981 0.6982725738396623 0.8474784648187633 0.0059526846992329 0.0007966192063011 0.0007285869141048 0.0001
0 0.0088155666251556 0.0960952898550724 0.0030510855222035 0.0126544493131195 0.5116010548523207 0.9476716417910448 0.0005762874444893 0.0069147531051196 0.0088568659758054 0.0212729679227654
0 0.0150409713574097 0.7390826086956521 0.0369712097009431 0.058664467320803 0.2743067510548523 0.5756778251599148 0.0005096879289463 0.0500748561042108 0.0693095867840263 0.1701064777327935
0 0.012550809464508 0.2120141304347826 0.0090643562568583 0.020059023674424 0.3755523206751055 0.5906002132196163 0.0012362280985062 0.0159405149954559 0.0172886007891427 0.0246980068514481
0 0.0162860523038605 0.6485210144927536 0.0349505840845637 0.0478303666900685 0.3333666666666667 0.5895343283582088 0.0008184675010092 0.0558598242956679 0.0669903178250878 0.1258923388352538
0 0.0113057285180572 0.2717847826086956 0.0105364271526398 0.0282008903281793 0.3470770042194093 0.7707347547974416 0.0006005054501413 0.0173034656164798 0.0256553093699865 0.051164216754905
0 0.0088155666251556 0.0761717391304347 0.0024400372258414 0.0100944066309989 0.3650059071729958 0.9412763326226014 0.0002392535324989 0.0040374129051802 0.006992780644322 0.0250093740267829
0 0.0100606475716064 0.0924728260869565 0.0033010598252607 0.0108447318680131 0.3238748945147679 0.8155019189765458 0.0003825433992733 0.0049763344441078 0.0083366561158565 0.0215843350981002
0 0.006325404732254 0.0290797101449275 0.0007596544108454 0.0053615859052166 0.4209018987341772 0.7280993603411515 0.0004148340734759 0.001281223871554 0.0015956033473529 0.0053932419806913
1 0.0001 0.0345134057971014 0.0001902684983262 0.0373239515226455 0.8417037974683543 0.9999 0.0016136253532498 0.000402877915783 0.0003817803408056 0.0004113671753347
0 0.0075704856787048 0.0345134057971014 0.0010235161751836 0.0054062702865772 0.465196835443038 0.977516417910448 0.0002654897052886 0.0019778430778551 0.0029178034080561 0.0116205854873871
0 0.0100606475716064 0.0779829710144927 0.0028011112191463 0.0091895479084457 0.1983725738396624 0.760075906183369 0.0001847630197819 0.0027653256588912 0.0066026232493604 0.0206502335720959
0 0.0113057285180572 0.5036224637681159 0.0194244023724528 0.0520325603871931 0.3428584388185654 0.666278038379531 0.0004430884134033 0.0317507421993335 0.0414783592767636 0.1209104640298972
0 0.0075704856787048 0.0417583333333333 0.0012179406331171 0.0064712480423394 0.2342303797468355 0.6385650319829425 0.0001968720226079 0.001281223871554 0.0023542427264449 0.0094410152600436
0 0.0100606475716064 0.0725492753623188 0.0026136304918533 0.0085695521170667 0.2996181434599156 0.6737392324093816 0.0002836532095276 0.0036436716146622 0.0054971772969691 0.0200274992214263
0 0.0075704856787048 0.3043869565217391 0.0082658272332032 0.0450375928550279 0.1213837552742616 0.7707347547974416 0.0001565086798546 0.0058546803998788 0.0200847287863677 0.0477391778262223
1 0.0001 0.2265039855072463 0.0009263039462169 0.2346799691988536 0.9914628691983124 0.9999 0.0251252725070649 0.0036739594062405 0.0026793738889129 0.0001
0 0.0050803237858032 0.0218347826086956 0.0005027363771477 0.0049277750361736 0.2047004219409283 0.8197654584221749 0.0001665995155429 0.0003725901242047 0.0011187443090664 0.0035250389286826
1 0.0001 0.0182123188405797 0.0001277749225619 0.0205673085124014 0.9999 0.9999 0.0021181671376665 0.0002211511663132 0.0001867016433248 0.0001
0 0.0088155666251556 0.0308909420289855 0.0010512910977456 0.0042761278079974 0.392426582278481 0.8815867803837952 0.0003078712151796 0.0017355407452287 0.0027227247105753 0.0091296480847088
0 0.0113057285180572 0.0526257246376811 0.0021345130776603 0.0056725147255178 0.3955905063291139 0.765405330490405 0.0004592337505046 0.0037648227809754 0.0050203182586827 0.0141115228900654
0 0.0075704856787048 0.0091561594202898 0.0003430305724167 0.0016825718398563 0.4219565400843882 0.974318763326226 0.0002473262010496 0.0004634534989397 0.0008369639682608 0.0032136717533478
0 0.012550809464508 0.0508144927536231 0.0022664439598294 0.0049948016082146 0.2827438818565401 0.5927319829424308 0.0003462163907953 0.0029773401999394 0.0042183280579282 0.0141115228900654
0 0.0100606475716064 0.0453807971014492 0.0016762268553887 0.0054658494617248 0.2605964135021096 0.9498034115138594 0.0002352171982236 0.0020081308694335 0.0047818887395395 0.0128660541887262
2 0.012550809464508 0.0019112318840579 0.0002041559596071 0.000425823614088 0.6160105485232068 0.6119179104477613 0.0027236172789664 0.0003120145410481 0.0002517278758184 0.0001
0 0.0075704856787048 0.0109673913043478 0.0003916366869001 0.0019488162787969 0.2247386075949367 0.7824594882729212 0.0001887993540573 0.0002817267494698 0.0007936131465984 0.0025909374026782
0 0.0100606475716064 0.1160188405797101 0.0041134763101968 0.0135332421465456 0.2247386075949367 0.7121110874200426 0.0002352171982236 0.0045825931535898 0.0092036725491046 0.0287457801308003
0 0.0088155666251556 0.1268862318840579 0.0039954328893086 0.0166108789127604 0.2743067510548523 0.8570714285714286 0.0002735623738393 0.0052489245683126 0.0106125742531327 0.0293685144814699
0 0.0088155666251556 0.0109673913043478 0.0004402428013834 0.0017160851258768 0.2837985232067511 0.3912797441364606 0.0011090835688332 0.0004331657073614 0.0004684819841304 0.0007227343506695
1 0.0001 0.0779829710144927 0.0003569180336977 0.0820083328832964 0.9039276371308016 0.9999 0.0039345175615664 0.0010994971220842 0.0009019902007544 0.0004113671753347
0 0.0075704856787048 0.1087739130434782 0.0030163668690011 0.0163111211877994 0.1994272151898734 0.7803277185501066 0.0001948538554703 0.0030076279915177 0.0072962363959588 0.0215843350981002
0 0.0088155666251556 0.0200235507246376 0.0007179920270026 0.0028797408904771 0.4831257383966245 0.8336219616204691 0.0004188704077513 0.001372087246289 0.0017039804015089 0.0057046091560261
0 0.0150409713574097 0.1033402173913043 0.0052869667884377 0.0083945382900708 0.2996181434599156 0.5724801705756929 0.0005439967702866 0.0075507967282641 0.0097455578198846 0.0243866396761133
0 0.0100606475716064 0.1920905797101449 0.0067382064922978 0.0222224924719689 0.321765611814346 0.6726733475479745 0.0003906160678239 0.0103069857618903 0.0144057711485929 0.0436914045468701
0 0.006325404732254 0.1431873188405797 0.0033843845929465 0.0249110027505014 0.3164924050632912 0.95726460554371 0.0002029265240209 0.0050066222356861 0.0099406365173654 0.0346617564621613
0 0.0175311332503113 0.4003822463768116 0.0231740169183115 0.0276423355611711 0.3818801687763713 0.7099793176972281 0.0009758845377472 0.0416245622538624 0.0525111433898452 0.0801213640610401
0 0.0150409713574097 0.6811231884057971 0.0340826177545039 0.0540805945328896 0.1329848101265822 0.7291652452025585 0.0002190718611223 0.0262989397152378 0.079171898712223 0.1704178449081283
0 0.006325404732254 0.1703557971014492 0.0040093203505896 0.0295656258089025 0.215246835443038 0.7526147121535182 0.0002574170367379 0.004310003029385 0.0094421020682478 0.0253207412021177
0 0.0075704856787048 0.0218347826086956 0.0006832733738002 0.0035444210632168 0.7678789029535865 0.9881752665245204 0.0014905171578522 0.0020384186610118 0.0018990590989897 0.0025909374026782
0 0.0162860523038605 0.0182123188405797 0.0011207284041504 0.0015503805449977 0.5000000000000001 0.6886616204690831 0.0015328986677432 0.0023412965767949 0.0023108919047825 0.002902304578013
0 0.0100606475716064 0.1377536231884057 0.0048633992193685 0.0160169490105085 0.4578143459915612 0.9679234541577824 0.0004289612434396 0.0100949712208421 0.0145141482027489 0.0396436312675179
0 0.0100606475716064 0.4909438405797101 0.017049646493409 0.0563557742838361 0.2289571729957806 0.6758710021321961 0.0002876895438029 0.0198476401090578 0.0368831721805489 0.1062762067891622
2 0.0660892901618929 0.0001 0.0004263553401025 0.0001223421906803 0.9999 0.9999 0.0107962858296326 0.0015235262041805 0.0011187443090664 0.0001
2 0.032472104607721 0.0055336956521739 0.0008013167946883 0.0003625207404938 0.3460223628691983 0.7334287846481876 0.0004148340734759 0.0011297849136625 0.0017039804015089 0.0047705076300218
0 0.0088155666251556 0.0109673913043478 0.0004402428013834 0.0017160851258768 0.4156286919831224 0.7526147121535182 0.0005298696003229 0.0006451802484095 0.0008803147899232 0.0022795702273435
0 0.0088155666251556 0.0906615942028985 0.002884435986832 0.0119562558543593 0.3354759493670886 0.725967590618337 0.0003401618893823 0.0044614419872765 0.0065159216060356 0.0212729679227654
4 0.0337171855541718 0.0562481884057971 0.0062729765393857 0.0022150607177374 0.4525411392405064 0.7249017057569296 0.0013976814695195 0.0129420236292032 0.0143624203269305 0.0178479289940828
0 0.006325404732254 0.0182123188405797 0.0005096801077882 0.0034997366818561 0.3449677215189873 0.8059089552238807 0.0002352171982236 0.0006451802484095 0.0011187443090664 0.004459140454687
0 0.0088155666251556 0.1939018115942029 0.0060507771588904 0.0252219315708026 0.1519683544303797 0.6652121535181238 0.0001686176826806 0.0050066222356861 0.012801790747084 0.0390208969168483
0 0.0100606475716064 0.1142076086956521 0.0040509827344325 0.0133265768827526 0.1319301687763713 0.444573987206823 0.0003663980621719 0.0029773401999394 0.0059306855135932 0.0134887885393958
0 0.0137958904109589 0.5452807971014493 0.0252154737266123 0.046944126459749 0.1551322784810126 0.781393603411514 0.0002372353653613 0.021725483186913 0.0623734553180418 0.1333651510432887
0 0.0088155666251556 0.4203057971014493 0.0129945077993693 0.0543133256858096 0.2215746835443038 0.8272266524520256 0.0002170536939846 0.0146684277491669 0.0338052638425183 0.0960010900031143
0 0.006325404732254 0.0218347826086956 0.000593004875474 0.0041215943224585 0.3101645569620253 0.5490307036247334 0.0005803237787646 0.0007057558315661 0.0009236656115856 0.0022795702273435
0 0.0075704856787048 0.0345134057971014 0.0010235161751836 0.0054062702865772 0.4346122362869199 0.9849776119402984 0.0003663980621719 0.0018566919115419 0.0029394788188873 0.0085069137340392
0 0.0113057285180572 0.0399471014492753 0.0016484519328268 0.0043692202691655 0.2205200421940928 0.772866524520256 0.0002533807024626 0.0017052529536504 0.003871521484629 0.0103751167860479
0 0.0100606475716064 0.1649221014492753 0.0058008028558332 0.019118789816627 0.1983725738396624 0.6172473347547974 0.0002089810254339 0.0059152559830354 0.0114579152755495 0.0399549984428527
0 0.0088155666251556 0.0544369565217391 0.0017734390843554 0.0073016327959582 0.3955905063291139 0.991372921108742 0.0003341073879693 0.0030984913662526 0.0052804231886571 0.0150456244160697
0 0.0088155666251556 0.0689268115942029 0.002217837845346 0.0091634820193186 0.3544594936708861 0.9284857142857144 0.0003421800565199 0.0035528082399272 0.0062558166760612 0.0169138274680784
0 0.006325404732254 0.1721670289855072 0.0040509827344325 0.0298765546292037 0.1540776371308017 0.6460262260127934 0.0002231081953976 0.0033407936988791 0.0082933052941941 0.021895702273435
0 0.0100606475716064 0.1776007246376811 0.0062382578861833 0.0205673085124014 0.431448312236287 0.8997068230277186 0.0004329975777149 0.012336267797637 0.0174403286649611 0.0480505450015571
0 0.0150409713574097 0.628597463768116 0.0314648313030433 0.0499268089155724 0.1509137130801688 0.725967590618337 0.0002291626968106 0.0265715298394425 0.0728426787495122 0.1669928059794456
0 0.0075704856787048 0.1413760869565217 0.0038912769297014 0.0210997973902825 0.5421856540084388 0.9647257995735607 0.0006166507872426 0.0093680642229627 0.0115446169188743 0.0271889442541264
0 0.012550809464508 0.2971420289855072 0.0126542649979859 0.0280147054058432 0.318601687763713 0.6865298507462686 0.0005803237787646 0.0193630354438049 0.0277361488097819 0.0589483961382746
0 0.0100606475716064 0.5887503623188405 0.0204242995846818 0.0675268696239988 0.1256023206751055 0.6172473347547974 0.0001605450141299 0.0150621690396849 0.0407413953085028 0.1196649953285581
0 0.0113057285180572 0.0725492753623188 0.002898323448113 0.0077205488712143 0.2257932489451477 0.5085270788912581 0.0002977803794913 0.0031893547409875 0.0047385379178771 0.0169138274680784
0 0.0088155666251556 0.0725492753623188 0.0023289375355937 0.0096289443251588 0.2542685654008438 0.8634667377398721 0.0001867811869196 0.0027956134504695 0.0061474396219052 0.0206502335720959
0 0.012550809464508 0.1540547101449275 0.0066201630714097 0.0146429042836685 0.25005 0.6812004264392324 0.0002977803794913 0.0081565525598303 0.0143190695052681 0.0427573030208657
0 0.006325404732254 0.0218347826086956 0.000593004875474 0.0041215943224585 0.215246835443038 0.9721869936034117 0.0002089810254339 0.000493741290518 0.0015956033473529 0.0038364061040174
0 0.0088155666251556 0.0200235507246376 0.0007179920270026 0.0028797408904771 0.3955905063291139 0.8997068230277186 0.0003341073879693 0.0011297849136625 0.0018340328664961 0.0057046091560261
0 0.0050803237858032 0.0182123188405797 0.0004332990707429 0.0041830353468294 0.3091099156118143 0.8645326226012793 0.0001928356883326 0.0004634534989397 0.0009886918440792 0.0038364061040174
3 0.0150409713574097 0.0073449275362318 0.0005027363771477 0.0008037790064302 0.285907805907173 0.5245153518123669 0.0009577210335082 0.0005240290820963 0.0007285869141048 0.0010341015260043
0 0.0113057285180572 0.058059420289855 0.0023428249968746 0.0062310694925259 0.3323120253164557 0.8549396588486142 0.0002917258780783 0.0035528082399272 0.006125764211074 0.0190933976954219
1 0.0013450809464508 0.2210702898550724 0.0017595516230744 0.1145906942921043 0.4725793248945148 0.4712211087420043 0.0247216390795316 0.0036133838230839 0.0026360230672505 0.0001
0 0.006325404732254 0.0109673913043478 0.0003430305724167 0.0022597450990981 0.3723883966244726 0.8218972281449892 0.0002796168752523 0.000402877915783 0.0007069115032736 0.0025909374026782
0 0.0088155666251556 0.1667333333333333 0.0052175294820329 0.0217309642770017 0.286962447257384 0.8240289978678038 0.0002997985466289 0.0071873432293244 0.0134087022503577 0.0374640610401744
0 0.0113057285180572 0.0816054347826087 0.0032455099801369 0.0086514734828945 0.3280934599156118 0.8325560767590617 0.0003038348809043 0.0049460466525295 0.0083583315266877 0.0256321083774525
0 0.0088155666251556 0.1123963768115942 0.003551034128318 0.0147490296894 0.215246835443038 0.6737392324093816 0.0002049446911586 0.0037951105725537 0.0075346659151021 0.026254842728122
0 0.0100606475716064 0.0290797101449275 0.0011137846735099 0.0036040002383643 0.2690335443037974 0.986043496801706 0.0001766903512313 0.0013115116631323 0.003221259159693 0.0103751167860479
0 0.0100606475716064 0.1667333333333333 0.0058632964315975 0.01932545508042 0.1867715189873418 0.7163746268656717 0.0002150355268469 0.0057032414419872 0.0132569743745393 0.0377754282155091
0 0.006325404732254 0.0327021739130434 0.0008429791785312 0.005983443545819 0.25005 0.7749982942430705 0.0001766903512313 0.000887482581036 0.0018990590989897 0.0072614450327
0 0.0113057285180572 0.0200235507246376 0.0008846415623741 0.002321186123469 0.3143831223628692 0.8581373134328358 0.0003684162293096 0.0011600727052408 0.0022025148506265 0.0053932419806913
0 0.0050803237858032 0.0327021739130434 0.0007110482963621 0.0071619941042062 0.4778525316455697 0.7867230277185502 0.0003381437222446 0.0013417994547106 0.0015956033473529 0.0066387106820305
0 0.0113057285180572 0.1015289855072463 0.0040093203505896 0.010699507628591 0.2890717299578059 0.674805117270789 0.0002977803794913 0.0055215146925174 0.0085317348133373 0.0290571473061351
0 0.0113057285180572 0.1558659420289855 0.0060924395427333 0.0162850552986724 0.3407491561181434 0.7483511727078891 0.0003482345579329 0.0097618055134807 0.0143624203269305 0.045248240423544
0 0.0137958904109589 0.3895148550724637 0.018049543705638 0.0336002530759246 0.4799618143459916 0.7483511727078891 0.0009678118691966 0.0397164313844289 0.0428872609807917 0.0770076923076923
0 0.0075704856787048 0.0327021739130434 0.0009749100607003 0.0051400258476367 0.2943449367088607 0.751548827292111 0.0001847630197819 0.0012206482883974 0.0021591640289641 0.0094410152600436
0 0.0038352428393524 0.0381358695652173 0.0006624421818787 0.0103271377839189 0.4008637130801688 0.9753846481876334 0.0001928356883326 0.0010389215389275 0.0018123574556649 0.0078841793833696
0 0.0162860523038605 0.7825521739130435 0.0421442890280999 0.0576721016847519 0.319656329113924 0.5437012793176973 0.0007942494953572 0.0650673129354741 0.0750969214759571 0.1508017128620367
0 0.0075704856787048 0.063493115942029 0.0018012140069173 0.0096624576111792 0.5432402953586498 0.9242221748400852 0.0004047432377876 0.0042191396546501 0.0050203182586827 0.017536561818748
0 0.0113057285180572 0.7463275362318841 0.0287290014306946 0.0769813399802231 0.2774706751054852 0.7131769722814499 0.0003966705692369 0.0393226900939109 0.0653646620127477 0.1638791342260978
0 0.0100606475716064 0.0290797101449275 0.0011137846735099 0.0036040002383643 0.606518776371308 0.9167609808102348 0.0011898102543399 0.0027956134504695 0.003004505051381 0.004459140454687
0 0.0075704856787048 0.0707380434782608 0.0019956384648507 0.0107255735177181 0.2996181434599156 0.7675371002132196 0.0001948538554703 0.0027350378673129 0.0046951870962147 0.0197161320460915
0 0.0100606475716064 0.0779829710144927 0.0028011112191463 0.0091895479084457 0.4356668776371308 0.940210447761194 0.0005742692773516 0.0054609391093608 0.0080548757750509 0.0169138274680784
0 0.0050803237858032 0.0109673913043478 0.0002944244579334 0.0026935559681411 0.427229746835443 0.9999 0.0001908175211949 0.0003725901242047 0.0007069115032736 0.0032136717533478
3 0.0038352428393524 0.0109673913043478 0.00024581834345 0.0033452031963172 0.2468860759493671 0.9999 0.0003018167137666 0.0001302877915783 0.0005551836274552 0.0010341015260043
0 0.0137958904109589 0.2102028985507246 0.009800391704749 0.0182399969832008 0.2099736286919831 0.610852025586354 0.0002735623738393 0.0105795758860951 0.0192610631747821 0.0589483961382746
0 0.0075704856787048 0.0308909420289855 0.0009263039462169 0.0048737814086962 0.2637603375527426 0.982845842217484 0.0001726540169559 0.0010389215389275 0.0026360230672505 0.0085069137340392
0 0.0088155666251556 0.0308909420289855 0.0010512910977456 0.0042761278079974 0.3555141350210971 0.9263539445629 0.0003502527250706 0.0015841017873371 0.0028527771755625 0.0075728122080348
0 0.0100606475716064 0.0345134057971014 0.0013012654008028 0.0042239960297434 0.3259841772151899 0.8634667377398721 0.0002735623738393 0.0018566919115419 0.0033513116246802 0.0106864839613827
0 0.0100606475716064 0.3297442028985507 0.0114877182503854 0.0379439473140245 0.1751704641350211 0.5735460554371002 0.0001847630197819 0.0107613026355649 0.0213852534362398 0.0782531610090314
0 0.0088155666251556 0.119641304347826 0.0037732335088133 0.0156799543010802 0.35867805907173 0.705715778251599 0.0003643798950343 0.0062484216903968 0.0083583315266877 0.0281230457801308
0 0.0075704856787048 0.0055336956521739 0.00024581834345 0.0011500829619752 0.2468860759493671 0.9615281449893388 0.0015127169963665 0.0001302877915783 0.000533508216624 0.0001
0 0.006325404732254 0.186656884057971 0.0043842818051755 0.0323583996439432 0.1920447257383966 0.8528078891257996 0.0001645813484053 0.004310003029385 0.0116096431513679 0.0343503892868265
0 0.0113057285180572 0.0308909420289855 0.0013012654008028 0.0034382956574852 0.25005 0.7270334754797442 0.0004229067420266 0.0014629506210239 0.0028527771755625 0.0060159763313609
0 0.0075704856787048 0.0091561594202898 0.0003430305724167 0.0016825718398563 0.4725793248945148 0.9999 0.0003684162293096 0.0005240290820963 0.000858639379092 0.0025909374026782
0 0.0100606475716064 0.058059420289855 0.0021136818857388 0.0069143681574992 0.2932902953586498 0.8346878464818763 0.0002634715381509 0.0028561890336261 0.0053888002428131 0.0166024602927436
0 0.0299819427148194 0.1268862318840579 0.0123765157723667 0.0053746188497801 0.1920447257383966 0.7312970149253731 0.0003462163907953 0.0124877067555286 0.0287332177080171 0.0580142946122703
0 0.0075704856787048 0.1721670289855072 0.0047175808759184 0.0256203673046017 0.2764160337552743 0.987109381663113 0.0002553988696003 0.0062787094819751 0.0143407449160993 0.0368413266895048
0 0.0113057285180572 0.0508144927536231 0.0020650757712555 0.0054863298031817 0.2690335443037974 0.8453466950959487 0.0002715442067016 0.0025835989094213 0.0053237740103195 0.0147342572407349
0 0.0075704856787048 0.0290797101449275 0.0008776978317336 0.004609398818979 0.2816892405063291 0.9284857142857144 0.0001827448526443 0.0010389215389275 0.0023542427264449 0.0081955465587044
0 0.006325404732254 0.0327021739130434 0.0008429791785312 0.005983443545819 0.213137552742616 0.953001066098081 0.0001322906742026 0.0007663314147228 0.0023108919047825 0.0075728122080348
0 0.012550809464508 0.0562481884057971 0.0024955870709652 0.005503086446192 0.2953995780590718 0.8027113006396588 0.0002735623738393 0.003431657073614 0.0061691150327364 0.0194047648707567
0 0.0075704856787048 0.0272684782608695 0.0008290917172502 0.0043431543800384 0.2468860759493671 0.951935181236674 0.0002372353653613 0.0008571947894577 0.0022675410831201 0.0057046091560261
0 0.0100606475716064 0.119641304347826 0.0042384634617254 0.0139465726741316 0.4388308016877638 0.8112383795309168 0.0006570141299959 0.0084291426840351 0.0106992758964575 0.0231411709747742
1 0.0001 0.0490032608695652 0.00024581834345 0.0522187453095291 0.5105464135021098 0.9999 0.0005036334275333 0.0003423023326264 0.0005551836274552 0.0013454687013391
0 0.0287368617683686 0.2246927536231883 0.0208825858069534 0.0097834778106977 0.9102554852320676 0.9561987206823028 0.0041948611223253 0.08305826113299 0.0623084290855482 0.0399549984428527
0 0.0075704856787048 0.0653043478260869 0.0018498201214006 0.0099287020501198 0.4947267932489452 0.9508692963752664 0.0005318877674606 0.0039768373220236 0.0053020985994883 0.013177421364061
0 0.0088155666251556 0.0381358695652173 0.0012734904782409 0.0052070524196777 0.3407491561181434 0.9029044776119404 0.0002574170367379 0.0018869797031202 0.0034163378571738 0.0113092183120523
0 0.006325404732254 0.0236460144927536 0.0006346672593168 0.0044306612935364 0.5474588607594936 0.974318763326226 0.0003825433992733 0.0013417994547106 0.0017256558123401 0.0060159763313609
0 0.0088155666251556 0.0200235507246376 0.0007179920270026 0.0028797408904771 0.3628966244725739 0.9220904051172708 0.0002311808639483 0.0010389215389275 0.0018773836881585 0.0069500778573653
1 0.0013450809464508 0.0345134057971014 0.0003291431111358 0.018705459289041 0.7098736286919831 0.8666643923240939 0.0057508679854662 0.0007663314147228 0.0007069115032736 0.0001
0 0.012550809464508 0.1105851449275362 0.0047870181823232 0.0105803492782959 0.1751704641350211 0.6854639658848615 0.0002251263625353 0.0044008664041199 0.0103741447339895 0.0284344129554655
0 0.006325404732254 0.0182123188405797 0.0005096801077882 0.0034997366818561 0.3122738396624472 0.9999 0.0002069628582963 0.0005846046652529 0.0013788492390408 0.004459140454687
0 0.0822753424657534 0.5344134057971015 0.1377594599474949 0.0083126169242429 0.0380670886075949 0.2377923240938166 0.0002089810254339 0.052831045137837 0.1223926679096388 0.3528790096543133
0 0.0075704856787048 0.0544369565217391 0.0015581834345005 0.0083330972656999 0.2416128691983123 0.6609486140724948 0.0002130173597093 0.0017355407452287 0.0031562329271994 0.0119319526627218
0 0.0075704856787048 0.0453807971014492 0.0013151528620838 0.0070018750709972 0.3628966244725739 0.9999 0.0003018167137666 0.0020687064525901 0.0038931968954602 0.0109978511367175
0 0.0088155666251556 0.1105851449275362 0.0034954842831941 0.0145162985364799 0.2574324894514768 0.8602690831556503 0.0002634715381509 0.0043402908209633 0.0092903741924294 0.0250093740267829
0 0.0088155666251556 0.063493115942029 0.0020511883099745 0.0084652885605585 0.3734430379746836 0.9999 0.0002796168752523 0.003431657073614 0.0061907904435676 0.0190933976954219
0 0.0050803237858032 0.0290797101449275 0.0006416109899573 0.006417254414862 0.5527320675105485 0.9498034115138594 0.0003684162293096 0.001372087246289 0.0017039804015089 0.0063273435066957
0 0.0075704856787048 0.0236460144927536 0.0007318794882835 0.0038106655021573 0.321765611814346 0.934881023454158 0.0002695260395639 0.0009480581641926 0.0019424099206521 0.0057046091560261
2 0.0237565379825653 0.0001 0.0001902684983262 0.0001800595166044 0.9999 0.9999 0.0039345175615664 0.000493741290518 0.0003817803408056 0.0001
0 0.0001 0.0508144927536231 0.0002527620740905 0.0540805945328896 0.2721974683544303 0.9999 0.0001262361727896 0.0001605755831566 0.0005768590382864 0.0022795702273435
0 0.0113057285180572 0.059870652173913 0.0024122623032794 0.006417254414862 0.2648149789029536 0.8027113006396588 0.0002695260395639 0.0030076279915177 0.0059523609244244 0.0172251946434132
0 0.0075704856787048 0.0164010869565217 0.0005374550303501 0.0027475495956185 0.2468860759493671 0.75581236673774 0.0003462163907953 0.000493741290518 0.0011187443090664 0.0025909374026782
0 0.0013450809464508 0.0363246376811594 0.0003430305724167 0.0196363839007212 0.1213837552742616 0.6193791044776119 0.0001807266855066 0.0001 0.000533508216624 0.0013454687013391
0 0.0088155666251556 0.0200235507246376 0.0007179920270026 0.0028797408904771 0.5601145569620253 0.8890479744136461 0.0004632700847799 0.0015841017873371 0.0018123574556649 0.0060159763313609
0 0.0075704856787048 0.063493115942029 0.0018012140069173 0.0096624576111792 0.3302027426160338 0.95726460554371 0.0002352171982236 0.0026744622841563 0.0051937215453323 0.0169138274680784
0 0.0113057285180572 0.2174478260869565 0.0084533079604961 0.0226153426580979 0.2279025316455696 0.6417626865671644 0.0003966705692369 0.0097012299303241 0.0173753024324675 0.0405777327935222
0 0.0113057285180572 0.0435695652173913 0.0017873265456363 0.0047415901138376 0.2911810126582279 0.8165678038379531 0.0003119075494549 0.0023715843683732 0.0044350821662402 0.0122433198380566
0 0.0088155666251556 0.0508144927536231 0.0016623393941077 0.0068361704901181 0.3502409282700422 0.8762573560767591 0.0003159438837303 0.0025835989094213 0.0043917313445778 0.013177421364061
0 0.0113057285180572 0.0816054347826087 0.0032455099801369 0.0086514734828945 0.2384489451476793 0.5554260127931769 0.0002331990310859 0.0037648227809754 0.0057572822269435 0.0237639053254437
0 0.0001 0.1957130434782608 0.0008082605253288 0.2030285324017259 0.1382580168776371 0.9999 0.0001100908356883 0.000493741290518 0.0023108919047825 0.0057046091560261
0 0.0113057285180572 0.0327021739130434 0.0013707027072076 0.0036244805798213 0.2616510548523207 0.8986409381663114 0.0002372353653613 0.0016143895789154 0.0036764427871482 0.0103751167860479
0 0.006325404732254 0.0236460144927536 0.0006346672593168 0.0044306612935364 0.535857805907173 0.9242221748400852 0.0003502527250706 0.0013115116631323 0.0016389541690153 0.0063273435066957
0 0.0150409713574097 0.1504322463768116 0.0076339477449196 0.0121182367367917 0.3143831223628692 0.5628872068230278 0.0005359241017359 0.0114579218418661 0.0139072366994753 0.0374640610401744
1 0.0001 0.063493115942029 0.0003013681885738 0.0671135390964128 0.2679789029535865 0.9999 0.0002675078724263 0.0002211511663132 0.0007285869141048 0.0016568358766739
0 0.0075704856787048 0.1069626811594203 0.0029677607545178 0.0160448767488589 0.2468860759493671 0.8783891257995737 0.0002009083568833 0.0035225204483489 0.0080115249533885 0.0246980068514481
0 0.0088155666251556 0.0453807971014492 0.0014956898587362 0.0061379770313579 0.2089189873417721 0.7952501066098082 0.0001746721840936 0.0014629506210239 0.0035897411438234 0.0116205854873871
0 0.0075704856787048 0.0236460144927536 0.0007318794882835 0.0038106655021573 0.3006727848101266 0.9892411513859276 0.0002311808639483 0.000887482581036 0.0020507869748081 0.0060159763313609
0 0.0088155666251556 0.0109673913043478 0.0004402428013834 0.0017160851258768 0.4725793248945148 0.7718006396588486 0.0005258332660476 0.0007360436231445 0.0009019902007544 0.0025909374026782
0 0.0088155666251556 0.3152543478260869 0.0097726167821871 0.0408149188164463 0.1097827004219409 0.8741255863539448 0.0001403633427533 0.0065210118146016 0.0267174045007154 0.0567688259109311
0 0.0050803237858032 0.0182123188405797 0.0004332990707429 0.0041830353468294 0.4050822784810127 0.8837185501066098 0.0002432898667743 0.0006148924568312 0.0010103672549104 0.0041477732793522
0 0.0075704856787048 0.0725492753623188 0.0020442445793341 0.0109918179566586 0.1698972573839662 0.8517420042643923 0.0001665995155429 0.0017355407452287 0.0053020985994883 0.0141115228900654
0 0.0113057285180572 0.0182123188405797 0.0008152042559693 0.0021350012011329 0.3766069620253164 0.951935181236674 0.0004027250706499 0.0012509360799757 0.0022241902614577 0.0053932419806913
0 0.0100606475716064 0.0562481884057971 0.0020511883099745 0.0067077028937062 0.2964542194092827 0.8517420042643923 0.0002372353653613 0.0027956134504695 0.0053237740103195 0.017536561818748
0 0.0113057285180572 0.1667333333333333 0.006509063381162 0.0174021648326886 0.1625147679324894 0.7803277185501066 0.0001968720226079 0.0057032414419872 0.0159447253176082 0.0402663656181874
0 0.0113057285180572 0.1359423913043478 0.0053286291722806 0.0142370211529759 0.4451586497890295 0.785657142857143 0.0005096879289463 0.0107915904271432 0.0131052464987208 0.0368413266895048
3 0.1021966376089663 0.5670155797101449 0.1810189018376786 0.007130342667409 0.2426675105485232 0.5937978678038379 0.0016681158659668 0.2225941169342623 0.3497677275289425 0.2607143257552164
0 0.0075704856787048 0.0816054347826087 0.0022872751517508 0.012321178302138 0.2658696202531646 0.7280993603411515 0.0002069628582963 0.0028561890336261 0.0051503707236699 0.0197161320460915
0 0.0088155666251556 0.3641576086956521 0.0112724626005306 0.0470986599452879 0.2753613924050633 0.6684098081023454 0.0002675078724263 0.0151833202059981 0.02409467979014 0.0857259732170663
0 0.0100606475716064 0.0508144927536231 0.0018637075826816 0.0060858452531038 0.143531223628692 0.4690893390191898 0.0001968720226079 0.001372087246289 0.0027877509430689 0.0100637496107131
0 0.0088155666251556 0.0254572463768115 0.0008846415623741 0.0035779343492373 0.3850440928270042 0.9199586353944564 0.0003361255551069 0.0014023750378673 0.0023542427264449 0.0069500778573653
0 0.0088155666251556 0.0725492753623188 0.0023289375355937 0.0096289443251588 0.2985635021097046 0.9284857142857144 0.0003179620508679 0.0032196425325658 0.0065809478385292 0.0162910931174089
0 0.012550809464508 0.0562481884057971 0.0024955870709652 0.005503086446192 0.2236839662447257 0.4669575692963753 0.0005238150989099 0.0027047500757346 0.003763144430473 0.0091296480847088
0 0.0075704856787048 0.0109673913043478 0.0003916366869001 0.0019488162787969 0.2468860759493671 0.5426353944562899 0.0006045417844166 0.0003120145410481 0.0005551836274552 0.0010341015260043
0 0.0088155666251556 0.058059420289855 0.001884538774603 0.0077670951017983 0.3365305907172995 0.781393603411514 0.0002856713766653 0.0028561890336261 0.0045001083987339 0.0156683587667393
0 0.0050803237858032 0.0145898550724637 0.0003638617643381 0.0034382956574852 0.5073824894514769 0.9050362473347549 0.0003018167137666 0.0006148924568312 0.0008369639682608 0.0035250389286826
0 0.0150409713574097 0.2065804347826086 0.0104322711930326 0.016556885285283 0.2764160337552743 0.674805117270789 0.0004269430763019 0.014092959709179 0.0224690239777999 0.055523357209592
0 0.0075704856787048 0.0490032608695652 0.0014123650910505 0.0075343639488782 0.2679789029535865 0.8368196162046908 0.0002170536939846 0.0017052529536504 0.003546390322161 0.0116205854873871
0 0.012550809464508 0.5470920289855072 0.0231948481102329 0.0513716039129001 0.104509493670886 0.1471921108742004 0.0014097904723455 0.0150924568312632 0.0143840957377617 0.0206502335720959
0 0.0088155666251556 0.1323199275362318 0.0041620824246801 0.0173090723715206 0.4261751054852321 0.8794550106609809 0.0003986887363746 0.0080656891850954 0.0113278628105623 0.0337276549361569
2 0.1445293897882938 0.0001 0.0008638103704526 0.0001037236984467 0.9999 0.9999 0.0235107387969317 0.003431657073614 0.0024842951914321 0.0001
0 0.0075704856787048 0.0127786231884057 0.0004402428013834 0.0022150607177374 0.321765611814346 0.9999 0.0004753790876059 0.000493741290518 0.0011620951307288 0.0019682030520087
0 0.0212663760896637 0.0381358695652173 0.0028011112191463 0.0023621468063829 0.3312573839662447 0.4808140724946695 0.0028245256358498 0.0042797152378067 0.0043483805229154 0.002902304578013
4 0.0337171855541718 0.0544369565217391 0.0060785520814523 0.0021480341456964 0.4810164556962026 0.751548827292111 0.0014057541380702 0.0132449015449863 0.0143840957377617 0.0181592961694176
0 0.0088155666251556 0.0942840579710145 0.0029955356770797 0.0124217181601994 0.3354759493670886 0.8943773987206823 0.0002533807024626 0.0046431687367464 0.0082282790617005 0.0275003114294612
0 0.0088155666251556 0.1395648550724637 0.0043842818051755 0.0182399969832008 0.2025911392405063 0.7280993603411515 0.0001706358498183 0.0044917297788548 0.0100273381606902 0.0349731236374961
0 0.0050803237858032 0.0055336956521739 0.0001902684983262 0.0015764464341248 0.4725793248945148 0.680134541577825 0.0019163504238998 0.0001908633747349 0.0002517278758184 0.0001
0 0.0113057285180572 0.0164010869565217 0.0007457669495645 0.0019488162787969 0.3143831223628692 0.8826526652452027 0.0002897077109406 0.0009480581641926 0.0018773836881585 0.0053932419806913
0 0.0113057285180572 0.9183945652173912 0.0353255455391496 0.0946689076021475 0.0834166666666667 0.4776164179104478 0.0001544905127169 0.0200899424416843 0.056152612409487 0.1638791342260978
0 0.0088155666251556 0.1142076086956521 0.0036065839734418 0.0149817608423201 0.2110282700421941 0.8560055437100214 0.0002271445296729 0.0037951105725537 0.0095504791224038 0.0243866396761133
0 0.0113057285180572 0.2337489130434782 0.0090782437181392 0.0242910069591223 0.4578143459915612 0.8464125799573562 0.0005399604360113 0.0190298697364435 0.0240730043793088 0.0617507007162877
0 0.012550809464508 0.0689268115942029 0.0030302543302821 0.0066872225522492 0.2795799578059072 0.691859275053305 0.0003966705692369 0.0040071251136019 0.006559272427698 0.0169138274680784
0 0.0075704856787048 0.0145898550724637 0.0004888489158668 0.002481305156678 0.3133284810126582 0.8986409381663114 0.0003421800565199 0.0005543168736746 0.00118377054156 0.002902304578013
0 0.0075704856787048 0.311631884057971 0.0084602516911366 0.0461007087615667 0.1635694092827004 0.8506761194029852 0.0001686176826806 0.0074902211451075 0.0225340502102935 0.0580142946122703
0 0.0088155666251556 0.0164010869565217 0.0006068923367549 0.002414278584637 0.2753613924050633 0.6534874200426439 0.0002856713766653 0.0006451802484095 0.0011187443090664 0.0038364061040174
0 0.0113057285180572 0.0327021739130434 0.0013707027072076 0.0036244805798213 0.2732521097046413 0.9999 0.0002392535324989 0.001674965162072 0.0040666001821098 0.0106864839613827
0 0.0075704856787048 0.0055336956521739 0.00024581834345 0.0011500829619752 0.6982725738396623 0.9242221748400852 0.0019163504238998 0.000493741290518 0.0005118328057928 0.0004113671753347
1 0.0013450809464508 0.0272684782608695 0.0002735932660119 0.0149817608423201 0.2089189873417721 0.5000000000000001 0.0004370339119903 0.0001302877915783 0.000316754108312 0.0007227343506695
0 0.0075704856787048 0.4311731884057971 0.0116682552470379 0.0636560850886324 0.1140012658227848 0.4413763326226013 0.0002029265240209 0.0080051136019388 0.0172235745566491 0.0549006228589224
0 0.0088155666251556 0.0363246376811594 0.0012179406331171 0.0049743212667576 0.2405582278481013 0.9178268656716418 0.0001766903512313 0.0013115116631323 0.0033079608030178 0.0103751167860479
0 0.0100606475716064 0.1993355072463768 0.0069881807953551 0.0230491535271409 0.1656786919831223 0.5426353944562899 0.0002150355268469 0.0062181338988185 0.0123032562979664 0.0412004671441918
1 0.0013450809464508 0.0924728260869565 0.0007735418721264 0.0484950468628082 0.1888808016877637 0.4978682302771856 0.0002009083568833 0.0006148924568312 0.0011404197198976 0.0047705076300218
0 0.0050803237858032 0.0490032608695652 0.0010235161751836 0.010513322706255 0.2922356540084388 0.8624008528784649 0.0002553988696003 0.001281223871554 0.0025926722455881 0.0078841793833696
0 0.006325404732254 0.0127786231884057 0.0003846929562596 0.0025688120701759 0.5168742616033757 0.9338151385927504 0.0003018167137666 0.0006754680399878 0.0009236656115856 0.0038364061040174
0 0.0162860523038605 0.0308909420289855 0.0018012140069173 0.002481305156678 0.2595417721518987 0.6321697228144989 0.0009072668550666 0.002159569827325 0.0035247149113298 0.004459140454687
0 0.0088155666251556 0.0127786231884057 0.0004957926465072 0.0019488162787969 0.4894535864978904 0.9999 0.0003744707307226 0.000887482581036 0.0013354984173784 0.0041477732793522
0 0.0050803237858032 0.0073449275362318 0.0002249871515286 0.0019488162787969 0.4936721518987342 0.9999 0.0003361255551069 0.0002817267494698 0.0004901573949616 0.0016568358766739
0 0.0088155666251556 0.1486210144927536 0.0046620310307946 0.0194036527478011 0.359732700421941 0.680134541577825 0.0003865797335486 0.0077930990608906 0.0100273381606902 0.0334162877608221
0 0.0287368617683686 0.5090561594202899 0.047046562860278 0.0219636954299218 0.4124647679324895 0.8698620469083157 0.0014723536536132 0.0905999212359891 0.1287869141048432 0.1193536281532233
0 0.0100606475716064 0.2935195652173913 0.0102378467350992 0.0338069183397176 0.2236839662447257 0.4776164179104478 0.0004995970932579 0.0116093607997576 0.0161614794259203 0.0402663656181874
0 0.0088155666251556 0.0091561594202898 0.0003846929562596 0.0014833539729568 0.3628966244725739 0.8005795309168443 0.0002170536939846 0.0004634534989397 0.0007936131465984 0.0035250389286826
1 0.0001 0.0236460144927536 0.0001486061144833 0.0261528561824828 0.9999 0.9999 0.0027236172789664 0.0003120145410481 0.0002517278758184 0.0001
0 0.012550809464508 0.059870652173913 0.0026483491450557 0.0058419430048436 0.286962447257384 0.8634667377398721 0.0003966705692369 0.0035528082399272 0.0070144560551532 0.0150456244160697
0 0.0075704856787048 0.1631108695652174 0.0044745503035017 0.0242910069591223 0.2975088607594937 0.9732528784648188 0.0002533807024626 0.0063392850651317 0.0134087022503577 0.0374640610401744
0 0.0200212951432129 0.0417583333333333 0.002884435986832 0.0027158981588214 0.3671151898734178 0.8272266524520256 0.0008648853451756 0.0048248954862162 0.0073612626284525 0.0103751167860479
0 0.0075704856787048 0.0073449275362318 0.0002944244579334 0.0014163274009158 0.2163014767932489 0.9999 0.0001262361727896 0.0001605755831566 0.0007069115032736 0.0022795702273435
0 0.0088155666251556 0.0073449275362318 0.0003291431111358 0.0012506228200367 0.393481223628692 0.9999 0.0002109991925716 0.000402877915783 0.0008152885574296 0.0032136717533478
0 0.0187762141967621 0.7662510869565217 0.0471576625505257 0.0494259714744884 0.3365305907172995 0.700386353944563 0.0009395575292692 0.0761526446531354 0.1057026015696136 0.1517358143880411
0 0.0100606475716064 0.0779829710144927 0.0028011112191463 0.0091895479084457 0.3797708860759494 0.781393603411514 0.0003966705692369 0.0048248954862162 0.00677602653601 0.0203388663967611
0 0.0100606475716064 0.4492855072463768 0.0156122942508299 0.0515987495181501 0.3101645569620253 0.7547464818763326 0.0004107977392006 0.02339131172372 0.0373383558080041 0.0950669884771099
0 0.0088155666251556 0.1051514492753623 0.0033288347478227 0.0138181050777198 0.14142194092827 0.6502897654584223 0.0001988901897456 0.002553311117843 0.0068193773576724 0.0181592961694176
0 0.0187762141967621 0.2011467391304348 0.0124945591932549 0.0131199116189596 0.2669242616033755 0.8709279317697228 0.0004471247476786 0.0164251196607088 0.0341087195941551 0.0623734350669573
0 0.0137958904109589 0.4909438405797101 0.0227157306960398 0.0422895034013478 0.2078643459915612 0.5756778251599148 0.0003038348809043 0.0244816722205392 0.0425404544074925 0.125580971659919
0 0.0025901618929016 0.7662510869565217 0.0088838192602058 0.2632221177929693 0.5116010548523207 0.5277130063965885 0.0274663463867581 0.0205745471069372 0.0153161384035034 0.0013454687013391
0 0.0075704856787048 0.0109673913043478 0.0003916366869001 0.0019488162787969 0.2901263713080169 0.8911797441364607 0.0003603435607589 0.0003725901242047 0.0009019902007544 0.0019682030520087
0 0.0075704856787048 0.0345134057971014 0.0010235161751836 0.0054062702865772 0.4346122362869199 0.8933115138592751 0.0004451065805409 0.0018566919115419 0.0026793738889129 0.0072614450327
0 0.0100606475716064 0.063493115942029 0.0023011626130318 0.0075343639488782 0.463087552742616 0.8293584221748401 0.0005661966088009 0.004703744319903 0.0058439838702683 0.0147342572407349
1 0.0001 0.0218347826086956 0.0001416623838428 0.0242910069591223 0.675070464135021 0.9999 0.0008063584981832 0.0001605755831566 0.0002300524649872 0.0004113671753347
0 0.0088155666251556 0.0308909420289855 0.0010512910977456 0.0042761278079974 0.3259841772151899 0.940210447761194 0.0003361255551069 0.0014629506210239 0.0028961279972249 0.0072614450327
0 0.0137958904109589 0.0236460144927536 0.0012179406331171 0.0022597450990981 0.321765611814346 0.9551328358208956 0.0003643798950343 0.0017052529536504 0.003438013268005 0.0078841793833696
0 0.012550809464508 0.119641304347826 0.0051689233675496 0.011427490674925 0.2289571729957806 0.6684098081023454 0.0004955607589826 0.0058849681914571 0.0109593808264319 0.0206502335720959
0 0.0075704856787048 0.1051514492753623 0.0029191546400344 0.0157804941591417 0.2004818565400844 0.6641462686567164 0.0002594352038756 0.0029167646167827 0.0060824133894116 0.0172251946434132
0 0.0075704856787048 0.1268862318840579 0.0035024280138346 0.0189717037279815 0.1488044303797468 0.6502897654584223 0.0001867811869196 0.0027956134504695 0.0071878593418028 0.0206502335720959
0 0.0088155666251556 0.2735960144927536 0.008494970344339 0.035462102299285 0.1551322784810126 0.6556191897654584 0.0001544905127169 0.0072176310209027 0.0177871352382604 0.0592597633136094
0 0.0075704856787048 0.0707380434782608 0.0019956384648507 0.0107255735177181 0.2732521097046413 0.934881023454158 0.0001867811869196 0.0025230233262647 0.0056489051727875 0.0187820305200872
0 0.0162860523038605 0.1033402173913043 0.0056897031655855 0.0078006083878188 0.6655786919831224 0.9220904051172708 0.0023341110213968 0.0166977097849136 0.0162698564800763 0.0141115228900654
0 0.0100606475716064 0.1449985507246377 0.0051133735224257 0.0168436100656805 0.2911810126582279 0.9103656716417912 0.0003098893823173 0.0071267676461678 0.0144274465594241 0.0362185923388352
0 0.0001 0.0707380434782608 0.0003291431111358 0.0745609359898546 0.1298208860759493 0.9999 0.0001343088413403 0.0001 0.0008152885574296 0.0016568358766739
0 0.0461679950186799 0.6177300724637681 0.0902921172891809 0.0168436100656805 0.2352850210970464 0.4307174840085288 0.0025197823980621 0.108106264768252 0.1311495338854442 0.0854146060417315
0 0.0075704856787048 0.0399471014492753 0.0011693345186337 0.0062050036033989 0.2331757383966245 0.8282925373134328 0.0001948538554703 0.0012206482883974 0.0028744525863937 0.0091296480847088
0 0.0075704856787048 0.0200235507246376 0.0006346672593168 0.0032781766242762 0.1836075949367089 0.5810072494669509 0.0003785070649979 0.0004634534989397 0.0010537180765728 0.0022795702273435
2 0.0113057285180572 0.0001 0.0001208311919214 0.0002731519777725 0.9999 0.9999 0.0019163504238998 0.0001908633747349 0.0001650262324936 0.0001
0 0.0100606475716064 0.2192590579710145 0.0076756101287625 0.0253261951273107 0.3027820675105485 0.9434081023454158 0.0004168522406136 0.011155043926083 0.0224906993886311 0.0449368732482092
0 0.0274917808219178 0.246427536231884 0.0219310891336657 0.0111780028789946 0.8469770042194092 0.9295515991471218 0.0032564134033104 0.0815135837624962 0.0637390062004075 0.0502301152289006
0 0.0088155666251556 0.0145898550724637 0.0005513424916311 0.0021815474317169 0.502109282700422 0.9551328358208956 0.0005379422688736 0.0010389215389275 0.0014438754715344 0.0035250389286826
0 0.0075704856787048 0.0471920289855072 0.0013637589765671 0.0072681195099377 0.1182198312236287 0.3571714285714286 0.0004188704077513 0.0008269069978794 0.0015739279365217 0.0035250389286826
0 0.0100606475716064 0.1776007246376811 0.0062382578861833 0.0205673085124014 0.4557050632911393 0.9476716417910448 0.0004067614049253 0.0129420236292032 0.0183073450982092 0.0530324198069137
1 0.0001 0.5199235507246377 0.0020511883099745 0.536299543383247 0.392426582278481 0.9999 0.0001040363342753 0.0035830960315056 0.0061907904435676 0.0371526938648396
0 0.006325404732254 0.0218347826086956 0.000593004875474 0.0041215943224585 0.3375852320675105 0.986043496801706 0.0002432898667743 0.0007663314147228 0.0016172787581841 0.0050818748053565
0 0.0088155666251556 0.0127786231884057 0.0004957926465072 0.0019488162787969 0.4894535864978904 0.9999 0.0004107977392006 0.000887482581036 0.0013354984173784 0.0038364061040174
0 0.0075704856787048 0.125075 0.0034538218993513 0.018705459289041 0.3365305907172995 0.9689893390191898 0.0002816350423899 0.0054003635262041 0.0102657676798334 0.0296798816568047
0 0.0100606475716064 0.4818876811594202 0.0167371786145875 0.055322447964871 0.0834166666666667 0.4850776119402986 0.0001706358498183 0.0094286398061193 0.0268691323765338 0.0726485518530053
0 0.0162860523038605 0.7408938405797101 0.0399084077618657 0.0546130834107707 0.1994272151898734 0.5650189765458422 0.0003825433992733 0.0417457134201757 0.0736446689502666 0.1791361258175023
0 0.0113057285180572 0.3315554347826087 0.0128278582639978 0.0343449927652688 0.2880170886075949 0.6012590618336887 0.0004188704077513 0.0180000848227809 0.0249183454017257 0.0720258175023357
0 0.0075704856787048 0.0308909420289855 0.0009263039462169 0.0048737814086962 0.2468860759493671 0.602324946695096 0.0002150355268469 0.0009783459557709 0.0016606295798465 0.0069500778573653
0 0.0088155666251556 0.1431873188405797 0.0044953814954231 0.018705459289041 0.3112191983122362 0.9284857142857144 0.0002513625353249 0.0066118751893365 0.0128884923904088 0.0393322640921831
0 0.0075704856787048 0.0852278985507246 0.0023844873807175 0.0128536671800191 0.2932902953586498 0.8091066098081022 0.0001887993540573 0.0032499303241441 0.0059306855135932 0.0237639053254437
0 0.0100606475716064 0.0363246376811594 0.0013637589765671 0.0044306612935364 0.2015364978902953 0.7408899786780384 0.0001625631812676 0.001281223871554 0.0030478558730434 0.0106864839613827
0 0.0088155666251556 0.1649221014492753 0.0051619796369091 0.0214982331240816 0.3238748945147679 0.9071680170575692 0.0002513625353249 0.0078839624356255 0.0145141482027489 0.046805076300218
0 0.0100606475716064 0.1341311594202898 0.0047384120678399 0.0156017566336991 0.3628966244725739 0.9082339019189768 0.0003441982236576 0.0079748258103604 0.0133220006070329 0.0374640610401744
0 0.0050803237858032 0.0109673913043478 0.0002944244579334 0.0026935559681411 0.5179289029535865 0.9999 0.0003240165522809 0.0004634534989397 0.0007069115032736 0.0025909374026782
0 0.0075704856787048 0.1540547101449275 0.0042315197310849 0.022961646613643 0.2553232067510548 0.6812004264392324 0.0002392535324989 0.0052489245683126 0.0090952954949486 0.0324821862348178
1 0.0001 0.0236460144927536 0.0001486061144833 0.0261528561824828 0.4725793248945148 0.9999 0.0003684162293096 0.0001 0.0002517278758184 0.0007227343506695
0 0.0137958904109589 0.0653043478260869 0.0031344102898892 0.0058270482110567 0.3776616033755274 0.7312970149253731 0.0006792139685102 0.0054003635262041 0.0071445085201404 0.0144228900654001
0 0.0100606475716064 0.1468097826086956 0.0051758670981901 0.0170502753294735 0.3006727848101266 0.8091066098081022 0.0004007069035123 0.0074296455619509 0.0130835710878896 0.0309253503581438
0 0.0100606475716064 0.0200235507246376 0.0008013167946883 0.0025688120701759 0.4240658227848101 0.9999 0.0002392535324989 0.001372087246289 0.0022892164939513 0.008818280909374
0 0.0113057285180572 0.2772184782608696 0.0107447390718542 0.0287594450951874 0.2774706751054852 0.615115565031983 0.0004087795720629 0.0145775643744319 0.0212768763820838 0.0595711304889442
0 0.0113057285180572 0.0399471014492753 0.0016484519328268 0.0043692202691655 0.3354759493670886 0.8186995735607677 0.0003623617278966 0.0024624477431081 0.004088275592941 0.0113092183120523
0 0.0113057285180572 0.5126786231884057 0.0197715889044768 0.0529634849988733 0.1582962025316456 0.6897275053304904 0.0001867811869196 0.0173034656164798 0.0435808741273902 0.1249582373092494
0 0.012550809464508 0.0779829710144927 0.0034121595155084 0.0075343639488782 0.2764160337552743 0.7334287846481876 0.0002856713766653 0.0044917297788548 0.0078164462559077 0.0243866396761133
3 0.026246699875467 0.0381358695652173 0.0034121595155084 0.0019488162787969 0.0581052742616033 0.4381786780383795 0.0002594352038756 0.0014629506210239 0.0049119412045267 0.008818280909374
1 0.0001 0.0979065217391304 0.0004332990707429 0.1024886743402614 0.5400763713080168 0.9999 0.0019829499394428 0.0008269069978794 0.0011404197198976 0.0007227343506695
0 0.0150409713574097 0.3840811594202898 0.0192785840290028 0.0305933665801975 0.3238748945147679 0.6353673773987208 0.0008366310052482 0.0300243380793698 0.0394191952477995 0.0664212083463095
0 0.012550809464508 0.0797942028985507 0.0034885405525537 0.007703792228204 0.2268478902953586 0.7153087420042645 0.0003018167137666 0.0038859739472887 0.0078164462559077 0.0203388663967611
0 0.0100606475716064 0.1757894927536231 0.006175764310419 0.0203606432486084 0.140367299578059 0.6396309168443498 0.0002170536939846 0.0048248954862162 0.0126067120496032 0.0318594518841482
0 0.0075704856787048 0.0109673913043478 0.0003916366869001 0.0019488162787969 0.3112191983122362 0.9999 0.0001847630197819 0.000402877915783 0.0010103672549104 0.0035250389286826
0 0.0137958904109589 0.0127786231884057 0.0007179920270026 0.0013288204874178 0.2532139240506329 0.9999 0.0005258332660476 0.0007360436231445 0.0020291115639769 0.0025909374026782
0 0.0088155666251556 0.0779829710144927 0.0024955870709652 0.0103271377839189 0.4578143459915612 0.948737526652452 0.0004935425918449 0.0050671978188427 0.007209534752634 0.0178479289940828
0 0.0100606475716064 0.3641576086956521 0.0126750961899073 0.0418743110245384 0.0370124472573839 0.2047498933901919 0.0001605450141299 0.0046734565283247 0.0099623119281966 0.0377754282155091
0 0.006325404732254 0.0218347826086956 0.000593004875474 0.0041215943224585 0.2563778481012658 0.8634667377398721 0.0001887993540573 0.0005846046652529 0.0014222000607032 0.0047705076300218
0 0.0075704856787048 0.3279329710144927 0.0088977067214868 0.0484950468628082 0.1593508438818565 0.5948637526652453 0.0001544905127169 0.007732523477734 0.0170718466808307 0.0633075365929616
0 0.0038352428393524 0.1160188405797101 0.0018567638520411 0.0303420169350438 0.2574324894514768 0.606588486140725 0.0004350157448526 0.0022201454104816 0.0035030395004986 0.008818280909374
0 0.0113057285180572 0.0308909420289855 0.0013012654008028 0.0034382956574852 0.6371033755274261 0.8933115138592751 0.0012987912797739 0.0034619448651923 0.0034596886788362 0.0050818748053565
3 0.0660892901618929 0.6448985507246376 0.1339126331726695 0.0123956522710724 0.286962447257384 0.6204449893390193 0.0011534832458619 0.1888232293244471 0.2692002254693665 0.3120899096854562
0 0.0113057285180572 0.9238282608695652 0.035533857458364 0.0952274623691556 0.0665424050632911 0.3752914712153518 0.0002069628582963 0.0176972069069978 0.0457700906213415 0.1196649953285581
0 0.0025901618929016 0.0127786231884057 0.0002180434208881 0.0050525189341388 0.2964542194092827 0.8666643923240939 0.0001665995155429 0.0001302877915783 0.0004034557516368 0.0016568358766739
1 0.0013450809464508 0.9691090579710144 0.00749507313211 0.4990625589160379 0.4704700421940928 0.5021317697228146 0.0081888138877674 0.0160616661617691 0.0123249317087976 0.0038364061040174
0 0.006325404732254 0.0761717391304347 0.0018428763907602 0.0134308404392608 0.1614601265822784 0.6694756929637525 0.0002553988696003 0.0014932384126022 0.0038064952521354 0.0091296480847088
0 0.0947261519302615 0.4637753623188406 0.1374608795299543 0.0063018197630136 0.4356668776371308 0.4562987206823027 0.0145238405329027 0.2786568191457134 0.2099613276676928 0.0393322640921831
0 0.0113057285180572 0.2192590579710145 0.0085227452669009 0.022801527580434 0.2553232067510548 0.6684098081023454 0.0003219983851433 0.0107613026355649 0.0181556172223908 0.0530324198069137
0 0.0100606475716064 0.3496677536231884 0.0121751475837928 0.0402209889141944 0.1466951476793249 0.67054157782516 0.0001807266855066 0.0099738200545289 0.0261104929974417 0.0738940205543444
0 0.0088155666251556 0.0055336956521739 0.0002735932660119 0.0010178916671167 0.4398854430379747 0.700386353944563 0.0009072668550666 0.0003423023326264 0.0004468065732992 0.0007227343506695
2 0.1146474470734744 0.0055336956521739 0.0026344616837748 0.0001670265720409 0.3871533755274261 0.5362400852878464 0.0004814335890189 0.0046128809451681 0.0045001083987339 0.0166024602927436
0 0.0088155666251556 0.061681884057971 0.0019956384648507 0.0082325574076384 0.3449677215189873 0.8783891257995737 0.0002331990310859 0.0030984913662526 0.0053237740103195 0.0197161320460915
1 0.0013450809464508 0.9709202898550724 0.007508960593391 0.4999934835277181 0.4968360759493671 0.538371855010661 0.0124996188938231 0.0169097243259618 0.0131485973203832 0.0025909374026782
0 0.0050803237858032 0.0327021739130434 0.0007110482963621 0.0071619941042062 0.1677879746835443 0.764339445628998 0.0001665995155429 0.000493741290518 0.0015522525256905 0.004459140454687
0 0.0100606475716064 0.1576771739130434 0.0055508285527759 0.0182921287614549 0.2226293248945147 0.7078475479744136 0.0002190718611223 0.0061878461072402 0.0124116333521224 0.0405777327935222
0 0.0299819427148194 0.3369891304347826 0.0325133346297556 0.0140135992461726 0.4430493670886076 0.9391445628997868 0.0013674089624545 0.0667331414722811 0.0954934830681177 0.0941328869511055
0 0.0100606475716064 0.0145898550724637 0.0006138360673954 0.0019488162787969 0.2837985232067511 0.3550396588486141 0.0025218005651998 0.0006754680399878 0.00064188527078 0.0004113671753347
0 0.0075704856787048 0.0055336956521739 0.00024581834345 0.0011500829619752 0.2837985232067511 0.9999 0.0005036334275333 0.0001605755831566 0.0005551836274552 0.0007227343506695
3 0.0299819427148194 0.0145898550724637 0.0016137332796244 0.0007572327758462 0.142476582278481 0.3987409381663113 0.0003966705692369 0.0011600727052408 0.0020724623856393 0.0050818748053565
0 0.0075704856787048 0.3858923913043478 0.010453102384954 0.0570055596627889 0.431448312236287 0.8560055437100214 0.0004935425918449 0.0208168494395637 0.0280396045614187 0.0726485518530053
0 0.0088155666251556 0.0182123188405797 0.0006624421818787 0.0026470097375571 0.1129466244725738 0.4424422174840085 0.0002513625353249 0.0003120145410481 0.000858639379092 0.0022795702273435
0 0.0113057285180572 0.1812231884057971 0.0070645618324003 0.018891644211377 0.4367215189873418 0.8858503198294243 0.0005076697618086 0.0141535352923356 0.0194994926939253 0.0483619121768919
2 0.0511483188044831 0.0001 0.0003430305724167 0.0001316514367971 0.9999 0.9999 0.0083744852644327 0.0011600727052408 0.000858639379092 0.0001
0 0.0150409713574097 0.0797942028985507 0.0041134763101968 0.0065326890667103 0.3976997890295359 0.5373059701492537 0.0012321917642309 0.0074902211451075 0.0071228331093092 0.0116205854873871
0 0.0088155666251556 0.0164010869565217 0.0006068923367549 0.002414278584637 0.393481223628692 0.9071680170575692 0.0003018167137666 0.0009177703726143 0.0015305771148592 0.0050818748053565
0 0.0075704856787048 0.0236460144927536 0.0007318794882835 0.0038106655021573 0.3006727848101266 0.978582302771855 0.0002675078724263 0.000887482581036 0.0020291115639769 0.0053932419806913
1 0.0025901618929016 0.9039047101449276 0.010466989846235 0.3104013771129232 0.3386398734177215 0.3827526652452025 0.0037892095276544 0.0168188609512269 0.0136471317695009 0.008818280909374
1 0.0001 0.2355601449275362 0.0009610225994193 0.2439892153156558 0.9756432489451478 0.9999 0.0128144529672991 0.0037648227809754 0.0027877509430689 0.0004113671753347
0 0.006325404732254 0.0290797101449275 0.0007596544108454 0.0053615859052166 0.3070006329113924 0.8645326226012793 0.0001605450141299 0.0009480581641926 0.0018773836881585 0.0081955465587044
0 0.0113057285180572 0.1413760869565217 0.005536941091495 0.014795575919984 0.3512955696202532 0.8719938166311302 0.0003280528865563 0.0090954740987579 0.0150126826518666 0.0443141388975397
0 0.006325404732254 0.0417583333333333 0.0010512910977456 0.0075343639488782 0.2532139240506329 0.7483511727078891 0.0002130173597093 0.0011600727052408 0.0023325673156137 0.0081955465587044
0 0.0088155666251556 0.0544369565217391 0.0017734390843554 0.0073016327959582 0.3787162447257384 0.7249017057569296 0.0003098893823173 0.0029773401999394 0.0039365477171226 0.0153569915914045
0 0.012550809464508 0.0381358695652173 0.0017317767005125 0.0038106655021573 0.5812073839662447 0.8805208955223882 0.0016317888574888 0.004310003029385 0.0046084854528899 0.0050818748053565
0 0.0100606475716064 0.1286974637681159 0.0045509313405469 0.0149817608423201 0.214192194092827 0.4605622601279318 0.0003038348809043 0.0048854710693729 0.006884403590166 0.0253207412021177
0 0.0200212951432129 0.4800764492753623 0.0314509438417624 0.0292193218533574 0.9165833333333334 0.9999 0.0024854735567218 0.1260972129657679 0.0979644799028747 0.1009829648084708
0 0.006325404732254 0.0127786231884057 0.0003846929562596 0.0025688120701759 0.3850440928270042 0.9999 0.0004753790876059 0.000493741290518 0.0009886918440792 0.0019682030520087
0 0.0075704856787048 0.1721670289855072 0.0047175808759184 0.0256203673046017 0.2310664556962025 0.6673439232409382 0.0002089810254339 0.0054003635262041 0.0099623119281966 0.03652995951417
0 0.006325404732254 0.0834166666666666 0.0020095259261317 0.0146708320220189 0.1319301687763713 0.4136633262260128 0.0002231081953976 0.0014023750378673 0.0027010492997441 0.0094410152600436
0 0.0113057285180572 0.0834166666666666 0.0033149472865417 0.0088376584052306 0.1540776371308017 0.7664712153518125 0.0001585268469923 0.0027047500757346 0.0079031478992325 0.0222070694487698
0 0.0113057285180572 0.2138253623188405 0.0083144333476865 0.0222429728134258 0.1582962025316456 0.8314901918976547 0.0002190718611223 0.0071570554377461 0.0216670337770454 0.046805076300218
0 0.0088155666251556 0.1468097826086956 0.0046064811856708 0.0191709215948811 0.322820253164557 0.8293584221748401 0.0003502527250706 0.0070056164798545 0.0118914234921736 0.0324821862348178
0 0.012550809464508 0.0381358695652173 0.0017317767005125 0.0038106655021573 0.5812073839662447 0.7973818763326226 0.0016317888574888 0.004310003029385 0.004196652647097 0.0050818748053565
0 0.0075704856787048 0.0236460144927536 0.0007318794882835 0.0038106655021573 0.2785253164556962 0.8368196162046908 0.0001968720226079 0.0008269069978794 0.0017473312231713 0.0063273435066957
1 0.0001 0.0308909420289855 0.0001763810370452 0.0336002530759246 0.9408400843881856 0.9999 0.0033290674202664 0.000402877915783 0.0003384295191432 0.0001
1 0.0001 0.0453807971014492 0.000231930882169 0.0484950468628082 0.9999 0.9999 0.0051454178441663 0.0006754680399878 0.0005118328057928 0.0001
0 0.0150409713574097 0.2428050724637681 0.0122376411595571 0.0194222712400347 0.464142194092827 0.8218972281449892 0.0010081752119499 0.0260566373826113 0.0316377227593981 0.0486732793522267
0 0.0100606475716064 0.1739782608695652 0.0061132707346547 0.0201539779848154 0.2911810126582279 0.9156950959488274 0.0002553988696003 0.0085502938503483 0.0173753024324675 0.0502301152289006
0 0.0100606475716064 0.3858923913043478 0.013425019099079 0.0443580178885013 0.1878261603375527 0.7312970149253731 0.0001887993540573 0.0133054771281429 0.0311608637211117 0.0953783556524447
0 0.0088155666251556 0.0091561594202898 0.0003846929562596 0.0014833539729568 0.3407491561181434 0.9999 0.0002291626968106 0.0004331657073614 0.0009886918440792 0.0032136717533478
1 0.0449229140722291 0.0001 0.0003083119192143 0.0001372369844672 0.9999 0.9999 0.0073654016955995 0.0010086337473492 0.000750262324936 0.0001
0 0.0100606475716064 0.1794119565217391 0.0063007514619476 0.0207739737761944 0.2363396624472574 0.8368196162046908 0.0002836532095276 0.0073993577703726 0.0164649351775571 0.0402663656181874
0 0.0088155666251556 0.1431873188405797 0.0044953814954231 0.018705459289041 0.2648149789029536 0.9167609808102348 0.0002453080339119 0.0057638170251438 0.0127367645145904 0.0349731236374961
0 0.012550809464508 0.2898971014492754 0.0123487408498048 0.02733699228854 0.2922356540084388 0.5788754797441364 0.0005137242632216 0.017515480157528 0.0231626371243983 0.0592597633136094
2 0.0100606475716064 0.0001 0.0001138874612809 0.0002936323192294 0.9999 0.9999 0.0017145337101332 0.0001605755831566 0.0001433508216624 0.0001
0 0.0100606475716064 0.309820652173913 0.010800288916978 0.0356687675630781 0.1213837552742616 0.6566850746268658 0.0001565086798546 0.0077022356861557 0.0227074534969431 0.0626848022422921
0 0.0075704856787048 0.0236460144927536 0.0007318794882835 0.0038106655021573 0.2574324894514768 0.7718006396588486 0.0004834517561566 0.0007663314147228 0.0016172787581841 0.002902304578013
0 0.0050803237858032 0.0689268115942029 0.00140542136041 0.014609390997648 0.3017274261603376 0.8741255863539448 0.0002493443681873 0.0018869797031202 0.0036764427871482 0.0116205854873871
0 0.0150409713574097 0.0671155797101449 0.0034815968219132 0.005529152335319 0.2743067510548523 0.951935181236674 0.0005883964473153 0.0045523053620115 0.0101790660365086 0.0138001557147306
0 0.0075704856787048 0.0145898550724637 0.0004888489158668 0.002481305156678 0.3133284810126582 0.7291652452025585 0.0002392535324989 0.0005543168736746 0.000967016433248 0.0038364061040174
0 0.0162860523038605 0.1015289855072463 0.0055924909366188 0.0076665552437368 0.7119829113924051 0.9476716417910448 0.0022876931772305 0.0174549045743714 0.0163999089450635 0.0150456244160697
1 0.0050803237858032 0.2301264492753623 0.0044953814954231 0.047750307173464 0.7457314345991561 0.7483511727078891 0.0325924909164311 0.0146078521660102 0.0105475480206391 0.0007227343506695
0 0.0075704856787048 0.0779829710144927 0.0021900629227841 0.0117905512734802 0.1751704641350211 0.7163746268656717 0.0001524723455793 0.0019172674946985 0.0048469149720331 0.0162910931174089
0 0.0100606475716064 0.4402293478260869 0.0152998263720083 0.0505635613499617 0.1952086497890295 0.7877889125799575 0.0002190718611223 0.0156376370796728 0.0380536443654338 0.1016056991591404
0 0.0100606475716064 0.0997177536231884 0.003551034128318 0.0116713929231852 0.1519683544303797 0.5916660980810234 0.0001484360113039 0.0028864768252044 0.0066893248926852 0.0246980068514481
1 0.0001 0.186656884057971 0.0007735418721264 0.1937192862849236 0.969315400843882 0.9999 0.0100899273314493 0.0029470524083611 0.0022025148506265 0.0004113671753347
0 0.012550809464508 0.2120141304347826 0.0090643562568583 0.020059023674424 0.3122738396624472 0.7835253731343285 0.0004451065805409 0.0135780672523477 0.0223823223344751 0.0517869511055745
0 0.0088155666251556 0.0200235507246376 0.0007179920270026 0.0028797408904771 0.1646240506329114 0.75581236673774 0.0001221998385143 0.000493741290518 0.0015522525256905 0.0053932419806913
0 0.0137958904109589 0.0381358695652173 0.001884538774603 0.0034997366818561 0.5569506329113924 0.8016454157782517 0.0014420811465482 0.0045220175704332 0.0046084854528899 0.0060159763313609
0 0.0100606475716064 0.0562481884057971 0.0020511883099745 0.0067077028937062 0.3481316455696203 0.7781959488272921 0.0003341073879693 0.0032196425325658 0.0048902657936955 0.0156683587667393
0 0.0075704856787048 0.0725492753623188 0.0020442445793341 0.0109918179566586 0.177279746835443 0.7398240938166312 0.0001948538554703 0.0017961163283853 0.0046518362745523 0.013177421364061
0 0.0038352428393524 0.0055336956521739 0.0001624935757643 0.0019488162787969 0.4725793248945148 0.4669575692963753 0.0015127169963665 0.0001302877915783 0.0001216754108312 0.0001
0 0.0150409713574097 0.7825521739130435 0.0391376536607725 0.0621014409871264 0.3407491561181434 0.5788754797441364 0.0008709398465886 0.0637649378976067 0.0737313705935914 0.1361674556213017
0 0.0075704856787048 0.2428050724637681 0.0066132193407692 0.0359945911771661 0.0654877637130801 0.4968023454157783 0.0001181635042389 0.0031590669494092 0.0107643021289511 0.030613983182809
0 0.0075704856787048 0.2518612318840579 0.006856249913186 0.0373239515226455 0.0834166666666667 0.6438944562899788 0.0001565086798546 0.0037648227809754 0.0141023153969561 0.0309253503581438
0 0.0088155666251556 0.0236460144927536 0.0008290917172502 0.0033452031963172 0.3882080168776372 0.8378855010660983 0.0003098893823173 0.0013115116631323 0.0020074361531457 0.0069500778573653
0 0.0137958904109589 0.0381358695652173 0.001884538774603 0.0034997366818561 0.6001909282700422 0.7739324093816632 0.0018457145740815 0.0048551832777946 0.0044567575770715 0.0050818748053565
0 0.006325404732254 0.0218347826086956 0.000593004875474 0.0041215943224585 0.2964542194092827 0.8357537313432837 0.0001746721840936 0.0006754680399878 0.0013788492390408 0.0057046091560261
0 0.012550809464508 0.0109673913043478 0.0005860611448335 0.0012711031614937 0.4388308016877638 0.9999 0.0006247234557932 0.0009783459557709 0.0016172787581841 0.002902304578013
0 0.0100606475716064 0.0290797101449275 0.0011137846735099 0.0036040002383643 0.4968360759493671 0.8602690831556503 0.0013653907953169 0.0023110087852166 0.0028311017647313 0.0032136717533478
0 0.0162860523038605 0.5126786231884057 0.0276596669120608 0.0378564404005266 0.1941540084388185 0.6780027718550106 0.0003502527250706 0.0282979339594062 0.0601408880024281 0.1302514792899408
1 0.0001 0.0327021739130434 0.0001833247676857 0.035462102299285 0.5558959915611814 0.9999 0.0006388506257569 0.0002211511663132 0.0003601049299744 0.0007227343506695
0 0.0088155666251556 0.0218347826086956 0.0007735418721264 0.0031124720433972 0.3713337552742616 0.9892411513859276 0.0003219983851433 0.0011600727052408 0.0021808394397953 0.0060159763313609
0 0.0088155666251556 0.4909438405797101 0.0151609517591988 0.0633898406496919 0.14142194092827 0.5085270788912581 0.0001706358498183 0.0121242532565889 0.0253518536183497 0.0928874182497664
0 0.0100606475716064 0.501811231884058 0.0174246079479949 0.0575976277158175 0.1308755274261603 0.5671507462686568 0.0001565086798546 0.013214613753408 0.0321362572085158 0.1072103083151666
0 0.0088155666251556 0.0127786231884057 0.0004957926465072 0.0019488162787969 0.4071915611814346 0.8005795309168443 0.0008406673395236 0.0007360436231445 0.001075393487404 0.0016568358766739
0 0.0113057285180572 0.4257394927536232 0.0164385981970469 0.0440266087267431 0.1382580168776371 0.5437012793176973 0.0001625631812676 0.0129723114207815 0.0291884013354724 0.1025398006851448
0 0.0088155666251556 0.0743605072463768 0.0023844873807175 0.0098616754780788 0.356568776371308 0.9359469083155648 0.0003885979006863 0.0038556861557103 0.0067977019468412 0.0166024602927436
0 0.0088155666251556 0.0399471014492753 0.0013290403233647 0.0054397835725977 0.4325029535864979 0.9999 0.0002796168752523 0.0024624477431081 0.0039365477171226 0.0138001557147306
0 0.0050803237858032 0.0218347826086956 0.0005027363771477 0.0049277750361736 0.2215746835443038 0.7536805970149255 0.0003885979006863 0.000402877915783 0.0010320426657416 0.0019682030520087
0 0.0088155666251556 0.0254572463768115 0.0008846415623741 0.0035779343492373 0.3407491561181434 0.8400172707889126 0.0002775987081146 0.0012509360799757 0.0021591640289641 0.0072614450327
0 0.0075704856787048 0.0345134057971014 0.0010235161751836 0.0054062702865772 0.3449677215189873 0.9999 0.0002231081953976 0.0014932384126022 0.0029828296405497 0.0100637496107131
0 0.0088155666251556 0.5380358695652173 0.0166052477324184 0.0694408506256133 0.2004818565400844 0.777130063965885 0.0002009083568833 0.0173337534080581 0.0408280969518276 0.1190422609778885
0 0.0088155666251556 0.0236460144927536 0.0008290917172502 0.0033452031963172 0.4820710970464135 0.7526147121535182 0.0005036334275333 0.0016143895789154 0.0018123574556649 0.0057046091560261
0 0.0113057285180572 0.1757894927536231 0.006856249913186 0.0183330894443689 0.3418037974683545 0.8517420042643923 0.0003219983851433 0.0110338927597697 0.0182423188657156 0.0542778885082528
0 0.0113057285180572 0.4492855072463768 0.0173412831803091 0.0464470127171117 0.4325029535864979 0.8314901918976547 0.0006105962858296 0.0347492335655861 0.0454016086372111 0.1012943319838056
0 0.0075704856787048 0.0073449275362318 0.0002944244579334 0.0014163274009158 0.1561869198312236 0.3912797441364606 0.0013109002825999 0.0001 0.0002734032866496 0.0001
2 0.0810302615193026 0.0037224637681159 0.0014262525523314 0.0001707502704876 0.6381580168776372 0.9029044776119404 0.0004229067420266 0.003825398364132 0.0038498460737978 0.0153569915914045
0 0.0100606475716064 0.0109673913043478 0.0004888489158668 0.0015354857512109 0.2468860759493671 0.7632735607675907 0.0003018167137666 0.0004331657073614 0.0010103672549104 0.0025909374026782
0 0.0075704856787048 0.0109673913043478 0.0003916366869001 0.0019488162787969 0.3112191983122362 0.6087202558635394 0.0004693245861929 0.000402877915783 0.0006202098599488 0.0016568358766739
0 0.0088155666251556 0.2265039855072463 0.0070506743711194 0.0294110923233636 0.1656786919831223 0.5447671641791044 0.0001908175211949 0.0062787094819751 0.012476659584616 0.045248240423544
0 0.006325404732254 0.0218347826086956 0.000593004875474 0.0041215943224585 0.2563778481012658 0.6716074626865671 0.0002069628582963 0.0005846046652529 0.0011187443090664 0.004459140454687
0 0.012550809464508 0.1504322463768116 0.0064674009973191 0.0143040477250169 0.2395035864978903 0.6577509594882729 0.0003724525635849 0.0077022356861557 0.0135387547153449 0.0340390221114917
0 0.006325404732254 0.0671155797101449 0.0016345644715458 0.0118780581869782 0.3428584388185654 0.8218972281449892 0.0002029265240209 0.0024927355346864 0.0040666001821098 0.017536561818748
0 0.0050803237858032 0.0127786231884057 0.0003291431111358 0.0030659258128132 0.3407491561181434 0.440310447761194 0.0029254339927331 0.0003423023326264 0.0003601049299744 0.0001
0 0.012550809464508 0.5434695652173913 0.0230420860361424 0.0510346092034719 0.2700881856540084 0.7174405117270789 0.0003462163907953 0.0307512450772493 0.0527278974981572 0.1423947991279975
0 0.0100606475716064 0.1939018115942029 0.0068007000680621 0.0224291577357619 0.3291481012658228 0.7803277185501066 0.0003320892208316 0.0106098636776734 0.0166816892858691 0.051164216754905
0 0.0162860523038605 0.6630108695652174 0.0357282819162974 0.0488934825966074 0.3133284810126582 0.5479648187633263 0.0008063584981832 0.0541334201757043 0.0641508390062004 0.1237127686079103
0 0.0187762141967621 0.6793119565217391 0.0418248774186379 0.0438404238044071 0.3365305907172995 0.5522283582089552 0.0010223023819136 0.0674903362617388 0.0755954559250748 0.1246468701339146
0 0.0088155666251556 0.5760717391304347 0.0177717944800188 0.0743282048369345 0.1287662447257384 0.6716074626865671 0.0001524723455793 0.0133660527112996 0.0382053722412522 0.1097012457178449
0 0.0100606475716064 0.0182123188405797 0.000738823218924 0.0023621468063829 0.212082911392405 0.7632735607675907 0.0002856713766653 0.0006451802484095 0.0016172787581841 0.0038364061040174
0 0.006325404732254 0.1794119565217391 0.004217632269804 0.0311184080611851 0.3512955696202532 0.8165678038379531 0.0002453080339119 0.0068844653135413 0.0107209513072887 0.0415118343195266
0 0.0100606475716064 0.183034420289855 0.0064257386134763 0.0211873043037804 0.1203291139240506 0.5309106609808103 0.0002170536939846 0.0044917297788548 0.0110894332914191 0.0296798816568047
0 0.0013450809464508 0.0924728260869565 0.0007735418721264 0.0484950468628082 0.0971270042194093 0.6822663113006396 0.0004027250706499 0.0003423023326264 0.0015305771148592 0.0016568358766739
0 0.0187762141967621 0.2174478260869565 0.0134944564054838 0.0141681327317115 0.3628966244725739 0.5852707889125799 0.0010283568833266 0.0231187215995153 0.0255686077266617 0.0424459358455309
0 0.0088155666251556 0.0200235507246376 0.0007179920270026 0.0028797408904771 0.3628966244725739 0.9668575692963752 0.0002634715381509 0.0010389215389275 0.0019640853314833 0.0063273435066957
0 0.0050803237858032 0.1449985507246377 0.0028636047949106 0.0302489244738758 0.2732521097046413 0.965791684434968 0.0001605450141299 0.0037042471978188 0.0084450331700125 0.0299912488321395
1 0.0001 0.0290797101449275 0.0001694373064047 0.0317384038525641 0.9999 0.9999 0.0033290674202664 0.000402877915783 0.000316754108312 0.0001
1 0.0013450809464508 0.0236460144927536 0.00024581834345 0.0131199116189596 0.2468860759493671 0.8091066098081022 0.0015127169963665 0.0001302877915783 0.0004468065732992 0.0001
0 0.0075704856787048 0.1142076086956521 0.0031621852124512 0.0171098545046211 0.4704700421940928 0.9050362473347549 0.0004895062575696 0.0066421629809148 0.0087918397433117 0.023452538150109
0 0.0274917808219178 0.3569126811594202 0.0316731432222577 0.0161156270193466 0.9197472573839665 0.9988341151385928 0.0029113068227694 0.1273995880036352 0.0985280405844859 0.087594176269075
0 0.0075704856787048 0.0164010869565217 0.0005374550303501 0.0027475495956185 0.2616510548523207 0.725967590618337 0.0006045417844166 0.0005240290820963 0.001075393487404 0.0016568358766739
0 0.0100606475716064 0.1667333333333333 0.0058632964315975 0.01932545508042 0.285907805907173 0.8805208955223882 0.0003139257165926 0.0080656891850954 0.0160531023717642 0.0405777327935222
0 0.0075704856787048 0.0960952898550724 0.0026761240676176 0.014449271964439 0.1930993670886076 0.785657142857143 0.0002069628582963 0.0025835989094213 0.0064942461952044 0.0178479289940828
0 0.0050803237858032 0.0019112318840579 0.0001208311919214 0.0008317067447806 0.6835075949367089 0.680134541577825 0.0013109002825999 0.0001 0.0001 0.0001
0 0.0075704856787048 0.0508144927536231 0.0014609712055338 0.0078006083878188 0.3249295358649789 0.9316833688699362 0.0001807266855066 0.0020989942441684 0.0040666001821098 0.0159797259420741
0 0.0075704856787048 0.0816054347826087 0.0022872751517508 0.012321178302138 0.2658696202531646 0.9604622601279318 0.0004188704077513 0.0028561890336261 0.006667649481854 0.0116205854873871
0 0.0088155666251556 0.0127786231884057 0.0004957926465072 0.0019488162787969 0.4557050632911393 0.9999 0.0005924327815906 0.0008269069978794 0.0013354984173784 0.0025909374026782
0 0.0088155666251556 0.0127786231884057 0.0004957926465072 0.0019488162787969 0.357623417721519 0.7664712153518125 0.0004592337505046 0.0006451802484095 0.0010320426657416 0.0025909374026782
0 0.0075704856787048 0.0526257246376811 0.0015095773200172 0.0080668528267593 0.2310664556962025 0.8624008528784649 0.0001665995155429 0.0016143895789154 0.0039148723062914 0.013177421364061
0 0.012550809464508 0.4728315217391304 0.0200632255913769 0.0444324918574357 0.2099736286919831 0.6556191897654584 0.0002715442067016 0.0217557709784913 0.0422369986558557 0.1215331983805668
0 0.0100606475716064 0.1286974637681159 0.0045509313405469 0.0149817608423201 0.1994272151898734 0.5181200426439233 0.0002231081953976 0.0046128809451681 0.0076430429692581 0.0299912488321395
0 0.0088155666251556 0.0471920289855072 0.00155123970386 0.006370708184278 0.4040276371308017 0.9604622601279318 0.0003300710536939 0.0027350378673129 0.0044567575770715 0.0134887885393958
0 0.0113057285180572 0.0508144927536231 0.0020650757712555 0.0054863298031817 0.2511046413502109 0.789920682302772 0.0002675078724263 0.0024321599515298 0.0049986428478515 0.0141115228900654
0 0.0075704856787048 0.0055336956521739 0.00024581834345 0.0011500829619752 0.2468860759493671 0.9999 0.0003018167137666 0.0001302877915783 0.0005551836274552 0.0010341015260043
0 0.006325404732254 0.0109673913043478 0.0003430305724167 0.0022597450990981 0.3723883966244726 0.948737526652452 0.0007559043197416 0.000402877915783 0.0008152885574296 0.0010341015260043
0 0.0113057285180572 0.3551014492753623 0.0137305432472601 0.0367653967556374 0.0971270042194093 0.5618213219616204 0.0001504541784416 0.0084897182671917 0.0250917486883753 0.0707803488009965
0 0.0100606475716064 0.0236460144927536 0.0009263039462169 0.0029840044469853 0.2384489451476793 0.9999 0.0003139257165926 0.0009480581641926 0.0026793738889129 0.0050818748053565
0 0.0113057285180572 0.0327021739130434 0.0013707027072076 0.0036244805798213 0.5284753164556962 0.7920524520255865 0.0014118086394832 0.0030682035746743 0.0032646099813554 0.0041477732793522
1 0.0013450809464508 0.0145898550724637 0.0001763810370452 0.0084652885605585 0.5316392405063292 0.5266471215351813 0.0019163504238998 0.0001908633747349 0.0001650262324936 0.0001
0 0.0088155666251556 0.0327021739130434 0.0011068409428694 0.0045088589609175 0.3966451476793249 0.9583304904051174 0.0002533807024626 0.0018566919115419 0.003112882105537 0.0113092183120523
0 0.0113057285180572 0.9220170289855072 0.0354644201519592 0.0950412774468196 0.1161105485232067 0.5063953091684436 0.0001948538554703 0.0249359890942138 0.0593605732125048 0.1753997197134849
0 0.006325404732254 0.0707380434782608 0.0017178892392315 0.0124999158275806 0.2574324894514768 0.7110452025586355 0.0001746721840936 0.0020384186610118 0.0037414690196418 0.0159797259420741
0 0.026246699875467 0.0453807971014492 0.0040232078118705 0.0022876728374485 0.2437221518987341 0.9124974413646056 0.0002876895438029 0.0047946076946379 0.0113278628105623 0.0259434755527872
0 0.0113057285180572 0.1449985507246377 0.0056758157043045 0.0151679457646561 0.2395035864978903 0.7973818763326226 0.0003240165522809 0.0067330263556498 0.0141673416294497 0.0331049205854873
0 0.0088155666251556 0.2699735507246376 0.0083838706540913 0.0349966399934449 0.1118919831223629 0.5671507462686568 0.0001464178441663 0.0056123780672523 0.0154028400468282 0.0477391778262223
3 0.0573737235367372 0.5163010869565217 0.0933890211548345 0.0114163195795848 0.1382580168776371 0.2719006396588486 0.0008406673395236 0.0743656649500151 0.0922421714434375 0.1635677670507629
0 0.0175311332503113 0.4836989130434782 0.0279651910602419 0.0333526271292177 0.3808255274261603 0.7131769722814499 0.0009274485264432 0.050196007270524 0.0636739799679139 0.1012943319838056
0 0.0100606475716064 0.1123963768115942 0.0039884891586682 0.0131199116189596 0.25005 0.7632735607675907 0.0002977803794913 0.0048551832777946 0.0095071283007414 0.0256321083774525
0 0.0113057285180572 0.5271684782608695 0.0203270873557151 0.0544529643775617 0.1593508438818565 0.6257744136460553 0.0002009083568833 0.0178789336564677 0.0410448510601396 0.1234014014325755
0 0.0113057285180572 0.0779829710144927 0.0031066353673273 0.0082791036382224 0.3143831223628692 0.9540669509594883 0.0002816350423899 0.0045523053620115 0.0090736200841174 0.0250093740267829
0 0.0075704856787048 0.0218347826086956 0.0006832733738002 0.0035444210632168 0.2004818565400844 0.9061021321961622 0.0001948538554703 0.0005543168736746 0.0017473312231713 0.004459140454687
0 0.0038352428393524 0.0109673913043478 0.00024581834345 0.0033452031963172 0.2468860759493671 0.5426353944562899 0.0015127169963665 0.0001302877915783 0.0002950786974808 0.0001
0 0.0075704856787048 0.0290797101449275 0.0008776978317336 0.004609398818979 0.3259841772151899 0.7675371002132196 0.0002311808639483 0.0011903604968191 0.0019640853314833 0.0078841793833696
0 0.012550809464508 0.059870652173913 0.0026483491450557 0.0058419430048436 0.3291481012658228 0.6183132196162049 0.0004592337505046 0.0040071251136019 0.0051503707236699 0.0150456244160697
0 0.006325404732254 0.0960952898550724 0.0023011626130318 0.0168436100656805 0.5242567510548524 0.95726460554371 0.0005762874444893 0.0052792123598909 0.0066893248926852 0.0162910931174089
0 0.0075704856787048 0.0272684782608695 0.0008290917172502 0.0043431543800384 0.2089189873417721 0.9999 0.0002130173597093 0.0007360436231445 0.0023759181372761 0.0053932419806913
0 0.0113057285180572 0.4619641304347826 0.0178273443251427 0.047750307173464 0.3365305907172995 0.764339445628998 0.0004935425918449 0.0286916752499242 0.0431907167324285 0.1000488632824665
3 0.0150409713574097 0.0218347826086956 0.0012248843637575 0.0019488162787969 0.0760341772151898 0.4136633262260128 0.0006045417844166 0.0005240290820963 0.0015956033473529 0.0016568358766739
0 0.0113057285180572 0.0254572463768115 0.0010929534815884 0.0028797408904771 0.3249295358649789 0.8005795309168443 0.0003179620508679 0.0015235262041805 0.0025926722455881 0.0078841793833696
0 0.0088155666251556 0.0471920289855072 0.00155123970386 0.006370708184278 0.3070006329113924 0.7632735607675907 0.0002533807024626 0.0021292820357467 0.0035897411438234 0.0128660541887262
0 0.012550809464508 0.0109673913043478 0.0005860611448335 0.0012711031614937 0.5748795358649789 0.9999 0.0010586293903916 0.001281223871554 0.0016172787581841 0.0022795702273435
0 0.0137958904109589 0.1504322463768116 0.0070506743711194 0.0131199116189596 0.3987544303797468 0.683332196162047 0.0006085781186919 0.0130025992123598 0.0153161384035034 0.0380867953908439
0 0.0088155666251556 0.375025 0.0116057616712735 0.0484950468628082 0.1498590717299578 0.45736460554371 0.0002311808639483 0.0096709421387458 0.0176570827732732 0.0608165991902834
0 0.012550809464508 0.9238282608695652 0.0390821038156487 0.0865791727266463 0.1245476793248945 0.5074611940298508 0.0001847630197819 0.0288431142078158 0.0654730390669037 0.208716007474307
0 0.0050803237858032 0.0236460144927536 0.0005374550303501 0.0053001448808457 0.427229746835443 0.9999 0.0002049446911586 0.0008571947894577 0.0014655508823656 0.0063273435066957
0 0.0100606475716064 0.0453807971014492 0.0016762268553887 0.0054658494617248 0.3059459915611814 0.8091066098081022 0.0003724525635849 0.0023110087852166 0.0041099510037722 0.0103751167860479
0 0.0113057285180572 0.0852278985507246 0.0033843845929465 0.0090238433275666 0.2753613924050633 0.7440876332622601 0.0004027250706499 0.0044311541956982 0.0078597970775701 0.0184706633447524
0 0.0113057285180572 0.1540547101449275 0.0060230022363285 0.0160988703763363 0.2890717299578059 0.8336219616204691 0.0002715442067016 0.0083685671008785 0.0156846203876338 0.046805076300218
1 0.0001 0.123263768115942 0.0005305112997096 0.1285545634673077 0.8322120253164557 0.9999 0.0015712438433589 0.0016446773704937 0.0014438754715344 0.0019682030520087
0 0.0100606475716064 0.0562481884057971 0.0020511883099745 0.0067077028937062 0.318601687763713 0.7931183368869936 0.0002412716996366 0.0029773401999394 0.0049769674370203 0.0184706633447524
0 0.0100606475716064 0.5978065217391304 0.0207367674635033 0.0685620577921872 0.179389029535865 0.6694756929637525 0.0002150355268469 0.0199082156922144 0.0445129167931318 0.1308742136406104
0 0.0212663760896637 0.0852278985507246 0.0060507771588904 0.0050525189341388 0.2236839662447257 0.4925388059701492 0.0007659951554299 0.0067936019388064 0.0097672332307158 0.0162910931174089
0 0.0050803237858032 0.0471920289855072 0.0009887975219813 0.0101409528615829 0.5854259493670886 0.9924388059701492 0.0003704343964473 0.0023715843683732 0.0028527771755625 0.0106864839613827
3 0.0113057285180572 0.0109673913043478 0.0005374550303501 0.0013902615117887 0.1108373417721519 0.5735460554371002 0.0002150355268469 0.0002211511663132 0.000858639379092 0.0019682030520087
1 0.0001 0.0689268115942029 0.0003221993804953 0.0726990867664941 0.8912719409282701 0.9999 0.0016640795316915 0.0009480581641926 0.0007936131465984 0.0010341015260043
0 0.006325404732254 0.0109673913043478 0.0003430305724167 0.0022597450990981 0.2964542194092827 0.7206381663113006 0.0003684162293096 0.0003120145410481 0.0006202098599488 0.0016568358766739
1 0.0001 0.0164010869565217 0.0001208311919214 0.018705459289041 0.894435864978903 0.9999 0.0017145337101332 0.0001605755831566 0.0001650262324936 0.0001
0 0.0088155666251556 0.0091561594202898 0.0003846929562596 0.0014833539729568 0.428284388185654 0.8218972281449892 0.0004531792490916 0.0005543168736746 0.0008152885574296 0.0022795702273435
0 0.0909909090909091 0.3297442028985507 0.0940833942188824 0.0046913201848068 0.5189835443037976 0.5863366737739873 0.0255289059345983 0.2229878582247803 0.1796157525040107 0.0178479289940828
0 0.0075704856787048 0.253672463768116 0.0069048560276693 0.037590195961586 0.1171651898734177 0.772866524520256 0.0001322906742026 0.0047643199030596 0.0167900663400251 0.0430686701962005
0 0.012550809464508 0.0254572463768115 0.0011971094411956 0.0026265293961001 0.3164924050632912 0.8837185501066098 0.0003159438837303 0.0016446773704937 0.0031345575163682 0.0085069137340392
0 0.0100606475716064 0.1920905797101449 0.0067382064922978 0.0222224924719689 0.1741158227848101 0.8314901918976547 0.0001686176826806 0.0062181338988185 0.017527030308286 0.0483619121768919
0 0.0075704856787048 0.0236460144927536 0.0007318794882835 0.0038106655021573 0.2679789029535865 0.9561987206823028 0.0001605450141299 0.0007966192063011 0.0019857607423145 0.0069500778573653
0 0.0100606475716064 0.4728315217391304 0.0164247107357659 0.0542872597966826 0.1656786919831223 0.683332196162047 0.0001766903512313 0.0147895789154801 0.0358644278714824 0.1106353472438492
0 0.0100606475716064 0.0345134057971014 0.0013012654008028 0.0042239960297434 0.607573417721519 0.8464125799573562 0.0015268441663302 0.0033105059073008 0.0032862853921866 0.0041477732793522
0 0.0025901618929016 0.0055336956521739 0.0001347186532023 0.0025688120701759 0.7362396624472574 0.7334287846481876 0.0017145337101332 0.0001605755831566 0.0001433508216624 0.0001
0 0.0050803237858032 0.0164010869565217 0.0003985804175405 0.0038106655021573 0.2405582278481013 0.7227699360341151 0.0013109002825999 0.0003120145410481 0.000750262324936 0.0004113671753347
0 0.0100606475716064 0.1884681159420289 0.0066132193407692 0.0218091619443828 0.1941540084388185 0.551162473347548 0.0002836532095276 0.0066421629809148 0.0118047218488488 0.0362185923388352
0 0.0075704856787048 0.2591061594202898 0.0070506743711194 0.0383870674291843 0.0422856540084388 0.3433149253731343 0.0001484360113039 0.0027047500757346 0.0083366561158565 0.0231411709747742
0 0.026246699875467 0.0834166666666666 0.0072312113677718 0.0040638769965344 0.2816892405063291 0.7366264392324094 0.0003280528865563 0.009882956679794 0.0168334171616875 0.0480505450015571
0 0.0100606475716064 0.1468097826086956 0.0051758670981901 0.0170502753294735 0.3291481012658228 0.8282925373134328 0.0004632700847799 0.0080354013935171 0.0133653514286953 0.0296798816568047
0 0.006325404732254 0.0272684782608695 0.0007179920270026 0.0050525189341388 0.2416128691983123 0.5117247334754798 0.0003926342349616 0.0007057558315661 0.001075393487404 0.0032136717533478
1 0.0299819427148194 0.3043869565217391 0.0293886558415401 0.0126730678053531 0.1720065400843881 0.9434081023454158 0.0002150355268469 0.0273590124204786 0.0866499154489875 0.1800702273435067
0 0.0088155666251556 0.2192590579710145 0.006828474990624 0.0284801677116833 0.1846622362869198 0.6268402985074628 0.0001887993540573 0.0066118751893365 0.0136904825911633 0.0477391778262223
0 0.0075704856787048 0.3297442028985507 0.0089463128359701 0.0487612913017488 0.2247386075949367 0.6417626865671644 0.0002775987081146 0.010185834595577 0.0183723713307028 0.0561460915602616
0 0.0162860523038605 0.1631108695652174 0.0088977067214868 0.0121889870072794 0.3555141350210971 0.6033908315565033 0.0009173576907549 0.014880442290215 0.0172886007891427 0.0303026160074743
0 0.0113057285180572 0.0345134057971014 0.0014401400136124 0.0038106655021573 0.5147649789029536 0.765405330490405 0.0017145337101332 0.0031590669494092 0.003329636213849 0.0035250389286826
0 0.0075704856787048 0.0182123188405797 0.0005860611448335 0.0030119321853357 0.2880170886075949 0.9306174840085288 0.0001787085183689 0.0006451802484095 0.001508901704028 0.0053932419806913
0 0.0113057285180572 0.1794119565217391 0.0069951245259955 0.018705459289041 0.2268478902953586 0.705715778251599 0.0002654897052886 0.0079748258103604 0.0156412695659714 0.0455596075988788
0 0.0972163138231631 0.2862746376811594 0.0872715944605725 0.003834869542061 0.2816892405063291 0.3262607675906183 0.0102715623738393 0.121311741896395 0.100153696396826 0.0240752725007785
0 0.0088155666251556 0.3569126811594202 0.0110502632200352 0.0461677353336077 0.1720065400843881 0.8208313432835821 0.0001625631812676 0.0102161223871554 0.0285164635997051 0.0807440984117097
0 0.0100606475716064 0.0073449275362318 0.0003638617643381 0.0011221552236248 0.6951086497890295 0.8815867803837952 0.0020515676221235 0.0008571947894577 0.0008152885574296 0.0007227343506695
0 0.026246699875467 0.119641304347826 0.0102864528495825 0.005756297940569 0.178334388185654 0.9135633262260128 0.0004854699232943 0.0097618055134807 0.0292967783896284 0.0346617564621613
0 0.0113057285180572 0.1468097826086956 0.0057452530107093 0.0153541306869921 0.2616510548523207 0.8208313432835821 0.0003119075494549 0.0073387821872159 0.014730902311061 0.0371526938648396
0 0.006325404732254 0.0182123188405797 0.0005096801077882 0.0034997366818561 0.3291481012658228 0.951935181236674 0.0001665995155429 0.0006148924568312 0.0013138230065472 0.0053932419806913
3 0.0075704856787048 0.0834166666666666 0.0023358812662342 0.0125874227410785 0.1118919831223629 0.2420558635394456 0.0010646838918046 0.0014629506210239 0.0020074361531457 0.0025909374026782
1 0.0013450809464508 0.0363246376811594 0.0003430305724167 0.0196363839007212 0.4219565400843882 0.9999 0.0011756830843762 0.0004634534989397 0.000858639379092 0.0007227343506695
0 0.0001 0.3188768115942029 0.0012804342088814 0.3296342795902367 0.1593508438818565 0.9999 0.0001060545014129 0.0009783459557709 0.0037848198413042 0.0106864839613827
0 0.006325404732254 0.0200235507246376 0.0005513424916311 0.0038106655021573 0.2816892405063291 0.6300379530916845 0.0003199802180056 0.0005846046652529 0.000967016433248 0.0032136717533478
0 0.006325404732254 0.0164010869565217 0.0004680177239453 0.0031906697107783 0.3671151898734178 0.9647257995735607 0.0002009083568833 0.0006148924568312 0.0012054459523912 0.0047705076300218
0 0.0088155666251556 0.058059420289855 0.001884538774603 0.0077670951017983 0.3407491561181434 0.8186995735607677 0.0002816350423899 0.0028864768252044 0.0046951870962147 0.0159797259420741
0 0.0187762141967621 0.7101028985507247 0.0437135721528481 0.0458195695288392 0.3048913502109705 0.6300379530916845 0.0009335030278562 0.0648552983944259 0.0888824827646013 0.129940112114606
0 0.0088155666251556 0.0254572463768115 0.0008846415623741 0.0035779343492373 0.4725793248945148 0.9999 0.0003300710536939 0.0017052529536504 0.0025493214239257 0.0085069137340392
0 0.0162860523038605 0.6141076086956522 0.0331035517341963 0.0453038372939684 0.3080552742616034 0.5341083155650318 0.0008265401695599 0.0494388124810663 0.058081723973464 0.1106353472438492
0 0.006325404732254 0.1721670289855072 0.0040509827344325 0.0298765546292037 0.2637603375527426 0.781393603411514 0.0003421800565199 0.0051580611935777 0.0098756102848718 0.0243866396761133
0 0.0075704856787048 0.123263768115942 0.0034052157848679 0.0184392148501004 0.143531223628692 0.7376923240938166 0.0001565086798546 0.002644174492578 0.0078381216667389 0.021895702273435
0 0.0150409713574097 0.9002822463768116 0.0450051060519772 0.0714106871039287 0.2416128691983123 0.6673439232409382 0.0003583253936213 0.0550117661314753 0.0964688765555218 0.2485710059171597
0 0.0100606475716064 0.1920905797101449 0.0067382064922978 0.0222224924719689 0.1466951476793249 0.721704051172708 0.0001726540169559 0.0054609391093608 0.015381164635997 0.0418232014948614
0 0.0088155666251556 0.0218347826086956 0.0007735418721264 0.0031124720433972 0.320710970464135 0.9380786780383796 0.0002533807024626 0.0010086337473492 0.0020724623856393 0.0063273435066957
2 0.0511483188044831 0.0109673913043478 0.0020928506938174 0.0003978958757376 0.2426675105485232 0.3944773987206823 0.0003381437222446 0.0024018721599515 0.0027010492997441 0.0116205854873871
0 0.0100606475716064 0.0960952898550724 0.0034260469767894 0.0112580623955991 0.2532139240506329 0.9540669509594883 0.0001968720226079 0.0041888518630717 0.0100273381606902 0.0296798816568047
0 0.012550809464508 0.061681884057971 0.002724730182101 0.0060113712841694 0.3481316455696203 0.6343014925373135 0.0011353197416229 0.0043402908209633 0.0054321510644755 0.0072614450327
0 0.0088155666251556 0.0671155797101449 0.0021622880002222 0.0089307508663986 0.2089189873417721 0.7121110874200426 0.0001766903512313 0.0021898576189033 0.0047602133287083 0.0169138274680784
0 0.0113057285180572 0.0979065217391304 0.00387044573778 0.0103271377839189 0.6603054852320676 0.8155019189765458 0.0011736649172385 0.0111853317176613 0.0098105840523782 0.0181592961694176
0 0.0075704856787048 0.2609173913043478 0.0070992804856027 0.0386533118681249 0.1635694092827004 0.6353673773987208 0.0002009083568833 0.0062484216903968 0.0144274465594241 0.0433800373715353
0 0.0113057285180572 0.1069626811594203 0.004217632269804 0.0112580623955991 0.3302027426160338 0.7739324093816632 0.0003724525635849 0.0065210118146016 0.0102007414473398 0.0287457801308003
0 0.0200212951432129 0.1975242753623188 0.0130361701832122 0.0121349933798019 0.1298208860759493 0.5767437100213219 0.0001928356883326 0.0098223810966373 0.0243981355417768 0.0695348800996574
0 0.0100606475716064 0.4909438405797101 0.017049646493409 0.0563557742838361 0.2289571729957806 0.747285287846482 0.0002755805409769 0.0198476401090578 0.0404379395568659 0.1097012457178449
0 0.0100606475716064 0.0725492753623188 0.0026136304918533 0.0085695521170667 0.4799618143459916 0.991372921108742 0.0005601421073879 0.0055518024840957 0.0078814724884013 0.017536561818748
0 0.0100606475716064 0.0725492753623188 0.0026136304918533 0.0085695521170667 0.3396945147679325 0.8730597014925373 0.0003542890593459 0.0040677006967585 0.006992780644322 0.0187820305200872
1 0.0013450809464508 0.123263768115942 0.0010096287139027 0.0643207652613721 0.6023002109704642 0.8997068230277186 0.0020677129592248 0.0024927355346864 0.0026576984780817 0.0022795702273435
0 0.0162860523038605 0.5380358695652173 0.0290206381175947 0.039718289623887 0.1635694092827004 0.6907933901918977 0.0006025236172789 0.0259960617994547 0.0641508390062004 0.0766963251323575
0 0.0075704856787048 0.2011467391304348 0.0054952787076521 0.0298765546292037 0.1224383966244726 0.6449603411513859 0.0001504541784416 0.0038859739472887 0.0112845119888999 0.0327935534101526
0 0.0088155666251556 0.0055336956521739 0.0002735932660119 0.0010178916671167 0.2089189873417721 0.3006795309168443 0.0015127169963665 0.0001302877915783 0.0001867016433248 0.0001
0 0.0088155666251556 0.1160188405797101 0.0036621338185656 0.0152144919952401 0.2289571729957806 0.7067816631130065 0.0001807266855066 0.0041282762799151 0.0081199020075445 0.0309253503581438
2 0.0113057285180572 0.0001 0.0001208311919214 0.0002731519777725 0.9999 0.9999 0.0019163504238998 0.0001908633747349 0.0001650262324936 0.0001
2 0.0137958904109589 0.0001 0.0001347186532023 0.0002415005409753 0.9999 0.9999 0.0023199838514331 0.0002514389578915 0.000208377054156 0.0001
0 0.0100606475716064 0.0689268115942029 0.0024886433403247 0.0081543597402573 0.3333666666666667 0.7110452025586355 0.0004188704077513 0.0037951105725537 0.0054971772969691 0.0153569915914045
0 0.0100606475716064 0.4891326086956521 0.0169871529176447 0.056149109020043 0.2458314345991561 0.687595735607676 0.0002654897052886 0.0209682883974553 0.0373166803971729 0.1187308938025537
0 0.0050803237858032 0.0399471014492753 0.0008499229091717 0.0086514734828945 0.4219565400843882 0.9071680170575692 0.0002594352038756 0.0014629506210239 0.0022241902614577 0.008818280909374
0 0.0100606475716064 0.2138253623188405 0.0074881294014695 0.0247043374867083 0.390317299578059 0.9625940298507464 0.0003704343964473 0.0135780672523477 0.0223389715128127 0.059882497664279
0 0.012550809464508 0.4420405797101449 0.0187647479616073 0.0415559348073438 0.2110282700421941 0.8176336886993603 0.0002735623738393 0.0204231081490457 0.0483928153319169 0.1134376518218623
1 0.0001 0.0725492753623188 0.0003360868417762 0.076422785213215 0.9229111814345992 0.9999 0.0024552010496568 0.0010389215389275 0.0008369639682608 0.0007227343506695
0 0.0100606475716064 0.0707380434782608 0.002551136916089 0.0083610250040503 0.2816892405063291 0.9135633262260128 0.0003724525635849 0.0033710814904574 0.0071228331093092 0.0150456244160697
0 0.0075704856787048 0.0725492753623188 0.0020442445793341 0.0109918179566586 0.2690335443037974 0.7952501066098082 0.0002049446911586 0.002553311117843 0.0049769674370203 0.0178479289940828
0 0.0113057285180572 0.0779829710144927 0.0031066353673273 0.0082791036382224 0.4103554852320675 0.9146292110874202 0.0004915244247073 0.0057638170251438 0.0087268135108181 0.0203388663967611
0 0.0113057285180572 0.0453807971014492 0.0018567638520411 0.0049277750361736 0.3143831223628692 0.8069748400852879 0.0003684162293096 0.002644174492578 0.0045651346312275 0.0119319526627218
0 0.0100606475716064 0.0852278985507246 0.0030510855222035 0.0100162089636177 0.1846622362869198 0.6343014925373135 0.0001847630197819 0.0028561890336261 0.0061040888002428 0.0212729679227654
0 0.0113057285180572 0.0363246376811594 0.0015095773200172 0.0039968504244934 0.427229746835443 0.9284857142857144 0.0004854699232943 0.0027956134504695 0.004196652647097 0.0100637496107131
0 0.0075704856787048 0.6195413043478261 0.0167232911533065 0.0913175790000987 0.1698972573839662 0.7568782515991471 0.0001908175211949 0.0153953347470463 0.0401344838052291 0.1093898785425101
0 0.0088155666251556 0.0562481884057971 0.0018289889294792 0.0075343639488782 0.1878261603375527 0.5874025586353945 0.0001807266855066 0.001674965162072 0.0033513116246802 0.0128660541887262
0 0.0100606475716064 0.0870391304347826 0.0031135790979678 0.0102228742274107 0.5643331223628691 0.9583304904051174 0.0005278514331853 0.007732523477734 0.009138646316611 0.0256321083774525
0 0.0100606475716064 0.1812231884057971 0.006363245037712 0.0209806390399874 0.215246835443038 0.6673439232409382 0.0002432898667743 0.0069450408966979 0.0134954038936825 0.0421345686701962
0 0.012550809464508 0.0200235507246376 0.0009679663300598 0.0021182445581227 0.4008637130801688 0.6524215351812368 0.0007821404925312 0.0016143895789154 0.0018773836881585 0.0038364061040174
0 0.0100606475716064 0.0345134057971014 0.0013012654008028 0.0042239960297434 0.2205200421940928 0.5266471215351813 0.0003724525635849 0.0013115116631323 0.0021158132073017 0.0060159763313609
0 0.0001 0.3605351449275362 0.0014401400136124 0.3724568117275271 0.0823620253164557 0.9999 0.0001080726685506 0.0006754680399878 0.0042833542904218 0.0075728122080348
0 0.0088155666251556 0.0399471014492753 0.0013290403233647 0.0054397835725977 0.3291481012658228 0.9647257995735607 0.0003078712151796 0.0019172674946985 0.0038064952521354 0.0100637496107131
0 0.0137958904109589 0.6919905797101449 0.0319647799091578 0.059511608717432 0.2690335443037974 0.5767437100213219 0.0004854699232943 0.04256348379279 0.0600108355374409 0.1508017128620367
0 0.0050803237858032 0.0218347826086956 0.0005027363771477 0.0049277750361736 0.2215746835443038 0.6716074626865671 0.0001847630197819 0.000402877915783 0.0009236656115856 0.0035250389286826
0 0.0088155666251556 0.1957130434782608 0.0061063270040142 0.0254546627237226 0.0602145569620253 0.4754846481876333 0.0001504541784416 0.0027653256588912 0.0095504791224038 0.023452538150109
1 0.0025901618929016 0.9691090579710144 0.0112169127554067 0.3327435677932486 0.3048913502109705 0.3102724946695095 0.0122090028259991 0.0165159830354438 0.0122382300654728 0.0025909374026782
0 0.0075704856787048 0.0182123188405797 0.0005860611448335 0.0030119321853357 0.3154377637130801 0.8613349680170577 0.0002009083568833 0.0007057558315661 0.001400524649872 0.0053932419806913
0 0.0075704856787048 0.0055336956521739 0.00024581834345 0.0011500829619752 0.2089189873417721 0.8474784648187633 0.0002513625353249 0.0001 0.0004684819841304 0.0010341015260043
0 0.0088155666251556 0.0200235507246376 0.0007179920270026 0.0028797408904771 0.4071915611814346 0.9220904051172708 0.0003219983851433 0.0011600727052408 0.0018773836881585 0.0060159763313609
0 0.0187762141967621 0.0417583333333333 0.0027177864514605 0.0028797408904771 0.359732700421941 0.9306174840085288 0.0008507581752119 0.0044614419872765 0.0077297446125829 0.0097523824353783
1 0.0001 0.1123963768115942 0.0004888489158668 0.117383468127145 0.9492772151898734 0.9999 0.0039345175615664 0.0017052529536504 0.0013138230065472 0.0007227343506695
0 0.0088155666251556 0.1105851449275362 0.0034954842831941 0.0145162985364799 0.2700881856540084 0.944473987206823 0.0002836532095276 0.0045220175704332 0.0101357152148462 0.0246980068514481
0 0.0075704856787048 0.059870652173913 0.0017040017779506 0.0091299687332981 0.3702791139240506 0.8389513859275053 0.0002634715381509 0.0027956134504695 0.0043267051120842 0.0162910931174089
0 0.0225114570361145 0.0797942028985507 0.0059882835831261 0.004495826016354 0.2015364978902953 0.5543601279317698 0.0005056515946709 0.0061878461072402 0.0107426267181199 0.0212729679227654
1 0.0001 0.0327021739130434 0.0001833247676857 0.035462102299285 0.6117919831223628 0.9999 0.0007054501412999 0.0002514389578915 0.0003601049299744 0.0007227343506695
0 0.0100606475716064 0.0653043478260869 0.0023636561887961 0.0077410292126713 0.1857168776371308 0.5586236673773988 0.0001544905127169 0.0021898576189033 0.0041749772362658 0.0184706633447524
0 0.0100606475716064 0.4184945652173913 0.0145499034628366 0.0480817163352222 0.2342303797468355 0.7675371002132196 0.0002533807024626 0.0172428900333232 0.0353442180115336 0.1012943319838056
0 0.0075704856787048 0.3949485507246376 0.0106961329573708 0.0583367818574916 0.1509137130801688 0.5916660980810234 0.0001887993540573 0.0089440351408664 0.0204532107704982 0.064241638118966
0 0.0050803237858032 0.0091561594202898 0.000259705804731 0.002321186123469 0.4019183544303797 0.9999 0.0002271445296729 0.0002817267494698 0.0005985344491176 0.0022795702273435
0 0.0100606475716064 0.1468097826086956 0.0051758670981901 0.0170502753294735 0.3512955696202532 0.9306174840085288 0.0003603435607589 0.0084897182671917 0.0149043055977106 0.0383981625661787
0 0.0050803237858032 0.1757894927536231 0.0034538218993513 0.0365792118333013 0.3048913502109705 0.615115565031983 0.0003300710536939 0.0049460466525295 0.0067326757143476 0.0240752725007785
0 0.0088155666251556 0.2210702898550724 0.0068840248357479 0.0287128988646034 0.214192194092827 0.8155019189765458 0.0002432898667743 0.0074902211451075 0.0175920565407796 0.0455596075988788
0 0.0100606475716064 0.9654865942028984 0.0334229633436584 0.1105560670250822 0.0865805907172996 0.470155223880597 0.0001686176826806 0.0193933232353832 0.052381090924858 0.1498676113360323
0 0.0200212951432129 0.059870652173913 0.0040648701957134 0.0038106655021573 0.0749795358649789 0.1002931769722814 0.0034804299555914 0.0020384186610118 0.0018990590989897 0.0010341015260043
0 0.0050803237858032 0.1685445652173913 0.0033149472865417 0.035089732454613 0.2373943037974684 0.9412763326226014 0.0002271445296729 0.003825398364132 0.009572154533235 0.0246980068514481
0 0.0075704856787048 0.1105851449275362 0.0030649729834845 0.01657736562674 0.1445858649789029 0.7398240938166312 0.0001565086798546 0.0023715843683732 0.0070578068768156 0.0197161320460915
0 0.0050803237858032 0.0707380434782608 0.0014401400136124 0.0149817608423201 0.4093008438818566 0.9306174840085288 0.0001807266855066 0.002553311117843 0.0040015739496162 0.0194047648707567
0 0.0337171855541718 0.0562481884057971 0.0062729765393857 0.0022150607177374 0.4736339662447257 0.7270334754797442 0.0013149366168752 0.0134872038776128 0.0144057711485929 0.0197161320460915
0 0.0100606475716064 0.1631108695652174 0.0057383092800688 0.018912124552834 0.1150559071729958 0.4030044776119403 0.0002735623738393 0.0038859739472887 0.0077514200234141 0.021895702273435
0 0.0137958904109589 0.0761717391304347 0.0036343588960037 0.0067579728227369 0.2911810126582279 0.7749982942430705 0.0004148340734759 0.0050066222356861 0.0087701643324805 0.0203388663967611
2 0.0100606475716064 0.0001 0.0001138874612809 0.0002936323192294 0.9999 0.9999 0.0017145337101332 0.0001605755831566 0.0001433508216624 0.0001
4 0.1171376089663761 0.1667333333333333 0.061399254094148 0.0019097174451063 0.6571415611814346 0.8954432835820897 0.0006307779572062 0.1805849500151469 0.172657945627195 0.5116762690750545
0 0.006325404732254 0.186656884057971 0.0043842818051755 0.0323583996439432 0.0496681434599156 0.2090134328358209 0.0003018167137666 0.001765828536807 0.003438013268005 0.0094410152600436
0 0.0287368617683686 0.2102028985507246 0.0195493895239814 0.0091634820193186 0.3112191983122362 0.7110452025586355 0.0004794154218813 0.0294185822478036 0.0443395135064822 0.1050307380878231
0 0.0150409713574097 0.6775007246376812 0.0339020807578514 0.0537938697524921 0.107673417721519 0.487209381663113 0.0001887993540573 0.0226341169342623 0.0548087369379525 0.162010931174089
0 0.0075704856787048 0.0345134057971014 0.0010235161751836 0.0054062702865772 0.2089189873417721 0.6343014925373135 0.0001928356883326 0.0009480581641926 0.0019424099206521 0.0072614450327
0 0.0100606475716064 0.0743605072463768 0.0026761240676176 0.0087762173808597 0.1930993670886076 0.5767437100213219 0.0001746721840936 0.0025835989094213 0.0048902657936955 0.0200274992214263
0 0.0075704856787048 0.2717847826086956 0.0073909171725028 0.0402489166525448 0.0264660337552742 0.3966091684434968 0.0001665995155429 0.0023412965767949 0.009897285695703 0.0187820305200872
0 0.0075704856787048 0.0055336956521739 0.00024581834345 0.0011500829619752 0.5105464135021098 0.9999 0.0009072668550666 0.0003423023326264 0.0005551836274552 0.0007227343506695
0 0.0113057285180572 0.308009420289855 0.0119251732807356 0.0319245887749002 0.0781434599156118 0.4157950959488273 0.0002574170367379 0.0063998606482883 0.0167033646967003 0.0374640610401744
0 0.0088155666251556 0.123263768115942 0.003884333199061 0.0161454166069203 0.3312573839662447 0.8901138592750534 0.0002897077109406 0.0060061193577703 0.0106776004856263 0.032170819059483
0 0.0100606475716064 0.1449985507246377 0.0051133735224257 0.0168436100656805 0.142476582278481 0.5117247334754798 0.0001988901897456 0.0040071251136019 0.0085100594025061 0.0281230457801308
0 0.0113057285180572 0.2337489130434782 0.0090782437181392 0.0242910069591223 0.393481223628692 0.7579441364605546 0.0004612519176423 0.0166068464101787 0.021732060009539 0.0614393335409529
0 0.0100606475716064 0.0417583333333333 0.00155123970386 0.0050525189341388 0.1751704641350211 0.5607554371002132 0.0001766903512313 0.0013115116631323 0.0027010492997441 0.0103751167860479
0 0.006325404732254 0.0218347826086956 0.000593004875474 0.0041215943224585 0.3238748945147679 0.7675371002132196 0.0001665995155429 0.0007360436231445 0.0012704721848848 0.0063273435066957
0 0.0088155666251556 0.0272684782608695 0.0009401914074979 0.0038106655021573 0.4483225738396624 0.8997068230277186 0.0003906160678239 0.0017355407452287 0.0024626197806009 0.0075728122080348
0 0.0137958904109589 0.7300264492753623 0.0337146000305585 0.0627698448583128 0.2975088607594937 0.6524215351812368 0.0004673064190553 0.0488633444410784 0.0707618393097168 0.1782020242914979
1 0.0013450809464508 0.9709202898550724 0.007508960593391 0.4999934835277181 0.4936721518987342 0.5959296375266524 0.0052604533710133 0.0167885731596485 0.0144057711485929 0.0063273435066957
0 0.0113057285180572 0.1160188405797101 0.0045648188018279 0.0121889870072794 0.4462132911392405 0.9689893390191898 0.0004551974162293 0.0092469130566495 0.0136254563586697 0.0346617564621613
0 0.006325404732254 0.0272684782608695 0.0007179920270026 0.0050525189341388 0.4620329113924051 0.9338151385927504 0.0003300710536939 0.0013115116631323 0.0018990590989897 0.0066387106820305
0 0.0088155666251556 0.0109673913043478 0.0004402428013834 0.0017160851258768 0.3787162447257384 0.9999 0.0003199802180056 0.0005846046652529 0.0011620951307288 0.0032136717533478
0 0.0100606475716064 0.5036224637681159 0.0174871015237592 0.0578042929796105 0.0475588607594936 0.2953501066098081 0.0001686176826806 0.007247918812481 0.018394046741534 0.0561460915602616
0 0.0038352428393524 0.0037224637681159 0.0001347186532023 0.0014833539729568 0.6487044303797469 0.9114315565031984 0.0004370339119903 0.0001302877915783 0.0001867016433248 0.0007227343506695
0 0.0113057285180572 0.0490032608695652 0.0019956384648507 0.0053001448808457 0.2732521097046413 0.9540669509594883 0.0002574170367379 0.0025230233262647 0.0057572822269435 0.0150456244160697
0 0.0075704856787048 0.0164010869565217 0.0005374550303501 0.0027475495956185 0.2468860759493671 0.680134541577825 0.0001504541784416 0.000493741290518 0.0010103672549104 0.0047705076300218
0 0.006325404732254 0.3985710144927536 0.0092587807147917 0.068664459499472 0.2279025316455696 0.5053294243070363 0.0002917258780783 0.01067043926083 0.0153594892251658 0.0567688259109311
0 0.006325404732254 0.0290797101449275 0.0007596544108454 0.0053615859052166 0.3481316455696203 0.9476716417910448 0.0002271445296729 0.0010692093305059 0.0020507869748081 0.0072614450327
0 0.0088155666251556 0.058059420289855 0.001884538774603 0.0077670951017983 0.320710970464135 0.6854639658848615 0.0003018167137666 0.0027350378673129 0.003979898538785 0.0144228900654001
0 0.012550809464508 0.3297442028985507 0.0140291236648007 0.0310606907352609 0.4356668776371308 0.8304243070362474 0.0008124129995962 0.0282676461678279 0.0366447426614057 0.064241638118966
0 0.0100606475716064 0.0743605072463768 0.0026761240676176 0.0087762173808597 0.1540776371308017 0.5341083155650318 0.0001302725070649 0.002159569827325 0.0045651346312275 0.0200274992214263
0 0.0113057285180572 0.0327021739130434 0.0013707027072076 0.0036244805798213 0.5780434599156118 0.7526147121535182 0.0018154420670165 0.0033407936988791 0.003112882105537 0.0035250389286826
0 0.0088155666251556 0.4710202898550724 0.0145499034628366 0.0608297979675712 0.1751704641350211 0.7579441364605546 0.0001686176826806 0.0136689306270827 0.034954060616572 0.1056534724384927
0 0.0088155666251556 0.0852278985507246 0.0027177864514605 0.0112580623955991 0.318601687763713 0.8560055437100214 0.0002796168752523 0.0040071251136019 0.0071445085201404 0.0222070694487698
0 0.0088155666251556 0.9672978260869564 0.0297705610267664 0.1245981338676667 0.1256023206751055 0.6769368869936034 0.0001544905127169 0.0220283611026961 0.0646276980444868 0.1788247586421675
0 0.0075704856787048 0.0345134057971014 0.0010235161751836 0.0054062702865772 0.3291481012658228 0.8624008528784649 0.0001928356883326 0.0014326628294456 0.0025926722455881 0.0106864839613827
2 0.0648442092154421 0.0001 0.000419411609462 0.0001223421906803 0.9999 0.9999 0.0105944691158659 0.0014932384126022 0.0010970688982352 0.0001
0 0.0088155666251556 0.0164010869565217 0.0006068923367549 0.002414278584637 0.3280934599156118 0.9071680170575692 0.0005480331045619 0.0007663314147228 0.0015305771148592 0.0025909374026782
0 0.0100606475716064 0.0761717391304347 0.0027386176433819 0.0089828826446527 0.3428584388185654 0.9167609808102348 0.0003522708922083 0.004310003029385 0.0076863937909205 0.0200274992214263
0 0.012550809464508 0.5271684782608695 0.0223546567027349 0.0495097546895397 0.3048913502109705 0.7451535181236675 0.0004935425918449 0.0330834050287791 0.0529446516064692 0.115305854873871
0 0.0088155666251556 0.0145898550724637 0.0005513424916311 0.0021815474317169 0.2816892405063291 0.615115565031983 0.0003199802180056 0.0005846046652529 0.0009453410224168 0.0032136717533478
0 0.0088155666251556 0.0055336956521739 0.0002735932660119 0.0010178916671167 0.4398854430379747 0.700386353944563 0.0006549959628582 0.0003423023326264 0.0004468065732992 0.0010341015260043
0 0.0100606475716064 0.0689268115942029 0.0024886433403247 0.0081543597402573 0.4135194092827005 0.9178268656716418 0.0004511610819539 0.0046128809451681 0.0069711052334908 0.017536561818748
0 0.0100606475716064 0.1033402173913043 0.0036760212798466 0.0120847234507712 0.1593508438818565 0.5000000000000001 0.0001686176826806 0.0030984913662526 0.0059523609244244 0.0243866396761133
0 0.0100606475716064 0.1051514492753623 0.0037385148556109 0.0122932505637876 0.464142194092827 0.8517420042643923 0.0005480331045619 0.0077930990608906 0.0098539348740406 0.0250093740267829
0 0.0075704856787048 0.0363246376811594 0.001072122289667 0.0056725147255178 0.318601687763713 0.934881023454158 0.0002271445296729 0.0014629506210239 0.0029394788188873 0.0097523824353783
0 0.0075704856787048 0.0453807971014492 0.0013151528620838 0.0070018750709972 0.3396945147679325 0.8357537313432837 0.0002331990310859 0.0019475552862768 0.0032862853921866 0.0125546870133914
0 0.0088155666251556 0.0073449275362318 0.0003291431111358 0.0012506228200367 0.4198472573839663 0.9999 0.0005036334275333 0.0004331657073614 0.0008152885574296 0.0016568358766739
0 0.006325404732254 0.0797942028985507 0.0019262011584459 0.0140508362306398 0.390317299578059 0.8730597014925373 0.0002473262010496 0.0033407936988791 0.0051070199020075 0.0203388663967611
0 0.0100606475716064 0.0870391304347826 0.0031135790979678 0.0102228742274107 0.179389029535865 0.666278038379531 0.0001544905127169 0.0028561890336261 0.0065159216060356 0.0237639053254437
0 0.0088155666251556 0.1142076086956521 0.0036065839734418 0.0149817608423201 0.5158196202531646 0.9434081023454158 0.0006751776342349 0.0082777037261435 0.0104608463773143 0.0222070694487698
0 0.006325404732254 0.1902793478260869 0.0044676065728612 0.0329802572845456 0.0813073839662447 0.8240289978678038 0.0001282543399273 0.0023715843683732 0.0114579152755495 0.0222070694487698
0 0.0187762141967621 0.6159188405797101 0.0379363882599697 0.0397685595529178 0.3439130801687763 0.705715778251599 0.0009536846992329 0.0622808361102696 0.0855444694965962 0.1224672999065711
0 0.0050803237858032 0.0399471014492753 0.0008499229091717 0.0086514734828945 0.284853164556962 0.9999 0.0001645813484053 0.0010086337473492 0.0024409443697697 0.0085069137340392
0 0.0075704856787048 0.0200235507246376 0.0006346672593168 0.0032781766242762 0.3344213080168776 0.8474784648187633 0.0002109991925716 0.0008269069978794 0.001508901704028 0.0060159763313609
0 0.0113057285180572 0.1051514492753623 0.0041481949633992 0.0110718774732631 0.3702791139240506 0.7781959488272921 0.0004995970932579 0.0070964798545895 0.0100706889823526 0.0246980068514481
0 0.012550809464508 0.0924728260869565 0.0040232078118705 0.0088879283342613 0.2215746835443038 0.8485443496801707 0.0002594352038756 0.0044311541956982 0.0105908988423015 0.0259434755527872
0 0.0100606475716064 0.4510967391304348 0.0156747878265942 0.0518054147819431 0.3112191983122362 0.7195722814498935 0.0003906160678239 0.0235427506816116 0.0359077786931448 0.0994261289317969
0 0.006325404732254 0.1739782608695652 0.0040926451182753 0.0301874834495049 0.2605964135021096 0.6812004264392324 0.0002715442067016 0.0051580611935777 0.0087918397433117 0.0290571473061351
0 0.0113057285180572 0.0145898550724637 0.0006763296431597 0.0017626313564608 0.6487044303797469 0.6684098081023454 0.0059526846992329 0.0017052529536504 0.001292147595716 0.0004113671753347
0 0.0088155666251556 0.063493115942029 0.0020511883099745 0.0084652885605585 0.428284388185654 0.9551328358208956 0.0003139257165926 0.0038859739472887 0.0059306855135932 0.0197161320460915
0 0.0137958904109589 0.1268862318840579 0.0059674523912047 0.0111035289100602 0.5864805907172995 0.8570714285714286 0.0010989927331449 0.0155770614965162 0.0159447253176082 0.0268775770787916
0 0.0050803237858032 0.061681884057971 0.0012665467476004 0.0131199116189596 0.1561869198312236 0.8176336886993603 0.0007821404925312 0.0009480581641926 0.0030912066947058 0.0022795702273435
0 0.0050803237858032 0.3659688405797101 0.0070992804856027 0.0756780455238708 0.1973179324894514 0.8496102345415778 0.0001605450141299 0.007247918812481 0.0188492303689892 0.0580142946122703
0 0.0050803237858032 0.0308909420289855 0.0006763296431597 0.0067896242595341 0.3671151898734178 0.79844776119403 0.0002291626968106 0.0009783459557709 0.0015305771148592 0.0066387106820305
0 0.012550809464508 0.0182123188405797 0.0008915852930145 0.0019488162787969 0.3987544303797468 0.7888547974413647 0.0008527763423496 0.0014629506210239 0.0020507869748081 0.0032136717533478
4 0.2304399750933997 0.8477565217391304 0.6057807925770561 0.0047825507967515 0.3439130801687763 0.4978682302771856 0.004396677836092 0.9999 0.9999 0.4609234194954842
0 0.0113057285180572 0.0218347826086956 0.0009540788687789 0.002507371045805 0.1888808016877637 0.7867230277185502 0.0002533807024626 0.0007966192063011 0.0022025148506265 0.0050818748053565
0 0.0088155666251556 0.1939018115942029 0.0060507771588904 0.0252219315708026 0.2542685654008438 0.8901138592750534 0.0002392535324989 0.0075507967282641 0.0167467155183627 0.0464937091248832
0 0.0075704856787048 0.0290797101449275 0.0008776978317336 0.004609398818979 0.3976997890295359 0.7312970149253731 0.0003462163907953 0.0014326628294456 0.0018773836881585 0.0069500778573653
2 0.9999 0.0182123188405797 0.0614617476699123 0.0001130329445635 0.1466951476793249 0.1823663113006396 0.0030545966895438 0.0510440654347167 0.0445562676147942 0.0334162877608221
0 0.0075704856787048 0.0308909420289855 0.0009263039462169 0.0048737814086962 0.2384489451476793 0.974318763326226 0.0001706358498183 0.0009480581641926 0.0026143476564193 0.0078841793833696
0 0.0075704856787048 0.0888503623188406 0.0024816996096842 0.0133861560579001 0.1709518987341772 0.95726460554371 0.0001464178441663 0.002159569827325 0.0072312101634652 0.0187820305200872
1 0.0001 0.0290797101449275 0.0001694373064047 0.0317384038525641 0.9999 0.9999 0.0033290674202664 0.000402877915783 0.000316754108312 0.0001
0 0.0050803237858032 0.0182123188405797 0.0004332990707429 0.0041830353468294 0.2711428270042194 0.8250948827292112 0.0002412716996366 0.000402877915783 0.0009453410224168 0.002902304578013
0 0.0025901618929016 0.0073449275362318 0.0001555498451238 0.0031906697107783 0.5073824894514769 0.7867230277185502 0.0007054501412999 0.0001302877915783 0.000208377054156 0.0004113671753347
0 0.0075704856787048 0.0182123188405797 0.0005860611448335 0.0030119321853357 0.3702791139240506 0.9583304904051174 0.0002109991925716 0.0008269069978794 0.0015522525256905 0.0060159763313609
0 0.012550809464508 0.4710202898550724 0.0199868445543316 0.0442630635781099 0.2047004219409283 0.6140496801705758 0.0002876895438029 0.0213014541048167 0.0396793001777739 0.1137490189971971
0 0.0050803237858032 0.0109673913043478 0.0002944244579334 0.0026935559681411 0.5780434599156118 0.9999 0.0003684162293096 0.0005240290820963 0.0007069115032736 0.0025909374026782
0 0.012550809464508 0.186656884057971 0.0079950217382245 0.0176907514623095 0.3428584388185654 0.764339445628998 0.0004168522406136 0.0129420236292032 0.0192610631747821 0.0520983182809093
0 0.0075704856787048 0.058059420289855 0.0016553956634672 0.0088637242943576 0.3154377637130801 0.986043496801706 0.0002069628582963 0.0023412965767949 0.0048902657936955 0.0162910931174089
0 0.012550809464508 0.1649221014492753 0.0070784492936813 0.0156594739596233 0.3259841772151899 0.8410831556503198 0.0003623617278966 0.0109430293850348 0.018610800849846 0.0492960137028962
0 0.0075704856787048 0.0399471014492753 0.0011693345186337 0.0062050036033989 0.2922356540084388 0.9999 0.0001787085183689 0.0014932384126022 0.003438013268005 0.0116205854873871
0 0.0088155666251556 0.0236460144927536 0.0008290917172502 0.0033452031963172 0.1804436708860759 0.6385650319829425 0.0006186689543802 0.0006451802484095 0.0015522525256905 0.0019682030520087
0 0.0075704856787048 0.0290797101449275 0.0008776978317336 0.004609398818979 0.3534048523206751 0.8474784648187633 0.0004451065805409 0.001281223871554 0.0021591640289641 0.0050818748053565
0 0.0113057285180572 0.1178300724637681 0.0046342561082327 0.0123751719296154 0.2300118143459916 0.6140496801705758 0.0002755805409769 0.0052792123598909 0.0090736200841174 0.0293685144814699
0 0.0088155666251556 0.0200235507246376 0.0007179920270026 0.0028797408904771 0.3955905063291139 0.700386353944563 0.0004491429148163 0.0011297849136625 0.0014438754715344 0.004459140454687
0 0.0075704856787048 0.1286974637681159 0.003551034128318 0.0192379481669221 0.1941540084388185 0.6279061833688699 0.0002412716996366 0.0034922326567706 0.0070578068768156 0.0215843350981002
0 0.0075704856787048 0.0164010869565217 0.0005374550303501 0.0027475495956185 0.2468860759493671 0.8176336886993603 0.0001665995155429 0.000493741290518 0.0012054459523912 0.004459140454687
0 0.0100606475716064 0.0327021739130434 0.0012387718250385 0.0040173307659503 0.6487044303797469 0.8879820895522388 0.0014319903108599 0.0033407936988791 0.0032646099813554 0.004459140454687
0 0.0274917808219178 0.0453807971014492 0.004203744808523 0.0021908566778337 0.2384489451476793 0.95726460554371 0.0002614533710133 0.0049157588609512 0.0123899579412912 0.0284344129554655
0 0.0075704856787048 0.0290797101449275 0.0008776978317336 0.004609398818979 0.2732521097046413 0.9018385927505332 0.0002089810254339 0.0010086337473492 0.0022892164939513 0.0072614450327
0 0.0150409713574097 0.2083916666666666 0.0105225396913588 0.0167002476754818 0.2395035864978903 0.6353673773987208 0.0003623617278966 0.0126391457134201 0.0214502796687334 0.0567688259109311
0 0.012550809464508 0.0145898550724637 0.000738823218924 0.0016099597201453 0.4356668776371308 0.8059089552238807 0.0017548970528865 0.001281223871554 0.0017039804015089 0.0013454687013391
0 0.0050803237858032 0.0417583333333333 0.0008846415623741 0.0090238433275666 0.3407491561181434 0.9466057569296376 0.0001908175211949 0.0012509360799757 0.0024192689589385 0.0094410152600436
0 0.0150409713574097 0.4311731884057971 0.0216255649854847 0.0343170650269184 0.1973179324894514 0.5895343283582088 0.0003341073879693 0.0223615268100575 0.0413916576334388 0.106587573964497
0 0.0088155666251556 0.1413760869565217 0.0044398316502993 0.0184727281361209 0.3407491561181434 0.953001066098081 0.0003260347194186 0.0070661920630112 0.0130402202662272 0.0346617564621613
0 0.0100606475716064 0.0308909420289855 0.0011762782492742 0.0038106655021573 0.2384489451476793 0.6971886993603411 0.0002352171982236 0.0012509360799757 0.0024626197806009 0.0081955465587044
0 0.0113057285180572 0.0399471014492753 0.0016484519328268 0.0043692202691655 0.247940717299578 0.5916660980810234 0.0003421800565199 0.0018869797031202 0.0030261804622122 0.0091296480847088
1 0.0001 0.0924728260869565 0.0004124678788215 0.09690312667018 0.5126556962025317 0.9999 0.0027236172789664 0.0007360436231445 0.001075393487404 0.0004113671753347
0 0.0025901618929016 0.0037224637681159 0.0001138874612809 0.0019488162787969 0.8828348101265824 0.8815867803837952 0.0015127169963665 0.0001302877915783 0.0001216754108312 0.0001
0 0.0100606475716064 0.1142076086956521 0.0040509827344325 0.0133265768827526 0.4356668776371308 0.8922456289978679 0.0004188704077513 0.0080051136019388 0.0111761349347439 0.032170819059483
0 0.0038352428393524 0.0019112318840579 0.0001069437306404 0.0010178916671167 0.8680698312236287 0.8666643923240939 0.0013109002825999 0.0001 0.0001 0.0001
0 0.0088155666251556 0.0671155797101449 0.0021622880002222 0.0089307508663986 0.3027820675105485 0.7504829424307037 0.0002513625353249 0.0030076279915177 0.0049986428478515 0.0181592961694176
0 0.0113057285180572 0.2355601449275362 0.009147681024544 0.0244771918814584 0.4261751054852321 0.8410831556503198 0.0005036334275333 0.0179697970312026 0.0241163552009712 0.0617507007162877
0 0.0100606475716064 0.0200235507246376 0.0008013167946883 0.0025688120701759 0.3744976793248945 0.8719938166311302 0.0002392535324989 0.0012206482883974 0.0020074361531457 0.0078841793833696
0 0.0113057285180572 0.0164010869565217 0.0007457669495645 0.0019488162787969 0.535857805907173 0.6694756929637525 0.0055490512716996 0.0015841017873371 0.0014438754715344 0.0004113671753347
3 0.3773595267745953 0.8368891304347826 0.9773953689942078 0.0029225634226144 0.0117010548523206 0.0629872068230277 0.0006872866370609 0.2693887549227506 0.3701859645319343 0.7075262223606353
0 0.0038352428393524 0.0290797101449275 0.0005235675690692 0.0079998262547184 0.2711428270042194 0.5298447761194031 0.0006045417844166 0.0005240290820963 0.0007719377357672 0.0016568358766739
0 0.0113057285180572 0.3170655797101449 0.0122723598127595 0.0328555133865804 0.1361487341772151 0.5223835820895523 0.0001726540169559 0.0095497909724325 0.0210167714521094 0.07295991902834
0 0.006325404732254 0.1449985507246377 0.0034260469767894 0.0252219315708026 0.2426675105485232 0.8421490405117272 0.0001524723455793 0.0040374129051802 0.008921892208299 0.0337276549361569
0 0.0088155666251556 0.0399471014492753 0.0013290403233647 0.0054397835725977 0.2373943037974684 0.8208313432835821 0.0002412716996366 0.0014326628294456 0.0032646099813554 0.0091296480847088
0 0.0137958904109589 0.2120141304347826 0.0098837164724348 0.0183945304687398 0.3143831223628692 0.7632735607675907 0.0004995970932579 0.014880442290215 0.0238345748601656 0.0514755839302398
0 0.006325404732254 0.0544369565217391 0.0013429277846457 0.0097071419925399 0.1551322784810126 0.5362400852878464 0.0002715442067016 0.0010086337473492 0.0022241902614577 0.0060159763313609
0 0.0075704856787048 0.0145898550724637 0.0004888489158668 0.002481305156678 0.3976997890295359 0.6449603411513859 0.0005036334275333 0.0007057558315661 0.000858639379092 0.0025909374026782
0 0.0075704856787048 0.0381358695652173 0.0011207284041504 0.0059387591644583 0.2057550632911392 0.8751914712153518 0.0001383451756156 0.0010389215389275 0.0028961279972249 0.0097523824353783
0 0.0100606475716064 0.1939018115942029 0.0068007000680621 0.0224291577357619 0.3091099156118143 0.6215108742004264 0.0003926342349616 0.0100343956376855 0.0135387547153449 0.0424459358455309
0 0.0162860523038605 0.4094384057971014 0.0221185698609587 0.0302749903630028 0.1952086497890295 0.8282925373134328 0.0005722511102139 0.0227249803089972 0.0577565928109959 0.070157614450327
0 0.012550809464508 0.1105851449275362 0.0047870181823232 0.0105803492782959 0.3175470464135021 0.765405330490405 0.0005460149374243 0.0071873432293244 0.0114795906863807 0.0231411709747742
0 0.0113057285180572 0.0363246376811594 0.0015095773200172 0.0039968504244934 0.3122738396624472 0.7408899786780384 0.0005379422688736 0.0020989942441684 0.0033946624463426 0.0069500778573653
1 0.0001 0.0164010869565217 0.0001208311919214 0.018705459289041 0.9999 0.9999 0.0019163504238998 0.0001908633747349 0.0001650262324936 0.0001
0 0.0113057285180572 0.0381358695652173 0.001579014626422 0.0041830353468294 0.5685516877637131 0.8453466950959487 0.0012099919257165 0.003825398364132 0.0040232493604474 0.0060159763313609
0 0.0075704856787048 0.0182123188405797 0.0005860611448335 0.0030119321853357 0.0960723628691983 0.5287788912579958 0.0002150355268469 0.0002211511663132 0.0008803147899232 0.0019682030520087
0 0.0100606475716064 0.184845652173913 0.0064882321892406 0.0213939695675735 0.3491862869198312 0.8133701492537313 0.0004531792490916 0.0106401514692517 0.0165299614100507 0.0399549984428527
0 0.012550809464508 0.1739782608695652 0.0074603544789076 0.0165047535070289 0.2257932489451477 0.610852025586354 0.0003098893823173 0.0084897182671917 0.0146442006677362 0.0430686701962005
1 0.0001 0.0689268115942029 0.0003221993804953 0.0726990867664941 0.2700881856540084 0.9999 0.0002432898667743 0.0002514389578915 0.0007936131465984 0.0019682030520087
0 0.006325404732254 0.0164010869565217 0.0004680177239453 0.0031906697107783 0.4198472573839663 0.8400172707889126 0.0002876895438029 0.0007057558315661 0.0010537180765728 0.0041477732793522
0 0.0088155666251556 0.436606884057971 0.0134944564054838 0.0564079060620901 0.0802527426160337 0.5458330490405117 0.0001544905127169 0.0073690699787943 0.0240296535576464 0.0605052320149486
0 0.0038352428393524 0.0779829710144927 0.0012734904782409 0.0205673085124014 0.2268478902953586 0.7632735607675907 0.0001847630197819 0.0013115116631323 0.0029178034080561 0.0100637496107131
0 0.012550809464508 0.0345134057971014 0.001579014626422 0.0034718089435057 0.5442949367088606 0.8879820895522388 0.0017004065401695 0.0036739594062405 0.0042183280579282 0.0041477732793522
0 0.0113057285180572 0.0906615942028985 0.0035926965121609 0.0095823980945747 0.2405582278481013 0.8016454157782517 0.0002331990310859 0.0042191396546501 0.0089435676191302 0.0265662099034568
1 0.0013450809464508 0.0345134057971014 0.0003291431111358 0.018705459289041 0.6571415611814346 0.6534874200426439 0.0053472345579329 0.0007057558315661 0.000533508216624 0.0001
2 0.0150409713574097 0.0001 0.0001416623838428 0.0002303294456352 0.9999 0.9999 0.0025218005651998 0.0002817267494698 0.0002300524649872 0.0001
3 0.0349622665006226 0.0852278985507246 0.0097170669370633 0.003168327520098 0.0675970464135021 0.2196722814498934 0.0009193758578926 0.0047946076946379 0.0080332003642197 0.0097523824353783
0 0.0162860523038605 0.4927550724637681 0.0265903323934271 0.0363930269109653 0.3386398734177215 0.6812004264392324 0.0008245220024222 0.0430178006664647 0.0580600485626328 0.096312457178449
3 0.0050803237858032 0.0055336956521739 0.0001902684983262 0.0015764464341248 0.4198472573839663 0.6268402985074628 0.0008063584981832 0.0001605755831566 0.0002300524649872 0.0004113671753347
0 0.0100606475716064 0.5326021739130435 0.0184869987359882 0.0611146608987454 0.1561869198312236 0.5298447761194031 0.0002009083568833 0.0159708027870342 0.0320929063868534 0.1100126128931797
0 0.0137958904109589 0.0381358695652173 0.001884538774603 0.0034997366818561 0.5126556962025317 0.8421490405117272 0.0015833528461849 0.0041888518630717 0.0048252395612019 0.0050818748053565
0 0.0113057285180572 0.0345134057971014 0.0014401400136124 0.0038106655021573 0.4040276371308017 0.8826526652452027 0.0004834517561566 0.0025230233262647 0.0038064952521354 0.0091296480847088
0 0.0075704856787048 0.4112496376811594 0.011133587987721 0.0607292581095098 0.107673417721519 0.5181200426439233 0.0001807266855066 0.0073084943956376 0.0189142566014828 0.0542778885082528
0 0.012550809464508 0.0145898550724637 0.000738823218924 0.0016099597201453 0.4462132911392405 0.6119179104477613 0.0030606511909568 0.0013115116631323 0.0013138230065472 0.0007227343506695
0 0.0075704856787048 0.061681884057971 0.0017526078924339 0.0093962131722387 0.4662514767932489 0.8954432835820897 0.0004168522406136 0.0035528082399272 0.0047385379178771 0.0144228900654001
0 0.0088155666251556 0.0653043478260869 0.0021067381550984 0.0086980197134785 0.2975088607594937 0.9924388059701492 0.0001585268469923 0.0028864768252044 0.0063208429085548 0.0237639053254437
0 0.0113057285180572 0.2862746376811594 0.0110919256038781 0.0296903697068676 0.3428584388185654 0.747285287846482 0.0005298696003229 0.0180606604059375 0.026240545462429 0.0595711304889442
0 0.0050803237858032 0.1468097826086956 0.002898323448113 0.0306212943185479 0.3259841772151899 0.7888547974413647 0.0003240165522809 0.0043705786125416 0.0070794822876468 0.0215843350981002
1 0.0013450809464508 0.0091561594202898 0.0001347186532023 0.0056725147255178 0.6487044303797469 0.9999 0.0007054501412999 0.0001302877915783 0.000208377054156 0.0004113671753347
0 0.006325404732254 0.1594884057971014 0.0037593460475323 0.027703776585542 0.2648149789029536 0.7760641791044777 0.0002654897052886 0.0047946076946379 0.0090952954949486 0.0275003114294612
0 0.0113057285180572 0.0200235507246376 0.0008846415623741 0.002321186123469 0.0950177215189873 0.2719006396588486 0.0004693245861929 0.000402877915783 0.0007719377357672 0.0016568358766739
0 0.0075704856787048 0.1739782608695652 0.0047661869904018 0.0258866117435422 0.1677879746835443 0.777130063965885 0.0002029265240209 0.0042191396546501 0.0115879677405367 0.0293685144814699
0 0.0137958904109589 0.0182123188405797 0.0009679663300598 0.001794282793258 0.6328848101265824 0.7174405117270789 0.0023785106984255 0.0024927355346864 0.0020507869748081 0.0019682030520087
0 0.0075704856787048 0.0345134057971014 0.0010235161751836 0.0054062702865772 0.321765611814346 0.680134541577825 0.0002715442067016 0.0014023750378673 0.0020724623856393 0.0081955465587044
0 0.0013450809464508 0.123263768115942 0.0010096287139027 0.0643207652613721 0.0370124472573839 0.474418763326226 0.0001403633427533 0.0002514389578915 0.0014655508823656 0.002902304578013
0 0.0075704856787048 0.0236460144927536 0.0007318794882835 0.0038106655021573 0.3544594936708861 0.8368196162046908 0.0002311808639483 0.0010389215389275 0.0017473312231713 0.0069500778573653
0 0.0312270236612702 0.5307909420289856 0.0531292709013376 0.0211407580731964 0.4230111814345992 0.9114315565031984 0.0014319903108599 0.1048048954862163 0.151892902050904 0.1417720647773279
0 0.0299819427148194 0.6141076086956522 0.0590731043295876 0.0254081164931386 0.8585780590717299 0.9210245202558636 0.0032422862333467 0.2227455558921539 0.1705771061873997 0.1380356586733104
0 0.0075704856787048 0.0308909420289855 0.0009263039462169 0.0048737814086962 0.2215746835443038 0.8645326226012793 0.0002897077109406 0.000887482581036 0.0023325673156137 0.0050818748053565
0 0.0137958904109589 0.1594884057971014 0.0074672982095481 0.0138963027451009 0.3976997890295359 0.8709279317697228 0.0006045417844166 0.0137597940018176 0.0203014828946797 0.0405777327935222
0 0.0100606475716064 0.0127786231884057 0.0005513424916311 0.0017421510150039 0.7067097046413501 0.7781959488272921 0.0025218005651998 0.0014629506210239 0.00118377054156 0.0010341015260043
0 0.0050803237858032 0.0254572463768115 0.0005721736835525 0.0056725147255178 0.4799618143459916 0.772866524520256 0.0005379422688736 0.0010389215389275 0.0012271213632224 0.0035250389286826
1 0.0001 0.0924728260869565 0.0004124678788215 0.09690312667018 0.7763160337552744 0.9999 0.0019668046023415 0.0011297849136625 0.001075393487404 0.0010341015260043
0 0.006325404732254 0.0490032608695652 0.0012179406331171 0.0087762173808597 0.1024002109704641 0.3337219616204691 0.0001948538554703 0.0006451802484095 0.0013138230065472 0.0050818748053565
0 0.0100606475716064 0.059870652173913 0.0021761754615032 0.0071210334212922 0.3797708860759494 0.8954432835820897 0.0002836532095276 0.0037042471978188 0.0059306855135932 0.0203388663967611
0 0.0088155666251556 0.0797942028985507 0.002551136916089 0.010559868936839 0.464142194092827 0.7035840085287847 0.0017791150585385 0.0052489245683126 0.0055838789402939 0.0057046091560261
0 0.0113057285180572 0.0544369565217391 0.0022039503840651 0.0058586996478538 0.1530229957805907 0.6289720682302773 0.0001605450141299 0.0017355407452287 0.0043267051120842 0.0144228900654001
0 0.0025901618929016 0.0037224637681159 0.0001138874612809 0.0019488162787969 0.8828348101265824 0.8815867803837952 0.0015127169963665 0.0001302877915783 0.0001216754108312 0.0001
0 0.0100606475716064 0.1522434782608695 0.005363347825483 0.0176702711208526 0.2700881856540084 0.7270334754797442 0.0002917258780783 0.0070359042714328 0.0122815808871352 0.0374640610401744
0 0.0113057285180572 0.0145898550724637 0.0006763296431597 0.0017626313564608 0.6719065400843881 0.7749982942430705 0.0019829499394428 0.001765828536807 0.0014872262931968 0.0016568358766739
0 0.0274917808219178 0.4492855072463768 0.0398181392635395 0.0202433467475367 0.7573324894514768 0.9551328358208956 0.0031938502220427 0.1334268585277188 0.1189029267658153 0.0838577701650576
0 0.0088155666251556 0.0399471014492753 0.0013290403233647 0.0054397835725977 0.3006727848101266 0.768602985074627 0.0002897077109406 0.001765828536807 0.0030695312838746 0.0097523824353783
0 0.0088155666251556 0.0254572463768115 0.0008846415623741 0.0035779343492373 0.428284388185654 0.9018385927505332 0.0004027250706499 0.0015538139957588 0.0023108919047825 0.0066387106820305
0 0.0100606475716064 0.0254572463768115 0.0009887975219813 0.0031906697107783 0.1329848101265822 0.5266471215351813 0.0002210900282599 0.0006148924568312 0.0015739279365217 0.004459140454687
0 0.0075704856787048 0.1540547101449275 0.0042315197310849 0.022961646613643 0.2416128691983123 0.9551328358208956 0.0002109991925716 0.0050066222356861 0.0124549841737848 0.0337276549361569
0 0.0137958904109589 0.561581884057971 0.025965396635784 0.0483405133772693 0.1509137130801688 0.7664712153518125 0.0002291626968106 0.0219072099363829 0.0631104192863027 0.1377242914979757
0 0.0050803237858032 0.0272684782608695 0.0006068923367549 0.0060448845701899 0.2753613924050633 0.8005795309168443 0.0003179620508679 0.0006451802484095 0.0013571738282096 0.0035250389286826
0 0.006325404732254 0.0725492753623188 0.0017595516230744 0.0128089827986584 0.1899354430379747 0.9220904051172708 0.0001605450141299 0.0016143895789154 0.0048902657936955 0.0134887885393958
0 0.0100606475716064 0.0924728260869565 0.0033010598252607 0.0108447318680131 0.2679789029535865 0.6993204690831556 0.0002331990310859 0.0042191396546501 0.0072312101634652 0.0265662099034568
0 0.0075704856787048 0.1649221014492753 0.004523156417985 0.0245572513980629 0.0960723628691983 0.6939910447761195 0.0001928356883326 0.0026744622841563 0.009897285695703 0.0194047648707567
0 0.0075704856787048 0.0399471014492753 0.0011693345186337 0.0062050036033989 0.2922356540084388 0.9338151385927504 0.0001787085183689 0.0014932384126022 0.003221259159693 0.0116205854873871
0 0.012550809464508 0.0218347826086956 0.0010443473671051 0.0022876728374485 0.3882080168776372 0.977516417910448 0.0003462163907953 0.0017052529536504 0.0029828296405497 0.0081955465587044
0 0.0088155666251556 0.5398471014492753 0.0166607975775422 0.0696735817785334 0.14142194092827 0.666278038379531 0.0001645813484053 0.0133963405028779 0.0355609721198456 0.1050307380878231
0 0.0075704856787048 0.0544369565217391 0.0015581834345005 0.0083330972656999 0.2658696202531646 0.8325560767590617 0.0001645813484053 0.0018869797031202 0.0039148723062914 0.0153569915914045
0 0.0100606475716064 0.2210702898550724 0.0077381037045268 0.0255328603911037 0.3270388185654008 0.9849776119402984 0.0004269430763019 0.0120333898818539 0.0235961453410224 0.0474278106508875
0 0.0075704856787048 0.0562481884057971 0.0016067895489839 0.0085974798554171 0.3027820675105485 0.7718006396588486 0.0001928356883326 0.0021898576189033 0.003763144430473 0.0159797259420741
0 0.0100606475716064 0.3913260869565217 0.013612499826372 0.0449780136798803 0.1224383966244726 0.6652121535181238 0.0001807266855066 0.0098526688882156 0.0289716472271603 0.07295991902834
0 0.0461679950186799 0.0924728260869565 0.013772205631103 0.0026339767929935 0.4219565400843882 0.9050362473347549 0.0006025236172789 0.0269652711299606 0.0389856870311754 0.0794986297103706
0 0.0050803237858032 0.0127786231884057 0.0003291431111358 0.0030659258128132 0.393481223628692 0.9732528784648188 0.0002109991925716 0.000402877915783 0.0007936131465984 0.0032136717533478
0 0.0075704856787048 0.0870391304347826 0.0024330934952009 0.0131199116189596 0.2806345991561181 0.7174405117270789 0.0002089810254339 0.0031893547409875 0.0054104756536443 0.021895702273435
0 0.0075704856787048 0.0236460144927536 0.0007318794882835 0.0038106655021573 0.3439130801687763 0.9668575692963752 0.0002917258780783 0.0010086337473492 0.0020074361531457 0.0057046091560261
0 0.0113057285180572 0.1123963768115942 0.0044259441890183 0.0118166171626073 0.2595417721518987 0.781393603411514 0.0002453080339119 0.005582090275674 0.0108076529506135 0.0337276549361569
0 0.0075704856787048 0.0109673913043478 0.0003916366869001 0.0019488162787969 0.2247386075949367 0.5863366737739873 0.0005540876059749 0.0002817267494698 0.0005985344491176 0.0010341015260043
0 0.0075704856787048 0.0834166666666666 0.0023358812662342 0.0125874227410785 0.2173561181434599 0.747285287846482 0.0001585268469923 0.0024624477431081 0.0053888002428131 0.0203388663967611
0 0.0137958904109589 0.0997177536231884 0.0047175808759184 0.0087762173808597 0.215246835443038 0.8155019189765458 0.0003058530480419 0.005097485610421 0.0119998005463296 0.026254842728122
0 0.0088155666251556 0.0109673913043478 0.0004402428013834 0.0017160851258768 0.3976997890295359 0.9999 0.0003381437222446 0.0006148924568312 0.0011620951307288 0.0032136717533478
0 0.0075704856787048 0.3877036231884058 0.0105017084994374 0.0572718041017294 0.5126556962025317 0.9924388059701492 0.0005439967702866 0.0244210966373826 0.0323530113168278 0.0785645281843662
0 0.0075704856787048 0.0182123188405797 0.0005860611448335 0.0030119321853357 0.3291481012658228 0.9167609808102348 0.0003018167137666 0.0007360436231445 0.0014872262931968 0.0041477732793522
1 0.0001 0.0127786231884057 0.0001069437306404 0.0149817608423201 0.9999 0.9999 0.0015127169963665 0.0001302877915783 0.0001216754108312 0.0001
0 0.0113057285180572 0.0308909420289855 0.0013012654008028 0.0034382956574852 0.5485135021097046 0.8581373134328358 0.0011978829228905 0.0030076279915177 0.003329636213849 0.0047705076300218
0 0.0088155666251556 0.0200235507246376 0.0007179920270026 0.0028797408904771 0.3850440928270042 0.9220904051172708 0.0002493443681873 0.0010994971220842 0.0018773836881585 0.0069500778573653
0 0.0100606475716064 0.4474742753623188 0.0155498006750656 0.0513920842543571 0.2932902953586498 0.708913432835821 0.0003805252321356 0.022210087852166 0.0351057884923904 0.0956897228277795
0 0.0088155666251556 0.0037224637681159 0.0002180434208881 0.0007851605141966 0.428284388185654 0.6449603411513859 0.0003421800565199 0.0002211511663132 0.0002950786974808 0.0013454687013391
0 0.0113057285180572 0.058059420289855 0.0023428249968746 0.0062310694925259 0.3164924050632912 0.7280993603411515 0.0003159438837303 0.0034013692820357 0.0052804231886571 0.0172251946434132
0 0.0337171855541718 0.507244927536232 0.0546846665648049 0.0187724858610819 0.2806345991561181 0.5213176972281451 0.0008507581752119 0.0756680399878824 0.0939978797207648 0.1648132357521021
0 0.0088155666251556 0.1142076086956521 0.0036065839734418 0.0149817608423201 0.2996181434599156 0.8357537313432837 0.0003260347194186 0.005097485610421 0.0093337250140918 0.0250093740267829
2 0.0660892901618929 0.0001 0.0004263553401025 0.0001223421906803 0.9999 0.9999 0.0107962858296326 0.0015235262041805 0.0011187443090664 0.0001
0 0.0299819427148194 0.8513789855072464 0.0818138221771561 0.0351642064235474 0.4187926160337553 0.8783891257995737 0.0014723536536132 0.1601104029082096 0.2261745349694315 0.2108955777016505
0 0.0075704856787048 0.0182123188405797 0.0005860611448335 0.0030119321853357 0.3839894514767932 0.9583304904051174 0.0002210900282599 0.0008571947894577 0.0015522525256905 0.0060159763313609
0 0.006325404732254 0.1703557971014492 0.0040093203505896 0.0295656258089025 0.1656786919831223 0.6449603411513859 0.0002271445296729 0.0034922326567706 0.0081849282400381 0.0225184366241046
0 0.006325404732254 0.0145898550724637 0.0004263553401025 0.0028797408904771 0.2574324894514768 0.7824594882729212 0.0001464178441663 0.0003725901242047 0.0008803147899232 0.0038364061040174
0 0.0100606475716064 0.0562481884057971 0.0020511883099745 0.0067077028937062 0.2637603375527426 0.7664712153518125 0.0003159438837303 0.0025230233262647 0.0048252395612019 0.0128660541887262
0 0.0050803237858032 0.0218347826086956 0.0005027363771477 0.0049277750361736 0.2532139240506329 0.8847844349680172 0.0001928356883326 0.0004634534989397 0.0012054459523912 0.0038364061040174
0 0.0113057285180572 0.2591061594202898 0.0100503660078063 0.026897595871827 0.215246835443038 0.6001931769722815 0.0002614533710133 0.0110338927597697 0.0194561418722629 0.0636189037682964
0 0.0113057285180572 0.059870652173913 0.0024122623032794 0.006417254414862 0.320710970464135 0.7270334754797442 0.0002977803794913 0.0035528082399272 0.0054321510644755 0.0187820305200872
0 0.0100606475716064 0.0127786231884057 0.0005513424916311 0.0017421510150039 0.2236839662447257 0.9999 0.0001544905127169 0.0004634534989397 0.001508901704028 0.004459140454687
0 0.0075704856787048 0.0308909420289855 0.0009263039462169 0.0048737814086962 0.1709518987341772 0.9242221748400852 0.0001262361727896 0.0007057558315661 0.0024842951914321 0.0072614450327
0 0.0100606475716064 0.1268862318840579 0.0044884377647826 0.014775095578527 0.2553232067510548 0.7462194029850747 0.0003341073879693 0.005582090275674 0.0105041971989767 0.0268775770787916
0 0.0001 0.125075 0.0005374550303501 0.1304164126906682 0.1561869198312236 0.9999 0.0001161453371013 0.0003120145410481 0.0014655508823656 0.0038364061040174
0 0.0075704856787048 0.0707380434782608 0.0019956384648507 0.0107255735177181 0.2089189873417721 0.8208313432835821 0.0002190718611223 0.0020081308694335 0.0049986428478515 0.0134887885393958
0 0.012550809464508 0.0743605072463768 0.0032593974414179 0.0071955073902266 0.2532139240506329 0.7440876332622601 0.0002876895438029 0.0039768373220236 0.0075563413259333 0.0215843350981002
0 0.0100606475716064 0.1667333333333333 0.0058632964315975 0.01932545508042 0.2184107594936709 0.8879820895522388 0.0002493443681873 0.006460436231445 0.0161831548367515 0.0387095297415135
0 0.0088155666251556 0.0290797101449275 0.0009957412526217 0.0040433966550774 0.2711428270042194 0.6545533049040514 0.0003684162293096 0.0011600727052408 0.0019424099206521 0.0053932419806913
0 0.0088155666251556 0.059870652173913 0.0019400886197269 0.0079998262547184 0.3449677215189873 0.9689893390191898 0.0002695260395639 0.0030076279915177 0.0056705805836187 0.0172251946434132
0 0.0088155666251556 0.3587239130434782 0.0111058130651591 0.0464004664865277 0.0665424050632911 0.5468989339019189 0.0001363270084779 0.0054306513177824 0.0197812730347309 0.0480505450015571
0 0.0088155666251556 0.0707380434782608 0.0022733876904699 0.0093962131722387 0.3766069620253164 0.9967023454157784 0.0003462163907953 0.0038556861557103 0.0068627281793348 0.0181592961694176
0 0.0075704856787048 0.2246927536231883 0.0061271581959357 0.033334008636984 0.2300118143459916 0.8485443496801707 0.0001807266855066 0.0070359042714328 0.0162265056584139 0.0520983182809093
0 0.0088155666251556 0.0707380434782608 0.0022733876904699 0.0093962131722387 0.3143831223628692 0.8997068230277186 0.0002634715381509 0.0032802181157225 0.00623414126523 0.0190933976954219
0 0.0075704856787048 0.0906615942028985 0.0025303057241676 0.0136524004968407 0.1635694092827004 0.9668575692963752 0.0001282543399273 0.0021292820357467 0.0074479642717773 0.0200274992214263
0 0.0100606475716064 0.0743605072463768 0.0026761240676176 0.0087762173808597 0.3112191983122362 0.9092997867803838 0.0003704343964473 0.0038556861557103 0.0074479642717773 0.0172251946434132
3 0.0399425902864259 0.0490032608695652 0.0064674009973191 0.0016658151968461 0.0486135021097046 0.2228699360341151 0.0010465203875656 0.002644174492578 0.0053671248319819 0.0047705076300218
0 0.0088155666251556 0.0526257246376811 0.0017178892392315 0.0070689016430381 0.2004818565400844 0.6449603411513859 0.0001706358498183 0.0016446773704937 0.0034163378571738 0.013177421364061
0 0.0088155666251556 0.0942840579710145 0.0029955356770797 0.0124217181601994 0.322820253164557 0.9796481876332624 0.0002089810254339 0.0044917297788548 0.0089652430299614 0.030613983182809
0 0.0088155666251556 0.371402536231884 0.0114946619810259 0.0480295845569681 0.1941540084388185 0.7792618336886995 0.0002291626968106 0.0116699363829142 0.0282780340805619 0.0735826533790096
0 0.1071769613947696 0.2083916666666666 0.07012752350923 0.0025688120701759 0.3734430379746836 0.3774232409381663 0.0210788473960436 0.123855916388973 0.0908549451502406 0.0119319526627218
0 0.0038352428393524 0.0327021739130434 0.000579117414193 0.0089307508663986 0.3892626582278481 0.9156950959488274 0.0002574170367379 0.0008571947894577 0.0014655508823656 0.0053932419806913
0 0.0088155666251556 0.0145898550724637 0.0005513424916311 0.0021815474317169 0.3407491561181434 0.8815867803837952 0.0002614533710133 0.0007057558315661 0.0013354984173784 0.004459140454687
0 0.0113057285180572 0.0888503623188406 0.0035232592057561 0.0093962131722387 0.2279025316455696 0.7483511727078891 0.0002897077109406 0.0039465495304453 0.0082282790617005 0.0212729679227654
0 0.006325404732254 0.2355601449275362 0.005509166168933 0.0407367211490652 0.0570506329113924 0.436046908315565 0.0001766903512313 0.0024018721599515 0.0079681741317261 0.0184706633447524
0 0.006325404732254 0.1739782608695652 0.0040926451182753 0.0301874834495049 0.2257932489451477 0.7014522388059701 0.0002654897052886 0.0045825931535898 0.009030269262455 0.026254842728122
0 0.0312270236612702 0.6829344202898551 0.0682943786201436 0.0271545310646507 0.1867715189873418 0.5564918976545843 0.0005964691158659 0.068096092093305 0.1243001040627845 0.2021772967922765
0 0.012550809464508 0.1069626811594203 0.0046342561082327 0.0102433545688677 0.2310664556962025 0.8400172707889126 0.0002957622123536 0.0053095001514692 0.0121081776004856 0.0281230457801308
0 0.0100606475716064 0.1920905797101449 0.0067382064922978 0.0222224924719689 0.3407491561181434 0.8517420042643923 0.0002897077109406 0.0108218782187216 0.0179171877032476 0.0577029274369355
0 0.0088155666251556 0.0182123188405797 0.0006624421818787 0.0026470097375571 0.2806345991561181 0.9999 0.0001807266855066 0.0007360436231445 0.0018557082773273 0.0060159763313609
0 0.0075704856787048 0.0254572463768115 0.0007804856027669 0.0040769099410979 0.4177379746835443 0.8176336886993603 0.0002493443681873 0.0013115116631323 0.0018340328664961 0.0081955465587044
1 0.0013450809464508 0.2826521739130434 0.002231725306627 0.146242131089232 0.4789071729957806 0.5213176972281451 0.0052463262010496 0.004703744319903 0.0036981181979794 0.0016568358766739
0 0.0137958904109589 0.4891326086956521 0.0226324059283541 0.0421331080665855 0.1899354430379747 0.5181200426439233 0.0002876895438029 0.0226946925174189 0.0385738542253826 0.121221831205232
0 0.012550809464508 0.1612996376811594 0.0069256872195907 0.0153206174009717 0.4409400843881856 0.6993204690831556 0.0008265401695599 0.0139718085428657 0.0153594892251658 0.0312367175334786
0 0.0187762141967621 0.6901793478260869 0.0424914755601239 0.0445386172631673 0.3407491561181434 0.5735460554371002 0.0009395575292692 0.0693076037564374 0.079497029874691 0.1380356586733104
0 0.0075704856787048 0.0145898550724637 0.0004888489158668 0.002481305156678 0.1962632911392405 0.5937978678038379 0.0002009083568833 0.0003423023326264 0.0007936131465984 0.002902304578013
0 0.0113057285180572 0.0435695652173913 0.0017873265456363 0.0047415901138376 0.3038367088607595 0.8037771855010661 0.0002796168752523 0.0024624477431081 0.0043700559337466 0.0138001557147306
0 0.0088155666251556 0.2283152173913043 0.0071062242162432 0.0296438234762836 0.2764160337552743 0.8133701492537313 0.0002977803794913 0.0095497909724325 0.0181122664007284 0.0499187480535658
0 0.0100606475716064 0.0345134057971014 0.0013012654008028 0.0042239960297434 0.5253113924050634 0.768602985074627 0.0015631711748082 0.0028864768252044 0.003004505051381 0.0035250389286826
0 0.0075704856787048 0.4021934782608696 0.0108905574153042 0.0593998977640304 0.1614601265822784 0.6417626865671644 0.0001807266855066 0.0095800787640109 0.0224039977453063 0.0710917159763313
0 0.012550809464508 0.2138253623188405 0.0091407372939035 0.0202284519537498 0.2279025316455696 0.6566850746268658 0.0002453080339119 0.0105190003029385 0.0191743615314573 0.0633075365929616
3 0.006325404732254 0.0091561594202898 0.0003013681885738 0.0019488162787969 0.1498590717299578 0.3784891257995735 0.0006045417844166 0.0001 0.0002734032866496 0.0004113671753347
0 0.0137958904109589 0.0381358695652173 0.001884538774603 0.0034997366818561 0.5442949367088606 0.8261607675906183 0.0014118086394832 0.0044311541956982 0.0047385379178771 0.0060159763313609
0 0.0088155666251556 0.3460452898550724 0.0107169641492922 0.0447713484160873 0.1635694092827004 0.551162473347548 0.0002150355268469 0.0095195031808542 0.0192177123531197 0.0629961694176269
1 0.0001 0.0562481884057971 0.0002735932660119 0.0596661422029709 0.7035457805907173 0.9999 0.0010586293903916 0.0005846046652529 0.00064188527078 0.0010341015260043
0 0.0150409713574097 0.4818876811594202 0.024153082938619 0.0383256264048134 0.3681698312236287 0.6396309168443498 0.0008810306822769 0.0420485913359588 0.0497800416251138 0.0888396449704142
0 0.0150409713574097 0.1015289855072463 0.0051966982901115 0.008251175899872 0.7309664556962026 0.9999 0.0022190754945498 0.0166068464101787 0.0160097515501018 0.0147342572407349
0 0.0088155666251556 0.0526257246376811 0.0017178892392315 0.0070689016430381 0.4019183544303797 0.9999 0.0003260347194186 0.003037915783096 0.0051503707236699 0.0150456244160697
0 0.0137958904109589 0.8984710144927536 0.041463803425333 0.0771991763393563 0.2384489451476793 0.7344946695095951 0.0003563072264836 0.0500748561042108 0.0970107618263018 0.2273980379943942
0 0.006325404732254 0.0435695652173913 0.0010929534815884 0.0078452927691794 0.2331757383966245 0.772866524520256 0.0001343088413403 0.0011297849136625 0.0025059706022633 0.0106864839613827
0 0.0137958904109589 0.0399471014492753 0.0019678635422888 0.0036561320166184 0.5527320675105485 0.7760641791044777 0.0019042414210738 0.004703744319903 0.0046735116853835 0.0047705076300218
0 0.0088155666251556 0.0417583333333333 0.0013845901684886 0.0056725147255178 0.1593508438818565 0.5394377398720683 0.0002412716996366 0.0010692093305059 0.0023108919047825 0.0069500778573653
0 0.0088155666251556 0.0055336956521739 0.0002735932660119 0.0010178916671167 0.4071915611814346 0.6332356076759063 0.0008406673395236 0.0003120145410481 0.0004034557516368 0.0007227343506695
0 0.0100606475716064 0.3061981884057971 0.0106753017654494 0.035255437035492 0.3365305907172995 0.7504829424307037 0.0004229067420266 0.0170611632838533 0.0253518536183497 0.0676666770476487
0 0.0050803237858032 0.0109673913043478 0.0002944244579334 0.0026935559681411 0.6687426160337553 0.9999 0.0005036334275333 0.0006148924568312 0.0007069115032736 0.0022795702273435
0 0.006325404732254 0.0109673913043478 0.0003430305724167 0.0022597450990981 0.321765611814346 0.7462194029850747 0.0003300710536939 0.0003423023326264 0.00064188527078 0.0019682030520087
0 0.0175311332503113 0.0544369565217391 0.0032802286333393 0.0039354094001225 0.1604054852320675 0.4296515991471216 0.0006973774727492 0.0027653256588912 0.0046301608637211 0.0072614450327
0 0.0100606475716064 0.0761717391304347 0.0027386176433819 0.0089828826446527 0.3544594936708861 0.8783891257995737 0.0004491429148163 0.0044311541956982 0.0073829380392837 0.0169138274680784
0 0.0113057285180572 0.0924728260869565 0.0036621338185656 0.0097685830169108 0.2816892405063291 0.7888547974413647 0.0002755805409769 0.0049157588609512 0.0089869184407926 0.0275003114294612
0 0.0150409713574097 0.186656884057971 0.0094393177114441 0.0149817608423201 0.1540776371308017 0.615115565031983 0.0005924327815906 0.0080051136019388 0.0186758270823396 0.0240752725007785
0 0.0075704856787048 0.0707380434782608 0.0019956384648507 0.0107255735177181 0.1867715189873418 0.6652121535181238 0.0001565086798546 0.0018264041199636 0.0041099510037722 0.0153569915914045
0 0.0088155666251556 0.0363246376811594 0.0012179406331171 0.0049743212667576 0.4040276371308017 0.9114315565031984 0.0003724525635849 0.0020989942441684 0.0032862853921866 0.0094410152600436
0 0.0113057285180572 0.0526257246376811 0.0021345130776603 0.0056725147255178 0.321765611814346 0.8613349680170577 0.0003300710536939 0.0031287791578309 0.0056055543511251 0.0153569915914045
3 0.0660892901618929 0.6448985507246376 0.1339126331726695 0.0123956522710724 0.2605964135021096 0.6321697228144989 0.0011898102543399 0.174527391699485 0.2736220092789316 0.280330457801308
0 0.0113057285180572 0.0979065217391304 0.00387044573778 0.0103271377839189 0.2563778481012658 0.7398240938166312 0.0002977803794913 0.0047946076946379 0.0089652430299614 0.0253207412021177
0 0.0075704856787048 0.0019112318840579 0.0001486061144833 0.0006194559333175 0.4725793248945148 0.9242221748400852 0.0013109002825999 0.0001 0.0002300524649872 0.0001
0 0.0025901618929016 0.0037224637681159 0.0001138874612809 0.0019488162787969 0.7657696202531645 0.7632735607675907 0.0013109002825999 0.0001 0.0001 0.0001
1 0.0013450809464508 0.0308909420289855 0.0003013681885738 0.0168436100656805 0.7952995780590718 0.8218972281449892 0.0057508679854662 0.0007663314147228 0.0005985344491176 0.0001
0 0.0113057285180572 0.2790297101449275 0.0108141763782589 0.0289456300175235 0.2890717299578059 0.6183132196162049 0.0004632700847799 0.0152136079975764 0.021515305901227 0.0561460915602616
0 0.012550809464508 0.2120141304347826 0.0090643562568583 0.020059023674424 0.2194654008438818 0.8048430703624733 0.0003038348809043 0.0101252590124204 0.0229458830160863 0.0520983182809093
0 0.0088155666251556 0.0363246376811594 0.0012179406331171 0.0049743212667576 0.1646240506329114 0.7462194029850747 0.0004874880904319 0.0009480581641926 0.0027227247105753 0.0035250389286826
0 0.006325404732254 0.0689268115942029 0.0016762268553887 0.0121889870072794 0.1836075949367089 0.6854639658848615 0.0002331990310859 0.0014932384126022 0.0035247149113298 0.0097523824353783
1 0.0001 0.0218347826086956 0.0001416623838428 0.0242910069591223 0.9999 0.9999 0.0025218005651998 0.0002817267494698 0.0002300524649872 0.0001
0 0.0137958904109589 0.3152543478260869 0.0146332282305224 0.0272383142797019 0.3702791139240506 0.7590100213219617 0.0007619588211546 0.02554174492578 0.035170814724884 0.0614393335409529
0 0.0088155666251556 0.063493115942029 0.0020511883099745 0.0084652885605585 0.285907805907173 0.7664712153518125 0.0002735623738393 0.0027047500757346 0.0048252395612019 0.0153569915914045
1 0.0001 0.244616304347826 0.0009957412526217 0.2532984614324581 0.960878270042194 0.9999 0.0065076806620912 0.0038556861557103 0.0028961279972249 0.0010341015260043
0 0.0150409713574097 0.0671155797101449 0.0034815968219132 0.005529152335319 0.2932902953586498 0.978582302771855 0.0006812321356479 0.0048248954862162 0.0104391709664831 0.0128660541887262
0 0.0088155666251556 0.0526257246376811 0.0017178892392315 0.0070689016430381 0.3059459915611814 0.8890479744136461 0.0003018167137666 0.0023715843683732 0.0046084854528899 0.0125546870133914
0 0.0088155666251556 0.0182123188405797 0.0006624421818787 0.0026470097375571 0.2089189873417721 0.8186995735607677 0.0001585268469923 0.0005543168736746 0.0015305771148592 0.0050818748053565
0 0.0075704856787048 0.0327021739130434 0.0009749100607003 0.0051400258476367 0.3650059071729958 0.9999 0.0002432898667743 0.0014932384126022 0.0028311017647313 0.0094410152600436
0 0.0075704856787048 0.0218347826086956 0.0006832733738002 0.0035444210632168 0.2584871308016878 0.8474784648187633 0.0001343088413403 0.0007057558315661 0.0016389541690153 0.0069500778573653
0 0.0088155666251556 0.0218347826086956 0.0007735418721264 0.0031124720433972 0.604409493670886 0.8048430703624733 0.0010909200645942 0.0018566919115419 0.0017906820448337 0.0032136717533478
0 0.0175311332503113 0.0960952898550724 0.0056758157043045 0.0067896242595341 0.285907805907173 0.6684098081023454 0.0003926342349616 0.0078233868524689 0.012043151367992 0.0331049205854873
0 0.0100606475716064 0.0218347826086956 0.0008638103704526 0.0027754773339689 0.2700881856540084 0.8719938166311302 0.0002432898667743 0.0009783459557709 0.0021808394397953 0.0063273435066957
0 0.0088155666251556 0.0327021739130434 0.0011068409428694 0.0045088589609175 0.1393126582278481 0.8389513859275053 0.0001948538554703 0.0007360436231445 0.0027444001214065 0.0057046091560261
0 0.0075704856787048 0.0182123188405797 0.0005860611448335 0.0030119321853357 0.3291481012658228 0.9306174840085288 0.0001807266855066 0.0007360436231445 0.001508901704028 0.0060159763313609
1 0.0025901618929016 0.9781652173913044 0.0113210687150139 0.335834237504027 0.6940540084388185 0.730231130063966 0.0177831804602341 0.0347795213571645 0.026240545462429 0.0038364061040174
0 0.0088155666251556 0.0236460144927536 0.0008290917172502 0.0033452031963172 0.359732700421941 0.6854639658848615 0.0003663980621719 0.0012206482883974 0.0016606295798465 0.0057046091560261
0 0.0088155666251556 0.0145898550724637 0.0005513424916311 0.0021815474317169 0.3555141350210971 0.7185063965884861 0.0003320892208316 0.0007360436231445 0.0010970688982352 0.0038364061040174
0 0.0038352428393524 0.0490032608695652 0.0008290917172502 0.0131199116189596 0.4251204641350211 0.9999 0.0001544905127169 0.0014326628294456 0.0023759181372761 0.0122433198380566
0 0.0088155666251556 0.0200235507246376 0.0007179920270026 0.0028797408904771 0.4398854430379747 0.9999 0.0002231081953976 0.0012509360799757 0.0020291115639769 0.0085069137340392
0 0.0088155666251556 0.0290797101449275 0.0009957412526217 0.0040433966550774 0.1551322784810126 0.5767437100213219 0.0005036334275333 0.0007057558315661 0.0017256558123401 0.0025909374026782
0 0.0088155666251556 0.0707380434782608 0.0022733876904699 0.0093962131722387 0.4261751054852321 0.9967023454157784 0.0004430884134033 0.004310003029385 0.0068627281793348 0.0166024602927436
0 0.0050803237858032 0.2120141304347826 0.0041481949633992 0.0440266087267431 0.107673417721519 0.4637599147121535 0.0001887993540573 0.002644174492578 0.0062991674977236 0.0194047648707567
0 0.0113057285180572 0.2971420289855072 0.0115085494423068 0.0308074792408839 0.2173561181434599 0.674805117270789 0.0002311808639483 0.0127905846713117 0.0248099683475697 0.0801213640610401
0 0.0100606475716064 0.0562481884057971 0.0020511883099745 0.0067077028937062 0.3302027426160338 0.7664712153518125 0.0003482345579329 0.0030682035746743 0.0048252395612019 0.0144228900654001
0 0.0113057285180572 0.4673978260869565 0.018035656244357 0.0483088619404722 0.3154377637130801 0.764339445628998 0.0004047432377876 0.0273893002120569 0.0436892511815462 0.112503550295858
0 0.0050803237858032 0.2083916666666666 0.0040787576569944 0.0432818690373989 0.3418037974683545 0.7696688699360341 0.0003381437222446 0.0064907240230233 0.0098105840523782 0.0309253503581438
0 0.0100606475716064 0.061681884057971 0.0022386690372675 0.0073276986850852 0.2226293248945147 0.6449603411513859 0.0004753790876059 0.0024018721599515 0.0045001083987339 0.008818280909374
0 0.0113057285180572 0.1685445652173913 0.0065785006875668 0.0175883497550247 0.2089189873417721 0.7025181236673775 0.0002412716996366 0.0070056164798545 0.0146442006677362 0.0427573030208657
0 0.0150409713574097 0.6974242753623189 0.0348950342394399 0.055368994195455 0.2468860759493671 0.6353673773987208 0.0003401618893823 0.0434115419569827 0.0714988032779777 0.20435686701962
2 0.0088155666251556 0.0001 0.0001069437306404 0.0003196982083565 0.9999 0.9999 0.0015127169963665 0.0001302877915783 0.0001216754108312 0.0001
0 0.0088155666251556 0.0852278985507246 0.0027177864514605 0.0112580623955991 0.3628966244725739 0.9188927505330492 0.0003078712151796 0.0044917297788548 0.0076430429692581 0.0231411709747742
0 0.0113057285180572 0.0308909420289855 0.0013012654008028 0.0034382956574852 0.2679789029535865 0.5916660980810234 0.0004027250706499 0.0015538139957588 0.0023542427264449 0.0066387106820305
0 0.0075704856787048 0.0308909420289855 0.0009263039462169 0.0048737814086962 0.3302027426160338 0.965791684434968 0.0003018167137666 0.001281223871554 0.0025926722455881 0.0069500778573653
0 0.0100606475716064 0.3224992753623188 0.0112377439473282 0.0371172862588525 0.3048913502109705 0.7280993603411515 0.0003825433992733 0.0165462708270221 0.0259587651216233 0.0710917159763313
0 0.0100606475716064 0.1920905797101449 0.0067382064922978 0.0222224924719689 0.321765611814346 0.8666643923240939 0.0003300710536939 0.0103069857618903 0.0182206434548844 0.0499187480535658
0 0.012550809464508 0.1504322463768116 0.0064674009973191 0.0143040477250169 0.2215746835443038 0.8080407249466951 0.0002392535324989 0.0072176310209027 0.0163782335342323 0.0443141388975397
0 0.0075704856787048 0.0671155797101449 0.001898426235884 0.0101949464890603 0.3017274261603376 0.7110452025586355 0.0002109991925716 0.0026138867009996 0.0041533018254346 0.0178479289940828
0 0.0075704856787048 0.0182123188405797 0.0005860611448335 0.0030119321853357 0.3428584388185654 0.9999 0.0002069628582963 0.0007663314147228 0.0016172787581841 0.0057046091560261
0 0.0100606475716064 0.3261217391304348 0.0113627310988568 0.0375306167864385 0.3143831223628692 0.7579441364605546 0.0004309794105773 0.0171520266585883 0.0272592897714954 0.0670439426969791
0 0.0088155666251556 0.1069626811594203 0.0033843845929465 0.0140508362306398 0.4019183544303797 0.8314901918976547 0.0005056515946709 0.0061878461072402 0.0087051380999869 0.0212729679227654
0 0.0088155666251556 0.1468097826086956 0.0046064811856708 0.0191709215948811 0.359732700421941 0.7483511727078891 0.0003845615664109 0.0077022356861557 0.0108076529506135 0.0331049205854873
0 0.0050803237858032 0.0327021739130434 0.0007110482963621 0.0071619941042062 0.3555141350210971 0.8879820895522388 0.0001645813484053 0.0010086337473492 0.0017906820448337 0.0085069137340392
1 0.012550809464508 0.998088768115942 0.0422137263345047 0.0935182847821107 0.8058459915611814 0.8037771855010661 0.9999 0.1499639927294759 0.1073499327927849 0.0001
0 0.0075704856787048 0.0272684782608695 0.0008290917172502 0.0043431543800384 0.2089189873417721 0.495736460554371 0.0003018167137666 0.0007360436231445 0.0012271213632224 0.0041477732793522
0 0.0200212951432129 0.3659688405797101 0.0240142083258094 0.0223193086315836 0.9208018987341772 0.9988341151385928 0.0027619624545821 0.096566616176916 0.0746850886701643 0.0698462472749922
0 0.0075704856787048 0.0055336956521739 0.00024581834345 0.0011500829619752 0.4725793248945148 0.9999 0.0003684162293096 0.0003120145410481 0.0005551836274552 0.0016568358766739
0 0.0088155666251556 0.058059420289855 0.001884538774603 0.0077670951017983 0.3365305907172995 0.6566850746268658 0.0002775987081146 0.0028561890336261 0.0038281706629666 0.0159797259420741
0 0.0050803237858032 0.0200235507246376 0.0004680177239453 0.0045554051915015 0.4546504219409282 0.9999 0.0001766903512313 0.0007663314147228 0.0012487967740536 0.0063273435066957
0 0.006325404732254 0.0055336956521739 0.0002180434208881 0.0013288204874178 0.3850440928270042 0.4669575692963753 0.0009072668550666 0.0001908633747349 0.000208377054156 0.0004113671753347
0 0.0113057285180572 0.0327021739130434 0.0013707027072076 0.0036244805798213 0.5611691983122362 0.8314901918976547 0.0012987912797739 0.0032499303241441 0.0034163378571738 0.0047705076300218
0 0.0075704856787048 0.2917083333333333 0.0079255844318197 0.0431757436316674 0.0465042194092827 0.1844980810234541 0.0001988901897456 0.0031893547409875 0.0057139314052811 0.0225184366241046
0 0.0088155666251556 0.0200235507246376 0.0007179920270026 0.0028797408904771 0.4071915611814346 0.9999 0.0002009083568833 0.0011600727052408 0.0020291115639769 0.0085069137340392
0 0.0088155666251556 0.2011467391304348 0.0062729765393857 0.0261528561824828 0.1245476793248945 0.7718006396588486 0.0001544905127169 0.0044917297788548 0.0152077613493474 0.0371526938648396
0 0.012550809464508 0.0435695652173913 0.0019609198116483 0.0043189503401347 0.2363396624472574 0.6044567164179104 0.0002816350423899 0.0021898576189033 0.0036981181979794 0.0122433198380566
4 0.0885007471980074 0.1721670289855072 0.048046460072507 0.0025688120701759 0.4599236286919831 0.5543601279317698 0.0030646875252321 0.1020789942441684 0.0871918007197676 0.0667325755216443
0 0.0088155666251556 0.0200235507246376 0.0007179920270026 0.0028797408904771 0.4071915611814346 0.9999 0.0003219983851433 0.0011600727052408 0.0020291115639769 0.0060159763313609
0 0.0088155666251556 0.0363246376811594 0.0012179406331171 0.0049743212667576 0.321765611814346 0.9615281449893388 0.0003159438837303 0.0017052529536504 0.0034596886788362 0.008818280909374
0 0.0088155666251556 0.0200235507246376 0.0007179920270026 0.0028797408904771 0.4071915611814346 0.9999 0.0002836532095276 0.0011600727052408 0.0020291115639769 0.0066387106820305
0 0.0187762141967621 0.369591304347826 0.0228268303862875 0.0239428411543539 0.3681698312236287 0.785657142857143 0.0009799208720226 0.0396861435928506 0.0567811993235919 0.0760735907816879
0 0.012550809464508 0.0127786231884057 0.0006624421818787 0.0014405314408195 0.6887808016877637 0.9999 0.0016862793702058 0.001765828536807 0.0018557082773273 0.0019682030520087
0 0.0100606475716064 0.063493115942029 0.0023011626130318 0.0075343639488782 0.5896445147679324 0.9210245202558636 0.0005762874444893 0.0058849681914571 0.006450895373542 0.0181592961694176
3 0.0050803237858032 0.0109673913043478 0.0002944244579334 0.0026935559681411 0.1867715189873418 0.5735460554371002 0.0004370339119903 0.0001302877915783 0.0004034557516368 0.0007227343506695
0 0.0113057285180572 0.4909438405797101 0.0189383412276193 0.0507292659308408 0.2395035864978903 0.7749982942430705 0.0002977803794913 0.0228461314753105 0.0464853791787711 0.1187308938025537
0 0.0100606475716064 0.3351778985507246 0.0116751989776783 0.0385658049546269 0.1140012658227848 0.8016454157782517 0.0001524723455793 0.0080051136019388 0.0294918570871092 0.0661098411709747
0 0.0100606475716064 0.0870391304347826 0.0031135790979678 0.0102228742274107 0.2247386075949367 0.7270334754797442 0.0002210900282599 0.003431657073614 0.0070578068768156 0.0225184366241046
0 0.0088155666251556 0.0345134057971014 0.0011623907879932 0.0047415901138376 0.3280934599156118 0.9263539445629 0.0002876895438029 0.0016446773704937 0.0031779083380306 0.0091296480847088
0 0.0113057285180572 0.0653043478260869 0.0026205742224938 0.0069758091818701 0.107673417721519 0.4211245202558636 0.0001787085183689 0.0016143895789154 0.0036114165546546 0.0125546870133914
1 0.0001 0.9709202898550724 0.0037801772394538 0.9999 0.9999 0.9999 0.1082737585789261 0.016152529536504 0.0115879677405367 0.0001
0 0.0088155666251556 0.2663510869565217 0.0082727709638437 0.0345311776876048 0.1372033755274261 0.6001931769722815 0.0001403633427533 0.0064301484398667 0.0159880761392706 0.0558347243849268
0 0.0075704856787048 0.0942840579710145 0.0026275179531343 0.0141830275254984 0.2605964135021096 0.9220904051172708 0.0001585268469923 0.0032499303241441 0.0074046134501149 0.0265662099034568
0 0.0075704856787048 0.438418115942029 0.0118626797049713 0.0647192009951712 0.1540776371308017 0.4456398720682303 0.0001968720226079 0.0100646834292638 0.0176570827732732 0.0704689816256618
1 0.0025901618929016 0.2029579710144927 0.002405318572639 0.0702172417517546 0.3776616033755274 0.4371127931769723 0.0027034356075898 0.0040979884883368 0.0034163378571738 0.002902304578013
0 0.0100606475716064 0.1993355072463768 0.0069881807953551 0.0230491535271409 0.1751704641350211 0.7973818763326226 0.0002412716996366 0.0064907240230233 0.0174836794866235 0.0396436312675179
0 0.0113057285180572 0.2156365942028985 0.0083838706540913 0.0224291577357619 0.2395035864978903 0.7494170575692964 0.0002412716996366 0.0100343956376855 0.0198462992672245 0.0611279663656181
0 0.0088155666251556 0.1268862318840579 0.0039954328893086 0.0166108789127604 0.2922356540084388 0.7611417910447761 0.0002675078724263 0.0055518024840957 0.0095071283007414 0.0315480847088134
0 0.0001 0.0435695652173913 0.0002249871515286 0.0466331976394478 0.9999 0.9999 0.0049436011303996 0.0006451802484095 0.0004901573949616 0.0001
0 0.0113057285180572 0.1540547101449275 0.0060230022363285 0.0160988703763363 0.0981816455696202 0.6129837953091684 0.0001423815098909 0.0036739594062405 0.01182639725968 0.0318594518841482
0 0.0100606475716064 0.0743605072463768 0.0026761240676176 0.0087762173808597 0.4219565400843882 0.9380786780383796 0.0004733609204683 0.0050671978188427 0.0076647183800893 0.0184706633447524
0 0.0100606475716064 0.061681884057971 0.0022386690372675 0.0073276986850852 0.2932902953586498 0.8240289978678038 0.0003018167137666 0.003037915783096 0.0056489051727875 0.0159797259420741
0 0.0162860523038605 0.7445163043478261 0.0401028322197991 0.0548793278497112 0.1340394514767932 0.649223880597015 0.0002190718611223 0.0311449863677673 0.0838104366301001 0.2024886639676113
0 0.012550809464508 0.0743605072463768 0.0032593974414179 0.0071955073902266 0.2985635021097046 0.8176336886993603 0.0003522708922083 0.0045825931535898 0.0082499544725317 0.0212729679227654
0 0.012550809464508 0.0960952898550724 0.0041759698859611 0.0092267848929129 0.2331757383966245 0.7664712153518125 0.0003401618893823 0.0047946076946379 0.010005662749859 0.0228298037994394
0 0.0113057285180572 0.1160188405797101 0.0045648188018279 0.0121889870072794 0.4145740506329114 0.9050362473347549 0.0004188704077513 0.0086411572250833 0.0127801153362528 0.0346617564621613
0 0.0137958904109589 0.4891326086956521 0.0226324059283541 0.0421331080665855 0.1962632911392405 0.5426353944562899 0.0002977803794913 0.0233004483489851 0.0401995100377227 0.1215331983805668
0 0.0038352428393524 0.1776007246376811 0.0028011112191463 0.0461677353336077 0.4757432489451477 0.9380786780383796 0.0003825433992733 0.0059152559830354 0.0080332003642197 0.0256321083774525
0 0.0113057285180572 0.9183945652173912 0.0353255455391496 0.0946689076021475 0.1140012658227848 0.6033908315565033 0.0001827448526443 0.0245119600121175 0.0690711572648831 0.1797588601681719
0 0.006325404732254 0.0019112318840579 0.0001347186532023 0.0007069628468155 0.6487044303797469 0.9999 0.0015127169963665 0.0001302877915783 0.000208377054156 0.0001
0 0.0088155666251556 0.0544369565217391 0.0017734390843554 0.0073016327959582 0.3829348101265822 0.9999 0.0002755805409769 0.0030076279915177 0.0053237740103195 0.0169138274680784
0 0.0088155666251556 0.0399471014492753 0.0013290403233647 0.0054397835725977 0.3238748945147679 0.9359469083155648 0.0002311808639483 0.0018869797031202 0.0036981181979794 0.0122433198380566
0 0.0088155666251556 0.184845652173913 0.0057730279332712 0.0240582758062023 0.393481223628692 0.9284857142857144 0.0004451065805409 0.0104887125113601 0.0166166630533755 0.0399549984428527
0 0.0137958904109589 0.0761717391304347 0.0036343588960037 0.0067579728227369 0.321765611814346 0.8389513859275053 0.0004451065805409 0.0054609391093608 0.0094421020682478 0.0209616007474307
0 0.0050803237858032 0.0562481884057971 0.0011623907879932 0.0120028020849433 0.3143831223628692 0.8538737739872068 0.0001665995155429 0.0015841017873371 0.0029394788188873 0.0128660541887262
0 0.0088155666251556 0.0308909420289855 0.0010512910977456 0.0042761278079974 0.3628966244725739 0.8741255863539448 0.0002695260395639 0.0016143895789154 0.0027010492997441 0.0094410152600436
3 0.0075704856787048 0.0182123188405797 0.0005860611448335 0.0030119321853357 0.0686516877637131 0.4605622601279318 0.0002614533710133 0.0001605755831566 0.0007719377357672 0.0013454687013391
0 0.0075704856787048 0.0544369565217391 0.0015581834345005 0.0083330972656999 0.2468860759493671 0.6513556503198294 0.0002109991925716 0.001765828536807 0.003112882105537 0.0122433198380566
0 0.0001 0.1323199275362318 0.000565229952912 0.13786380958411 0.1445858649789029 0.9999 0.0001161453371013 0.0003120145410481 0.0015522525256905 0.0038364061040174
0 0.0100606475716064 0.0417583333333333 0.00155123970386 0.0050525189341388 0.5116010548523207 0.9999 0.0004834517561566 0.0034013692820357 0.0046301608637211 0.0122433198380566
0 0.0100606475716064 0.184845652173913 0.0064882321892406 0.0213939695675735 0.3660605485232068 0.8197654584221749 0.0004995970932579 0.0110944683429263 0.0166383384642067 0.0383981625661787
0 0.0113057285180572 0.0942840579710145 0.0037315711249704 0.0099547679392468 0.3038367088607595 0.8933115138592751 0.0002654897052886 0.0053397879430475 0.0102874430906647 0.030613983182809
0 0.0100606475716064 0.0960952898550724 0.0034260469767894 0.0112580623955991 0.2300118143459916 0.8421490405117272 0.0001988901897456 0.0038556861557103 0.008921892208299 0.0271889442541264
0 0.006325404732254 0.1468097826086956 0.0034677093606322 0.0255328603911037 0.0549413502109704 0.2569782515991471 0.0001625631812676 0.0014326628294456 0.0031779083380306 0.0119319526627218
0 0.0113057285180572 0.0363246376811594 0.0015095773200172 0.0039968504244934 0.286962447257384 0.5735460554371002 0.0005843601130399 0.0019475552862768 0.0026793738889129 0.0060159763313609
0 0.0075704856787048 0.058059420289855 0.0016553956634672 0.0088637242943576 0.2605964135021096 0.8378855010660983 0.0001887993540573 0.0019778430778551 0.004196652647097 0.0147342572407349
0 0.0113057285180572 0.0707380434782608 0.0028288861417082 0.0075343639488782 0.3966451476793249 0.8879820895522388 0.0005137242632216 0.0050671978188427 0.0077080692017517 0.0172251946434132
3 0.0835204234122042 0.059870652173913 0.0161052991263039 0.0010178916671167 0.1814983122362869 0.4946705756929638 0.0003906160678239 0.0156073492880945 0.0262838962840914 0.0661098411709747
0 0.0088155666251556 0.0562481884057971 0.0018289889294792 0.0075343639488782 0.2996181434599156 0.7749982942430705 0.0003946524020993 0.0024927355346864 0.0043267051120842 0.0106864839613827
0 0.0075704856787048 0.0218347826086956 0.0006832733738002 0.0035444210632168 0.2468860759493671 0.9295515991471218 0.0002271445296729 0.0006754680399878 0.0017906820448337 0.0047705076300218
0 0.0088155666251556 0.0381358695652173 0.0012734904782409 0.0052070524196777 0.4483225738396624 0.9999 0.0003563072264836 0.0024321599515298 0.003763144430473 0.0113092183120523
0 0.0075704856787048 0.061681884057971 0.0017526078924339 0.0093962131722387 0.3112191983122362 0.75581236673774 0.0002049446911586 0.0024624477431081 0.0040449247712786 0.0172251946434132
0 0.0100606475716064 0.059870652173913 0.0021761754615032 0.0071210334212922 0.2827438818565401 0.8783891257995737 0.0002130173597093 0.0028561890336261 0.0058223084594371 0.0194047648707567
0 0.0050803237858032 0.0055336956521739 0.0001902684983262 0.0015764464341248 0.4198472573839663 0.7334287846481876 0.0003522708922083 0.0001605755831566 0.0002734032866496 0.0010341015260043
0 0.0237565379825653 0.0327021739130434 0.0026900115288986 0.0018557238176289 0.4673061181434599 0.6939910447761195 0.0024269467097295 0.005582090275674 0.0058223084594371 0.004459140454687
0 0.0137958904109589 0.1504322463768116 0.0070506743711194 0.0131199116189596 0.2943449367088607 0.7781959488272921 0.0003724525635849 0.0100041078461072 0.0172452499674803 0.0440027717222049
0 0.0113057285180572 0.119641304347826 0.0047036934146375 0.0125613568519515 0.2521592827004219 0.6257744136460553 0.0003361255551069 0.0057941048167222 0.0093770758357542 0.027811678604796
0 0.0075704856787048 0.0399471014492753 0.0011693345186337 0.0062050036033989 0.4166833333333333 0.9999 0.0002917258780783 0.0020687064525901 0.003438013268005 0.0113092183120523
0 0.0113057285180572 0.061681884057971 0.0024816996096842 0.006603439337198 0.3006727848101266 0.691859275053305 0.0004269430763019 0.0034619448651923 0.0053454494211507 0.0138001557147306
0 0.0088155666251556 0.0544369565217391 0.0017734390843554 0.0073016327959582 0.3407491561181434 0.7035840085287847 0.0003058530480419 0.0027047500757346 0.0038281706629666 0.0141115228900654
0 0.006325404732254 0.1522434782608695 0.0035926965121609 0.026463785002784 0.1973179324894514 0.7067816631130065 0.0001847630197819 0.0035830960315056 0.0079681741317261 0.0265662099034568
0 0.0075704856787048 0.0471920289855072 0.0013637589765671 0.0072681195099377 0.3354759493670886 0.8304243070362474 0.0002594352038756 0.0020081308694335 0.0033946624463426 0.0119319526627218
0 0.0088155666251556 0.0381358695652173 0.0012734904782409 0.0052070524196777 0.3702791139240506 0.9999 0.0003078712151796 0.0020384186610118 0.003763144430473 0.0106864839613827
0 0.006325404732254 0.1721670289855072 0.0040509827344325 0.0298765546292037 0.1920447257383966 0.6460262260127934 0.0003038348809043 0.0039768373220236 0.0082933052941941 0.0206502335720959
0 0.0075704856787048 0.0526257246376811 0.0015095773200172 0.0080668528267593 0.3017274261603376 0.7462194029850747 0.0002089810254339 0.0020384186610118 0.0034163378571738 0.0141115228900654
0 0.0025901618929016 0.0145898550724637 0.0002388746128095 0.0056725147255178 0.2574324894514768 0.9999 0.0001665995155429 0.0001302877915783 0.000533508216624 0.0016568358766739
0 0.006325404732254 0.0254572463768115 0.0006763296431597 0.0047415901138376 0.2268478902953586 0.8218972281449892 0.0003018167137666 0.0006148924568312 0.0015739279365217 0.0035250389286826
0 0.0113057285180572 0.1757894927536231 0.006856249913186 0.0183330894443689 0.3449677215189873 0.8240289978678038 0.0003462163907953 0.0111247561345046 0.0176787581841044 0.0517869511055745
0 0.0113057285180572 0.1504322463768116 0.0058841276235189 0.0157265005316642 0.2395035864978903 0.8890479744136461 0.0002311808639483 0.0069753286882762 0.0162698564800763 0.0440027717222049
0 0.0100606475716064 0.1920905797101449 0.0067382064922978 0.0222224924719689 0.3491862869198312 0.8485443496801707 0.0003462163907953 0.011064180551348 0.017852161470754 0.0514755839302398
0 0.0100606475716064 0.0363246376811594 0.0013637589765671 0.0044306612935364 0.4926175105485232 0.9380786780383796 0.0005581239402503 0.0028561890336261 0.0038064952521354 0.0091296480847088
0 0.0274917808219178 0.2120141304347826 0.0188966788437764 0.0096382535712756 0.2542685654008438 0.7696688699360341 0.0003139257165926 0.0239667797637079 0.0460952217838095 0.1196649953285581
1 0.0001 0.0182123188405797 0.0001277749225619 0.0205673085124014 0.9039276371308016 0.9999 0.0019163504238998 0.0001908633747349 0.0001867016433248 0.0001
0 0.0050803237858032 0.0471920289855072 0.0009887975219813 0.0101409528615829 0.2658696202531646 0.8815867803837952 0.0001827448526443 0.0011297849136625 0.0025493214239257 0.008818280909374
0 0.0075704856787048 0.0471920289855072 0.0013637589765671 0.0072681195099377 0.2468860759493671 0.9999 0.0001645813484053 0.0015235262041805 0.0040449247712786 0.0125546870133914
0 0.0100606475716064 0.2283152173913043 0.007988078007584 0.0263595214462758 0.1698972573839662 0.6577509594882729 0.0002170536939846 0.007247918812481 0.0167683909291939 0.0477391778262223
0 0.0088155666251556 0.0091561594202898 0.0003846929562596 0.0014833539729568 0.5601145569620253 0.8005795309168443 0.0013109002825999 0.0007360436231445 0.0007936131465984 0.0010341015260043
0 0.0100606475716064 0.186656884057971 0.0065507257650049 0.0216024966805898 0.2426675105485232 0.8975750533049042 0.0002876895438029 0.0078839624356255 0.018285669687378 0.0424459358455309
0 0.0088155666251556 0.0109673913043478 0.0004402428013834 0.0017160851258768 0.3407491561181434 0.9999 0.0003219983851433 0.0005240290820963 0.0011620951307288 0.002902304578013
0 0.0075704856787048 0.2301264492753623 0.0062729765393857 0.0341327419538057 0.2247386075949367 0.7014522388059701 0.0002392535324989 0.0070661920630112 0.0139289121103065 0.0433800373715353
1 0.0013450809464508 0.9672978260869564 0.0074811856708291 0.4981316343043577 0.5400763713080168 0.5884684434968017 0.0080112151796528 0.0181515237806725 0.0141890170402809 0.004459140454687
0 0.006325404732254 0.123263768115942 0.0029260983706749 0.0214982331240816 0.2405582278481013 0.7270334754797442 0.0001807266855066 0.0034013692820357 0.0066242986601916 0.0256321083774525
0 0.0187762141967621 0.6086739130434783 0.037491989498979 0.0393030972470777 0.3280934599156118 0.5714142857142858 0.0009456120306822 0.0591309057861254 0.0698514720548064 0.1171740579258797
0 0.006325404732254 0.0888503623188406 0.0021345130776603 0.0156017566336991 0.2901263713080169 0.7622076759061835 0.0003018167137666 0.0028561890336261 0.0049986428478515 0.0150456244160697
0 0.0050803237858032 0.0327021739130434 0.0007110482963621 0.0071619941042062 0.2785253164556962 0.9103656716417912 0.0002009083568833 0.0007966192063011 0.0018340328664961 0.0060159763313609
0 0.0113057285180572 0.0490032608695652 0.0019956384648507 0.0053001448808457 0.3407491561181434 0.6343014925373135 0.0003684162293096 0.0030682035746743 0.0039365477171226 0.0138001557147306
1 0.0001 0.0145898550724637 0.0001138874612809 0.0168436100656805 0.7657696202531645 0.9999 0.0013109002825999 0.0001 0.0001433508216624 0.0001
0 0.0075704856787048 0.369591304347826 0.0100156473546039 0.0546130834107707 0.0602145569620253 0.5447671641791044 0.0001524723455793 0.0046128809451681 0.0177654598274292 0.0383981625661787
1 0.0013450809464508 0.9709202898550724 0.007508960593391 0.4999934835277181 0.5717156118143459 0.6321697228144989 0.00419082478805 0.0192115964859133 0.0151860859385162 0.0091296480847088
2 0.0299819427148194 0.0001 0.0002249871515286 0.0001614410243708 0.9999 0.9999 0.0049436011303996 0.0006451802484095 0.0004901573949616 0.0001
0 0.0100606475716064 0.6376536231884058 0.0221116261303182 0.0731124172940801 0.142476582278481 0.6097861407249469 0.0001908175211949 0.0178789336564677 0.0435808741273902 0.1277605418872625
3 0.0038352428393524 0.0127786231884057 0.0002735932660119 0.0038106655021573 0.3080552742616034 0.5000000000000001 0.0010081752119499 0.0002211511663132 0.000316754108312 0.0004113671753347
0 0.0088155666251556 0.0254572463768115 0.0008846415623741 0.0035779343492373 0.4462132911392405 0.9999 0.0003785070649979 0.0016143895789154 0.0025493214239257 0.0072614450327
0 0.0299819427148194 0.5253572463768116 0.0505670342950009 0.0217588920153521 0.4367215189873418 0.9540669509594883 0.0013795179652805 0.102624174492578 0.1508741577418375 0.1436402678293366
0 0.0075704856787048 0.0182123188405797 0.0005860611448335 0.0030119321853357 0.3428584388185654 0.9721869936034117 0.0002231081953976 0.0007663314147228 0.0015739279365217 0.0053932419806913
0 0.0088155666251556 0.2210702898550724 0.0068840248357479 0.0287128988646034 0.3692244725738397 0.7334287846481876 0.0004451065805409 0.0118819509239624 0.0159447253176082 0.045248240423544
0 0.1009515566625155 0.5670155797101449 0.1788385704165682 0.0072159877316836 0.2574324894514768 0.4690893390191898 0.0020858764634638 0.2306203817025143 0.2800596062957984 0.2186797570850202
0 0.0075704856787048 0.3895148550724637 0.0105503146139207 0.0575380485406699 0.428284388185654 0.8464125799573562 0.0005258332660476 0.0208774250227203 0.0279962537397563 0.0692235129243226
0 0.0113057285180572 0.0544369565217391 0.0022039503840651 0.0058586996478538 0.2616510548523207 0.8005795309168443 0.0005682147759386 0.0027047500757346 0.0054104756536443 0.0085069137340392
0 0.0075704856787048 0.0218347826086956 0.0006832733738002 0.0035444210632168 0.2932902953586498 0.8240289978678038 0.0001867811869196 0.0007966192063011 0.0015956033473529 0.0063273435066957
0 0.0001 0.1703557971014492 0.0007110482963621 0.1769626432746795 0.3449677215189873 0.9999 0.0001060545014129 0.0009783459557709 0.0020074361531457 0.0106864839613827
0 0.012550809464508 0.0127786231884057 0.0006624421818787 0.0014405314408195 0.7003818565400843 0.9999 0.0014884989907145 0.0017961163283853 0.0018557082773273 0.0022795702273435
0 0.012550809464508 0.0761717391304347 0.0033357784784631 0.0073649356695524 0.2996181434599156 0.7366264392324094 0.0004511610819539 0.004703744319903 0.0076647183800893 0.0178479289940828
0 0.0050803237858032 0.0073449275362318 0.0002249871515286 0.0019488162787969 0.3249295358649789 0.9999 0.0001585268469923 0.0001605755831566 0.0004901573949616 0.0019682030520087
0 0.0100606475716064 0.0290797101449275 0.0011137846735099 0.0036040002383643 0.1930993670886076 0.623642643923241 0.0001887993540573 0.0009783459557709 0.0020941377964705 0.0075728122080348
1 0.0001 0.0743605072463768 0.0003430305724167 0.0782846344365755 0.1456405063291139 0.9999 0.0002210900282599 0.0001302877915783 0.000858639379092 0.0013454687013391
0 0.006325404732254 0.0490032608695652 0.0012179406331171 0.0087762173808597 0.3723883966244726 0.7909865671641791 0.0002695260395639 0.0019475552862768 0.0028744525863937 0.0113092183120523
0 0.006325404732254 0.0381358695652173 0.0009679663300598 0.0069143681574992 0.1530229957805907 0.9999 0.0004814335890189 0.0006754680399878 0.0028094263539001 0.0025909374026782
1 0.0001 0.0381358695652173 0.0002041559596071 0.0410476499693664 0.8079552742616033 0.9999 0.0008063584981832 0.0004331657073614 0.000425131162468 0.0010341015260043
0 0.0075704856787048 0.1558659420289855 0.0042801258455683 0.0232278910525835 0.3302027426160338 0.8464125799573562 0.0002836532095276 0.0066118751893365 0.0112411611672375 0.0359072251635004
0 0.0088155666251556 0.1341311594202898 0.004217632269804 0.0175418035244407 0.39137194092827 0.8613349680170577 0.0005076697618086 0.0075810845198424 0.0112628365780687 0.0259434755527872
0 0.012550809464508 0.0417583333333333 0.001884538774603 0.0041495220608089 0.2690335443037974 0.781393603411514 0.0003179620508679 0.0023412965767949 0.0045001083987339 0.0119319526627218
0 0.0113057285180572 0.0906615942028985 0.0035926965121609 0.0095823980945747 0.2700881856540084 0.8304243070362474 0.0002796168752523 0.0046431687367464 0.009247023370767 0.0256321083774525
0 0.0075704856787048 0.0164010869565217 0.0005374550303501 0.0027475495956185 0.2764160337552743 0.9999 0.0001585268469923 0.0005543168736746 0.0014655508823656 0.0050818748053565
0 0.0150409713574097 0.7390826086956521 0.0369712097009431 0.058664467320803 0.2268478902953586 0.5543601279317698 0.0003482345579329 0.0429269372917297 0.0670336686467502 0.1981295235129243
0 0.012550809464508 0.1323199275362318 0.0057035906268665 0.0126116267809822 0.2268478902953586 0.6033908315565033 0.0003441982236576 0.006460436231445 0.0110244070589255 0.0303026160074743
0 0.0162860523038605 0.7608173913043479 0.0409777422804994 0.0560746350511086 0.3449677215189873 0.5532942430703623 0.0008669035123132 0.0676114874280521 0.0741648788102155 0.1448857365306758
1 0.0001 0.3532902173913043 0.0014123650910505 0.3650094148340853 0.9788071729957808 0.9999 0.0128144529672991 0.0057032414419872 0.004196652647097 0.0007227343506695
0 0.0100606475716064 0.0816054347826087 0.0029260983706749 0.0096028784360317 0.2785253164556962 0.8474784648187633 0.0002453080339119 0.0038556861557103 0.0076430429692581 0.023452538150109
2 0.0934810709838107 0.0001 0.000579117414193 0.0001111710953401 0.9999 0.9999 0.0152362535324989 0.0021898576189033 0.0015956033473529 0.0001
0 0.0100606475716064 0.5108673913043479 0.0177370758268164 0.0586309540347825 0.14142194092827 0.708913432835821 0.0001443996770286 0.0142443986670705 0.0400911329835667 0.1209104640298972
3 0.012550809464508 0.0852278985507246 0.0037176836636895 0.0082120770661814 0.1952086497890295 0.3497102345415778 0.0013815361324182 0.0036739594062405 0.004413406755409 0.0050818748053565
0 0.0088155666251556 0.0345134057971014 0.0011623907879932 0.0047415901138376 0.1625147679324894 0.8005795309168443 0.0001766903512313 0.000887482581036 0.0027660755322377 0.0072614450327
1 0.0001 0.0218347826086956 0.0001416623838428 0.0242910069591223 0.8374852320675106 0.9999 0.0010081752119499 0.0002211511663132 0.0002300524649872 0.0004113671753347
0 0.0088155666251556 0.0761717391304347 0.0024400372258414 0.0100944066309989 0.3650059071729958 0.934881023454158 0.0003825433992733 0.0040374129051802 0.0069494298226596 0.017536561818748
0 0.012550809464508 0.0707380434782608 0.0031066353673273 0.006856650831575 0.2300118143459916 0.5927319829424308 0.0002614533710133 0.0034922326567706 0.0058439838702683 0.0203388663967611
1 0.0075704856787048 0.0816054347826087 0.0022872751517508 0.012321178302138 0.1319301687763713 0.2580441364605543 0.0015409713362939 0.0016143895789154 0.0020724623856393 0.0019682030520087
0 0.0088155666251556 0.0834166666666666 0.0026622366063367 0.0110253312426791 0.178334388185654 0.6822663113006396 0.0001524723455793 0.0024018721599515 0.0056705805836187 0.0203388663967611
0 0.0088155666251556 0.125075 0.0039398830441848 0.0163781477598404 0.4335575949367088 0.9849776119402984 0.0003643798950343 0.007732523477734 0.0119130989030048 0.0346617564621613
0 0.012550809464508 0.4438518115942029 0.0188411289986526 0.0417253630866696 0.3133284810126582 0.7494170575692964 0.0004733609204683 0.028479660708876 0.0448380479555998 0.1028511678604796
0 0.0088155666251556 0.0888503623188406 0.0028288861417082 0.0117235247014393 0.3966451476793249 0.7227699360341151 0.0003643798950343 0.0050671978188427 0.0063641937302172 0.0228298037994394
0 0.0075704856787048 0.0743605072463768 0.0020928506938174 0.0112580623955991 0.2542685654008438 0.8474784648187633 0.0004249249091643 0.0024927355346864 0.0054104756536443 0.0100637496107131
0 0.0088155666251556 0.0200235507246376 0.0007179920270026 0.0028797408904771 0.3407491561181434 0.9220904051172708 0.0002614533710133 0.0009783459557709 0.0018773836881585 0.0060159763313609
0 0.0050803237858032 0.0218347826086956 0.0005027363771477 0.0049277750361736 0.3829348101265822 0.9338151385927504 0.0002392535324989 0.0007057558315661 0.0012704721848848 0.0047705076300218
0 0.0100606475716064 0.0109673913043478 0.0004888489158668 0.0015354857512109 0.2637603375527426 0.5767437100213219 0.0002816350423899 0.0004634534989397 0.0007719377357672 0.002902304578013
0 0.0088155666251556 0.1449985507246377 0.0045509313405469 0.018938190441961 0.178334388185654 0.563953091684435 0.0001585268469923 0.0042191396546501 0.0082499544725317 0.0343503892868265
0 0.0075704856787048 0.3478565217391304 0.0094323739808036 0.0514200119927075 0.1625147679324894 0.8005795309168443 0.0001746721840936 0.0083079915177219 0.023769548627672 0.0629961694176269
0 0.0100606475716064 0.2772184782608696 0.0096754045532204 0.0319450691163571 0.3734430379746836 0.708913432835821 0.0004895062575696 0.0169400121175401 0.0217970862420326 0.0595711304889442
0 0.0075704856787048 0.0200235507246376 0.0006346672593168 0.0032781766242762 0.2089189873417721 0.4925388059701492 0.0002513625353249 0.0005240290820963 0.0009019902007544 0.0035250389286826
0 0.0113057285180572 0.0671155797101449 0.0026900115288986 0.0071619941042062 0.392426582278481 0.934881023454158 0.0004592337505046 0.0047643199030596 0.0076863937909205 0.0178479289940828
0 0.012550809464508 0.0888503623188406 0.00387044573778 0.0085490717756097 0.214192194092827 0.5309106609808103 0.0002796168752523 0.0041282762799151 0.0066242986601916 0.0228298037994394
0 0.0100606475716064 0.246427536231884 0.0086130137652271 0.0284280359334292 0.1930993670886076 0.6726733475479745 0.0002412716996366 0.0086714450166616 0.0184590729740276 0.0530324198069137
0 0.0075704856787048 0.1087739130434782 0.0030163668690011 0.0163111211877994 0.2816892405063291 0.987109381663113 0.0002553988696003 0.0040071251136019 0.0090952954949486 0.0237639053254437
0 0.0100606475716064 0.3025757246376812 0.0105503146139207 0.034842106507906 0.2279025316455696 0.6385650319829425 0.0002796168752523 0.0121545410481672 0.021623682955383 0.0664212083463095
1 0.0001 0.0526257246376811 0.000259705804731 0.05594244375625 0.3671151898734178 0.9999 0.0003825433992733 0.0002514389578915 0.0005985344491176 0.0013454687013391
3 0.0162860523038605 0.0290797101449275 0.0017040017779506 0.002347252012596 0.0644331223628692 0.346512579957356 0.0002614533710133 0.0007057558315661 0.0019424099206521 0.004459140454687
0 0.0050803237858032 0.0200235507246376 0.0004680177239453 0.0045554051915015 0.1561869198312236 0.431783368869936 0.0002432898667743 0.0002514389578915 0.0005551836274552 0.0019682030520087
0 0.0100606475716064 0.1449985507246377 0.0051133735224257 0.0168436100656805 0.321765611814346 0.8538737739872068 0.0003462163907953 0.0077628112693123 0.0135821055370073 0.0362185923388352
0 0.0088155666251556 0.3424228260869565 0.0106058644590446 0.0443058861102472 0.069706329113924 0.5948637526652453 0.0001423815098909 0.0053095001514692 0.0203881845380045 0.0458709747742136
0 0.0100606475716064 0.0797942028985507 0.0028636047949106 0.0093962131722387 0.2816892405063291 0.9178268656716418 0.0003240165522809 0.0037951105725537 0.0080548757750509 0.0187820305200872
0 0.0100606475716064 0.0834166666666666 0.0029885919464392 0.0098095436998247 0.2964542194092827 0.7408899786780384 0.0003805252321356 0.0041585640714934 0.006884403590166 0.0181592961694176
0 0.0100606475716064 0.3967597826086956 0.0137999805536649 0.0455980094712594 0.1878261603375527 0.7419558635394455 0.0001887993540573 0.013699218418661 0.032483063781815 0.0981806602304578
0 0.0100606475716064 0.0363246376811594 0.0013637589765671 0.0044306612935364 0.2637603375527426 0.5884684434968017 0.0002816350423899 0.0016143895789154 0.0024626197806009 0.0091296480847088
0 0.0100606475716064 0.1123963768115942 0.0039884891586682 0.0131199116189596 0.2595417721518987 0.772866524520256 0.0003038348809043 0.0050066222356861 0.0096155053548974 0.0259434755527872
0 0.0050803237858032 0.0037224637681159 0.0001555498451238 0.0012040765894527 0.5780434599156118 0.9284857142857144 0.0005036334275333 0.0001605755831566 0.0002517278758184 0.0007227343506695
0 0.0075704856787048 0.0200235507246376 0.0006346672593168 0.0032781766242762 0.4472679324894515 0.7973818763326226 0.0003240165522809 0.0010994971220842 0.0014222000607032 0.0057046091560261
0 0.0100606475716064 0.0200235507246376 0.0008013167946883 0.0025688120701759 0.394535864978903 0.9999 0.0002291626968106 0.001281223871554 0.0022892164939513 0.0085069137340392
0 0.0050803237858032 0.0127786231884057 0.0003291431111358 0.0030659258128132 0.6571415611814346 0.9732528784648188 0.0005036334275333 0.0007057558315661 0.0007936131465984 0.0025909374026782
0 0.006325404732254 0.0345134057971014 0.0008846415623741 0.0062925105168968 0.3323120253164557 0.9647257995735607 0.0001766903512313 0.0012206482883974 0.0024626197806009 0.0097523824353783
0 0.0038352428393524 0.0164010869565217 0.0003291431111358 0.0047415901138376 0.5780434599156118 0.7867230277185502 0.0007054501412999 0.0006148924568312 0.00064188527078 0.0016568358766739
0 0.0162860523038605 0.6956130434782608 0.0374781020376981 0.0512878206978489 0.3344213080168776 0.5319765458422177 0.0008729580137262 0.0601606906997879 0.0654513636560725 0.1280719090625973
0 0.0137958904109589 0.2083916666666666 0.0097170669370633 0.0180854634976619 0.2943449367088607 0.7398240938166312 0.0004269430763019 0.0138506573765525 0.0227724797294367 0.0545892556835876
0 0.0075704856787048 0.2663510869565217 0.0072450988290528 0.0394520451849465 0.1393126582278481 0.8037771855010661 0.0001403633427533 0.0056729536504089 0.0182639942765468 0.0492960137028962
0 0.0100606475716064 0.061681884057971 0.0022386690372675 0.0073276986850852 0.3639512658227848 0.8208313432835821 0.0002856713766653 0.0036739594062405 0.0056272297619563 0.0200274992214263
0 0.0113057285180572 0.0218347826086956 0.0009540788687789 0.002507371045805 0.2774706751054852 0.9092997867803838 0.0003845615664109 0.0011297849136625 0.0025276460130945 0.0050818748053565
0 0.0088155666251556 0.0562481884057971 0.0018289889294792 0.0075343639488782 0.3692244725738397 0.4626940298507462 0.0068265510698425 0.0030076279915177 0.0027010492997441 0.0007227343506695
0 0.0075704856787048 0.0707380434782608 0.0019956384648507 0.0107255735177181 0.1899354430379747 0.687595735607676 0.0001766903512313 0.0018566919115419 0.0042400034687594 0.0144228900654001
0 0.012550809464508 0.0435695652173913 0.0019609198116483 0.0043189503401347 0.2595417721518987 0.79844776119403 0.0003119075494549 0.0023715843683732 0.0047818887395395 0.0122433198380566
0 0.0162860523038605 0.4855101449275362 0.0262014834775603 0.0358605380330842 0.3006727848101266 0.6001931769722815 0.0008285583366976 0.0383837685549833 0.0509505138099987 0.0857259732170663
0 0.0113057285180572 0.0816054347826087 0.0032455099801369 0.0086514734828945 0.2616510548523207 0.5778095948827292 0.0003199802180056 0.0040677006967585 0.0059740363352556 0.0203388663967611
0 0.0088155666251556 0.0019112318840579 0.0001624935757643 0.0005524293612765 0.5390217299578058 0.5341083155650318 0.0017145337101332 0.0001605755831566 0.0001433508216624 0.0001
0 0.0075704856787048 0.0363246376811594 0.001072122289667 0.0056725147255178 0.3544594936708861 0.9061021321961622 0.0002695260395639 0.0016143895789154 0.0028527771755625 0.0094410152600436
0 0.0088155666251556 0.0109673913043478 0.0004402428013834 0.0017160851258768 0.3787162447257384 0.8666643923240939 0.0003199802180056 0.0005846046652529 0.0010103672549104 0.0032136717533478
0 0.0088155666251556 0.063493115942029 0.0020511883099745 0.0084652885605585 0.3955905063291139 0.9999 0.0003119075494549 0.0036133838230839 0.0061907904435676 0.0184706633447524
0 0.0075704856787048 0.0182123188405797 0.0005860611448335 0.0030119321853357 0.2743067510548523 0.8336219616204691 0.0002009083568833 0.0006148924568312 0.0013571738282096 0.0047705076300218
0 0.0137958904109589 0.123263768115942 0.0058008028558332 0.010792600089759 0.3744976793248945 0.8218972281449892 0.0005339059345983 0.0100949712208421 0.0149043055977106 0.0331049205854873
0 0.006325404732254 0.1721670289855072 0.0040509827344325 0.0298765546292037 0.2184107594936709 0.7227699360341151 0.0002392535324989 0.0044008664041199 0.0091819971382734 0.0271889442541264
0 0.0150409713574097 0.2210702898550724 0.0111544191796424 0.017703784406873 0.3966451476793249 0.7845912579957356 0.0007821404925312 0.0206048348985156 0.0276060963447946 0.0483619121768919
0 0.0100606475716064 0.1468097826086956 0.0051758670981901 0.0170502753294735 0.3164924050632912 0.7845912579957356 0.0004289612434396 0.0077628112693123 0.0127150891037592 0.030613983182809
0 0.0100606475716064 0.0254572463768115 0.0009887975219813 0.0031906697107783 0.2025911392405063 0.8186995735607677 0.0002150355268469 0.000887482581036 0.0023759181372761 0.0063273435066957
0 0.0075704856787048 0.0127786231884057 0.0004402428013834 0.0022150607177374 0.359732700421941 0.9999 0.0002392535324989 0.0005543168736746 0.0011620951307288 0.0038364061040174
0 0.0113057285180572 0.4529079710144927 0.0174801577931187 0.0468193825617838 0.1340394514767932 0.4829458422174841 0.0001746721840936 0.0134872038776128 0.0279745783289251 0.1016056991591404
0 0.0287368617683686 0.3170655797101449 0.0293817121108996 0.0137399074103386 0.4683607594936709 0.9668575692963752 0.0014824444893015 0.0633711966070887 0.0886874040671205 0.0829236686390532
0 0.0100606475716064 0.4420405797101449 0.0153623199477727 0.0507702266137547 0.1140012658227848 0.5810072494669509 0.0001787085183689 0.0105795758860951 0.0289499718163291 0.078875895359701
0 0.0100606475716064 0.0272684782608695 0.0010512910977456 0.0033973349745713 0.2890717299578059 0.7781959488272921 0.0002493443681873 0.0013115116631323 0.0024192689589385 0.0081955465587044
0 0.0100606475716064 0.2935195652173913 0.0102378467350992 0.0338069183397176 0.2226293248945147 0.5191859275053305 0.0004673064190553 0.0115790730081793 0.0173969778432987 0.0424459358455309
0 0.0088155666251556 0.0254572463768115 0.0008846415623741 0.0035779343492373 0.2880170886075949 0.8218972281449892 0.0002735623738393 0.0010692093305059 0.0021158132073017 0.0063273435066957
2 0.0474130759651307 0.0001 0.0003221993804953 0.0001353751352438 0.9999 0.9999 0.0077690351231328 0.0010692093305059 0.0007936131465984 0.0001
0 0.0162860523038605 0.0073449275362318 0.0005374550303501 0.0007516472281761 0.4124647679324895 0.4818799573560768 0.0011494469115865 0.0008269069978794 0.0007285869141048 0.0013454687013391
0 0.0100606475716064 0.0308909420289855 0.0011762782492742 0.0038106655021573 0.6413219409282701 0.8751914712153518 0.0013371364553895 0.0031287791578309 0.0030478558730434 0.004459140454687
0 0.006325404732254 0.0218347826086956 0.000593004875474 0.0041215943224585 0.5126556962025317 0.9178268656716418 0.0004289612434396 0.0011600727052408 0.001508901704028 0.0047705076300218
0 0.0088155666251556 0.0037224637681159 0.0002180434208881 0.0007851605141966 0.428284388185654 0.6886616204690831 0.0004531792490916 0.0002211511663132 0.000316754108312 0.0010341015260043
0 0.0150409713574097 0.0091561594202898 0.000593004875474 0.000947141396629 0.4050822784810127 0.4125974413646056 0.0067599515542995 0.0009177703726143 0.0007069115032736 0.0001
0 0.0025901618929016 0.186656884057971 0.002217837845346 0.0646316940816733 0.5843713080168776 0.662014498933902 0.0019062595882115 0.0056123780672523 0.0045651346312275 0.0057046091560261
0 0.0100606475716064 0.3333666666666666 0.011612705401914 0.0383591396908339 0.3850440928270042 0.7718006396588486 0.0005298696003229 0.0209077128142986 0.0283213849022243 0.0689121457489878
0 0.0075704856787048 0.0109673913043478 0.0003916366869001 0.0019488162787969 0.2679789029535865 0.9561987206823028 0.0002352171982236 0.0003423023326264 0.000967016433248 0.0025909374026782
0 0.0088155666251556 0.063493115942029 0.0020511883099745 0.0084652885605585 0.5348031645569621 0.940210447761194 0.0005117060960839 0.0047643199030596 0.0058439838702683 0.0162910931174089
0 0.0299819427148194 0.3351778985507246 0.0323397413637437 0.0139391252772382 0.4493772151898734 0.9498034115138594 0.0013431909568025 0.0671571705543774 0.0960353683388978 0.096312457178449
0 0.0050803237858032 0.0562481884057971 0.0011623907879932 0.0120028020849433 0.3998090717299578 0.987109381663113 0.0001948538554703 0.0019778430778551 0.0033729870355114 0.0144228900654001
0 0.006325404732254 0.0109673913043478 0.0003430305724167 0.0022597450990981 0.4219565400843882 0.8218972281449892 0.0003240165522809 0.0004634534989397 0.0007069115032736 0.0025909374026782
0 0.012550809464508 0.0399471014492753 0.0018081577375578 0.0039800937814831 0.2247386075949367 0.7174405117270789 0.0003199802180056 0.0019172674946985 0.003979898538785 0.0097523824353783
0 0.0113057285180572 0.0308909420289855 0.0013012654008028 0.0034382956574852 0.3555141350210971 0.8048430703624733 0.0002796168752523 0.0020081308694335 0.0031345575163682 0.0113092183120523
0 0.0088155666251556 0.4891326086956521 0.0151054019140749 0.0631571094967718 0.1741158227848101 0.7718006396588486 0.0001585268469923 0.0141232475007573 0.0368831721805489 0.1131262846465275
0 0.0113057285180572 0.1142076086956521 0.0044953814954231 0.0120028020849433 0.4873443037974684 0.9636599147121536 0.0004713427533306 0.0098526688882156 0.0133436760178641 0.0359072251635004
0 0.0113057285180572 0.4619641304347826 0.0178273443251427 0.047750307173464 0.3280934599156118 0.7494170575692964 0.0004713427533306 0.0279950560436231 0.0424104019425053 0.1016056991591404
0 0.0187762141967621 0.0200235507246376 0.0013845901684886 0.0014833539729568 0.5000000000000001 0.8218972281449892 0.0013532817924909 0.0029470524083611 0.0034163378571738 0.0041477732793522
0 0.0075704856787048 0.0254572463768115 0.0007804856027669 0.0040769099410979 0.3070006329113924 0.9999 0.0002291626968106 0.0009783459557709 0.0022241902614577 0.0066387106820305
3 0.0436778331257783 0.0852278985507246 0.0120501604322642 0.0025688120701759 0.0960723628691983 0.3998068230277186 0.0006206871215179 0.0073690699787943 0.0163132073017387 0.0212729679227654
0 0.0137958904109589 0.5778829710144928 0.0267153195449557 0.0497369002947896 0.1888808016877637 0.4818799573560768 0.0003139257165926 0.0267835443804907 0.0427572085158045 0.1339878853939582
0 0.006325404732254 0.0182123188405797 0.0005096801077882 0.0034997366818561 0.2648149789029536 0.9679234541577824 0.0001665995155429 0.000493741290518 0.0013354984173784 0.004459140454687
0 0.0088155666251556 0.3877036231884058 0.0119946105871404 0.0501241649332486 0.3839894514767932 0.7952501066098082 0.0004915244247073 0.0215437564374432 0.0300554177687204 0.0754508564310183
0 0.0075704856787048 0.0363246376811594 0.001072122289667 0.0056725147255178 0.2901263713080169 0.9061021321961622 0.0002432898667743 0.0013417994547106 0.0028527771755625 0.0085069137340392
0 0.0113057285180572 0.2917083333333333 0.0113002375230925 0.0302489244738758 0.4240658227848101 0.5447671641791044 0.0010949563988696 0.0221495122690093 0.0200630533755365 0.0383981625661787
0 0.012550809464508 0.0562481884057971 0.0024955870709652 0.005503086446192 0.3080552742616034 0.751548827292111 0.0004410702462656 0.0035528082399272 0.0058006330486059 0.0138001557147306
0 0.0088155666251556 0.0562481884057971 0.0018289889294792 0.0075343639488782 0.3407491561181434 0.7877889125799575 0.0003098893823173 0.0027956134504695 0.0043917313445778 0.0144228900654001
0 0.0088155666251556 0.0399471014492753 0.0013290403233647 0.0054397835725977 0.3122738396624472 0.7046498933901919 0.0003018167137666 0.0018264041199636 0.0028311017647313 0.0097523824353783
0 0.0113057285180572 0.4909438405797101 0.0189383412276193 0.0507292659308408 0.1625147679324894 0.7718006396588486 0.0001807266855066 0.0168188609512269 0.0463119758921215 0.1240241357832451
0 0.0075704856787048 0.0526257246376811 0.0015095773200172 0.0080668528267593 0.2563778481012658 0.8677302771855012 0.0002553988696003 0.001765828536807 0.0039365477171226 0.0106864839613827
2 0.5342397260273973 0.0073449275362318 0.0149804147625463 0.0001093092461168 0.1730611814345991 0.1695756929637527 0.0092826604763827 0.0139718085428657 0.0102440922690022 0.002902304578013
0 0.006325404732254 0.0906615942028985 0.0021761754615032 0.0159126854540003 0.4240658227848101 0.8048430703624733 0.0003906160678239 0.0040979884883368 0.0053671248319819 0.017536561818748
0 0.0088155666251556 0.184845652173913 0.0057730279332712 0.0240582758062023 0.0950177215189873 0.5948637526652453 0.0001343088413403 0.003431657073614 0.0110244070589255 0.0309253503581438
0 0.0088155666251556 0.0562481884057971 0.0018289889294792 0.0075343639488782 0.1635694092827004 0.7835253731343285 0.0001464178441663 0.0014932384126022 0.0043700559337466 0.013177421364061
0 0.0113057285180572 0.063493115942029 0.002551136916089 0.0067896242595341 0.320710970464135 0.6502897654584223 0.0003684162293096 0.0037648227809754 0.0051937215453323 0.0169138274680784
0 0.006325404732254 0.0327021739130434 0.0008429791785312 0.005983443545819 0.3249295358649789 0.691859275053305 0.0002170536939846 0.0011297849136625 0.0017039804015089 0.0078841793833696
0 0.0075704856787048 0.0091561594202898 0.0003430305724167 0.0016825718398563 0.4725793248945148 0.5181200426439233 0.004136334275333 0.0005240290820963 0.0004468065732992 0.0001
0 0.0050803237858032 0.0236460144927536 0.0005374550303501 0.0053001448808457 0.5326938818565401 0.8624008528784649 0.0004612519176423 0.0010692093305059 0.0012704721848848 0.0041477732793522
0 0.0088155666251556 0.1341311594202898 0.004217632269804 0.0175418035244407 0.3386398734177215 0.951935181236674 0.0002917258780783 0.0066724507724931 0.01236828253046 0.0355958579881656
0 0.0113057285180572 0.0779829710144927 0.0031066353673273 0.0082791036382224 0.359732700421941 0.8421490405117272 0.0005339059345983 0.0051277734019993 0.0080765511858821 0.0169138274680784
0 0.0100606475716064 0.0109673913043478 0.0004888489158668 0.0015354857512109 0.3133284810126582 0.662014498933902 0.0003421800565199 0.0005543168736746 0.0008803147899232 0.002902304578013
0 0.0100606475716064 0.0761717391304347 0.0027386176433819 0.0089828826446527 0.2342303797468355 0.5788754797441364 0.0002372353653613 0.0030984913662526 0.0050203182586827 0.0194047648707567
0 0.0287368617683686 0.3369891304347826 0.0312148569999861 0.0145944962038611 0.4567597046413502 0.9124974413646056 0.0015450076705692 0.0658547955165101 0.0892943155703941 0.0829236686390532
2 0.0573737235367372 0.0001 0.0003777492256191 0.000126065889127 0.9999 0.9999 0.009383568833266 0.0013115116631323 0.000967016433248 0.0001
0 0.012550809464508 0.1268862318840579 0.0054744475157306 0.0121052037922282 0.672961181434599 0.9466057569296376 0.0013109002825999 0.0162131051196607 0.016031426960933 0.0237639053254437
0 0.0088155666251556 0.0272684782608695 0.0009401914074979 0.0038106655021573 0.3080552742616034 0.7249017057569296 0.0002049446911586 0.0012206482883974 0.0020074361531457 0.008818280909374
2 0.0088155666251556 0.0001 0.0001069437306404 0.0003196982083565 0.9999 0.9999 0.0015127169963665 0.0001302877915783 0.0001216754108312 0.0001
0 0.0075704856787048 0.0689268115942029 0.0019470323503673 0.0104593290787775 0.212082911392405 0.8432149253731344 0.0001665995155429 0.0019778430778551 0.0049986428478515 0.0159797259420741
0 0.0088155666251556 0.0363246376811594 0.0012179406331171 0.0049743212667576 0.3787162447257384 0.7718006396588486 0.0003482345579329 0.0019778430778551 0.0028094263539001 0.0094410152600436
0 0.0225114570361145 0.0490032608695652 0.0037454585862514 0.0028313328106697 0.5653877637130802 0.9061021321961622 0.0025298732337505 0.0093680642229627 0.0104608463773143 0.0072614450327
0 0.0100606475716064 0.0327021739130434 0.0012387718250385 0.0040173307659503 0.2532139240506329 0.7440876332622601 0.0004289612434396 0.0014023750378673 0.0027660755322377 0.0057046091560261
0 0.0113057285180572 0.0453807971014492 0.0018567638520411 0.0049277750361736 0.2574324894514768 0.9380786780383796 0.0003421800565199 0.0022201454104816 0.0052587477778259 0.0106864839613827
2 0.0374524283935242 0.0001 0.0002666495353714 0.000146546230584 0.9999 0.9999 0.0061545014129995 0.0008269069978794 0.0006202098599488 0.0001
0 0.0038352428393524 0.0834166666666666 0.0013568152459266 0.0219636954299218 0.2595417721518987 0.721704051172708 0.0003684162293096 0.0015841017873371 0.0029611542297185 0.0072614450327
0 0.0113057285180572 0.059870652173913 0.0024122623032794 0.006417254414862 0.2648149789029536 0.7867230277185502 0.0002634715381509 0.0030076279915177 0.0058439838702683 0.017536561818748
2 0.1295884184308841 0.0019112318840579 0.0015095773200172 0.0001223421906803 0.5031639240506329 0.5021317697228146 0.0222998385143318 0.0032499303241441 0.0023759181372761 0.0001
0 0.0075704856787048 0.0453807971014492 0.0013151528620838 0.0070018750709972 0.2289571729957806 0.9242221748400852 0.0001464178441663 0.001372087246289 0.0036114165546546 0.0122433198380566
0 0.0038352428393524 0.0055336956521739 0.0001624935757643 0.0019488162787969 0.5390217299578058 0.9338151385927504 0.0008063584981832 0.0001605755831566 0.0002734032866496 0.0004113671753347
0 0.0113057285180572 0.1757894927536231 0.006856249913186 0.0183330894443689 0.35867805907173 0.8389513859275053 0.0004007069035123 0.0115184974250227 0.0179822139357412 0.0477391778262223
0 0.0100606475716064 0.0834166666666666 0.0029885919464392 0.0098095436998247 0.3365305907172995 0.8560055437100214 0.0004531792490916 0.0046431687367464 0.0078814724884013 0.017536561818748
0 0.0100606475716064 0.3043869565217391 0.0106128081896851 0.035048771771699 0.3070006329113924 0.6758710021321961 0.0004249249091643 0.0156982126628294 0.0228808567835927 0.0620620678916225
0 0.0088155666251556 0.0942840579710145 0.0029955356770797 0.0124217181601994 0.2932902953586498 0.8997068230277186 0.0003199802180056 0.0041282762799151 0.0082716298833629 0.0206502335720959
0 0.0150409713574097 0.0653043478260869 0.003391328323587 0.0053857899451203 0.2679789029535865 0.9284857142857144 0.0006227052886556 0.0043402908209633 0.009680531587391 0.0125546870133914
0 0.0100606475716064 0.1431873188405797 0.0050508799466614 0.0166369448018875 0.3017274261603376 0.9508692963752664 0.0003098893823173 0.007247918812481 0.014839279365217 0.0368413266895048
0 0.0100606475716064 0.0145898550724637 0.0006138360673954 0.0019488162787969 0.322820253164557 0.7099793176972281 0.0003482345579329 0.0007663314147228 0.0012271213632224 0.0038364061040174
0 0.0113057285180572 0.1413760869565217 0.005536941091495 0.014795575919984 0.286962447257384 0.649223880597015 0.0003401618893823 0.007641660102999 0.0114362398647183 0.0362185923388352
0 0.0075704856787048 0.0254572463768115 0.0007804856027669 0.0040769099410979 0.3671151898734178 0.9188927505330492 0.0002009083568833 0.0011600727052408 0.0020507869748081 0.0085069137340392
0 0.0113057285180572 0.0290797101449275 0.001231828094398 0.0032521107351492 0.1814983122362869 0.7110452025586355 0.0003785070649979 0.0010389215389275 0.0026360230672505 0.0047705076300218
0 0.0113057285180572 0.3061981884057971 0.0118557359743308 0.0317384038525641 0.4715246835443038 0.9231562899786784 0.0007760859911182 0.0256023205089366 0.0341303950049863 0.0605052320149486
0 0.0100606475716064 0.0290797101449275 0.0011137846735099 0.0036040002383643 0.1867715189873418 0.5543601279317698 0.0002352171982236 0.0009480581641926 0.0018773836881585 0.0063273435066957
0 0.0075704856787048 0.0200235507246376 0.0006346672593168 0.0032781766242762 0.3850440928270042 0.7206381663113006 0.0002695260395639 0.0009480581641926 0.001292147595716 0.0057046091560261
0 0.0088155666251556 0.0164010869565217 0.0006068923367549 0.002414278584637 0.3143831223628692 0.9999 0.0003018167137666 0.0007360436231445 0.0016823049906777 0.0041477732793522
0 0.012550809464508 0.0145898550724637 0.000738823218924 0.0016099597201453 0.4356668776371308 0.7526147121535182 0.0006711412999596 0.001281223871554 0.0015956033473529 0.0035250389286826
0 0.0113057285180572 0.2790297101449275 0.0108141763782589 0.0289456300175235 0.2764160337552743 0.606588486140725 0.0004309794105773 0.0146078521660102 0.0211468239170966 0.0570801930862659
0 0.006325404732254 0.1721670289855072 0.0040509827344325 0.0298765546292037 0.2711428270042194 0.6204449893390193 0.0003906160678239 0.0052792123598909 0.0079898495425573 0.0225184366241046
0 0.0075704856787048 0.0164010869565217 0.0005374550303501 0.0027475495956185 0.3523502109704641 0.9082339019189768 0.0003179620508679 0.0007057558315661 0.0013354984173784 0.0038364061040174
0 0.0137958904109589 0.0345134057971014 0.0017178892392315 0.0031906697107783 0.5210928270042194 0.8272266524520256 0.0015510621719822 0.0038556861557103 0.004305029701253 0.0047705076300218
0 0.006325404732254 0.0562481884057971 0.0013845901684886 0.0100162089636177 0.2532139240506329 0.6780027718550106 0.0001746721840936 0.0015841017873371 0.0028527771755625 0.0125546870133914
1 0.0001 0.5036224637681159 0.0019886947342102 0.519542900373003 0.9619329113924052 0.9999 0.0076539995962858 0.0080354013935171 0.0059957117460868 0.0019682030520087
0 0.0075704856787048 0.2572949275362318 0.007002068256636 0.0381226848394671 0.0559959915611814 0.4946705756929638 0.0001565086798546 0.0030682035746743 0.0113712136322247 0.0253207412021177
0 0.0225114570361145 0.2337489130434782 0.0172024085674996 0.0128257394416686 0.1646240506329114 0.6268402985074628 0.0002876895438029 0.0154559103302029 0.0347589819190911 0.0829236686390532
0 0.0075704856787048 0.0653043478260869 0.0018498201214006 0.0099287020501198 0.2015364978902953 0.6907933901918977 0.0001686176826806 0.0017961163283853 0.0039365477171226 0.0144228900654001
0 0.0100606475716064 0.5597706521739131 0.0194244023724528 0.0642165017048639 0.1245476793248945 0.7781959488272921 0.0001544905127169 0.0142746864586488 0.047872605471968 0.1165513235752102
0 0.0088155666251556 0.0109673913043478 0.0004402428013834 0.0017160851258768 0.4346122362869199 0.9999 0.0003744707307226 0.0006754680399878 0.0011620951307288 0.0032136717533478
0 0.0088155666251556 0.0200235507246376 0.0007179920270026 0.0028797408904771 0.3955905063291139 0.7334287846481876 0.0003119075494549 0.0011297849136625 0.001508901704028 0.0060159763313609
0 0.0088155666251556 0.0127786231884057 0.0004957926465072 0.0019488162787969 0.4071915611814346 0.9999 0.0003684162293096 0.0007360436231445 0.0013354984173784 0.0035250389286826
0 0.006325404732254 0.0544369565217391 0.0013429277846457 0.0097071419925399 0.2226293248945147 0.7995136460554372 0.0001807266855066 0.001372087246289 0.003221259159693 0.0106864839613827
0 0.0137958904109589 0.4800764492753623 0.0222157820899254 0.0413585787896676 0.3017274261603376 0.6449603411513859 0.0004471247476786 0.0325685125719479 0.0461168971946407 0.1234014014325755
0 0.0100606475716064 0.0689268115942029 0.0024886433403247 0.0081543597402573 0.1973179324894514 0.5991272921108743 0.0002069628582963 0.0024321599515298 0.0046951870962147 0.0169138274680784
0 0.0038352428393524 0.0200235507246376 0.0003846929562596 0.0056725147255178 0.2532139240506329 0.9999 0.0001807266855066 0.0003120145410481 0.0009886918440792 0.002902304578013
2 0.0150409713574097 0.0001 0.0001416623838428 0.0002303294456352 0.9999 0.9999 0.0025218005651998 0.0002817267494698 0.0002300524649872 0.0001
0 0.0075704856787048 0.0254572463768115 0.0007804856027669 0.0040769099410979 0.3365305907172995 0.8176336886993603 0.0002553988696003 0.0010692093305059 0.0018340328664961 0.0066387106820305
4 0.2055383561643835 0.8531902173913044 0.5441065770283222 0.0053802043974502 0.3238748945147679 0.5170541577825161 0.0033532854259184 0.8507629142684036 0.9281110393270606 0.5107421675490502
0 0.0088155666251556 0.0127786231884057 0.0004957926465072 0.0019488162787969 0.176225105485232 0.8666643923240939 0.0002130173597093 0.0003120145410481 0.0011620951307288 0.0025909374026782
0 0.0150409713574097 0.0779829710144927 0.0040232078118705 0.0063893266765116 0.1256023206751055 0.692925159914712 0.0002231081953976 0.0028561890336261 0.0087701643324805 0.0187820305200872
0 0.0287368617683686 0.5579594202898551 0.0515461003153084 0.0240582758062023 0.9165833333333334 0.982845842217484 0.0034319939442874 0.2066930263556498 0.1580703941377964 0.121221831205232
0 0.0113057285180572 0.0182123188405797 0.0008152042559693 0.0021350012011329 0.463087552742616 0.8346878464818763 0.0008063584981832 0.0015235262041805 0.0019640853314833 0.0035250389286826
0 0.006325404732254 0.0109673913043478 0.0003430305724167 0.0022597450990981 0.3723883966244726 0.8730597014925373 0.0007559043197416 0.000402877915783 0.000750262324936 0.0010341015260043
0 0.0100606475716064 0.2717847826086956 0.0094879238259275 0.0313250733249781 0.2163014767932489 0.9370127931769724 0.0001968720226079 0.0104584247197818 0.0276711225772882 0.0732712862036748
0 0.0113057285180572 0.4891326086956521 0.0188689039212145 0.0505430810085047 0.1277116033755274 0.5277130063965885 0.0001948538554703 0.014092959709179 0.0326781424792958 0.0988033945811273
0 0.0100606475716064 0.1540547101449275 0.0054258414012473 0.0178787982338689 0.3607873417721519 0.6854639658848615 0.0004733609204683 0.0091257618903362 0.0117830464380176 0.0331049205854873
3 0.0598638854296388 0.1413760869565217 0.0269305751948106 0.0030882680034935 0.033848523206751 0.1248085287846481 0.0013835542995559 0.0097012299303241 0.0149910072410354 0.0134887885393958
0 0.0038352428393524 0.0308909420289855 0.0005513424916311 0.0084652885605585 0.1361487341772151 0.7632735607675907 0.0012099919257165 0.0002817267494698 0.0011620951307288 0.0004113671753347
0 0.0075704856787048 0.1178300724637681 0.0032593974414179 0.0176423433825021 0.2553232067510548 0.9188927505330492 0.0001928356883326 0.0040071251136019 0.0092036725491046 0.0287457801308003
0 0.0075704856787048 0.0327021739130434 0.0009749100607003 0.0051400258476367 0.643431223628692 0.9199586353944564 0.0008850670165522 0.002553311117843 0.0026143476564193 0.0053932419806913
0 0.0075704856787048 0.0272684782608695 0.0008290917172502 0.0043431543800384 0.3027820675105485 0.9999 0.0001827448526443 0.0010389215389275 0.0023759181372761 0.0081955465587044
0 0.0100606475716064 0.1667333333333333 0.0058632964315975 0.01932545508042 0.2384489451476793 0.8368196162046908 0.0002331990310859 0.0069450408966979 0.0153161384035034 0.0433800373715353
0 0.0075704856787048 0.2572949275362318 0.007002068256636 0.0381226848394671 0.0644331223628692 0.4968023454157783 0.0001948538554703 0.0033105059073008 0.0114145644538871 0.0237639053254437
0 0.0312270236612702 0.3315554347826087 0.0332702012695678 0.0132632740091584 0.7604964135021097 0.8783891257995737 0.0033048494146144 0.1118316631323841 0.0918736894593071 0.0679780442229835
0 0.0088155666251556 0.0254572463768115 0.0008846415623741 0.0035779343492373 0.2616510548523207 0.6183132196162049 0.0002150355268469 0.0009783459557709 0.0016172787581841 0.0069500778573653
1 0.0013450809464508 0.1812231884057971 0.0014540274748933 0.0941103528351393 0.5147649789029536 0.725967590618337 0.0020979854662898 0.0031893547409875 0.0031995837488618 0.002902304578013
0 0.0050803237858032 0.0508144927536231 0.001058234828386 0.0108856925509271 0.2363396624472574 0.764339445628998 0.0002210900282599 0.0010994971220842 0.0023975935481073 0.0075728122080348
0 0.0113057285180572 0.246427536231884 0.0095643048629727 0.0255943014154746 0.1466951476793249 0.6726733475479745 0.0001807266855066 0.0077930990608906 0.0205182370029918 0.0580142946122703
0 0.0274917808219178 0.2373713768115942 0.0211325601100106 0.0107721197483021 0.9471679324894514 0.9999 0.004087898264029 0.087268264162375 0.0657548194077093 0.0430686701962005
0 0.0162860523038605 0.0471920289855072 0.0026761240676176 0.0036784742072987 0.4504318565400844 0.6897275053304904 0.0013593362939039 0.0053700757346258 0.0057572822269435 0.0075728122080348
0 0.0100606475716064 0.063493115942029 0.0023011626130318 0.0075343639488782 0.3164924050632912 0.7931183368869936 0.0002513625353249 0.0033407936988791 0.0056055543511251 0.0200274992214263
0 0.006325404732254 0.0779829710144927 0.001884538774603 0.0137399074103386 0.2247386075949367 0.79844776119403 0.0001464178441663 0.0020081308694335 0.0045868100420587 0.017536561818748
1 0.0001 0.1522434782608695 0.0006416109899573 0.158344151041075 0.8754523206751055 0.9999 0.0024208922083165 0.002159569827325 0.0017906820448337 0.0016568358766739
0 0.0050803237858032 0.0290797101449275 0.0006416109899573 0.006417254414862 0.3544594936708861 0.8496102345415778 0.0002675078724263 0.000887482581036 0.0015305771148592 0.0053932419806913
0 0.0100606475716064 0.1812231884057971 0.006363245037712 0.0209806390399874 0.1677879746835443 0.8037771855010661 0.0001746721840936 0.0057032414419872 0.016031426960933 0.0433800373715353
0 0.0075704856787048 0.0182123188405797 0.0005860611448335 0.0030119321853357 0.2605964135021096 0.708913432835821 0.0001706358498183 0.0005846046652529 0.0011620951307288 0.0050818748053565
0 0.0075704856787048 0.0960952898550724 0.0026761240676176 0.014449271964439 0.2658696202531646 0.8677302771855012 0.0001524723455793 0.0033710814904574 0.0071228331093092 0.0281230457801308
0 0.0100606475716064 0.2898971014492754 0.0101128595835706 0.0333935878121316 0.2331757383966245 0.4893411513859275 0.0003845615664109 0.0118819509239624 0.0163132073017387 0.0508528495795702
0 0.0337171855541718 0.308009420289855 0.0332979761921297 0.0114572802624987 0.2173561181434599 0.9061021321961622 0.0002997985466289 0.0372934080581641 0.0946481420457009 0.1931476487075677
0 0.0113057285180572 0.2790297101449275 0.0108141763782589 0.0289456300175235 0.2953995780590718 0.666278038379531 0.0003966705692369 0.0154559103302029 0.0230325846594111 0.0645530052943008
0 0.0100606475716064 0.0707380434782608 0.002551136916089 0.0083610250040503 0.3080552742616034 0.662014498933902 0.0003159438837303 0.0036436716146622 0.0052804231886571 0.0184706633447524
0 0.0075704856787048 0.0544369565217391 0.0015581834345005 0.0083330972656999 0.2268478902953586 0.6950569296375266 0.0003320892208316 0.0016446773704937 0.0033079608030178 0.0081955465587044
0 0.0162860523038605 0.7046692028985507 0.0379641631825316 0.0519525008705886 0.322820253164557 0.5628872068230278 0.0007942494953572 0.0591309057861254 0.0698297966439752 0.1371015571473061
0 0.0088155666251556 0.0960952898550724 0.0030510855222035 0.0126544493131195 0.143531223628692 0.765405330490405 0.0002069628582963 0.0023412965767949 0.0072528855742964 0.0162910931174089
0 0.0113057285180572 0.0308909420289855 0.0013012654008028 0.0034382956574852 0.4841803797468355 0.8634667377398721 0.0004975789261203 0.0026744622841563 0.0033513116246802 0.0094410152600436
0 0.0075704856787048 0.1975242753623188 0.0053980664786854 0.0293440657513226 0.1287662447257384 0.410465671641791 0.0001504541784416 0.0039465495304453 0.0074046134501149 0.0331049205854873
0 0.0113057285180572 0.5199235507246377 0.0200493381300959 0.0537082246882175 0.1466951476793249 0.5351742004264393 0.0002009083568833 0.0165159830354438 0.0351491393140528 0.1134376518218623
0 0.0075704856787048 0.0544369565217391 0.0015581834345005 0.0083330972656999 0.431448312236287 0.990307036247335 0.0003906160678239 0.0029167646167827 0.0046084854528899 0.0125546870133914
0 0.0137958904109589 0.0381358695652173 0.001884538774603 0.0034997366818561 0.5284753164556962 0.8304243070362474 0.0014481356479612 0.004310003029385 0.0047602133287083 0.0057046091560261
0 0.0113057285180572 0.0453807971014492 0.0018567638520411 0.0049277750361736 0.2743067510548523 0.5490307036247334 0.0003078712151796 0.0023412965767949 0.0031995837488618 0.0122433198380566
0 0.0075704856787048 0.0707380434782608 0.0019956384648507 0.0107255735177181 0.14142194092827 0.7376923240938166 0.0003542890593459 0.0014629506210239 0.0045217838095651 0.0069500778573653
0 0.0162860523038605 0.7535724637681159 0.0405888933646326 0.0555440080224509 0.3238748945147679 0.5298447761194031 0.0008023221639079 0.0633106210239321 0.0706534622555608 0.1451971037060105
0 0.0113057285180572 0.4710202898550724 0.0181745308571666 0.0486812317851443 0.2236839662447257 0.6577509594882729 0.0002553988696003 0.0207562738564071 0.0383354247062394 0.121221831205232
0 0.006325404732254 0.0055336956521739 0.0002180434208881 0.0013288204874178 0.6487044303797469 0.9999 0.0015127169963665 0.0003725901242047 0.0004684819841304 0.0004113671753347
0 0.0113057285180572 0.0508144927536231 0.0020650757712555 0.0054863298031817 0.178334388185654 0.5437012793176973 0.0006166507872426 0.0018264041199636 0.003546390322161 0.0053932419806913
0 0.0001 0.0145898550724637 0.0001138874612809 0.0168436100656805 0.9999 0.9999 0.0017145337101332 0.0001605755831566 0.0001433508216624 0.0001
0 0.0100606475716064 0.1776007246376811 0.0062382578861833 0.0205673085124014 0.2300118143459916 0.8059089552238807 0.0002876895438029 0.0071873432293244 0.0157496466201274 0.0387095297415135
0 0.0113057285180572 0.9020934782608696 0.0347006097815065 0.0929932433011231 0.1002909282700422 0.606588486140725 0.0001544905127169 0.0220889366858527 0.0682258162424662 0.1788247586421675
0 0.0050803237858032 0.0399471014492753 0.0008499229091717 0.0086514734828945 0.1836075949367089 0.9999 0.0002271445296729 0.0006754680399878 0.0024409443697697 0.0047705076300218
0 0.012550809464508 0.3406115942028985 0.0144874098870723 0.0320772604112157 0.1287662447257384 0.5874025586353945 0.0001827448526443 0.0108218782187216 0.0275844209339634 0.0794986297103706
0 0.0100606475716064 0.1178300724637681 0.0041759698859611 0.0137399074103386 0.285907805907173 0.7920524520255865 0.0003018167137666 0.0057032414419872 0.0103091185014959 0.0296798816568047
0 0.0299819427148194 0.5253572463768116 0.0505670342950009 0.0217588920153521 0.4261751054852321 0.9295515991471218 0.0013694271295922 0.1002920145410481 0.1472543641330269 0.1414606976019931
0 0.0113057285180572 0.0852278985507246 0.0033843845929465 0.0090238433275666 0.2943449367088607 0.7249017057569296 0.0003764888978603 0.004703744319903 0.0076647183800893 0.0206502335720959
0 0.006325404732254 0.1739782608695652 0.0040926451182753 0.0301874834495049 0.1930993670886076 0.683332196162047 0.0002432898667743 0.0040374129051802 0.008813515154143 0.0246980068514481
0 0.0137958904109589 0.2120141304347826 0.0098837164724348 0.0183945304687398 0.214192194092827 0.680134541577825 0.0003139257165926 0.0108218782187216 0.0214286042579022 0.0542778885082528
0 0.0100606475716064 0.1703557971014492 0.0059882835831261 0.0197406474572294 0.2458314345991561 0.7046498933901919 0.0003219983851433 0.0072782066040593 0.0133436760178641 0.0359072251635004
0 0.0113057285180572 0.2265039855072463 0.0088004944925201 0.0235462672697781 0.3776616033755274 0.8218972281449892 0.0004289612434396 0.0155164859133595 0.0226857780861119 0.0608165991902834
0 0.0050803237858032 0.0200235507246376 0.0004680177239453 0.0045554051915015 0.5780434599156118 0.8933115138592751 0.0005036334275333 0.0009783459557709 0.0011187443090664 0.0035250389286826
0 0.012550809464508 0.0345134057971014 0.001579014626422 0.0034718089435057 0.5400763713080168 0.9124974413646056 0.0016862793702058 0.0036436716146622 0.0043267051120842 0.0041477732793522
0 0.0050803237858032 0.0272684782608695 0.0006068923367549 0.0060448845701899 0.5390217299578058 0.9199586353944564 0.0004329975777149 0.0012509360799757 0.0015522525256905 0.0050818748053565
0 0.0088155666251556 0.0290797101449275 0.0009957412526217 0.0040433966550774 0.4335575949367088 0.7174405117270789 0.0004753790876059 0.0017961163283853 0.0021158132073017 0.0066387106820305
0 0.0113057285180572 0.0127786231884057 0.0006068923367549 0.0015764464341248 0.4989453586497891 0.8666643923240939 0.0013109002825999 0.0011600727052408 0.0014655508823656 0.0016568358766739
0 0.0100606475716064 0.0399471014492753 0.0014887461280957 0.0048458536703457 0.286962447257384 0.9849776119402984 0.0002271445296729 0.0019172674946985 0.0043700559337466 0.0125546870133914
0 0.0075704856787048 0.6775007246376812 0.0182786868167738 0.0998280918000793 0.0422856540084388 0.3902138592750533 0.0001423815098909 0.0071873432293244 0.024311433898452 0.0620620678916225
0 0.012550809464508 0.1087739130434782 0.004710637145278 0.0104109209989701 0.3259841772151899 0.5884684434968017 0.0009153395236172 0.0072176310209027 0.0088785413866366 0.0147342572407349
0 0.0075704856787048 0.063493115942029 0.0018012140069173 0.0096624576111792 0.2637603375527426 0.8645326226012793 0.0001726540169559 0.0021898576189033 0.0047168625070459 0.0172251946434132
0 0.0200212951432129 0.7191590579710144 0.0470326753989971 0.0436765810727514 0.2827438818565401 0.5820731343283584 0.0009678118691966 0.0653701908512572 0.0891859385162381 0.1268264403612581
0 0.0088155666251556 0.0145898550724637 0.0005513424916311 0.0021815474317169 0.3259841772151899 0.8965091684434968 0.0002271445296729 0.0006754680399878 0.0013571738282096 0.0047705076300218
0 0.0287368617683686 0.3061981884057971 0.0283818148986707 0.0132744451044985 0.9197472573839665 0.9967023454157784 0.0031070690351231 0.1140123841260224 0.0881238433855092 0.0735826533790096
0 0.0050803237858032 0.1123963768115942 0.0022386690372675 0.0235462672697781 0.1667333333333333 0.9082339019189768 0.0001948538554703 0.0018869797031202 0.0061907904435676 0.0138001557147306
0 0.032472104607721 0.1902793478260869 0.0199243509785673 0.0073965871063496 0.2205200421940928 0.4435081023454158 0.0009980843762616 0.0225129657679491 0.0296002341412652 0.0424459358455309
0 0.0113057285180572 0.1576771739130434 0.0061618768491381 0.0164712402210084 0.2068097046413502 0.4562987206823027 0.0003341073879693 0.0064907240230233 0.0092903741924294 0.0312367175334786
1 0.0001 0.1413760869565217 0.0005999486061144 0.1471730557009122 0.5864805907172995 0.9999 0.0012826459426725 0.0013417994547106 0.0016606295798465 0.0019682030520087
0 0.006325404732254 0.0218347826086956 0.000593004875474 0.0041215943224585 0.3238748945147679 0.9999 0.0002755805409769 0.0007360436231445 0.0016389541690153 0.004459140454687
0 0.006325404732254 0.0327021739130434 0.0008429791785312 0.005983443545819 0.1393126582278481 0.7664712153518125 0.0001484360113039 0.0005240290820963 0.0018773836881585 0.0050818748053565
0 0.012550809464508 0.0127786231884057 0.0006624421818787 0.0014405314408195 0.5801527426160337 0.9999 0.0007215954784012 0.0014932384126022 0.0018557082773273 0.0038364061040174
0 0.0088155666251556 0.1268862318840579 0.0039954328893086 0.0166108789127604 0.2721974683544303 0.8517420042643923 0.0002715442067016 0.0052186367767343 0.0105475480206391 0.0293685144814699
0 0.0088155666251556 0.2935195652173913 0.0091060186407011 0.0380221449814057 0.3491862869198312 0.9807140724946696 0.0004612519176423 0.0150318812481066 0.0276927979881194 0.055523357209592
0 0.0137958904109589 0.5126786231884057 0.0237156279082688 0.0441513526247083 0.2880170886075949 0.7067816631130065 0.0004773972547436 0.0334771463192971 0.0535082122880804 0.1199763625038928
0 0.0100606475716064 0.1051514492753623 0.0037385148556109 0.0122932505637876 0.2985635021097046 0.8091066098081022 0.0002937440452159 0.0052792123598909 0.0093987512465854 0.0281230457801308
0 0.0088155666251556 0.0182123188405797 0.0006624421818787 0.0026470097375571 0.2806345991561181 0.8549396588486142 0.0001665995155429 0.0007360436231445 0.0015956033473529 0.0063273435066957
1 0.0001 0.0272684782608695 0.0001624935757643 0.0298765546292037 0.9345122362869196 0.9999 0.0029254339927331 0.0003423023326264 0.0002950786974808 0.0001
0 0.0113057285180572 0.0327021739130434 0.0013707027072076 0.0036244805798213 0.5780434599156118 0.8485443496801707 0.0014319903108599 0.0033407936988791 0.0034813640896674 0.004459140454687
1 0.0013450809464508 0.9709202898550724 0.007508960593391 0.4999934835277181 0.5316392405063292 0.6321697228144989 0.0049193831247476 0.0179697970312026 0.0152077613493474 0.0072614450327
0 0.0175311332503113 0.2174478260869565 0.0126542649979859 0.0151065047402852 0.3966451476793249 0.7451535181236675 0.0009779027048849 0.02339131172372 0.0298820144820708 0.0449368732482092
0 0.0075704856787048 0.0743605072463768 0.0020928506938174 0.0112580623955991 0.2964542194092827 0.8336219616204691 0.0001928356883326 0.0028561890336261 0.0053237740103195 0.0206502335720959
0 0.006325404732254 0.0236460144927536 0.0006346672593168 0.0044306612935364 0.2342303797468355 0.9242221748400852 0.0001565086798546 0.0005846046652529 0.0016389541690153 0.0053932419806913
0 0.0287368617683686 0.6086739130434783 0.0562122873057102 0.0262310538498639 0.9418947257383966 0.9999 0.0035894109810254 0.2314987276582853 0.1752589949269392 0.129940112114606
0 0.0200212951432129 0.0381358695652173 0.0026483491450557 0.0024961999504649 0.2837985232067511 0.3667643923240938 0.0016277525232135 0.0035225204483489 0.0032429345705242 0.0041477732793522
0 0.0088155666251556 0.3351778985507246 0.0103836650785493 0.043374961498567 0.3660605485232068 0.7995136460554372 0.0004087795720629 0.0178486458648894 0.0261321684082729 0.0726485518530053
0 0.012550809464508 0.186656884057971 0.0079950217382245 0.0176907514623095 0.3607873417721519 0.8123042643923242 0.0004975789261203 0.0135477794607694 0.0203881845380045 0.0471164434755527
0 0.0075704856787048 0.0272684782608695 0.0008290917172502 0.0043431543800384 0.2468860759493671 0.6854639658848615 0.0002775987081146 0.0008571947894577 0.0016606295798465 0.0050818748053565
0 0.0088155666251556 0.0381358695652173 0.0012734904782409 0.0052070524196777 0.3650059071729958 0.7760641791044777 0.0004208885748889 0.0020081308694335 0.0029611542297185 0.0081955465587044
0 0.012550809464508 0.1504322463768116 0.0064674009973191 0.0143040477250169 0.2099736286919831 0.6598827292110875 0.0002553988696003 0.0069147531051196 0.0135821055370073 0.0405777327935222
0 0.012550809464508 0.1123963768115942 0.0048633992193685 0.0107497775576217 0.3808255274261603 0.7909865671641791 0.0005197787646346 0.0085502938503483 0.0120214759571608 0.0287457801308003
0 0.0113057285180572 0.0345134057971014 0.0014401400136124 0.0038106655021573 0.3512955696202532 0.8613349680170577 0.0003300710536939 0.0022201454104816 0.0037197936088106 0.0109978511367175
0 0.0175311332503113 0.6177300724637681 0.0356727320711735 0.0425371293480548 0.1983725738396624 0.5181200426439233 0.0004007069035123 0.0372025446834292 0.0608561765598577 0.1539153846153846
0 0.0075704856787048 0.0073449275362318 0.0002944244579334 0.0014163274009158 0.3976997890295359 0.8783891257995737 0.0004027250706499 0.0003423023326264 0.0006202098599488 0.0016568358766739
0 0.0088155666251556 0.0145898550724637 0.0005513424916311 0.0021815474317169 0.3407491561181434 0.6598827292110875 0.0002392535324989 0.0007057558315661 0.0010103672549104 0.0047705076300218
0 0.0250016189290161 0.0218347826086956 0.0019470323503673 0.0012394517246965 0.1224383966244726 0.2623076759061833 0.0003623617278966 0.001281223871554 0.0017690066340025 0.0060159763313609
0 0.012550809464508 0.3315554347826087 0.014105504701846 0.0312301190145867 0.430393670886076 0.7824594882729212 0.0007881949939442 0.028085919418358 0.0348673589732472 0.0654871068203052
0 0.0100606475716064 0.1305086956521739 0.0046134249163113 0.0151884261061131 0.2595417721518987 0.602324946695096 0.0004128159063383 0.0058243926083005 0.0088785413866366 0.0237639053254437
0 0.0038352428393524 0.0164010869565217 0.0003291431111358 0.0047415901138376 0.4725793248945148 0.8933115138592751 0.0007054501412999 0.000493741290518 0.0007285869141048 0.0013454687013391
0 0.012550809464508 0.0145898550724637 0.000738823218924 0.0016099597201453 0.4567597046413502 0.708913432835821 0.0011090835688332 0.0013417994547106 0.001508901704028 0.0022795702273435
0 0.0075704856787048 0.0363246376811594 0.001072122289667 0.0056725147255178 0.2827438818565401 0.6950569296375266 0.0002372353653613 0.0013115116631323 0.0022241902614577 0.0085069137340392
0 0.0088155666251556 0.0055336956521739 0.0002735932660119 0.0010178916671167 0.5717156118143459 0.9999 0.0004451065805409 0.0004634534989397 0.00064188527078 0.0019682030520087
0 0.0100606475716064 0.0308909420289855 0.0011762782492742 0.0038106655021573 0.2711428270042194 0.8943773987206823 0.0004289612434396 0.0014023750378673 0.003112882105537 0.0057046091560261
0 0.0088155666251556 0.123263768115942 0.003884333199061 0.0161454166069203 0.1614601265822784 0.8144360341151387 0.0001766903512313 0.0033105059073008 0.0098322594632094 0.0253207412021177
0 0.0137958904109589 0.0852278985507246 0.0040509827344325 0.0075343639488782 0.2110282700421941 0.738758208955224 0.0002432898667743 0.0042797152378067 0.0093770758357542 0.026254842728122
0 0.0100606475716064 0.0671155797101449 0.0024261497645604 0.0079476944764643 0.1677879746835443 0.5319765458422177 0.0003522708922083 0.0020687064525901 0.0041099510037722 0.0097523824353783
0 0.012550809464508 0.0127786231884057 0.0006624421818787 0.0014405314408195 0.4124647679324895 0.4307174840085288 0.0077690351231328 0.0010692093305059 0.0008369639682608 0.0001
0 0.0050803237858032 0.063493115942029 0.0013012654008028 0.0134922814636317 0.3734430379746836 0.9583304904051174 0.0001706358498183 0.0020989942441684 0.0036981181979794 0.0166024602927436
0 0.006325404732254 0.0218347826086956 0.000593004875474 0.0041215943224585 0.0802527426160337 0.5490307036247334 0.0002352171982236 0.0001908633747349 0.0009236656115856 0.0016568358766739
0 0.0113057285180572 0.0327021739130434 0.0013707027072076 0.0036244805798213 0.3280934599156118 0.8261607675906183 0.0003946524020993 0.0019778430778551 0.0033946624463426 0.0085069137340392
0 0.0088155666251556 0.125075 0.0039398830441848 0.0163781477598404 0.2595417721518987 0.9082339019189768 0.0002533807024626 0.0049460466525295 0.0110460824697567 0.0293685144814699
3 0.0175311332503113 0.0236460144927536 0.0015095773200172 0.0018240723808317 0.0612691983122363 0.2942842217484008 0.0002856713766653 0.0005846046652529 0.0014872262931968 0.0035250389286826
0 0.0050803237858032 0.0182123188405797 0.0004332990707429 0.0041830353468294 0.3291481012658228 0.9999 0.0001665995155429 0.000493741290518 0.0011404197198976 0.004459140454687
0 0.0299819427148194 0.3351778985507246 0.0323397413637437 0.0139391252772382 0.4567597046413502 0.9380786780383796 0.0013896088009689 0.0681263798848833 0.0948648961540129 0.0947556213017751
1 0.0001 0.0490032608695652 0.00024581834345 0.0522187453095291 0.9619329113924052 0.9999 0.0053472345579329 0.0007057558315661 0.0005551836274552 0.0001
0 0.0100606475716064 0.0562481884057971 0.0020511883099745 0.0067077028937062 0.3808255274261603 0.9924388059701492 0.0002453080339119 0.0034922326567706 0.0061474396219052 0.0212729679227654
0 0.0025901618929016 0.0037224637681159 0.0001138874612809 0.0019488162787969 0.7657696202531645 0.7632735607675907 0.0013109002825999 0.0001 0.0001 0.0001
1 0.0013450809464508 0.0308909420289855 0.0003013681885738 0.0168436100656805 0.7067097046413501 0.7035840085287847 0.0051454178441663 0.0006754680399878 0.0005118328057928 0.0001
0 0.012550809464508 0.0381358695652173 0.0017317767005125 0.0038106655021573 0.5558959915611814 0.7931183368869936 0.0014683173193379 0.0041282762799151 0.0041749772362658 0.0053932419806913
0 0.0113057285180572 0.1123963768115942 0.0044259441890183 0.0118166171626073 0.2099736286919831 0.8911797441364607 0.0002695260395639 0.0046734565283247 0.0122165546546416 0.0265662099034568
0 0.0150409713574097 0.0671155797101449 0.0034815968219132 0.005529152335319 0.2953995780590718 0.9306174840085288 0.0007054501412999 0.0048551832777946 0.0099623119281966 0.0125546870133914
0 0.0100606475716064 0.0924728260869565 0.0033010598252607 0.0108447318680131 0.3354759493670886 0.995636460554371 0.0002432898667743 0.0051277734019993 0.0100490135715214 0.0312367175334786
3 0.0187762141967621 0.0526257246376811 0.0033843845929465 0.0035779343492373 0.0855259493670886 0.436046908315565 0.0003603435607589 0.0018264041199636 0.0048469149720331 0.0085069137340392
0 0.0075704856787048 0.3406115942028985 0.0092379495228702 0.0503568960861687 0.3027820675105485 0.6843980810234541 0.0002796168752523 0.0134872038776128 0.0201497550188613 0.0735826533790096
3 0.0362073474470734 0.1087739130434782 0.0127584209575931 0.0038721065265282 0.1108373417721519 0.448837526652452 0.0002775987081146 0.0086108694335049 0.0191093352989637 0.0474278106508875
0 0.0113057285180572 0.2790297101449275 0.0108141763782589 0.0289456300175235 0.3143831223628692 0.6566850746268658 0.0004592337505046 0.0163039684943956 0.0227291289077743 0.0605052320149486
0 0.0137958904109589 0.0182123188405797 0.0009679663300598 0.001794282793258 0.3365305907172995 0.9999 0.0002271445296729 0.001372087246289 0.0028094263539001 0.0091296480847088
2 0.006325404732254 0.0363246376811594 0.0009263039462169 0.006603439337198 0.1540776371308017 0.4072680170575693 0.0002352171982236 0.0006451802484095 0.0011620951307288 0.004459140454687
0 0.0075704856787048 0.2391826086956521 0.0065160071118025 0.035462102299285 0.1677879746835443 0.5298447761194031 0.0002513625353249 0.0058243926083005 0.0112194857564063 0.0346617564621613
0 0.0113057285180572 0.4728315217391304 0.0182439681635714 0.0488674167074803 0.2342303797468355 0.7408899786780384 0.0002614533710133 0.0216649076037564 0.0429522872132853 0.1240241357832451
0 0.0088155666251556 0.1359423913043478 0.0042731821149278 0.0177745346773607 0.2764160337552743 0.691859275053305 0.0002755805409769 0.0056729536504089 0.0093120496032606 0.0315480847088134
0 0.0100606475716064 0.0363246376811594 0.0013637589765671 0.0044306612935364 0.4694154008438819 0.9551328358208956 0.0006287597900686 0.0027350378673129 0.003871521484629 0.0078841793833696
1 0.0013450809464508 0.0381358695652173 0.0003569180336977 0.0205673085124014 0.6887808016877637 0.8549396588486142 0.0030263423496164 0.0008269069978794 0.0007719377357672 0.0004113671753347
0 0.006325404732254 0.121452536231884 0.002884435986832 0.0211873043037804 0.2163014767932489 0.6502897654584223 0.0001302725070649 0.0030682035746743 0.0058873346919307 0.0281230457801308
0 0.0088155666251556 0.0145898550724637 0.0005513424916311 0.0021815474317169 0.3259841772151899 0.9700552238805972 0.0002473262010496 0.0006754680399878 0.0014655508823656 0.004459140454687
0 0.0100606475716064 0.1268862318840579 0.0044884377647826 0.014775095578527 0.356568776371308 0.7526147121535182 0.0003906160678239 0.0074296455619509 0.0105908988423015 0.0315480847088134
0 0.0113057285180572 0.1522434782608695 0.0059535649299237 0.0159126854540003 0.286962447257384 0.6534874200426439 0.0003522708922083 0.0082171281429869 0.0123899579412912 0.0377754282155091
0 0.0088155666251556 0.2663510869565217 0.0082727709638437 0.0345311776876048 0.1646240506329114 0.7067816631130065 0.0001484360113039 0.0073387821872159 0.0185457746173524 0.0614393335409529
1 0.0025901618929016 0.2083916666666666 0.0024678121484033 0.0720790909751151 0.3512955696202532 0.4605622601279318 0.0066590431974162 0.0039465495304453 0.0036764427871482 0.0010341015260043
0 0.0113057285180572 0.9111496376811596 0.0350477963135304 0.0939241679128033 0.0918537974683544 0.6428285714285715 0.0001383451756156 0.0211197273553468 0.0726042492303689 0.1834952662721893
0 0.0113057285180572 0.2083916666666666 0.0081061214284722 0.0216844180464177 0.2047004219409283 0.743021748400853 0.0002210900282599 0.00852000605877 0.0190443090664701 0.0552119900342572
0 0.0075704856787048 0.0290797101449275 0.0008776978317336 0.004609398818979 0.2205200421940928 0.9466057569296376 0.0002654897052886 0.0008269069978794 0.0023975935481073 0.0050818748053565
0 0.0075704856787048 0.0200235507246376 0.0006346672593168 0.0032781766242762 0.359732700421941 0.6694756929637525 0.0003744707307226 0.000887482581036 0.0012054459523912 0.0041477732793522
0 0.0001 0.2210702898550724 0.0009054727542955 0.2290944215287722 0.1171651898734177 0.9999 0.0001100908356883 0.000493741290518 0.0026143476564193 0.0057046091560261
0 0.0113057285180572 0.0653043478260869 0.0026205742224938 0.0069758091818701 0.2932902953586498 0.8901138592750534 0.0003018167137666 0.0035830960315056 0.0071445085201404 0.0187820305200872
0 0.0075704856787048 0.0707380434782608 0.0019956384648507 0.0107255735177181 0.2996181434599156 0.9689893390191898 0.0002150355268469 0.0027350378673129 0.0058439838702683 0.0184706633447524
0 0.0113057285180572 0.4891326086956521 0.0188689039212145 0.0505430810085047 0.1530229957805907 0.7312970149253731 0.0001766903512313 0.0160313783701908 0.043884329879027 0.1199763625038928
1 0.0001 0.0906615942028985 0.000405524148181 0.0950412774468196 0.4419947257383966 0.9999 0.0003825433992733 0.0006148924568312 0.0010537180765728 0.002902304578013
0 0.0100606475716064 0.1649221014492753 0.0058008028558332 0.019118789816627 0.2468860759493671 0.8773232409381663 0.0002876895438029 0.0070661920630112 0.0158363482634522 0.0380867953908439
1 0.0001 0.0145898550724637 0.0001138874612809 0.0168436100656805 0.8828348101265824 0.9999 0.0015127169963665 0.0001302877915783 0.0001433508216624 0.0001
0 0.0100606475716064 0.2844634057971014 0.0099253788562776 0.0327735920207526 0.1741158227848101 0.5042635394456291 0.0001908175211949 0.0092166252650711 0.0164432597667259 0.0657984739956399
0 0.0100606475716064 0.0997177536231884 0.003551034128318 0.0116713929231852 0.3070006329113924 0.6865298507462686 0.0002957622123536 0.0051277734019993 0.0076647183800893 0.0271889442541264
0 0.0075704856787048 0.0254572463768115 0.0007804856027669 0.0040769099410979 0.2964542194092827 0.8272266524520256 0.0001928356883326 0.0009480581641926 0.0018557082773273 0.0072614450327
0 0.012550809464508 0.0345134057971014 0.001579014626422 0.0034718089435057 0.5400763713080168 0.9029044776119404 0.0015672075090835 0.0036436716146622 0.0042833542904218 0.004459140454687
0 0.006325404732254 0.0091561594202898 0.0003013681885738 0.0019488162787969 0.3850440928270042 0.9999 0.0002775987081146 0.0003423023326264 0.0007285869141048 0.0022795702273435
3 0.0162860523038605 0.0327021739130434 0.001898426235884 0.0026134964515366 0.0644331223628692 0.4712211087420043 0.0059526846992329 0.0007966192063011 0.0028527771755625 0.0001
0 0.0088155666251556 0.0834166666666666 0.0026622366063367 0.0110253312426791 0.2257932489451477 0.5778095948827292 0.0002130173597093 0.0029167646167827 0.0048685903828643 0.0197161320460915
0 0.0113057285180572 0.3877036231884058 0.0149804147625463 0.0401167253576862 0.0855259493670886 0.4285857142857143 0.0001403633427533 0.0085805816419266 0.0215586567228894 0.0742053877296792
0 0.0088155666251556 0.0236460144927536 0.0008290917172502 0.0033452031963172 0.3502409282700422 0.781393603411514 0.0002453080339119 0.0011903604968191 0.0018773836881585 0.0075728122080348
0 0.012550809464508 0.0816054347826087 0.0035649215895989 0.0078732205075298 0.2437221518987341 0.8293584221748401 0.0002634715381509 0.0042191396546501 0.0091603217274422 0.0243866396761133
0 0.012550809464508 0.1739782608695652 0.0074603544789076 0.0165047535070289 0.2584871308016878 0.6438944562899788 0.0003825433992733 0.0094892153892759 0.0153594892251658 0.040889099968857
0 0.0100606475716064 0.0272684782608695 0.0010512910977456 0.0033973349745713 0.3407491561181434 0.9999 0.0003179620508679 0.0015235262041805 0.0030695312838746 0.0078841793833696
0 0.006325404732254 0.0508144927536231 0.0012596030169599 0.0090852843519375 0.2669242616033755 0.9636599147121536 0.0001524723455793 0.0014932384126022 0.0035897411438234 0.0128660541887262
0 0.0088155666251556 0.0073449275362318 0.0003291431111358 0.0012506228200367 0.3407491561181434 0.9466057569296376 0.0003300710536939 0.0003423023326264 0.0007719377357672 0.0019682030520087
0 0.0175311332503113 0.0182123188405797 0.0011971094411956 0.0014517025361596 0.4757432489451477 0.6641462686567164 0.0019930407751312 0.0024018721599515 0.0023975935481073 0.0022795702273435
0 0.0113057285180572 0.0145898550724637 0.0006763296431597 0.0017626313564608 0.4957814345991562 0.6332356076759063 0.0017952603956398 0.0013115116631323 0.0012271213632224 0.0013454687013391
0 0.0088155666251556 0.0055336956521739 0.0002735932660119 0.0010178916671167 0.4398854430379747 0.8666643923240939 0.0009072668550666 0.0003423023326264 0.0005551836274552 0.0007227343506695
0 0.0075704856787048 0.1123963768115942 0.0031135790979678 0.0168436100656805 0.2964542194092827 0.9689893390191898 0.0002997985466289 0.0043402908209633 0.0092253479599358 0.0228298037994394
0 0.0075704856787048 0.063493115942029 0.0018012140069173 0.0096624576111792 0.2384489451476793 0.9327492537313432 0.0001504541784416 0.0020081308694335 0.0050636690803451 0.0172251946434132
2 0.0150409713574097 0.0001 0.0001416623838428 0.0002303294456352 0.9999 0.9999 0.0025218005651998 0.0002817267494698 0.0002300524649872 0.0001
0 0.0088155666251556 0.1087739130434782 0.0034399344380703 0.0142835673835599 0.3059459915611814 0.8666643923240939 0.0002897077109406 0.0049460466525295 0.0092036725491046 0.0265662099034568
0 0.006325404732254 0.0345134057971014 0.0008846415623741 0.0062925105168968 0.1298208860759493 0.7781959488272921 0.0002009083568833 0.0005240290820963 0.0020074361531457 0.0041477732793522
0 0.0088155666251556 0.0363246376811594 0.0012179406331171 0.0049743212667576 0.4535957805907173 0.8155019189765458 0.0026227089220831 0.0023412965767949 0.0029611542297185 0.0016568358766739
0 0.0113057285180572 0.311631884057971 0.0120640478935452 0.0322969586195723 0.0401763713080168 0.3337219616204691 0.0002049446911586 0.0045825931535898 0.0140156137536313 0.0315480847088134
0 0.0075704856787048 0.0471920289855072 0.0013637589765671 0.0072681195099377 0.3080552742616034 0.9999 0.0002957622123536 0.0018566919115419 0.0040449247712786 0.0100637496107131
0 0.006325404732254 0.0055336956521739 0.0002180434208881 0.0013288204874178 0.5601145569620253 0.9999 0.0008406673395236 0.0003120145410481 0.0004684819841304 0.0007227343506695
0 0.0025901618929016 0.0037224637681159 0.0001138874612809 0.0019488162787969 0.8828348101265824 0.8815867803837952 0.0015127169963665 0.0001302877915783 0.0001216754108312 0.0001
0 0.0088155666251556 0.0236460144927536 0.0008290917172502 0.0033452031963172 0.3407491561181434 0.8282925373134328 0.0003219983851433 0.0011600727052408 0.0019857607423145 0.0060159763313609
0 0.0113057285180572 0.1051514492753623 0.0041481949633992 0.0110718774732631 0.2099736286919831 0.747285287846482 0.0002412716996366 0.0043705786125416 0.0097022069982222 0.0268775770787916
0 0.0100606475716064 0.3569126811594202 0.0124251218868501 0.0410476499693664 0.25005 0.6598827292110875 0.0002775987081146 0.0154861981217812 0.026240545462429 0.0851032388663967
0 0.0100606475716064 0.183034420289855 0.0064257386134763 0.0211873043037804 0.1382580168776371 0.7909865671641791 0.0001544905127169 0.0049763344441078 0.0159447253176082 0.040889099968857
0 0.0212663760896637 0.1142076086956521 0.0080505715833483 0.0067077028937062 0.2205200421940928 0.6854639658848615 0.0005520694388373 0.009004610724023 0.0175487057191172 0.0287457801308003
0 0.0100606475716064 0.507244927536232 0.0176120886752878 0.0582176235071965 0.2321210970464135 0.8464125799573562 0.0002473262010496 0.0206956982732505 0.0468538611629016 0.1237127686079103
0 0.0050803237858032 0.0073449275362318 0.0002249871515286 0.0019488162787969 0.3249295358649789 0.5309106609808103 0.0005036334275333 0.0001605755831566 0.0002517278758184 0.0007227343506695
0 0.006325404732254 0.0508144927536231 0.0012596030169599 0.0090852843519375 0.3333666666666667 0.9508692963752664 0.0002473262010496 0.0018264041199636 0.003546390322161 0.0113092183120523
0 0.0274917808219178 0.2246927536231883 0.0200146194768935 0.0102061175844005 0.9503318565400845 0.9999 0.0040858800968914 0.0828462465919418 0.0622650782638858 0.040889099968857
0 0.0100606475716064 0.0381358695652173 0.0014262525523314 0.0046373265573294 0.1846622362869198 0.9295515991471218 0.0002231081953976 0.0012509360799757 0.0039582231279538 0.0085069137340392
0 0.0088155666251556 0.0308909420289855 0.0010512910977456 0.0042761278079974 0.4430493670886076 0.9999 0.0004067614049253 0.0019475552862768 0.0030695312838746 0.0081955465587044
0 0.012550809464508 0.3333666666666666 0.0141818857388912 0.0313995472939125 0.320710970464135 0.7568782515991471 0.0004915244247073 0.0218163465616479 0.0340220179508303 0.0763849579570227
0 0.0113057285180572 0.0290797101449275 0.001231828094398 0.0032521107351492 0.4789071729957806 0.75581236673774 0.0014763899878885 0.0024927355346864 0.0027877509430689 0.0032136717533478
1 0.0001 0.2862746376811594 0.0011554470573527 0.2961209935697485 0.9935721518987342 0.9999 0.0317852240613645 0.0046734565283247 0.0033946624463426 0.0001
0 0.0088155666251556 0.0816054347826087 0.0026066867612128 0.010792600089759 0.2806345991561181 0.8059089552238807 0.0003199802180056 0.003431657073614 0.0064725707843732 0.0172251946434132
0 0.0088155666251556 0.0145898550724637 0.0005513424916311 0.0021815474317169 0.3998090717299578 0.9551328358208956 0.0003159438837303 0.0008269069978794 0.0014438754715344 0.004459140454687
1 0.0001 0.4637753623188406 0.0018359326601197 0.4785822174590729 0.9999 0.9999 0.0517650787242632 0.0076719478945774 0.0055188527078003 0.0001
0 0.0137958904109589 0.1286974637681159 0.0060507771588904 0.0112580623955991 0.5938630801687764 0.8528078891257996 0.0011898102543399 0.0159708027870342 0.0160964531934267 0.0256321083774525
0 0.0088155666251556 0.436606884057971 0.0134944564054838 0.0564079060620901 0.1899354430379747 0.5852707889125799 0.0002453080339119 0.0135174916691911 0.0255902831374929 0.0813668327623793
0 0.006325404732254 0.0218347826086956 0.000593004875474 0.0041215943224585 0.2563778481012658 0.8901138592750534 0.0002291626968106 0.0005846046652529 0.0014655508823656 0.0041477732793522
0 0.0088155666251556 0.0363246376811594 0.0012179406331171 0.0049743212667576 0.3787162447257384 0.9935046908315563 0.0004148340734759 0.0019778430778551 0.0035680657329922 0.0081955465587044
0 0.0088155666251556 0.0236460144927536 0.0008290917172502 0.0033452031963172 0.4535957805907173 0.743021748400853 0.0005803237787646 0.0015235262041805 0.0017906820448337 0.0047705076300218
0 0.012550809464508 0.0127786231884057 0.0006624421818787 0.0014405314408195 0.3766069620253164 0.4424422174840085 0.0071635849818328 0.0009783459557709 0.000858639379092 0.0001
0 0.0100606475716064 0.0689268115942029 0.0024886433403247 0.0081543597402573 0.215246835443038 0.6780027718550106 0.0002291626968106 0.0026138867009996 0.0052587477778259 0.0169138274680784
0 0.0100606475716064 0.9654865942028984 0.0334229633436584 0.1105560670250822 0.1171651898734177 0.6087202558635394 0.0001686176826806 0.0236336140563465 0.0659065472835277 0.1819384303955154
0 0.0113057285180572 0.0834166666666666 0.0033149472865417 0.0088376584052306 0.1804436708860759 0.6865298507462686 0.0002251263625353 0.0030682035746743 0.0071445085201404 0.0200274992214263
0 0.0088155666251556 0.0236460144927536 0.0008290917172502 0.0033452031963172 0.3027820675105485 0.8762573560767591 0.0002473262010496 0.0010389215389275 0.0020941377964705 0.0066387106820305
0 0.006325404732254 0.0236460144927536 0.0006346672593168 0.0044306612935364 0.2342303797468355 0.9999 0.0001565086798546 0.0005846046652529 0.0017690066340025 0.0053932419806913
0 0.012550809464508 0.0236460144927536 0.0011207284041504 0.0024571011167743 0.4114101265822785 0.9796481876332624 0.0003885979006863 0.0019475552862768 0.003221259159693 0.0085069137340392
0 0.0075704856787048 0.0942840579710145 0.0026275179531343 0.0141830275254984 0.3059459915611814 0.5522283582089552 0.0003825433992733 0.0037345349893971 0.0046084854528899 0.0162910931174089
0 0.0088155666251556 0.0816054347826087 0.0026066867612128 0.010792600089759 0.2774706751054852 0.9338151385927504 0.0002574170367379 0.0034013692820357 0.0074262888609461 0.0200274992214263
0 0.012550809464508 0.0145898550724637 0.000738823218924 0.0016099597201453 0.3502409282700422 0.708913432835821 0.0006650867985466 0.0010389215389275 0.001508901704028 0.002902304578013
0 0.0200212951432129 0.0399471014492753 0.0027663925659439 0.0026060490546431 0.3871533755274261 0.7952501066098082 0.0012221009285425 0.0048551832777946 0.0067977019468412 0.0075728122080348
0 0.0100606475716064 0.2862746376811594 0.009987872432042 0.0329802572845456 0.2078643459915612 0.5788754797441364 0.0002876895438029 0.01067043926083 0.018719177904002 0.0570801930862659
0 0.006325404732254 0.0308909420289855 0.0008013167946883 0.0056725147255178 0.3070006329113924 0.9210245202558636 0.0002533807024626 0.0010086337473492 0.0021158132073017 0.0063273435066957
0 0.0100606475716064 0.5126786231884057 0.0177995694025808 0.0588394811477989 0.0939630801687763 0.5746119402985075 0.0001524723455793 0.0108218782187216 0.0332633785717382 0.0888396449704142
0 0.0088155666251556 0.0761717391304347 0.0024400372258414 0.0100944066309989 0.4145740506329114 0.8506761194029852 0.0004491429148163 0.0045220175704332 0.0063641937302172 0.0172251946434132
0 0.0337171855541718 0.246427536231884 0.0266875446223938 0.0091969953053391 0.2247386075949367 0.5351742004264393 0.0009173576907549 0.0306603817025143 0.0468321857520704 0.0623734350669573
0 0.0050803237858032 0.0689268115942029 0.00140542136041 0.014609390997648 0.3017274261603376 0.8965091684434968 0.0001706358498183 0.0018869797031202 0.003763144430473 0.0150456244160697
0 0.0113057285180572 0.5470920289855072 0.0210908977261678 0.0565009985232582 0.1340394514767932 0.6470921108742005 0.0001645813484053 0.0163342562859739 0.0439060052898582 0.1274491747119277
0 0.0050803237858032 0.0490032608695652 0.0010235161751836 0.010513322706255 0.2837985232067511 0.9466057569296376 0.0001908175211949 0.0012509360799757 0.0028311017647313 0.0094410152600436
0 0.0088155666251556 0.0308909420289855 0.0010512910977456 0.0042761278079974 0.3702791139240506 0.8890479744136461 0.0004067614049253 0.0016446773704937 0.0027444001214065 0.0069500778573653
0 0.0162860523038605 0.3351778985507246 0.0181328684733237 0.0248234958370034 0.2690335443037974 0.6289720682302773 0.0004027250706499 0.0240879309300212 0.0367531197155617 0.0991147617564621
0 0.0075704856787048 0.063493115942029 0.0018012140069173 0.0096624576111792 0.4261751054852321 0.978582302771855 0.0003119075494549 0.0033710814904574 0.0053020985994883 0.0172251946434132
0 0.0100606475716064 0.2917083333333333 0.0101753531593349 0.0336002530759246 0.213137552742616 0.495736460554371 0.0004410702462656 0.0111247561345046 0.0166166630533755 0.0427573030208657
0 0.0113057285180572 0.0852278985507246 0.0033843845929465 0.0090238433275666 0.5558959915611814 0.6865298507462686 0.0011171562373839 0.0083079915177219 0.0072962363959588 0.0141115228900654
0 0.006325404732254 0.0471920289855072 0.0011762782492742 0.0084652885605585 0.1994272151898734 0.987109381663113 0.0001221998385143 0.0010692093305059 0.0034163378571738 0.0106864839613827
0 0.0100606475716064 0.2265039855072463 0.0079255844318197 0.0261528561824828 0.4367215189873418 0.9007727078891258 0.0004713427533306 0.0158799394122993 0.0222522698694879 0.0577029274369355
0 0.0075704856787048 0.1051514492753623 0.0029191546400344 0.0157804941591417 0.4325029535864979 0.9999 0.0003684162293096 0.0056729536504089 0.0089002167974678 0.0253207412021177
0 0.006325404732254 0.0490032608695652 0.0012179406331171 0.0087762173808597 0.2901263713080169 0.5618213219616204 0.0003260347194186 0.0015538139957588 0.0020941377964705 0.0078841793833696
0 0.0113057285180572 0.9672978260869564 0.0372003528120789 0.0996959005052207 0.0644331223628692 0.4221904051172708 0.0001726540169559 0.0182423871554074 0.0530096778389628 0.1389697601993148
0 0.0088155666251556 0.2699735507246376 0.0083838706540913 0.0349966399934449 0.1614601265822784 0.6033908315565033 0.0001645813484053 0.0073387821872159 0.0162698564800763 0.0580142946122703
0 0.0088155666251556 0.0761717391304347 0.0024400372258414 0.0100944066309989 0.2890717299578059 0.7334287846481876 0.0002634715381509 0.0032802181157225 0.0055405281186315 0.0190933976954219
0 0.0088155666251556 0.0236460144927536 0.0008290917172502 0.0033452031963172 0.4346122362869199 0.7526147121535182 0.0004229067420266 0.0014629506210239 0.0018123574556649 0.0060159763313609
0 0.0075704856787048 0.0218347826086956 0.0006832733738002 0.0035444210632168 0.3744976793248945 0.9764505330490404 0.0002533807024626 0.0010086337473492 0.0018773836881585 0.0063273435066957
0 0.0100606475716064 0.0308909420289855 0.0011762782492742 0.0038106655021573 0.3618419831223629 0.743021748400853 0.0004592337505046 0.0018264041199636 0.0026143476564193 0.0069500778573653
0 0.0150409713574097 0.3623463768115942 0.0181953620490881 0.0288748797470358 0.3671151898734178 0.7035840085287847 0.0007962676624949 0.0315690154498636 0.0408497723626588 0.07295991902834
0 0.0113057285180572 0.0707380434782608 0.0028288861417082 0.0075343639488782 0.2563778481012658 0.662014498933902 0.0003159438837303 0.0034619448651923 0.0058656592810995 0.017536561818748
0 0.0100606475716064 0.9691090579710144 0.033547950495187 0.1109712594018916 0.1445858649789029 0.8005795309168443 0.0001766903512313 0.0275407391699485 0.0850025842258162 0.205913702896294
0 0.0162860523038605 0.7553836956521739 0.0406861055935993 0.0556761993173095 0.2205200421940928 0.5937978678038379 0.0003341073879693 0.0460768676158739 0.078521636387287 0.2199252257863594
0 0.0113057285180572 0.5706380434782609 0.02199358270943 0.0589214025136268 0.3312573839662447 0.6513556503198294 0.0004511610819539 0.0349612481066343 0.0460301955513159 0.1311855808159451
0 0.0075704856787048 0.1884681159420289 0.0051550359062686 0.0280147054058432 0.215246835443038 0.6854639658848615 0.0002392535324989 0.005582090275674 0.0111761349347439 0.0343503892868265
0 0.0075704856787048 0.0544369565217391 0.0015581834345005 0.0083330972656999 0.2363396624472574 0.7739324093816632 0.0001504541784416 0.0017052529536504 0.003654767376317 0.0147342572407349
0 0.006325404732254 0.0182123188405797 0.0005096801077882 0.0034997366818561 0.1530229957805907 0.8378855010660983 0.0001605450141299 0.0002817267494698 0.0011620951307288 0.002902304578013
0 0.0100606475716064 0.0272684782608695 0.0010512910977456 0.0033973349745713 0.2384489451476793 0.9114315565031984 0.0001968720226079 0.0010994971220842 0.0028094263539001 0.0081955465587044
0 0.0088155666251556 0.0743605072463768 0.0023844873807175 0.0098616754780788 0.39137194092827 0.977516417910448 0.0003764888978603 0.0041888518630717 0.0070794822876468 0.0184706633447524
0 0.0088155666251556 0.0109673913043478 0.0004402428013834 0.0017160851258768 0.359732700421941 0.9423422174840084 0.0003018167137666 0.0005543168736746 0.0010970688982352 0.0032136717533478
0 0.0088155666251556 0.0290797101449275 0.0009957412526217 0.0040433966550774 0.1857168776371308 0.8741255863539448 0.0001484360113039 0.0008269069978794 0.0025493214239257 0.0075728122080348
0 0.012550809464508 0.1558659420289855 0.0066965441084549 0.0148123325629943 0.212082911392405 0.6396309168443498 0.0002796168752523 0.0072176310209027 0.0136904825911633 0.0396436312675179
0 0.006325404732254 0.1594884057971014 0.0037593460475323 0.027703776585542 0.2595417721518987 0.7419558635394455 0.0002231081953976 0.004703744319903 0.0087268135108181 0.030613983182809
0 0.0088155666251556 0.0399471014492753 0.0013290403233647 0.0054397835725977 0.214192194092827 0.9999 0.0003300710536939 0.0013115116631323 0.0039365477171226 0.0066387106820305
0 0.012550809464508 0.1631108695652174 0.007002068256636 0.0154900456802975 0.2468860759493671 0.5703484008528784 0.0003684162293096 0.0085502938503483 0.01291016780124 0.0380867953908439
0 0.0050803237858032 0.0490032608695652 0.0010235161751836 0.010513322706255 0.2690335443037974 0.8016454157782517 0.0001605450141299 0.0011903604968191 0.0024192689589385 0.0100637496107131
0 0.0100606475716064 0.0327021739130434 0.0012387718250385 0.0040173307659503 0.6360487341772153 0.8624008528784649 0.0016378433589018 0.0032802181157225 0.0031779083380306 0.0038364061040174
0 0.0088155666251556 0.0236460144927536 0.0008290917172502 0.0033452031963172 0.4915628691983122 0.9615281449893388 0.0005480331045619 0.0016446773704937 0.0022892164939513 0.0053932419806913
0 0.006325404732254 0.1612996376811594 0.0038010084313752 0.0280147054058432 0.3607873417721519 0.7909865671641791 0.0003421800565199 0.0063392850651317 0.009355400424923 0.0299912488321395
1 0.012550809464508 0.7716847826086957 0.0326660967038462 0.0723602302078425 0.5421856540084388 0.5415695095948827 0.0382009773920064 0.0803626476825204 0.0579516715084767 0.0041477732793522
0 0.0088155666251556 0.0272684782608695 0.0009401914074979 0.0038106655021573 0.3080552742616034 0.8911797441364607 0.0002836532095276 0.0012206482883974 0.0024409443697697 0.0069500778573653
0 0.0100606475716064 0.9238282608695652 0.0319856111010792 0.1057990422593962 0.1825529535864979 0.7845912579957356 0.0001766903512313 0.0312358497425022 0.079497029874691 0.23362538150109
0 0.0187762141967621 0.4094384057971014 0.0252710235717361 0.0265028838364745 0.3776616033755274 0.7131769722814499 0.0009012123536536 0.0450167949106331 0.0574748124701903 0.0931987854251012
2 0.0088155666251556 0.0001 0.0001069437306404 0.0003196982083565 0.9999 0.9999 0.0015127169963665 0.0001302877915783 0.0001216754108312 0.0001
0 0.0075704856787048 0.0091561594202898 0.0003430305724167 0.0016825718398563 0.4219565400843882 0.9999 0.0002816350423899 0.0004634534989397 0.000858639379092 0.002902304578013
0 0.0075704856787048 0.0960952898550724 0.0026761240676176 0.014449271964439 0.2468860759493671 0.8698620469083157 0.0001807266855066 0.0031590669494092 0.0071445085201404 0.0237639053254437
0 0.0150409713574097 0.5362246376811595 0.0268611378884058 0.0426227744123293 0.3766069620253164 0.5735460554371002 0.0009012123536536 0.0477124083611026 0.0501918744309066 0.0988033945811273
0 0.0088155666251556 0.0417583333333333 0.0013845901684886 0.0056725147255178 0.2584871308016878 0.8560055437100214 0.0002695260395639 0.0016143895789154 0.003546390322161 0.0094410152600436
0 0.0100606475716064 0.1486210144927536 0.0052383606739544 0.0172569405932665 0.2542685654008438 0.7344946695095951 0.0003583253936213 0.0065210118146016 0.0121081776004856 0.0296798816568047
0 0.0088155666251556 0.0073449275362318 0.0003291431111358 0.0012506228200367 0.2880170886075949 0.8933115138592751 0.0012099919257165 0.0002817267494698 0.0007285869141048 0.0004113671753347
0 0.006325404732254 0.0109673913043478 0.0003430305724167 0.0022597450990981 0.4472679324894515 0.974318763326226 0.0003462163907953 0.000493741290518 0.0008369639682608 0.0025909374026782
1 0.0013450809464508 0.1123963768115942 0.0009263039462169 0.0587352175912907 0.3048913502109705 0.4754846481876333 0.0020677129592248 0.0011903604968191 0.0013354984173784 0.0010341015260043
0 0.0075704856787048 0.0381358695652173 0.0011207284041504 0.0059387591644583 0.3628966244725739 0.9999 0.0002715442067016 0.0017355407452287 0.0032862853921866 0.0100637496107131
0 0.0113057285180572 0.119641304347826 0.0047036934146375 0.0125613568519515 0.2837985232067511 0.7973818763326226 0.0003603435607589 0.0063998606482883 0.011718020205524 0.0290571473061351
0 0.0113057285180572 0.1431873188405797 0.0056063783978997 0.0149817608423201 0.2700881856540084 0.8272266524520256 0.0003058530480419 0.0073387821872159 0.0144707973810865 0.0377754282155091
0 0.0287368617683686 0.8459452898550724 0.078043376439376 0.0363930269109653 0.4430493670886076 0.9167609808102348 0.0014501538150989 0.1602921296576794 0.2244838529245978 0.2143206166303332
0 0.0075704856787048 0.0236460144927536 0.0007318794882835 0.0038106655021573 0.3755523206751055 0.934881023454158 0.0004027250706499 0.0010994971220842 0.0019424099206521 0.0047705076300218
4 0.0349622665006226 0.0562481884057971 0.0064951759198811 0.002140586748803 0.4472679324894515 0.7014522388059701 0.0013613544610415 0.0132751893365646 0.0144274465594241 0.0187820305200872
0 0.0150409713574097 0.0942840579710145 0.0048356242968066 0.007677726339077 0.4820710970464135 0.5991272921108743 0.0010586293903916 0.0105190003029385 0.0092686987815982 0.0187820305200872
0 0.0075704856787048 0.0671155797101449 0.001898426235884 0.0101949464890603 0.2468860759493671 0.7312970149253731 0.0002392535324989 0.0021898576189033 0.0042616788795906 0.0138001557147306
2 0.0274917808219178 0.0001 0.0002110996902476 0.0001670265720409 0.9999 0.9999 0.0045399677028663 0.0005846046652529 0.0004468065732992 0.0001
0 0.0075704856787048 0.0236460144927536 0.0007318794882835 0.0038106655021573 0.3755523206751055 0.978582302771855 0.0002493443681873 0.0010994971220842 0.0020291115639769 0.0069500778573653
0 0.0100606475716064 0.0363246376811594 0.0013637589765671 0.0044306612935364 0.5031639240506329 0.9551328358208956 0.0005702329430763 0.0029167646167827 0.003871521484629 0.0091296480847088
0 0.0075704856787048 0.2735960144927536 0.0074395232869862 0.0405151610914853 0.1709518987341772 0.7121110874200426 0.0001544905127169 0.0067936019388064 0.0167900663400251 0.055523357209592
0 0.0100606475716064 0.0725492753623188 0.0026136304918533 0.0085695521170667 0.2226293248945147 0.725967590618337 0.0001827448526443 0.0028259012420478 0.0058873346919307 0.0212729679227654
0 0.0113057285180572 0.0272684782608695 0.0011623907879932 0.0030659258128132 0.5980816455696202 0.9604622601279318 0.0011474287444489 0.0028864768252044 0.0032862853921866 0.0047705076300218
0 0.0088155666251556 0.0218347826086956 0.0007735418721264 0.0031124720433972 0.6655786919831224 0.8048430703624733 0.0013310819539765 0.0020384186610118 0.0017906820448337 0.002902304578013
0 0.0088155666251556 0.0671155797101449 0.0021622880002222 0.0089307508663986 0.431448312236287 0.789920682302772 0.0003623617278966 0.0041282762799151 0.0052370723669947 0.0187820305200872
0 0.0137958904109589 0.0127786231884057 0.0007179920270026 0.0013288204874178 0.4071915611814346 0.4776164179104478 0.0083744852644327 0.0011600727052408 0.0010103672549104 0.0001
0 0.0100606475716064 0.063493115942029 0.0023011626130318 0.0075343639488782 0.4789071729957806 0.9039703624733476 0.0004895062575696 0.0048551832777946 0.006342518319386 0.0172251946434132
0 0.0088155666251556 0.1286974637681159 0.0040509827344325 0.0168436100656805 0.1540776371308017 0.7185063965884861 0.0001504541784416 0.0033407936988791 0.009138646316611 0.0281230457801308
0 0.0299819427148194 0.8948485507246376 0.0859800605614434 0.0369515816779734 0.4346122362869199 0.948737526652452 0.0013774997981429 0.1739822114510754 0.2552195854832415 0.2439004982871379
0 0.0088155666251556 0.3460452898550724 0.0107169641492922 0.0447713484160873 0.2785253164556962 0.7291652452025585 0.0002493443681873 0.0145775643744319 0.0247882929367385 0.0866600747430707
2 0.0100606475716064 0.0019112318840579 0.0001763810370452 0.0005002975830224 0.5896445147679324 0.7035840085287847 0.0021181671376665 0.0002211511663132 0.0002300524649872 0.0001
0 0.0100606475716064 0.0254572463768115 0.0009887975219813 0.0031906697107783 0.3439130801687763 0.9604622601279318 0.0003885979006863 0.0014326628294456 0.0027660755322377 0.0063273435066957
0 0.0088155666251556 0.0743605072463768 0.0023844873807175 0.0098616754780788 0.3344213080168776 0.9999 0.0002715442067016 0.0036436716146622 0.0072312101634652 0.0206502335720959
0 0.0100606475716064 0.1142076086956521 0.0040509827344325 0.0133265768827526 0.2605964135021096 0.9679234541577824 0.0002634715381509 0.005097485610421 0.0120648267788232 0.0293685144814699
0 0.006325404732254 0.0254572463768115 0.0006763296431597 0.0047415901138376 0.2384489451476793 0.7270334754797442 0.0002856713766653 0.0006451802484095 0.001400524649872 0.0038364061040174
0 0.0187762141967621 0.7535724637681159 0.0463799647187921 0.0486123433638799 0.3470770042194093 0.6289720682302773 0.0009657937020589 0.0769098394425931 0.0942146338290768 0.1495562441606976
0 0.0299819427148194 0.7408938405797101 0.0712246329504257 0.0306212943185479 0.2321210970464135 0.6481579957356078 0.0003603435607589 0.0844514995455922 0.1489016953561982 0.3790338523824353
0 0.006325404732254 0.0164010869565217 0.0004680177239453 0.0031906697107783 0.2795799578059072 0.8400172707889126 0.0001383451756156 0.0004634534989397 0.0010537180765728 0.0047705076300218
0 0.0050803237858032 0.1667333333333333 0.0032802286333393 0.0347173626099409 0.3154377637130801 0.9999 0.0002331990310859 0.0048248954862162 0.0100273381606902 0.0303026160074743
0 0.0100606475716064 0.1504322463768116 0.0053008542497187 0.0174636058570595 0.3744976793248945 0.8698620469083157 0.0004531792490916 0.0092166252650711 0.0143407449160993 0.0346617564621613
0 0.0088155666251556 0.0254572463768115 0.0008846415623741 0.0035779343492373 0.2268478902953586 0.9018385927505332 0.0001464178441663 0.0008571947894577 0.0023108919047825 0.0078841793833696
0 0.0088155666251556 0.0508144927536231 0.0016623393941077 0.0068361704901181 0.3681698312236287 0.8762573560767591 0.0003785070649979 0.0027047500757346 0.0043917313445778 0.0119319526627218
0 0.0088155666251556 0.0707380434782608 0.0022733876904699 0.0093962131722387 0.3375852320675105 0.9135633262260128 0.0002513625353249 0.0034922326567706 0.0063208429085548 0.0209616007474307
0 0.0113057285180572 0.058059420289855 0.0023428249968746 0.0062310694925259 0.2426675105485232 0.8282925373134328 0.0002654897052886 0.0027047500757346 0.0059523609244244 0.0156683587667393
0 0.006325404732254 0.0870391304347826 0.0020928506938174 0.0152926896626212 0.2827438818565401 0.495736460554371 0.0004915244247073 0.0027350378673129 0.0033079608030178 0.0097523824353783
0 0.0050803237858032 0.0236460144927536 0.0005374550303501 0.0053001448808457 0.2163014767932489 0.8016454157782517 0.0006247234557932 0.0004331657073614 0.00118377054156 0.0013454687013391
0 0.0100606475716064 0.0743605072463768 0.0026761240676176 0.0087762173808597 0.2743067510548523 0.8815867803837952 0.0002957622123536 0.0034619448651923 0.0072312101634652 0.0184706633447524
0 0.0050803237858032 0.0055336956521739 0.0001902684983262 0.0015764464341248 0.5780434599156118 0.9999 0.0003825433992733 0.0002514389578915 0.0003817803408056 0.0013454687013391
0 0.012550809464508 0.0145898550724637 0.000738823218924 0.0016099597201453 0.5200381856540085 0.8059089552238807 0.0017145337101332 0.0015235262041805 0.0017039804015089 0.0016568358766739
0 0.0312270236612702 0.3061981884057971 0.0307426833164335 0.0122597372777671 0.143531223628692 0.9029044776119404 0.0002089810254339 0.0251177158436837 0.087018397433118 0.1685496418561196
0 0.006325404732254 0.1721670289855072 0.0040509827344325 0.0298765546292037 0.3154377637130801 0.738758208955224 0.0003885979006863 0.0060061193577703 0.0093770758357542 0.0256321083774525
0 0.012550809464508 0.373213768115942 0.0158622685538871 0.0351232457406334 0.2279025316455696 0.7046498933901919 0.0002695260395639 0.0183635383217206 0.0356476737631704 0.1031625350358143
0 0.0100606475716064 0.0508144927536231 0.0018637075826816 0.0060858452531038 0.2806345991561181 0.8858503198294243 0.0002473262010496 0.0024018721599515 0.0049986428478515 0.0147342572407349
0 0.0274917808219178 0.6702557971014492 0.0593022474407234 0.0301185950282405 0.9376761603375526 0.9999 0.0032947585789261 0.243008088458043 0.1849045527468239 0.1483107754593584
0 0.006325404732254 0.0055336956521739 0.0002180434208881 0.0013288204874178 0.5601145569620253 0.7781959488272921 0.0006045417844166 0.0003120145410481 0.0003601049299744 0.0010341015260043
0 0.0050803237858032 0.0689268115942029 0.00140542136041 0.014609390997648 0.464142194092827 0.8634667377398721 0.0003946524020993 0.0027956134504695 0.0036330919654858 0.0119319526627218
2 0.0137958904109589 0.0019112318840579 0.0002180434208881 0.0003978958757376 0.604409493670886 0.6449603411513859 0.0029254339927331 0.0003423023326264 0.0002950786974808 0.0001
3 0.0436778331257783 0.1721670289855072 0.0240489269790118 0.0050525189341388 0.0465042194092827 0.1546533049040512 0.0014521719822365 0.0099132444713723 0.015489541690153 0.013177421364061
0 0.0088155666251556 0.0290797101449275 0.0009957412526217 0.0040433966550774 0.5031639240506329 0.8432149253731344 0.0004794154218813 0.0020687064525901 0.0024626197806009 0.0075728122080348
0 0.0075704856787048 0.1431873188405797 0.0039398830441848 0.0213660418292231 0.1087280590717299 0.6780027718550106 0.0001363270084779 0.0025230233262647 0.0084233577591813 0.0228298037994394
1 0.0013450809464508 0.4257394927536232 0.0033288347478227 0.2197851754119699 0.5421856540084388 0.6684098081023454 0.0019708409366168 0.0079748258103604 0.006992780644322 0.0078841793833696
0 0.0088155666251556 0.0960952898550724 0.0030510855222035 0.0126544493131195 0.1382580168776371 0.7163746268656717 0.0001686176826806 0.0022807209936382 0.0068193773576724 0.0181592961694176
0 0.012550809464508 0.0127786231884057 0.0006624421818787 0.0014405314408195 0.2089189873417721 0.9999 0.0003906160678239 0.0005543168736746 0.0018557082773273 0.0025909374026782
0 0.0075704856787048 0.0290797101449275 0.0008776978317336 0.004609398818979 0.5305845991561181 0.9284857142857144 0.0004309794105773 0.0018869797031202 0.0023542427264449 0.0075728122080348
0 0.0162860523038605 0.6122963768115942 0.0330063395052296 0.0451697841498864 0.2068097046413502 0.5170541577825161 0.0003906160678239 0.0354761405634656 0.0562176386419806 0.1495562441606976
0 0.0075704856787048 0.063493115942029 0.0018012140069173 0.0096624576111792 0.2215746835443038 0.649223880597015 0.0001544905127169 0.0018869797031202 0.0036114165546546 0.0159797259420741
1 0.0001 0.2862746376811594 0.0011554470573527 0.2961209935697485 0.9735339662447255 0.9999 0.0155389786031489 0.0045825931535898 0.0033946624463426 0.0004113671753347
0 0.0113057285180572 0.3333666666666666 0.0128972955704026 0.0345311776876048 0.3249295358649789 0.6673439232409382 0.0004652882519176 0.020059654650106 0.0275193947014698 0.0735826533790096
0 0.0100606475716064 0.0761717391304347 0.0027386176433819 0.0089828826446527 0.2616510548523207 0.6939910447761195 0.0002574170367379 0.0034013692820357 0.0059306855135932 0.0200274992214263
1 0.0013450809464508 0.9691090579710144 0.00749507313211 0.4990625589160379 0.4778525316455697 0.4797481876332623 0.0362917912797739 0.0162736807028173 0.0118480726705112 0.0007227343506695
0 0.0100606475716064 0.9691090579710144 0.033547950495187 0.1109712594018916 0.0412310126582278 0.3156019189765458 0.0001766903512313 0.0132449015449863 0.0373383558080041 0.0994261289317969
0 0.0150409713574097 0.0671155797101449 0.0034815968219132 0.005529152335319 0.286962447257384 0.9306174840085288 0.0006671049656842 0.0047340321114813 0.0099623119281966 0.0128660541887262
0 0.0088155666251556 0.0236460144927536 0.0008290917172502 0.0033452031963172 0.4071915611814346 0.7526147121535182 0.0003482345579329 0.001372087246289 0.0018123574556649 0.0066387106820305
0 0.0075704856787048 0.0290797101449275 0.0008776978317336 0.004609398818979 0.3797708860759494 0.7941842217484011 0.0004188704077513 0.001372087246289 0.0020291115639769 0.0057046091560261
0 0.012550809464508 0.2645398550724637 0.011279406331171 0.0249687200764255 0.2163014767932489 0.7451535181236675 0.0002170536939846 0.0124877067555286 0.0266090274465594 0.0819895671130489
0 0.0137958904109589 0.119641304347826 0.0056341533204617 0.0104816712694578 0.3418037974683545 0.7344946695095951 0.0005016152603956 0.0090348985156013 0.0130402202662272 0.0312367175334786
0 0.0113057285180572 0.1431873188405797 0.0056063783978997 0.0149817608423201 0.2352850210970464 0.3976750533049041 0.0006913229713362 0.0065512996061799 0.0074913150934397 0.0172251946434132
0 0.0287368617683686 0.1142076086956521 0.0107169641492922 0.0050525189341388 0.1846622362869198 0.5415695095948827 0.0005803237787646 0.0104281369282035 0.0189142566014828 0.0318594518841482
3 0.0038352428393524 0.0073449275362318 0.0001902684983262 0.002414278584637 0.3143831223628692 0.7867230277185502 0.0003684162293096 0.0001 0.0002950786974808 0.0007227343506695
0 0.0088155666251556 0.0308909420289855 0.0010512910977456 0.0042761278079974 0.318601687763713 0.7408899786780384 0.0002311808639483 0.0014326628294456 0.0023108919047825 0.0094410152600436
0 0.0137958904109589 0.2102028985507246 0.009800391704749 0.0182399969832008 0.1561869198312236 0.6950569296375266 0.0002210900282599 0.0083988548924568 0.0216670337770454 0.0545892556835876
1 0.0001 0.0127786231884057 0.0001069437306404 0.0149817608423201 0.8680698312236287 0.9999 0.0013109002825999 0.0001 0.0001216754108312 0.0001
1 0.0001 0.0236460144927536 0.0001486061144833 0.0261528561824828 0.9250204641350211 0.9999 0.0025218005651998 0.0002817267494698 0.0002517278758184 0.0001
0 0.0088155666251556 0.3768362318840579 0.0116613115163974 0.0487277780157283 0.1277116033755274 0.8165678038379531 0.0001544905127169 0.0086714450166616 0.0299470407145644 0.0707803488009965
0 0.0100606475716064 0.0490032608695652 0.0018012140069173 0.0058791799893108 0.2795799578059072 0.974318763326226 0.0002917258780783 0.0023110087852166 0.0052804231886571 0.0125546870133914
0 0.0088155666251556 0.0653043478260869 0.0021067381550984 0.0086980197134785 0.2975088607594937 0.8197654584221749 0.0002755805409769 0.0028864768252044 0.0052804231886571 0.0162910931174089
0 0.012550809464508 0.4909438405797101 0.0208270359618296 0.0461249128014704 0.2437221518987341 0.683332196162047 0.0002957622123536 0.02554174492578 0.0455316611021983 0.1339878853939582
0 0.0088155666251556 0.0834166666666666 0.0026622366063367 0.0110253312426791 0.3038367088607595 0.7366264392324094 0.0003018167137666 0.0037648227809754 0.0060824133894116 0.0197161320460915
0 0.012550809464508 0.1015289855072463 0.0044051129970969 0.0097350697308903 0.2310664556962025 0.5490307036247334 0.0002755805409769 0.0050369100272644 0.0077947708450765 0.0281230457801308
0 0.0100606475716064 0.9672978260869564 0.0334854569194227 0.1107627322888752 0.1393126582278481 0.6545533049040514 0.0001988901897456 0.0267532565889124 0.0705450852014048 0.1853634693241981
0 0.0088155666251556 0.0671155797101449 0.0021622880002222 0.0089307508663986 0.3755523206751055 0.9615281449893388 0.0002311808639483 0.0036436716146622 0.0062991674977236 0.0231411709747742
0 0.012550809464508 0.0127786231884057 0.0006624421818787 0.0014405314408195 0.7119829113924051 0.9881752665245204 0.0020515676221235 0.0018264041199636 0.0018340328664961 0.0016568358766739
0 0.0050803237858032 0.058059420289855 0.0011971094411956 0.0123751719296154 0.3418037974683545 0.8965091684434968 0.0001887993540573 0.001765828536807 0.0031779083380306 0.013177421364061
0 0.0050803237858032 0.0508144927536231 0.001058234828386 0.0108856925509271 0.3671151898734178 0.8826526652452027 0.0002755805409769 0.0016446773704937 0.0027444001214065 0.0094410152600436
0 0.0075704856787048 0.059870652173913 0.0017040017779506 0.0091299687332981 0.2595417721518987 0.9327492537313432 0.0001625631812676 0.0020384186610118 0.0047818887395395 0.0166024602927436
0 0.012550809464508 0.0761717391304347 0.0033357784784631 0.0073649356695524 0.2416128691983123 0.7590100213219617 0.0003381437222446 0.003916261738867 0.0078814724884013 0.0187820305200872
1 0.0001 0.2102028985507246 0.0008638103704526 0.2179233261886095 0.9724793248945148 0.9999 0.0075672184093661 0.0033407936988791 0.0024842951914321 0.0007227343506695
0 0.006325404732254 0.0689268115942029 0.0016762268553887 0.0121889870072794 0.2648149789029536 0.721704051172708 0.0002170536939846 0.0020384186610118 0.0036981181979794 0.0138001557147306
0 0.0001 0.0743605072463768 0.0003430305724167 0.0782846344365755 0.3470770042194093 0.9999 0.0001141271699636 0.0003725901242047 0.000858639379092 0.004459140454687
0 0.006325404732254 0.0073449275362318 0.000259705804731 0.0016378874584957 0.2964542194092827 0.8218972281449892 0.0002352171982236 0.0001908633747349 0.0004901573949616 0.0016568358766739
0 0.0088155666251556 0.0127786231884057 0.0004957926465072 0.0019488162787969 0.1920447257383966 0.9498034115138594 0.0004027250706499 0.0003423023326264 0.0012704721848848 0.0016568358766739
0 0.0100606475716064 0.1957130434782608 0.0068631936438264 0.0226358229995549 0.176225105485232 0.764339445628998 0.0002352171982236 0.0063998606482883 0.0165082859992195 0.0399549984428527
0 0.0162860523038605 0.2790297101449275 0.0151192893753559 0.02069949980726 0.2648149789029536 0.615115565031983 0.0004551974162293 0.0198173523174795 0.0299903915362268 0.0738940205543444
0 0.0100606475716064 0.1468097826086956 0.0051758670981901 0.0170502753294735 0.3070006329113924 0.9071680170575692 0.0003058530480419 0.0075507967282641 0.0145574990244113 0.0387095297415135
0 0.0088155666251556 0.0707380434782608 0.0022733876904699 0.0093962131722387 0.2416128691983123 0.8634667377398721 0.0001908175211949 0.0026138867009996 0.0059957117460868 0.0190933976954219
0 0.012550809464508 0.6829344202898551 0.028923425888628 0.0640675537669951 0.2932902953586498 0.6630803837953093 0.0004935425918449 0.0414125477128143 0.061636491349781 0.144574369355341
0 0.0212663760896637 0.1413760869565217 0.0099253788562776 0.0082586232967655 0.2163014767932489 0.5906002132196163 0.0005379422688736 0.0109430293850348 0.018935932012314 0.0355958579881656
0 0.0100606475716064 0.9618641304347828 0.0332979761921297 0.1101427364974962 0.107673417721519 0.6183132196162049 0.0001585268469923 0.0221798000605877 0.0665568096084637 0.1778906571161631
0 0.012550809464508 0.0182123188405797 0.0008915852930145 0.0019488162787969 0.4071915611814346 0.8592031982942432 0.0007215954784012 0.0014932384126022 0.0022241902614577 0.0038364061040174
1 0.0013450809464508 0.9727315217391304 0.0075228480546719 0.5009244081393983 0.4915628691983122 0.5692825159914713 0.0058154493338716 0.0167582853680702 0.0138422104669817 0.0057046091560261
1 0.0038352428393524 0.1939018115942029 0.0030510855222035 0.0503568960861687 0.7657696202531645 0.8144360341151387 0.0111999192571659 0.0100646834292638 0.0076863937909205 0.0016568358766739
0 0.0113057285180572 0.1069626811594203 0.004217632269804 0.0112580623955991 0.1804436708860759 0.5810072494669509 0.0001948538554703 0.0039465495304453 0.0078381216667389 0.0281230457801308
0 0.0137958904109589 0.1884681159420289 0.0088004944925201 0.0163781477598404 0.3354759493670886 0.6982545842217485 0.0004854699232943 0.0140020963344441 0.0195211681047565 0.049607380878231
0 0.0100606475716064 0.1395648550724637 0.0049258927951328 0.0162236142743015 0.4346122362869199 0.8826526652452027 0.0005702329430763 0.0097618055134807 0.0134954038936825 0.0303026160074743
0 0.0088155666251556 0.0145898550724637 0.0005513424916311 0.0021815474317169 0.3702791139240506 0.7035840085287847 0.0002876895438029 0.0007663314147228 0.001075393487404 0.004459140454687
0 0.0187762141967621 0.1649221014492753 0.0102725653883016 0.010792600089759 0.2036457805907173 0.4904070362473348 0.0006267416229309 0.0108218782187216 0.0166166630533755 0.0309253503581438
0 0.012550809464508 0.4909438405797101 0.0208270359618296 0.0461249128014704 0.1256023206751055 0.5842049040511728 0.0001948538554703 0.015365046955468 0.0394842214802931 0.1081444098411709
0 0.0162860523038605 0.059870652173913 0.0033566096703846 0.004609398818979 0.2395035864978903 0.8410831556503198 0.0005217969317723 0.003916261738867 0.0087268135108181 0.013177421364061
4 0.0337171855541718 0.0562481884057971 0.0062729765393857 0.0022150607177374 0.4599236286919831 0.725967590618337 0.0013209911182882 0.0131237503786731 0.0143840957377617 0.0190933976954219
0 0.0100606475716064 0.1160188405797101 0.0041134763101968 0.0135332421465456 0.4335575949367088 0.8943773987206823 0.0004350157448526 0.0080959769766737 0.0113712136322247 0.0315480847088134
1 0.0001 0.0779829710144927 0.0003569180336977 0.0820083328832964 0.7119829113924051 0.9999 0.0009738663706096 0.0008571947894577 0.0009019902007544 0.0016568358766739
0 0.0001 0.061681884057971 0.0002944244579334 0.0652516898730523 0.3976997890295359 0.9999 0.0001141271699636 0.0003423023326264 0.0007069115032736 0.0041477732793522
0 0.0137958904109589 0.1286974637681159 0.0060507771588904 0.0112580623955991 0.2416128691983123 0.7941842217484011 0.0003320892208316 0.007247918812481 0.015056033473529 0.0349731236374961
0 0.0075704856787048 0.0308909420289855 0.0009263039462169 0.0048737814086962 0.321765611814346 0.8560055437100214 0.0003300710536939 0.0012509360799757 0.0023108919047825 0.0063273435066957
0 0.0075704856787048 0.0182123188405797 0.0005860611448335 0.0030119321853357 0.2880170886075949 0.8197654584221749 0.0001948538554703 0.0006451802484095 0.0013354984173784 0.0050818748053565
0 0.006325404732254 0.0290797101449275 0.0007596544108454 0.0053615859052166 0.286962447257384 0.9999 0.0001645813484053 0.000887482581036 0.0021591640289641 0.0075728122080348
0 0.0088155666251556 0.0381358695652173 0.0012734904782409 0.0052070524196777 0.394535864978903 0.9999 0.0003865797335486 0.002159569827325 0.003763144430473 0.0094410152600436
0 0.0100606475716064 0.0689268115942029 0.0024886433403247 0.0081543597402573 0.2184107594936709 0.674805117270789 0.0001988901897456 0.002644174492578 0.0052370723669947 0.0187820305200872
0 0.0013450809464508 0.0290797101449275 0.0002874807272929 0.0159126854540003 0.286962447257384 0.9999 0.0004531792490916 0.0002211511663132 0.0006852360924424 0.0010341015260043
0 0.0075704856787048 0.0073449275362318 0.0002944244579334 0.0014163274009158 0.819556329113924 0.8176336886993603 0.0057508679854662 0.0007663314147228 0.0005768590382864 0.0001
0 0.0050803237858032 0.1721670289855072 0.0033843845929465 0.0358344721439571 0.2922356540084388 0.6982545842217485 0.0003300710536939 0.0046734565283247 0.0074046134501149 0.0228298037994394
0 0.0100606475716064 0.5996177536231884 0.0207992610392677 0.0687687230559802 0.1129466244725738 0.692925159914712 0.0001423815098909 0.0143049742502272 0.0460735463729783 0.1221559327312363
0 0.0100606475716064 0.1395648550724637 0.0049258927951328 0.0162236142743015 0.3133284810126582 0.8538737739872068 0.0003361255551069 0.0073084943956376 0.0130835710878896 0.0349731236374961
1 0.0038352428393524 0.9473742753623188 0.0146054533079604 0.2439892153156558 0.5168742616033757 0.5767437100213219 0.0080858873637464 0.0342949166919115 0.0273459914148202 0.0085069137340392
0 0.0088155666251556 0.0164010869565217 0.0006068923367549 0.002414278584637 0.393481223628692 0.9199586353944564 0.0003280528865563 0.0009177703726143 0.0015522525256905 0.0047705076300218
1 0.0001 0.3243105072463768 0.0013012654008028 0.335219827260318 0.9819710970464136 0.9999 0.0177589624545821 0.0052489245683126 0.0038498460737978 0.0004113671753347
0 0.0088155666251556 0.1975242753623188 0.0061618768491381 0.0256873938766427 0.1878261603375527 0.8634667377398721 0.0002331990310859 0.0060061193577703 0.0165733122317131 0.0377754282155091
0 0.006325404732254 0.121452536231884 0.002884435986832 0.0211873043037804 0.1266569620253164 0.9263539445629 0.0001504541784416 0.0020081308694335 0.0081849282400381 0.0172251946434132
0 0.0237565379825653 0.0562481884057971 0.0044953814954231 0.0030659258128132 0.3987544303797468 0.5255812366737741 0.004166606782398 0.0082171281429869 0.0076430429692581 0.0038364061040174
0 0.0088155666251556 0.1504322463768116 0.0047175808759184 0.0196363839007212 0.3249295358649789 0.9508692963752664 0.0002897077109406 0.0072176310209027 0.0138422104669817 0.0387095297415135
0 0.0075704856787048 0.0870391304347826 0.0024330934952009 0.0131199116189596 0.2584871308016878 0.6172473347547974 0.0003179620508679 0.0029773401999394 0.0047168625070459 0.0150456244160697
3 0.0137958904109589 0.0055336956521739 0.0003846929562596 0.0007069628468155 0.2532139240506329 0.9999 0.0003018167137666 0.0003120145410481 0.0009886918440792 0.0019682030520087
0 0.0100606475716064 0.2337489130434782 0.008175558734877 0.0269795172376548 0.4862896624472574 0.9199586353944564 0.0004753790876059 0.0180606604059375 0.0234010666435416 0.0651757396449704
0 0.0038352428393524 0.0091561594202898 0.0002180434208881 0.0028797408904771 0.5168742616033757 0.9999 0.0002271445296729 0.0002817267494698 0.0004684819841304 0.0022795702273435
0 0.0113057285180572 0.0399471014492753 0.0016484519328268 0.0043692202691655 0.3070006329113924 0.777130063965885 0.0002775987081146 0.0022807209936382 0.0038931968954602 0.0128660541887262
0 0.0100606475716064 0.0127786231884057 0.0005513424916311 0.0017421510150039 0.179389029535865 0.7185063965884861 0.0002574170367379 0.0003725901242047 0.0010970688982352 0.0025909374026782
0 0.0113057285180572 0.0345134057971014 0.0014401400136124 0.0038106655021573 0.4567597046413502 0.6588168443496804 0.0016782067016552 0.0028259012420478 0.0028961279972249 0.0032136717533478
0 0.006325404732254 0.0055336956521739 0.0002180434208881 0.0013288204874178 0.5168742616033757 0.9999 0.0002735623738393 0.0002817267494698 0.0004684819841304 0.0019682030520087
0 0.0050803237858032 0.0055336956521739 0.0001902684983262 0.0015764464341248 0.3671151898734178 0.680134541577825 0.0004370339119903 0.0001302877915783 0.0002517278758184 0.0007227343506695
0 0.0100606475716064 0.0327021739130434 0.0012387718250385 0.0040173307659503 0.2352850210970464 0.6193791044776119 0.0002049446911586 0.0013115116631323 0.0023325673156137 0.0094410152600436
0 0.0075704856787048 0.0218347826086956 0.0006832733738002 0.0035444210632168 0.2816892405063291 0.8357537313432837 0.0002231081953976 0.0007663314147228 0.0016172787581841 0.0053932419806913
0 0.0137958904109589 0.123263768115942 0.0058008028558332 0.010792600089759 0.3671151898734178 0.7227699360341151 0.0006005054501413 0.0099132444713723 0.0132352989637081 0.0293685144814699
0 0.0088155666251556 0.0761717391304347 0.0024400372258414 0.0100944066309989 0.1688426160337552 0.7025181236673775 0.0001807266855066 0.0020989942441684 0.0053237740103195 0.0159797259420741
0 0.0100606475716064 0.0453807971014492 0.0016762268553887 0.0054658494617248 0.3512955696202532 0.8400172707889126 0.0002775987081146 0.0026138867009996 0.0042616788795906 0.0147342572407349
0 0.0100606475716064 0.1468097826086956 0.0051758670981901 0.0170502753294735 0.2711428270042194 0.7632735607675907 0.0002876895438029 0.0067936019388064 0.0123899579412912 0.03652995951417
0 0.0088155666251556 0.0725492753623188 0.0023289375355937 0.0096289443251588 0.359732700421941 0.974318763326226 0.0003401618893823 0.0037951105725537 0.006884403590166 0.0181592961694176
0 0.0100606475716064 0.9654865942028984 0.0334229633436584 0.1105560670250822 0.0528320675105485 0.3784891257995735 0.0001807266855066 0.0147592911239018 0.0434074708407405 0.1090785113671753
1 0.0013450809464508 0.1794119565217391 0.0014401400136124 0.0931794282234591 0.430393670886076 0.4722869936034115 0.0022190754945498 0.0026744622841563 0.0021374886181329 0.0022795702273435
0 0.0113057285180572 0.0145898550724637 0.0006763296431597 0.0017626313564608 0.3080552742616034 0.8815867803837952 0.0004673064190553 0.0008269069978794 0.0016823049906777 0.0032136717533478
0 0.0075704856787048 0.0508144927536231 0.0014609712055338 0.0078006083878188 0.2669242616033755 0.8261607675906183 0.0001968720226079 0.001765828536807 0.0036330919654858 0.0128660541887262
0 0.0100606475716064 0.1359423913043478 0.0048009056436042 0.0158084218974921 0.322820253164557 0.781393603411514 0.0003401618893823 0.0073084943956376 0.0117396956163552 0.0346617564621613
0 0.012550809464508 0.0381358695652173 0.0017317767005125 0.0038106655021573 0.6117919831223628 0.8549396588486142 0.0015228078320549 0.0045220175704332 0.0044784329879027 0.0057046091560261
0 0.006325404732254 0.0164010869565217 0.0004680177239453 0.0031906697107783 0.1382580168776371 0.6268402985074628 0.0002675078724263 0.0002211511663132 0.0007936131465984 0.0016568358766739
0 0.0050803237858032 0.0019112318840579 0.0001208311919214 0.0008317067447806 0.788971729957806 0.7867230277185502 0.0015127169963665 0.0001302877915783 0.0001216754108312 0.0001
0 0.0050803237858032 0.0055336956521739 0.0001902684983262 0.0015764464341248 0.6307755274261603 0.8400172707889126 0.0005540876059749 0.0002817267494698 0.000316754108312 0.0010341015260043
0 0.0113057285180572 0.2699735507246376 0.010466989846235 0.0280147054058432 0.2110282700421941 0.5575577825159914 0.0003159438837303 0.0113367706755528 0.0189792828339765 0.0567688259109311
0 0.0137958904109589 0.184845652173913 0.0086338449571486 0.0160672189395392 0.3175470464135021 0.705715778251599 0.0004128159063383 0.0130934625870948 0.0193477648181069 0.0530324198069137
0 0.006325404732254 0.0109673913043478 0.0003430305724167 0.0022597450990981 0.4725793248945148 0.9999 0.0002513625353249 0.0005240290820963 0.000858639379092 0.0035250389286826
0 0.0100606475716064 0.1776007246376811 0.0062382578861833 0.0205673085124014 0.3460223628691983 0.9252880597014926 0.0002856713766653 0.0101555468039987 0.0179171877032476 0.0549006228589224
0 0.012550809464508 0.1087739130434782 0.004710637145278 0.0104109209989701 0.2553232067510548 0.7174405117270789 0.0003441982236576 0.0058546803998788 0.0106342496639639 0.0275003114294612
0 0.0113057285180572 0.0671155797101449 0.0026900115288986 0.0071619941042062 0.4029729957805907 0.8847844349680172 0.0004814335890189 0.0048854710693729 0.0072962363959588 0.017536561818748
0 0.0100606475716064 0.1649221014492753 0.0058008028558332 0.019118789816627 0.3302027426160338 0.9508692963752664 0.0003421800565199 0.0090348985156013 0.0170718466808307 0.0424459358455309
0 0.0113057285180572 0.0942840579710145 0.0037315711249704 0.0099547679392468 0.2553232067510548 0.8069748400852879 0.0002594352038756 0.0046128809451681 0.009355400424923 0.0268775770787916
0 0.0100606475716064 0.0345134057971014 0.0013012654008028 0.0042239960297434 0.1909900843881856 0.4669575692963753 0.0002251263625353 0.0011600727052408 0.0018990590989897 0.0078841793833696
2 0.0162860523038605 0.0001 0.0001486061144833 0.000219158350295 0.9999 0.9999 0.0027236172789664 0.0003120145410481 0.0002517278758184 0.0001
0 0.0100606475716064 0.0182123188405797 0.000738823218924 0.0023621468063829 0.179389029535865 0.7195722814498935 0.0001585268469923 0.0005543168736746 0.0015305771148592 0.0050818748053565
0 0.0088155666251556 0.0236460144927536 0.0008290917172502 0.0033452031963172 0.3692244725738397 0.9999 0.0002109991925716 0.0012509360799757 0.0023759181372761 0.008818280909374
0 0.0100606475716064 0.0653043478260869 0.0023636561887961 0.0077410292126713 0.3628966244725739 0.8400172707889126 0.0003078712151796 0.0038859739472887 0.0060824133894116 0.0200274992214263
0 0.0100606475716064 0.3025757246376812 0.0105503146139207 0.034842106507906 0.2774706751054852 0.6769368869936034 0.0003320892208316 0.0143049742502272 0.0227941551402679 0.068600778573653
0 0.0088155666251556 0.1359423913043478 0.0042731821149278 0.0177745346773607 0.3544594936708861 0.8965091684434968 0.0003240165522809 0.0070359042714328 0.0118480726705112 0.0346617564621613
0 0.0038352428393524 0.0091561594202898 0.0002180434208881 0.0028797408904771 0.428284388185654 0.7781959488272921 0.0010081752119499 0.0002211511663132 0.0003601049299744 0.0004113671753347
0 0.0088155666251556 0.0037224637681159 0.0002180434208881 0.0007851605141966 0.3850440928270042 0.3784891257995735 0.0019163504238998 0.0001908633747349 0.0001650262324936 0.0001
0 0.0013450809464508 0.0834166666666666 0.0007041045657216 0.0438404238044071 0.1245476793248945 0.478682302771855 0.0001282543399273 0.0003725901242047 0.0009886918440792 0.0041477732793522
0 0.0100606475716064 0.1522434782608695 0.005363347825483 0.0176702711208526 0.2637603375527426 0.7995136460554372 0.0002654897052886 0.0068844653135413 0.0134087022503577 0.0393322640921831
0 0.006325404732254 0.0145898550724637 0.0004263553401025 0.0028797408904771 0.2574324894514768 0.7824594882729212 0.0003018167137666 0.0003725901242047 0.0008803147899232 0.0022795702273435
3 0.1021966376089663 0.5670155797101449 0.1810189018376786 0.007130342667409 0.2595417721518987 0.649223880597015 0.0016640795316915 0.235284701605574 0.3788778042752461 0.2762826845219557
0 0.0050803237858032 0.125075 0.0024816996096842 0.0261528561824828 0.1350940928270042 0.3784891257995735 0.0001807266855066 0.0017961163283853 0.003112882105537 0.0138001557147306
0 0.006325404732254 0.1739782608695652 0.0040926451182753 0.0301874834495049 0.2426675105485232 0.7803277185501066 0.0002695260395639 0.0048551832777946 0.0099623119281966 0.0275003114294612
2 0.012550809464508 0.0001 0.0001277749225619 0.0002563953347622 0.9999 0.9999 0.0021181671376665 0.0002211511663132 0.0001867016433248 0.0001
0 0.0088155666251556 0.3243105072463768 0.0100503660078063 0.0419785745810466 0.3365305907172995 0.8208313432835821 0.0003663980621719 0.0160616661617691 0.0259154142999609 0.0714030831516661
0 0.0075704856787048 0.0272684782608695 0.0008290917172502 0.0043431543800384 0.2563778481012658 0.9146292110874202 0.0001363270084779 0.000887482581036 0.0021808394397953 0.0085069137340392
3 0.0187762141967621 0.0055336956521739 0.0004957926465072 0.0005524293612765 0.1097827004219409 0.5000000000000001 0.0009072668550666 0.0001908633747349 0.0006852360924424 0.0004113671753347
0 0.0113057285180572 0.0399471014492753 0.0016484519328268 0.0043692202691655 0.2795799578059072 0.8837185501066098 0.0003724525635849 0.0020989942441684 0.0043917313445778 0.0094410152600436
0 0.0113057285180572 0.1142076086956521 0.0044953814954231 0.0120028020849433 0.1445858649789029 0.3603690831556503 0.0003260347194186 0.0035528082399272 0.0054971772969691 0.017536561818748
0 0.0113057285180572 0.9238282608695652 0.035533857458364 0.0952274623691556 0.0939630801687763 0.5117247334754798 0.0001726540169559 0.021725483186913 0.0600325109482721 0.1654359701027717
0 0.0088155666251556 0.063493115942029 0.0020511883099745 0.0084652885605585 0.3955905063291139 0.9188927505330492 0.0002977803794913 0.0036133838230839 0.0057139314052811 0.0190933976954219
0 0.0100606475716064 0.063493115942029 0.0023011626130318 0.0075343639488782 0.5537867088607594 0.944473987206823 0.0005076697618086 0.0055518024840957 0.0066026232493604 0.0190933976954219
0 0.0038352428393524 0.0091561594202898 0.0002180434208881 0.0028797408904771 0.3850440928270042 0.4669575692963753 0.0019163504238998 0.0001908633747349 0.000208377054156 0.0001
0 0.0088155666251556 0.0363246376811594 0.0012179406331171 0.0049743212667576 0.3470770042194093 0.8346878464818763 0.0002775987081146 0.0018264041199636 0.0030261804622122 0.0103751167860479
0 0.0100606475716064 0.0671155797101449 0.0024261497645604 0.0079476944764643 0.3365305907172995 0.8655985074626866 0.0002755805409769 0.0037345349893971 0.0064292199627108 0.0209616007474307
0 0.0100606475716064 0.0272684782608695 0.0010512910977456 0.0033973349745713 0.3481316455696203 0.725967590618337 0.0003603435607589 0.0015538139957588 0.0022675410831201 0.0072614450327
0 0.0088155666251556 0.0145898550724637 0.0005513424916311 0.0021815474317169 0.3259841772151899 0.7781959488272921 0.0002069628582963 0.0006754680399878 0.00118377054156 0.0050818748053565
0 0.0113057285180572 0.1341311594202898 0.0052591918658758 0.0140508362306398 0.4209018987341772 0.8506761194029852 0.0004713427533306 0.0101252590124204 0.0139289121103065 0.0368413266895048
0 0.0088155666251556 0.2772184782608696 0.0086060700345866 0.0359275646051252 0.392426582278481 0.8613349680170577 0.0004531792490916 0.0156982126628294 0.0231843125352295 0.0589483961382746
0 0.0113057285180572 0.0345134057971014 0.0014401400136124 0.0038106655021573 0.3407491561181434 0.8453466950959487 0.0003563072264836 0.002159569827325 0.003654767376317 0.0100637496107131
0 0.0075704856787048 0.0164010869565217 0.0005374550303501 0.0027475495956185 0.2922356540084388 0.9999 0.0002553988696003 0.0005846046652529 0.0014655508823656 0.0038364061040174
0 0.0100606475716064 0.6195413043478261 0.0214866903726751 0.0710439028069267 0.1161105485232067 0.6556191897654584 0.0001484360113039 0.0150015934565283 0.0452715561722239 0.1246468701339146
0 0.0113057285180572 0.432984420289855 0.016716347422666 0.0447713484160873 0.3491862869198312 0.8091066098081022 0.0004531792490916 0.0277224659194183 0.0426705068724797 0.1037852693864839
0 0.0075704856787048 0.1341311594202898 0.003696852471768 0.0200348196345203 0.642376582278481 0.9007727078891258 0.0010101933790876 0.0103978491366252 0.0102657676798334 0.0194047648707567
0 0.0075704856787048 0.0218347826086956 0.0006832733738002 0.0035444210632168 0.2700881856540084 0.8123042643923242 0.0001665995155429 0.0007360436231445 0.0015739279365217 0.0063273435066957
0 0.0088155666251556 0.0381358695652173 0.0012734904782409 0.0052070524196777 0.3650059071729958 0.8059089552238807 0.0003139257165926 0.0020081308694335 0.0030695312838746 0.0103751167860479
0 0.0088155666251556 0.0797942028985507 0.002551136916089 0.010559868936839 0.1097827004219409 0.7067816631130065 0.0002755805409769 0.0015841017873371 0.0056055543511251 0.0091296480847088
0 0.0075704856787048 0.0327021739130434 0.0009749100607003 0.0051400258476367 0.2384489451476793 0.6396309168443498 0.0001746721840936 0.0010086337473492 0.0018557082773273 0.0081955465587044
0 0.0075704856787048 0.0145898550724637 0.0004888489158668 0.002481305156678 0.3639512658227848 0.8304243070362474 0.0004592337505046 0.0006451802484095 0.0010970688982352 0.0025909374026782
0 0.0025901618929016 0.0997177536231884 0.0012179406331171 0.034842106507906 0.0138103375527426 0.4669575692963753 0.0001766903512313 0.0002211511663132 0.0017690066340025 0.0022795702273435
0 0.0113057285180572 0.0254572463768115 0.0010929534815884 0.0028797408904771 0.2616510548523207 0.9999 0.0002775987081146 0.0012509360799757 0.0031995837488618 0.0072614450327
0 0.0113057285180572 0.3822699275362318 0.0147721028433319 0.039558170590678 0.1983725738396624 0.5842049040511728 0.0002715442067016 0.0152741835807331 0.0279745783289251 0.0851032388663967
0 0.012550809464508 0.2138253623188405 0.0091407372939035 0.0202284519537498 0.2205200421940928 0.7845912579957356 0.0002775987081146 0.0102161223871554 0.0225990764427871 0.0561460915602616
0 0.0075704856787048 0.1123963768115942 0.0031135790979678 0.0168436100656805 0.3017274261603376 0.9370127931769724 0.0002897077109406 0.0044008664041199 0.0089435676191302 0.0237639053254437
0 0.0075704856787048 0.0164010869565217 0.0005374550303501 0.0027475495956185 0.2468860759493671 0.8783891257995737 0.0002654897052886 0.000493741290518 0.001292147595716 0.0032136717533478
0 0.0100606475716064 0.8387003623188405 0.0290484130401566 0.096076465615008 0.1118919831223629 0.5202518123667379 0.0001605450141299 0.0198173523174795 0.0497366908034514 0.1570290563687324
0 0.0150409713574097 0.7970420289855072 0.0398598016473823 0.0632464782594931 0.3396945147679325 0.6001931769722815 0.0008325946709729 0.0648250106028476 0.0775895937215453 0.1439516350046714
0 0.0088155666251556 0.1703557971014492 0.0053286291722806 0.0221964265828418 0.2648149789029536 0.9327492537313432 0.0002553988696003 0.006854177521963 0.015381164635997 0.0402663656181874
0 0.0150409713574097 0.6177300724637681 0.0309232203130859 0.0490684964236032 0.1888808016877637 0.5181200426439233 0.0003320892208316 0.0309935474098757 0.0527712483198196 0.1483107754593584
0 0.0113057285180572 0.0091561594202898 0.0004680177239453 0.0012040765894527 0.4019183544303797 0.9999 0.0004229067420266 0.0006754680399878 0.0012487967740536 0.002902304578013
1 0.0001 0.0127786231884057 0.0001069437306404 0.0149817608423201 0.9999 0.9999 0.0015127169963665 0.0001302877915783 0.0001216754108312 0.0001
0 0.0100606475716064 0.0345134057971014 0.0013012654008028 0.0042239960297434 0.5253113924050634 0.7153087420042645 0.0018961687525232 0.0028864768252044 0.0028094263539001 0.002902304578013
0 0.0299819427148194 0.8930373188405797 0.0858064672954315 0.036877107709039 0.4325029535864979 0.9252880597014926 0.0013815361324182 0.1727404119963647 0.2488253392880371 0.2414095608844596
1 0.0013450809464508 0.9691090579710144 0.00749507313211 0.4990625589160379 0.5116010548523207 0.5969955223880598 0.004741784416633 0.0173337534080581 0.0144057711485929 0.0072614450327
0 0.012550809464508 0.184845652173913 0.0079186407011792 0.0175213231829837 0.1097827004219409 0.5479648187633263 0.0001887993540573 0.0052489245683126 0.0141023153969561 0.0380867953908439
0 0.0088155666251556 0.0272684782608695 0.0009401914074979 0.0038106655021573 0.390317299578059 0.8421490405117272 0.0002614533710133 0.0015235262041805 0.0023108919047825 0.0091296480847088
0 0.006325404732254 0.1721670289855072 0.0040509827344325 0.0298765546292037 0.2711428270042194 0.9199586353944564 0.0002473262010496 0.0052792123598909 0.0115012660972119 0.0318594518841482
0 0.0100606475716064 0.0363246376811594 0.0013637589765671 0.0044306612935364 0.318601687763713 0.8698620469083157 0.0004390520791279 0.0019172674946985 0.003546390322161 0.0075728122080348
0 0.0075704856787048 0.0127786231884057 0.0004402428013834 0.0022150607177374 0.2089189873417721 0.7526147121535182 0.0002130173597093 0.0003120145410481 0.0008803147899232 0.0025909374026782
0 0.0088155666251556 0.0218347826086956 0.0007735418721264 0.0031124720433972 0.3607873417721519 0.9071680170575692 0.0003583253936213 0.0011297849136625 0.0020074361531457 0.0053932419806913
0 0.0100606475716064 0.0979065217391304 0.0034885405525537 0.0114647276593922 0.2352850210970464 0.6385650319829425 0.0002856713766653 0.0040071251136019 0.0070361314659844 0.021895702273435
0 0.0088155666251556 0.1431873188405797 0.0044953814954231 0.018705459289041 0.2595417721518987 0.8751914712153518 0.0002453080339119 0.0056729536504089 0.0121948792438104 0.0343503892868265
0 0.012550809464508 0.2898971014492754 0.0123487408498048 0.02733699228854 0.2964542194092827 0.6268402985074628 0.0004451065805409 0.0177274946985761 0.0249183454017257 0.0673553098723139
0 0.0187762141967621 0.7408938405797101 0.0456022668870584 0.047796853404048 0.3470770042194093 0.5405036247334754 0.0010182660476382 0.0755166010299909 0.0808192299353943 0.1399038617253192
0 0.0287368617683686 0.3188768115942029 0.0295483616462711 0.0138181050777198 0.4810164556962026 0.9220904051172708 0.0015228078320549 0.0652187518933656 0.0853277153882842 0.083235035814388
0 0.0100606475716064 0.1468097826086956 0.0051758670981901 0.0170502753294735 0.3396945147679325 0.8570714285714286 0.0003623617278966 0.0082474159345652 0.0137988596453193 0.0371526938648396
0 0.0200212951432129 0.0417583333333333 0.002884435986832 0.0027158981588214 0.3744976793248945 0.7963159914712155 0.0008830488494146 0.0049157588609512 0.007101157698478 0.0103751167860479
0 0.012550809464508 0.3514789855072464 0.0149456961093439 0.0330919682379472 0.322820253164557 0.7664712153518125 0.0005036334275333 0.0231490093910936 0.0362762606772752 0.0794986297103706
0 0.0100606475716064 0.0055336956521739 0.0003013681885738 0.0009136281106085 0.4135194092827005 0.9999 0.0015127169963665 0.0003725901242047 0.0007285869141048 0.0004113671753347
0 0.0150409713574097 0.1486210144927536 0.0075436792465934 0.0119748743465929 0.3386398734177215 0.6033908315565033 0.0006045417844166 0.0120939654650106 0.0146442006677362 0.0355958579881656
0 0.0075704856787048 0.0218347826086956 0.0006832733738002 0.0035444210632168 0.6518683544303798 0.8826526652452027 0.0014380448122729 0.0017355407452287 0.0017039804015089 0.0022795702273435
0 0.006325404732254 0.0308909420289855 0.0008013167946883 0.0056725147255178 0.2679789029535865 0.772866524520256 0.0001645813484053 0.000887482581036 0.0017906820448337 0.0075728122080348
0 0.0075704856787048 0.0055336956521739 0.00024581834345 0.0011500829619752 0.3976997890295359 0.6950569296375266 0.0003825433992733 0.0002514389578915 0.0003817803408056 0.0013454687013391
1 0.0001 0.0924728260869565 0.0004124678788215 0.09690312667018 0.9798618143459916 0.9999 0.0101908356883326 0.0014326628294456 0.001075393487404 0.0001
0 0.0088155666251556 0.0308909420289855 0.0010512910977456 0.0042761278079974 0.3702791139240506 0.9999 0.0002231081953976 0.0016446773704937 0.0030695312838746 0.0109978511367175
0 0.0100606475716064 0.0073449275362318 0.0003638617643381 0.0011221552236248 0.4377761603375528 0.5266471215351813 0.0020172587807832 0.0005240290820963 0.0004901573949616 0.0004113671753347
0 0.0075704856787048 0.2174478260869565 0.0059327337380023 0.0322708927304452 0.2669242616033755 0.6534874200426439 0.0002594352038756 0.0077022356861557 0.0123466071196288 0.0446255060728744
0 0.0088155666251556 0.9183945652173912 0.028270715208423 0.1183143927388252 0.0422856540084388 0.3529078891257995 0.0001565086798546 0.011155043926083 0.0346072540432727 0.0900851136717533
0 0.0113057285180572 0.0055336956521739 0.0003291431111358 0.0008317067447806 0.3143831223628692 0.8933115138592751 0.0002513625353249 0.0003120145410481 0.0007285869141048 0.0022795702273435
0 0.0088155666251556 0.0725492753623188 0.0023289375355937 0.0096289443251588 0.1899354430379747 0.495736460554371 0.0002109991925716 0.0021898576189033 0.0036981181979794 0.0150456244160697
0 0.0075704856787048 0.0073449275362318 0.0002944244579334 0.0014163274009158 0.3365305907172995 0.8176336886993603 0.0002735623738393 0.0002817267494698 0.0005768590382864 0.0019682030520087
0 0.0150409713574097 0.5 0.0250557679218812 0.039759250306801 0.2542685654008438 0.6119179104477613 0.0004208885748889 0.0318113177824901 0.0496283137492954 0.1265150731859233
0 0.006325404732254 0.1721670289855072 0.0040509827344325 0.0298765546292037 0.2584871308016878 0.79844776119403 0.0003522708922083 0.0050671978188427 0.0100706889823526 0.023452538150109
0 0.0075704856787048 0.0308909420289855 0.0009263039462169 0.0048737814086962 0.1625147679324894 0.6279061833688699 0.0003361255551069 0.0006754680399878 0.0017256558123401 0.0035250389286826
0 0.0200212951432129 0.0381358695652173 0.0026483491450557 0.0024961999504649 0.393481223628692 0.7494170575692964 0.0008426855066612 0.004703744319903 0.0061474396219052 0.0103751167860479
0 0.0075704856787048 0.0725492753623188 0.0020442445793341 0.0109918179566586 0.2837985232067511 0.7067816631130065 0.0001968720226079 0.0026744622841563 0.0044567575770715 0.0190933976954219
0 0.0113057285180572 0.0218347826086956 0.0009540788687789 0.002507371045805 0.0591599156118143 0.6641462686567164 0.0003684162293096 0.0003120145410481 0.0018773836881585 0.0016568358766739
4 0.0785400996264009 0.1305086956521739 0.0324925034378342 0.0022113370192907 0.3702791139240506 0.4083339019189765 0.0145056770286637 0.0568896092093305 0.044968100420587 0.0078841793833696
0 0.0088155666251556 0.1468097826086956 0.0046064811856708 0.0191709215948811 0.3628966244725739 0.6939910447761195 0.0004289612434396 0.0077628112693123 0.0100923643931838 0.030613983182809
0 0.0100606475716064 0.2790297101449275 0.0097378981289847 0.0321517343801502 0.3101645569620253 0.7131769722814499 0.0003906160678239 0.0145169887912753 0.0220571911720071 0.0614393335409529
0 0.0100606475716064 0.059870652173913 0.0021761754615032 0.0071210334212922 0.3312573839662447 0.8357537313432837 0.0003785070649979 0.0032802181157225 0.0055622035294627 0.0144228900654001
0 0.0075704856787048 0.0109673913043478 0.0003916366869001 0.0019488162787969 0.9134194092827004 0.9561987206823028 0.004439059345983 0.0012509360799757 0.000967016433248 0.0004113671753347
0 0.0088155666251556 0.063493115942029 0.0020511883099745 0.0084652885605585 0.2605964135021096 0.5000000000000001 0.0003441982236576 0.0024927355346864 0.0032646099813554 0.0119319526627218
0 0.006325404732254 0.0254572463768115 0.0006763296431597 0.0047415901138376 0.2025911392405063 0.7153087420042645 0.0003421800565199 0.0005543168736746 0.0013788492390408 0.002902304578013
0 0.0075704856787048 0.0145898550724637 0.0004888489158668 0.002481305156678 0.3133284810126582 0.8815867803837952 0.0003421800565199 0.0005543168736746 0.0011620951307288 0.002902304578013
0 0.0050803237858032 0.1341311594202898 0.0026552928756962 0.0280147054058432 0.2289571729957806 0.977516417910448 0.0001443996770286 0.0029470524083611 0.0079031478992325 0.0256321083774525
0 0.0088155666251556 0.6249750000000001 0.0192716402983623 0.080611945965776 0.0971270042194093 0.5532942430703623 0.0001625631812676 0.011942526507119 0.0347806573299223 0.0944442541264403
0 0.0088155666251556 0.3858923913043478 0.0119390607420165 0.0498914337803286 0.3892626582278481 0.7941842217484011 0.0004834517561566 0.0216951953953347 0.029903689892902 0.0770076923076923
0 0.0113057285180572 0.0381358695652173 0.001579014626422 0.0041830353468294 0.285907805907173 0.8016454157782517 0.0003199802180056 0.0020384186610118 0.0038281706629666 0.0103751167860479
0 0.0113057285180572 0.2355601449275362 0.009147681024544 0.0244771918814584 0.4588689873417721 0.8464125799573562 0.0004915244247073 0.0192115964859133 0.0242464076659584 0.0673553098723139
0 0.0088155666251556 0.4203057971014493 0.0129945077993693 0.0543133256858096 0.104509493670886 0.6428285714285715 0.0001726540169559 0.0084291426840351 0.0268041061440402 0.064241638118966
0 0.0113057285180572 0.0852278985507246 0.0033843845929465 0.0090238433275666 0.3249295358649789 0.8538737739872068 0.0003341073879693 0.0051277734019993 0.008921892208299 0.0246980068514481
0 0.0088155666251556 0.2355601449275362 0.0073284235967385 0.0305747480879638 0.2047004219409283 0.7824594882729212 0.0001928356883326 0.0077022356861557 0.0180255647574036 0.0549006228589224
0 0.0088155666251556 0.0471920289855072 0.00155123970386 0.006370708184278 0.1751704641350211 0.8421490405117272 0.0003502527250706 0.0013115116631323 0.0039365477171226 0.0063273435066957
0 0.026246699875467 0.123263768115942 0.0105919769977636 0.0059257262198948 0.4894535864978904 0.8378855010660983 0.0020354222850222 0.0236336140563465 0.0278445258639379 0.0228298037994394
2 0.0162860523038605 0.0001 0.0001486061144833 0.000219158350295 0.9999 0.9999 0.0027236172789664 0.0003120145410481 0.0002517278758184 0.0001
0 0.012550809464508 0.0200235507246376 0.0009679663300598 0.0021182445581227 0.4725793248945148 0.8304243070362474 0.0007316863140896 0.0018869797031202 0.0023542427264449 0.0047705076300218
1 0.0013450809464508 0.1105851449275362 0.000912416484936 0.0578042929796105 0.4219565400843882 0.5362400852878464 0.0021585304804198 0.0015841017873371 0.0014655508823656 0.0013454687013391
0 0.0137958904109589 0.0218347826086956 0.0011346158654313 0.0021033497643358 0.357623417721519 0.9796481876332624 0.0003724525635849 0.0017355407452287 0.0032646099813554 0.0078841793833696
0 0.0075704856787048 0.0417583333333333 0.0012179406331171 0.0064712480423394 0.2025911392405063 0.7590100213219617 0.0001928356883326 0.0011297849136625 0.0027660755322377 0.0085069137340392
0 0.0113057285180572 0.1087739130434782 0.0042870695762087 0.0114442473179352 0.4588689873417721 0.8229631130063967 0.0005298696003229 0.0088834595577097 0.0109810562372631 0.0293685144814699
0 0.0100606475716064 0.9672978260869564 0.0334854569194227 0.1107627322888752 0.1477497890295359 0.6353673773987208 0.0001847630197819 0.0279344804604665 0.0685942982265967 0.2034227654936156
0 0.0088155666251556 0.0689268115942029 0.002217837845346 0.0091634820193186 0.39137194092827 0.951935181236674 0.0002675078724263 0.0038859739472887 0.0064075445518796 0.0222070694487698
0 0.012550809464508 0.0145898550724637 0.000738823218924 0.0016099597201453 0.3070006329113924 0.6012590618336887 0.0005843601130399 0.0009177703726143 0.001292147595716 0.002902304578013
0 0.012550809464508 0.3333666666666666 0.0141818857388912 0.0313995472939125 0.2563778481012658 0.8144360341151387 0.0002897077109406 0.0180606604059375 0.0363846377314313 0.096312457178449
1 0.0013450809464508 0.0852278985507246 0.0007179920270026 0.0447713484160873 0.604409493670886 0.6556191897654584 0.0059526846992329 0.0017052529536504 0.0013571738282096 0.0004113671753347
1 0.0001 0.309820652173913 0.001245715555679 0.3203250334734344 0.4356668776371308 0.9999 0.0001080726685506 0.0023110087852166 0.0036764427871482 0.0237639053254437
0 0.0100606475716064 0.5796942028985508 0.0201118317058602 0.0664935433050337 0.107673417721519 0.5234494669509595 0.0001645813484053 0.0133963405028779 0.0345639032216103 0.1053421052631578
0 0.0075704856787048 0.061681884057971 0.0017526078924339 0.0093962131722387 0.4230111814345992 0.8645326226012793 0.0003966705692369 0.0032499303241441 0.0045868100420587 0.0138001557147306
0 0.0013450809464508 0.0327021739130434 0.0003152556498548 0.0177745346773607 0.1393126582278481 0.7749982942430705 0.0001807266855066 0.0001 0.0005985344491176 0.0013454687013391
0 0.0075704856787048 0.2790297101449275 0.0075853416304362 0.0413138944083069 0.1329848101265822 0.5884684434968017 0.0001928356883326 0.0057335292335655 0.0143840957377617 0.040889099968857
0 0.0075704856787048 0.0997177536231884 0.0027733362965843 0.0149817608423201 0.2922356540084388 0.777130063965885 0.0002311808639483 0.0037951105725537 0.006667649481854 0.0240752725007785
0 0.0150409713574097 0.2391826086956521 0.0120571041629047 0.0191355464596372 0.3249295358649789 0.7025181236673775 0.0008870851836899 0.0187269918206604 0.0269775094306898 0.0393322640921831
1 0.0001 0.3478565217391304 0.001391533899129 0.3594238671640039 0.5464042194092826 0.9999 0.0004975789261203 0.0032196425325658 0.0041316264146034 0.0113092183120523
0 0.0113057285180572 0.0852278985507246 0.0033843845929465 0.0090238433275666 0.2616510548523207 0.5266471215351813 0.0003320892208316 0.0042494274462284 0.0057356068161123 0.0206502335720959
0 0.012550809464508 0.119641304347826 0.0051689233675496 0.011427490674925 0.2943449367088607 0.8336219616204691 0.0003583253936213 0.0072782066040593 0.0134303776611889 0.0331049205854873
0 0.0050803237858032 0.0055336956521739 0.0001902684983262 0.0015764464341248 0.4198472573839663 0.7867230277185502 0.0005036334275333 0.0001605755831566 0.0002950786974808 0.0007227343506695
0 0.0050803237858032 0.0145898550724637 0.0003638617643381 0.0034382956574852 0.2268478902953586 0.7632735607675907 0.0002432898667743 0.0002514389578915 0.0007069115032736 0.0019682030520087
0 0.0088155666251556 0.0435695652173913 0.0014401400136124 0.0059052458784378 0.3829348101265822 0.9999 0.0002796168752523 0.0024018721599515 0.0042833542904218 0.0134887885393958
0 0.0113057285180572 0.1594884057971014 0.0062313141555429 0.0166574251433445 0.2110282700421941 0.4626940298507462 0.0005540876059749 0.0066724507724931 0.0095071283007414 0.0212729679227654
0 0.0088155666251556 0.0942840579710145 0.0029955356770797 0.0124217181601994 0.3006727848101266 0.8815867803837952 0.0002291626968106 0.0042191396546501 0.0081199020075445 0.0268775770787916
1 0.0001 0.0508144927536231 0.0002527620740905 0.0540805945328896 0.5632784810126581 0.9999 0.0003280528865563 0.000402877915783 0.0005768590382864 0.0022795702273435
0 0.0299819427148194 0.2120141304347826 0.0205353992749295 0.0088748953896978 0.2279025316455696 0.7280993603411515 0.0003058530480419 0.0238456285973947 0.0475908251311624 0.1218445655559016
0 0.0075704856787048 0.0254572463768115 0.0007804856027669 0.0040769099410979 0.3671151898734178 0.7355605543710021 0.0002675078724263 0.0011600727052408 0.0016606295798465 0.0069500778573653
0 0.006325404732254 0.0417583333333333 0.0010512910977456 0.0075343639488782 0.2236839662447257 0.7483511727078891 0.0001928356883326 0.0010389215389275 0.0023325673156137 0.0078841793833696
0 0.006325404732254 0.0290797101449275 0.0007596544108454 0.0053615859052166 0.2352850210970464 0.8123042643923242 0.0003018167137666 0.0007360436231445 0.0017690066340025 0.0041477732793522
0 0.012550809464508 0.0399471014492753 0.0018081577375578 0.0039800937814831 0.3829348101265822 0.8485443496801707 0.0006045417844166 0.0030682035746743 0.0046518362745523 0.0091296480847088
0 0.0137958904109589 0.4891326086956521 0.0226324059283541 0.0421331080665855 0.2047004219409283 0.5895343283582088 0.0002917258780783 0.0240879309300212 0.0432774183757533 0.1274491747119277
0 0.006325404732254 0.0091561594202898 0.0003013681885738 0.0019488162787969 0.3850440928270042 0.940210447761194 0.0002009083568833 0.0003423023326264 0.0006852360924424 0.002902304578013
0 0.012550809464508 0.0164010869565217 0.0008152042559693 0.0017793879994711 0.4050822784810127 0.9220904051172708 0.0007781041582559 0.0013417994547106 0.0021591640289641 0.0032136717533478
1 0.0001 0.0508144927536231 0.0002527620740905 0.0540805945328896 0.9999 0.9999 0.0057508679854662 0.0007663314147228 0.0005768590382864 0.0001
0 0.0113057285180572 0.0544369565217391 0.0022039503840651 0.0058586996478538 0.2922356540084388 0.948737526652452 0.0003179620508679 0.0029773401999394 0.006342518319386 0.0150456244160697
0 0.0175311332503113 0.1087739130434782 0.0064049074215548 0.0076591078468434 0.2057550632911392 0.4829458422174841 0.0002755805409769 0.0067330263556498 0.0101573906256774 0.0374640610401744
0 0.012550809464508 0.1413760869565217 0.0060854958120928 0.0134587681776112 0.2837985232067511 0.6939910447761195 0.0003240165522809 0.0083382793093002 0.0133870268395265 0.040889099968857
0 0.0088155666251556 0.0055336956521739 0.0002735932660119 0.0010178916671167 0.3734430379746836 0.9999 0.0003361255551069 0.0002817267494698 0.00064188527078 0.0016568358766739
3 0.006325404732254 0.0200235507246376 0.0005513424916311 0.0038106655021573 0.0918537974683544 0.4818799573560768 0.0001867811869196 0.0001908633747349 0.000750262324936 0.0019682030520087
0 0.006325404732254 0.0218347826086956 0.000593004875474 0.0041215943224585 0.1340394514767932 0.9178268656716418 0.0003018167137666 0.0003120145410481 0.001508901704028 0.0019682030520087
0 0.0113057285180572 0.059870652173913 0.0024122623032794 0.006417254414862 0.3892626582278481 0.8997068230277186 0.0003038348809043 0.0042191396546501 0.0066242986601916 0.021895702273435
1 0.0001 0.0254572463768115 0.0001555498451238 0.0280147054058432 0.7183107594936708 0.9999 0.0006388506257569 0.0002211511663132 0.0002734032866496 0.0007227343506695
0 0.0100606475716064 0.0942840579710145 0.0033635534010251 0.0110513971318061 0.1751704641350211 0.563953091684435 0.0001484360113039 0.003037915783096 0.0060607379785804 0.0259434755527872
0 0.0187762141967621 0.6485210144927536 0.0399361826844276 0.0418631399291983 0.3418037974683545 0.6289720682302773 0.0009900117077109 0.0652490396849439 0.0811660365086935 0.1240241357832451
0 0.0100606475716064 0.0870391304347826 0.0031135790979678 0.0102228742274107 0.5717156118143459 0.9977682302771854 0.0005137242632216 0.0078233868524689 0.0094854528899102 0.0265662099034568
0 0.0075704856787048 0.0490032608695652 0.0014123650910505 0.0075343639488782 0.3006727848101266 0.9892411513859276 0.0003280528865563 0.0018869797031202 0.0041533018254346 0.0094410152600436
0 0.0088155666251556 0.0435695652173913 0.0014401400136124 0.0059052458784378 0.2985635021097046 0.7547464818763326 0.0002372353653613 0.0019172674946985 0.0032862853921866 0.0122433198380566
0 0.0113057285180572 0.0182123188405797 0.0008152042559693 0.0021350012011329 0.1561869198312236 0.5149223880597016 0.0003421800565199 0.0005543168736746 0.0012487967740536 0.002902304578013
0 0.0075704856787048 0.0236460144927536 0.0007318794882835 0.0038106655021573 0.1709518987341772 0.7718006396588486 0.0001221998385143 0.0005240290820963 0.0016172787581841 0.0057046091560261
0 0.006325404732254 0.0109673913043478 0.0003430305724167 0.0022597450990981 0.2964542194092827 0.948737526652452 0.0001807266855066 0.0003120145410481 0.0008152885574296 0.002902304578013
0 0.0100606475716064 0.0272684782608695 0.0010512910977456 0.0033973349745713 0.1646240506329114 0.5117247334754798 0.0003300710536939 0.0007966192063011 0.0016389541690153 0.0041477732793522
1 0.0001 0.0707380434782608 0.0003291431111358 0.0745609359898546 0.8680698312236287 0.9999 0.0022533843358901 0.0009480581641926 0.0008152885574296 0.0007227343506695
3 0.0449229140722291 0.0345134057971014 0.005189754559471 0.0010942274852744 0.0834166666666667 0.1397309168443496 0.0007498498183286 0.0028259012420478 0.0030478558730434 0.0069500778573653
0 0.0075704856787048 0.0544369565217391 0.0015581834345005 0.0083330972656999 0.2753613924050633 0.8432149253731344 0.0002170536939846 0.0019475552862768 0.0039582231279538 0.013177421364061
0 0.0137958904109589 0.2301264492753623 0.0107169641492922 0.0199473127210224 0.3027820675105485 0.7195722814498935 0.0004854699232943 0.0156376370796728 0.0244848371851016 0.055523357209592
0 0.012550809464508 0.4728315217391304 0.0200632255913769 0.0444324918574357 0.2004818565400844 0.5927319829424308 0.0002836532095276 0.0209985761890336 0.0385521788145514 0.1131262846465275
0 0.0075704856787048 0.058059420289855 0.0016553956634672 0.0088637242943576 0.3059459915611814 0.8378855010660983 0.0002977803794913 0.0022807209936382 0.004196652647097 0.0122433198380566
1 0.0013450809464508 0.1142076086956521 0.0009401914074979 0.0596661422029709 0.3987544303797468 0.5756778251599148 0.0006913229713362 0.0015538139957588 0.0016172787581841 0.0041477732793522
0 0.0088155666251556 0.1486210144927536 0.0046620310307946 0.0194036527478011 0.2880170886075949 0.9018385927505332 0.0002533807024626 0.0064301484398667 0.013018544855396 0.0380867953908439
0 0.0100606475716064 0.0725492753623188 0.0026136304918533 0.0085695521170667 0.2595417721518987 0.760075906183369 0.0002816350423899 0.0032196425325658 0.0061474396219052 0.0178479289940828
0 0.0075704856787048 0.0725492753623188 0.0020442445793341 0.0109918179566586 0.1698972573839662 0.7877889125799575 0.0001726540169559 0.0017355407452287 0.0049336166153579 0.0138001557147306
0 0.0075704856787048 0.0942840579710145 0.0026275179531343 0.0141830275254984 0.2268478902953586 0.6577509594882729 0.0002150355268469 0.0028864768252044 0.0054104756536443 0.0194047648707567
0 0.0075704856787048 0.2754072463768116 0.0074881294014695 0.0407814055304259 0.4377761603375528 0.9679234541577824 0.0004531792490916 0.0150318812481066 0.0224690239777999 0.0564574587355963
0 0.0001 0.061681884057971 0.0002944244579334 0.0652516898730523 0.1561869198312236 0.9999 0.0001343088413403 0.0001 0.0007069115032736 0.0016568358766739
0 0.0088155666251556 0.0327021739130434 0.0011068409428694 0.0045088589609175 0.4240658227848101 0.9999 0.0003341073879693 0.0019778430778551 0.0032429345705242 0.0097523824353783
0 0.006325404732254 0.0145898550724637 0.0004263553401025 0.0028797408904771 0.5316392405063292 0.9999 0.0003300710536939 0.0007966192063011 0.0011187443090664 0.0041477732793522
0 0.0088155666251556 0.0816054347826087 0.0026066867612128 0.010792600089759 0.2458314345991561 0.777130063965885 0.0001847630197819 0.0030682035746743 0.0062558166760612 0.0228298037994394
0 0.0162860523038605 0.5126786231884057 0.0276596669120608 0.0378564404005266 0.3302027426160338 0.5095929637526653 0.0009274485264432 0.0438961466222356 0.0464853791787711 0.0885282777950794
0 0.0075704856787048 0.0725492753623188 0.0020442445793341 0.0109918179566586 0.1836075949367089 0.7696688699360341 0.0001968720226079 0.0018566919115419 0.0048252395612019 0.0134887885393958
0 0.0075704856787048 0.0254572463768115 0.0007804856027669 0.0040769099410979 0.6887808016877637 0.9689893390191898 0.0011433924101735 0.0021292820357467 0.0021591640289641 0.0035250389286826
0 0.012550809464508 0.3985710144927536 0.0169316030725209 0.0374933798019713 0.2089189873417721 0.5138565031982943 0.0002917258780783 0.0182726749469857 0.0286248406538611 0.0969351915291186
0 0.0100606475716064 0.0779829710144927 0.0028011112191463 0.0091895479084457 0.4377761603375528 0.940210447761194 0.0005318877674606 0.0054912269009391 0.0080548757750509 0.0181592961694176
0 0.0113057285180572 0.0182123188405797 0.0008152042559693 0.0021350012011329 0.3481316455696203 0.9999 0.0002009083568833 0.0011600727052408 0.0023325673156137 0.0085069137340392
0 0.0075704856787048 0.0671155797101449 0.001898426235884 0.0101949464890603 0.2068097046413502 0.951935181236674 0.0001645813484053 0.0018869797031202 0.0054538264753067 0.0153569915914045
0 0.0137958904109589 0.0345134057971014 0.0017178892392315 0.0031906697107783 0.4989453586497891 0.8442808102345417 0.0017145337101332 0.0037042471978188 0.0043917313445778 0.0041477732793522
0 0.0113057285180572 0.0544369565217391 0.0022039503840651 0.0058586996478538 0.6255023206751055 0.7590100213219617 0.0012443007670569 0.0059455437746137 0.0051503707236699 0.0091296480847088
0 0.0100606475716064 0.1594884057971014 0.0056133221285402 0.018498794025248 0.2616510548523207 0.5298447761194031 0.0003381437222446 0.0071570554377461 0.0096588561765598 0.0340390221114917
0 0.0088155666251556 0.0363246376811594 0.0012179406331171 0.0049743212667576 0.3027820675105485 0.6513556503198294 0.0002957622123536 0.0016143895789154 0.0023975935481073 0.008818280909374
1 0.0013450809464508 0.0816054347826087 0.0006902171044407 0.0429094991927269 0.4841803797468355 0.5245153518123669 0.009383568833266 0.0013115116631323 0.0010537180765728 0.0001
0 0.0200212951432129 0.0417583333333333 0.002884435986832 0.0027158981588214 0.394535864978903 0.7174405117270789 0.0008467218409366 0.0051580611935777 0.006450895373542 0.0113092183120523
0 0.0088155666251556 0.0761717391304347 0.0024400372258414 0.0100944066309989 0.35867805907173 0.9220904051172708 0.0003441982236576 0.0039768373220236 0.0068627281793348 0.0187820305200872
0 0.0100606475716064 0.3243105072463768 0.0113002375230925 0.0373239515226455 0.1140012658227848 0.4914729211087421 0.0001787085183689 0.007732523477734 0.0183073450982092 0.0577029274369355
0 0.0088155666251556 0.0471920289855072 0.00155123970386 0.006370708184278 0.3744976793248945 0.9999 0.0003119075494549 0.002553311117843 0.0046301608637211 0.013177421364061
0 0.012550809464508 0.2011467391304348 0.0086060700345866 0.0190443158476926 0.1741158227848101 0.4339151385927505 0.0002473262010496 0.0079748258103604 0.012476659584616 0.0477391778262223
0 0.006325404732254 0.0508144927536231 0.0012596030169599 0.0090852843519375 0.320710970464135 0.6630803837953093 0.0002775987081146 0.001765828536807 0.0025276460130945 0.0100637496107131
0 0.0187762141967621 0.7028579710144928 0.0432691733918575 0.0453541072229991 0.3291481012658228 0.5405036247334754 0.0009779027048849 0.068580696758558 0.0767659281099596 0.1318083151666147
0 0.0100606475716064 0.0164010869565217 0.0006763296431597 0.0021554815425899 0.3080552742616034 0.7749982942430705 0.0003159438837303 0.0008269069978794 0.0014872262931968 0.004459140454687
0 0.0100606475716064 0.0327021739130434 0.0012387718250385 0.0040173307659503 0.5253113924050634 0.8506761194029852 0.0013573181267662 0.0027350378673129 0.0031345575163682 0.0038364061040174
0 0.0113057285180572 0.3061981884057971 0.0118557359743308 0.0317384038525641 0.2205200421940928 0.6897275053304904 0.0002331990310859 0.0133357649197212 0.0260888175866105 0.083235035814388
0 0.0113057285180572 0.0924728260869565 0.0036621338185656 0.0097685830169108 0.2289571729957806 0.8400172707889126 0.0003018167137666 0.0041282762799151 0.0095288037115726 0.0215843350981002
1 0.0013450809464508 0.9691090579710144 0.00749507313211 0.4990625589160379 0.5126556962025317 0.7195722814498935 0.0060273568833266 0.0173640411996364 0.0170718466808307 0.0057046091560261
0 0.0100606475716064 0.2663510869565217 0.0093004430986345 0.0307032156843757 0.0992362869198312 0.5287788912579958 0.0001343088413403 0.0057941048167222 0.0160531023717642 0.0517869511055745
0 0.0100606475716064 0.0145898550724637 0.0006138360673954 0.0019488162787969 0.2574324894514768 0.8943773987206823 0.0002210900282599 0.0006148924568312 0.0015305771148592 0.004459140454687
0 0.0100606475716064 0.0779829710144927 0.0028011112191463 0.0091895479084457 0.4187926160337553 0.8709279317697228 0.0004975789261203 0.0052792123598909 0.0074913150934397 0.0184706633447524
0 0.0075704856787048 0.0490032608695652 0.0014123650910505 0.0075343639488782 0.2300118143459916 0.7334287846481876 0.0001726540169559 0.0014932384126022 0.0031345575163682 0.0119319526627218
0 0.0137958904109589 0.0109673913043478 0.0006346672593168 0.0011724251526556 0.1709518987341772 0.5554260127931769 0.0006247234557932 0.0004331657073614 0.0010103672549104 0.0013454687013391
0 0.0100606475716064 0.5398471014492753 0.0187369730390454 0.0619413219539174 0.0855259493670886 0.5458330490405117 0.0001625631812676 0.0107310148439866 0.0334367818583878 0.0851032388663967
0 0.0088155666251556 0.2138253623188405 0.0066618254552525 0.0277819742529232 0.3006727848101266 0.9146292110874202 0.0002412716996366 0.0096103665555892 0.018935932012314 0.0586370289629398
0 0.0088155666251556 0.058059420289855 0.001884538774603 0.0077670951017983 0.2764160337552743 0.6854639658848615 0.0003280528865563 0.0024018721599515 0.003979898538785 0.0119319526627218
0 0.0075704856787048 0.1957130434782608 0.005349460364202 0.029077821312382 0.2437221518987341 0.5127906183368871 0.0002876895438029 0.0064301484398667 0.008921892208299 0.0346617564621613
0 0.012550809464508 0.1540547101449275 0.0066201630714097 0.0146429042836685 0.2584871308016878 0.7312970149253731 0.0002917258780783 0.0083988548924568 0.0152944629926722 0.0446255060728744
1 0.0225114570361145 0.8350778985507247 0.0610034614476407 0.0453596927706692 0.4968360759493671 0.6673439232409382 0.0033048494146144 0.1389392365949712 0.1307593764904825 0.0844805045157272
0 0.0088155666251556 0.4927550724637681 0.0152165016043226 0.0636225718026119 0.1720065400843881 0.7952501066098082 0.0001544905127169 0.014092959709179 0.038183696830421 0.1146831205232015
0 0.0150409713574097 0.7227815217391305 0.0361587932160071 0.0573742058090142 0.3291481012658228 0.5831390191897654 0.0008103948324586 0.0571621993335352 0.0686159736374279 0.129940112114606
2 0.0100606475716064 0.0001 0.0001138874612809 0.0002936323192294 0.9999 0.9999 0.0017145337101332 0.0001605755831566 0.0001433508216624 0.0001
0 0.0088155666251556 0.1051514492753623 0.0033288347478227 0.0138181050777198 0.2532139240506329 0.8805208955223882 0.0002654897052886 0.0040677006967585 0.009030269262455 0.023452538150109
0 0.0162860523038605 0.3623463768115942 0.0195910519078243 0.0268175363552225 0.3386398734177215 0.6172473347547974 0.0008749761808639 0.0316901666161769 0.039050713263669 0.0673553098723139
0 0.0088155666251556 0.0707380434782608 0.0022733876904699 0.0093962131722387 0.3112191983122362 0.9071680170575692 0.0002271445296729 0.0032499303241441 0.0062774920868924 0.0209616007474307
0 0.0113057285180572 0.0272684782608695 0.0011623907879932 0.0030659258128132 0.3407491561181434 0.7536805970149255 0.0003300710536939 0.0017052529536504 0.0026143476564193 0.0085069137340392
0 0.0025901618929016 0.0471920289855072 0.0006138360673954 0.0168436100656805 0.4525411392405064 0.9210245202558636 0.0002553988696003 0.0010692093305059 0.0015739279365217 0.0066387106820305
0 0.012550809464508 0.0327021739130434 0.0015026335893767 0.0033023806641799 0.2679789029535865 0.7749982942430705 0.0003946524020993 0.0018264041199636 0.0035247149113298 0.0078841793833696
0 0.0100606475716064 0.059870652173913 0.0021761754615032 0.0071210334212922 0.3523502109704641 0.6865298507462686 0.0003845615664109 0.0034619448651923 0.0046301608637211 0.0150456244160697
0 0.0113057285180572 0.0145898550724637 0.0006763296431597 0.0017626313564608 0.320710970464135 0.9284857142857144 0.0002210900282599 0.0008571947894577 0.0017690066340025 0.0060159763313609
0 0.0088155666251556 0.9220170289855072 0.0283818148986707 0.1187798550446653 0.0971270042194093 0.5000000000000001 0.0001645813484053 0.0176366313238412 0.046897211984564 0.1380356586733104
0 0.0075704856787048 0.0164010869565217 0.0005374550303501 0.0027475495956185 0.2616510548523207 0.75581236673774 0.0002009083568833 0.0005240290820963 0.0011187443090664 0.0041477732793522
0 0.0088155666251556 0.0345134057971014 0.0011623907879932 0.0047415901138376 0.4989453586497891 0.9338151385927504 0.0006045417844166 0.0024321599515298 0.0031995837488618 0.0072614450327
1 0.0013450809464508 0.0562481884057971 0.0004957926465072 0.0298765546292037 0.4894535864978904 0.5000000000000001 0.0065581348405329 0.000887482581036 0.0006852360924424 0.0001
0 0.0100606475716064 0.1540547101449275 0.0054258414012473 0.0178787982338689 0.2627056962025316 0.623642643923241 0.0003462163907953 0.0069450408966979 0.0108076529506135 0.0324821862348178
0 0.0150409713574097 0.5815054347826087 0.0291178503465614 0.0462031104688515 0.3407491561181434 0.6950569296375266 0.0008305765038352 0.0474701060284762 0.064757750509474 0.1056534724384927
0 0.0088155666251556 0.1323199275362318 0.0041620824246801 0.0173090723715206 0.3797708860759494 0.8346878464818763 0.0003300710536939 0.0072782066040593 0.0107859775397823 0.0352844908128309
0 0.006325404732254 0.0272684782608695 0.0007179920270026 0.0050525189341388 0.1540776371308017 0.7440876332622601 0.0003785070649979 0.0004634534989397 0.0015305771148592 0.0022795702273435
0 0.0187762141967621 0.6358423913043478 0.039158484852694 0.0410476499693664 0.356568776371308 0.7206381663113006 0.0009577210335082 0.0663999757649197 0.0900529549494862 0.129940112114606
0 0.0075704856787048 0.4166833333333333 0.011279406331171 0.0615279914263314 0.2194654008438818 0.6161814498933903 0.0002432898667743 0.0126088579218418 0.0223823223344751 0.0763849579570227
1 0.0001 0.2283152173913043 0.0009332476768574 0.236541818422214 0.6265569620253165 0.9999 0.0026570177634234 0.0023715843683732 0.0027010492997441 0.0016568358766739
0 0.0175311332503113 0.6430873188405797 0.0371309155056741 0.0442742346734501 0.3734430379746836 0.6012590618336887 0.0009657937020589 0.0655216298091487 0.0723874951220569 0.1274491747119277
0 0.0075704856787048 0.0671155797101449 0.001898426235884 0.0101949464890603 0.3776616033755274 0.9039703624733476 0.0002654897052886 0.0031893547409875 0.0051937215453323 0.0184706633447524
0 0.0088155666251556 0.2790297101449275 0.0086616198797105 0.0361602957580452 0.3312573839662447 0.9615281449893388 0.0002291626968106 0.0136386428355043 0.0258503880674673 0.0857259732170663
0 0.0050803237858032 0.1721670289855072 0.0033843845929465 0.0358344721439571 0.285907805907173 0.8272266524520256 0.0002574170367379 0.0045825931535898 0.0086617872783245 0.0268775770787916
0 0.0100606475716064 0.0218347826086956 0.0008638103704526 0.0027754773339689 0.504218565400844 0.8719938166311302 0.0005561057731126 0.001765828536807 0.0021808394397953 0.0057046091560261
0 0.0100606475716064 0.2210702898550724 0.0077381037045268 0.0255328603911037 0.3101645569620253 0.7227699360341151 0.0003441982236576 0.0114882096334444 0.0177004335949356 0.0536551541575833
0 0.0100606475716064 0.0834166666666666 0.0029885919464392 0.0098095436998247 0.2395035864978903 0.7579441364605546 0.0002069628582963 0.0034619448651923 0.0070361314659844 0.0237639053254437
0 0.0100606475716064 0.1359423913043478 0.0048009056436042 0.0158084218974921 0.3460223628691983 0.9466057569296376 0.0003421800565199 0.0077628112693123 0.0140372891644625 0.03652995951417
0 0.0050803237858032 0.0363246376811594 0.0007804856027669 0.0079067337935503 0.2964542194092827 0.7760641791044777 0.0001928356883326 0.0009480581641926 0.0017473312231713 0.0072614450327
0 0.0113057285180572 0.058059420289855 0.0023428249968746 0.0062310694925259 0.357623417721519 0.9807140724946696 0.0003119075494549 0.0037951105725537 0.0069711052334908 0.0194047648707567
2 0.0150409713574097 0.0001 0.0001416623838428 0.0002303294456352 0.9999 0.9999 0.0025218005651998 0.0002817267494698 0.0002300524649872 0.0001
0 0.006325404732254 0.0091561594202898 0.0003013681885738 0.0019488162787969 0.502109282700422 0.9114315565031984 0.0005379422688736 0.0004634534989397 0.0006635606816112 0.0016568358766739
0 0.012550809464508 0.2265039855072463 0.0096754045532204 0.0214144499090304 0.2331757383966245 0.6257744136460553 0.0003240165522809 0.0113670584671311 0.0194561418722629 0.0558347243849268
0 0.006325404732254 0.058059420289855 0.0014262525523314 0.0103271377839189 0.2648149789029536 0.8655985074626866 0.0001928356883326 0.0017052529536504 0.0036981181979794 0.0125546870133914
0 0.012550809464508 0.2192590579710145 0.0093698804050393 0.0207367367917272 0.215246835443038 0.6332356076759063 0.0002897077109406 0.0103069857618903 0.0190443090664701 0.0549006228589224
0 0.0088155666251556 0.0145898550724637 0.0005513424916311 0.0021815474317169 0.3259841772151899 0.7781959488272921 0.0003361255551069 0.0006754680399878 0.00118377054156 0.0035250389286826
0 0.0088155666251556 0.4166833333333333 0.0128834081091217 0.0538478633799695 0.1857168776371308 0.5405036247334754 0.0002291626968106 0.0126391457134201 0.0227508043186055 0.0798099968857053
0 0.0162860523038605 0.1504322463768116 0.0082172211187198 0.0112580623955991 0.2205200421940928 0.598061407249467 0.0003643798950343 0.0091863374734928 0.0158363482634522 0.0412004671441918
0 0.0100606475716064 0.1558659420289855 0.0054883349770116 0.0180854634976619 0.4135194092827005 0.9593963752665244 0.0003764888978603 0.0104281369282035 0.0162698564800763 0.0455596075988788
0 0.0088155666251556 0.0363246376811594 0.0012179406331171 0.0049743212667576 0.2721974683544303 0.7270334754797442 0.0002372353653613 0.0014629506210239 0.0026576984780817 0.0094410152600436
0 0.0088155666251556 0.0834166666666666 0.0026622366063367 0.0110253312426791 0.3270388185654008 0.8719938166311302 0.0003018167137666 0.0040071251136019 0.0071228331093092 0.0209616007474307
0 0.0088155666251556 0.0435695652173913 0.0014401400136124 0.0059052458784378 0.2458314345991561 0.8719938166311302 0.0001726540169559 0.0016143895789154 0.003763144430473 0.0128660541887262
0 0.0088155666251556 0.0327021739130434 0.0011068409428694 0.0045088589609175 0.4029729957805907 0.6417626865671644 0.0005036334275333 0.0018869797031202 0.0021374886181329 0.0066387106820305
0 0.0013450809464508 0.0327021739130434 0.0003152556498548 0.0177745346773607 0.1952086497890295 0.9999 0.0002614533710133 0.0001605755831566 0.0007719377357672 0.0013454687013391
0 0.0100606475716064 0.6666333333333333 0.0231115233425471 0.076422785213215 0.2922356540084388 0.615115565031983 0.0004370339119903 0.0330228294456225 0.0459434939079911 0.1271378075365929
0 0.012550809464508 0.3424228260869565 0.0145637909241176 0.0322466886905415 0.1973179324894514 0.4211245202558636 0.0003240165522809 0.0150318812481066 0.020648289467979 0.0735826533790096
0 0.0088155666251556 0.1268862318840579 0.0039954328893086 0.0166108789127604 0.3744976793248945 0.8965091684434968 0.0003139257165926 0.0068844653135413 0.0110677578805879 0.0346617564621613
1 0.0001 0.2228815217391304 0.000912416484936 0.2309562707521326 0.4135194092827005 0.9999 0.0014844626564392 0.0015538139957588 0.0026360230672505 0.0019682030520087
0 0.0050803237858032 0.0091561594202898 0.000259705804731 0.002321186123469 0.3671151898734178 0.8581373134328358 0.0003018167137666 0.0002514389578915 0.0005118328057928 0.0016568358766739
0 0.0088155666251556 0.5380358695652173 0.0166052477324184 0.0694408506256133 0.0907991561181435 0.5650189765458422 0.0001363270084779 0.0098526688882156 0.030553952217838 0.0863487075677359
0 0.0075704856787048 0.0182123188405797 0.0005860611448335 0.0030119321853357 0.2605964135021096 0.9999 0.0001423815098909 0.0005846046652529 0.0016172787581841 0.0057046091560261
0 0.0100606475716064 0.0127786231884057 0.0005513424916311 0.0017421510150039 0.5601145569620253 0.9700552238805972 0.004136334275333 0.0011600727052408 0.0014655508823656 0.0004113671753347
0 0.0088155666251556 0.0453807971014492 0.0014956898587362 0.0061379770313579 0.2236839662447257 0.5948637526652453 0.0001908175211949 0.0015538139957588 0.0027444001214065 0.0116205854873871
0 0.0088155666251556 0.125075 0.0039398830441848 0.0163781477598404 0.4346122362869199 0.987109381663113 0.0003744707307226 0.0077628112693123 0.011934774313836 0.0340390221114917
0 0.012550809464508 0.0453807971014492 0.0020373008486936 0.0044883786194605 0.2437221518987341 0.8805208955223882 0.0003401618893823 0.0023412965767949 0.0054538264753067 0.0113092183120523
0 0.0088155666251556 0.0091561594202898 0.0003846929562596 0.0014833539729568 0.4725793248945148 0.8442808102345417 0.0005036334275333 0.0006148924568312 0.0008369639682608 0.0022795702273435
0 0.0088155666251556 0.058059420289855 0.001884538774603 0.0077670951017983 0.392426582278481 0.8581373134328358 0.0003502527250706 0.0032802181157225 0.0049119412045267 0.0153569915914045
0 0.0075704856787048 0.0761717391304347 0.0021414568083008 0.0115243068345397 0.5200381856540085 0.9711211087420044 0.0004148340734759 0.0048551832777946 0.0062991674977236 0.0197161320460915
0 0.0088155666251556 0.0797942028985507 0.002551136916089 0.010559868936839 0.1625147679324894 0.7749982942430705 0.0002614533710133 0.0021292820357467 0.0061040888002428 0.0125546870133914
0 0.0100606475716064 0.1993355072463768 0.0069881807953551 0.0230491535271409 0.1393126582278481 0.75581236673774 0.0002210900282599 0.0054609391093608 0.0166383384642067 0.0355958579881656
0 0.0113057285180572 0.0308909420289855 0.0013012654008028 0.0034382956574852 0.5253113924050634 0.6332356076759063 0.0014360266451352 0.0028864768252044 0.0025059706022633 0.0038364061040174
0 0.0113057285180572 0.0200235507246376 0.0008846415623741 0.002321186123469 0.1382580168776371 0.3518420042643924 0.0003421800565199 0.0005543168736746 0.000967016433248 0.002902304578013
0 0.006325404732254 0.0653043478260869 0.0015929020877029 0.0115689912159003 0.2679789029535865 0.79844776119403 0.0001847630197819 0.0019475552862768 0.0038498460737978 0.0147342572407349
0 0.0088155666251556 0.123263768115942 0.003884333199061 0.0161454166069203 0.3829348101265822 0.982845842217484 0.0003341073879693 0.0068238897303847 0.011718020205524 0.0327935534101526
0 0.0100606475716064 0.5489032608695652 0.019049440917867 0.0629765101221058 0.1582962025316456 0.7323628997867805 0.0001645813484053 0.0166674219933353 0.0443611889173134 0.1302514792899408
0 0.0075704856787048 0.0236460144927536 0.0007318794882835 0.0038106655021573 0.3006727848101266 0.7718006396588486 0.0001766903512313 0.000887482581036 0.0016172787581841 0.0072614450327
0 0.0137958904109589 0.4891326086956521 0.0226324059283541 0.0421331080665855 0.2068097046413502 0.5298447761194031 0.0002735623738393 0.024269657679491 0.0393541690153059 0.1346106197446278
0 0.0137958904109589 0.4909438405797101 0.0227157306960398 0.0422895034013478 0.2922356540084388 0.7334287846481876 0.0004511610819539 0.0324473614056346 0.0530096778389628 0.1221559327312363
1 0.0001 0.5108673913043479 0.0020164696567721 0.5269902972664448 0.9925175105485232 0.9999 0.0282534315704481 0.0083988548924568 0.0060824133894116 0.0004113671753347
0 0.0113057285180572 0.1939018115942029 0.0075506229772338 0.0201949386677293 0.2816892405063291 0.7291652452025585 0.0003300710536939 0.0103372735534686 0.0174186532541299 0.0499187480535658
0 0.0075704856787048 0.0236460144927536 0.0007318794882835 0.0038106655021573 0.2468860759493671 0.9999 0.0002755805409769 0.0007360436231445 0.0020724623856393 0.004459140454687
0 0.006325404732254 0.0109673913043478 0.0003430305724167 0.0022597450990981 0.4219565400843882 0.9999 0.0003785070649979 0.0004634534989397 0.000858639379092 0.0022795702273435
0 0.0113057285180572 0.2645398550724637 0.0102586779270206 0.0274561506388351 0.1224383966244726 0.5202518123667379 0.0001585268469923 0.0073690699787943 0.0174836794866235 0.0592597633136094
3 0.0648442092154421 0.0852278985507246 0.017716244634895 0.001773802451801 0.1108373417721519 0.2207381663113006 0.0014804263221639 0.0120031020902756 0.0147959285435546 0.0156683587667393
0 0.006325404732254 0.0761717391304347 0.0018428763907602 0.0134308404392608 0.3006727848101266 0.9668575692963752 0.0002352171982236 0.0025230233262647 0.0053671248319819 0.0159797259420741
0 0.0088155666251556 0.1685445652173913 0.0052730793271568 0.0219636954299218 0.4567597046413502 0.9167609808102348 0.0005177605974969 0.0109430293850348 0.0149693318302042 0.0368413266895048
1 0.0001 0.2735960144927536 0.0011068409428694 0.2830880490062253 0.8121738396624473 0.9999 0.0021908211546225 0.0036739594062405 0.0032429345705242 0.0032136717533478
0 0.0137958904109589 0.1286974637681159 0.0060507771588904 0.0112580623955991 0.6023002109704642 0.8506761194029852 0.0012564097698829 0.0161828173280823 0.0160531023717642 0.0246980068514481
0 0.0100606475716064 0.3551014492753623 0.0123626283110858 0.0408409847055734 0.2342303797468355 0.679068656716418 0.0002493443681873 0.0145775643744319 0.0268257815548714 0.0863487075677359
0 0.0088155666251556 0.0435695652173913 0.0014401400136124 0.0059052458784378 0.3723883966244726 0.8560055437100214 0.0002695260395639 0.0023412965767949 0.0036981181979794 0.0134887885393958
0 0.0100606475716064 0.1920905797101449 0.0067382064922978 0.0222224924719689 0.3365305907172995 0.6268402985074628 0.0004208885748889 0.0107007270524083 0.0135170793045137 0.0427573030208657
0 0.0113057285180572 0.0671155797101449 0.0026900115288986 0.0071619941042062 0.394535864978903 0.9434081023454158 0.0005278514331853 0.0047946076946379 0.0077514200234141 0.0159797259420741
0 0.0113057285180572 0.0145898550724637 0.0006763296431597 0.0017626313564608 0.3080552742616034 0.8464125799573562 0.0002453080339119 0.0008269069978794 0.0016172787581841 0.0053932419806913
0 0.0100606475716064 0.1449985507246377 0.0051133735224257 0.0168436100656805 0.3122738396624472 0.9220904051172708 0.0003441982236576 0.0075810845198424 0.0146008498460737 0.0355958579881656
0 0.0162860523038605 0.3913260869565217 0.0211464475712916 0.0289456300175235 0.2279025316455696 0.6076543710021323 0.0003260347194186 0.0245119600121175 0.0415433855092572 0.1190422609778885
0 0.0113057285180572 0.1812231884057971 0.0070645618324003 0.018891644211377 0.4114101265822785 0.8453466950959487 0.0004874880904319 0.0133963405028779 0.0186758270823396 0.0474278106508875
0 0.012550809464508 0.0743605072463768 0.0032593974414179 0.0071955073902266 0.2447767932489451 0.6311038379530918 0.0002876895438029 0.0038556861557103 0.0064942461952044 0.0209616007474307
0 0.0075704856787048 0.1757894927536231 0.0048147931048851 0.0261528561824828 0.1635694092827004 0.45736460554371 0.0001847630197819 0.0041888518630717 0.0072528855742964 0.0309253503581438
0 0.0038352428393524 0.0308909420289855 0.0005513424916311 0.0084652885605585 0.2089189873417721 0.4968023454157783 0.0004168522406136 0.0004331657073614 0.0007719377357672 0.0019682030520087
0 0.0100606475716064 0.9654865942028984 0.0334229633436584 0.1105560670250822 0.1234930379746835 0.6449603411513859 0.0001686176826806 0.0244513844289609 0.0694829900706759 0.1887885082528807
0 0.006325404732254 0.0218347826086956 0.000593004875474 0.0041215943224585 0.2964542194092827 0.9039703624733476 0.0001746721840936 0.0006754680399878 0.0014872262931968 0.0057046091560261
1 0.0001 0.6847456521739131 0.0026830677982581 0.7057278227090482 0.960878270042194 0.9999 0.0121746939846588 0.0109430293850348 0.0081632528292069 0.0016568358766739
0 0.0113057285180572 0.4529079710144927 0.0174801577931187 0.0468193825617838 0.2416128691983123 0.6886616204690831 0.0002553988696003 0.0212408785216601 0.0384438017603954 0.1237127686079103
0 0.012550809464508 0.5452807971014493 0.0231184670731876 0.0512040374827977 0.3449677215189873 0.7909865671641791 0.0004652882519176 0.0380506028476219 0.0578216190434895 0.1392811273746496
0 0.0100606475716064 0.1449985507246377 0.0051133735224257 0.0168436100656805 0.247940717299578 0.8144360341151387 0.0003462163907953 0.0062181338988185 0.0129968694445648 0.0290571473061351
0 0.006325404732254 0.0182123188405797 0.0005096801077882 0.0034997366818561 0.2648149789029536 0.692925159914712 0.0002089810254339 0.000493741290518 0.000967016433248 0.0038364061040174
0 0.0113057285180572 0.5833166666666667 0.0224796438542636 0.0602246969699791 0.1540776371308017 0.6545533049040514 0.0001766903512313 0.0193024598606482 0.0472656939686944 0.144574369355341
0 0.0088155666251556 0.0254572463768115 0.0008846415623741 0.0035779343492373 0.2089189873417721 0.7952501066098082 0.0003300710536939 0.0007966192063011 0.0020507869748081 0.0041477732793522
0 0.0100606475716064 0.121452536231884 0.0043009570374897 0.014155099787148 0.2985635021097046 0.7749982942430705 0.0003684162293096 0.0060969827325053 0.0104174955556519 0.0271889442541264
0 0.0113057285180572 0.184845652173913 0.0072034364452099 0.0192640140560491 0.2089189873417721 0.5842049040511728 0.0002553988696003 0.0077022356861557 0.0135604301261761 0.045248240423544
0 0.0113057285180572 0.0471920289855072 0.0019262011584459 0.0051139599585097 0.2616510548523207 0.6204449893390193 0.0002977803794913 0.0023412965767949 0.0037197936088106 0.0125546870133914
0 0.0137958904109589 0.4637753623188406 0.0214658591807536 0.0399621918721473 0.2437221518987341 0.5895343283582088 0.0005036334275333 0.0262989397152378 0.041088201881802 0.0903964808470881
0 0.0050803237858032 0.0453807971014492 0.0009540788687789 0.0097685830169108 0.464142194092827 0.7707347547974416 0.0003764888978603 0.0018264041199636 0.0021591640289641 0.0081955465587044
0 0.0088155666251556 0.0200235507246376 0.0007179920270026 0.0028797408904771 0.5052732067510549 0.8005795309168443 0.0004693245861929 0.0014326628294456 0.0016389541690153 0.0053932419806913
0 0.0075704856787048 0.0290797101449275 0.0008776978317336 0.004609398818979 0.3797708860759494 0.9284857142857144 0.0004471247476786 0.001372087246289 0.0023542427264449 0.0053932419806913
0 0.0100606475716064 0.3623463768115942 0.012612602614143 0.0416676457607454 0.105564135021097 0.4200586353944563 0.0001544905127169 0.0082171281429869 0.0178304860599228 0.0670439426969791
0 0.006325404732254 0.058059420289855 0.0014262525523314 0.0103271377839189 0.2279025316455696 0.8378855010660983 0.0001787085183689 0.0014932384126022 0.0035897411438234 0.0116205854873871
0 0.0075704856787048 0.0363246376811594 0.001072122289667 0.0056725147255178 0.2184107594936709 0.8261607675906183 0.0001928356883326 0.0010389215389275 0.0026143476564193 0.0078841793833696
0 0.0113057285180572 0.9238282608695652 0.035533857458364 0.0952274623691556 0.1118919831223629 0.6001931769722815 0.0001706358498183 0.024269657679491 0.0691795343190391 0.1853634693241981
0 0.0100606475716064 0.0906615942028985 0.0032385662494964 0.0106380666042201 0.2574324894514768 0.7718006396588486 0.0003704343964473 0.0040071251136019 0.0077730954342453 0.0178479289940828
3 0.0436778331257783 0.309820652173913 0.0430469740113622 0.0089828826446527 0.0802527426160337 0.2932183368869936 0.0008749761808639 0.0239062041805513 0.0451631791180679 0.0508528495795702
0 0.0075704856787048 0.1812231884057971 0.0049606114483352 0.0269515894993044 0.4736339662447257 0.9711211087420044 0.0005419786031489 0.0106098636776734 0.0148609547760482 0.0343503892868265
0 0.0100606475716064 0.0924728260869565 0.0033010598252607 0.0108447318680131 0.2468860759493671 0.6289720682302773 0.0002695260395639 0.0039465495304453 0.006559272427698 0.0225184366241046
0 0.0113057285180572 0.0779829710144927 0.0031066353673273 0.0082791036382224 0.2806345991561181 0.8613349680170577 0.0002513625353249 0.0041282762799151 0.0082499544725317 0.0246980068514481
3 0.1955777085927771 0.3007644927536232 0.1832686705651938 0.0020549416845284 0.1140012658227848 0.2281993603411514 0.0015611530076705 0.1274904513783701 0.1577235875644972 0.1588972594207411
1 0.0001 0.0200235507246376 0.0001347186532023 0.0224291577357619 0.6487044303797469 0.9999 0.0007054501412999 0.0001302877915783 0.000208377054156 0.0004113671753347
0 0.0100606475716064 0.0942840579710145 0.0033635534010251 0.0110513971318061 0.2795799578059072 0.7920524520255865 0.0002331990310859 0.0044614419872765 0.0082716298833629 0.0281230457801308
0 0.0113057285180572 0.0490032608695652 0.0019956384648507 0.0053001448808457 0.2996181434599156 0.8400172707889126 0.0002372353653613 0.0027350378673129 0.0051070199020075 0.0172251946434132
0 0.0100606475716064 0.0327021739130434 0.0012387718250385 0.0040173307659503 0.2099736286919831 0.9753846481876334 0.0001686176826806 0.0011903604968191 0.0035680657329922 0.0097523824353783
0 0.0050803237858032 0.0055336956521739 0.0001902684983262 0.0015764464341248 0.3671151898734178 0.3603690831556503 0.0015127169963665 0.0001302877915783 0.0001216754108312 0.0001
0 0.0088155666251556 0.1305086956521739 0.0041065325795563 0.0170763412186006 0.1930993670886076 0.789920682302772 0.0001948538554703 0.0040374129051802 0.010114039804015 0.0287457801308003
0 0.0088155666251556 0.0290797101449275 0.0009957412526217 0.0040433966550774 0.3871533755274261 0.953001066098081 0.0003240165522809 0.0016143895789154 0.0027660755322377 0.0081955465587044
0 0.0038352428393524 0.1757894927536231 0.0027733362965843 0.0457022730277675 0.4968360759493671 0.978582302771855 0.0003300710536939 0.0060969827325053 0.0082716298833629 0.0296798816568047
0 0.0038352428393524 0.0200235507246376 0.0003846929562596 0.0056725147255178 0.0992362869198312 0.9999 0.0001 0.0001 0.0009886918440792 0.0019682030520087
0 0.0088155666251556 0.0526257246376811 0.0017178892392315 0.0070689016430381 0.3280934599156118 0.8400172707889126 0.0003603435607589 0.0025230233262647 0.0043700559337466 0.0116205854873871
0 0.0088155666251556 0.0852278985507246 0.0027177864514605 0.0112580623955991 0.2911810126582279 0.8773232409381663 0.0003018167137666 0.0037042471978188 0.00731791180679 0.0194047648707567
0 0.0137958904109589 0.0707380434782608 0.0033843845929465 0.0062925105168968 0.2310664556962025 0.7153087420042645 0.0002957622123536 0.003825398364132 0.0075780167367645 0.0203388663967611
0 0.012550809464508 0.1123963768115942 0.0048633992193685 0.0107497775576217 0.2953995780590718 0.705715778251599 0.0004572155833669 0.006854177521963 0.0108293283614447 0.0256321083774525
0 0.0038352428393524 0.0308909420289855 0.0005513424916311 0.0084652885605585 0.2964542194092827 0.6449603411513859 0.0002432898667743 0.0006148924568312 0.0009886918440792 0.0041477732793522
4 0.1021966376089663 0.2681623188405797 0.0859245107163196 0.0034289864113684 0.3544594936708861 0.4371127931769723 0.0057044501412999 0.1453905362011511 0.1264893205567359 0.0517869511055745
0 0.0075704856787048 0.0526257246376811 0.0015095773200172 0.0080668528267593 0.2616510548523207 0.8783891257995737 0.0001867811869196 0.0017961163283853 0.003979898538785 0.0134887885393958
0 0.0100606475716064 0.1721670289855072 0.0060507771588904 0.0199473127210224 0.2416128691983123 0.8027113006396588 0.0002937440452159 0.007247918812481 0.0152077613493474 0.0383981625661787
0 0.0050803237858032 0.1776007246376811 0.0034885405525537 0.0369515816779734 0.320710970464135 0.8730597014925373 0.0002009083568833 0.0052186367767343 0.0093987512465854 0.0362185923388352
0 0.012550809464508 0.1160188405797101 0.005016161293459 0.0110886341162733 0.356568776371308 0.8687961620469083 0.0004249249091643 0.0083382793093002 0.0135387547153449 0.0331049205854873
0 0.012550809464508 0.4909438405797101 0.0208270359618296 0.0461249128014704 0.1224383966244726 0.5682166311300639 0.0001867811869196 0.0151530324144198 0.0385521788145514 0.1093898785425101
0 0.0100606475716064 0.1468097826086956 0.0051758670981901 0.0170502753294735 0.2036457805907173 0.5330424307036248 0.0001968720226079 0.0053700757346258 0.0089435676191302 0.0377754282155091
0 0.0088155666251556 0.0363246376811594 0.0012179406331171 0.0049743212667576 0.5232021097046414 0.9999 0.0006126144529672 0.0026744622841563 0.0035897411438234 0.0078841793833696
0 0.0001 0.0562481884057971 0.0002735932660119 0.0596661422029709 0.4071915611814346 0.9999 0.0003018167137666 0.0003120145410481 0.00064188527078 0.0019682030520087
0 0.0113057285180572 0.0399471014492753 0.0016484519328268 0.0043692202691655 0.2068097046413502 0.6566850746268658 0.0003401618893823 0.0016143895789154 0.003329636213849 0.0078841793833696
0 0.0088155666251556 0.1123963768115942 0.003551034128318 0.0147490296894 0.2964542194092827 0.7163746268656717 0.0002170536939846 0.0049763344441078 0.0079681741317261 0.0327935534101526
1 0.0001 0.0327021739130434 0.0001833247676857 0.035462102299285 0.7225293248945148 0.9999 0.0008406673395236 0.0003120145410481 0.0003601049299744 0.0007227343506695
0 0.0075704856787048 0.0109673913043478 0.0003916366869001 0.0019488162787969 0.2036457805907173 0.9999 0.0002432898667743 0.0002514389578915 0.0010103672549104 0.0019682030520087
0 0.0100606475716064 0.1486210144927536 0.0052383606739544 0.0172569405932665 0.25005 0.7344946695095951 0.0002876895438029 0.0064301484398667 0.0121081776004856 0.0346617564621613
0 0.0050803237858032 0.0109673913043478 0.0002944244579334 0.0026935559681411 0.3976997890295359 0.9689893390191898 0.0001726540169559 0.0003423023326264 0.0006852360924424 0.0032136717533478
0 0.0088155666251556 0.0308909420289855 0.0010512910977456 0.0042761278079974 0.1287662447257384 0.4221904051172708 0.0004027250706499 0.0006451802484095 0.0013788492390408 0.002902304578013
0 0.0100606475716064 0.0417583333333333 0.00155123970386 0.0050525189341388 0.247940717299578 0.9061021321961622 0.0002453080339119 0.001765828536807 0.0042183280579282 0.0109978511367175
0 0.0137958904109589 0.5978065217391304 0.0276318919894989 0.0514423541833878 0.1952086497890295 0.5042635394456291 0.0003401618893823 0.0284190851257194 0.0460085201404847 0.1339878853939582
0 0.0187762141967621 0.74995 0.0461577653382967 0.0483796122109599 0.3555141350210971 0.6534874200426439 0.0009415756964069 0.0780910633141472 0.0970541126479642 0.1551608533167237
0 0.0100606475716064 0.184845652173913 0.0064882321892406 0.0213939695675735 0.321765611814346 0.8549396588486142 0.0003966705692369 0.0099132444713723 0.0173102761999739 0.0415118343195266
1 0.0001 0.0381358695652173 0.0002041559596071 0.0410476499693664 0.9524411392405064 0.9999 0.004136334275333 0.0005240290820963 0.000425131162468 0.0001
0 0.0088155666251556 0.0272684782608695 0.0009401914074979 0.0038106655021573 0.3491862869198312 0.7249017057569296 0.0003684162293096 0.001372087246289 0.0020074361531457 0.0063273435066957
0 0.0100606475716064 0.0308909420289855 0.0011762782492742 0.0038106655021573 0.2837985232067511 0.6311038379530918 0.0003542890593459 0.0014629506210239 0.0022458656722889 0.0069500778573653
0 0.006325404732254 0.0055336956521739 0.0002180434208881 0.0013288204874178 0.604409493670886 0.7781959488272921 0.0009072668550666 0.0003423023326264 0.0003601049299744 0.0007227343506695
0 0.0075704856787048 0.0055336956521739 0.00024581834345 0.0011500829619752 0.2089189873417721 0.8474784648187633 0.0003684162293096 0.0001 0.0004684819841304 0.0007227343506695
0 0.012550809464508 0.1268862318840579 0.0054744475157306 0.0121052037922282 0.6476497890295358 0.9327492537313432 0.0011474287444489 0.0156376370796728 0.015814672852621 0.0259434755527872
0 0.0075704856787048 0.1939018115942029 0.0053008542497187 0.0288134387226649 0.3270388185654008 0.7941842217484011 0.0003240165522809 0.0081868403514086 0.0131702727312144 0.0402663656181874
0 0.012550809464508 0.0127786231884057 0.0006624421818787 0.0014405314408195 0.6887808016877637 0.9999 0.0014622628179249 0.001765828536807 0.0018557082773273 0.0022795702273435
0 0.0113057285180572 0.0671155797101449 0.0026900115288986 0.0071619941042062 0.1509137130801688 0.5202518123667379 0.0001968720226079 0.0021292820357467 0.0044784329879027 0.0153569915914045
0 0.0075704856787048 0.061681884057971 0.0017526078924339 0.0093962131722387 0.2637603375527426 0.934881023454158 0.0001968720226079 0.0021292820357467 0.0049336166153579 0.0153569915914045
0 0.012550809464508 0.1757894927536231 0.0075367355159529 0.0166741817863547 0.3639512658227848 0.7632735607675907 0.0004249249091643 0.0128511602544683 0.0181339418115596 0.0508528495795702
0 0.0088155666251556 0.9491855072463768 0.0292150625755281 0.1222708223384662 0.0454495780590717 0.4072680170575693 0.0001686176826806 0.011942526507119 0.0403729133243723 0.0922646838990968
0 0.0100606475716064 0.1757894927536231 0.006175764310419 0.0203606432486084 0.463087552742616 0.9721869936034117 0.0004592337505046 0.0130025992123598 0.0185674500281836 0.0483619121768919
0 0.0100606475716064 0.4510967391304348 0.0156747878265942 0.0518054147819431 0.3312573839662447 0.7526147121535182 0.0004229067420266 0.0248148379279006 0.0373817066296665 0.0984920274057925
0 0.0100606475716064 0.4673978260869565 0.016237230008473 0.0536672640053036 0.177279746835443 0.7323628997867805 0.0001766903512313 0.0153953347470463 0.0377718640246281 0.1149944876985362
0 0.0088155666251556 0.2844634057971014 0.008828269415082 0.0368584892168054 0.0528320675105485 0.3028113006396588 0.0001665995155429 0.0037951105725537 0.0094204266574166 0.0299912488321395
0 0.0050803237858032 0.0109673913043478 0.0002944244579334 0.0026935559681411 0.3671151898734178 0.9999 0.0001343088413403 0.0003120145410481 0.0007069115032736 0.0035250389286826
0 0.0075704856787048 0.0290797101449275 0.0008776978317336 0.004609398818979 0.1846622362869198 0.8837185501066098 0.0002009083568833 0.0007057558315661 0.0022458656722889 0.0053932419806913
0 0.0050803237858032 0.0055336956521739 0.0001902684983262 0.0015764464341248 0.6835075949367089 0.9999 0.0003684162293096 0.0003120145410481 0.0003817803408056 0.0016568358766739
2 0.0100606475716064 0.0001 0.0001138874612809 0.0002936323192294 0.9999 0.9999 0.0017145337101332 0.0001605755831566 0.0001433508216624 0.0001
0 0.0150409713574097 0.0671155797101449 0.0034815968219132 0.005529152335319 0.2458314345991561 0.9007727078891258 0.0006287597900686 0.0041585640714934 0.0096588561765598 0.0119319526627218
0 0.0113057285180572 0.4221170289855072 0.0162997235842373 0.043654238882071 0.143531223628692 0.5884684434968017 0.0001766903512313 0.0132449015449863 0.0310958374886181 0.0991147617564621
1 0.0001 0.3369891304347826 0.0013498715152862 0.3482527718238412 0.960878270042194 0.9999 0.005086890997174 0.0053397879430475 0.0040015739496162 0.0019682030520087
0 0.0001 0.0797942028985507 0.0003638617643381 0.0838701821066568 0.320710970464135 0.9999 0.0001141271699636 0.0003725901242047 0.0009236656115856 0.004459140454687
0 0.0088155666251556 0.0254572463768115 0.0008846415623741 0.0035779343492373 0.2532139240506329 0.7952501066098082 0.0002695260395639 0.0009480581641926 0.0020507869748081 0.0057046091560261
0 0.012550809464508 0.0327021739130434 0.0015026335893767 0.0033023806641799 0.3439130801687763 0.8933115138592751 0.0002876895438029 0.0022807209936382 0.0040232493604474 0.0125546870133914
0 0.0113057285180572 0.0200235507246376 0.0008846415623741 0.002321186123469 0.3323120253164557 0.9999 0.0002392535324989 0.0012206482883974 0.0025493214239257 0.0078841793833696
0 0.0075704856787048 0.0997177536231884 0.0027733362965843 0.0149817608423201 0.0960723628691983 0.3614349680170576 0.0002130173597093 0.0015841017873371 0.0033513116246802 0.0109978511367175
0 0.0075704856787048 0.0363246376811594 0.001072122289667 0.0056725147255178 0.2964542194092827 0.7749982942430705 0.0001807266855066 0.001372087246289 0.0024626197806009 0.0106864839613827
0 0.0100606475716064 0.0997177536231884 0.003551034128318 0.0116713929231852 0.3027820675105485 0.9263539445629 0.0003462163907953 0.0050671978188427 0.010114039804015 0.0237639053254437
2 0.084765504358655 0.0037224637681159 0.0014887461280957 0.0001670265720409 0.6233930379746835 0.948737526652452 0.0003179620508679 0.003916261738867 0.0042183280579282 0.0197161320460915
0 0.0137958904109589 0.4710202898550724 0.0217991582514966 0.0405821876635263 0.1804436708860759 0.5500965884861408 0.0002856713766653 0.0210288639806119 0.0391807657286562 0.1131262846465275
0 0.0113057285180572 0.0381358695652173 0.001579014626422 0.0041830353468294 0.2953995780590718 0.6950569296375266 0.0003320892208316 0.0020989942441684 0.0033513116246802 0.0103751167860479
0 0.0088155666251556 0.0272684782608695 0.0009401914074979 0.0038106655021573 0.390317299578059 0.991372921108742 0.0002735623738393 0.0015235262041805 0.0027010492997441 0.008818280909374
0 0.0050803237858032 0.0471920289855072 0.0009887975219813 0.0101409528615829 0.2268478902953586 0.5969955223880598 0.0002432898667743 0.0009783459557709 0.0017690066340025 0.0063273435066957
0 0.0075704856787048 0.0308909420289855 0.0009263039462169 0.0048737814086962 0.2300118143459916 0.8730597014925373 0.0001726540169559 0.0009177703726143 0.0023542427264449 0.0075728122080348
0 0.012550809464508 0.4891326086956521 0.0207506549247843 0.0459554845221446 0.1319301687763713 0.5607554371002132 0.0001988901897456 0.0158496516207209 0.0379235919004466 0.1097012457178449
0 0.0100606475716064 0.0327021739130434 0.0012387718250385 0.0040173307659503 0.35867805907173 0.8186995735607677 0.0003643798950343 0.0019172674946985 0.0030261804622122 0.008818280909374
0 0.0100606475716064 0.0834166666666666 0.0029885919464392 0.0098095436998247 0.3512955696202532 0.9114315565031984 0.0004047432377876 0.0048248954862162 0.0083583315266877 0.0200274992214263
0 0.0100606475716064 0.2989532608695652 0.0104253274623921 0.0344269141310966 0.2342303797468355 0.5799413646055438 0.0002775987081146 0.0122756922144804 0.0195645189264189 0.0673553098723139
0 0.0113057285180572 0.0653043478260869 0.0026205742224938 0.0069758091818701 0.318601687763713 0.6886616204690831 0.0005439967702866 0.0038556861557103 0.0056272297619563 0.0125546870133914
0 0.0100606475716064 0.0363246376811594 0.0013637589765671 0.0044306612935364 0.3302027426160338 0.8986409381663114 0.0003623617278966 0.0019778430778551 0.003654767376317 0.0091296480847088
0 0.0088155666251556 0.0164010869565217 0.0006068923367549 0.002414278584637 0.4198472573839663 0.987109381663113 0.0002432898667743 0.0009783459557709 0.0016606295798465 0.0063273435066957
0 0.0100606475716064 0.9672978260869564 0.0334854569194227 0.1107627322888752 0.0570506329113924 0.4349810234541577 0.0001423815098909 0.0153347591638897 0.0489780514243593 0.1311855808159451
0 0.0075704856787048 0.3442340579710145 0.0093351617518369 0.0508893849640498 0.2690335443037974 0.7312970149253731 0.0002331990310859 0.012336267797637 0.021623682955383 0.0766963251323575
0 0.0088155666251556 0.0127786231884057 0.0004957926465072 0.0019488162787969 0.1920447257383966 0.2836253731343284 0.0009072668550666 0.0003423023326264 0.0004034557516368 0.0007227343506695
0 0.0088155666251556 0.0127786231884057 0.0004957926465072 0.0019488162787969 0.3238748945147679 0.7504829424307037 0.0002291626968106 0.0005846046652529 0.0010103672549104 0.0041477732793522
0 0.0075704856787048 0.0544369565217391 0.0015581834345005 0.0083330972656999 0.2616510548523207 0.8719938166311302 0.0002957622123536 0.0018566919115419 0.004088275592941 0.0100637496107131
0 0.0075704856787048 0.0290797101449275 0.0008776978317336 0.004609398818979 0.3618419831223629 0.7675371002132196 0.0002634715381509 0.0013115116631323 0.0019640853314833 0.0078841793833696
0 0.0100606475716064 0.3188768115942029 0.0111127567957995 0.0367039557312665 0.1519683544303797 0.7334287846481876 0.0001766903512313 0.0093680642229627 0.0258503880674673 0.0704689816256618
0 0.0050803237858032 0.0345134057971014 0.0007457669495645 0.0075343639488782 0.4620329113924051 0.9892411513859276 0.0002170536939846 0.001372087246289 0.0020941377964705 0.0094410152600436
0 0.0113057285180572 0.061681884057971 0.0024816996096842 0.006603439337198 0.2890717299578059 0.5554260127931769 0.0003502527250706 0.0033407936988791 0.0043700559337466 0.0156683587667393
0 0.0050803237858032 0.0073449275362318 0.0002249871515286 0.0019488162787969 0.7046004219409282 0.7014522388059701 0.0035308841340331 0.0004331657073614 0.0003384295191432 0.0001
0 0.0088155666251556 0.0725492753623188 0.0023289375355937 0.0096289443251588 0.3280934599156118 0.9380786780383796 0.0002271445296729 0.0034922326567706 0.0066459740710228 0.0225184366241046
0 0.0075704856787048 0.0671155797101449 0.001898426235884 0.0101949464890603 0.2184107594936709 0.6673439232409382 0.0002009083568833 0.0019778430778551 0.0039148723062914 0.0141115228900654
0 0.0100606475716064 0.059870652173913 0.0021761754615032 0.0071210334212922 0.2721974683544303 0.8879820895522388 0.0002231081953976 0.0027653256588912 0.0058873346919307 0.0181592961694176
0 0.0100606475716064 0.1540547101449275 0.0054258414012473 0.0178787982338689 0.3006727848101266 0.7408899786780384 0.0003401618893823 0.0077930990608906 0.0126500628712656 0.0368413266895048
0 0.0100606475716064 0.1703557971014492 0.0059882835831261 0.0197406474572294 0.2447767932489451 0.8389513859275053 0.0002836532095276 0.007247918812481 0.0156846203876338 0.0393322640921831
0 0.0100606475716064 0.3496677536231884 0.0121751475837928 0.0402209889141944 0.1234930379746835 0.5703484008528784 0.0001746721840936 0.0088228839745531 0.0225557256211247 0.0667325755216443
0 0.0075704856787048 0.0363246376811594 0.001072122289667 0.0056725147255178 0.2753613924050633 0.6449603411513859 0.0003199802180056 0.001281223871554 0.0020724623856393 0.0066387106820305
0 0.0137958904109589 0.0761717391304347 0.0036343588960037 0.0067579728227369 0.2721974683544303 0.7792618336886995 0.0003663980621719 0.0047340321114813 0.008813515154143 0.0212729679227654
0 0.0001 0.1377536231884057 0.0005860611448335 0.1434493572541913 0.2880170886075949 0.9999 0.0001080726685506 0.0006451802484095 0.0016172787581841 0.0072614450327
0 0.0100606475716064 0.2301264492753623 0.0080505715833483 0.0265661867100688 0.176225105485232 0.7280993603411515 0.0001887993540573 0.0075205089366858 0.0185457746173524 0.0542778885082528
0 0.0038352428393524 0.0272684782608695 0.0004957926465072 0.0075343639488782 0.357623417721519 0.9338151385927504 0.0002352171982236 0.0006451802484095 0.0012487967740536 0.004459140454687
0 0.0075704856787048 0.0272684782608695 0.0008290917172502 0.0043431543800384 0.2184107594936709 0.7526147121535182 0.0003159438837303 0.0007663314147228 0.0018123574556649 0.0041477732793522
1 0.0001 0.1123963768115942 0.0004888489158668 0.117383468127145 0.5643331223628691 0.9999 0.0003643798950343 0.0010086337473492 0.0013138230065472 0.0047705076300218
3 0.0200212951432129 0.1069626811594203 0.0071339991388051 0.0066574329646755 0.0918537974683544 0.3294584221748401 0.0013310819539765 0.0041888518630717 0.0081415774183757 0.0060159763313609
0 0.0075704856787048 0.2246927536231883 0.0061271581959357 0.033334008636984 0.2511046413502109 0.7174405117270789 0.0002190718611223 0.0075810845198424 0.0138855612886441 0.049607380878231
0 0.0100606475716064 0.0816054347826087 0.0029260983706749 0.0096028784360317 0.3017274261603376 0.8634667377398721 0.0002352171982236 0.0041282762799151 0.0077730954342453 0.0259434755527872
0 0.012550809464508 0.0471920289855072 0.0021136818857388 0.0046578068987863 0.2648149789029536 0.5692825159914713 0.0003885979006863 0.0026138867009996 0.0037848198413042 0.0113092183120523
0 0.0088155666251556 0.0055336956521739 0.0002735932660119 0.0010178916671167 0.3734430379746836 0.7664712153518125 0.0003361255551069 0.0002817267494698 0.0004901573949616 0.0016568358766739
0 0.0075704856787048 0.2645398550724637 0.0071964927145694 0.039185800746006 0.1720065400843881 0.953001066098081 0.0001565086798546 0.0065815873977582 0.0212768763820838 0.0536551541575833
0 0.0088155666251556 0.0435695652173913 0.0014401400136124 0.0059052458784378 0.1983725738396624 0.9039703624733476 0.0001908175211949 0.0013417994547106 0.0038931968954602 0.0100637496107131
0 0.0113057285180572 0.0942840579710145 0.0037315711249704 0.0099547679392468 0.2553232067510548 0.9018385927505332 0.0002513625353249 0.0046128809451681 0.0103741447339895 0.0275003114294612
0 0.012550809464508 0.4710202898550724 0.0199868445543316 0.0442630635781099 0.1909900843881856 0.6129837953091684 0.0002513625353249 0.0201202302332626 0.0396142739452803 0.1184195266272189
0 0.0050803237858032 0.0218347826086956 0.0005027363771477 0.0049277750361736 0.4325029535864979 0.6556191897654584 0.0007639769882922 0.0007966192063011 0.0009019902007544 0.0019682030520087
0 0.0075704856787048 0.0508144927536231 0.0014609712055338 0.0078006083878188 0.2257932489451477 0.8005795309168443 0.0004430884134033 0.0015235262041805 0.0035247149113298 0.0060159763313609
0 0.012550809464508 0.1721670289855072 0.0073839734418624 0.0163353252277031 0.2943449367088607 0.9508692963752664 0.0007700314897052 0.0104887125113601 0.0217754108312014 0.0250093740267829
0 0.0075704856787048 0.0127786231884057 0.0004402428013834 0.0022150607177374 0.2658696202531646 0.7526147121535182 0.0001847630197819 0.000402877915783 0.0008803147899232 0.0035250389286826
0 0.012550809464508 0.4710202898550724 0.0199868445543316 0.0442630635781099 0.2015364978902953 0.4925388059701492 0.0002876895438029 0.0210288639806119 0.0325697654251398 0.1121921831205232
0 0.0075704856787048 0.0019112318840579 0.0001486061144833 0.0006194559333175 0.6982725738396623 0.6950569296375266 0.0019163504238998 0.0001908633747349 0.0001650262324936 0.0001
0 0.0113057285180572 0.2609173913043478 0.0101198033142111 0.027083780794163 0.2384489451476793 0.705715778251599 0.0002816350423899 0.0120939654650106 0.0227074534969431 0.0657984739956399
0 0.0113057285180572 0.0308909420289855 0.0013012654008028 0.0034382956574852 0.2553232067510548 0.9050362473347549 0.0002796168752523 0.0014932384126022 0.0035030395004986 0.0085069137340392
1 0.0001 0.063493115942029 0.0003013681885738 0.0671135390964128 0.7067097046413501 0.9999 0.0016479341945902 0.0006754680399878 0.0007285869141048 0.0007227343506695
0 0.0100606475716064 0.3804586956521739 0.0132375383717861 0.0437361602478989 0.176225105485232 0.687595735607676 0.0001968720226079 0.0124877067555286 0.0290583488704851 0.087594176269075
0 0.0113057285180572 0.3297442028985507 0.0127584209575931 0.0341588078429327 0.2268478902953586 0.6609486140724948 0.0002352171982236 0.0146684277491669 0.026999184841521 0.0910192151977577
0 0.0100606475716064 0.0888503623188406 0.0031760726737321 0.0104314013404271 0.4683607594936709 0.9551328358208956 0.0004410702462656 0.0066421629809148 0.0092903741924294 0.0256321083774525
1 0.0013450809464508 0.0816054347826087 0.0006902171044407 0.0429094991927269 0.5643331223628691 0.7451535181236675 0.0035308841340331 0.0015235262041805 0.0014655508823656 0.0007227343506695
0 0.0113057285180572 0.2065804347826086 0.0080366841220674 0.0214982331240816 0.1983725738396624 0.7419558635394455 0.0001968720226079 0.0082474159345652 0.0188492303689892 0.0580142946122703
0 0.0374524283935242 0.5815054347826087 0.0693637131387773 0.0194259949384815 0.6719065400843881 0.7366264392324094 0.0033028312474767 0.2082982793093002 0.1629256861639856 0.1268264403612581
0 0.0100606475716064 0.2391826086956521 0.0083630394621699 0.0276013748782572 0.1941540084388185 0.6993204690831556 0.0002796168752523 0.0084594304756134 0.0185674500281836 0.0464937091248832
2 0.0050803237858032 0.0019112318840579 0.0001208311919214 0.0008317067447806 0.6835075949367089 0.680134541577825 0.0013109002825999 0.0001 0.0001 0.0001
0 0.0299819427148194 0.3206880434782608 0.0309509952356479 0.0133433335257629 0.4462132911392405 0.8645326226012793 0.0015026261606782 0.0639466646470766 0.0841572432033993 0.0826123014637184
0 0.0100606475716064 0.9401293478260868 0.032548053282958 0.1076608914827567 0.0306845991561181 0.2623076759061833 0.0001746721840936 0.0113367706755528 0.0311825391319429 0.0857259732170663
0 0.0088155666251556 0.0345134057971014 0.0011623907879932 0.0047415901138376 0.2226293248945147 0.5874025586353945 0.0003018167137666 0.0011600727052408 0.0020724623856393 0.0063273435066957
1 0.0088155666251556 0.4166833333333333 0.0128834081091217 0.0538478633799695 0.8649059071729958 0.8741255863539448 0.0360233750504642 0.0486816176916086 0.03527919177904 0.0025909374026782
0 0.0113057285180572 0.2083916666666666 0.0081061214284722 0.0216844180464177 0.2331757383966245 0.7835253731343285 0.0002412716996366 0.0094892153892759 0.0199980271430429 0.0577029274369355
0 0.0050803237858032 0.0145898550724637 0.0003638617643381 0.0034382956574852 0.4135194092827005 0.953001066098081 0.0001867811869196 0.000493741290518 0.0008803147899232 0.0041477732793522
0 0.0075704856787048 0.0453807971014492 0.0013151528620838 0.0070018750709972 0.3101645569620253 0.7067816631130065 0.0002009083568833 0.0017961163283853 0.0028094263539001 0.0128660541887262
0 0.0100606475716064 0.5398471014492753 0.0187369730390454 0.0619413219539174 0.1836075949367089 0.6854639658848615 0.0002170536939846 0.0182726749469857 0.0410448510601396 0.1196649953285581
0 0.0100606475716064 0.061681884057971 0.0022386690372675 0.0073276986850852 0.5674970464135021 0.8506761194029852 0.0006812321356479 0.0055215146925174 0.0058223084594371 0.0147342572407349
0 0.0100606475716064 0.061681884057971 0.0022386690372675 0.0073276986850852 0.3470770042194093 0.7931183368869936 0.0003300710536939 0.0035225204483489 0.0054538264753067 0.0172251946434132
0 0.0100606475716064 0.4510967391304348 0.0156747878265942 0.0518054147819431 0.2669242616033755 0.691859275053305 0.0003381437222446 0.0206654104816722 0.0346289294541039 0.0975579258797882
0 0.006325404732254 0.0236460144927536 0.0006346672593168 0.0044306612935364 0.2468860759493671 0.9999 0.0001403633427533 0.0006148924568312 0.0017690066340025 0.0060159763313609
0 0.0113057285180572 0.0834166666666666 0.0033149472865417 0.0088376584052306 0.4525411392405064 0.990307036247335 0.0004975789261203 0.0067330263556498 0.0100490135715214 0.023452538150109
3 0.0100606475716064 0.0091561594202898 0.0004263553401025 0.0013288204874178 0.3744976793248945 0.487209381663113 0.0010081752119499 0.0005543168736746 0.0005551836274552 0.0010341015260043
0 0.0050803237858032 0.0091561594202898 0.000259705804731 0.002321186123469 0.1909900843881856 0.9999 0.0001807266855066 0.0001 0.0005985344491176 0.0013454687013391
0 0.0150409713574097 0.3913260869565217 0.0196396580223077 0.0311649542917691 0.3259841772151899 0.6652121535181238 0.0005137242632216 0.0307512450772493 0.0418685166717252 0.1037852693864839
0 0.0137958904109589 0.186656884057971 0.0087171697248343 0.0162236142743015 0.2985635021097046 0.7419558635394455 0.0003946524020993 0.0125482823386852 0.0204532107704982 0.0527210526315789
0 0.0088155666251556 0.0272684782608695 0.0009401914074979 0.0038106655021573 0.1920447257383966 0.9167609808102348 0.0002170536939846 0.0007966192063011 0.0025059706022633 0.0057046091560261
0 0.0100606475716064 0.0345134057971014 0.0013012654008028 0.0042239960297434 0.3027820675105485 0.8634667377398721 0.0003724525635849 0.0017355407452287 0.0033513116246802 0.0078841793833696
0 0.012550809464508 0.1449985507246377 0.0062382578861833 0.0137976247362628 0.3027820675105485 0.674805117270789 0.0004572155833669 0.0090348985156013 0.0133653514286953 0.0337276549361569
0 0.0113057285180572 0.2826521739130434 0.0109530509910685 0.0293179998621955 0.1909900843881856 0.5362400852878464 0.0002311808639483 0.0109733171766131 0.0191743615314573 0.0689121457489878
0 0.0187762141967621 0.0417583333333333 0.0027177864514605 0.0028797408904771 0.3787162447257384 0.8634667377398721 0.0008083766653209 0.0046734565283247 0.007209534752634 0.0106864839613827
0 0.0075704856787048 0.0055336956521739 0.00024581834345 0.0011500829619752 0.321765611814346 0.5426353944562899 0.0009072668550666 0.0001908633747349 0.0002950786974808 0.0004113671753347
0 0.0100606475716064 0.0997177536231884 0.003551034128318 0.0116713929231852 0.1667333333333333 0.5767437100213219 0.0001524723455793 0.0030984913662526 0.0065375970168668 0.0259434755527872
0 0.012550809464508 0.1413760869565217 0.0060854958120928 0.0134587681776112 0.3059459915611814 0.8304243070362474 0.0003421800565199 0.0088834595577097 0.0157929974417898 0.0418232014948614
0 0.0088155666251556 0.1504322463768116 0.0047175808759184 0.0196363839007212 0.1867715189873418 0.6684098081023454 0.0001807266855066 0.0045523053620115 0.0099839873390278 0.0340390221114917
0 0.0113057285180572 0.0164010869565217 0.0007457669495645 0.0019488162787969 0.4725793248945148 0.4989341151385928 0.009989018974566 0.0014023750378673 0.0010970688982352 0.0001
0 0.0075704856787048 0.0109673913043478 0.0003916366869001 0.0019488162787969 0.2901263713080169 0.9999 0.0001665995155429 0.0003725901242047 0.0010103672549104 0.0035250389286826
0 0.0088155666251556 0.0200235507246376 0.0007179920270026 0.0028797408904771 0.4947267932489452 0.9551328358208956 0.0004027250706499 0.0014023750378673 0.0019424099206521 0.0060159763313609
0 0.006325404732254 0.1721670289855072 0.0040509827344325 0.0298765546292037 0.2816892405063291 0.683332196162047 0.0003623617278966 0.0054609391093608 0.0087268135108181 0.0246980068514481
1 0.0001 0.0290797101449275 0.0001694373064047 0.0317384038525641 0.8754523206751055 0.9999 0.0014118086394832 0.0003423023326264 0.000316754108312 0.0004113671753347
0 0.0088155666251556 0.0182123188405797 0.0006624421818787 0.0026470097375571 0.4124647679324895 0.9999 0.0002271445296729 0.0010692093305059 0.0018557082773273 0.0072614450327
0 0.0162860523038605 0.3333666666666666 0.018035656244357 0.0246894426929215 0.213137552742616 0.6279061833688699 0.0003563072264836 0.0197870645259012 0.0365146901964185 0.0897737464964185
0 0.0113057285180572 0.5724492753623188 0.0220630200158348 0.0591075874359628 0.0760341772151898 0.4499034115138592 0.0001645813484053 0.0117607997576491 0.0332200277500758 0.0925760510744316
0 0.0075704856787048 0.0091561594202898 0.0003430305724167 0.0016825718398563 0.4472679324894515 0.8730597014925373 0.0002654897052886 0.000493741290518 0.000750262324936 0.0032136717533478
0 0.0100606475716064 0.1631108695652174 0.0057383092800688 0.018912124552834 0.1625147679324894 0.7131769722814499 0.0001746721840936 0.0050066222356861 0.0129318432120712 0.0380867953908439
0 0.0187762141967621 0.7064804347826087 0.0434913727723528 0.0455868383759192 0.3681698312236287 0.6524215351812368 0.0009597392006459 0.0758497667373523 0.0913968304210206 0.1483107754593584
0 0.0113057285180572 0.0327021739130434 0.0013707027072076 0.0036244805798213 0.5896445147679324 0.8655985074626866 0.0016983883730318 0.0034013692820357 0.003546390322161 0.0038364061040174
0 0.0088155666251556 0.1051514492753623 0.0033288347478227 0.0138181050777198 0.4346122362869199 0.9839117270788914 0.0004511610819539 0.0065210118146016 0.0100273381606902 0.0246980068514481
0 0.0088155666251556 0.1468097826086956 0.0046064811856708 0.0191709215948811 0.3650059071729958 0.9476716417910448 0.0004047432377876 0.0077930990608906 0.0134737284828513 0.032170819059483
0 0.0113057285180572 0.0471920289855072 0.0019262011584459 0.0051139599585097 0.3080552742616034 0.7909865671641791 0.0003785070649979 0.0027047500757346 0.0046518362745523 0.0119319526627218
0 0.0075704856787048 0.2210702898550724 0.006029945966969 0.032801519759103 0.0918537974683544 0.6524215351812368 0.0001524723455793 0.0035225204483489 0.0125200104062784 0.0293685144814699
1 0.0001 0.0290797101449275 0.0001694373064047 0.0317384038525641 0.8142831223628691 0.9999 0.0008406673395236 0.0003120145410481 0.000316754108312 0.0007227343506695
3 0.0250016189290161 0.0055336956521739 0.0006346672593168 0.0004407184078749 0.2721974683544303 0.6193791044776119 0.0006469232943076 0.0006754680399878 0.0011187443090664 0.0019682030520087
0 0.0088155666251556 0.0453807971014492 0.0014956898587362 0.0061379770313579 0.1983725738396624 0.5341083155650318 0.0004027250706499 0.0014023750378673 0.0024842951914321 0.0060159763313609
0 0.006325404732254 0.0453807971014492 0.0011346158654313 0.0081543597402573 0.248995358649789 0.6577509594882729 0.0001827448526443 0.0012509360799757 0.0022458656722889 0.0097523824353783
0 0.0113057285180572 0.0960952898550724 0.0038010084313752 0.0101409528615829 0.2816892405063291 0.8123042643923242 0.0002675078724263 0.005097485610421 0.0095938299440662 0.0290571473061351
0 0.0088155666251556 0.0091561594202898 0.0003846929562596 0.0014833539729568 0.5168742616033757 0.6225767590618339 0.0025218005651998 0.0006754680399878 0.0006202098599488 0.0004113671753347
0 0.0100606475716064 0.308009420289855 0.0107377953412137 0.035462102299285 0.0728702531645569 0.5458330490405117 0.0001706358498183 0.0055215146925174 0.0191093352989637 0.0427573030208657
0 0.0100606475716064 0.0363246376811594 0.0013637589765671 0.0044306612935364 0.3302027426160338 0.8080407249466951 0.0004794154218813 0.0019778430778551 0.0033079608030178 0.0072614450327
0 0.0088155666251556 0.0200235507246376 0.0007179920270026 0.0028797408904771 0.3512955696202532 0.6780027718550106 0.0003966705692369 0.0010086337473492 0.001400524649872 0.004459140454687
4 0.0349622665006226 0.0562481884057971 0.0064951759198811 0.002140586748803 0.4008637130801688 0.6684098081023454 0.0011635740815502 0.0120333898818539 0.0137988596453193 0.0197161320460915
0 0.0299819427148194 0.5271684782608695 0.0507406275610128 0.0218333659842865 0.4504318565400844 0.9508692963752664 0.0014279539765845 0.1057741048167222 0.1509608593851623 0.1433289006540018
0 0.0075704856787048 0.0236460144927536 0.0007318794882835 0.0038106655021573 0.3323120253164557 0.7718006396588486 0.0002150355268469 0.0009783459557709 0.0016172787581841 0.0069500778573653
0 0.0113057285180572 0.0272684782608695 0.0011623907879932 0.0030659258128132 0.5189835443037976 0.8666643923240939 0.0013613544610415 0.0025230233262647 0.0029828296405497 0.0035250389286826
0 0.0100606475716064 0.063493115942029 0.0023011626130318 0.0075343639488782 0.5411310126582277 0.940210447761194 0.0005359241017359 0.0054306513177824 0.0065809478385292 0.0178479289940828
0 0.0075704856787048 0.061681884057971 0.0017526078924339 0.0093962131722387 0.2289571729957806 0.934881023454158 0.0001645813484053 0.0018869797031202 0.0049336166153579 0.0153569915914045
0 0.0337171855541718 0.6014289855072464 0.0647947383773422 0.0222299398688623 0.3154377637130801 0.6268402985074628 0.0008164493338716 0.0989290639200242 0.131236235528769 0.223350264715042
0 0.0050803237858032 0.0236460144927536 0.0005374550303501 0.0053001448808457 0.5632784810126581 0.9391445628997868 0.0003583253936213 0.0011297849136625 0.0013788492390408 0.0053932419806913
0 0.0075704856787048 0.0834166666666666 0.0023358812662342 0.0125874227410785 0.3460223628691983 0.7408899786780384 0.0003643798950343 0.0036739594062405 0.0053454494211507 0.0166024602927436
0 0.0050803237858032 0.0236460144927536 0.0005374550303501 0.0053001448808457 0.3523502109704641 0.8474784648187633 0.0002392535324989 0.0007057558315661 0.0012487967740536 0.0047705076300218
0 0.0075704856787048 0.0145898550724637 0.0004888489158668 0.002481305156678 0.2964542194092827 0.948737526652452 0.0001807266855066 0.0005240290820963 0.0012487967740536 0.004459140454687
0 0.0287368617683686 0.2391826086956521 0.0222157820899254 0.0104053354513001 0.9018183544303798 0.9636599147121536 0.0036661013322567 0.0875408542865798 0.0668169145384381 0.0480505450015571
0 0.0137958904109589 0.1033402173913043 0.0048842304112899 0.0090852843519375 0.3070006329113924 0.789920682302772 0.0006751776342349 0.0071267676461678 0.0120648267788232 0.0190933976954219
0 0.0075704856787048 0.0399471014492753 0.0011693345186337 0.0062050036033989 0.3059459915611814 0.768602985074627 0.0001908175211949 0.0015538139957588 0.0026793738889129 0.0116205854873871
0 0.0088155666251556 0.0272684782608695 0.0009401914074979 0.0038106655021573 0.2911810126582279 0.9668575692963752 0.0002836532095276 0.0011600727052408 0.0026360230672505 0.0066387106820305
0 0.0088155666251556 0.0562481884057971 0.0018289889294792 0.0075343639488782 0.3534048523206751 0.8879820895522388 0.0002251263625353 0.0028864768252044 0.0049119412045267 0.0187820305200872
0 0.006325404732254 0.0055336956521739 0.0002180434208881 0.0013288204874178 0.3850440928270042 0.5554260127931769 0.0009072668550666 0.0001908633747349 0.0002517278758184 0.0004113671753347
0 0.0162860523038605 0.7390826086956521 0.039811195532899 0.0544790302666887 0.1266569620253164 0.5500965884861408 0.0002594352038756 0.0296911723720084 0.0716288557429649 0.1713519464341326
0 0.0113057285180572 0.0308909420289855 0.0013012654008028 0.0034382956574852 0.2553232067510548 0.8751914712153518 0.0002937440452159 0.0014932384126022 0.0033946624463426 0.0081955465587044
0 0.0088155666251556 0.432984420289855 0.0133833567152362 0.05594244375625 0.1498590717299578 0.4829458422174841 0.0001686176826806 0.0111853317176613 0.0213635780254086 0.0866600747430707
3 0.0088155666251556 0.0001 0.0001069437306404 0.0003196982083565 0.8680698312236287 0.9999 0.0013109002825999 0.0001 0.0001216754108312 0.0001
0 0.0113057285180572 0.4891326086956521 0.0188689039212145 0.0505430810085047 0.1973179324894514 0.5895343283582088 0.0002897077109406 0.0194841866101181 0.0361028573906256 0.1034739022111491
0 0.0100606475716064 0.0508144927536231 0.0018637075826816 0.0060858452531038 0.1878261603375527 0.5874025586353945 0.0001605450141299 0.0017052529536504 0.0034163378571738 0.0141115228900654
0 0.0088155666251556 0.0761717391304347 0.0024400372258414 0.0100944066309989 0.3375852320675105 0.953001066098081 0.0003219983851433 0.0037648227809754 0.0070794822876468 0.0187820305200872
0 0.0088155666251556 0.1757894927536231 0.0054952787076521 0.022894620041602 0.178334388185654 0.8655985074626866 0.0001847630197819 0.0051277734019993 0.0147959285435546 0.0377754282155091
0 0.0075704856787048 0.0508144927536231 0.0014609712055338 0.0078006083878188 0.2468860759493671 0.6481579957356078 0.0002432898667743 0.0016446773704937 0.0028961279972249 0.0103751167860479
0 0.0100606475716064 0.0490032608695652 0.0018012140069173 0.0058791799893108 0.2089189873417721 0.7547464818763326 0.0001948538554703 0.0017961163283853 0.0041533018254346 0.013177421364061
0 0.012550809464508 0.2210702898550724 0.0094462614420846 0.020906165071053 0.2089189873417721 0.4818799573560768 0.0002917258780783 0.0101252590124204 0.0150126826518666 0.0536551541575833
0 0.0150409713574097 0.3442340579710145 0.0172926770658258 0.0274412558450482 0.3734430379746836 0.5916660980810234 0.0008487400080742 0.0303877915783096 0.0331550015175822 0.0664212083463095
0 0.0038352428393524 0.0435695652173913 0.0007457669495645 0.0117235247014393 0.2405582278481013 0.6907933901918977 0.0001665995155429 0.0007360436231445 0.0014872262931968 0.0063273435066957
0 0.0100606475716064 0.3043869565217391 0.0106128081896851 0.035048771771699 0.2964542194092827 0.7078475479744136 0.0003623617278966 0.0152438957891548 0.023877925681828 0.0682894113983182
0 0.0075704856787048 0.2301264492753623 0.0062729765393857 0.0341327419538057 0.1593508438818565 0.6406968017057569 0.0001665995155429 0.0054003635262041 0.0128234661579152 0.0424459358455309
0 0.012550809464508 0.3025757246376812 0.0128834081091217 0.0285229902438206 0.1920447257383966 0.7046498933901919 0.0002109991925716 0.0129723114207815 0.0289282964054979 0.0866600747430707
0 0.0113057285180572 0.0725492753623188 0.002898323448113 0.0077205488712143 0.4335575949367088 0.965791684434968 0.0004612519176423 0.0056426658588306 0.0085534102241685 0.0209616007474307
0 0.0113057285180572 0.0453807971014492 0.0018567638520411 0.0049277750361736 0.2616510548523207 0.9508692963752664 0.0002190718611223 0.0022504332020599 0.0053237740103195 0.0150456244160697
0 0.0113057285180572 0.059870652173913 0.0024122623032794 0.006417254414862 0.2395035864978903 0.7867230277185502 0.0002735623738393 0.0027653256588912 0.0058439838702683 0.0156683587667393
0 0.0088155666251556 0.0272684782608695 0.0009401914074979 0.0038106655021573 0.3734430379746836 0.9252880597014926 0.0002372353653613 0.0014629506210239 0.0025276460130945 0.0094410152600436
1 0.0013450809464508 0.9709202898550724 0.007508960593391 0.4999934835277181 0.5116010548523207 0.5831390191897654 0.0043764961647153 0.0173640411996364 0.0141239908077873 0.0078841793833696
0 0.0100606475716064 0.5507144927536232 0.0191119344936313 0.0631831753858988 0.1466951476793249 0.7121110874200426 0.0001807266855066 0.0157890760375643 0.0433641200190781 0.1165513235752102
3 0.058618804483188 0.7264039855072464 0.1340376203241981 0.0156799543010802 0.0032639240506329 0.0342083155650319 0.0007316863140896 0.0319324689488033 0.0392674673719811 0.0794986297103706
0 0.0100606475716064 0.4710202898550724 0.0163622171600016 0.0540805945328896 0.1382580168776371 0.6993204690831556 0.0001847630197819 0.0129117358376249 0.0364930147855873 0.0938215197757708
0 0.0137958904109589 0.7390826086956521 0.0341312238689872 0.0635443741352308 0.2637603375527426 0.5778095948827292 0.0004794154218813 0.0447744925780066 0.0642375406495252 0.1601427281220803
0 0.0113057285180572 0.4891326086956521 0.0188689039212145 0.0505430810085047 0.1488044303797468 0.7536805970149255 0.0001565086798546 0.015758788245986 0.0451198282964055 0.1271378075365929
0 0.0088155666251556 0.0689268115942029 0.002217837845346 0.0091634820193186 0.3439130801687763 0.9593963752665244 0.0002291626968106 0.0034619448651923 0.006450895373542 0.0222070694487698
0 0.0050803237858032 0.0091561594202898 0.000259705804731 0.002321186123469 0.4019183544303797 0.8933115138592751 0.0002271445296729 0.0002817267494698 0.000533508216624 0.0022795702273435
0 0.0050803237858032 0.0218347826086956 0.0005027363771477 0.0049277750361736 0.5295299578059072 0.7867230277185502 0.0004168522406136 0.0009783459557709 0.001075393487404 0.0041477732793522
0 0.0100606475716064 0.9672978260869564 0.0334854569194227 0.1107627322888752 0.1277116033755274 0.6449603411513859 0.0001726540169559 0.0250874280521054 0.0696130425356631 0.1906567113048894
0 0.0001 0.0109673913043478 0.0001 0.0131199116189596 0.9999 0.9999 0.0013109002825999 0.0001 0.0001 0.0001
0 0.0088155666251556 0.2609173913043478 0.0081061214284722 0.0338329842288446 0.1097827004219409 0.7579441364605546 0.0001484360113039 0.0053700757346258 0.0193911156397693 0.045248240423544
1 0.0001 0.0725492753623188 0.0003360868417762 0.076422785213215 0.7678789029535865 0.9999 0.0008204856681469 0.0008571947894577 0.0008369639682608 0.0019682030520087
0 0.012550809464508 0.1612996376811594 0.0069256872195907 0.0153206174009717 0.3270388185654008 0.7952501066098082 0.0004673064190553 0.0107310148439866 0.0172886007891427 0.0393322640921831
0 0.0088155666251556 0.2826521739130434 0.0087727195699581 0.0366257580638853 0.4156286919831224 0.986043496801706 0.0004128159063383 0.0168491487428052 0.0268257815548714 0.0682894113983182
0 0.0113057285180572 0.0725492753623188 0.002898323448113 0.0077205488712143 0.286962447257384 0.7973818763326226 0.0002755805409769 0.003916261738867 0.0071445085201404 0.021895702273435
3 0.006325404732254 0.0145898550724637 0.0004263553401025 0.0028797408904771 0.1013455696202531 0.2495170575692963 0.0007054501412999 0.0001302877915783 0.0002950786974808 0.0004113671753347
0 0.0001 0.0164010869565217 0.0001208311919214 0.018705459289041 0.788971729957806 0.9999 0.0007054501412999 0.0001302877915783 0.0001650262324936 0.0004113671753347
0 0.0088155666251556 0.0345134057971014 0.0011623907879932 0.0047415901138376 0.3407491561181434 0.7067816631130065 0.0002775987081146 0.0017052529536504 0.0024626197806009 0.0097523824353783
0 0.0088155666251556 0.0399471014492753 0.0013290403233647 0.0054397835725977 0.3407491561181434 0.8719938166311302 0.0003199802180056 0.0019778430778551 0.0034596886788362 0.0100637496107131
0 0.0113057285180572 0.3949485507246376 0.0152581639881655 0.0408614650470304 0.106618776371308 0.5746119402985075 0.0001484360113039 0.0100041078461072 0.0284947881888739 0.0838577701650576
0 0.0100606475716064 0.1776007246376811 0.0062382578861833 0.0205673085124014 0.4346122362869199 0.9380786780383796 0.0004067614049253 0.0123968433807936 0.0181339418115596 0.0508528495795702
0 0.0075704856787048 0.0290797101449275 0.0008776978317336 0.004609398818979 0.2468860759493671 0.9103656716417912 0.0001625631812676 0.0009177703726143 0.0023108919047825 0.0078841793833696
0 0.0088155666251556 0.0272684782608695 0.0009401914074979 0.0038106655021573 0.4894535864978904 0.9999 0.0004107977392006 0.0018869797031202 0.0027227247105753 0.0078841793833696
0 0.0113057285180572 0.119641304347826 0.0047036934146375 0.0125613568519515 0.2616510548523207 0.7280993603411515 0.0003300710536939 0.005975831566192 0.0107643021289511 0.0290571473061351
0 0.0088155666251556 0.0453807971014492 0.0014956898587362 0.0061379770313579 0.3101645569620253 0.9029044776119404 0.0002715442067016 0.0020687064525901 0.0040449247712786 0.0119319526627218
0 0.0088155666251556 0.0797942028985507 0.002551136916089 0.010559868936839 0.3323120253164557 0.8901138592750534 0.0003906160678239 0.0038859739472887 0.0069494298226596 0.0166024602927436
0 0.0113057285180572 0.0671155797101449 0.0026900115288986 0.0071619941042062 0.4008637130801688 0.934881023454158 0.0004592337505046 0.0048551832777946 0.0076863937909205 0.0181592961694176
1 0.0001 0.2898971014492754 0.0011693345186337 0.2998446920164694 0.3776616033755274 0.9999 0.0001040363342753 0.0018869797031202 0.003438013268005 0.0200274992214263
1 0.0001 0.4239282608695652 0.0016831705860291 0.437621534545143 0.9186926160337552 0.9999 0.0053734707307226 0.006460436231445 0.0050419936695139 0.0022795702273435
0 0.006325404732254 0.1468097826086956 0.0034677093606322 0.0255328603911037 0.2342303797468355 0.9199586353944564 0.0001787085183689 0.0039768373220236 0.0098105840523782 0.0299912488321395
0 0.0150409713574097 0.4112496376811594 0.0206326115038962 0.0327400787347321 0.1983725738396624 0.9284857142857144 0.0005076697618086 0.0213923174795516 0.0598807830724537 0.07295991902834
1 0.0001 0.125075 0.0005374550303501 0.1304164126906682 0.9999 0.9999 0.014025353249899 0.0020081308694335 0.0014655508823656 0.0001
0 0.0100606475716064 0.8857923913043478 0.0306732460100287 0.101453486172073 0.0159196202531645 0.2782959488272921 0.0001807266855066 0.0088834595577097 0.0308357325586437 0.0657984739956399
0 0.0088155666251556 0.0508144927536231 0.0016623393941077 0.0068361704901181 0.3048913502109705 0.765405330490405 0.0002876895438029 0.0022807209936382 0.003871521484629 0.0125546870133914
0 0.0100606475716064 0.9220170289855072 0.0319231175253149 0.1055923769956033 0.1256023206751055 0.674805117270789 0.0001544905127169 0.0237244774310814 0.0690928326757143 0.1922135471815634
0 0.0100606475716064 0.2174478260869565 0.0076131165529982 0.0251176680142944 0.3660605485232068 0.8325560767590617 0.0003825433992733 0.0130328870039382 0.0198462992672245 0.0561460915602616
0 0.0075704856787048 0.0797942028985507 0.0022386690372675 0.0120567957124208 0.1962632911392405 0.6481579957356078 0.0001302725070649 0.002159569827325 0.0045217838095651 0.0200274992214263
0 0.0075704856787048 0.0725492753623188 0.0020442445793341 0.0109918179566586 0.213137552742616 0.6769368869936034 0.0001867811869196 0.0020989942441684 0.0042833542904218 0.0156683587667393
1 0.0013450809464508 0.3587239130434782 0.0028149986804272 0.1853409647798015 0.4567597046413502 0.4754846481876333 0.0063906269681065 0.0057335292335655 0.0043267051120842 0.0016568358766739
0 0.0100606475716064 0.0236460144927536 0.0009263039462169 0.0029840044469853 0.6898354430379746 0.8560055437100214 0.0013956633023819 0.0025835989094213 0.0023108919047825 0.0035250389286826
0 0.006325404732254 0.309820652173913 0.0072173239064909 0.0534605987415106 0.2553232067510548 0.9007727078891258 0.0002473262010496 0.0090651863071796 0.0202364566621861 0.0542778885082528
0 0.0137958904109589 0.1612996376811594 0.0075506229772338 0.0140508362306398 0.1382580168776371 0.6971886993603411 0.0002856713766653 0.0058849681914571 0.0167033646967003 0.0318594518841482
0 0.0100606475716064 0.4148721014492754 0.014424916311308 0.0476683858076362 0.3660605485232068 0.8613349680170577 0.0004289612434396 0.0249057013026355 0.0389640116203442 0.0975579258797882
0 0.0100606475716064 0.0399471014492753 0.0014887461280957 0.0048458536703457 0.3523502109704641 0.8869162046908318 0.0003865797335486 0.0023110087852166 0.0039582231279538 0.0100637496107131
0 0.0100606475716064 0.0779829710144927 0.0028011112191463 0.0091895479084457 0.3048913502109705 0.6556191897654584 0.0004128159063383 0.0039768373220236 0.0057572822269435 0.0162910931174089
0 0.0100606475716064 0.2156365942028985 0.0075506229772338 0.0249110027505014 0.1308755274261603 0.7355605543710021 0.0001585268469923 0.0056426658588306 0.0175487057191172 0.0455596075988788
0 0.0113057285180572 0.0200235507246376 0.0008846415623741 0.002321186123469 0.5253113924050634 0.8666643923240939 0.0008487400080742 0.0018869797031202 0.0022241902614577 0.0041477732793522
0 0.0075704856787048 0.4094384057971014 0.0110849818732376 0.0604648755197926 0.1741158227848101 0.4765505330490405 0.0002210900282599 0.0103372735534686 0.0174836794866235 0.0667325755216443
1 0.0200212951432129 0.6159188405797101 0.040304200408373 0.0374338006268238 0.9313483122362868 0.9977682302771854 0.0072402753330641 0.1640478158133898 0.125318848371851 0.0461823419495484
3 0.0436778331257783 0.0761717391304347 0.010800288916978 0.0023100150281288 0.0686516877637131 0.1290720682302771 0.0005177605974969 0.0053700757346258 0.0060824133894116 0.0181592961694176
0 0.0088155666251556 0.0109673913043478 0.0004402428013834 0.0017160851258768 0.4535957805907173 0.9423422174840084 0.0003926342349616 0.0007057558315661 0.0010970688982352 0.0032136717533478
0 0.0050803237858032 0.0164010869565217 0.0003985804175405 0.0038106655021573 0.3249295358649789 0.9999 0.0001585268469923 0.0004331657073614 0.0010320426657416 0.0041477732793522
0 0.0113057285180572 0.5869391304347826 0.0226185184670731 0.0605970668146512 0.1720065400843881 0.6716074626865671 0.0002029265240209 0.0210894395637685 0.0486745956727225 0.1439516350046714
0 0.0088155666251556 0.0797942028985507 0.002551136916089 0.010559868936839 0.2584871308016878 0.5351742004264393 0.0002775987081146 0.0031287791578309 0.0043483805229154 0.017536561818748
0 0.0075704856787048 0.0127786231884057 0.0004402428013834 0.0022150607177374 0.2468860759493671 0.7142428571428572 0.0002574170367379 0.0003725901242047 0.0008369639682608 0.0025909374026782
0 0.0088155666251556 0.0417583333333333 0.0013845901684886 0.0056725147255178 0.2911810126582279 0.6001931769722815 0.0002513625353249 0.0017961163283853 0.0025493214239257 0.0109978511367175
0 0.0113057285180572 0.0055336956521739 0.0003291431111358 0.0008317067447806 0.3407491561181434 0.3603690831556503 0.0029254339927331 0.0003423023326264 0.0002950786974808 0.0001
0 0.0100606475716064 0.0381358695652173 0.0014262525523314 0.0046373265573294 0.2595417721518987 0.9625940298507464 0.0003240165522809 0.001674965162072 0.004088275592941 0.0085069137340392
0 0.0075704856787048 0.1431873188405797 0.0039398830441848 0.0213660418292231 0.3259841772151899 0.9583304904051174 0.0002271445296729 0.0060061193577703 0.0116096431513679 0.0383981625661787
0 0.0113057285180572 0.0218347826086956 0.0009540788687789 0.002507371045805 0.3512955696202532 0.8112383795309168 0.0003018167137666 0.0014023750378673 0.0022675410831201 0.0075728122080348
0 0.0187762141967621 0.7209702898550725 0.0443801702943341 0.0465177629875994 0.3344213080168776 0.5490307036247334 0.0009758845377472 0.0712763102090275 0.079822161037159 0.1371015571473061
0 0.0162860523038605 0.7354601449275363 0.0396167710749656 0.0542127858277482 0.3175470464135021 0.5458330490405117 0.0008144311667339 0.0607664465313541 0.070891891774704 0.1377242914979757
0 0.006325404732254 0.0182123188405797 0.0005096801077882 0.0034997366818561 0.2964542194092827 0.9679234541577824 0.0002150355268469 0.0005543168736746 0.0013354984173784 0.0041477732793522
1 0.0001 0.1015289855072463 0.0004471865320239 0.1062123727869823 0.4261751054852321 0.9999 0.0006469232943076 0.0006754680399878 0.00118377054156 0.0019682030520087
0 0.0100606475716064 0.0761717391304347 0.0027386176433819 0.0089828826446527 0.4525411392405064 0.9498034115138594 0.0005339059345983 0.0055215146925174 0.0079464987208949 0.0181592961694176
3 0.0150409713574097 0.0073449275362318 0.0005027363771477 0.0008037790064302 0.0749795358649789 0.5074611940298508 0.0015127169963665 0.0001302877915783 0.0007069115032736 0.0001
0 0.012550809464508 0.0924728260869565 0.0040232078118705 0.0088879283342613 0.2405582278481013 0.5788754797441364 0.0003119075494549 0.0047340321114813 0.0074479642717773 0.0240752725007785
0 0.0100606475716064 0.2971420289855072 0.0103628338866278 0.0342202488673036 0.3006727848101266 0.6939910447761195 0.0004107977392006 0.0150621690396849 0.0229025321944239 0.0611279663656181
0 0.0075704856787048 0.0272684782608695 0.0008290917172502 0.0043431543800384 0.3882080168776372 0.7526147121535182 0.0003300710536939 0.0013115116631323 0.0018123574556649 0.0066387106820305
0 0.0150409713574097 0.058059420289855 0.0030302543302821 0.0048123403843253 0.2036457805907173 0.5031976545842217 0.0006832503027856 0.0030682035746743 0.0049119412045267 0.0081955465587044
0 0.0299819427148194 0.5307909420289856 0.0510878140930368 0.0219823139221554 0.4419947257383966 0.9007727078891258 0.0014562083165119 0.1046534565283247 0.1443715344924771 0.1392811273746496
0 0.0100606475716064 0.3351778985507246 0.0116751989776783 0.0385658049546269 0.3375852320675105 0.7632735607675907 0.0003906160678239 0.0187269918206604 0.0281913324372371 0.0791872625350358
0 0.0088155666251556 0.1160188405797101 0.0036621338185656 0.0152144919952401 0.2637603375527426 0.9018385927505332 0.0002493443681873 0.0046431687367464 0.0101790660365086 0.027811678604796
0 0.0150409713574097 0.748138768115942 0.0374225521925742 0.0593794174225734 0.321765611814346 0.6300379530916845 0.0005197787646346 0.0580102574977279 0.0761156657850236 0.1937703830582373
0 0.0075704856787048 0.0453807971014492 0.0013151528620838 0.0070018750709972 0.1477497890295359 0.6012590618336887 0.0002049446911586 0.0009480581641926 0.0024192689589385 0.0069500778573653
0 0.0100606475716064 0.0218347826086956 0.0008638103704526 0.0027754773339689 0.1973179324894514 0.4264539445628998 0.0008406673395236 0.0007360436231445 0.0011187443090664 0.0016568358766739
0 0.006325404732254 0.0508144927536231 0.0012596030169599 0.0090852843519375 0.2542685654008438 0.9146292110874202 0.0002009083568833 0.0014326628294456 0.0034163378571738 0.0103751167860479
0 0.0088155666251556 0.0562481884057971 0.0018289889294792 0.0075343639488782 0.3323120253164557 0.6673439232409382 0.0003966705692369 0.0027350378673129 0.003763144430473 0.0116205854873871
0 0.0100606475716064 0.1015289855072463 0.0036135277040823 0.0118780581869782 0.2458314345991561 0.9039703624733476 0.0001787085183689 0.004310003029385 0.0100706889823526 0.0324821862348178
0 0.0162860523038605 0.7209702898550725 0.0388390732432319 0.0531496699212094 0.3491862869198312 0.5660848614072493 0.0009153395236172 0.064764435019691 0.0718022590296145 0.1321196823419495
0 0.0175311332503113 0.6430873188405797 0.0371309155056741 0.0442742346734501 0.3650059071729958 0.7206381663113006 0.0009718482034719 0.0643101181460163 0.0853493907991154 0.1243355029585798
0 0.0100606475716064 0.1776007246376811 0.0062382578861833 0.0205673085124014 0.248995358649789 0.7877889125799575 0.0002917258780783 0.0076719478945774 0.0154245154576594 0.040889099968857
0 0.0050803237858032 0.0779829710144927 0.001579014626422 0.0164712402210084 0.1994272151898734 0.777130063965885 0.0004067614049253 0.0014932384126022 0.0037197936088106 0.0063273435066957
1 0.0013450809464508 0.2011467391304348 0.0016067895489839 0.1043505235636218 0.4683607594936709 0.4712211087420043 0.0110990109002826 0.0032499303241441 0.0023975935481073 0.0004113671753347
0 0.0038352428393524 0.0182123188405797 0.0003569180336977 0.0052070524196777 0.4008637130801688 0.9999 0.0001726540169559 0.0004634534989397 0.0009019902007544 0.0041477732793522
0 0.0050803237858032 0.0544369565217391 0.0011276721347908 0.0116304322402712 0.1973179324894514 0.9721869936034117 0.0003139257165926 0.0010086337473492 0.003221259159693 0.0053932419806913
0 0.0050803237858032 0.0471920289855072 0.0009887975219813 0.0101409528615829 0.3744976793248945 0.8027113006396588 0.0003260347194186 0.0015538139957588 0.0023325673156137 0.0078841793833696
1 0.0025901618929016 0.2319376811594203 0.0027386176433819 0.0801464836599359 0.2669242616033755 0.3358537313432836 0.0022796205086798 0.0034619448651923 0.003112882105537 0.002902304578013
0 0.0075704856787048 0.0327021739130434 0.0009749100607003 0.0051400258476367 0.2068097046413502 0.5991272921108743 0.0002009083568833 0.000887482581036 0.0017473312231713 0.0066387106820305
0 0.012550809464508 0.1069626811594203 0.0046342561082327 0.0102433545688677 0.2827438818565401 0.5820731343283584 0.0003038348809043 0.0062787094819751 0.0086401118674933 0.0324821862348178
0 0.0113057285180572 0.0399471014492753 0.0016484519328268 0.0043692202691655 0.2753613924050633 0.8837185501066098 0.0003825433992733 0.0020687064525901 0.0043917313445778 0.0091296480847088
0 0.0100606475716064 0.058059420289855 0.0021136818857388 0.0069143681574992 0.428284388185654 0.9817799573560768 0.0003401618893823 0.0040071251136019 0.0062774920868924 0.0190933976954219
0 0.0137958904109589 0.3007644927536232 0.0139666300890364 0.0259983226969439 0.1825529535864979 0.7355605543710021 0.0002876895438029 0.0135477794607694 0.0326131162468022 0.0726485518530053
0 0.0100606475716064 0.2265039855072463 0.0079255844318197 0.0261528561824828 0.4557050632911393 0.9498034115138594 0.0004693245861929 0.0165159830354438 0.0233793912327104 0.0601938648396138
0 0.0100606475716064 0.4873213768115942 0.0169246593418804 0.05594244375625 0.0623238396624472 0.4616281449893391 0.0001544905127169 0.0080656891850954 0.0260454667649481 0.0661098411709747
0 0.0088155666251556 0.0345134057971014 0.0011623907879932 0.0047415901138376 0.3734430379746836 0.8997068230277186 0.0002735623738393 0.0018566919115419 0.0030912066947058 0.0106864839613827
0 0.0088155666251556 0.125075 0.0039398830441848 0.0163781477598404 0.2395035864978903 0.708913432835821 0.0002372353653613 0.0046128809451681 0.0087701643324805 0.0287457801308003
0 0.0200212951432129 0.0399471014492753 0.0027663925659439 0.0026060490546431 0.3386398734177215 0.5959296375266524 0.0020031316108195 0.004310003029385 0.0052153969561635 0.0041477732793522
0 0.0100606475716064 0.5434695652173913 0.018861960190574 0.0623546524815034 0.1329848101265822 0.6737392324093816 0.0001605450141299 0.014486700999697 0.0407197198976716 0.115305854873871
0 0.0113057285180572 0.0127786231884057 0.0006068923367549 0.0015764464341248 0.2753613924050633 0.8933115138592751 0.0002130173597093 0.0006451802484095 0.001508901704028 0.0047705076300218
0 0.012550809464508 0.0363246376811594 0.0016553956634672 0.0036412372228315 0.2785253164556962 0.5522283582089552 0.0007639769882922 0.0020989942441684 0.0028527771755625 0.0050818748053565
0 0.0113057285180572 0.1069626811594203 0.004217632269804 0.0112580623955991 0.1593508438818565 0.5682166311300639 0.0001887993540573 0.0035830960315056 0.0076863937909205 0.026254842728122
1 0.0001 0.0761717391304347 0.0003499743030572 0.0801464836599359 0.9018183544303798 0.9999 0.0018658962454582 0.0010692093305059 0.0008803147899232 0.0010341015260043
0 0.0075704856787048 0.0272684782608695 0.0008290917172502 0.0043431543800384 0.2184107594936709 0.6854639658848615 0.0001766903512313 0.0007663314147228 0.0016606295798465 0.0063273435066957
0 0.0113057285180572 0.0960952898550724 0.0038010084313752 0.0101409528615829 0.2679789029535865 0.6684098081023454 0.0002897077109406 0.0048854710693729 0.0080115249533885 0.026254842728122
0 0.0075704856787048 0.0852278985507246 0.0023844873807175 0.0128536671800191 0.2595417721518987 0.5874025586353945 0.0002352171982236 0.0029167646167827 0.004413406755409 0.0184706633447524
0 0.0113057285180572 0.0308909420289855 0.0013012654008028 0.0034382956574852 0.5137103375527428 0.79844776119403 0.0016782067016552 0.0028259012420478 0.003112882105537 0.0032136717533478
0 0.0225114570361145 0.3623463768115942 0.0265695012015057 0.0197834699893667 0.1962632911392405 0.538371855010661 0.0003159438837303 0.0274195880036352 0.0468538611629016 0.1364788227966365
0 0.0100606475716064 0.0834166666666666 0.0029885919464392 0.0098095436998247 0.2690335443037974 0.8634667377398721 0.0003078712151796 0.003825398364132 0.0079464987208949 0.0197161320460915
4 0.0349622665006226 0.0544369565217391 0.0062938077313072 0.0020772838752088 0.4335575949367088 0.7078475479744136 0.0012967731126362 0.0124877067555286 0.0141023153969561 0.0184706633447524
0 0.012550809464508 0.0290797101449275 0.0013498715152862 0.0029635241055283 0.2837985232067511 0.6289720682302773 0.0007639769882922 0.0017052529536504 0.0025926722455881 0.0041477732793522
0 0.0100606475716064 0.1920905797101449 0.0067382064922978 0.0222224924719689 0.1656786919831223 0.7632735607675907 0.0001766903512313 0.005975831566192 0.0161831548367515 0.045248240423544
0 0.0075704856787048 0.0544369565217391 0.0015581834345005 0.0083330972656999 0.3829348101265822 0.768602985074627 0.0003643798950343 0.0026138867009996 0.0036330919654858 0.0119319526627218
0 0.0075704856787048 0.0381358695652173 0.0011207284041504 0.0059387591644583 0.2057550632911392 0.6950569296375266 0.0001464178441663 0.0010389215389275 0.0023325673156137 0.0094410152600436
3 0.0038352428393524 0.0073449275362318 0.0001902684983262 0.002414278584637 0.3143831223628692 0.7867230277185502 0.0003684162293096 0.0001 0.0002950786974808 0.0007227343506695
0 0.0100606475716064 0.2228815217391304 0.0078005972802911 0.0257395256548968 0.3122738396624472 0.7035840085287847 0.0004168522406136 0.0116396485913359 0.0174186532541299 0.046805076300218
0 0.0100606475716064 0.0779829710144927 0.0028011112191463 0.0091895479084457 0.2173561181434599 0.5778095948827292 0.0001766903512313 0.0029773401999394 0.0051286953128387 0.0228298037994394
0 0.0050803237858032 0.0109673913043478 0.0002944244579334 0.0026935559681411 0.5780434599156118 0.8783891257995737 0.0006045417844166 0.0005240290820963 0.0006202098599488 0.0016568358766739
0 0.0100606475716064 0.1757894927536231 0.006175764310419 0.0203606432486084 0.2458314345991561 0.6215108742004264 0.0003139257165926 0.0074902211451075 0.0122815808871352 0.0377754282155091
0 0.012550809464508 0.0526257246376811 0.0023428249968746 0.0051642298875404 0.3449677215189873 0.721704051172708 0.0005137242632216 0.0036739594062405 0.0052370723669947 0.0125546870133914
0 0.0100606475716064 0.1268862318840579 0.0044884377647826 0.014775095578527 0.3164924050632912 0.8901138592750534 0.0002957622123536 0.0067027385640714 0.01236828253046 0.0352844908128309
0 0.0075704856787048 0.2428050724637681 0.0066132193407692 0.0359945911771661 0.1097827004219409 0.7366264392324094 0.0001464178441663 0.0043402908209633 0.015381164635997 0.0371526938648396
0 0.0075704856787048 0.0236460144927536 0.0007318794882835 0.0038106655021573 0.2785253164556962 0.8155019189765458 0.0002897077109406 0.0008269069978794 0.0017039804015089 0.0047705076300218
0 0.0088155666251556 0.0272684782608695 0.0009401914074979 0.0038106655021573 0.2911810126582279 0.9583304904051174 0.0002836532095276 0.0011600727052408 0.0026143476564193 0.0066387106820305
0 0.0075704856787048 0.0182123188405797 0.0005860611448335 0.0030119321853357 0.356568776371308 0.7781959488272921 0.0002170536939846 0.0007966192063011 0.0012704721848848 0.0057046091560261
2 0.0075704856787048 0.0001 0.0001 0.000353211494377 0.9999 0.9999 0.0013109002825999 0.0001 0.0001 0.0001
0 0.0113057285180572 0.9220170289855072 0.0354644201519592 0.0950412774468196 0.1171651898734177 0.5117247334754798 0.0001726540169559 0.0250874280521054 0.0598374322507913 0.1903453441295546
0 0.0100606475716064 0.8894148550724638 0.0307982331615573 0.1018686785488823 0.1656786919831223 0.7664712153518125 0.0001665995155429 0.0278739048773099 0.0748801673676451 0.2168115540330115
0 0.012550809464508 0.0960952898550724 0.0041759698859611 0.0092267848929129 0.2785253164556962 0.6769368869936034 0.0003159438837303 0.005582090275674 0.008921892208299 0.0281230457801308
0 0.0075704856787048 0.0453807971014492 0.0013151528620838 0.0070018750709972 0.3164924050632912 0.9999 0.0001726540169559 0.0018264041199636 0.0038931968954602 0.0144228900654001
0 0.0088155666251556 0.0290797101449275 0.0009957412526217 0.0040433966550774 0.3175470464135021 0.7877889125799575 0.0003018167137666 0.0013417994547106 0.0023108919047825 0.0072614450327
0 0.0088155666251556 0.0200235507246376 0.0007179920270026 0.0028797408904771 0.3628966244725739 0.9892411513859276 0.0002816350423899 0.0010389215389275 0.0020074361531457 0.0060159763313609
0 0.0088155666251556 0.0091561594202898 0.0003846929562596 0.0014833539729568 0.4725793248945148 0.6225767590618339 0.0015127169963665 0.0006148924568312 0.0006202098599488 0.0007227343506695
0 0.0025901618929016 0.0037224637681159 0.0001138874612809 0.0019488162787969 0.7657696202531645 0.7632735607675907 0.0013109002825999 0.0001 0.0001 0.0001
0 0.0075704856787048 0.0345134057971014 0.0010235161751836 0.0054062702865772 0.1867715189873418 0.8549396588486142 0.0001383451756156 0.0008571947894577 0.0025709968347569 0.0081955465587044
0 0.0075704856787048 0.0218347826086956 0.0006832733738002 0.0035444210632168 0.3396945147679325 0.9764505330490404 0.0002594352038756 0.0009177703726143 0.0018773836881585 0.0057046091560261
0 0.0100606475716064 0.061681884057971 0.0022386690372675 0.0073276986850852 0.2331757383966245 0.6311038379530918 0.0002311808639483 0.0024927355346864 0.004413406755409 0.0159797259420741
0 0.0100606475716064 0.1540547101449275 0.0054258414012473 0.0178787982338689 0.2616510548523207 0.6556191897654584 0.0003280528865563 0.0069147531051196 0.0113061873997311 0.0337276549361569
0 0.0075704856787048 0.1649221014492753 0.004523156417985 0.0245572513980629 0.2711428270042194 0.8890479744136461 0.0002775987081146 0.0059152559830354 0.0124549841737848 0.0327935534101526
0 0.0100606475716064 0.4655865942028985 0.0161747364327087 0.0534605987415106 0.1277116033755274 0.5532942430703623 0.0001565086798546 0.0120333898818539 0.0292100767463036 0.0972465587044534
0 0.0113057285180572 0.0888503623188406 0.0035232592057561 0.0093962131722387 0.4430493670886076 0.7995136460554372 0.0004511610819539 0.0070359042714328 0.0087484889216493 0.0265662099034568
1 0.0025901618929016 0.8368891304347826 0.0096962357451418 0.2874261576966552 0.2574324894514768 0.3411831556503198 0.0026630722648364 0.012336267797637 0.0114579152755495 0.0091296480847088
0 0.012550809464508 0.0145898550724637 0.000738823218924 0.0016099597201453 0.4356668776371308 0.666278038379531 0.0010586293903916 0.001281223871554 0.0014222000607032 0.0022795702273435
0 0.006325404732254 0.0218347826086956 0.000593004875474 0.0041215943224585 0.2700881856540084 0.9721869936034117 0.0001827448526443 0.0006148924568312 0.0015956033473529 0.0050818748053565
0 0.0075704856787048 0.0091561594202898 0.0003430305724167 0.0016825718398563 0.5232021097046414 0.948737526652452 0.0004148340734759 0.0005846046652529 0.0008152885574296 0.0025909374026782
0 0.0088155666251556 0.0290797101449275 0.0009957412526217 0.0040433966550774 0.3101645569620253 0.9999 0.0003966705692369 0.0013115116631323 0.0028961279972249 0.0057046091560261
0 0.0162860523038605 0.628597463768116 0.03388124956593 0.0463669532005072 0.1234930379746835 0.6545533049040514 0.0002130173597093 0.0247845501363223 0.0713253999913281 0.1635677670507629
0 0.0050803237858032 0.0236460144927536 0.0005374550303501 0.0053001448808457 0.5179289029535865 0.9242221748400852 0.0003018167137666 0.0010389215389275 0.0013571738282096 0.0057046091560261
0 0.0100606475716064 0.3369891304347826 0.0117376925534426 0.0387724702184199 0.3882080168776372 0.7718006396588486 0.0005096879289463 0.0213014541048167 0.0286248406538611 0.0723371846776705
0 0.026246699875467 0.1268862318840579 0.0108975011459447 0.0060951544992206 0.4588689873417721 0.8229631130063967 0.0019425865966895 0.0229067070584671 0.0281696570264059 0.0231411709747742
0 0.0113057285180572 0.0924728260869565 0.0036621338185656 0.0097685830169108 0.2553232067510548 0.6534874200426439 0.0003280528865563 0.0045220175704332 0.0075563413259333 0.0222070694487698
0 0.0088155666251556 0.058059420289855 0.001884538774603 0.0077670951017983 0.4050822784810127 0.8783891257995737 0.0002796168752523 0.0033710814904574 0.0050203182586827 0.0187820305200872
0 0.0050803237858032 0.0109673913043478 0.0002944244579334 0.0026935559681411 0.3976997890295359 0.8474784648187633 0.0009072668550666 0.0003423023326264 0.0005985344491176 0.0007227343506695
0 0.0088155666251556 0.0526257246376811 0.0017178892392315 0.0070689016430381 0.2574324894514768 0.8538737739872068 0.0003199802180056 0.0020384186610118 0.0044350821662402 0.0103751167860479
0 0.0088155666251556 0.1612996376811594 0.0050508799466614 0.0210327708182415 0.1635694092827004 0.7206381663113006 0.0002089810254339 0.0044008664041199 0.0114579152755495 0.0299912488321395
0 0.006325404732254 0.0109673913043478 0.0003430305724167 0.0022597450990981 0.3976997890295359 0.8730597014925373 0.0006247234557932 0.0004331657073614 0.000750262324936 0.0013454687013391
0 0.0100606475716064 0.8894148550724638 0.0307982331615573 0.1018686785488823 0.0844713080168776 0.5106588486140725 0.0001443996770286 0.0175457679491063 0.0519042318865715 0.1479994082840236
0 0.0001 0.0870391304347826 0.0003916366869001 0.0913175790000987 0.2468860759493671 0.9999 0.0013109002825999 0.0003120145410481 0.0010103672549104 0.0004113671753347
0 0.0113057285180572 0.4728315217391304 0.0182439681635714 0.0488674167074803 0.248995358649789 0.7249017057569296 0.0002594352038756 0.0227249803089972 0.0421069461908684 0.1308742136406104
0 0.0100606475716064 0.0671155797101449 0.0024261497645604 0.0079476944764643 0.3428584388185654 0.7131769722814499 0.0004511610819539 0.0037951105725537 0.0053671248319819 0.0144228900654001
0 0.0100606475716064 0.0707380434782608 0.002551136916089 0.0083610250040503 0.320710970464135 0.9647257995735607 0.0003603435607589 0.0037648227809754 0.0074913150934397 0.0172251946434132
0 0.0050803237858032 0.0037224637681159 0.0001555498451238 0.0012040765894527 0.5073824894514769 0.7153087420042645 0.0015127169963665 0.0001302877915783 0.0001867016433248 0.0001
0 0.0088155666251556 0.0272684782608695 0.0009401914074979 0.0038106655021573 0.3491862869198312 0.7664712153518125 0.0002392535324989 0.001372087246289 0.0021158132073017 0.008818280909374
0 0.032472104607721 0.5778829710144928 0.0600452266192546 0.0221536040507045 0.2837985232067511 0.5319765458422177 0.0008124129995962 0.0839063192971826 0.1049656376013528 0.1906567113048894
0 0.0038352428393524 0.0127786231884057 0.0002735932660119 0.0038106655021573 0.3080552742616034 0.7664712153518125 0.0002675078724263 0.0002211511663132 0.0004901573949616 0.0016568358766739
0 0.0075704856787048 0.0127786231884057 0.0004402428013834 0.0022150607177374 0.4346122362869199 0.7526147121535182 0.0003361255551069 0.0006754680399878 0.0008803147899232 0.0035250389286826
0 0.0050803237858032 0.0200235507246376 0.0004680177239453 0.0045554051915015 0.5253113924050634 0.9817799573560768 0.0003421800565199 0.000887482581036 0.0012271213632224 0.004459140454687
0 0.0137958904109589 0.0743605072463768 0.003551034128318 0.006603439337198 0.319656329113924 0.7739324093816632 0.0004451065805409 0.0053095001514692 0.0085534102241685 0.0203388663967611
0 0.0100606475716064 0.0182123188405797 0.000738823218924 0.0023621468063829 0.2437221518987341 0.934881023454158 0.0002130173597093 0.0007360436231445 0.0019640853314833 0.0053932419806913
0 0.0088155666251556 0.4746427536231884 0.0146610031530843 0.0612952602734113 0.107673417721519 0.5191859275053305 0.0001383451756156 0.0097315177219024 0.0250050470450505 0.0851032388663967
0 0.0100606475716064 0.3297442028985507 0.0114877182503854 0.0379439473140245 0.2901263713080169 0.7270334754797442 0.0003522708922083 0.0161828173280823 0.0265006503924034 0.0742053877296792
0 0.0100606475716064 0.561581884057971 0.0194868959482171 0.0644250288178803 0.1171651898734177 0.5543601279317698 0.0001686176826806 0.013699218418661 0.0352575163682088 0.1056534724384927
2 0.0200212951432129 0.0019112318840579 0.0002874807272929 0.000306665263793 0.6898354430379746 0.6865298507462686 0.004741784416633 0.0006148924568312 0.0004684819841304 0.0001
0 0.006325404732254 0.0200235507246376 0.0005513424916311 0.0038106655021573 0.2816892405063291 0.9999 0.0002069628582963 0.0005846046652529 0.001508901704028 0.004459140454687
0 0.0075704856787048 0.0399471014492753 0.0011693345186337 0.0062050036033989 0.2595417721518987 0.8677302771855012 0.0001908175211949 0.0013417994547106 0.003004505051381 0.0100637496107131
1 0.0013450809464508 0.9672978260869564 0.0074811856708291 0.4981316343043577 0.5200381856540085 0.6044567164179104 0.0048003112636253 0.0175457679491063 0.0145358236135801 0.0072614450327
0 0.006325404732254 0.0327021739130434 0.0008429791785312 0.005983443545819 0.2785253164556962 0.8783891257995737 0.0002614533710133 0.0009783459557709 0.0021374886181329 0.0060159763313609
0 0.0100606475716064 0.1142076086956521 0.0040509827344325 0.0133265768827526 0.3091099156118143 0.6737392324093816 0.0003603435607589 0.0059152559830354 0.0086184364566621 0.0268775770787916
0 0.006325404732254 0.1721670289855072 0.0040509827344325 0.0298765546292037 0.1741158227848101 0.7835253731343285 0.0001908175211949 0.0036739594062405 0.009897285695703 0.0265662099034568
0 0.0075704856787048 0.5507144927536232 0.0148762588029391 0.0812095995664747 0.0602145569620253 0.4680234541577825 0.0001423815098909 0.0069147531051196 0.0231192863027359 0.0592597633136094
2 0.0374524283935242 0.0001 0.0002666495353714 0.000146546230584 0.9999 0.9999 0.0061545014129995 0.0008269069978794 0.0006202098599488 0.0001
0 0.0100606475716064 0.0399471014492753 0.0014887461280957 0.0048458536703457 0.3270388185654008 0.8197654584221749 0.0002856713766653 0.002159569827325 0.0036764427871482 0.0119319526627218
0 0.0050803237858032 0.0109673913043478 0.0002944244579334 0.0026935559681411 0.3671151898734178 0.6343014925373135 0.0003684162293096 0.0003120145410481 0.0004468065732992 0.0016568358766739
0 0.0088155666251556 0.0254572463768115 0.0008846415623741 0.0035779343492373 0.533748523206751 0.9999 0.0004854699232943 0.0019172674946985 0.0025493214239257 0.0069500778573653
0 0.0162860523038605 0.5760717391304347 0.0310620949258955 0.0425110634589277 0.3354759493670886 0.5490307036247334 0.0008144311667339 0.0499839927294759 0.0558058058361878 0.1131262846465275
0 0.0075704856787048 0.0109673913043478 0.0003916366869001 0.0019488162787969 0.3112191983122362 0.978582302771855 0.0003280528865563 0.000402877915783 0.0009886918440792 0.0022795702273435
0 0.0100606475716064 0.2935195652173913 0.0102378467350992 0.0338069183397176 0.1013455696202531 0.6449603411513859 0.0001565086798546 0.006460436231445 0.0211468239170966 0.0527210526315789
0 0.0100606475716064 0.0870391304347826 0.0031135790979678 0.0102228742274107 0.2110282700421941 0.721704051172708 0.0002231081953976 0.0032499303241441 0.0070144560551532 0.0212729679227654
0 0.0088155666251556 0.0689268115942029 0.002217837845346 0.0091634820193186 0.1614601265822784 0.692925159914712 0.0001726540169559 0.0018264041199636 0.0047602133287083 0.0144228900654001
0 0.0088155666251556 0.0816054347826087 0.0026066867612128 0.010792600089759 0.320710970464135 0.9540669509594883 0.0002594352038756 0.0038556861557103 0.0075780167367645 0.0225184366241046
0 0.0075704856787048 0.184845652173913 0.0050578236773019 0.0274822165279621 0.2563778481012658 0.67054157782516 0.0002533807024626 0.0063392850651317 0.0107426267181199 0.0374640610401744
0 0.006325404732254 0.0109673913043478 0.0003430305724167 0.0022597450990981 0.4725793248945148 0.974318763326226 0.0003219983851433 0.0005240290820963 0.0008369639682608 0.002902304578013
2 0.0050803237858032 0.0019112318840579 0.0001208311919214 0.0008317067447806 0.894435864978903 0.8933115138592751 0.0017145337101332 0.0001605755831566 0.0001433508216624 0.0001
0 0.0088155666251556 0.0526257246376811 0.0017178892392315 0.0070689016430381 0.3491862869198312 0.9817799573560768 0.0002775987081146 0.0026744622841563 0.0050636690803451 0.0150456244160697
0 0.0088155666251556 0.125075 0.0039398830441848 0.0163781477598404 0.3048913502109705 0.9124974413646056 0.0002331990310859 0.0056729536504089 0.0110894332914191 0.0355958579881656
0 0.0100606475716064 0.0308909420289855 0.0011762782492742 0.0038106655021573 0.3818801687763713 0.8687961620469083 0.0003643798950343 0.0019172674946985 0.0030261804622122 0.008818280909374
0 0.0075704856787048 0.0816054347826087 0.0022872751517508 0.012321178302138 0.1087280590717299 0.5596895522388059 0.0007397589826402 0.0014023750378673 0.0040449247712786 0.0035250389286826
0 0.0088155666251556 0.183034420289855 0.0057174780881474 0.0238255446532822 0.3702791139240506 0.9242221748400852 0.0004430884134033 0.0098526688882156 0.0163782335342323 0.0377754282155091
0 0.0088155666251556 0.1051514492753623 0.0033288347478227 0.0138181050777198 0.3470770042194093 0.8645326226012793 0.0004572155833669 0.0053397879430475 0.0088785413866366 0.0200274992214263
0 0.0137958904109589 0.1268862318840579 0.0059674523912047 0.0111035289100602 0.4525411392405064 0.7408899786780384 0.0010808292289059 0.0123059800060587 0.0139289121103065 0.0215843350981002
0 0.0225114570361145 0.2210702898550724 0.0162788923923159 0.012140578927472 0.0391217299578059 0.0288788912579957 0.0416742430359305 0.0061575583156619 0.0044567575770715 0.0001
0 0.0088155666251556 0.0453807971014492 0.0014956898587362 0.0061379770313579 0.39137194092827 0.8410831556503198 0.0003906160678239 0.002553311117843 0.0037848198413042 0.0109978511367175
0 0.0100606475716064 0.0526257246376811 0.0019262011584459 0.0062925105168968 0.2068097046413502 0.9327492537313432 0.0001928356883326 0.0019172674946985 0.0054321510644755 0.0141115228900654
0 0.0088155666251556 0.1341311594202898 0.004217632269804 0.0175418035244407 0.3407491561181434 0.8506761194029852 0.0003119075494549 0.0067027385640714 0.0111327841130815 0.0340390221114917
3 0.0050803237858032 0.0200235507246376 0.0004680177239453 0.0045554051915015 0.0855259493670886 0.2186063965884861 0.0007054501412999 0.0001302877915783 0.0002950786974808 0.0004113671753347
0 0.0088155666251556 0.4909438405797101 0.0151609517591988 0.0633898406496919 0.3238748945147679 0.8378855010660983 0.0004430884134033 0.0235427506816116 0.0399610805185795 0.0897737464964185
0 0.0100606475716064 0.1902793478260869 0.0066757129165335 0.0220158272081759 0.2711428270042194 0.777130063965885 0.0002957622123536 0.0088228839745531 0.0163132073017387 0.0464937091248832
0 0.0100606475716064 0.0816054347826087 0.0029260983706749 0.0096028784360317 0.2004818565400844 0.5468989339019189 0.0001867811869196 0.0029167646167827 0.0051070199020075 0.0215843350981002
0 0.0137958904109589 0.0127786231884057 0.0007179920270026 0.0013288204874178 0.4177379746835443 0.6332356076759063 0.0007659951554299 0.0011903604968191 0.0013138230065472 0.002902304578013
0 0.0088155666251556 0.0471920289855072 0.00155123970386 0.006370708184278 0.1646240506329114 0.8421490405117272 0.0001908175211949 0.0012509360799757 0.0039365477171226 0.0094410152600436
0 0.0088155666251556 0.0490032608695652 0.0016067895489839 0.006603439337198 0.4071915611814346 0.4626940298507462 0.0038537908760597 0.0028561890336261 0.0023542427264449 0.0013454687013391
0 0.0100606475716064 0.0689268115942029 0.0024886433403247 0.0081543597402573 0.2700881856540084 0.6897275053304904 0.0002392535324989 0.0031590669494092 0.0053454494211507 0.0197161320460915
0 0.0113057285180572 0.0308909420289855 0.0013012654008028 0.0034382956574852 0.5601145569620253 0.8869162046908318 0.0014118086394832 0.0030682035746743 0.003438013268005 0.0041477732793522
0 0.0088155666251556 0.0145898550724637 0.0005513424916311 0.0021815474317169 0.3407491561181434 0.9849776119402984 0.0003179620508679 0.0007057558315661 0.0014872262931968 0.0038364061040174
0 0.0100606475716064 0.0345134057971014 0.0013012654008028 0.0042239960297434 0.3323120253164557 0.8933115138592751 0.0003421800565199 0.0018869797031202 0.0034596886788362 0.0091296480847088
0 0.0162860523038605 0.7952307971014493 0.0428247746308668 0.0586030262964321 0.1118919831223629 0.6012590618336887 0.0002089810254339 0.0294185822478036 0.0835503317001257 0.1965726876362503
0 0.0113057285180572 0.0689268115942029 0.0027594488353034 0.0073481790265422 0.2700881856540084 0.7025181236673775 0.0002392535324989 0.0035225204483489 0.0060390625677492 0.021895702273435
0 0.006325404732254 0.0399471014492753 0.0010096287139027 0.007223435128577 0.3428584388185654 0.8528078891257996 0.0003744707307226 0.0014629506210239 0.0025276460130945 0.0066387106820305
0 0.0088155666251556 0.0308909420289855 0.0010512910977456 0.0042761278079974 0.1720065400843881 0.8005795309168443 0.0003785070649979 0.0008269069978794 0.0024842951914321 0.0038364061040174
0 0.006325404732254 0.058059420289855 0.0014262525523314 0.0103271377839189 0.4936721518987342 0.994570575692964 0.0003502527250706 0.0030076279915177 0.0042183280579282 0.0141115228900654
0 0.0162860523038605 0.0671155797101449 0.0037454585862514 0.0051400258476367 0.1846622362869198 0.8336219616204691 0.0004935425918449 0.0035528082399272 0.009680531587391 0.0125546870133914
0 0.0113057285180572 0.2265039855072463 0.0088004944925201 0.0235462672697781 0.393481223628692 0.8528078891257996 0.0004390520791279 0.0161222417449257 0.0234877682868664 0.0620620678916225
0 0.0175311332503113 0.757194927536232 0.0436927409609267 0.052094001411564 0.3091099156118143 0.4946705756929638 0.0008063584981832 0.0656124931838836 0.0716722065646273 0.1498676113360323
0 0.0088155666251556 0.2735960144927536 0.008494970344339 0.035462102299285 0.2300118143459916 0.598061407249467 0.0003018167137666 0.0098223810966373 0.0163565581234011 0.0508528495795702
0 0.0075704856787048 0.0109673913043478 0.0003916366869001 0.0019488162787969 0.3112191983122362 0.934881023454158 0.0002796168752523 0.000402877915783 0.0009453410224168 0.0025909374026782
0 0.0100606475716064 0.4836989130434782 0.0167996721903518 0.055529113228664 0.4356668776371308 0.6737392324093816 0.0011696285829632 0.0338708876098152 0.036254585266444 0.0552119900342572
0 0.0100606475716064 0.0381358695652173 0.0014262525523314 0.0046373265573294 0.1688426160337552 0.747285287846482 0.0002251263625353 0.0011600727052408 0.003221259159693 0.0078841793833696
0 0.0150409713574097 0.4112496376811594 0.0206326115038962 0.0327400787347321 0.2236839662447257 0.9380786780383796 0.0005621602745256 0.0236033262647682 0.0604443437540649 0.0738940205543444
0 0.0088155666251556 0.3025757246376812 0.0093837678663203 0.039185800746006 0.2827438818565401 0.9029044776119404 0.0002533807024626 0.0129117358376249 0.0264356241599098 0.0760735907816879
0 0.0075704856787048 0.3206880434782608 0.0087032822635534 0.0474319309562694 0.2004818565400844 0.781393603411514 0.0001827448526443 0.009004610724023 0.021406928847071 0.0661098411709747
0 0.006325404732254 0.0127786231884057 0.0003846929562596 0.0025688120701759 0.6265569620253165 0.9114315565031984 0.0005238150989099 0.0008269069978794 0.0009019902007544 0.002902304578013
0 0.006325404732254 0.0906615942028985 0.0021761754615032 0.0159126854540003 0.2553232067510548 0.760075906183369 0.0001968720226079 0.0026138867009996 0.0050853444911763 0.0187820305200872
0 0.0088155666251556 0.1015289855072463 0.003217735057575 0.0133526427718797 0.2711428270042194 0.8272266524520256 0.0002634715381509 0.0041585640714934 0.0082282790617005 0.0240752725007785
1 0.0025901618929016 0.2029579710144927 0.002405318572639 0.0702172417517546 0.321765611814346 0.3369196162046908 0.0060031388776746 0.0035528082399272 0.0027227247105753 0.0010341015260043
0 0.012550809464508 0.1359423913043478 0.005856352700957 0.0129504833396338 0.213137552742616 0.6673439232409382 0.0003179620508679 0.0063089972735534 0.0124116333521224 0.0315480847088134
0 0.0449229140722291 0.1812231884057971 0.0260001152889864 0.0051698154352105 0.2426675105485232 0.674805117270789 0.0003906160678239 0.0317810299909118 0.0562176386419806 0.134299252569293
0 0.0100606475716064 0.183034420289855 0.0064257386134763 0.0211873043037804 0.3713337552742616 0.8858503198294243 0.0004652882519176 0.0111247561345046 0.0177221090057668 0.040889099968857
0 0.0100606475716064 0.0725492753623188 0.0026136304918533 0.0085695521170667 0.2025911392405063 0.6385650319829425 0.0001645813484053 0.0026138867009996 0.0052370723669947 0.0209616007474307
1 0.0001 0.4601528985507246 0.0018220451988387 0.474858519012352 0.6687426160337553 0.9999 0.0008790125151392 0.005188348985156 0.0054755018861379 0.0109978511367175
1 0.0001 0.061681884057971 0.0002944244579334 0.0652516898730523 0.819556329113924 0.9999 0.0018497509083568 0.0007663314147228 0.0007069115032736 0.0007227343506695
0 0.0075704856787048 0.1087739130434782 0.0030163668690011 0.0163111211877994 0.2837985232067511 0.6449603411513859 0.0002816350423899 0.0040374129051802 0.006125764211074 0.0222070694487698
0 0.0050803237858032 0.0109673913043478 0.0002944244579334 0.0026935559681411 0.3671151898734178 0.9391445628997868 0.0002513625353249 0.0003120145410481 0.0006635606816112 0.0022795702273435
0 0.0050803237858032 0.0109673913043478 0.0002944244579334 0.0026935559681411 0.427229746835443 0.9999 0.0003018167137666 0.0003725901242047 0.0007069115032736 0.0022795702273435
0 0.0075704856787048 0.3840811594202898 0.0104044962704707 0.0567411770730717 0.1930993670886076 0.7291652452025585 0.0002009083568833 0.0105190003029385 0.0240513289684776 0.0726485518530053
0 0.0113057285180572 0.0345134057971014 0.0014401400136124 0.0038106655021573 0.2352850210970464 0.9039703624733476 0.0002816350423899 0.0015538139957588 0.0038931968954602 0.008818280909374
1 0.0001 0.3858923913043478 0.0015373522425791 0.3985227008545735 0.9999 0.9999 0.0430869600322971 0.00636957285671 0.0045868100420587 0.0001
0 0.0162860523038605 0.2246927536231883 0.0122029225063547 0.0167114187708219 0.25005 0.7163746268656717 0.0003441982236576 0.0151833202059981 0.0278011750422755 0.0707803488009965
0 0.0075704856787048 0.0236460144927536 0.0007318794882835 0.0038106655021573 0.214192194092827 0.7174405117270789 0.0002130173597093 0.0006451802484095 0.001508901704028 0.0047705076300218
0 0.0075704856787048 0.1341311594202898 0.003696852471768 0.0200348196345203 0.1097827004219409 0.7419558635394455 0.0001565086798546 0.0023715843683732 0.0085750856349997 0.0197161320460915
0 0.0088155666251556 0.0453807971014492 0.0014956898587362 0.0061379770313579 0.1941540084388185 0.764339445628998 0.0001524723455793 0.001372087246289 0.0034596886788362 0.0119319526627218
0 0.0088155666251556 0.058059420289855 0.001884538774603 0.0077670951017983 0.3091099156118143 0.8783891257995737 0.0002150355268469 0.002644174492578 0.0050203182586827 0.0178479289940828
0 0.006325404732254 0.1685445652173913 0.0039676579667467 0.0292565588378246 0.2890717299578059 0.8528078891257996 0.0003058530480419 0.0054609391093608 0.0104825217881455 0.0281230457801308
0 0.0088155666251556 0.0254572463768115 0.0008846415623741 0.0035779343492373 0.2795799578059072 0.7249017057569296 0.0003018167137666 0.0010389215389275 0.0018773836881585 0.0057046091560261
0 0.0050803237858032 0.0761717391304347 0.0015442959732196 0.0160988703763363 0.2932902953586498 0.8069748400852879 0.0001322906742026 0.0020384186610118 0.003763144430473 0.0187820305200872
0 0.0113057285180572 0.123263768115942 0.0048425680274471 0.0129337266966236 0.2373943037974684 0.6588168443496804 0.0002715442067016 0.0056729536504089 0.010114039804015 0.0318594518841482
0 0.0088155666251556 0.1957130434782608 0.0061063270040142 0.0254546627237226 0.4166833333333333 0.9561987206823028 0.0003966705692369 0.0117002241744925 0.018068915579066 0.0489846465275615
0 0.0088155666251556 0.0327021739130434 0.0011068409428694 0.0045088589609175 0.2711428270042194 0.978582302771855 0.0002049446911586 0.0013115116631323 0.0031779083380306 0.0094410152600436
0 0.0075704856787048 0.3569126811594202 0.0096754045532204 0.0527512341874102 0.1245476793248945 0.6939910447761195 0.0001726540169559 0.0070359042714328 0.0213635780254086 0.0539665213329181
0 0.012550809464508 0.0200235507246376 0.0009679663300598 0.0021182445581227 0.464142194092827 0.7334287846481876 0.0007720496568429 0.0018566919115419 0.0020941377964705 0.004459140454687
0 0.0075704856787048 0.2102028985507246 0.0057383092800688 0.031205914974683 0.14142194092827 0.8368196162046908 0.0001524723455793 0.0044917297788548 0.0149910072410354 0.0374640610401744
3 0.0374524283935242 0.1884681159420289 0.0226532371202755 0.0063930503749583 0.2004818565400844 0.4200586353944563 0.0008850670165522 0.0237244774310814 0.0321362572085158 0.0499187480535658
0 0.0100606475716064 0.1993355072463768 0.0069881807953551 0.0230491535271409 0.143531223628692 0.7536805970149255 0.0001988901897456 0.005582090275674 0.0165949876425443 0.0390208969168483
0 0.0088155666251556 0.0109673913043478 0.0004402428013834 0.0017160851258768 0.4915628691983122 0.9999 0.0004309794105773 0.0007663314147228 0.0011620951307288 0.0032136717533478
0 0.012550809464508 0.2083916666666666 0.0089115941827677 0.0197201671157724 0.2342303797468355 0.7909865671641791 0.0002614533710133 0.0104887125113601 0.0221872436369943 0.0601938648396138
0 0.0137958904109589 0.1812231884057971 0.0084671954217771 0.0157581519684614 0.2532139240506329 0.7781959488272921 0.0002997985466289 0.0106098636776734 0.020756666522135 0.0552119900342572
1 0.0013450809464508 0.8060981884057972 0.0062452016168238 0.4152793438648175 0.4082462025316455 0.5767437100213219 0.0034945571255551 0.0117607997576491 0.0116096431513679 0.0066387106820305
1 0.0001 0.3351778985507246 0.0013429277846457 0.3463909226004807 0.8185016877637131 0.9999 0.0017266427129592 0.0045523053620115 0.003979898538785 0.0050818748053565
0 0.0050803237858032 0.0091561594202898 0.000259705804731 0.002321186123469 0.4019183544303797 0.9647257995735607 0.0002271445296729 0.0002817267494698 0.0005768590382864 0.0022795702273435
0 0.012550809464508 0.7879858695652173 0.0333535260372536 0.0738832228725514 0.2996181434599156 0.738758208955224 0.0004753790876059 0.0487119054831869 0.0784782855656246 0.1753997197134849
0 0.0075704856787048 0.0109673913043478 0.0003916366869001 0.0019488162787969 0.3976997890295359 0.9999 0.0002836532095276 0.0005240290820963 0.0010103672549104 0.0032136717533478
0 0.0461679950186799 0.7408938405797101 0.1082347172641784 0.0201744583262724 0.2395035864978903 0.6758710021321961 0.0003805252321356 0.1313672887003938 0.2351048042318865 0.564920056057303
0 0.0162860523038605 0.6720670289855072 0.0362143430611309 0.049558162769347 0.3439130801687763 0.5586236673773988 0.0009052486879289 0.0595852226598 0.0660582751593461 0.1227786670819059
0 0.0088155666251556 0.4130608695652173 0.012772308418874 0.0533824010741294 0.1224383966244726 0.4499034115138592 0.0002150355268469 0.0092166252650711 0.0191743615314573 0.0608165991902834
0 0.0088155666251556 0.0272684782608695 0.0009401914074979 0.0038106655021573 0.4071915611814346 0.8837185501066098 0.0004370339119903 0.0015841017873371 0.0024192689589385 0.0063273435066957
0 0.0075704856787048 0.0290797101449275 0.0008776978317336 0.004609398818979 0.3175470464135021 0.7760641791044777 0.0002130173597093 0.0011600727052408 0.0019857607423145 0.0081955465587044
0 0.0088155666251556 0.0924728260869565 0.0029399858319558 0.0121889870072794 0.3460223628691983 0.8719938166311302 0.0002775987081146 0.0046734565283247 0.0078814724884013 0.0259434755527872
0 0.0113057285180572 0.0127786231884057 0.0006068923367549 0.0015764464341248 0.5516774261603375 0.8805208955223882 0.0017548970528865 0.001281223871554 0.0014872262931968 0.0013454687013391
0 0.0075704856787048 0.0236460144927536 0.0007318794882835 0.0038106655021573 0.321765611814346 0.8581373134328358 0.0002513625353249 0.0009480581641926 0.0017906820448337 0.0060159763313609
4 0.2080285180572851 0.2609173913043478 0.1692006722875835 0.0016937429351965 0.786862447257384 0.9604622601279318 0.0025339095680258 0.5883797758255074 0.508388383991675 0.4631029897228278
0 0.006325404732254 0.0182123188405797 0.0005096801077882 0.0034997366818561 0.2964542194092827 0.789920682302772 0.0002392535324989 0.0005543168736746 0.0010970688982352 0.0038364061040174
4 0.2204793275217932 0.2518612318840579 0.1730891614462517 0.0015522423942211 0.5506227848101265 0.6257744136460553 0.0042412789664917 0.4327611026961527 0.3505913931405281 0.2065364372469635
0 0.0075704856787048 0.0308909420289855 0.0009263039462169 0.0048737814086962 0.4388308016877638 0.9999 0.0004652882519176 0.001674965162072 0.0026793738889129 0.0063273435066957
0 0.0100606475716064 0.0381358695652173 0.0014262525523314 0.0046373265573294 0.1477497890295359 0.6769368869936034 0.0001625631812676 0.0010389215389275 0.0029394788188873 0.008818280909374
0 0.0075704856787048 0.058059420289855 0.0016553956634672 0.0088637242943576 0.3101645569620253 0.8709279317697228 0.0001726540169559 0.0023110087852166 0.0043483805229154 0.0181592961694176
0 0.0150409713574097 0.0671155797101449 0.0034815968219132 0.005529152335319 0.2764160337552743 0.9540669509594883 0.0006247234557932 0.0045825931535898 0.0102007414473398 0.013177421364061
0 0.012550809464508 0.0942840579710145 0.0040995888489158 0.0090573566135871 0.2078643459915612 0.7163746268656717 0.0002876895438029 0.0042797152378067 0.0092253479599358 0.0231411709747742
0 0.0088155666251556 0.0218347826086956 0.0007735418721264 0.0031124720433972 0.5643331223628691 0.8261607675906183 0.0008447036737989 0.0017355407452287 0.0018340328664961 0.0038364061040174
0 0.0050803237858032 0.0091561594202898 0.000259705804731 0.002321186123469 0.4019183544303797 0.9999 0.0002271445296729 0.0002817267494698 0.0005985344491176 0.0022795702273435
0 0.0100606475716064 0.1341311594202898 0.0047384120678399 0.0156017566336991 0.1498590717299578 0.6780027718550106 0.0001928356883326 0.0038556861557103 0.0101573906256774 0.027811678604796
4 0.1582252801992527 0.626786231884058 0.308464134013029 0.0051344402999666 0.3660605485232068 0.538371855010661 0.0025359277351635 0.5366179400181763 0.5453666348697047 0.4220025225786359
0 0.0100606475716064 0.309820652173913 0.010800288916978 0.0356687675630781 0.3175470464135021 0.785657142857143 0.0003885979006863 0.0164251196607088 0.0267607553223778 0.0698462472749922
0 0.0137958904109589 0.4909438405797101 0.0227157306960398 0.0422895034013478 0.176225105485232 0.5618213219616204 0.0002614533710133 0.0215437564374432 0.0416084117417508 0.1234014014325755
0 0.0150409713574097 0.1431873188405797 0.0072728737516147 0.0115447871759967 0.4029729957805907 0.5053294243070363 0.0010223023819136 0.0135477794607694 0.0120214759571608 0.0250093740267829
0 0.0200212951432129 0.0182123188405797 0.0013498715152862 0.0012915835029506 0.3850440928270042 0.623642643923241 0.0018658962454582 0.0022504332020599 0.0025709968347569 0.0022795702273435
0 0.0075704856787048 0.6249750000000001 0.0168691094967566 0.0921163123169203 0.1129466244725738 0.7323628997867805 0.0001343088413403 0.0115790730081793 0.0392457919611499 0.10222843350981
0 0.0075704856787048 0.0725492753623188 0.0020442445793341 0.0109918179566586 0.1656786919831223 0.6289720682302773 0.0001726540169559 0.0017052529536504 0.0040015739496162 0.0134887885393958
0 0.0025901618929016 0.0272684782608695 0.0003846929562596 0.0100162089636177 0.3407491561181434 0.9338151385927504 0.0003522708922083 0.0004331657073614 0.0009236656115856 0.0022795702273435
0 0.0050803237858032 0.0508144927536231 0.001058234828386 0.0108856925509271 0.3671151898734178 0.9636599147121536 0.0002231081953976 0.0016446773704937 0.0029828296405497 0.0109978511367175
0 0.0088155666251556 0.0200235507246376 0.0007179920270026 0.0028797408904771 0.3850440928270042 0.9338151385927504 0.0003018167137666 0.0010994971220842 0.0018990590989897 0.0060159763313609
1 0.0001 0.0327021739130434 0.0001833247676857 0.035462102299285 0.6666333333333334 0.9999 0.0007720496568429 0.0002817267494698 0.0003601049299744 0.0007227343506695
0 0.0100606475716064 0.1486210144927536 0.0052383606739544 0.0172569405932665 0.2985635021097046 0.8325560767590617 0.0003119075494549 0.0074599333535292 0.0136037809478385 0.0377754282155091
0 0.0100606475716064 0.0345134057971014 0.0013012654008028 0.0042239960297434 0.3027820675105485 0.7568782515991471 0.0002493443681873 0.0017355407452287 0.0029611542297185 0.0106864839613827
0 0.0113057285180572 0.4891326086956521 0.0188689039212145 0.0505430810085047 0.1488044303797468 0.6726733475479745 0.0001746721840936 0.0156982126628294 0.0406546936651779 0.1181081594518841
0 0.0100606475716064 0.1468097826086956 0.0051758670981901 0.0170502753294735 0.3966451476793249 0.9316833688699362 0.0003785070649979 0.0094589275976976 0.0149259810085418 0.0412004671441918
0 0.0162860523038605 0.757194927536232 0.040783317822566 0.0558102524613914 0.3386398734177215 0.5767437100213219 0.0008083766653209 0.0661576734322932 0.0765708494124788 0.1508017128620367
0 0.0075704856787048 0.1286974637681159 0.003551034128318 0.0192379481669221 0.3723883966244726 0.8346878464818763 0.0002715442067016 0.0060666949409269 0.0091819971382734 0.0340390221114917
0 0.0137958904109589 0.748138768115942 0.034547847707416 0.0643207652613721 0.2753613924050633 0.7163746268656717 0.0003623617278966 0.0469552135716449 0.0789768200147422 0.2099614761756462
0 0.0050803237858032 0.0127786231884057 0.0003291431111358 0.0030659258128132 0.3143831223628692 0.6534874200426439 0.0008406673395236 0.0003120145410481 0.000533508216624 0.0007227343506695
0 0.0075704856787048 0.0671155797101449 0.001898426235884 0.0101949464890603 0.2901263713080169 0.9476716417910448 0.0001766903512313 0.0025230233262647 0.0054321510644755 0.0194047648707567
0 0.0088155666251556 0.4166833333333333 0.0128834081091217 0.0538478633799695 0.1667333333333333 0.5127906183368871 0.0002311808639483 0.0116699363829142 0.0216887091878766 0.0732712862036748
0 0.0088155666251556 0.1286974637681159 0.0040509827344325 0.0168436100656805 0.3660605485232068 0.79844776119403 0.0003522708922083 0.006854177521963 0.0100706889823526 0.0315480847088134
0 0.0075704856787048 0.0182123188405797 0.0005860611448335 0.0030119321853357 0.3291481012658228 0.708913432835821 0.0002130173597093 0.0007360436231445 0.0011620951307288 0.0053932419806913
0 0.0100606475716064 0.0381358695652173 0.0014262525523314 0.0046373265573294 0.2806345991561181 0.9029044776119404 0.0003865797335486 0.0017961163283853 0.0038498460737978 0.0078841793833696
0 0.0113057285180572 0.0725492753623188 0.002898323448113 0.0077205488712143 0.320710970464135 0.953001066098081 0.0003320892208316 0.004310003029385 0.0084450331700125 0.0209616007474307
0 0.006325404732254 0.058059420289855 0.0014262525523314 0.0103271377839189 0.2057550632911392 0.8005795309168443 0.0001403633427533 0.001372087246289 0.003438013268005 0.0125546870133914
0 0.0075704856787048 0.0942840579710145 0.0026275179531343 0.0141830275254984 0.0391217299578059 0.1951569296375266 0.0002009083568833 0.000887482581036 0.0019207345098209 0.0066387106820305
0 0.0075704856787048 0.0743605072463768 0.0020928506938174 0.0112580623955991 0.3723883966244726 0.974318763326226 0.0003119075494549 0.0034922326567706 0.0061691150327364 0.0178479289940828
0 0.0100606475716064 0.1631108695652174 0.0057383092800688 0.018912124552834 0.2827438818565401 0.7579441364605546 0.0003421800565199 0.0078233868524689 0.0136688071803321 0.0368413266895048
0 0.0150409713574097 0.7046692028985507 0.0352561082327448 0.05594244375625 0.1372033755274261 0.7174405117270789 0.0002130173597093 0.0278739048773099 0.0807325282920695 0.1844293677981937
0 0.012550809464508 0.4112496376811594 0.0174662703318378 0.0386775159080285 0.2426675105485232 0.5959296375266524 0.0004955607589826 0.021331741896395 0.0337185621991935 0.0742053877296792
0 0.006325404732254 0.0055336956521739 0.0002180434208881 0.0013288204874178 0.428284388185654 0.9999 0.0003421800565199 0.0002211511663132 0.0004684819841304 0.0013454687013391
0 0.0075704856787048 0.0091561594202898 0.0003430305724167 0.0016825718398563 0.321765611814346 0.9999 0.0002352171982236 0.0003423023326264 0.000858639379092 0.0025909374026782
0 0.012550809464508 0.0345134057971014 0.001579014626422 0.0034718089435057 0.1224383966244726 0.7334287846481876 0.0005762874444893 0.0010086337473492 0.0035247149113298 0.0032136717533478
0 0.0075704856787048 0.0236460144927536 0.0007318794882835 0.0038106655021573 0.2785253164556962 0.7611417910447761 0.0003441982236576 0.0008269069978794 0.0015956033473529 0.0041477732793522
0 0.0088155666251556 0.0417583333333333 0.0013845901684886 0.0056725147255178 0.2806345991561181 0.6673439232409382 0.0004329975777149 0.0017355407452287 0.0028094263539001 0.0069500778573653
0 0.0025901618929016 0.0236460144927536 0.0003430305724167 0.0087762173808597 0.3470770042194093 0.8730597014925373 0.0005439967702866 0.0003725901242047 0.000750262324936 0.0013454687013391
3 0.0088155666251556 0.0145898550724637 0.0005513424916311 0.0021815474317169 0.0770888185654008 0.2740324093816631 0.0008063584981832 0.0001605755831566 0.0004468065732992 0.0004113671753347
0 0.0113057285180572 0.0164010869565217 0.0007457669495645 0.0019488162787969 0.430393670886076 0.4243221748400853 0.0091817521194993 0.001281223871554 0.0009453410224168 0.0001
0 0.0075704856787048 0.0508144927536231 0.0014609712055338 0.0078006083878188 0.2416128691983123 0.8314901918976547 0.0001928356883326 0.0016143895789154 0.003654767376317 0.0119319526627218
0 0.0088155666251556 0.0888503623188406 0.0028288861417082 0.0117235247014393 0.3249295358649789 0.7099793176972281 0.0002957622123536 0.0042494274462284 0.0062558166760612 0.0225184366241046
0 0.0100606475716064 0.1631108695652174 0.0057383092800688 0.018912124552834 0.2637603375527426 0.953001066098081 0.0002977803794913 0.0073690699787943 0.0169201188050123 0.0387095297415135
0 0.0088155666251556 0.0870391304347826 0.0027733362965843 0.0114907935485192 0.4103554852320675 0.9967023454157784 0.0002816350423899 0.0051277734019993 0.0084233577591813 0.0281230457801308
0 0.0075704856787048 0.0145898550724637 0.0004888489158668 0.002481305156678 0.4135194092827005 0.8133701492537313 0.0005258332660476 0.0007360436231445 0.001075393487404 0.0025909374026782
0 0.0075704856787048 0.0218347826086956 0.0006832733738002 0.0035444210632168 0.2468860759493671 0.9178268656716418 0.0004229067420266 0.0006754680399878 0.0017690066340025 0.002902304578013
0 0.0075704856787048 0.0073449275362318 0.0002944244579334 0.0014163274009158 0.2163014767932489 0.5426353944562899 0.0003522708922083 0.0001605755831566 0.0003817803408056 0.0010341015260043
1 0.0001 0.0254572463768115 0.0001555498451238 0.0280147054058432 0.5073824894514769 0.9999 0.0003018167137666 0.0001302877915783 0.0002734032866496 0.0010341015260043
0 0.012550809464508 0.6086739130434783 0.025791803369772 0.0571265798623073 0.1298208860759493 0.6129837953091684 0.0003421800565199 0.019575049984853 0.0511239170966483 0.091953316723762
0 0.0113057285180572 0.0164010869565217 0.0007457669495645 0.0019488162787969 0.5464042194092826 0.9039703624733476 0.0005379422688736 0.0016143895789154 0.0019207345098209 0.0053932419806913
0 0.006325404732254 0.0127786231884057 0.0003846929562596 0.0025688120701759 0.5390217299578058 0.9551328358208956 0.0005803237787646 0.0007057558315661 0.0009453410224168 0.0022795702273435
0 0.0100606475716064 0.309820652173913 0.010800288916978 0.0356687675630781 0.1256023206751055 0.7131769722814499 0.0001625631812676 0.0079142502272038 0.0244631617742704 0.0626848022422921
0 0.0050803237858032 0.0091561594202898 0.000259705804731 0.002321186123469 0.2964542194092827 0.9647257995735607 0.0004027250706499 0.0001908633747349 0.0005768590382864 0.0010341015260043
3 0.006325404732254 0.0218347826086956 0.000593004875474 0.0041215943224585 0.0538867088607595 0.4125974413646056 0.0007054501412999 0.0001302877915783 0.0007069115032736 0.0004113671753347
0 0.0088155666251556 0.432984420289855 0.0133833567152362 0.05594244375625 0.1488044303797468 0.610852025586354 0.0001807266855066 0.0110944683429263 0.0263922733382474 0.0819895671130489
0 0.0100606475716064 0.063493115942029 0.0023011626130318 0.0075343639488782 0.5316392405063292 0.9178268656716418 0.0005460149374243 0.0053397879430475 0.0064292199627108 0.0172251946434132
0 0.0287368617683686 0.1504322463768116 0.0140499548567221 0.006603439337198 0.4451586497890295 0.8634667377398721 0.0016519705288655 0.0288431142078158 0.0380536443654338 0.0340390221114917
0 0.012550809464508 0.1812231884057971 0.0077658786270887 0.0171824666243321 0.2268478902953586 0.8389513859275053 0.0002453080339119 0.0088834595577097 0.0203881845380045 0.0536551541575833
0 0.0113057285180572 0.0272684782608695 0.0011623907879932 0.0030659258128132 0.248995358649789 0.7270334754797442 0.0003401618893823 0.001281223871554 0.0025276460130945 0.0063273435066957
0 0.0088155666251556 0.0345134057971014 0.0011623907879932 0.0047415901138376 0.4725793248945148 0.9999 0.0004551974162293 0.0023110087852166 0.0034163378571738 0.008818280909374
0 0.0100606475716064 0.0399471014492753 0.0014887461280957 0.0048458536703457 0.2616510548523207 0.9999 0.0002029265240209 0.001765828536807 0.0044350821662402 0.0125546870133914
0 0.0113057285180572 0.4492855072463768 0.0173412831803091 0.0464470127171117 0.2553232067510548 0.6119179104477613 0.0003663980621719 0.0220283611026961 0.0342821228808047 0.097869293055123
0 0.0088155666251556 0.0127786231884057 0.0004957926465072 0.0019488162787969 0.4398854430379747 0.8336219616204691 0.0004491429148163 0.0007966192063011 0.0011187443090664 0.0032136717533478
1 0.0001 0.0797942028985507 0.0003638617643381 0.0838701821066568 0.929239029535865 0.9999 0.004136334275333 0.0011600727052408 0.0009236656115856 0.0004113671753347
0 0.0100606475716064 0.4492855072463768 0.0156122942508299 0.0515987495181501 0.2627056962025316 0.721704051172708 0.0002937440452159 0.0203019569827325 0.03582107704982 0.1068989411398318
0 0.0100606475716064 0.058059420289855 0.0021136818857388 0.0069143681574992 0.3249295358649789 0.8059089552238807 0.0003058530480419 0.0031287791578309 0.0052153969561635 0.0162910931174089
0 0.0088155666251556 0.0381358695652173 0.0012734904782409 0.0052070524196777 0.286962447257384 0.9029044776119404 0.0002574170367379 0.0016143895789154 0.0034163378571738 0.0097523824353783
0 0.0100606475716064 0.9672978260869564 0.0334854569194227 0.1107627322888752 0.1192744725738396 0.6119179104477613 0.0001766903512313 0.0239062041805513 0.0663400555001517 0.1782020242914979
0 0.0075704856787048 0.0707380434782608 0.0019956384648507 0.0107255735177181 0.3027820675105485 0.9316833688699362 0.0001887993540573 0.0027653256588912 0.0056272297619563 0.0203388663967611
0 0.0075704856787048 0.0345134057971014 0.0010235161751836 0.0054062702865772 0.2163014767932489 0.7334287846481876 0.0001665995155429 0.0009783459557709 0.0022241902614577 0.0081955465587044
1 0.0025901618929016 0.9727315217391304 0.0112585751392496 0.3339723882806665 0.3354759493670886 0.3859503198294243 0.004360350827614 0.0179697970312026 0.0147959285435546 0.0081955465587044
0 0.0100606475716064 0.9672978260869564 0.0334854569194227 0.1107627322888752 0.1171651898734177 0.5735460554371002 0.0001807266855066 0.0236941896395031 0.0625251831938603 0.1744656181874805
0 0.0075704856787048 0.0997177536231884 0.0027733362965843 0.0149817608423201 0.2816892405063291 0.8176336886993603 0.0001908175211949 0.0036739594062405 0.006992780644322 0.0265662099034568
0 0.0113057285180572 0.0327021739130434 0.0013707027072076 0.0036244805798213 0.5833166666666666 0.8037771855010661 0.0016842612030682 0.0033710814904574 0.0033079608030178 0.0038364061040174
0 0.0088155666251556 0.1431873188405797 0.0044953814954231 0.018705459289041 0.1393126582278481 0.5138565031982943 0.0001807266855066 0.0034619448651923 0.0074913150934397 0.0259434755527872
0 0.0162860523038605 0.5887503623188405 0.0317425805286625 0.0434419880706079 0.3280934599156118 0.5618213219616204 0.0007861768268066 0.0500748561042108 0.0582334518492824 0.1171740579258797
0 0.0075704856787048 0.0236460144927536 0.0007318794882835 0.0038106655021573 0.321765611814346 0.9668575692963752 0.0002049446911586 0.0009480581641926 0.0020074361531457 0.0069500778573653
0 0.0050803237858032 0.0417583333333333 0.0008846415623741 0.0090238433275666 0.3059459915611814 0.7952501066098082 0.0001645813484053 0.0011297849136625 0.0020507869748081 0.0094410152600436
0 0.0038352428393524 0.1721670289855072 0.0027177864514605 0.0447713484160873 0.4504318565400844 0.8698620469083157 0.0004148340734759 0.0054609391093608 0.0072528855742964 0.0222070694487698
0 0.0088155666251556 0.059870652173913 0.0019400886197269 0.0079998262547184 0.321765611814346 0.7334287846481876 0.0002755805409769 0.0028259012420478 0.0043700559337466 0.0159797259420741
0 0.006325404732254 0.0127786231884057 0.0003846929562596 0.0025688120701759 0.2753613924050633 0.8666643923240939 0.0001141271699636 0.0003423023326264 0.000858639379092 0.0041477732793522
0 0.0113057285180572 0.4891326086956521 0.0188689039212145 0.0505430810085047 0.143531223628692 0.6428285714285715 0.0001625631812676 0.0153044713723114 0.0390290378528378 0.1205990968545624
0 0.0075704856787048 0.253672463768116 0.0069048560276693 0.037590195961586 0.1140012658227848 0.7408899786780384 0.0001343088413403 0.0046734565283247 0.0161398040150891 0.0418232014948614
0 0.0050803237858032 0.0218347826086956 0.0005027363771477 0.0049277750361736 0.3017274261603376 0.7046498933901919 0.0003421800565199 0.0005543168736746 0.000967016433248 0.002902304578013
0 0.006325404732254 0.0490032608695652 0.0012179406331171 0.0087762173808597 0.0960723628691983 0.4989341151385928 0.0002432898667743 0.0006148924568312 0.0018773836881585 0.0041477732793522
0 0.0088155666251556 0.1015289855072463 0.003217735057575 0.0133526427718797 0.2279025316455696 0.7845912579957356 0.0001908175211949 0.0035830960315056 0.0078381216667389 0.0259434755527872
0 0.0075704856787048 0.0127786231884057 0.0004402428013834 0.0022150607177374 0.3027820675105485 0.8666643923240939 0.0003785070649979 0.0004634534989397 0.0010103672549104 0.0022795702273435
0 0.0075704856787048 0.0308909420289855 0.0009263039462169 0.0048737814086962 0.1962632911392405 0.6950569296375266 0.0001302725070649 0.0007966192063011 0.0018990590989897 0.0078841793833696
0 0.0088155666251556 0.0490032608695652 0.0016067895489839 0.006603439337198 0.4114101265822785 0.781393603411514 0.0003986887363746 0.0028864768252044 0.0038064952521354 0.0122433198380566
0 0.012550809464508 0.0345134057971014 0.001579014626422 0.0034718089435057 0.5537867088607594 0.8741255863539448 0.0016075708518368 0.0037345349893971 0.0041533018254346 0.004459140454687
0 0.0075704856787048 0.0725492753623188 0.0020442445793341 0.0109918179566586 0.140367299578059 0.6140496801705758 0.0002029265240209 0.0014932384126022 0.0039148723062914 0.0106864839613827
0 0.0050803237858032 0.0345134057971014 0.0007457669495645 0.0075343639488782 0.1245476793248945 0.4456398720682303 0.0002109991925716 0.000402877915783 0.0009886918440792 0.0032136717533478
2 0.0088155666251556 0.0001 0.0001069437306404 0.0003196982083565 0.9999 0.9999 0.0015127169963665 0.0001302877915783 0.0001216754108312 0.0001
0 0.0113057285180572 0.063493115942029 0.002551136916089 0.0067896242595341 0.3323120253164557 0.8336219616204691 0.0003502527250706 0.0038859739472887 0.0065375970168668 0.0181592961694176
0 0.0100606475716064 0.1431873188405797 0.0050508799466614 0.0166369448018875 0.2658696202531646 0.8272266524520256 0.0002614533710133 0.0065210118146016 0.013018544855396 0.0377754282155091
0 0.0088155666251556 0.0308909420289855 0.0010512910977456 0.0042761278079974 0.4430493670886076 0.9999 0.0004067614049253 0.0019475552862768 0.0030695312838746 0.0081955465587044
0 0.0100606475716064 0.4510967391304348 0.0156747878265942 0.0518054147819431 0.3249295358649789 0.7153087420042645 0.0004148340734759 0.0244210966373826 0.0356910245848328 0.0981806602304578
0 0.0113057285180572 0.2790297101449275 0.0108141763782589 0.0289456300175235 0.2352850210970464 0.789920682302772 0.0002715442067016 0.01282087246289 0.0269124831981962 0.0717144503270009
1 0.0001 0.058059420289855 0.0002805369966524 0.0615279914263314 0.6487044303797469 0.9999 0.0006388506257569 0.0005543168736746 0.0006635606816112 0.0016568358766739
0 0.006325404732254 0.0526257246376811 0.0013012654008028 0.0093962131722387 0.4198472573839663 0.8218972281449892 0.0005278514331853 0.0023412965767949 0.0031995837488618 0.0078841793833696
0 0.0137958904109589 0.3025757246376812 0.0140499548567221 0.0261528561824828 0.214192194092827 0.700386353944563 0.0003219983851433 0.0154861981217812 0.0313559424185925 0.0760735907816879
0 0.0113057285180572 0.061681884057971 0.0024816996096842 0.006603439337198 0.3882080168776372 0.8144360341151387 0.0003482345579329 0.0043402908209633 0.0062124658543988 0.0203388663967611
0 0.0050803237858032 0.1576771739130434 0.0031066353673273 0.0328555133865804 0.3291481012658228 0.760075906183369 0.0002352171982236 0.0047340321114813 0.0073395872176212 0.0296798816568047
0 0.0075704856787048 0.0236460144927536 0.0007318794882835 0.0038106655021573 0.3112191983122362 0.9455398720682304 0.0002594352038756 0.0009177703726143 0.0019640853314833 0.0057046091560261
0 0.0100606475716064 0.1468097826086956 0.0051758670981901 0.0170502753294735 0.2679789029535865 0.674805117270789 0.0004753790876059 0.0067330263556498 0.0110677578805879 0.0243866396761133
0 0.0075704856787048 0.0127786231884057 0.0004402428013834 0.0022150607177374 0.4535957805907173 0.9999 0.0003522708922083 0.0007057558315661 0.0011620951307288 0.0035250389286826
0 0.0137958904109589 0.1504322463768116 0.0070506743711194 0.0131199116189596 0.3882080168776372 0.5362400852878464 0.0008568126766249 0.0126997212965767 0.0123032562979664 0.0275003114294612
0 0.0100606475716064 0.1975242753623188 0.0069256872195907 0.0228424882633479 0.2732521097046413 0.602324946695096 0.0003179620508679 0.0092166252650711 0.0134087022503577 0.0458709747742136
2 0.0187762141967621 0.0001 0.0001624935757643 0.0002042635565081 0.9999 0.9999 0.0031272507064997 0.0003725901242047 0.0002950786974808 0.0001
0 0.0162860523038605 0.1015289855072463 0.0055924909366188 0.0076665552437368 0.6982725738396623 0.9359469083155648 0.0022957658457811 0.0171520266585883 0.0162048302475827 0.0147342572407349
0 0.0075704856787048 0.061681884057971 0.0017526078924339 0.0093962131722387 0.3027820675105485 0.8218972281449892 0.0002876895438029 0.0024018721599515 0.0043700559337466 0.013177421364061
0 0.012550809464508 0.1142076086956521 0.0049397802564138 0.0109192058369475 0.2089189873417721 0.5703484008528784 0.0003018167137666 0.0052186367767343 0.0090519446732862 0.0271889442541264
0 0.0100606475716064 0.1612996376811594 0.0056758157043045 0.018705459289041 0.2194654008438818 0.7718006396588486 0.0003381437222446 0.0062787094819751 0.0137555088236569 0.0299912488321395
0 0.0088155666251556 0.0381358695652173 0.0012734904782409 0.0052070524196777 0.4071915611814346 0.7760641791044777 0.0003845615664109 0.0022201454104816 0.0029611542297185 0.0097523824353783
0 0.0088155666251556 0.0453807971014492 0.0014956898587362 0.0061379770313579 0.3354759493670886 0.8101724946695097 0.0002513625353249 0.0022201454104816 0.003654767376317 0.0134887885393958
0 0.0137958904109589 0.0164010869565217 0.0008846415623741 0.0016378874584957 0.4114101265822785 0.7781959488272921 0.0009678118691966 0.0014932384126022 0.0020074361531457 0.002902304578013
3 0.0386975093399751 0.1902793478260869 0.0236045282180211 0.0062552735324296 0.1540776371308017 0.3550396588486141 0.0008184675010092 0.0202110936079975 0.0290149980488227 0.0455596075988788
0 0.006325404732254 0.1812231884057971 0.0042592946536468 0.0314274750322629 0.359732700421941 0.7355605543710021 0.0002977803794913 0.0070964798545895 0.0098322594632094 0.0371526938648396
0 0.0050803237858032 0.0381358695652173 0.0008152042559693 0.0082791036382224 0.5105464135021098 0.9029044776119404 0.0003401618893823 0.001674965162072 0.0021158132073017 0.0081955465587044
3 0.1021966376089663 0.5 0.1596947050407678 0.0062999579137903 0.1350940928270042 0.3230631130063966 0.0012826459426725 0.1252188670099969 0.1817399427654685 0.1875430395515415
0 0.0075704856787048 0.0689268115942029 0.0019470323503673 0.0104593290787775 0.2932902953586498 0.8432149253731344 0.0001867811869196 0.0026138867009996 0.0049986428478515 0.0194047648707567
0 0.0137958904109589 0.0725492753623188 0.0034677093606322 0.0064489058516591 0.25005 0.7227699360341151 0.0003139257165926 0.0041888518630717 0.0078381216667389 0.0212729679227654
0 0.0137958904109589 0.0779829710144927 0.0037176836636895 0.0069143681574992 0.2553232067510548 0.7249017057569296 0.0003643798950343 0.0045825931535898 0.0084450331700125 0.0206502335720959
0 0.006325404732254 0.1721670289855072 0.0040509827344325 0.0298765546292037 0.2806345991561181 0.5468989339019189 0.0005036334275333 0.0054306513177824 0.0071228331093092 0.0187820305200872
0 0.0113057285180572 0.5144898550724637 0.0198410262108816 0.0531496699212094 0.1298208860759493 0.5714142857142858 0.0002170536939846 0.0150015934565283 0.0368614967697177 0.097869293055123
0 0.0100606475716064 0.9183945652173912 0.0317981303737863 0.1051771846187939 0.0802527426160337 0.4989341151385928 0.0001544905127169 0.0176669191154195 0.0525111433898452 0.1433289006540018
1 0.0001 0.0381358695652173 0.0002041559596071 0.0410476499693664 0.4725793248945148 0.9999 0.0002675078724263 0.0002211511663132 0.000425131162468 0.0016568358766739
0 0.012550809464508 0.0381358695652173 0.0017317767005125 0.0038106655021573 0.6297208860759494 0.8368196162046908 0.0016580250302785 0.0046431687367464 0.0043917313445778 0.0053932419806913
0 0.006325404732254 0.0145898550724637 0.0004263553401025 0.0028797408904771 0.3164924050632912 0.8613349680170577 0.0002170536939846 0.0004634534989397 0.000967016433248 0.0035250389286826
0 0.012550809464508 0.4909438405797101 0.0208270359618296 0.0461249128014704 0.2395035864978903 0.6598827292110875 0.0002957622123536 0.0251782914268403 0.0441444348090014 0.1314969479912799
1 0.0001 0.0236460144927536 0.0001486061144833 0.0261528561824828 0.9250204641350211 0.9999 0.0025218005651998 0.0002817267494698 0.0002517278758184 0.0001
0 0.0100606475716064 0.0381358695652173 0.0014262525523314 0.0046373265573294 0.3555141350210971 0.8325560767590617 0.0002876895438029 0.0022201454104816 0.0035680657329922 0.0122433198380566
0 0.0100606475716064 0.1069626811594203 0.0038010084313752 0.0124999158275806 0.3808255274261603 0.8101724946695097 0.0004531792490916 0.0066421629809148 0.009572154533235 0.0250093740267829
0 0.006325404732254 0.1667333333333333 0.0039259955829038 0.0289456300175235 0.1962632911392405 0.691859275053305 0.0002432898667743 0.003916261738867 0.0085534102241685 0.0240752725007785
0 0.0113057285180572 0.0653043478260869 0.0026205742224938 0.0069758091818701 0.286962447257384 0.6716074626865671 0.0002715442067016 0.0035225204483489 0.0054971772969691 0.0200274992214263
0 0.006325404732254 0.1051514492753623 0.0025094745322461 0.0183945304687398 0.1952086497890295 0.8730597014925373 0.0001766903512313 0.0024321599515298 0.0067110003035164 0.0187820305200872
0 0.0088155666251556 0.1794119565217391 0.0056063783978997 0.0233600823474421 0.4567597046413502 0.8709279317697228 0.0005904146144529 0.0116396485913359 0.0151860859385162 0.0349731236374961
0 0.0872556662515566 0.059870652173913 0.0168135596516327 0.0009787928334261 0.0443949367088607 0.2250017057569296 0.0002836532095276 0.0067633141472281 0.0142323678619433 0.0368413266895048
0 0.0113057285180572 0.058059420289855 0.0023428249968746 0.0062310694925259 0.2901263713080169 0.7249017057569296 0.0003724525635849 0.0031590669494092 0.0052587477778259 0.0141115228900654
0 0.0100606475716064 0.1468097826086956 0.0051758670981901 0.0170502753294735 0.2985635021097046 0.7121110874200426 0.0003966705692369 0.0073690699787943 0.0116313185621991 0.0309253503581438
0 0.0075704856787048 0.0435695652173913 0.0012665467476004 0.0067356306320566 0.318601687763713 0.5799413646055438 0.0003300710536939 0.001765828536807 0.0022458656722889 0.008818280909374
0 0.0088155666251556 0.0508144927536231 0.0016623393941077 0.0068361704901181 0.4135194092827005 0.9999 0.0003320892208316 0.0030076279915177 0.0049769674370203 0.0147342572407349
0 0.006325404732254 0.3261217391304348 0.0075922853610767 0.0562533725765512 0.2595417721518987 0.6630803837953093 0.0002392535324989 0.0097012299303241 0.0160531023717642 0.0595711304889442
0 0.0113057285180572 0.3261217391304348 0.0126195463447835 0.0337864379982606 0.463087552742616 0.8570714285714286 0.0005540876059749 0.0267835443804907 0.0339136408966743 0.0847918716910619
1 0.0013450809464508 0.0870391304347826 0.0007318794882835 0.0457022730277675 0.4831257383966245 0.4776164179104478 0.009989018974566 0.0014023750378673 0.0010320426657416 0.0001
2 0.1681859277708592 0.0001 0.0009957412526217 0.0001 0.9925175105485232 0.9999 0.0271434396447315 0.0039768373220236 0.0028961279972249 0.0001
0 0.0113057285180572 0.4836989130434782 0.0186605920020001 0.0499845262414966 0.3618419831223629 0.5628872068230278 0.0010848655631812 0.0319324689488033 0.0342170966483111 0.0558347243849268
0 0.0113057285180572 0.0200235507246376 0.0008846415623741 0.002321186123469 0.3671151898734178 0.9284857142857144 0.0003603435607589 0.0013417994547106 0.0023759181372761 0.0063273435066957
0 0.006325404732254 0.1105851449275362 0.0026344616837748 0.01932545508042 0.1920447257383966 0.8421490405117272 0.0001726540169559 0.0025230233262647 0.0068193773576724 0.0197161320460915
0 0.0200212951432129 0.308009420289855 0.0202368188573889 0.0188153083932192 0.1646240506329114 0.3838185501066098 0.0003865797335486 0.0182423871554074 0.0265223258032346 0.0776304266583618
0 0.0088155666251556 0.058059420289855 0.001884538774603 0.0077670951017983 0.3407491561181434 0.9796481876332624 0.0002210900282599 0.0028864768252044 0.0055622035294627 0.0190933976954219
0 0.006325404732254 0.1721670289855072 0.0040509827344325 0.0298765546292037 0.2194654008438818 0.8464125799573562 0.0002069628582963 0.0044311541956982 0.0106342496639639 0.0303026160074743
0 0.0075704856787048 0.0399471014492753 0.0011693345186337 0.0062050036033989 0.2068097046413502 0.940210447761194 0.0001423815098909 0.0010994971220842 0.0032429345705242 0.0100637496107131
0 0.0187762141967621 0.7716847826086957 0.0474909616212687 0.0497759991284802 0.3671151898734178 0.6076543710021323 0.0010202842147759 0.0827553832172069 0.0934993452716472 0.1529812830893802
0 0.0088155666251556 0.0327021739130434 0.0011068409428694 0.0045088589609175 0.319656329113924 0.8592031982942432 0.0002493443681873 0.0015235262041805 0.0028094263539001 0.0094410152600436
0 0.0100606475716064 0.432984420289855 0.0150498520689511 0.0497369002947896 0.2184107594936709 0.6950569296375266 0.0002331990310859 0.0168188609512269 0.0333717556258942 0.1044080037371535
0 0.012550809464508 0.0435695652173913 0.0019609198116483 0.0043189503401347 0.2901263713080169 0.8293584221748401 0.0002937440452159 0.0026138867009996 0.0049552920261891 0.0141115228900654
1 0.0013450809464508 0.9709202898550724 0.007508960593391 0.4999934835277181 0.5126556962025317 0.5255812366737741 0.0165621893419459 0.0173943289912147 0.0128668169795776 0.0019682030520087
0 0.0137958904109589 0.0797942028985507 0.0038010084313752 0.0070689016430381 0.4377761603375528 0.6737392324093816 0.0012362280985062 0.0075205089366858 0.0080765511858821 0.0116205854873871
0 0.0113057285180572 0.0345134057971014 0.0014401400136124 0.0038106655021573 0.5833166666666666 0.781393603411514 0.0015268441663302 0.0035528082399272 0.0033946624463426 0.004459140454687
1 0.0001 0.0290797101449275 0.0001694373064047 0.0317384038525641 0.9376761603375526 0.9999 0.0031272507064997 0.0003725901242047 0.000316754108312 0.0001
0 0.0075704856787048 0.0182123188405797 0.0005860611448335 0.0030119321853357 0.2057550632911392 0.5842049040511728 0.0001726540169559 0.0004634534989397 0.000967016433248 0.0041477732793522
0 0.0075704856787048 0.1649221014492753 0.004523156417985 0.0245572513980629 0.2532139240506329 0.9007727078891258 0.0002089810254339 0.005582090275674 0.0126067120496032 0.0377754282155091
0 0.0088155666251556 0.123263768115942 0.003884333199061 0.0161454166069203 0.2395035864978903 0.666278038379531 0.0002009083568833 0.0045523053620115 0.0081632528292069 0.0318594518841482
0 0.0050803237858032 0.0471920289855072 0.0009887975219813 0.0101409528615829 0.2574324894514768 0.4626940298507462 0.0005197787646346 0.0010994971220842 0.001400524649872 0.0038364061040174
0 0.0075704856787048 0.059870652173913 0.0017040017779506 0.0091299687332981 0.2468860759493671 0.7398240938166312 0.0001726540169559 0.0019475552862768 0.0038498460737978 0.0153569915914045
0 0.012550809464508 0.0145898550724637 0.000738823218924 0.0016099597201453 0.3713337552742616 0.6982545842217485 0.0007942494953572 0.0010994971220842 0.0014872262931968 0.0025909374026782
0 0.0088155666251556 0.313443115942029 0.0097170669370633 0.0405821876635263 0.1150559071729958 0.7014522388059701 0.0001605450141299 0.0066724507724931 0.0216670337770454 0.0533437869822485
0 0.0075704856787048 0.0653043478260869 0.0018498201214006 0.0099287020501198 0.2669242616033755 0.9999 0.0001928356883326 0.0022807209936382 0.0055622035294627 0.0166024602927436
0 0.0050803237858032 0.0816054347826087 0.0016484519328268 0.0172159799103526 0.1287662447257384 0.7909865671641791 0.0001867811869196 0.0010994971220842 0.0039582231279538 0.0085069137340392
0 0.0137958904109589 0.1504322463768116 0.0070506743711194 0.0131199116189596 0.2426675105485232 0.7632735607675907 0.0002836532095276 0.0084897182671917 0.0169417942158435 0.0461823419495484
0 0.0187762141967621 0.3297442028985507 0.0203826372008389 0.0213827984722333 0.3808255274261603 0.772866524520256 0.0008689216794509 0.0364756376855498 0.049910094090101 0.0779417938336966
0 0.0113057285180572 0.0290797101449275 0.001231828094398 0.0032521107351492 0.3481316455696203 0.9999 0.0003845615664109 0.0018566919115419 0.0036330919654858 0.0081955465587044
0 0.0013450809464508 0.0327021739130434 0.0003152556498548 0.0177745346773607 0.1393126582278481 0.5234494669509595 0.0006045417844166 0.0001 0.0004034557516368 0.0004113671753347
0 0.0100606475716064 0.4058159420289855 0.0141124484324864 0.0466331976394478 0.1540776371308017 0.7238358208955225 0.0001827448526443 0.0120031020902756 0.032483063781815 0.0879055434444098
0 0.0088155666251556 0.0526257246376811 0.0017178892392315 0.0070689016430381 0.4198472573839663 0.7739324093816632 0.0003623617278966 0.0031590669494092 0.0040449247712786 0.0144228900654001
0 0.0299819427148194 0.3659688405797101 0.0352908268859472 0.0152051827491233 0.8279934599156118 0.9242221748400852 0.0029698336697618 0.1284899485004544 0.1021044833716342 0.0866600747430707
0 0.0137958904109589 0.8984710144927536 0.041463803425333 0.0771991763393563 0.2584871308016878 0.7153087420042645 0.0003522708922083 0.0535882399272947 0.0947565190998569 0.2454573341638119
4 0.0797851805728518 0.0888503623188406 0.0226185184670731 0.0015187291082006 0.4240658227848101 0.453101066098081 0.0495107860314897 0.0445624780369585 0.0342387720591423 0.0016568358766739
1 0.0001 0.7463275362318841 0.0029191546400344 0.7690306963033037 0.997790717299578 0.9999 0.0830466693580944 0.0123665555892153 0.0089002167974678 0.0001
0 0.012550809464508 0.0345134057971014 0.001579014626422 0.0034718089435057 0.1804436708860759 0.3315901918976546 0.0004188704077513 0.001372087246289 0.0017256558123401 0.0057046091560261
0 0.0088155666251556 0.3895148550724637 0.0120501604322642 0.0503568960861687 0.3755523206751055 0.730231130063966 0.0005399604360113 0.0212408785216601 0.0279095520964315 0.0689121457489878
0 0.0100606475716064 0.0290797101449275 0.0011137846735099 0.0036040002383643 0.5790981012658227 0.8815867803837952 0.0015853710133225 0.0026744622841563 0.0028961279972249 0.0032136717533478
0 0.0075704856787048 0.0218347826086956 0.0006832733738002 0.0035444210632168 0.2004818565400844 0.8474784648187633 0.0003018167137666 0.0005543168736746 0.0016389541690153 0.0032136717533478
0 0.0088155666251556 0.0743605072463768 0.0023844873807175 0.0098616754780788 0.3818801687763713 0.951935181236674 0.0002775987081146 0.0040979884883368 0.0069060790009972 0.0228298037994394
0 0.0237565379825653 0.0526257246376811 0.004217632269804 0.0028797408904771 0.4019183544303797 0.5703484008528784 0.0026590359305611 0.0077628112693123 0.0077080692017517 0.0057046091560261
0 0.0088155666251556 0.0272684782608695 0.0009401914074979 0.0038106655021573 0.3987544303797468 0.9999 0.0003098893823173 0.0015538139957588 0.0027227247105753 0.0081955465587044
0 0.0113057285180572 0.0888503623188406 0.0035232592057561 0.0093962131722387 0.2890717299578059 0.8592031982942432 0.0003038348809043 0.0048248954862162 0.009355400424923 0.0250093740267829
0 0.0287368617683686 0.2826521739130434 0.0262153709388412 0.0122671846746605 0.8997090717299578 0.9551328358208956 0.0035995018167137 0.1031996425325658 0.0781748298139877 0.0577029274369355
0 0.0075704856787048 0.0797942028985507 0.0022386690372675 0.0120567957124208 0.213137552742616 0.8005795309168443 0.0001807266855066 0.0023110087852166 0.0054971772969691 0.017536561818748
0 0.0088155666251556 0.0779829710144927 0.0024955870709652 0.0103271377839189 0.4251204641350211 0.9455398720682304 0.0005439967702866 0.0047340321114813 0.0071878593418028 0.0153569915914045
0 0.0100606475716064 0.1178300724637681 0.0041759698859611 0.0137399074103386 0.1994272151898734 0.687595735607676 0.0001847630197819 0.0042191396546501 0.0090519446732862 0.0312367175334786
0 0.0075704856787048 0.1703557971014492 0.0046689747614351 0.0253541228656611 0.2279025316455696 0.9242221748400852 0.0002130173597093 0.0052792123598909 0.0133436760178641 0.0352844908128309
0 0.0162860523038605 0.1105851449275362 0.0060785520814523 0.0083330972656999 0.4019183544303797 0.6225767590618339 0.0011030290674202 0.0112761950923962 0.0121081776004856 0.0194047648707567
0 0.0088155666251556 0.0091561594202898 0.0003846929562596 0.0014833539729568 0.3407491561181434 0.7781959488272921 0.0005036334275333 0.0004331657073614 0.0007719377357672 0.0016568358766739
1 0.0013450809464508 0.1142076086956521 0.0009401914074979 0.0596661422029709 0.5052732067510549 0.5586236673773988 0.0033290674202664 0.0019475552862768 0.0015739279365217 0.0010341015260043
2 0.0100606475716064 0.0001 0.0001138874612809 0.0002936323192294 0.9999 0.9999 0.0017145337101332 0.0001605755831566 0.0001433508216624 0.0001
0 0.0088155666251556 0.2047692028985507 0.0063840762296334 0.0266183184883229 0.0675970464135021 0.3688961620469083 0.0001908175211949 0.0030984913662526 0.0080115249533885 0.0225184366241046
0 0.0088155666251556 0.2663510869565217 0.0082727709638437 0.0345311776876048 0.1519683544303797 0.6993204690831556 0.0001565086798546 0.0069147531051196 0.0183723713307028 0.0561460915602616
0 0.0113057285180572 0.0689268115942029 0.0027594488353034 0.0073481790265422 0.3080552742616034 0.5628872068230278 0.0004612519176423 0.0039465495304453 0.0049336166153579 0.0147342572407349
0 0.012550809464508 0.0399471014492753 0.0018081577375578 0.0039800937814831 0.5622238396624473 0.8229631130063967 0.0015571166733952 0.0043705786125416 0.0045217838095651 0.0053932419806913
0 0.0113057285180572 0.3551014492753623 0.0137305432472601 0.0367653967556374 0.2036457805907173 0.7344946695095951 0.0002755805409769 0.014486700999697 0.0320062047435285 0.0801213640610401
0 0.006325404732254 0.0653043478260869 0.0015929020877029 0.0115689912159003 0.35867805907173 0.7408899786780384 0.0003482345579329 0.0025230233262647 0.0035897411438234 0.0119319526627218
0 0.0088155666251556 0.4909438405797101 0.0151609517591988 0.0633898406496919 0.1530229957805907 0.6044567164179104 0.0001766903512313 0.0128511602544683 0.0296219095520964 0.096312457178449
0 0.0113057285180572 0.2265039855072463 0.0088004944925201 0.0235462672697781 0.4335575949367088 0.8378855010660983 0.0005359241017359 0.0175760557406846 0.0230976108919047 0.0573915602616007
0 0.0150409713574097 0.4003822463768116 0.0200910005139388 0.0318817662427629 0.3428584388185654 0.6716074626865671 0.0008911215179652 0.0328108149045743 0.0432340675540909 0.068600778573653
0 0.006325404732254 0.0182123188405797 0.0005096801077882 0.0034997366818561 0.2806345991561181 0.692925159914712 0.0001625631812676 0.0005240290820963 0.000967016433248 0.0047705076300218
0 0.0075704856787048 0.0761717391304347 0.0021414568083008 0.0115243068345397 0.176225105485232 0.9817799573560768 0.0001544905127169 0.0018869797031202 0.0063641937302172 0.0159797259420741
0 0.0113057285180572 0.0707380434782608 0.0028288861417082 0.0075343639488782 0.2384489451476793 0.5895343283582088 0.0003199802180056 0.0032499303241441 0.0052804231886571 0.0162910931174089
0 0.012550809464508 0.1757894927536231 0.0075367355159529 0.0166741817863547 0.2795799578059072 0.6193791044776119 0.0004632700847799 0.0102464101787337 0.0149693318302042 0.0377754282155091
0 0.012550809464508 0.1757894927536231 0.0075367355159529 0.0166741817863547 0.2363396624472574 0.5756778251599148 0.0003320892208316 0.0088834595577097 0.0140156137536313 0.0427573030208657
0 0.0113057285180572 0.1920905797101449 0.0074811856708291 0.0200087537453933 0.2331757383966245 0.7206381663113006 0.0002634715381509 0.0087320205998182 0.0170718466808307 0.0499187480535658
0 0.0075704856787048 0.0254572463768115 0.0007804856027669 0.0040769099410979 0.1561869198312236 0.5426353944562899 0.0002009083568833 0.0005240290820963 0.0012487967740536 0.0041477732793522
0 0.0113057285180572 0.1939018115942029 0.0075506229772338 0.0201949386677293 0.2584871308016878 0.8197654584221749 0.0002695260395639 0.0096103665555892 0.0193911156397693 0.0539665213329181
0 0.0050803237858032 0.0200235507246376 0.0004680177239453 0.0045554051915015 0.2795799578059072 0.7334287846481876 0.0001928356883326 0.0004634534989397 0.0009236656115856 0.0038364061040174
0 0.006325404732254 0.1359423913043478 0.003217735057575 0.0236710111677433 0.3175470464135021 0.9583304904051174 0.0001988901897456 0.0047643199030596 0.0094421020682478 0.0334162877608221
0 0.0075704856787048 0.0182123188405797 0.0005860611448335 0.0030119321853357 0.3291481012658228 0.944473987206823 0.0001948538554703 0.0007360436231445 0.0015305771148592 0.0057046091560261
0 0.0113057285180572 0.4891326086956521 0.0188689039212145 0.0505430810085047 0.2078643459915612 0.6843980810234541 0.0002796168752523 0.0203322447743108 0.041304955990114 0.1112580815945188
0 0.0162860523038605 0.3460452898550724 0.018716141847124 0.0256203673046017 0.1920447257383966 0.5618213219616204 0.0003583253936213 0.0189087185701302 0.0342821228808047 0.0854146060417315
0 0.0088155666251556 0.0707380434782608 0.0022733876904699 0.0093962131722387 0.3702791139240506 0.990307036247335 0.0004087795720629 0.0037951105725537 0.0068193773576724 0.0156683587667393
0 0.0050803237858032 0.0091561594202898 0.000259705804731 0.002321186123469 0.4019183544303797 0.7153087420042645 0.0025218005651998 0.0002817267494698 0.000425131162468 0.0001
0 0.0075704856787048 0.0145898550724637 0.0004888489158668 0.002481305156678 0.3976997890295359 0.662014498933902 0.0003926342349616 0.0007057558315661 0.0008803147899232 0.0032136717533478
0 0.006325404732254 0.4746427536231884 0.0110086008361924 0.0816974040629952 0.0760341772151898 0.6374991471215352 0.0001221998385143 0.0058243926083005 0.0225123747994623 0.0549006228589224
1 0.0013450809464508 0.0381358695652173 0.0003569180336977 0.0205673085124014 0.4483225738396624 0.9999 0.004136334275333 0.0005240290820963 0.0009019902007544 0.0001
0 0.0137958904109589 0.119641304347826 0.0056341533204617 0.0104816712694578 0.3143831223628692 0.6726733475479745 0.0004713427533306 0.0083988548924568 0.0120214759571608 0.030613983182809
0 0.0100606475716064 0.0960952898550724 0.0034260469767894 0.0112580623955991 0.357623417721519 0.8048430703624733 0.0002977803794913 0.0056426658588306 0.0085534102241685 0.0296798816568047
0 0.0100606475716064 0.8405115942028986 0.0291109066159209 0.096283130878801 0.1108373417721519 0.6204449893390193 0.0001484360113039 0.0198173523174795 0.0583418289034384 0.1654359701027717
0 0.0088155666251556 0.9238282608695652 0.0284373647437945 0.1190125861975854 0.033848523206751 0.2942842217484008 0.0001625631812676 0.010276697970312 0.0298603390712396 0.0810554655870445
0 0.0050803237858032 0.0453807971014492 0.0009540788687789 0.0097685830169108 0.4968360759493671 0.9839117270788914 0.0002796168752523 0.0019475552862768 0.0027227247105753 0.0109978511367175
0 0.012550809464508 0.0127786231884057 0.0006624421818787 0.0014405314408195 0.5569506329113924 0.9999 0.0009274485264432 0.0014326628294456 0.0018557082773273 0.002902304578013
1 0.0001 0.0145898550724637 0.0001138874612809 0.0168436100656805 0.9999 0.9999 0.0017145337101332 0.0001605755831566 0.0001433508216624 0.0001
3 0.0635991282689912 0.0852278985507246 0.017382945564152 0.0018054538885981 0.0907991561181435 0.1983545842217484 0.0014461174808235 0.0103372735534686 0.0133653514286953 0.0138001557147306
0 0.0088155666251556 0.0671155797101449 0.0021622880002222 0.0089307508663986 0.3133284810126582 0.7408899786780384 0.0002876895438029 0.0030984913662526 0.0049336166153579 0.0169138274680784
0 0.0100606475716064 0.1468097826086956 0.0051758670981901 0.0170502753294735 0.2057550632911392 0.9306174840085288 0.0003199802180056 0.0054003635262041 0.0149043055977106 0.0268775770787916
0 0.012550809464508 0.7825521739130435 0.0331243829261178 0.0733767998837973 0.4187926160337553 0.6865298507462686 0.0008366310052482 0.0646129960617994 0.0728860295711746 0.143017533478667
0 0.0113057285180572 0.0435695652173913 0.0017873265456363 0.0047415901138376 0.3755523206751055 0.6588168443496804 0.0003885979006863 0.0029773401999394 0.0036330919654858 0.0128660541887262
