1 0.4157007217039253 0.4370590581915771 0.3689959215722019 0.587937161902802 0.560011701088751 0.42758129395218 0.3260917669306589
0 0.6274168632283049 0.7200346241084479 0.6558823162438514 0.6615804244551985 0.7026045278414362 0.6476497890295358 0.314024637953872
0 0.6408801091357156 0.7279128268097502 0.6831693538463542 0.6653171392657211 0.7156031373227909 0.6459799402250351 0.1632512415644411
0 0.6385042422108783 0.6485817910709488 0.5651249827954958 0.7550886978275474 0.5755437308341227 0.6538897503516174 0.5599666693985439
0 0.5296543390248195 0.6941506433003589 0.6888982680256652 0.4972704695664748 0.8220015540721185 0.557126406469761 0.0898040614108517
1 0.3546321422284809 0.3676551379654311 0.3011044480072399 0.5645934585033863 0.5219796890040829 0.3690486990154711 0.6884497839221704
0 0.4689377398345362 0.6204115361796919 0.6176186569418628 0.4525903613311938 0.8156010038679035 0.4731066455696203 0.4482076575884747
1 0.370207269846858 0.4338328463633346 0.3982387054139661 0.487067152030365 0.6658702829691482 0.3730914908579465 0.2868859706848811
1 0.4914644780848442 0.5289518712177586 0.4748641530728839 0.6148156427631858 0.6197599404282825 0.4949025668073136 0.2273487484368881
1 0.4204524555535997 0.4521236835942492 0.4113810011816906 0.5641868828326465 0.6136190134577354 0.4339091420534458 0.3520100209463954
0 0.600930346769935 0.7184875055947396 0.7120570504611198 0.5890726821524217 0.7785317612747539 0.6250628867791842 0.8067349830538924
0 0.5853552191515579 0.6698402081944218 0.6117325409929456 0.6481238660304341 0.6856602733290565 0.6080128516174402 0.1770348481046208
1 0.4315398345361732 0.4140475838542062 0.3259929381126154 0.6601797323437325 0.4545188250536278 0.4335575949367088 0.3708191670091075
0 0.5372219151557824 0.6259506104209388 0.6260447368866521 0.555923021807955 0.7554067988124747 0.5391975035161743 0.6611113471143426
1 0.3888622249603943 0.438674822938682 0.3449591851543196 0.5900782380024068 0.5376485094854733 0.4069279008438818 0.2621699392588952
1 0.3980137123745819 0.4262134367391093 0.3426810613730399 0.5852624055851375 0.5400057069900785 0.4056095991561181 0.5136001430465555
1 0.260653406090477 0.311462233698859 0.2726318877426453 0.411371945442172 0.6355229790186652 0.2684183368495077 0.2489431964537173
0 0.5406537229361028 0.5569584064537789 0.4913999566062366 0.6701467943025113 0.587954000568214 0.5445585970464135 0.5812956320561316
0 0.5579887519802852 0.6751204893585918 0.6884212924700589 0.5458353694099063 0.7931223078421202 0.5667060654008438 0.9103314672262426
1 0.4006535645132899 0.5136864636394713 0.4749207847662824 0.4838264627157584 0.7183197594654043 0.4184410689170182 0.3620406150100372
1 0.3681833832071818 0.3883115308448447 0.3419425710723435 0.5533766410830838 0.5677724816220484 0.3735309247538678 0.4047381992492473
0 0.7445383031156486 0.8764627924555914 0.8285772478327533 0.684195977679155 0.7780219366183173 0.7537291315049226 0.1629234818616738
0 0.4772972716071114 0.5818444386153316 0.5586113616461634 0.524879166051212 0.7389277025937501 0.4831257383966245 0.5198615005283723
0 0.3941419292378103 0.436462351613485 0.3897112417192133 0.539195904499964 0.6177858965669127 0.4001606188466948 0.2726949588341615
1 0.2846760605527196 0.3417078285899129 0.3200980344871365 0.4071247469934754 0.6745463749835086 0.2941691631504922 0.5802556505192507
0 0.650647562048935 0.6915211380502085 0.5982144906848272 0.760495248628486 0.595268815385614 0.6664575597749649 0.3114590988804603
0 0.5222627530364373 0.5939732289798564 0.5654314123319021 0.5872530216768523 0.7000459827483545 0.5283874296765119 0.20605288950928
1 0.2935635627530364 0.267482880169503 0.2220894032625078 0.512430546686695 0.4974616943525537 0.2929387482419128 0.5031447724081274
1 0.4195725048406971 0.4409348309747991 0.4725585271186606 0.4930548883739242 0.7102096740169166 0.4194957102672292 0.4244309854706202
0 0.6287367892976589 0.7806099296976754 0.7342888957540521 0.6119599213462746 0.7755949479218658 0.6472103551336146 0.1353585630992338
1 0.1790819750044006 0.2040244327776227 0.1983477049484515 0.3307074276958208 0.6474544811766915 0.1790374824191279 0.6294171477365877
1 0.2177998063721175 0.2187616188698215 0.237919100710642 0.3654972133427674 0.648124476618415 0.2161257032348804 0.2684825911341951
1 0.1483716951240978 0.1861823743260726 0.1671608917695084 0.3065844145406496 0.6439150208822115 0.1531987693389592 0.220004964536682
0 0.4560024643548671 0.5618743469284899 0.5033721895132282 0.5342610704502666 0.6995958295609465 0.4731066455696203 0.1995932374072889
1 0.408309135715543 0.4308759018027109 0.4330100769563816 0.5072985417079674 0.6740110765420482 0.4066642405063291 0.2381120493160663
0 0.587731086076395 0.6655156566318355 0.6542178652091397 0.6079537448954336 0.7369648253230757 0.5917537974683544 0.6812921675331362
0 0.5329981517338497 0.6533657567448342 0.6142194534599447 0.5544924601278689 0.7500053095195381 0.5430645218002813 0.1634983723803278
0 0.7442743179017779 0.8550145507712239 0.827497665493657 0.6789287652382158 0.7805420965558836 0.7552232067510548 0.3148209301517454
0 0.7452422636859708 0.7916827605142018 0.7415987780407374 0.762117261532973 0.6853064319863964 0.7493347925457102 0.4405108764883882
1 0.3891262101742651 0.3907985871036277 0.3472428419171384 0.5593662839948528 0.5669255655089948 0.3978755625879043 0.5967086959586193
1 0.4284600070410139 0.4228235052556302 0.3263376103155407 0.653570931405831 0.4612536750667861 0.4353153305203938 0.3476486864615213
1 0.2375107023411371 0.2376544803447955 0.2178574860589803 0.4343359240064693 0.5690814154251239 0.2429311708860759 0.4786037646634193
0 0.7985672768878719 0.9341236948119338 0.9016018636530844 0.698922628293014 0.8023982551503988 0.8111191983122363 0.4310164972984739
0 0.5697800915331809 0.6171377876405293 0.5560383624958088 0.671120256254298 0.6333531708641669 0.5889414205344585 0.501841927589627
0 0.5561408554831896 0.6602777556540113 0.6203093133172953 0.6034119816583231 0.7211365319683168 0.5751431962025316 0.7124958745156996
1 0.198088910403098 0.1736363888952015 0.188172551898355 0.3632689117475643 0.6095076143460758 0.1970542721518987 0.4601708867394843
0 0.5217347826086957 0.6227295551172708 0.5844194658302597 0.5648247887795086 0.7266196769557136 0.5329575421940929 0.4413435500132687
1 0.2620613272311212 0.2747801681492223 0.2086590669852565 0.4917337954852174 0.5048682845872318 0.275976599859353 0.3412370511559856
1 0.2661091005104735 0.3003209177903289 0.2927454147799223 0.3988740730655685 0.6614252819604637 0.2732521097046413 0.4822482886783413
1 0.3256817637739834 0.3834959814579412 0.3896398011634607 0.4227922890188704 0.7096028396038139 0.3239627812939522 0.1784181579301506
0 0.4521306812180954 0.5689869668718891 0.5175885346385101 0.5173736425319682 0.7202749597049756 0.4600115154711673 0.2873751520412614
0 0.6036581939799331 0.6261405961232263 0.5537397341358846 0.7108076978708511 0.6016445897167236 0.6084522855133615 0.4396203533759691
1 0.2506219679633867 0.2460501080588586 0.1810068526011842 0.4761769932966749 0.4929894747790492 0.2580476969057665 0.405105781755901
0 0.6173854251012145 0.7336683139417283 0.671577757522291 0.6458385262696212 0.7218728290422943 0.6332363572433192 0.1744752087058589
1 0.3504963738778384 0.3457789047413896 0.3088558296737818 0.5392872608933502 0.5521825251874443 0.3560414556962025 0.6573539098818174
1 0.3477685266678401 0.3419031319581677 0.2414232681070488 0.6002049750487564 0.4281346139321312 0.3557777953586498 0.3580389967989502
0 0.4130608695652173 0.5079309765074932 0.5039450158372587 0.4560844653370196 0.754757740728305 0.4181774085794655 0.2140838216263378
1 0.3661594965675057 0.342457619491307 0.3184962363316155 0.5493693524674538 0.5514127283413807 0.3642149261603375 0.8610872106839567
1 0.2964674001056152 0.3676180754450527 0.40183058684124 0.3826385325943374 0.7469097212051999 0.3023426336146272 0.3070330318542895
0 0.5999624009857419 0.6995417897428781 0.7043367511320466 0.5764392845522384 0.7823922610517263 0.6041458333333333 0.349310919794106
0 0.7015087132547086 0.7823314031985551 0.729771216327514 0.7366553608524701 0.6952185260083529 0.7083795534458509 0.774045377458833
0 0.681093856715367 0.7450842147838445 0.6281492226884602 0.7739066849389518 0.606034804639809 0.692823593530239 0.8016873197514233
1 0.369591304347826 0.3658914454195986 0.3551283170186238 0.524297503866539 0.6035931597930696 0.3644785864978903 0.306029103884713
0 0.7462102094701637 0.8119591819890405 0.693142878539782 0.7935019163572178 0.6347992443592201 0.7544322257383966 0.2761084122586325
1 0.4428032036613272 0.4604877275952943 0.3757612933815559 0.6221699118711188 0.5355750131757226 0.446389064697609 0.5663864986966486
1 0.2829161591269142 0.2882818831816769 0.2083931584018855 0.5261096969499534 0.4698812622028133 0.2992665963431786 0.3061000638603622
1 0.1013823270550959 0.1168258296694538 0.1649205224504943 0.2125326103478236 0.7245140766977137 0.1056520218002813 0.3953609941530724
0 0.5481333039957754 0.6489198657133569 0.5889576498354422 0.6105647900587539 0.6979780697339516 0.5686395745428973 0.2051186104765415
1 0.2323189931350114 0.2043729816105726 0.1730110433384225 0.4620550425666906 0.4993303535142357 0.2420523030942334 0.7942850307442733
1 0.3367691427565569 0.3712297374852304 0.2909893440803159 0.5488739624942742 0.5274677193749089 0.3536685126582278 0.6544974840721995
1 0.4477309276535821 0.5041609124780462 0.4512811211411941 0.5717942488704303 0.6366867471427006 0.455265629395218 0.7456998989642525
1 0.4057572786481253 0.4726429451482628 0.438823613206288 0.5183548896372784 0.669475695939923 0.4158044655414908 0.3037061069913491
1 0.3432807780320366 0.3546550560892283 0.329192954259132 0.5170323668224142 0.5890874095237961 0.346637570323488 0.3054755177467388
0 0.5090634923428974 0.5841729317434522 0.57635856266704 0.5494580078892094 0.7323980386846196 0.521620147679325 0.3283211884288826
1 0.3062348530188347 0.3084050591918206 0.2900166784727218 0.4832009494622601 0.5865874890318653 0.3122738396624472 0.4235599640605159
0 0.6394721879950712 0.757730591302523 0.7068104820842028 0.6426033977789599 0.7429197587673526 0.6495832981715893 0.1942515736514374
0 0.5505091709206126 0.7125789341394593 0.7159595925283296 0.508189226823312 0.8277631659149816 0.5734733473980309 0.0996691368245959
1 0.3485604823094525 0.4247032196043864 0.4051334513504803 0.463786842023925 0.6886099980524362 0.3527896448663853 0.208393913186296
0 0.6333125330047527 0.7534165139304785 0.7304138558597858 0.6050447984493322 0.7778575783615195 0.6458041666666667 0.734195041757563
1 0.442715208590037 0.4228128699236955 0.2758904883995742 0.7466257593056161 0.3105518097334909 0.4513986111111111 0.5453800515865842
1 0.4987680690019362 0.5263486320146591 0.4092748880323711 0.7075511204878295 0.4884722398868039 0.5119526019690577 0.7677537022045102
1 0.3198740890688259 0.2909431332862384 0.2640987283316026 0.5119364277589885 0.5376760770062524 0.3206230836849507 0.3428660168787395
1 0.3190821334272135 0.3114042227973971 0.2779347623434585 0.5083728928941894 0.553390610718302 0.322117158931083 0.8238905814161429
1 0.3247138179897905 0.4194229384402164 0.4396602325619248 0.3764075499233446 0.7732806720002456 0.3313452707454289 0.1865370935274015
1 0.3500563985213871 0.3921502411076883 0.3930992165033025 0.4575143914943691 0.6853573795564442 0.3563930028129395 0.7918866491192729
1 0.3651035557120225 0.4003030287425765 0.3516736209865652 0.5398736894985477 0.5875230399585637 0.3764311884669479 0.2517085050659658
0 0.5899309628586517 0.6979471345182496 0.6666905074759023 0.6057124150841302 0.7451021293363834 0.6051125879043601 0.1986109415780951
0 0.52648651645837 0.6064452505113637 0.5424474070191773 0.6120242680233553 0.6679947268489465 0.5427129746835443 0.2946861599711907
0 0.6660466995247315 0.7881397447074208 0.7265436980080537 0.6606827485897513 0.7419133697809305 0.6934388009845288 0.6224792942282592
1 0.5108233937687027 0.5662306433454874 0.5169701425841589 0.6074534296210454 0.6546373906415024 0.51634694092827 0.2970650398938764
1 0.227215279000176 0.2090512385306832 0.1875982609615641 0.4278821906162983 0.5476160875049474 0.2271115506329113 0.4716260883512044
1 0.3852544270374934 0.3877941058320838 0.2747773827017419 0.6359566243575467 0.4266288689680494 0.393129676511955 0.3780403687804785
0 0.737058722055976 0.8641651259112556 0.8583282523023436 0.6565955429899938 0.8068547717057377 0.7486316983122363 0.7764231102225589
0 0.5703080619609223 0.7138092486746289 0.7300654407575841 0.5193393143562713 0.827612765896553 0.5750553094233474 0.6639533514970387
0 0.5905469283576835 0.7248661264932535 0.6782598091390586 0.5979761968115008 0.7560652787075436 0.6188229254571027 0.5451661883805284
0 0.663846822742475 0.8176142780332111 0.8474883277938193 0.5603739052937318 0.8538825194634218 0.6653150316455696 0.81601894051463
1 0.3962538109487766 0.4324388121729283 0.3715751046431001 0.5671687555127728 0.5801112153844973 0.4068400140646976 0.2559996989744478
1 0.2230795106495335 0.240775144560656 0.2468514484662436 0.3701978572640279 0.6509942904271308 0.2302754746835443 0.2043816427848691
1 0.3121305227952825 0.406919172054298 0.3998064920064976 0.3938569388214813 0.7375224569459269 0.329587535161744 0.3615283265946117
1 0.3834065305403978 0.469839084910941 0.4590988985862032 0.4734345538075625 0.7160888840180405 0.3897020921237693 0.7256909885095605
1 0.3708232353458898 0.3668736022096259 0.280821676828772 0.6080406526296636 0.4608415580789343 0.3869776019690576 0.5242020222721209
1 0.5866751452209118 0.5979070126645402 0.5491335270047235 0.6950526125884894 0.6104679411458795 0.5892050808720112 0.2818099561681225
1 0.4065492342897377 0.435073635089046 0.3906894403083464 0.5633346468428662 0.598504335039604 0.408773523206751 0.7565785712588048
0 0.4171966379158598 0.4323279468945791 0.4365464658335151 0.5238092635241461 0.6637322298069399 0.4178258614627285 0.6400614718436614
0 0.5431175849322303 0.6508575909635749 0.6081504236507403 0.5878070386224832 0.7246732006151231 0.5683759142053446 0.2977400610017258
1 0.4527466467171273 0.4686405152301826 0.3607675643500539 0.665261848787637 0.482943381668748 0.4592205344585091 0.3040682814629071
1 0.3888622249603943 0.3804333281435425 0.3411539584682946 0.5687427864506464 0.5534921569024382 0.3878564697609001 0.2898292528157322
1 0.2460462242562929 0.2296918395535877 0.2348788900897498 0.422673128505758 0.5947167670581106 0.2423159634317862 0.2538861405311523
0 0.4722815525435663 0.6027647810963965 0.5873233047296924 0.4929976913276302 0.7754599019656433 0.4904203410689169 0.4638948924823273
1 0.3446886991726808 0.4731234687820382 0.4994641144644793 0.3673937720694654 0.8110656232657782 0.3530533052039381 0.1990938955001228
0 0.7018606935398697 0.8200800636281247 0.7642900235361523 0.6726825300215445 0.753808929475156 0.7219141174402249 0.2294936079317979
1 0.3103706213694772 0.3621371732466606 0.382465314189728 0.3919683241289908 0.728149150925023 0.3122738396624472 0.1590873823004843
0 0.5127592853370886 0.6013180536704956 0.5832220635313343 0.5655032093008289 0.7254761482773135 0.5240809774964839 0.8178347292679613
1 0.4714895969019538 0.5445497134897008 0.4329540962019877 0.6218391222867187 0.5826606876226389 0.4813680028129395 0.6332712740814295
0 0.641672064777328 0.7743265433623945 0.7433457355942797 0.6066958865190184 0.7830919177499844 0.6671606540084388 0.1295655742326716
0 0.4007415595845802 0.4366471807911981 0.3968124980549307 0.541150613557061 0.6215200742866437 0.4092129571026723 0.664689827549157
0 0.5652043478260869 0.6068464925798079 0.5022589210806446 0.7132817878844341 0.5613405253815026 0.5828772327707454 0.3211940536922058
0 0.7319550079211405 0.8472101508278925 0.7883965731622757 0.7026715769162162 0.7477590800099682 0.7522350562587905 0.2031497579420178
0 0.6563672416828024 0.7832553879457277 0.7665767722592427 0.6121926815485543 0.790804542360908 0.6736642756680732 0.2782762149327359
0 0.5960906178489703 0.6767837908166168 0.5406086670659891 0.7354021100158953 0.5728138483650587 0.6240082454289734 0.7149285070296392
1 0.3585919204365428 0.3290087588357397 0.2395324530334942 0.6233899566447062 0.4018208919143993 0.3675546237693389 0.5413718781814418
1 0.1823377926421404 0.2359911788867705 0.2715614185496131 0.2790066997893218 0.7432673189027468 0.1911658579465541 0.5650764431646874
1 0.3036829959514169 0.2954736235490143 0.2970098789336788 0.4693036560196638 0.6046065278986764 0.2997060302390998 0.803510974737621
0 0.5577247667664144 0.6477158172252381 0.6451380797690007 0.5721657119099729 0.7550997175683515 0.5674091596343178 0.2411988901967295
1 0.2350468403450097 0.2440488930998185 0.2493329906864548 0.3855714700237455 0.6396085553893417 0.2325605309423347 0.289648493339656
0 0.7041485653934166 0.7070345422322452 0.5647235161644211 0.8770661654699896 0.4758606225642364 0.7219141174402249 0.3576330664070727
1 0.3892142052455554 0.4174956873805401 0.3501707655597404 0.5778185277713441 0.553092951285078 0.4082462025316455 0.3567266469490696
1 0.224575426861468 0.2784131008532692 0.3365728124888097 0.3069395128697247 0.7628172275627043 0.2309785689170183 0.2214436657519795
0 0.7662730857243443 0.9201414561457036 0.8943432428130097 0.6579083740831247 0.8213668031822773 0.7894990506329114 0.2019198396573832
1 0.4060212638619961 0.4013274045775566 0.3448065399577456 0.597083287366578 0.5311858451205151 0.4071036744022503 0.5852120327444991
0 0.434795652173913 0.5177839669793918 0.5292004728064664 0.4782101894117418 0.7539045434079853 0.4393581223628692 0.750880141066491
1 0.5282464178841754 0.5074821977281287 0.3637308014336544 0.7907057751968627 0.363802140156182 0.5409552390998594 0.6154216445485691
1 0.1955370533356803 0.1750726421305606 0.2042159200747427 0.3468544716259804 0.6377737449557052 0.1976694796061884 0.7863776640351586
0 0.7663610807956346 0.8635421532861126 0.7492588655118869 0.7891322209010416 0.6719564238540962 0.7915204465541491 0.2391336763095922
0 0.5911628938567153 0.6682350787792517 0.6078589657114396 0.6565043454772916 0.677447594828555 0.6032669655414908 0.3288837879586829
1 0.2330229537053335 0.2170931608872221 0.2275803992356447 0.3895142530816107 0.6186219950452302 0.2310664556962025 0.3508730225374954
1 0.3731111071994367 0.386759094665169 0.3848524702542751 0.502471905404176 0.6441027591882778 0.3751128867791842 0.294847745504655
1 0.2921556416123922 0.2661786017349696 0.255436845732404 0.4699684128021472 0.5690528010364669 0.2907415787623066 0.4752873281109676
0 0.3863103678929766 0.4482268012885509 0.4487668692360028 0.4717898209652423 0.7108503571580647 0.3921629219409283 0.3822178300721002
1 0.3686233585636331 0.3989143122181375 0.361465533697715 0.5191855178540143 0.6128436333163242 0.3788041315049226 0.7657191338495817
0 0.5047517338496743 0.6388609365412687 0.6110322933587684 0.5328932666404196 0.7622690177507524 0.5195108649789029 0.1450840128795991
1 0.2464861996127442 0.2635648883413283 0.2486306275005127 0.4047100783557645 0.6222584650963765 0.2464466420534458 0.2659355704839897
1 0.2554616968843513 0.3296739505058353 0.2850682401599026 0.4019061520418862 0.6531438591359937 0.2618268284106891 0.2243790816499642
1 0.3735510825558881 0.4599279223961877 0.466996090589771 0.4410872409180532 0.7439219602822641 0.3831105836849507 0.372375370077847
0 0.4994720295722584 0.6393150329866005 0.613165420476778 0.5167999243815028 0.7736575444362153 0.518104676511955 0.5764749423478288
0 0.6285607991550783 0.6625798215936881 0.5798008908580116 0.7346993807499 0.6018578018078139 0.6426402426160338 0.3073498116070142
0 0.6297047350818518 0.7615535097088575 0.7191285263373776 0.6155601576491125 0.7659543416361909 0.6461557137834038 0.2710604211964605
1 0.3103706213694772 0.3075284500141752 0.3274416028673088 0.4383419415766262 0.6543683455969352 0.309725123066104 0.4782851822323294
0 0.5206788417532124 0.6292296766260687 0.63417642966662 0.533492246819665 0.7738930897086961 0.5282116561181435 0.1385625780736364
1 0.3894781904594261 0.4517964054251688 0.4663453143199419 0.4548003916477197 0.733857721462083 0.3890868846694796 0.1667073037502718
1 0.4113889632107023 0.4087092917885744 0.2929685241237422 0.6652626431910578 0.415899520089574 0.4231869549929676 0.4089281154095742
1 0.3616717479317021 0.3919443024074988 0.3560344241129995 0.5197660678738981 0.6081390090739718 0.3737066983122362 0.3314062266311807
1 0.3530482309452561 0.3479174121672228 0.310774309655031 0.5405943722818519 0.5526626885873461 0.3530533052039381 0.7091233910540746
1 0.4103330223552191 0.439271529516774 0.4100070316777728 0.5475326917586802 0.626132574155759 0.41765008790436 0.8193343937879733
1 0.3107226016546383 0.2904045987510011 0.2533333363391029 0.5164276669385394 0.5234962516029008 0.3135042545710267 0.8043334877117158
1 0.3306094877662383 0.3618519529811399 0.328690429347596 0.4731353814793082 0.626316822902233 0.3313452707454289 0.4378322603175217
0 0.7373227072698468 0.8176987161231166 0.7188458560746386 0.7803137074079828 0.6598103137811427 0.7532896976090013 0.6282037813169429
1 0.3918540573842634 0.3930637516643191 0.355093817251381 0.5602941471902886 0.5726180840719299 0.391020393811533 0.7398724953288998
1 0.3501443935926773 0.3240768653631266 0.2453199517232174 0.6030425840676745 0.4293402567712743 0.3538442862165963 0.5848410087609663
1 0.2407665199788769 0.2255098981237616 0.1473855275451109 0.5012744216877378 0.4306523311779828 0.2462708684950773 0.7499511061889969
1 0.576467716951241 0.5591022315455794 0.4397040082099828 0.7914595051624701 0.4397325141931327 0.5821741385372715 0.4993017898931798
0 0.5306222848090125 0.5558864939078786 0.4812632089574103 0.6631590629329124 0.5859366861678995 0.5325181082981716 0.357244507279442
1 0.4371715190987502 0.5373897179767746 0.4605423558288599 0.564075189711689 0.6491933287215396 0.4553535161744023 0.6466271542094977
1 0.3974857419468403 0.4213712990223691 0.3489855683671509 0.5874719592596109 0.5434757250486716 0.4131678621659634 0.467228372539323
0 0.5224387431790178 0.623986296840884 0.6376661136701749 0.5155110842716784 0.7868533140345354 0.5317271272855134 0.6598144019704921
1 0.2762285337088541 0.301894463492481 0.2705615762385778 0.4364307658269864 0.6120256805478866 0.2786132032348805 0.3561753551290147
1 0.1602510297482837 0.1866417884373717 0.2552023449560039 0.2360928681197358 0.7659724873460709 0.1587356364275668 0.7715573535551257
0 0.5041357683506424 0.65780117358577 0.598125800245453 0.5403600232727308 0.7505196706034447 0.5246082981715893 0.2171211707918832
0 0.6620869213166696 0.7291906780558399 0.6440021912060081 0.7308382623636878 0.647702937819664 0.6867594057665259 0.6151325604907282
0 0.5784916035909171 0.6732883117207557 0.6154308509474685 0.6319954111403201 0.6989896930597623 0.6023880977496484 0.564585459129942
0 0.7037085900369653 0.7536224526306678 0.6744972189578335 0.7555294328453793 0.6495935812067776 0.715849929676512 0.2774391166518681
1 0.3838465058968491 0.425352619417973 0.3703150494649838 0.5367613757767343 0.6049425724874159 0.3955026195499297 0.2930593246865048
0 0.5051037141348355 0.5841624575529105 0.5547303005661046 0.5581201827890647 0.7139344299257483 0.5139739978902954 0.5095201902665072
1 0.2734126914275656 0.2838569405312831 0.2758932548903436 0.4346187316242562 0.617919197743339 0.2774706751054852 0.6253386698752019
1 0.2588935046646717 0.2472699484034865 0.187091179476996 0.4991204762527169 0.4756585770638417 0.2782616561181434 0.3622492340608486
0 0.4974481429325822 0.5828634967843445 0.5768345618141393 0.5385705501271498 0.7399742215154839 0.5017577355836849 0.286442184047334
0 0.6048901249779969 0.7323164987962747 0.6984286659917249 0.6037006678614235 0.7628287431093588 0.6326211497890295 0.1672430269844451
0 0.5725959338144693 0.5494709716303792 0.4749918998525328 0.7405561994097197 0.5165045700037485 0.574527988748242 0.3539710072480527
1 0.3195221087836648 0.3238498171404607 0.2749298651635649 0.5278691416462299 0.5325474712734344 0.3237870077355836 0.8111977591667732
0 0.4100690371413484 0.4965730865668389 0.4710263794366298 0.4920442483420464 0.7099905296745196 0.4323271800281293 0.3847994293709476
0 0.3509363492342897 0.4634815735349035 0.4738473863477295 0.4049735025300851 0.7727471183385816 0.362984511251758 0.2270170556176875
1 0.4244122337616616 0.4213661424977947 0.3260521735620322 0.6535806231275643 0.4609657864004205 0.4306573312236287 0.7445471680896195
0 0.7309870621369478 0.8249961652442288 0.7967852241143017 0.7002688243298165 0.7533755261737911 0.7371185302390999 0.5547993738045647
0 0.6413200844921669 0.7449469223170514 0.7116472843577365 0.6542939973993974 0.7381097498253126 0.6541534106891701 0.7946848975816494
1 0.1996728216863228 0.272287955365865 0.2918598122641909 0.2905976812207973 0.7473672024677518 0.2086553270042194 0.2498406025198944
1 0.3582399401513818 0.2277381613054677 0.0888382833908987 0.772811361502422 0.0001 0.3581507383966245 0.8598391017358185
0 0.7946074986798098 0.9030014907432344 0.8658885833710411 0.7277535938809166 0.7704338892848392 0.8090978023909986 0.2716782482361771
1 0.2627652878014433 0.3500083828821358 0.402017894539808 0.2986287820432091 0.8058745544162579 0.2620904887482419 0.6957501396617597
1 0.3561280584404154 0.3939139336535208 0.3795539894917428 0.482102130650679 0.6566379551557736 0.3586780590717299 0.2973465854785536
0 0.5756757613096285 0.7410131386323676 0.7007739992252277 0.5678743446310828 0.7858238939548039 0.6060793424753868 0.757611014322522
0 0.7968953705333568 0.8305033334896718 0.7075056849410944 0.879687855639148 0.5826582449309242 0.8182380274261603 0.5766781533635446
1 0.400037599014258 0.4212393242215435 0.3636041937972635 0.5712959990449361 0.5700508150798675 0.4052580520393811 0.4501271822877319
1 0.3479445168104206 0.3873769107657375 0.3256018865056138 0.5296045953591998 0.575104395281451 0.3637754922644163 0.249216384165974
1 0.2472781552543566 0.3603841160327627 0.4513325453225559 0.2332001275034176 0.8721775824939846 0.2463587552742616 0.126080505313146
0 0.573827864812533 0.6336966771800223 0.556177663442789 0.6824994497338017 0.6249080876948174 0.5867442510548523 0.2793958420773894
1 0.3592078859355747 0.4401797224074376 0.4453317013740815 0.4448628814961926 0.7282995509434516 0.3636876054852321 0.8170231962439092
0 0.9999 0.9645220517435038 0.8732531445341112 0.9875281200059276 0.6146882145168192 0.9999 0.8433867118158553
1 0.3350972364020418 0.3786538437412009 0.3434273629417911 0.4704692047185879 0.639717778604581 0.3360911568213783 0.6956650860188917
1 0.209352279528252 0.1942665157275643 0.2095995111121238 0.3674096601378804 0.6237038406795112 0.206370270745429 0.3188784313921542
1 0.3686233585636331 0.3770698238485071 0.2724079647250697 0.622963679769132 0.4373515876832996 0.3727399437412095 0.2342643142854286
0 0.6588311036789297 0.751837811703752 0.6788314963198312 0.6825739647746681 0.701805069738838 0.6793769163150493 0.2233561436176272
1 0.4561784544974476 0.5446712140999846 0.4575415270177448 0.5875769793918341 0.628749045938073 0.4699427215189873 0.2414722417888375
1 0.4397233761661679 0.4005407122971771 0.3106104357606279 0.6856862784964814 0.4137035402381332 0.4512228375527426 0.7751800815498135
0 0.7308990670656575 0.7917196618931873 0.6922566250850459 0.7961868410386678 0.6323499224813778 0.7416007559774964 0.7294226966054185
0 0.672822320014082 0.7509718378580412 0.7153503136200425 0.6763448886718851 0.726120320978054 0.680343670886076 0.7451818747540286
1 0.3292015666255941 0.3884435056456704 0.3386947109089903 0.4797950242361375 0.628383340092799 0.3396066279887482 0.4269409692744128
0 0.6774860587924662 0.7760372203899467 0.712803352029871 0.6865235797019517 0.7182290309160041 0.6908021976090014 0.78542798029639
1 0.4820490054567858 0.571304985809468 0.5276850868038035 0.5750358914691418 0.6854167020695133 0.4905961146272855 0.1892630709753178
1 0.2289751804259813 0.2149915548403744 0.1807594957794437 0.4400260768286156 0.5291671348963638 0.2347577004219409 0.4506494673740918
1 0.1462598134131315 0.1347260601638587 0.1128875503846191 0.3494269087830522 0.5544448066711389 0.1521441279887482 0.4461601427252868
1 0.4325957753916564 0.4982786070698167 0.4304497711166162 0.5635394440447354 0.628244455621025 0.4380398206751055 0.2876281825317978
1 0.3445127090301003 0.2715857011753909 0.1647872426893065 0.6792369937654666 0.246360314165071 0.3501530414908579 0.7153767184231736
0 0.3585919204365428 0.4133346943317975 0.4420962090518153 0.4205814642989238 0.7437429458751786 0.3610510021097046 0.6172341557048727
1 0.384814451681042 0.4163920299802288 0.4238752871703555 0.4912253772959375 0.6801596805436984 0.3841652250351617 0.7285036583988588
1 0.3130104735081851 0.2607241267250211 0.1804642949408666 0.5902924091646409 0.370400548389281 0.3171076125175809 0.4502343597105368
1 0.4012695300123218 0.4739523801073707 0.4964463612392452 0.4399655432879545 0.7615246946897126 0.4035003164556962 0.3312552932880563
0 0.5396857771519098 0.6467813582875237 0.6577275655870853 0.5283557931817812 0.7888462015177037 0.5449101441631504 0.7281162464301878
0 0.5729479140996303 0.5896380420853353 0.4802967272703597 0.7388183624864876 0.5224158839531217 0.5822620253164557 0.3316799059829914
0 0.5692521211054392 0.6160711927605964 0.5253874348523863 0.6932443915221789 0.5948109851671031 0.5788344409282701 0.2577427250737648
0 0.5842112832247844 0.6592744893415075 0.6198756252054937 0.6361997118042961 0.698742981196586 0.599048400140647 0.5931826570762477
0 0.7518418940327407 0.7658780612714439 0.6731321998652288 0.8226360262904785 0.6008507149094733 0.7561020745428974 0.4155975337213364
1 0.3629036789297659 0.3484506290364927 0.3253048955847741 0.5409984058616453 0.5647508719710672 0.3641270393811533 0.4032634444666455
0 0.2692769230769231 0.2715381644644707 0.276234672398246 0.41271337505845 0.6371777281773386 0.267803129395218 0.9010670114678196
1 0.355336102798803 0.3677553679118457 0.2946468076123013 0.5566521252675192 0.5235199806081285 0.3563930028129395 0.3098044040210392
1 0.2709488294314381 0.3052474935969747 0.2872702040776465 0.4195473099257918 0.6398699234028058 0.2721974683544303 0.5431712789496348
0 0.6545193451857068 0.7003022159762069 0.637825593726297 0.7357287687025075 0.640260056165226 0.6633815225035161 0.232703850340553
1 0.3790067769758845 0.3960629152698957 0.3237057011852715 0.5805576307660892 0.5275734530305558 0.3914598277074543 0.2964440991369836
1 0.318906143284633 0.3760823493925124 0.3223777856159278 0.4891588162371991 0.6077310795576308 0.3411885900140647 0.4846825599907947
0 0.7264993135011443 0.8171969218254718 0.8098700745148721 0.6685160429603962 0.7783363459375844 0.7313180028129396 0.213059244795487
1 0.4390194155958458 0.4136832431647473 0.3161686411859876 0.6913217763632803 0.4138228831761902 0.4493772151898734 0.7973448314494582
1 0.3503203837352578 0.4575783197455906 0.4556295564265415 0.4071921124035551 0.7610110315177246 0.3687850386779184 0.297084541596191
0 0.625480971659919 0.6711127417745443 0.6039735107931 0.7013830545677601 0.6429948240177193 0.6301603199718706 0.4149485695098569
0 0.6599750396057031 0.7577728103474758 0.6519664299270477 0.7138931607570431 0.6645857760832189 0.6804315576652602 0.2580073910337494
1 0.3454806548142932 0.3469246200452608 0.2542034790534755 0.5966930764063059 0.4451535450197862 0.3623693037974683 0.3496409738147928
0 0.7456822390424221 0.8888822818929972 0.8639456931771201 0.6679246890539902 0.8030647610325299 0.7587386779184248 0.1053323328488622
1 0.4058452737194156 0.4842541493586337 0.4419279413191314 0.5229123820621197 0.6680885960019797 0.420110917721519 0.4416536106920867
0 0.6672786305227953 0.7610887779315911 0.760626050614121 0.623672605381809 0.781292002912271 0.6712034458509143 0.2618515207076567
1 0.1650907586692483 0.2303729842215853 0.3276197974198127 0.1890878588332885 0.8410200028061672 0.1631299753867791 0.2201083727229052
1 0.3459206301707446 0.316742514863029 0.2674188427244642 0.565541499545709 0.4894151188886461 0.347340664556962 0.6716630791053846
0 0.6763421228656926 0.8222029403388418 0.8326448029376243 0.5879656015452649 0.8333021438558551 0.6999424226441632 0.4367958841373712
1 0.2793083612040133 0.3306349977733863 0.2465044979768024 0.5041212457863367 0.5289190272093506 0.2870503340365682 0.266917210793778
1 0.2573975884527372 0.2741148153377337 0.2730621584246729 0.416965339927671 0.6310280773078107 0.2651665260196906 0.807094043808274
1 0.3856944023939447 0.3790499292850708 0.3594943276570949 0.5402449936574062 0.5934730880194115 0.3863623945147679 0.8267884688281607
0 0.6224011441647597 0.7404639687651956 0.671609165329262 0.665259783338743 0.7091484989448952 0.6471224683544304 0.2369739037482066
1 0.2852920260517514 0.3038692512630774 0.2786410311634281 0.4607484078202414 0.5971207246612531 0.2913567862165963 0.2647943111989537
1 0.4509867452913219 0.4977769739135648 0.491460982137916 0.533164952610316 0.692902854262896 0.4512228375527426 0.2047541416870642
0 0.3367691427565569 0.4927923872054572 0.5977848709418041 0.2655957401209085 0.9138785175340074 0.3368821378340366 0.0774480122560754
1 0.3097546558704453 0.3185168427407962 0.3020318733540156 0.4711948128031007 0.6070087407220226 0.311482858649789 0.2837689759115632
1 0.3091386903714134 0.3152007140152879 0.2815416153678378 0.5025432428313593 0.5619037402997015 0.3160529711673698 0.8414319529485507
1 0.545669441999648 0.4903266016105436 0.3216142341635551 0.8666591628967995 0.233022868447303 0.5573021800281294 0.7138355923007613
0 0.4589063017074459 0.5347073583497368 0.5453588944519137 0.507529077580669 0.7431678664543658 0.4760947960618846 0.2116434867593833
0 0.5706600422460834 0.6418072457699578 0.574771247904371 0.6639634758367635 0.6511157271009432 0.5888535337552743 0.6018931989369938
1 0.6656947192395705 0.7019337725798209 0.58869157851732 0.7813677218666335 0.5724090594523507 0.6757735583684951 0.622619739260895
0 0.5954746523499385 0.7393973738852627 0.6561560360952775 0.6309445742953523 0.7230536960083319 0.6233930379746835 0.8436926754983887
1 0.337473103326879 0.4093586916021609 0.3712994319746603 0.4815857684271916 0.651124450999924 0.3564808895921237 0.7214091357526073
1 0.3336013201901073 0.4144225598755997 0.3908541278765052 0.4383432126220994 0.698582810411299 0.3469012306610408 0.7393466048858095
1 0.2717407850730505 0.2541184576038413 0.2484625225025798 0.451083854684084 0.5803614168072658 0.2735157700421941 0.4906066527384637
0 0.6688625418060201 0.7239895173156081 0.6684428352762324 0.7171109712531321 0.6724257696192618 0.6877261603375527 0.725905179475319
0 0.6754621721527899 0.7449893025033971 0.640538056558383 0.7632310151288642 0.6222172882931872 0.6918568389592124 0.81399486047019
1 0.2940035381094877 0.2507602709747732 0.1558552204032071 0.584044426260444 0.3477920407466638 0.2971573136427567 0.490994556346689
1 0.3734630874845978 0.3327681875332521 0.2562856701943767 0.6248089200348496 0.4185104085765403 0.3782768108298171 0.7329547990422912
1 0.2744686322830488 0.2414140701837008 0.1838654512397985 0.5299928997512623 0.4399359555173643 0.2800193917018284 0.4890625767787266
0 0.7226275303643724 0.7844381657699772 0.6435834746913117 0.8286866793849611 0.5758644213606561 0.7504773206751054 0.4571196077865713
0 0.6682465763069882 0.7753138566769963 0.7157675655219785 0.6766902952792271 0.7261252063614833 0.693175140646976 0.3083178498891377
1 0.3844624713958809 0.3969817434924939 0.3232459755132867 0.589740457667904 0.5186932217800454 0.3893505450070323 0.3086524925456632
1 0.2946195036085196 0.2942697362022884 0.2664139556361434 0.4795023660159334 0.5698456289758398 0.2963663326300985 0.2896697977203358
1 0.2998992078859356 0.3368763262051072 0.2866666208856495 0.4729239112887046 0.5929454666090541 0.3189532348804501 0.3975868102945658
0 0.6008423516986446 0.6991036462954483 0.6127758334825367 0.6634409172665944 0.6756180187343069 0.622514170182841 0.3927333446159863
0 0.5616845449744763 0.6592480621530638 0.6607047978592844 0.5575158006665584 0.7723534960165689 0.5726823663853727 0.2502281783684169
1 0.3884222496039429 0.466908567538761 0.4926024036824475 0.432058687160548 0.7647521883566402 0.3905809599156118 0.7074526359692178
1 0.3657195212110544 0.3668365396892475 0.3262899290334551 0.5418247442999091 0.5648482306836926 0.3710700949367088 0.3435490680993068
1 0.3713512057736314 0.3704852642498036 0.3447248471126707 0.5369798367174405 0.584394998740017 0.3705427742616033 0.2615353964743375
1 0.1783780144340785 0.2400570985136729 0.230850716794656 0.3086935556227402 0.6912791621845942 0.1874746132208157 0.3158712361192635
1 0.445707041013906 0.5235605636338464 0.4243263879005296 0.5967984142998972 0.5966939515231136 0.4651089486638537 0.3417483562923027
1 0.2944435134659391 0.318421769318956 0.3080568020456595 0.4377532886418506 0.6403539253182591 0.300848558368495 0.2535923039576214
0 0.4445631050871325 0.5641237196326724 0.5247177813514244 0.5269593908487872 0.7178074921172531 0.4673061181434599 0.4203397249808263
1 0.5391578067241682 0.5711517403447729 0.4879945692037749 0.6725036303711918 0.5834894580258126 0.5430645218002813 0.4334566682855771
0 0.4787931878190459 0.600621117145989 0.5507584334949069 0.5407750196197304 0.7235827132425262 0.4972755098452883 0.6573235921093113
1 0.3020110895969019 0.3291143064481217 0.3470937768850895 0.4042051555415359 0.6956784499626193 0.3027820675105485 0.2658570720351769
1 0.3214580003520507 0.34703548532361 0.3332408184591144 0.4767473749527732 0.6267697677373149 0.3237870077355836 0.2154918773094265
0 0.6411440943495863 0.7182446655155647 0.6755221224205451 0.6635283016428768 0.7124963824177574 0.654065523909986 0.2836716312798413
1 0.1144055976060552 0.1180297170161797 0.1492683686158594 0.254757058728883 0.6762133376007551 0.1178682841068917 0.2066005759726042
1 0.3512883295194507 0.3455147939983454 0.2799495812973856 0.5862809896512229 0.4813591216138392 0.3593811533052039 0.5557697064046074
1 0.4017095053687731 0.4758427297880615 0.4515180629388613 0.496518328407709 0.6943503235817862 0.4146619374120956 0.1910500168748056
1 0.4442111248019714 0.454652958897985 0.3596676401670643 0.6575340511912674 0.4891171104994629 0.4571112517580872 0.3685330430823049
1 0.2034566097518042 0.1994939425148469 0.2293672268032175 0.3371721238531983 0.6660067247492075 0.2058429500703234 0.3932071212663365
0 0.5719799683154374 0.645091629641055 0.4966551499249643 0.7399964627594594 0.5348272005550906 0.6044973804500703 0.303325905736139
1 0.2324069882063017 0.2330606615145904 0.2490693603895998 0.3748559211619361 0.6486911810962062 0.2311543424753868 0.8246049336883244
1 0.3496164231649357 0.4346830283525363 0.4030885264675914 0.4528324954938383 0.6956135441542023 0.3597327004219409 0.7847913070737644
1 0.5800755148741419 0.5894480563830478 0.3780042664565883 0.8795286571936297 0.287644595789772 0.6140770393811533 0.56464445587644
1 0.3688873437775039 0.4162020442779413 0.3946255057342921 0.4888952331821943 0.6619068411842026 0.3737066983122362 0.2516285316984906
0 0.5007919556416124 0.5697894510087776 0.5150028421775661 0.5941473312041711 0.6632408998163427 0.5145892053445851 0.2207206278476746
0 0.4926084140116177 0.6475785247584451 0.6000525796990107 0.5209103265611461 0.7641879265705636 0.5141497714486638 0.3474539971980774
1 0.3920300475268438 0.4286740658094486 0.3778286756601028 0.5458104251424949 0.6031862771446063 0.4040276371308017 0.290471989592859
0 0.7858079915507833 0.8769117323763489 0.8004394329512643 0.7694732783284316 0.7130686701908961 0.8015395393811533 0.2168973109148931
0 0.399685618729097 0.4757951930771414 0.5047141002711704 0.4351276264555885 0.7693580580625301 0.4021820147679325 0.2379714404035791
1 0.4542425629290618 0.4963407206782057 0.5072306304628776 0.5222848033597274 0.7105558383284738 0.4542988748241913 0.1962915500414616
0 0.676782098222144 0.8024967982536515 0.7477656114353798 0.6611198293518477 0.7525289590166967 0.6927357067510549 0.1260854217086875
0 0.5146951769054744 0.694245716722199 0.6837413664966291 0.4839564271153931 0.8274002517173812 0.5213564873417722 0.0542186988418425
1 0.4003015842281288 0.3595761530885138 0.2737137483682578 0.6622812471529839 0.3984056599414055 0.4046428445850914 0.7939947995274726
1 0.3749590036965323 0.3625965873579597 0.2649924675848913 0.6211421127253528 0.4314859869645857 0.381792281997187 0.4070099017491281
1 0.2070644076747051 0.2090301290082067 0.1893115324216194 0.4082626504533574 0.5681528436176101 0.2135769866385372 0.2668098694911217
0 0.6662226896673121 0.7625039216444739 0.7218427792517262 0.6622893500678755 0.738451726665359 0.6809588783403657 0.7874964717805552
1 0.4428911987326175 0.3956088188245639 0.2815767660740851 0.7275692922873026 0.3380540757483636 0.4548261954992967 0.676100945480855
0 0.516895053687731 0.5406370393274934 0.4399482730714515 0.6902205743414369 0.5304355898081684 0.525575052742616 0.4898054441450489
1 0.3584159302939623 0.3611127974116804 0.3587319153479802 0.5004717564714122 0.6263705621199546 0.3582386251758087 0.3543013890284422
1 0.2856440063369125 0.3019155730149574 0.2489858774622624 0.482825832166982 0.5513746921418244 0.2867866736990154 0.2771611764239213
1 0.5161030980461186 0.5555485804068635 0.4980834728357645 0.632144600102737 0.6228262164420454 0.5218838080168776 0.2289850887529543
1 0.4189565393416652 0.4346988202090454 0.3127798527281428 0.6500197892343955 0.4513607736225872 0.4232748417721518 0.3351277741762529
0 0.5027278472099982 0.6394945444983463 0.6433201698639591 0.4916704020922415 0.8041824669699468 0.5093159985935303 0.5036883618751671
1 0.331489438479141 0.3224770536139237 0.2599019618343224 0.5605358047108806 0.4869982499150122 0.3302027426160338 0.3192406058637121
1 0.3045629466643196 0.2915820589092833 0.2676006174414932 0.4940758556502718 0.5574744423091824 0.3046276898734177 0.6148210248932477
0 0.3909741066713607 0.4513792103588224 0.447159538098943 0.4813231386562918 0.7028194847123225 0.400248505625879 0.2474432041740024
1 0.2121681218095405 0.174576326640276 0.152113948474382 0.4368028643892656 0.5040810399432065 0.2139285337552742 0.3309234365890043
0 0.6030422284809013 0.696885857304284 0.6657668250284029 0.6313198504713146 0.7281177448886922 0.6139891526019691 0.273612194362356
1 0.2567816229537053 0.3624011228483119 0.3940596770045607 0.312373232267653 0.7921361583013335 0.259278111814346 0.1169755046501194
0 0.8137904242210878 0.8976264584400102 0.82697935531126 0.7945877069526985 0.7115800240688167 0.8306300632911392 0.3871137406321881
1 0.5458454321422285 0.5388470807346101 0.4295423621442313 0.747607800814347 0.470504846501959 0.5484256153305204 0.4228849429526665
1 0.2407665199788769 0.3126345373325668 0.3188137318310996 0.3399901905479659 0.7267711238420198 0.2483801511954992 0.3965124139888942
1 0.3977497271607111 0.4507982956372394 0.4125683139260451 0.5321385833907074 0.6403609044374438 0.4111464662447257 0.5073951602336149
0 0.472193557472276 0.5919984412092599 0.5945497040890402 0.4816181800867583 0.7864035098030866 0.4813680028129395 0.1640314735368789
1 0.4545065481429325 0.5466988562474685 0.5571233150816929 0.4762040030129804 0.7704433110957385 0.4571991385372714 0.5095955749981437
0 0.3680953881358916 0.4075265139643249 0.4013674437394811 0.4810215831177751 0.6727579756924497 0.3720368495077356 0.5203211835115036
0 0.4885606407322654 0.6346472502570317 0.6105979543079623 0.5045565788609075 0.7800860111171687 0.5102827531645571 0.3316197620775336
1 0.29145168104207 0.2816762140604971 0.2360359341703913 0.4998786548774805 0.5232027796411876 0.2924993143459916 0.480540168987369
1 0.2901317549727161 0.2923687511896628 0.2168200520204305 0.5306096745671324 0.4739158910034421 0.3011122187060478 0.5013488131168136
0 0.6268888928005634 0.72879459251197 0.6738283791306272 0.6572181963911774 0.7156868867530064 0.6439585443037975 0.5084085932345717
0 0.5123193099806372 0.5878111821134666 0.5420625393327192 0.6077403681366202 0.6708666343934176 0.5293541842475387 0.237133850483157
0 0.6414080795634571 0.7656563307147454 0.7051102294042391 0.6626461960844763 0.7293345543185308 0.6637330696202531 0.3546950284314659
1 0.1920172504840697 0.1929569196270635 0.2239216338256501 0.3341376616666183 0.6644598029819365 0.1902869901547116 0.245171665553973
0 0.5996104207005809 0.7288843482678429 0.7119224688219228 0.583244462015749 0.7819766545042822 0.622514170182841 0.3955727269210602
0 0.7021246787537405 0.7917038700366783 0.6590558066259314 0.7801079569220085 0.6222612567440504 0.7269236638537272 0.2814359823472649
1 0.499032054215807 0.4729226866064231 0.3827004659051327 0.7141785104657764 0.457770047725783 0.4970997362869198 0.3519996965157583
0 0.713212057736314 0.6854963836506116 0.5791257043755106 0.864200484309579 0.4986247645646706 0.7169924578059071 0.3749638523304525
1 0.498680073930646 0.59492895858144 0.5212642244626238 0.594851808157692 0.6668295629010742 0.509579658931083 0.2054214604418986
1 0.3764549199084668 0.4162231538004177 0.4234230472969233 0.4751769982706351 0.6920559381498423 0.3777494901547117 0.3273229962541045
1 0.2017847033972892 0.1269111860299857 0.1033994634538571 0.4545895569798527 0.4323859443834425 0.2023274789029535 0.5633407916586828
0 0.5644123921844746 0.6449807643627058 0.6004835013200429 0.6200073868791538 0.6983441245351849 0.5759341772151898 0.2362190731527332
0 0.6026022531244499 0.6792708470753998 0.6914813567305909 0.5845439471314116 0.7711272647758313 0.6092432665260197 0.7916770467893531
0 0.5534130082731914 0.6468711140433966 0.5981744579360455 0.6114308486680553 0.7028739218419625 0.5662666315049226 0.6036652317700056
1 0.4432431790177785 0.5422845489290093 0.5198098639916402 0.5040912173370323 0.7308514658733078 0.455968723628692 0.4733030708704138
0 0.6515275127618377 0.7538970375642539 0.7122362214221305 0.6511484776145967 0.7403985519619087 0.659426617440225 0.8722475924430375
0 0.6244250308044358 0.8045613417801208 0.8022999793611058 0.5436129464000169 0.8447032329558504 0.639564205344585 0.3829854432959814
1 0.3770708854074986 0.3148734358462075 0.2448118938301425 0.6378859125051796 0.3923066076859661 0.3781889240506329 0.4622079132921836
1 0.2996352226720647 0.321642663481231 0.2951641413861914 0.4569392434177463 0.6138960844893648 0.3010243319268635 0.3222620586836733
1 0.4476429325822918 0.5080154145973987 0.4538101819087396 0.568897059594956 0.6407440580806795 0.4601872890295358 0.329840190771358
0 0.7518418940327407 0.7967835301666261 0.749668468880519 0.7515477240198974 0.6967448593740293 0.7629572433192686 0.7187510045631639
0 0.3968697764478085 0.4808959627295656 0.4661163465250807 0.4748441432373409 0.7193900073923657 0.4181774085794655 0.3445944576712834
1 0.2616213518746699 0.3694926332692346 0.3053296930859704 0.4025265811134917 0.6676482135814302 0.2883686357243319 0.2452227960676048
1 0.1019982925541277 0.1290814383102299 0.2019820601457743 0.1750383576952766 0.7797126282407915 0.1011697960618846 0.7440360268331538
0 0.7183157718711495 0.8415234710707038 0.7840061523111329 0.6851689629888893 0.756094591008119 0.7308785689170183 0.2368444386656134
1 0.3426648125330047 0.3447385759085075 0.3089173434097146 0.5151426399651347 0.5739601686911324 0.3441767405063291 0.4376918152848859
0 0.6527594437599015 0.8222451593837946 0.7995422762682014 0.5874207996793147 0.8196314451970216 0.6781465014064698 0.6696011428152748
1 0.3399369653230065 0.3319814952528725 0.2780382616451868 0.5512682944044139 0.5132788211166172 0.3485710794655415 0.5552495517563156
1 0.4647139764126034 0.4622883215201123 0.3905164532678792 0.6394521582895298 0.5329184114580969 0.4692396272855133 0.4744987382661092
0 0.6872535117056856 0.7664377053291577 0.694670795118283 0.7333113990931661 0.6771150397994079 0.7056550632911393 0.7156302405532641
1 0.2948834888223904 0.2709256660298696 0.3140143585503293 0.4235201214329613 0.6566997203605576 0.2914446729957806 0.9061753103153009
1 0.30799475444464 0.3027604373381917 0.2459617775817336 0.5357885493476842 0.4977132915991593 0.3164924050632912 0.534417308928272
0 0.4714016018306636 0.5610876546481104 0.5375139403034633 0.5280041902277574 0.7246498205658546 0.4771494374120956 0.2088540878089814
1 0.3550721175849322 0.3658808100876639 0.280562603104949 0.581281173401708 0.486818188640049 0.3706306610407876 0.3066379175326035
1 0.3328093645484949 0.36034189698781 0.3229940621185141 0.501479060008923 0.597581346527438 0.3375852320675105 0.269560592796597
1 0.427492061256821 0.5032631937779243 0.4974302555446682 0.4895053350093301 0.7278493977560435 0.434348575949367 0.2379080189010936
1 0.3968697764478085 0.4884942628313145 0.4540681164893045 0.4859171736384876 0.7038216862272338 0.4082462025316455 0.2752924544785931
0 0.43048389368069 0.5304250258321032 0.4506357151181528 0.5760079234947711 0.6329148821793726 0.4586932137834036 0.2480089174209789
0 0.5952106671360676 0.6634669049618752 0.6570745110307403 0.6046544286083757 0.7406379357499413 0.5988726265822785 0.7038364631685853
1 0.3449526843865517 0.3667416274088003 0.3461395003043748 0.4755778542367454 0.6375207518852627 0.3463739099859353 0.4239098475432201
1 0.2738526667840169 0.2597999808364556 0.1858469095697409 0.5171983971373508 0.4555566200763808 0.2823044479606188 0.4282875700132327
1 0.2836201196972364 0.2574977537553858 0.2357255989999576 0.4813908218277397 0.540672561828169 0.2820407876230661 0.3517719035223349
1 0.3268256997007569 0.3720588099519558 0.3459575628525946 0.4675939409775262 0.6439725986154846 0.3331908931082981 0.8196206918883407
0 0.4277560464706918 0.5647099520202228 0.631988949141728 0.3908478975443654 0.8582654063113632 0.4381277074542897 0.0912527592970836
0 0.670182467875374 0.7555234376432934 0.7346550489441286 0.6634264591243366 0.7444132902728614 0.6813983122362869 0.8179256825854792
1 0.4442991198732617 0.4811547558066426 0.4235498176680654 0.5773495119917333 0.612021493076376 0.4478831399437412 0.6572901606196291
1 0.4362035733145573 0.525751925436567 0.4176615861673833 0.5950281657170985 0.5930257264796772 0.4530684599156118 0.2196462315420032
1 0.37751086076395 0.3224135639051016 0.2311507996757675 0.6550169045122798 0.3583011984148646 0.3778373769338959 0.8227242485138451
0 0.5649403626122163 0.6484340244136141 0.5995586797292854 0.6241114338314312 0.6949568090389296 0.5790102144866386 0.1938626867641039
1 0.3714392008449216 0.3769536409041905 0.3844503526841956 0.4933805937764316 0.6511181697926578 0.3688729254571026 0.823077409593577
1 0.3222499559936631 0.2876958119355196 0.2604710452590767 0.5228515307600903 0.5240015398318674 0.3232596870604782 0.8564853005772511
0 0.679773930646013 0.7961288126870723 0.7710741098418878 0.638409742120822 0.7775860906252379 0.6908021976090014 0.4680580962268787
0 0.4787051927477557 0.5829374606837082 0.5893504915247065 0.4977701493181264 0.7734551499798612 0.4826863045007032 0.560442084847408
1 0.465241946840345 0.4709690083583032 0.3733827622588195 0.6796157653164802 0.4813004970126885 0.4776767580872011 0.7434139389173013
1 0.3249778032036613 0.3165314196382651 0.2447612833225364 0.5515746163634551 0.4809403744627621 0.3251053094233473 0.3856676648235784
0 0.5230547086780497 0.6355607608136625 0.6161402117277098 0.5461027656013308 0.7564683228404555 0.5378792018284106 0.7576495260875973
0 0.5344060728744939 0.7101287792596619 0.7089590690035711 0.4872241261463051 0.836605709921895 0.557477953586498 0.080221514860893
1 0.4049653230065129 0.4690786586776123 0.4265057316878644 0.5468178875606896 0.6387040615430151 0.4154529184247539 0.2144632034822911
1 0.2678690019362788 0.2679263412829001 0.2029840180085745 0.510798842060475 0.4799838861785099 0.2860835794655415 0.3588792087969943
1 0.4635700404858299 0.4270212385419653 0.3620399873692572 0.6734767745616101 0.4764531497830107 0.4643179676511955 0.3531425945993082
0 0.6993968315437423 0.8111721674258751 0.7524494430428371 0.689226775662079 0.7376445915316577 0.7199806082981717 0.2241127768914657
0 0.7067004224608343 0.8356092596666703 0.8180500995159301 0.640987740101839 0.7978091353305519 0.7188380801687764 0.1559297453240233
1 0.2410305051927477 0.2505859159876019 0.2665060635052915 0.3717305792240225 0.6646328851377151 0.2460950949367088 0.349267327753638
1 0.2495660271079035 0.2334672212490021 0.2296328099170863 0.4325450209347311 0.5811287709616149 0.2489074718706047 0.4043783190956088
0 0.5089754972716071 0.5884499465951185 0.523267977453473 0.619834842456167 0.6495956749425329 0.5287389767932489 0.3489954510801924
0 0.4541545678577715 0.5865438050579186 0.5450736204331563 0.5050715111582375 0.7446683770790592 0.464493741209564 0.1734165448659202
0 0.5396857771519098 0.7069976408532597 0.7321949877110685 0.4913218178712165 0.8442188820844376 0.5579173874824191 0.7255511989963301
1 0.4433311740890688 0.4552496654760771 0.3882231951547428 0.6247340872326149 0.5439209928526504 0.4520138185654008 0.7691758515548178
1 0.3671274423516986 0.3412166696242028 0.3167629484971694 0.5474219519218279 0.5516727005310078 0.3664120956399437 0.3130977335144458
0 0.6820618024995599 0.8260783908392778 0.8002688869320642 0.6234706680322544 0.7997343253576293 0.7002939697609002 0.1107836322252893
1 0.4114769582819926 0.4073310494546771 0.3550337681282085 0.5927142274331385 0.543992877780252 0.4111464662447257 0.3189606990775488
1 0.345392659743003 0.4667764315965424 0.4308566079944789 0.430099529444295 0.7301413404962728 0.3599963607594936 0.7191238312250617
1 0.2607414011617673 0.2690511082056878 0.2175818133905406 0.4794898144418855 0.5255526490706491 0.2695608649789029 0.6273094889679421
1 0.3228659214926949 0.3940776533087576 0.37392857461416 0.4316103258698769 0.6924736384330418 0.3307300632911392 0.5584417673814187
1 0.4542425629290618 0.5121129179373193 0.4362559843027211 0.6116809268649073 0.5935945246932238 0.471964117440225 0.4055707088942765
0 0.55957266326351 0.6844666901496642 0.6515960456334415 0.5715999377937149 0.7588419212751446 0.5835803270042194 0.1263784388829616
1 0.4095410667136068 0.4106682877026617 0.2563663866309446 0.7009257959587765 0.3375651884494809 0.4203745780590717 0.6885100917074796
0 0.5044877486358036 0.6241711260185973 0.5654102568142532 0.5586848447405337 0.7198251554735268 0.5180167897327708 0.312770629331084
1 0.3462726104559056 0.3712561646736741 0.3012256853968429 0.5431377342737244 0.5419699800845899 0.3547231540084388 0.2979644125182701
0 0.6424640204189404 0.8356885412320015 0.7726067457281721 0.6098054992692014 0.7949742171177593 0.6621511075949367 0.6342565197479483
1 0.3320174089068826 0.3345423542696264 0.2637394100010742 0.5568003609458311 0.4943772726289109 0.3432978727144866 0.2907399331498714
1 0.4497548142932582 0.4110219930601859 0.3154404031746134 0.6986742977836875 0.4056489387871634 0.454914082278481 0.5625602319265423
1 0.4049653230065129 0.5023180995082754 0.5721178577869506 0.3914106529276245 0.8312729649529268 0.4056974859353023 0.792096906968598
0 0.7790323710614329 0.85977724578124 0.7454378535550007 0.809529958654949 0.6560988181987618 0.8037367088607594 0.251268651544852
0 0.6561912515402218 0.7788357629613011 0.7680109536210843 0.6043890978658453 0.7959886320912437 0.6672485407876231 0.6598556996930408
0 0.7610813765182186 0.8188392749024134 0.7718827388203277 0.7495213597742489 0.7102539914237389 0.7692850914205345 0.5782430420644076
0 0.5214707973948248 0.6294196623283561 0.5734368229449813 0.5914674907046139 0.7019272043245688 0.5457011251758087 0.2798842040345128
1 0.2740286569265974 0.2949455632043187 0.2434175824823316 0.4623901219295628 0.5655129917860277 0.2818650140646976 0.4068848614225224
1 0.5114393592677345 0.5332499955919012 0.4383111614749322 0.6795466522188749 0.5382588334581683 0.5176652426160337 0.6698740027678287
1 0.3666874669952473 0.4258490960496505 0.3923162996155436 0.4808890766271941 0.6665992519679818 0.372915717299578 0.1762539606127775
0 0.6494156310508713 0.7436954982594054 0.7144551097539935 0.6349458254449847 0.7516659909295185 0.6614480133614626 0.3491694914823619
1 0.3289375814117233 0.3726079798191277 0.3016110412875544 0.5157861067359418 0.5671876314343772 0.3465496835443038 0.2632041850009777
0 0.3882462594613624 0.477131055224693 0.4994820152871052 0.4464240430986501 0.7588304057284901 0.391020393811533 0.1141711926332417
1 0.3356252068297835 0.3689434634020626 0.3786563446044266 0.4322067639581758 0.6951850262362667 0.3365305907172995 0.22791036468758
1 0.3604398169336384 0.404078410437991 0.3475260003841308 0.5210290104322061 0.6003740410691637 0.3673788502109704 0.3429630337507587
1 0.2848520506953001 0.2472117763606318 0.2360181960825165 0.4771882688512893 0.5449427359012788 0.2842379571026723 0.616852479531
1 0.438755430381975 0.5343799190392633 0.5411264890441327 0.4745462419545598 0.7629233101743105 0.4443676687763713 0.4142861671505641
1 0.3966937863052279 0.4580482080474314 0.4220446839547246 0.5199835755304995 0.6566770382232076 0.4030608825597749 0.5703453442665245
1 0.4283720119697237 0.49616120916646 0.4539670582088435 0.5340435627936653 0.6677277755401348 0.4391823488045007 0.77699292046582
1 0.289779774687555 0.2813647277479257 0.2455017264402464 0.508440417184953 0.5238396242667841 0.2953116912798875 0.7975047781844087
0 0.4734254884703397 0.6072161509352341 0.6409789049992349 0.4411627092430244 0.8331454626301605 0.4797860407876231 0.6688256633585272
1 0.2492140468227424 0.2435896401299123 0.2471202862751353 0.404649227053735 0.6210891136769934 0.2528623769338959 0.8370588191143769
1 0.3280576306988206 0.3332118097880421 0.2683638434243636 0.5522463638960411 0.5032240041073351 0.3445282876230661 0.3499233387987269
1 0.3477685266678401 0.3731096129753796 0.352036844951121 0.4949263439525265 0.625902961134585 0.3509440225035162 0.7594833416245806
1 0.3811186586868509 0.3734264169539183 0.3014985915745132 0.5999201019820756 0.4889244868099673 0.39488741209564 0.4108217470923128
0 0.7965433902481958 0.8938035400336757 0.844243722325489 0.7485510754361452 0.7480682549898469 0.8066369725738397 0.1872539039973537
1 0.4541545678577715 0.5261902300253897 0.4592378740636811 0.5691933720708957 0.6443232993545117 0.471964117440225 0.2224906941224699
1 0.3709112304171801 0.3709604702176118 0.3100979840292721 0.5698722692342684 0.5252207919534204 0.3727399437412095 0.3225234470466303
1 0.3346572610455905 0.3151004840688733 0.258359073658716 0.555503417921115 0.4904298828180898 0.3329272327707454 0.3453119236606412
0 0.5974985389896145 0.7393182534613246 0.6611863299879227 0.6316447614704012 0.7253843728600358 0.6276116033755275 0.4557911977112551
1 0.4105090124977996 0.455233873619568 0.3802534234521643 0.5805592195729307 0.5756375999871558 0.4153650316455696 0.2494610567840898
0 0.6119297306812181 0.7573291880926858 0.7144738242503752 0.5915188091655944 0.7782354976653667 0.6304239803094234 0.1540854414765512
0 0.6302327055095934 0.7636866994687234 0.7716610940892681 0.5780473159565199 0.8126924559477131 0.6492317510548523 0.8406930186986615
1 0.3293775567681746 0.3460850733879937 0.3530998283456005 0.4557810032302932 0.6588276537999482 0.3296754219409282 0.6838578704863992
1 0.4135008449216687 0.421477007776144 0.3889569661476559 0.5588813801468272 0.6008824699017632 0.4136072960618846 0.3577959629793482
0 0.639384192923781 0.7246390782705876 0.6548549717598726 0.6798575817177563 0.689694204217767 0.6567021272855134 0.2312890755835576
0 0.4789691779616264 0.5658240836110757 0.5735461806977509 0.498867379322866 0.7644032323974091 0.4840924929676511 0.7953259955602624
0 0.6546953353282873 0.785198592003306 0.72767584367177 0.6382537212889866 0.7563667766563192 0.6676000879043601 0.1884476048348326
1 0.2496540221791938 0.2191312772252477 0.2080287952940717 0.4474855249494558 0.5476286499194798 0.2473255098452883 0.8502817926829729
1 0.3263857243443055 0.3296159396043735 0.2874933134214664 0.514246711787213 0.5563881424080963 0.3339818741209563 0.8146430052824125
1 0.3873663087484598 0.4457081613167498 0.389412460716111 0.5372782146422741 0.6191381009089328 0.3956783931082981 0.2550341188900951
0 0.5953866572786481 0.6859345270980414 0.6310384154602897 0.6376868350079397 0.7042763758421119 0.6160105485232068 0.183665426891605
0 0.6131616616792818 0.6977411958180602 0.6239653122365204 0.6833721813318375 0.6685698062697593 0.6288420182841069 0.6707083150912231
1 0.4455310508713255 0.4811652299971843 0.4225535555215552 0.5943074829337943 0.5973873270141055 0.4491135548523207 0.3022270913326113
1 0.2244874317901778 0.2451683423566388 0.2427604595572078 0.3827255992092516 0.6369030998374239 0.2339667194092826 0.3337985447016798
1 0.4286359971835944 0.5573756015201251 0.5902022452121998 0.4247404839679171 0.8195292011009669 0.4374246132208157 0.1551793394845373
0 0.6477437246963563 0.7128797851200961 0.6644834987808729 0.6847822474036683 0.6920276727171446 0.65125314697609 0.2952495789002479
1 0.3883342545326527 0.386606010341867 0.3477001265678561 0.560562655546502 0.566255221111312 0.3902294127988748 0.8573028971558043
1 0.2776364548494983 0.2917562527550617 0.2601382526929851 0.4608129133780063 0.5815018048820327 0.2777343354430379 0.7591395216963778
0 0.5123193099806372 0.5971414299066369 0.56018126379046 0.5847128372986629 0.6986452735280013 0.5297936181434599 0.3023632754891112
1 0.3753989790529836 0.5011457958745675 0.4885686974058147 0.4249692721530931 0.7673222489963765 0.3829348101265822 0.7434363904569409
0 0.522174757965147 0.5797110877140729 0.5350441149853347 0.6092565665054632 0.6652205269730601 0.5329575421940929 0.6231225226449402
1 0.1701064777327935 0.1685303015768099 0.1280313208566768 0.3978731247554238 0.5198660627590207 0.1841349156118143 0.4412311284352195
0 0.5974105439183242 0.7034757345689548 0.6454243301962648 0.6524201586105329 0.7027004907302247 0.6236566983122364 0.3576920631535709
0 0.4544185530716423 0.5428601459846251 0.5471694812931537 0.4911487968061772 0.7551827690866485 0.4550898558368495 0.3960086473257407
1 0.4420112480197148 0.5406212474709843 0.5081679826294733 0.5215463259397984 0.7116522579523775 0.4544746483825597 0.1458771913602962
1 0.3302575074810772 0.3425525317717542 0.3048252153574207 0.4966484516880278 0.5869629656439979 0.3344213080168776 0.3362726388180194
1 0.2169198556592149 0.2290318044080664 0.1543393461962908 0.4654345935992442 0.4765899405190292 0.2360760021097046 0.3013208357544595
1 0.3518162999471924 0.3930215326193664 0.338325303023891 0.5168614112062688 0.5966140406084496 0.3602600210970464 0.524547153239135
0 0.5612445696180249 0.6370285977620398 0.6311025329522408 0.5738296693150754 0.7465565777744582 0.565651424050633 0.1894217066714572
1 0.3357132019010737 0.3278786742469847 0.3613060536415929 0.4495458896615124 0.6696815799558692 0.3319604781997187 0.4252302275058184
0 0.5302703045238514 0.6123485043006766 0.594512437831028 0.5627153299360497 0.733749196158762 0.5419219936708861 0.2362057988847712
1 0.0684721703925365 0.0562716336027028 0.0779692293619196 0.2299267087678761 0.6403675346006691 0.0753310829817159 0.2393244324566029
0 0.5391578067241682 0.6676805912461123 0.6627170130571932 0.5334387040291064 0.788183534151124 0.5406915787623067 0.2427405079586959
0 0.6703584580179546 0.7703874420117435 0.7206430986662847 0.6683142644915259 0.7340328973536169 0.6776191807313643 0.2372154626491461
0 0.5659963034676994 0.7194907719072433 0.7349504125174569 0.5258197397013796 0.8260805002795696 0.5779555731364275 0.7810909000295206
1 0.3114265622249603 0.3304079495507205 0.3025688980327943 0.4751142404003958 0.6040269120503937 0.3184259142053445 0.4647385459572506
1 0.310634606583348 0.3468508172872899 0.3191667035063333 0.4541453265869694 0.6350183887016172 0.3177228199718706 0.2351766334180816
1 0.3125704981517338 0.3406463902345544 0.3050982842698421 0.4754664788771563 0.6057587804760571 0.3172833860759494 0.258894308789438
1 0.4142928005632811 0.4687038437976117 0.4417975907834641 0.5293224232641495 0.6630786352953002 0.4301300105485232 0.5721031195524661
1 0.4297799331103679 0.4161702994235303 0.4049882919524589 0.5723188728894935 0.6020748524144556 0.4291632559774965 0.6258789817452138
0 0.438755430381975 0.6128554551228956 0.6453473566589732 0.390113233260856 0.8643121151729178 0.4461254043600562 0.5430811450313737
1 0.3708232353458898 0.3754434237694675 0.2848793051138232 0.6003230233970798 0.4724593488296119 0.3768706223628691 0.3561506092714558
1 0.3012191339552895 0.3177775260299438 0.2622059604410343 0.4991379531279734 0.5479702778035669 0.3131527074542897 0.7706671582024095
1 0.361319767646541 0.3976839976829679 0.3235221363859799 0.5454179898526444 0.5592883153852651 0.3720368495077356 0.2689049095112109
1 0.3286735961978525 0.3520571345520961 0.3217551624580467 0.4877957788478766 0.6084087520304573 0.3342455344585091 0.6953520755027488
0 0.5835073226544623 0.6661810094433239 0.6569970492891952 0.5917523637712948 0.748867713092445 0.5889414205344585 0.4136642431145629
1 0.1947450976940679 0.2379554924668252 0.2552212221871368 0.3129277258553364 0.7052115778128509 0.2043488748241912 0.5810127754326434
0 0.4697296954761485 0.5708877907431216 0.5748568463834732 0.4948249780760388 0.7677340170282689 0.4833893987341772 0.6281460956092559
1 0.4091890864284457 0.465366605549627 0.4893693523814484 0.4590574406988335 0.744394795607022 0.4082462025316455 0.1989798351235598
1 0.2515899137475796 0.1715982725571759 0.1552846723656925 0.4919922943583293 0.4494170889296706 0.2484680379746835 0.428698580680503
1 0.5429415947896498 0.6259981471318589 0.5962022754869184 0.5785630426572707 0.7240824181761449 0.5461405590717299 0.459595012941722
1 0.2956754444640028 0.2852087556767366 0.2199689694550876 0.5322618748016078 0.475440130633363 0.3094614627285513 0.5782907311011601
1 0.4366435486710086 0.5038916452104275 0.4446845052687776 0.5632655337452609 0.6386963845119119 0.447795253164557 0.2033154404717667
1 0.3163542862172153 0.3233323921276998 0.254650511414871 0.54272829875067 0.4993272129106026 0.3200957630098452 0.7530841611877503
1 0.2053925013201901 0.1595328107600803 0.2006674888260245 0.3611569108131591 0.621970576430011 0.2020638185654008 0.6559845298436552
0 0.4255561696884352 0.5743305766034882 0.6041310380322084 0.4119402616493763 0.8337065838126039 0.4356668776371308 0.8096187767986912
1 0.6338405034324942 0.7190631026503552 0.6235775153245418 0.7008717765261655 0.6559784283928272 0.6530987693389593 0.3774176253452205
1 0.2792203661327231 0.3806181573212556 0.3953513027243991 0.3538369599330024 0.7637517316215248 0.2932902953586498 0.7805641901871734
1 0.4461470163703573 0.527003349494213 0.5187590857034965 0.5114253085980781 0.7251320777015118 0.452101705344585 0.7015429646484705
0 0.6369203309276537 0.643565620649823 0.5738557021944288 0.7499079164787857 0.5859558787456572 0.6435191104078762 0.440271611905368
1 0.4009175497271607 0.47215710384852 0.4399310231878302 0.503358777383101 0.6816382069429601 0.410179711673699 0.4234398401294516
1 0.6495916211934518 0.6852956014749966 0.6258662168646459 0.720221696168104 0.6436386477625006 0.6572294479606189 0.781502730096048
1 0.3253297834888223 0.3173973934839759 0.3049161840833108 0.4879608558787084 0.5946919911850054 0.3266872714486638 0.5370864200677582
1 0.4699056856187291 0.5476756953715285 0.4808669498383721 0.5870712621741847 0.6455526711988826 0.4838288326300984 0.2428301502374028
0 0.5690761309628587 0.6970864783385061 0.716401905581942 0.5240218458795388 0.8188972418587995 0.5769888185654009 0.7279117243756609
1 0.438403450096814 0.478720553924747 0.3629312856012787 0.6480892300412894 0.5008298172710514 0.4528047995780591 0.2898284334164753
1 0.4313638443935926 0.4540933148402712 0.3601677240573331 0.6323146024347773 0.512780163050876 0.4383913677918424 0.3315525713384663
0 0.5928348002112304 0.6722903630742193 0.5853742306152279 0.6761105396627639 0.649195422457295 0.6092432665260197 0.5882452849137598
1 0.3254177785601126 0.3232004173268741 0.2769487524862706 0.5271719732041799 0.5350351783067923 0.3338939873417721 0.60015410595411
1 0.28150823798627 0.2816708963945298 0.2438200255219133 0.4802340115664439 0.5491539364172784 0.2891596167369901 0.5793808598725645
1 0.2742046470691779 0.3027868645266355 0.3054283103451644 0.3942101305823466 0.6745390469083646 0.2727247890295358 0.2676856434169162
0 0.4670898433374406 0.5654226804012386 0.5683614515262689 0.5046272807653542 0.7578337875089264 0.4722277777777777 0.1426948085262762
0 0.6026902481957401 0.7036392930827987 0.6919955985442092 0.5950639138710323 0.7649071248025386 0.6076613045007032 0.1424362061207927
0 0.4577623657806724 0.529965611720804 0.5457802147226283 0.4910836557256757 0.754460081295081 0.4690638537271449 0.8064078788705304
0 0.524198644604823 0.5763846459394159 0.5572897927321143 0.5914660607784565 0.6921170054427078 0.5284753164556962 0.2195316795258859
0 0.5464613976412603 0.6077969045154242 0.5666996042475756 0.6147160245742238 0.6814455832534646 0.5507985583684951 0.3749543472990722
1 0.3101066361556064 0.3561228930376055 0.4007560492794291 0.3784188205039988 0.7493136788083422 0.3136800281293952 0.6803359286003123
0 0.6129856715367012 0.7059996922067232 0.6879452933229596 0.6244442888647254 0.744450628560499 0.6252386603375528 0.6494178641987106
0 0.6192333215983101 0.7332511188753821 0.7084983669230794 0.6119495941018048 0.7628346753606658 0.633148470464135 0.4160173939005814
1 0.3435447632459074 0.3478276564113499 0.3180466002142018 0.5147335222034485 0.5819470726860115 0.344879834739803 0.6481174775779811
1 0.4691137299771167 0.5211792161288383 0.5052224836337476 0.5638055691906866 0.6792663532880671 0.4734581926863572 0.2052593832688801
0 0.7056444816053512 0.7691940288555593 0.7385681687701627 0.7011620515361074 0.722855837979448 0.7112798171589311 0.757918944563272
0 0.4406033268790706 0.4442719080813907 0.3236012254750364 0.6832820959839244 0.4294843755824367 0.4515743846694796 0.3450297225565585
0 0.5862351698644604 0.6700936836055313 0.6203117543385624 0.6348293659035027 0.6999353637092782 0.5964117967651196 0.2084815889067863
1 0.3148583700052808 0.3387613582198308 0.3001153461897801 0.4771742873510841 0.6002369013771859 0.3207988572433192 0.279818979853662
0 0.4221243619081147 0.4209700569539248 0.3907393998769479 0.5695597509285455 0.5933240838248198 0.4224838607594936 0.850116110153224
1 0.4169326527019891 0.4157742138796603 0.3618935260932266 0.5951080827012258 0.547725659676146 0.419759370604782 0.8395191473232002
0 0.6394721879950712 0.7580527129470291 0.7394648372489722 0.6148841203380544 0.7763560208689485 0.6638209563994374 0.8265095453211057
0 0.4327717655342369 0.5410647085843814 0.5499206749960122 0.4585558543789721 0.7781356962610266 0.4450707630098452 0.4925063479757036
0 0.4816090301003344 0.6408515161683743 0.6405069742209143 0.4686883111299511 0.8166625278958842 0.5029002637130802 0.3713227697924095
0 0.4918164583700052 0.597569099163525 0.6115577638702159 0.5052968039683621 0.7801079953426002 0.4971876230661041 0.7871472438172564
1 0.3074667840168984 0.3228254413054806 0.2211611642419763 0.5748461879322667 0.4328835555813059 0.3169318389592124 0.317743071781768
1 0.3509363492342897 0.3145988509126214 0.2729790009668377 0.5616616332387672 0.4985329891473929 0.3532290787623066 0.5943401404665707
1 0.2958514346065833 0.347447362723989 0.2837676640287512 0.4631227207641782 0.5992416789814591 0.312889047116737 0.3172363552812896
0 0.7351228304875902 0.802290859553462 0.7369020903879396 0.7639475670143804 0.6814040574943161 0.7493347925457102 0.6061845567253271
0 0.5631804611864109 0.6191443202655368 0.5159735549681465 0.695893568049695 0.5857733747789794 0.5763736111111111 0.6001082195957227
1 0.3598238514346066 0.3870758986437078 0.3566345898752225 0.5086857289612806 0.6179226873029313 0.3707185478199719 0.2645181736493722
1 0.4057572786481253 0.3775714570047589 0.2812320938711599 0.6781345206981501 0.3900879456971755 0.4164196729957806 0.5260238745799534
1 0.4926964090829079 0.5503633726645337 0.475850325664823 0.6185890590117472 0.6175001016363025 0.5008788677918424 0.7967905897920785
0 0.6782780144340785 0.7713536458038688 0.7333696071448337 0.6681617390347419 0.7408071793901683 0.6833318213783404 0.2110215627233821
1 0.299371237458194 0.3275038593669841 0.3371952729119396 0.4184680334383612 0.6775309953028112 0.2973330872011251 0.2299403444066698
0 0.5355500088012674 0.6451180568294987 0.625751814334591 0.5550339254994519 0.7558231032718373 0.5419219936708861 0.143876546134604
1 0.3670394472804084 0.4396834069171531 0.4372349965656099 0.4525568375068381 0.7177202531274454 0.3715974156118143 0.2210862437961117
1 0.3812946488294315 0.4178705022605407 0.3584137689094916 0.5630672506514418 0.5729356339948302 0.3939206575246132 0.4781388375250438
1 0.2558136771695124 0.2269566255496625 0.1355158175313408 0.5451207240925999 0.3676622909771953 0.2634087904360056 0.4941167952752511
1 0.461282168632283 0.4469542677084285 0.361278225999147 0.680196315336364 0.4694234319843022 0.4677455520393812 0.8160700710282617
1 0.0969825734905826 0.0808988726871786 0.070037537591109 0.3043805805708056 0.5586769445446924 0.1005545886075949 0.3072444368625744
0 0.5821873965851082 0.6998059004859223 0.6802261331371445 0.5830323563024088 0.7663943751007812 0.5856896097046415 0.28847052496791
1 0.3697672944904066 0.3350388309013039 0.2754787694791771 0.5932361504805711 0.4701503072473804 0.375728094233474 0.5376490195975585
0 0.3826145748987854 0.501093102639073 0.5343686030333314 0.3923706100212585 0.8125821858645961 0.3877685829817159 0.1393031511220393
1 0.4172846329871502 0.4668028587849862 0.3850231790082262 0.5926536938924775 0.5691232901402316 0.4230111814345991 0.2653143019673941
1 0.3522562753036437 0.3875564222774832 0.348844314603157 0.5109527974434163 0.6099804496708338 0.3623693037974683 0.2314206711042187
1 0.1591950888928005 0.1948790141621655 0.2457090505132053 0.2411473393245981 0.7560425965701936 0.1611085794655415 0.2138611089083074
1 0.2695409082907939 0.3392471995195736 0.2864366766822814 0.4203445731988563 0.6385473803173203 0.2776464486638537 0.2463319349017696
0 0.7892397993311037 0.919492056332117 0.8419704805867435 0.7432218995283875 0.750094293289142 0.8190290084388185 0.6691766940001912
1 0.2869639324062665 0.3228940875388771 0.312847387649868 0.4258836304903761 0.6538773645622973 0.2904779184247539 0.512582940809017
1 0.3407289209646189 0.3702740078836468 0.3551854369162757 0.4760538607664586 0.64385220880955 0.3468133438818565 0.5174949115945405
1 0.4602262277767998 0.4730072858377217 0.3911924534241358 0.649307209365983 0.524768545030257 0.4672182313642756 0.3023849076294938
1 0.3462726104559056 0.3185273169313379 0.3264874890213453 0.50338515157667 0.5987437188276363 0.3417159106891702 0.8316262020410073
0 0.3780388311916916 0.4583808038824793 0.5086888965678886 0.3945091440299169 0.798265569725226 0.3768706223628691 0.2215778833502627
1 0.3337773103326879 0.3254920090760093 0.3013024961993834 0.5060449731100243 0.5756655164638944 0.3331030063291139 0.3092090285209622
0 0.5892270022883296 0.6855648687426152 0.6985419293785219 0.5697162484024331 0.7836321015748741 0.5915780239099859 0.6892332934916358
0 0.741986446048231 0.8664568788017837 0.7973132983817676 0.722430932081209 0.7403092192363456 0.7571567158931083 0.1974752542080061
0 0.6626148917444112 0.7441233286576864 0.6861231523143884 0.6928217689023399 0.6991879000446055 0.6936145745428973 0.645973765242031
0 0.5776996479493047 0.6584454168747822 0.6568221094317143 0.5943618201277735 0.7471075792340839 0.579185988045007 0.6881307098515264
1 0.4411312973068122 0.4529843397739926 0.4049352404235856 0.5939625529685048 0.5839752047210621 0.4434009142053445 0.7412385977700342
1 0.4824009857419468 0.5309319766543223 0.4395936740487065 0.6398884446482056 0.5728497908288595 0.4855865682137834 0.833398562633722
1 0.2664610807956346 0.2932611522238173 0.2399283866830301 0.4593556597429829 0.5652533685523599 0.2792284106891702 0.293084234423915
1 0.2991952473156134 0.2811905339021473 0.2245082926035281 0.5366671595310335 0.4755828536206886 0.3032215014064697 0.7661855359066196
1 0.4758893504664671 0.4573564280474991 0.3578730013314365 0.7109289238328574 0.4367970966640815 0.4834772855133614 0.5900356722901267
1 0.3416968667488118 0.3293993655722493 0.2506016708063817 0.5830800205076538 0.4552422107571137 0.347692211673699 0.6378759701456085
1 0.3113385671536701 0.3775714570047589 0.4209141656385198 0.3641364002830231 0.7712155506335167 0.3112191983122362 0.3601260067063215
1 0.3841984861820102 0.3886283348233835 0.3295469023428726 0.5766950824537197 0.5362799042133692 0.3926023558368495 0.4110257775072855
1 0.4359395881006865 0.456775674467309 0.3959208743534068 0.6061134299309248 0.5664380740339491 0.444631329113924 0.8289559437425614
0 0.5224387431790178 0.605336275445085 0.5531348490658784 0.5884470100182392 0.6916968624677936 0.5318150140646977 0.6984430133796966
1 0.3709992254884703 0.3426898242385472 0.2767939917379316 0.5952742718968467 0.4694440203858968 0.3719489627285513 0.3898775743257741
1 0.450018799507129 0.4423288651652054 0.3561994371506606 0.6578880373555536 0.485574858557309 0.4546504219409282 0.4996603590080073
0 0.453978577715191 0.5126780408023932 0.4918512200711618 0.5458647623364741 0.6838429106933817 0.4580780063291139 0.7847980261476712
0 0.650647562048935 0.7453483255268887 0.6857858031752646 0.6664107150147252 0.7163453666480752 0.6620632208157524 0.3617716881739165
1 0.2803643020594965 0.3079139002261105 0.3588616149446428 0.3583070679815613 0.7384423048544597 0.2794041842475387 0.676393962655129
0 0.5801635099454322 0.6485606815484724 0.5837546943718321 0.6573549926602305 0.6617114258470331 0.5913143635724333 0.2387946088970794
0 0.8225899313501144 0.8863633196384102 0.7744560634401847 0.8500151401866188 0.6463863269854854 0.8395066279887482 0.3494208831743845
1 0.4838969019538813 0.5832436293303123 0.5461654078785886 0.5511751903235022 0.713674108780162 0.4998242264416315 0.6313496189441044
0 0.720779633867277 0.869635553919106 0.877165613421141 0.6163466170356547 0.8363495762478195 0.7274509845288326 0.1810458074672367
0 0.740666519978877 0.8054219979598642 0.7085356331810916 0.7798396074464793 0.653866197971602 0.7564536216596343 0.2455269570717729
1 0.4912884879422636 0.4807744621192817 0.3615016608124692 0.7202415562536226 0.4313813001768165 0.4947267932489451 0.3792239090671715
1 0.2687489526491814 0.2662841493473515 0.2884623988645352 0.4038185988369991 0.6540902276974282 0.2665727144866385 0.2441611823903412
1 0.3143303995775391 0.2740779139587482 0.2109664830217424 0.5750883220949112 0.4216059968908785 0.3214140646976089 0.5952208307879068
1 0.1474037493399049 0.1517707910030946 0.193568348042072 0.2752606110184342 0.6921368959323839 0.1494196378340365 0.2410417294192526
0 0.5468133779264214 0.635734954659441 0.5763421264571743 0.6344507532331735 0.6734202941030701 0.5664424050632911 0.7692064970870267
0 0.5535010033444816 0.6221223743486369 0.601191560222275 0.5979822342774985 0.7138255556664682 0.5697821026722926 0.3662398723218929
1 0.3702952649181482 0.4081759137779114 0.3422768282511955 0.5505865373887265 0.5705051557387864 0.3926902426160337 0.7318468073670862
1 0.4678817989790529 0.4752195960215257 0.3886904066252803 0.6625092409347391 0.5107757600210532 0.4772373241912799 0.4170506563635556
1 0.4816970251716247 0.583819226385928 0.5190334564939271 0.5828123065548612 0.6742326635761599 0.5009667545710267 0.1159928810612228
0 0.5827153670128499 0.7463567483639668 0.7819190791276975 0.4963864574398646 0.861744148268937 0.5868321378340365 0.3063948837130014
0 0.8170462418588277 0.8630825780334207 0.7573905582918549 0.8518368661110822 0.6347451561855393 0.8509319092827003 0.6539301320267092
1 0.3351852314733321 0.3367019712179359 0.2771285743862858 0.5495167937423449 0.5140978207529323 0.3465496835443038 0.4461349052281738
1 0.3732870973420172 0.4479259503079141 0.436647361379225 0.4519708855436932 0.7177827162441477 0.3770463959212377 0.3518236895553722
1 0.3585919204365428 0.3767634940605101 0.3314448777454775 0.5546135272091912 0.5578220024445764 0.3617540963431786 0.2733503143598449
0 0.2856440063369125 0.286924911511649 0.2722403479313903 0.4470937251823421 0.6039689853611614 0.2863472398030942 0.3454994022106241
0 0.6220491638795987 0.7098964133710286 0.6855216846741562 0.6305837562616478 0.7392714242135926 0.6372791490857947 0.3160151226287783
1 0.355688083083964 0.4082656695337843 0.3506737786755299 0.5038435223504425 0.617396461716411 0.3622814170182841 0.6219773302434709
1 0.3515523147333216 0.3619048073580274 0.2363041210402783 0.623105719100762 0.3985574557836711 0.3694002461322082 0.3712259168002418
0 0.4770332863932406 0.5225046040858482 0.5021328016485073 0.5669995475841532 0.6749124297847419 0.4856744549929676 0.770051461600761
1 0.3716151909875022 0.3954926358802473 0.314212569477224 0.5777862749924615 0.521598978052562 0.3764311884669479 0.3081764215773935
1 0.292419626826263 0.300764378903726 0.273641005934496 0.4700670777070043 0.584601929623841 0.2955753516174402 0.4068688011970867
0 0.514255201549023 0.6415062336479281 0.6414570196980992 0.5054946104201289 0.7948765094491744 0.5253113924050633 0.4201642096599943
0 0.6616469459602182 0.7728954466516098 0.7108362143580295 0.6748890649630191 0.7246117843662984 0.67753129395218 0.1543607596268758
1 0.2625892976588628 0.3407890003673147 0.3315597684797859 0.3786032809782969 0.7052199527558726 0.2728126758087201 0.8437187323947587
0 0.6542553599718359 0.833650424893976 0.7921769014313756 0.593127793853981 0.8132462490550127 0.6758614451476793 0.3453219203315755
1 0.3137144340785073 0.3466448785871003 0.3469354359722254 0.4376821100953514 0.6690049543509202 0.3160529711673698 0.652324928882406
1 0.4894405914451681 0.5128997713590917 0.3968347927158376 0.7040217449701225 0.4803893730031363 0.5001757735583684 0.5042835734953927
1 0.468233779264214 0.4725900907713753 0.4118758775599228 0.6403356937740876 0.5501058882740606 0.4728429852320674 0.6498272360674672
1 0.4647139764126034 0.4944398968069731 0.4158430253233372 0.6192250583903994 0.5713436969088185 0.4702942686357244 0.3130421782448268
1 0.2083843337440591 0.2105455026675041 0.172906242158685 0.4241165595212603 0.5374066830057261 0.2239476265822785 0.3428964985310969
1 0.2763165287801443 0.2405640493358921 0.2145272821115476 0.4965197583338663 0.5058554809958962 0.2753613924050633 0.3393183458559853
1 0.0001 0.0527126647980196 0.1936093571993606 0.0001 0.901945619552144 0.0001 0.7123410080561421
0 0.3653675409258933 0.3891193326477007 0.3462869379889123 0.5234465389222318 0.5973203274699331 0.3737945850914205 0.2743568644070436
1 0.331841418764302 0.3458315979768842 0.3065388122869782 0.5250410654683607 0.5630675084237368 0.3435615330520394 0.3423606114170722
1 0.3423128322478437 0.352041342695587 0.2714531999401016 0.5747845422268165 0.4843091952931782 0.3598205872011252 0.315584446379342
0 0.7957514346065834 0.8752432743937495 0.7769306080660966 0.7981107272430396 0.6819993763607642 0.7990787095639944 0.2636959884349801
1 0.1978249251892272 0.3040751899632669 0.3964185172224085 0.205721236537631 0.8640092214003053 0.1996908755274261 0.2456084053579106
1 0.2928596021827143 0.2726785621023745 0.2510827147307666 0.4822810303010318 0.5537664362863938 0.2950480309423347 0.5280712255632898
0 0.5958266326350995 0.6935328271997904 0.6295038267569917 0.6488046697620166 0.6958305947608441 0.6064308895921238 0.2103231067967848
1 0.5396857771519098 0.5411597820062216 0.4691552552679638 0.6994129340843007 0.5466142349459953 0.5468436533052039 0.3550485172709005
0 0.6270648829431439 0.6470981622660625 0.6094716670952872 0.6959574380847234 0.6504750439597949 0.6340273382559775 0.4210927528979343
1 0.4662098926245379 0.5098846547556133 0.4199973180505685 0.6348104591020889 0.5614752223817658 0.4838288326300984 0.5300454861329091
1 0.328849586340433 0.3321927516190294 0.3298414522424451 0.4831591638423286 0.6187266818329995 0.3293238748241913 0.8771921753189862
1 0.346712585812357 0.3278311375360646 0.2394824934648927 0.6045165201745336 0.42157808041414 0.3577991912798875 0.7094883514831062
1 0.1387802323534588 0.1203794808081697 0.1658359054256853 0.2773251066282787 0.6691386044833058 0.1351819796061884 0.2534575947197839
1 0.4273160711142404 0.3933330189319378 0.3267514447877026 0.6583352864814357 0.4570511984497671 0.4321514064697608 0.8225149739436282
1 0.2657571202253124 0.3214209329245325 0.3898188093897203 0.3122138749414507 0.7898962099990297 0.2688577707454289 0.2434461745987541
0 0.5935387607815525 0.6608056548573138 0.6134017113354406 0.6636765373211888 0.6758385589005409 0.5981695323488045 0.1497005082930777
0 0.6583911283224785 0.747307321440976 0.6896133245221966 0.6746777536530997 0.7130871648567354 0.6745431434599156 0.6091357050890447
0 0.6385042422108783 0.7327705952416065 0.7025922345997715 0.6348403286707092 0.7455864802077959 0.6496711849507736 0.422968030037318
1 0.3420488470339729 0.3777034318055846 0.4146479013109279 0.4105181206455501 0.7344544361523679 0.3396945147679325 0.5239439115061916
0 0.5374859003696533 0.7407860904097017 0.6532798621035395 0.5462127110347624 0.7756308903856666 0.5673212728551336 0.1179305964239836
0 0.5409177081499735 0.6510741649956991 0.6556764567836529 0.5342256400577011 0.7842378891200991 0.5453495780590717 0.2741277603748092
1 0.3660715014962154 0.3453828191975197 0.3043248059976496 0.5616730726480259 0.5276184683492966 0.3654453410689169 0.6472598943156902
1 0.4219483717655342 0.4168461264255605 0.3415368733377388 0.6290478566879703 0.4988948564771154 0.4274934071729958 0.3410331846208643
1 0.4481709030100334 0.4766031560213903 0.4215120531142268 0.5926970683192504 0.5979159952923405 0.4553535161744023 0.7551852647623407
0 0.5691641260341489 0.6430693051595385 0.6262829805623285 0.5955793228104147 0.7296957237363347 0.5769888185654009 0.6187683988735269
1 0.3585039253652525 0.4925970838372023 0.477392725636176 0.4118911675179739 0.770009209882455 0.3741461322081575 0.24368019502653
1 0.2963794050343249 0.334811782678638 0.3364782635983944 0.4180833833020342 0.6773338351858457 0.2984756153305203 0.8289092379849171
1 0.4145567857771519 0.5197429628934792 0.5947098350841671 0.3879770824624599 0.8436448495315026 0.4138709563994374 0.8661878071784227
0 0.5683721703925365 0.6757805245041131 0.6761234273260263 0.5637734752924883 0.7762227196925223 0.5810316104078762 0.6948696132202752
0 0.614217602534765 0.6759600360158589 0.6031170377978234 0.6982839279427312 0.6446809792127235 0.633148470464135 0.5217107207713859
1 0.5160151029748283 0.5290996378750934 0.4885424971108803 0.6389516841344575 0.6106518409363942 0.5175773558368496 0.7307479929635585
0 0.6160654990318606 0.7552435350437401 0.6712259249903153 0.6522415767215485 0.7174930827979861 0.636312394514768 0.1667435211974276
0 0.6739662559408556 0.8374891351568196 0.8105101102911256 0.6174038091079885 0.807710062761813 0.697042158931083 0.3792040796051541
1 0.3829665551839465 0.506172601627628 0.5461987685025734 0.3857600613958314 0.8224740404409173 0.3947995253164557 0.5592395344979545
0 0.5285983981693364 0.6591265615427797 0.6500162166693252 0.5176985535310549 0.7915893443132185 0.5381428621659635 0.1517794880877312
0 0.5229667136067594 0.6412791854252622 0.6432902266697484 0.5238720213943854 0.78447797082005 0.5379670886075949 0.8235062831646481
0 0.3812946488294315 0.4706575220457317 0.4958286201238985 0.4151717358843022 0.7778834011025026 0.3850440928270042 0.1455577895299493
1 0.2173598310156662 0.2773727720203872 0.3436211800304049 0.2688461211572482 0.7944354291167066 0.2192896272855133 0.1375956869504726
0 0.5540289737722233 0.6363052340490892 0.5519076663074934 0.6536470352535388 0.6435880491484121 0.5693426687763713 0.6053776123371138
1 0.2763165287801443 0.2761742023396286 0.2541841136180893 0.4610285144663977 0.5761840650193116 0.2806345991561181 0.4501514365057367
0 0.4677058088364724 0.5363969258548125 0.5129126770338589 0.5455433467124388 0.6974138079478751 0.4744249472573839 0.3771695112502256
1 0.4655059320542158 0.5861900997003944 0.5759774378798582 0.48450837861213 0.7750013738352137 0.47020638185654 0.1663313633711977
1 0.3712632107023411 0.3549876519242761 0.3291161434565915 0.549244631130396 0.5606321447842637 0.3696639064697609 0.8078339613372715
0 0.6604150149621545 0.7877911958744709 0.7862378966883364 0.6031603146546295 0.8049585450232766 0.6713792194092827 0.5192177804721373
1 0.3515523147333216 0.3697090461599658 0.3385515043279826 0.5118266412062409 0.6011218536897956 0.3598205872011252 0.5732066864716838
1 0.3813826439007217 0.4000284438089905 0.2865787441200311 0.6180904914248847 0.4566544355241215 0.3921629219409283 0.363493573772405
1 0.4588183066361556 0.4776961780897669 0.4338836371005283 0.5979169343163129 0.6030494864085878 0.4594841947960619 0.6239743701124326
0 0.4442991198732617 0.5079627213619042 0.4560435536334545 0.5590812520474878 0.6499327663991501 0.4548261954992967 0.340590545142277
0 0.579107569089949 0.6949901899576258 0.6577264264438274 0.5988474984833791 0.7447175798693108 0.5973785513361464 0.7026324379004693
0 0.5035198028516106 0.61169910448709 0.5388319290529873 0.5755466928686839 0.6920273237611854 0.51634694092827 0.2438409611607375
0 0.5550849146277064 0.6942985710990865 0.623415106042899 0.5965542146883588 0.7274491452708056 0.5750553094233474 0.4283908143196044
1 0.4113009681394121 0.4218677756540466 0.3400372726059371 0.6019154844943148 0.5225676797953871 0.4151013713080169 0.2993667324065603
1 0.4006535645132899 0.4305009257813174 0.3646797077675813 0.5911114390914338 0.5536135935762506 0.4115859001406469 0.3651925161916998
0 0.6667506600950537 0.7430354631138841 0.7214736968361292 0.6585643924279799 0.7405911756514042 0.672170200421941 0.5928445729428431
1 0.288459848618201 0.2997612737326152 0.2357088373205897 0.5011028305488558 0.5217095970916381 0.3078795007032349 0.4298221409415896
1 0.2765805139940151 0.2620230874935873 0.2374985941136832 0.4799724939603331 0.5436498540723279 0.2802830520393811 0.6696181863198187
1 0.3951978700932934 0.3601623854760641 0.3081152238213205 0.6120339597450885 0.4836273353488408 0.4015668073136427 0.3774872742820586
0 0.6858455905650414 0.7535960254422241 0.7163415309892672 0.6962524795151899 0.7139120967443575 0.6927357067510549 0.8161087466731881
1 0.3838465058968491 0.3764308982254622 0.3437017337322217 0.5634792282654426 0.5603285530997327 0.3864502812939522 0.6186276260811883
0 0.453978577715191 0.5382239469680742 0.4855091213495363 0.5807038009955072 0.6535919185876463 0.4695032876230661 0.7961258931148663
1 0.2766685090653054 0.2460396338683169 0.1931683460237575 0.5238702737068598 0.4563306043939552 0.2785253164556961 0.6949608942974959
0 0.4549465234993839 0.4780921024922439 0.3557805579012132 0.691885167269276 0.4530605381000014 0.4722277777777777 0.6776925465974933
0 0.5073035909170921 0.6184367484090953 0.6391901246146484 0.4900788942791114 0.8031701457322177 0.5087007911392406 0.1490136878359287
1 0.3937019538813589 0.3872449359649118 0.2948983955375716 0.6339981021640303 0.4492558712765059 0.4043791842475387 0.3570255637979934
1 0.3196980989262453 0.2918302166544255 0.2708297631084649 0.5071746147743305 0.5481950054413116 0.3163166315049227 0.3288796909623983
1 0.4170206477732793 0.451326355981935 0.4383070931061535 0.5275277070559916 0.6620708504850411 0.4153650316455696 0.7431817211678907
1 0.1981769054743883 0.2813752019384674 0.3296598402601672 0.2489647456268282 0.8006597565615099 0.1994272151898734 0.191288953698123
1 0.266285090653054 0.3059337947895467 0.3213971460055275 0.3733468724238799 0.7024715756209693 0.2642876582278481 0.188469564734918
0 0.6612949656750572 0.7801031400168491 0.7164930370425832 0.6631175950743492 0.7351104733557222 0.6850016701828411 0.6248139265910713
0 0.7047645308924485 0.8194886747160001 0.8090882967703712 0.6442411398711777 0.7919156181350995 0.7190138537271449 0.7654498792537582
1 0.3519922900897729 0.3231158180955756 0.274068510125754 0.5752344923243292 0.4864123528594634 0.3563051160337552 0.542517070582911
1 0.3968697764478085 0.4208063372986881 0.34283598485613 0.5799759685814162 0.5448907414633534 0.4129042018284107 0.4159628219100706
1 0.1789939799331103 0.163281765267051 0.1817477839231477 0.3427737801342731 0.6229570749267569 0.1788617088607595 0.858055761193061
0 0.5371339200844922 0.6275557398361089 0.5772109672935378 0.5862231570821923 0.707813044488918 0.5442070499296765 0.2154941716273459
1 0.4264361204013377 0.4439286769144082 0.4217654311217597 0.5610423163319507 0.6238929748094144 0.4239779360056259 0.2466862431404611
1 0.3624637035733146 0.3855552073184431 0.32018379570099 0.5688072920084113 0.5352148906257962 0.3659726617440225 0.7765220936527947
1 0.379182767118465 0.4074894514439464 0.4199901577215181 0.4716258560991995 0.6924848050237372 0.3802982067510548 0.414513796264136
1 0.4310118641084315 0.4215456540095404 0.3109721951124233 0.6819940502775208 0.4177964446839536 0.4419068389592124 0.5068115840828374
1 0.3055308924485126 0.3071958541791274 0.2490931196632669 0.52374968326759 0.5124538892289952 0.3108676511954993 0.3021540009188942
0 0.5256065657454674 0.5760043522520549 0.5348110788216949 0.6065516228578103 0.6670518478471044 0.535154711673699 0.4689400975870257
0 0.4141168104207006 0.5862534282678235 0.6689608199891272 0.3370974499316477 0.9025566414367576 0.4235385021097047 0.6624430347866865
0 0.677750044006337 0.7511249221813433 0.6640974919511567 0.7235682000183544 0.665339869911117 0.6919447257383966 0.259373985114438
1 0.417900598486182 0.4594949354733323 0.4330283032485098 0.5398805213679662 0.6488018001352824 0.4223959739803094 0.4702858789265886
1 0.3747830135539517 0.3905978049280126 0.2731956009206118 0.6238079717247048 0.4373121556599065 0.3873291490857946 0.3300856827887308
1 0.4707856363316317 0.4414575736535273 0.382074913521731 0.6681530005971136 0.499770386978826 0.47372185302391 0.7978053338318464
1 0.3514643196620313 0.3314165335291915 0.2675923179691849 0.5808018303776277 0.4746103133623118 0.3584143987341772 0.4375181026424192
1 0.3614957577891216 0.4444936386380893 0.3685723230149713 0.5070591085169535 0.6283411164217321 0.3781010372714486 0.2631904190934615
1 0.1470517690547438 0.1479161277423491 0.1489835828013555 0.3201965171551967 0.6160348355634916 0.1490680907172995 0.7452107176078722
1 0.2395345889808132 0.2883610036056152 0.327036881541211 0.3214674037477121 0.7461406222710548 0.240821888185654 0.2678296938062824
1 0.3116025523675409 0.3055378703870697 0.2828246161458655 0.4832802309236509 0.5804720358463421 0.3137679149085794 0.3100184311069463
0 0.6911252948424573 0.7400309818423403 0.6487706448840609 0.7518888408487674 0.635785393900007 0.7046883087201126 0.3502250416051243
0 0.6269768878718536 0.7085711865554117 0.6563085185571004 0.6676738164537174 0.6987660122898952 0.643079676511955 0.1891308199352512
1 0.2796603414891744 0.3001625158010595 0.256164921009027 0.4679185342152445 0.5715747057538293 0.2877534282700422 0.2631877970158394
1 0.4845128674529132 0.6683776889120119 0.6428272463027407 0.4810056950493602 0.8103753883784194 0.5071188291139241 0.1073564128933022
0 0.3899181658158774 0.4738837338739741 0.478579550176277 0.4539139963108471 0.7417064388971065 0.3895263185654008 0.1779330735700548
0 0.6130736666079916 0.7209374993331441 0.7097305944587499 0.5936090434462711 0.7746475324925536 0.6233930379746835 0.5227916722711128
0 0.4959522267206478 0.6244088095731978 0.6008831778688551 0.5235854006401789 0.7629016749048382 0.509228111814346 0.122225395689196
0 0.7834321246259461 0.8701531400732598 0.8218128524319063 0.7632483331234364 0.7280490005647237 0.7981119549929676 0.7075655491868212
1 0.4744814293258229 0.4364834611359613 0.3231934121886668 0.744641180679899 0.3669486760405679 0.491123435302391 0.561753779177883
1 0.1951850730505192 0.2876535928905668 0.3683970576879881 0.2165856566004889 0.8433632420724033 0.1952086497890295 0.5640633379234334
1 0.3863103678929766 0.3410740594914423 0.2493359199119754 0.662992397095239 0.3705799117523257 0.392778129395218 0.4581153417635786
1 0.3383530540397817 0.33203434962976 0.2612035143739806 0.5715208152130082 0.4774584919015552 0.3396066279887482 0.3473201073594969
1 0.3539281816581587 0.3144298135914174 0.2012287609827238 0.6550520171434768 0.3223674585130525 0.3637754922644163 0.4516207832532429
1 0.3130984685794754 0.3049517991409123 0.2248339248405694 0.5608462575677097 0.4512752794125756 0.3250174226441631 0.5021473996326062
1 0.2674290265798275 0.2790518653349212 0.2668063091211542 0.4444234175238338 0.6018661767508354 0.274921958509142 0.6238642428523028
1 0.2429663967611335 0.2601009929584853 0.2447677927125822 0.424743502700916 0.6011822230707426 0.2523350562587904 0.4292669160051016
0 0.3883342545326527 0.4717663359706174 0.4886905857344223 0.4432899627231081 0.7548917398166498 0.3940085443037974 0.7108188919964903
1 0.309314680513994 0.3009915882677848 0.2871665420411671 0.4718335131533835 0.5943269832516497 0.3076158403656822 0.3313188786703931
0 0.5004399753564513 0.5645778160780042 0.5615083656860479 0.5452344826624512 0.7267651915907128 0.5029881504922644 0.2613131753958613
0 0.6663986798098926 0.8404989340943307 0.8652112813367753 0.5479669126684621 0.8670807317534566 0.6728732946554149 0.3836642336404127
1 0.4138528252068297 0.4164131395027052 0.3465689573126467 0.6218735993951792 0.5101221655094135 0.428284388185654 0.3231940433984924
1 0.4862727688787185 0.4818992290420694 0.4089152442323405 0.6701836546212341 0.5215738532234973 0.4861138888888889 0.4939255474886863
1 0.3527842457313853 0.4018501472562849 0.3575647817127678 0.5001674999612651 0.6257389518337464 0.3580628516174402 0.4646620140666544
1 0.2368067417708149 0.2791469387567614 0.2398831464222118 0.4077060914167801 0.612444776654923 0.2429311708860759 0.2539747995307509
1 0.38411049111072 0.3918123276066731 0.3548007319645688 0.5618460937130653 0.5710237042942036 0.3848683192686357 0.3545072221217802
0 0.906889209646189 0.9046966981970634 0.8322662819064609 0.9032484311724284 0.6455739575123955 0.9087614099859354 0.8202852246857016
0 0.4971841577187115 0.598699022610887 0.6191945802719516 0.5008630795964736 0.7867423460394999 0.5049216596343178 0.6816513921673693
0 0.5436455553599718 0.6812667443684726 0.6795625008219749 0.5229786353074102 0.802581457028995 0.5563354254571027 0.1665034372151505
0 0.6099938391128322 0.6710283036846387 0.6032055655024463 0.6876826142928256 0.6523859267925439 0.624271905766526 0.3991723478567029
1 0.2932115824678753 0.2780856615427958 0.2528068894191486 0.4925873025204709 0.5456458821591292 0.2910052390998593 0.7056247201068842
0 0.55297303291674 0.6399326879457761 0.6133986193751689 0.5871928058975595 0.7280451620491722 0.5650362165963432 0.6343766436790125
1 0.3458326350994543 0.3351285866571767 0.2774599023396172 0.5686913091089818 0.4960250426683997 0.3567445499296764 0.4147401143388969
1 0.3095786657278648 0.3426476051935945 0.2854002190522385 0.4885034334150805 0.5779532717326128 0.3164924050632912 0.2967435076254616
1 0.2991072522443231 0.3079720722689653 0.2433894293703835 0.5236557847832572 0.5071009048143915 0.3127132735583685 0.3361510399682927
1 0.3181141876430206 0.3436403973155565 0.3132993020537978 0.4745683263696566 0.6130819702364789 0.3291481012658228 0.397935874378013
0 0.6712384087308573 0.8219335119298302 0.7900393804750853 0.6139910520124476 0.8005128461026736 0.6957238572433192 0.7978648222178986
0 0.6694785073050519 0.7719503523819609 0.6849153349913896 0.7163572412875248 0.6827695221627871 0.6911537447257384 0.3079115917375575
1 0.4564424397113184 0.4544892392427482 0.3592036833915497 0.6748564944227683 0.4724893590421057 0.4587811005625879 0.3331359784625355
0 0.5517411019186763 0.6909824423735782 0.6585523053058886 0.5562202875679997 0.7720704927336326 0.56890323488045 0.3904872073729213
1 0.3144183946488294 0.3578706325855361 0.3820913497315967 0.4055294260439258 0.7177579403710423 0.3199199894514768 0.7277281789421112
0 0.5889630170744588 0.645471762187023 0.5695933535924372 0.6933606921829767 0.6259458827175705 0.6037942862165963 0.8169253599726332
1 0.3798867276887872 0.3998858336762302 0.4313921680604973 0.464801930714959 0.7049983657217609 0.3763433016877637 0.5050613472700597
1 0.234166889632107 0.1756851405651617 0.1913510870577205 0.4314331739070497 0.5476670350749953 0.2308027953586497 0.7041104702800989
1 0.2413824854779088 0.286222496179782 0.2813834371897248 0.3649206353399872 0.6812302774266191 0.2494347925457102 0.2529695605223633
1 0.3307854779088188 0.3621054283922495 0.330895810695114 0.4897598618653384 0.6139379592044726 0.3327514592123769 0.8662181249509286
1 0.3614957577891216 0.3456098674201855 0.272115530377262 0.5980638989491516 0.462021029221135 0.3727399437412095 0.5103417199614936
1 0.2674290265798275 0.4257329131053339 0.4953863070702861 0.247681466340949 0.8828214371624484 0.2720216947960618 0.0373292413582391
0 0.4075171800739307 0.5167120544334917 0.5289840355874434 0.4322660264533637 0.7842574306538159 0.4189683895921238 0.2406244913176297
0 0.4742174441119521 0.5829426172082826 0.6056456103611155 0.4908696434441258 0.7861889018881596 0.4783798523206751 0.4408106127365689
0 0.5515651117760958 0.6121743104548981 0.567847697916904 0.6157500200666718 0.6814256927637884 0.5524684071729957 0.2712000468298395
0 0.5769076923076922 0.6767786342920424 0.6859109461988951 0.5628444999322635 0.7816294433248473 0.5823499120956399 0.1246296769888462
1 0.5136392360499912 0.5273676901836719 0.3748286605227434 0.754159086944586 0.4117629961488497 0.521268600562588 0.3727662235233971
0 0.4830169512409787 0.6210504618027367 0.5720893792055002 0.5415006277042432 0.7353404353328554 0.4975391701828411 0.1496306954763883
1 0.3892142052455554 0.4071199542299132 0.3399899167933539 0.5816518420378298 0.5409199716032639 0.3933054500703235 0.2791047914613319
0 0.7040605703221264 0.7884829758744032 0.7653237146754257 0.6793930145973018 0.7502572557221029 0.7087311005625879 0.8524613947063759
0 0.5982904946312269 0.7279656811866376 0.7283004196466647 0.5546306863230794 0.8065927057803554 0.6113525492264417 0.4659230695230519
0 0.5275424573138532 0.6529327698219789 0.6777403598134036 0.4951629172912257 0.8181721113755175 0.5305845991561181 0.0967211021780547
0 0.55957266326351 0.6153478290476461 0.5796651700755565 0.6334197764737244 0.6762398582536566 0.5729460267229255 0.6337488199683615
0 0.593010790353811 0.6832890688499891 0.6752939682994398 0.5993800665366498 0.7536428264385621 0.6020365506329114 0.8102531557033974
1 0.3234818869917268 0.3481391427239213 0.3730525734487461 0.4220420544283144 0.6992789775499648 0.3244901019690576 0.5930623692653321
1 0.0249146101038549 0.0743249484204098 0.1840919780133925 0.0840780538546403 0.8378978938389274 0.0257629395218002 0.7488832650773808
0 0.5271024819574018 0.5251183174794894 0.4677269323571635 0.684434457586064 0.5579929908645996 0.52627814697609 0.8319175804167676
1 0.4706096461890512 0.5052486168804554 0.417202348699652 0.6544493827084962 0.5423412692252116 0.4834772855133614 0.7160602612832949
0 0.7267632987150149 0.8576018369764213 0.8453766816629611 0.6471832923802664 0.8064192746686175 0.740721888185654 0.1848471644999328
1 0.4281080267558528 0.4219733232664285 0.3823802039148792 0.597804764553303 0.5625123194926004 0.4274934071729958 0.2866080304569343
1 0.4295159478964971 0.4149030835093752 0.3512950999554017 0.623888683112253 0.5125299616281075 0.4337333684950773 0.6548789963662208
0 0.6465997887695828 0.7519855783610867 0.7498364111437007 0.6089797963536739 0.784828322603118 0.6533624296765119 0.4430123385399088
0 0.5562288505544798 0.7260277947950267 0.7179210344838812 0.5049315372755013 0.8304731578943694 0.5819983649789029 0.08369134295424
0 0.8610437775039607 0.9769151139924658 0.9999 0.6969100866668866 0.8429943956234961 0.8616540963431786 0.8900526466563216
1 0.2435823622601654 0.2858212541113378 0.2976157404121919 0.3621009798383781 0.6950440480287373 0.2541806786216596 0.5074926687451882
0 0.4245882239042422 0.485785476015833 0.4322099101850012 0.556226007272629 0.635338381316232 0.4423462728551336 0.4189229836656143
1 0.3167062665023763 0.2757781167957587 0.2070841200636745 0.5825820884435279 0.4093485698669304 0.3226444796061885 0.7198976718832955
0 0.6851416299947192 0.790478873167476 0.7892857558425324 0.6292083261789616 0.7914630222559769 0.6922962728551336 0.2271919154191139
1 0.3880702693187819 0.4322486653292479 0.3924538104802612 0.5246823128835502 0.6316980727495343 0.392778129395218 0.3550349152432357
0 0.6370083259989439 0.7068761402429756 0.655401597788969 0.6888006576671888 0.6839395714940886 0.6457162798874824 0.6885967841488616
1 0.1267249075866924 0.159971115348903 0.1332538044904244 0.2997018621839579 0.6217643434581054 0.1384337904360056 0.3516113012679789
0 0.6842616792818166 0.7724888869171982 0.6702301510480587 0.7461545191964274 0.65346315383869 0.6997666490857947 0.2442562327041437
1 0.2659331103678929 0.2333247722576347 0.2060199975259369 0.4675011546579826 0.5262770816420126 0.265693846694796 0.6865605769954192
0 0.5624765006160887 0.7548158657868521 0.736767996952996 0.5037958581451976 0.8392228796161275 0.5757584036568214 0.4045307273573956
0 0.410948987854251 0.5629040404294374 0.5857110915500982 0.4063803909882329 0.8285504105590067 0.4276691807313643 0.2117255905649265
0 0.5895789825734906 0.6708223649844491 0.596853539961001 0.6749781970268272 0.6574332257868611 0.6076613045007032 0.2647698931010975
1 0.3913260869565217 0.3726766260525242 0.2745625728302304 0.6461108477622542 0.4160213057193456 0.3982271097046413 0.6845687812817017
0 0.7035325998943848 0.7983939772477637 0.727155255202857 0.7086145089068451 0.7119090895383715 0.7195411744022504 0.194629808348431
1 0.2661091005104735 0.2747748504832549 0.2653989789932516 0.4216329366666282 0.6208689224667187 0.2689456575246132 0.5215511017961383
0 0.6580391480373174 0.7379084274144091 0.6429211442541514 0.7300462421532004 0.6475755688945447 0.6732248417721519 0.2210592036206333
1 0.4602262277767998 0.4115869547838669 0.3184749180792156 0.7108127820527439 0.3965485163263781 0.4586053270042194 0.5744557786989304
1 0.3511123393768702 0.3613927000112338 0.2937127101407286 0.5604528689937543 0.5191001044285087 0.3553383614627285 0.3017141473977804
0 0.6836457137827847 0.775905245589121 0.6716024932044651 0.7353477728219159 0.6618077376917809 0.7111040436005627 0.2098539187822733
0 0.5389818165815878 0.6311305004973012 0.5284268317995228 0.6412908844471972 0.6369596307028192 0.5645967827004219 0.2310734096991367
0 0.6109617848970252 0.7802140052951984 0.7865212178900799 0.5287771447561469 0.8462543421946321 0.6224262834036569 0.12023376385533
1 0.3633436542862172 0.3101845435941622 0.2699617359458571 0.5853652013877826 0.4724513228425496 0.3630723980309423 0.8164517472021343
0 0.6491516458370005 0.7547472195534556 0.7121379296324388 0.6515777732231699 0.740077163523457 0.6741037095639943 0.2683713167151055
0 0.4780012321774335 0.5653910966882204 0.589393778968511 0.4845639868515825 0.7819107018279875 0.4804012482419128 0.3434150143808749
1 0.2896917796162647 0.3970345978693813 0.3645268998362561 0.405662091415191 0.7062249459184579 0.3101645569620253 0.1330940713128139
1 0.3792707621897553 0.3587683512856578 0.317126986135481 0.5741722160701026 0.5275657759994528 0.3816165084388185 0.3159405572963987
0 0.3995976236578067 0.5505746290306905 0.6221877605497629 0.3566561387925592 0.8734896569006931 0.4021820147679325 0.812967661561717
0 0.4201004752684387 0.4755998897088865 0.48138965385905 0.4930801504027041 0.7156362881389178 0.428284388185654 0.7416828760471355
0 0.5593966731209294 0.6686891752245834 0.6113808711957212 0.6179724430765613 0.706175394172247 0.5832287798874823 0.1604241502482211
1 0.3140664143636683 0.2953943419836831 0.2775713756441516 0.4925486945142224 0.5675850922719414 0.3185138009845288 0.3710646590264802
0 0.4675298186938919 0.5180480777224361 0.5379984016576222 0.5200619037077854 0.7304103855408398 0.4658999296765119 0.8556567240486552
1 0.3840224960394297 0.3778724691267887 0.2853393562553102 0.6357140135528497 0.4378261677878537 0.39488741209564 0.6020011957590556
1 0.4254681746171448 0.4519759169369145 0.3454019864121854 0.6415204670357938 0.4908329269510016 0.4396217827004219 0.6575805557162809
1 0.4352356275303644 0.4787099185928124 0.3825403349100059 0.6300781979246827 0.5343780942355603 0.452453252461322 0.511877765808513
1 0.3020110895969019 0.2771774686521323 0.2096338481446155 0.56066862896283 0.4353653303633567 0.3135042545710267 0.5675338215361859
0 0.5855312092941384 0.649944241548337 0.5953065834166159 0.6572984311366731 0.6690764903225626 0.5977300984528833 0.3261815730892172
1 0.3780388311916916 0.413266048098401 0.3985902124764394 0.4869956557224975 0.6661707340500461 0.3776616033755274 0.2253081165274583
0 0.681093856715367 0.8460908627124651 0.8124002744256755 0.6112026960056159 0.8119987315007619 0.7010849507735584 0.4514169167181215
1 0.4186925541277944 0.4095330465893323 0.3165725488383297 0.6474135104915997 0.4576576839069106 0.4238021624472574 0.5200507817567205
1 0.3989816581587749 0.3991519957727381 0.3441625985474646 0.5938937576322678 0.5335081470291975 0.4042034106891702 0.356995082145636
1 0.4356756028868157 0.4895768107091494 0.5064130510731248 0.492870269018942 0.7308022630830563 0.4363699718706048 0.6088476043103122
0 0.5875550959338145 0.6939500222661367 0.6530834412589075 0.6073371289602476 0.7367481236723933 0.5982574191279888 0.5217138344885622
1 0.3381770638972012 0.3653844945973794 0.3420965181469267 0.4847521015816161 0.6268283923384657 0.3432099859353024 0.5406555593510436
1 0.339760975180426 0.3697249991578678 0.3210272499161748 0.5023865864767875 0.5952025137533602 0.3440009669479606 0.2768262060076931
1 0.2442863228304875 0.3624592948911667 0.3116232968517547 0.3791391855259347 0.6911308559019209 0.2609479606188467 0.3015543645426812
1 0.2672530364372469 0.2141362163265983 0.2251414935202336 0.454009324721337 0.5570459243912468 0.2637603375527426 0.3848464628882946
0 0.6168574546734731 0.7506708257360115 0.7129649476377581 0.6204482807776699 0.7598636643237731 0.6385974507735583 0.5283907912734881
0 0.5368699348706214 0.755074497722536 0.8192678436587486 0.4125324099592032 0.917932687868353 0.5547534634317862 0.8118360711879126
1 0.3805906882591093 0.3504518439955329 0.3075684350574731 0.5797028526853625 0.5137561928688451 0.3795951125175809 0.5420513240452786
1 0.465241946840345 0.5580567461881228 0.5230709056698363 0.5373682999901871 0.7094873351813085 0.4685365330520394 0.2389096525527507
1 0.388774229889104 0.374825607668899 0.2639187436968361 0.654885827947856 0.3954496540107597 0.3981392229254571 0.3916655035043702
0 0.5994344305580004 0.7682594087764519 0.7042939518924954 0.5984687269323656 0.7689927011732152 0.615395341068917 0.1223052051768199
1 0.3734630874845978 0.3988614578412501 0.3326339805720945 0.5534243052883288 0.5598937539745309 0.3856593002812939 0.2776941137006211
0 0.7150599542334096 0.8092239679851153 0.7413525603622549 0.7120905005146778 0.7174320155051206 0.7241112869198313 0.775079459321064
1 0.4568824150677698 0.4632387334557286 0.3707687539511763 0.6564086993054333 0.5002973104772648 0.4598357419127989 0.8075352083681989
1 0.2394465939095229 0.2981137641310992 0.3473281149267385 0.3096373068865909 0.767287004444494 0.2373064170182841 0.188903518581382
1 0.4281960218271431 0.478704600926845 0.4836834001764397 0.4996257168283137 0.7123428417956956 0.4293390295358649 0.4944476686951948
1 0.3703832599894385 0.3709764232155138 0.2567470232138729 0.6304679322429024 0.413138231584179 0.3769585091420535 0.475958088342681
0 0.488736630874846 0.6225871061259034 0.6097173965695163 0.501579790362674 0.7815142878583011 0.5046579992967651 0.1139352056472492
1 0.4779132371061432 0.4870844367843991 0.4106740814227164 0.6570461286102429 0.5346084051686527 0.4841803797468355 0.7081265099181077
1 0.4788811828903362 0.5270404120145914 0.4070369597346241 0.677302621435941 0.5136382457546251 0.4965724156118143 0.7658400771799029
0 0.5573727864812533 0.6316321336535531 0.5978919504080576 0.6175305958939402 0.6985063890562274 0.5708367440225035 0.826358939737684
1 0.3922940327407146 0.4300099279570001 0.4344229400658231 0.4893105472905623 0.6886148834358654 0.3959420534458509 0.5554532544115856
1 0.5030798274951592 0.5594507803785291 0.5173637979471787 0.6103979653403965 0.6526982423760557 0.5116010548523207 0.4592582398471285
0 0.4103330223552191 0.5284818217745249 0.5367842376793288 0.4396638288687537 0.7835274147871047 0.4261751054852321 0.1265496933276575
1 0.3270016898433374 0.293836749279433 0.2258018711403803 0.5881117717746828 0.4239907619162631 0.3278297995780591 0.3344276794511418
0 0.4571464002816405 0.4961031982649981 0.4452711640466556 0.586003583976697 0.6211156343298949 0.4673940049226441 0.2963882161076617
1 0.4865367540925893 0.4063912728509954 0.3160806016856182 0.7583217608693147 0.3447390250593518 0.4839167194092827 0.7566565780680634
1 0.4296919380390776 0.4403803434416597 0.3050636217678482 0.6992858295369807 0.3940088148550949 0.443576687763713 0.3641956350557327
1 0.376190934694596 0.413815217965573 0.3956761212876847 0.5025939257696032 0.6517933995737697 0.3798587728551336 0.6396642270839074
1 0.4157887167752156 0.5048578490025528 0.3905112457558425 0.5722947230255027 0.5908444027785242 0.4383034810126582 0.536979570404656
0 0.6043621545502552 0.640191481022853 0.5744517995878732 0.703537000002781 0.6216523285951923 0.6203170007032348 0.7180079733169902
1 0.4891766062312973 0.5179372124440869 0.5312797347218469 0.5514389322591909 0.7045216918814513 0.4876958509142053 0.2801469034362808
1 0.3412568913923605 0.3143558496920536 0.2444830068980783 0.5783204318525738 0.4537839238034873 0.339870288326301 0.3599449194705424
1 0.2947074986798099 0.3292727084373911 0.3027073853060188 0.4504125837935504 0.6254810733798748 0.3115707454289733 0.5391019783599262
0 0.4672658334800211 0.5833544946086615 0.5589085153017543 0.5120717941018843 0.7477001064528581 0.4875200773558368 0.1846359233714992
0 0.47351348354163 0.5357053069962732 0.5082177794633236 0.5630829798391727 0.6817223053291348 0.4904203410689169 0.3015710802875224
0 0.6158895088892801 0.6857603332522629 0.6552538346349293 0.6504230284107682 0.7096855421661515 0.6269963959212377 0.2339672001148699
1 0.3933499735961978 0.3519462692737468 0.3230807997408744 0.5845669848306132 0.5233235184030814 0.3914598277074543 0.4110041453669028
1 0.4619861292026052 0.4643686569030906 0.3894212483926728 0.6505407589977231 0.5221346254499815 0.4601872890295358 0.3102606455272914
1 0.3576239746523499 0.4148977658434079 0.4228350866410362 0.4654825755658575 0.6989750369094746 0.3594690400843882 0.8818614400446105
0 0.4925204189403274 0.5799805161230844 0.5756176313450765 0.5196456363153126 0.7518788540646493 0.5017577355836849 0.5151450384055496
1 0.328849586340433 0.3212361037468194 0.2650512148300546 0.5455981605484704 0.5064898829297781 0.3370579113924051 0.4737742254431419
0 0.8484604823094526 0.8937452068494278 0.8286143513560144 0.8239350347640885 0.6942417982784653 0.8555899085794656 0.3616561528786911
0 0.6623509065305404 0.7685762127549908 0.7218847648175215 0.6598354379011795 0.740010861891203 0.6751583509142053 0.7949005634660704
1 0.3332493399049463 0.3954768440237383 0.4169265132964611 0.4027537804918261 0.7414663571971556 0.3325756856540084 0.4377996482270963
0 0.5378378806548143 0.568511599762688 0.4921893828840413 0.6744645357749703 0.5850799992879875 0.5407794655414908 0.2476834520361309
0 0.4797611336032388 0.5335510077139309 0.4923929640577238 0.5882390352026868 0.6525495871374233 0.4924417369901547 0.5006080761885592
1 0.3903581411723288 0.3918651819835606 0.2982992263670012 0.6220645739775275 0.4643890443604766 0.3973482419127989 0.34380881766375
1 0.5415336736490055 0.5965658328510213 0.4981934815275386 0.6945664376949906 0.5734199848662428 0.5607297644163151 0.6874896118729134
1 0.2388306284104911 0.2696002780728598 0.2596803171032628 0.3847645150289479 0.6483638604064474 0.2504894338959212 0.2705396110287632
1 0.3315774335504313 0.3626230145464034 0.3233577742873234 0.5071471284159724 0.5929496540805649 0.3432978727144866 0.2532314405248744
1 0.2874039077627178 0.309952177705529 0.2738152948529723 0.4610302621539234 0.5928603213550018 0.2985635021097046 0.2522075192134291
0 0.3519042950184826 0.4285841489121827 0.3611355076223929 0.5199579957403513 0.6119401863378751 0.3725641701828411 0.2695142147986554
0 0.5136392360499912 0.5573967110426016 0.5027956202899212 0.641123265325419 0.6192040535852276 0.5294420710267229 0.704247637715707
1 0.2639972187995071 0.2387423458885977 0.1622681087415808 0.5398296795490383 0.40522391042882 0.274570411392405 0.7765260267692279
0 0.6218731737370182 0.720066368962859 0.6618774644760358 0.649314676758138 0.71417416266974 0.635257753164557 0.386381197696503
1 0.3953738602358739 0.4333787499180029 0.3229034188621263 0.6072648382489594 0.5020550016439113 0.4090371835443038 0.4683509495213013
1 0.3645755852842809 0.3454514654309162 0.3281506381780479 0.5302769784145224 0.5766314265590456 0.3621056434599156 0.3006759685392647
0 0.5995224256292906 0.7085076968465897 0.6965798364839658 0.580767194388483 0.7759697266220797 0.6063430028129395 0.2190829764927974
0 0.6165054743883119 0.6776603999942622 0.6769724145227499 0.6178203942618298 0.7428482227957103 0.6237445850914205 0.7673959524889397
0 0.6196732969547615 0.7147332334218015 0.7190854016283241 0.5989170882230368 0.776025908531516 0.6254144338959212 0.6825628919007654
0 0.5179509945432142 0.574906173659104 0.5307720022982743 0.6168607549295639 0.6568113862675116 0.5340121835443038 0.8212308114281855
1 0.2961154198204541 0.3194830465329216 0.2803530007454742 0.4853035764363005 0.5765494219086265 0.309725123066104 0.7865390856887715
0 0.4561784544974476 0.5889253137043196 0.6308105868086865 0.4297760483713657 0.8352489691524049 0.4622965717299578 0.5972181984165712
0 0.6340164935750748 0.7976230768238931 0.7832798671167726 0.5681997322722218 0.8232919932093548 0.6418492616033755 0.0988415435751083
1 0.2956754444640028 0.4551228471998258 0.4798492067047108 0.2988599534386473 0.8448375810001543 0.3082310478199719 0.3588057906235745
0 0.621169213166696 0.6925930505961088 0.6485076655262104 0.6658136414036897 0.6954676805632438 0.625326547116737 0.6111435610281977
0 0.6759901425805316 0.7906477493472871 0.7626298036049702 0.6477657489683601 0.7679706091686277 0.6926478199718706 0.2569254562549142
1 0.3005151733849674 0.3944208844757401 0.3634640791765277 0.4025717032277903 0.7078971428750928 0.3140315752461322 0.456306272084154
0 0.6626148917444112 0.8124500186719648 0.7110454912480021 0.6791634320087052 0.7219911251124735 0.6864957454289733 0.1907887923917
0 0.4161406970603767 0.5434726444192262 0.5608839524459043 0.4376220531967427 0.7972124206402668 0.4303936708860759 0.3837325715384397
0 0.5550849146277064 0.6521090150212209 0.6373935329620068 0.5713717851312756 0.7515093097038238 0.5652998769338959 0.16096528151749
0 0.5931867804963915 0.6450334575982003 0.5465369313154528 0.7152007487875972 0.5930609710315595 0.6060793424753868 0.2524587470256003
0 0.6883974476324591 0.8613719010058686 0.8984038003235815 0.5583956818953808 0.8741502305315173 0.7061823839662447 0.4790275579590975
0 0.4325077803203661 0.5466935385815013 0.5459475060468053 0.4698840471588636 0.7686123391776534 0.4457738572433192 0.6399792041582668
1 0.3029790353810949 0.334949075145431 0.312284325410906 0.4464910907473614 0.6362125159941057 0.3038367088607595 0.4606317168815752
1 0.2141040133779264 0.2301195088104757 0.2359080246559913 0.3589854885028816 0.6522114488129285 0.2166530239099859 0.2737077363157128
0 0.5615965499031861 0.720478246363238 0.7262156247497453 0.5163158149368978 0.8276424271530876 0.5778676863572433 0.1579893872962135
1 0.4201004752684387 0.5628142846735645 0.5680877316748429 0.4308426144040643 0.8050705598861897 0.4249446905766526 0.3967397153427635
1 0.4759773455377574 0.5078887574625405 0.3834563688242015 0.6855525009604273 0.4850974868050809 0.4968360759493671 0.3431718166814215
1 0.6610309804611864 0.7021925656568978 0.5628159394114985 0.824309675417314 0.5182821516600713 0.6909779711673699 0.7884754900127213
0 0.5290383735257876 0.607960624170661 0.5263988313307529 0.6485131237066015 0.6300907816013163 0.5404279184247538 0.5937775409367705
1 0.356656028868157 0.3614031742017755 0.3272585262722706 0.5239323960543624 0.5814700498897427 0.3590296061884669 0.8414522740501221
0 0.6077059672592853 0.7068708225770084 0.716219154456406 0.57960704763282 0.7862272870436751 0.6155711146272855 0.8183781548551495
0 0.7970713606759373 0.8290617625883454 0.6656686959734625 0.912611269889385 0.527804810831526 0.825181082981716 0.5481978017512753
1 0.2545817461714487 0.2423855916417935 0.2127720250856969 0.461793842721948 0.5382194014347751 0.2618268284106891 0.3342723213520301
1 0.4159647069177961 0.4817988379542618 0.4851148150475117 0.4858925471324444 0.7230324096948189 0.418353182137834 0.7314179337960149
0 0.5552609047702869 0.6594540008532531 0.6669253337218046 0.5504718255347703 0.7798246431037046 0.5558959915611815 0.4145387060015463
1 0.4189565393416652 0.4818463746651819 0.5246282772382946 0.4538088172979398 0.7677333191163506 0.4147498241912798 0.1627086353765097
1 0.3451286745291321 0.3230260623397027 0.3153653824543356 0.5070301922324381 0.5865142082804269 0.3423311181434599 0.6732284594458016
0 0.6343684738602359 0.6557366300593006 0.6261495380663896 0.6877153437137604 0.6668794636032443 0.6398278656821379 0.7909520423268316
1 0.5278944375990143 0.5540278890815987 0.4769121699160446 0.6686765124513877 0.5781431037744345 0.5317271272855134 0.665244233086388
1 0.3733750924133075 0.3066731115003991 0.1897167419519706 0.7074915402312733 0.2459454055295453 0.3779252637130801 0.4518271079861349
1 0.4346196620313325 0.4484380576547078 0.3207457187966939 0.6862650808288397 0.423608306184946 0.4509591772151899 0.6787233508626969
1 0.4779132371061432 0.4780552011132585 0.3452027990767838 0.7229283875032826 0.4122874769555739 0.4980664908579465 0.4236456732227895
1 0.3711752156310508 0.3928473387735879 0.3687864819474782 0.5088987879587257 0.6269843756522419 0.375376547116737 0.7101558341177919
0 0.6517914979757086 0.7711108057246939 0.7229850144700134 0.6493459762529156 0.7471215374724531 0.6701488045007032 0.4309450456832706
0 0.5992584404154199 0.7148229891776744 0.6382130651687734 0.6370182650890367 0.7088773601645726 0.624271905766526 0.4402763644210581
0 0.8547081323710615 0.8512970188358783 0.7438754372092569 0.912951592314834 0.5832989280720724 0.8650816807313644 0.4522776136975887
1 0.3915900721703925 0.4298462083017634 0.3858606120376188 0.5303363997903945 0.6221708771506095 0.3932175632911392 0.3859636318351773
0 0.6674546206653759 0.7780701802033978 0.6768806321231042 0.7141181358057994 0.6795242317419388 0.6973058192686357 0.2120859623581192
1 0.3866623481781376 0.3456785136535821 0.2811336393467171 0.629628406707854 0.4396232909778934 0.3915477144866385 0.3569762359627269
0 0.5603646189051223 0.6862197473635622 0.6679123199874996 0.5614914720260425 0.7735211026561559 0.574879535864979 0.6086725806290344
1 0.2824761837704629 0.3266801045662261 0.300641304905481 0.436054218605551 0.6361189957970317 0.2921477672292545 0.2467227883473197
1 0.3782148213342721 0.3869808252218675 0.3529652467064036 0.553725543065477 0.576585015416468 0.3799466596343178 0.2829659646397831
1 0.3337773103326879 0.303024386939843 0.2818063848079508 0.5284112425405495 0.5382640677975566 0.3313452707454289 0.6526335146425615
1 0.2665490758669248 0.2431091164961369 0.2350375564721163 0.4543566378968888 0.5655845277576701 0.2661332805907173 0.8220713511859324
0 0.5036957929941911 0.5912484891664728 0.5583877640980901 0.5584782998511387 0.7158484533621303 0.5179289029535864 0.347534953844661
1 0.3667754620665375 0.4230716630007725 0.3947057339666066 0.480386695903912 0.6686556494357301 0.3730914908579465 0.4164333209633932
0 0.8257577539165639 0.9187949586662174 0.8537062599003213 0.7689040088371223 0.7407126123252166 0.8438130801687764 0.7017848513091128
0 0.5567568209822215 0.6892980313930769 0.638726330573885 0.5707823377930793 0.7525956096049099 0.5672333860759494 0.1826492079331748
1 0.3333373349762366 0.3258616674314355 0.341483170869861 0.4708875375599547 0.6379157700311121 0.3303785161744023 0.887334699321123
1 0.2581015490230593 0.3164732475954103 0.3345073830272765 0.3497862968905995 0.72942563182389 0.268154676511955 0.5374767818737543
0 0.4466749867980989 0.5080471594518098 0.4628901300836298 0.5638062047134232 0.6510243006396247 0.4560566104078762 0.6503065846327644
0 0.6460718183418412 0.7633487859677082 0.7253988590337481 0.644549845040481 0.7513320400765344 0.6641725035161744 0.2654468807671635
0 0.529478348882239 0.6129874299237213 0.5550014166615124 0.6119440332778596 0.6760779426885734 0.5464921061884669 0.385803357340524
0 0.5418856539341665 0.6722586182198083 0.633165684127258 0.5583573916505006 0.757611153606937 0.5834924402250351 0.229025567076246
1 0.4516907058616441 0.4728804675614704 0.4362242510262478 0.5837400108696127 0.6162818963826271 0.4504318565400844 0.2572794367339031
1 0.4060212638619961 0.4093693269340956 0.3745603109181052 0.5623874002039642 0.5865965618868053 0.4068400140646976 0.3844161143985611
1 0.4325957753916564 0.4229607977224232 0.3430309410880017 0.6349402646210395 0.4947813636297004 0.4381277074542897 0.3093296440915806
0 0.5078315613448336 0.5719966046680074 0.5936684954115896 0.5333271697888332 0.7527072755118638 0.5116010548523207 0.2785744762622543
0 0.6000503960570323 0.6968014192143784 0.6686122421521744 0.6163007005179354 0.7393555225997672 0.6114404360056258 0.2931373314957634
0 0.4934883647245203 0.5909423205198687 0.5947147171267013 0.520108137986873 0.7618774891644952 0.5044822257383966 0.3365512345653716
1 0.3133624537933462 0.3212994323142486 0.3186916807677408 0.4496239000774301 0.6384552559440833 0.3125375 0.2500426663766505
1 0.3626396937158951 0.3757391182255299 0.340480236598554 0.5266854805493127 0.5898690708724736 0.3667636427566807 0.4873334804667772
0 0.3955498503784544 0.492269644526729 0.5146754198582623 0.4321150898034213 0.7767632524733711 0.4083340893108298 0.1513435676830506
0 0.5817474212286569 0.684355824871315 0.6532556146256189 0.5922588753923648 0.7465551819506213 0.5893808544303798 0.2655288206928554
1 0.3416088716775216 0.343724835405462 0.2709924978596099 0.5693049063111689 0.4892085369607813 0.3498014943741209 0.4476711149550445
1 0.3486484773807428 0.3616302224244414 0.2874747616598359 0.5396844626037252 0.5328653701522938 0.3585901722925457 0.5317778600418863
0 0.458290336208414 0.5151280345407978 0.4811318820132362 0.5546696120906961 0.6703002788715857 0.4794344936708861 0.5663034116119972
1 0.369239324062665 0.4111699208589136 0.4265867735939346 0.4503647607076213 0.7126457355683082 0.3694881329113924 0.2532366846801187
1 0.3804146981165288 0.3867908395195801 0.3182651529849896 0.5863872808289192 0.5172883250881813 0.3902294127988748 0.4221928783402731
1 0.442099243091005 0.4517277591917722 0.3125391680311992 0.7021042139931167 0.3991046187277453 0.4607146097046413 0.4326223559621827
0 0.6083219327583171 0.6410732467250728 0.6044820568904283 0.6750630393121633 0.662229276490532 0.6131102848101266 0.4886841782018817
0 0.6516155078331279 0.7901198501439844 0.7756266145051711 0.6056807978279845 0.7987296811510032 0.6715549929676512 0.1980540778430933
1 0.2925076218975532 0.3579603883414089 0.3412288164538212 0.4185233239164454 0.6803181065491892 0.3066490857946554 0.3911655060777985
1 0.2122561168808308 0.2621128432494601 0.219471326586086 0.3949687858491627 0.6069392984861357 0.2205200421940928 0.3335201128341789
1 0.4554744939271255 0.5083059525288868 0.4641688997581278 0.5708560584305249 0.6464718211954971 0.4647574015471167 0.7453801693742029
1 0.4509867452913219 0.5147848033738154 0.4431486146874704 0.6017573982135855 0.606892887343558 0.4724914381153305 0.3202678047721852
0 0.44042733673649 0.4514583307827607 0.4220160426385231 0.5797548066690795 0.6089102017438723 0.4439282348804501 0.4257005626792897
1 0.3463606055271959 0.3261731537440069 0.3199753324847731 0.5068025162120512 0.5904950978633341 0.3421553445850914 0.7674377418510424
1 0.4675298186938919 0.4721993228934728 0.4010761485349314 0.6506754898178824 0.5320453236481011 0.4755674753867792 0.6566507014395299
0 0.8056948776623833 0.9216461944730662 0.8841387975077071 0.722203097180138 0.7819117486958652 0.8186774613220815 0.3818236990295224
0 0.7045005456785778 0.7995873904039479 0.7662486990009343 0.6923335285599471 0.7428353114252187 0.7082916666666667 0.3025559981943384
0 0.7007167576130963 0.8629191806609698 0.842755024822014 0.614062389439631 0.8234200600463926 0.7246386075949367 0.1891383584084148
1 0.3937019538813589 0.4089310223452729 0.3956176995120236 0.5280161062790686 0.631326085696994 0.3966451476793249 0.3554077419051336
0 0.537397905298363 0.6470346725572403 0.6586488070133176 0.5204346377928012 0.7941210197974394 0.540515805203938 0.1923600724067669
1 0.4090130962858652 0.4283359911670405 0.3807561110984514 0.5715510025429967 0.583739310492622 0.4122011075949366 0.2829698977562163
1 0.3350092413307516 0.3588474717095961 0.3555712810112407 0.4553434458261441 0.6609576809750942 0.3360911568213783 0.2731723408412422
1 0.4135008449216687 0.4293128302911005 0.3554960975562117 0.6066869892007061 0.531872939404241 0.4232748417721518 0.7583563398866151
1 0.426524115472628 0.4058843220287763 0.3090350006347925 0.6740755958601713 0.423736721977943 0.4428735935302391 0.4005618851165853
1 0.2893397993311036 0.2820194452274797 0.2126851247285855 0.5274546219412827 0.4729077572372237 0.3027820675105485 0.6074703580392836
1 0.3460966203133251 0.4115658452613906 0.4319029924443417 0.4072110192049689 0.7472185472291194 0.3465496835443038 0.2136144697319749
1 0.340112955465587 0.3542220691663729 0.3053332732504956 0.5372955326368465 0.5509255858222942 0.3438251933895921 0.2722460919212216
0 0.5167190635451505 0.6118468711444246 0.5460383120379443 0.6106456603269863 0.6713073657699264 0.5356820323488045 0.1716571307814649
1 0.2881078683330399 0.3027393278157153 0.2732702961713874 0.4624106175378182 0.5911692807765684 0.2921477672292545 0.2560585318410945
0 0.5513891216335152 0.6610644479343908 0.5733325099694975 0.6317964925237644 0.6734206430590293 0.5830530063291139 0.3988863775160384
0 0.6792459602182714 0.8484615748855385 0.822957854140963 0.5988012642042916 0.823375393683611 0.6941418952180028 0.1879866108128902
1 0.4350596373877838 0.4125902210963706 0.3628759557858894 0.6243214740958775 0.5224385660904717 0.4400612165963432 0.5715049580949156
0 0.4108609927829607 0.4181979415710142 0.3938860390250889 0.5553729768794279 0.6075995231610007 0.4173864275668073 0.2870326431518695
0 0.6605030100334448 0.7397141778638016 0.6147138416339234 0.7624412192479547 0.6053194449233854 0.6850895569620253 0.5668671583007571
1 0.3436327583171977 0.2457333040803199 0.1526711522623027 0.6831028785722033 0.2247215551331568 0.3442646272855133 0.7665809779880085
1 0.2472781552543566 0.2389218574003435 0.2197409780687333 0.4512824555392715 0.5547375807209337 0.2490832454289732 0.4915337210577413
0 0.4846008625242035 0.5337674206046622 0.4465790632416085 0.6410953023250086 0.5773244530940784 0.4977149437412095 0.6967489873559434
1 0.3005151733849674 0.3056909547103718 0.3103153976568019 0.4429405840986624 0.6377032558519405 0.3077916139240506 0.5600912180855956
1 0.3695033092765358 0.507835903085653 0.5048260617799581 0.385536992915285 0.8020943145099085 0.3760796413502109 0.3004430952704485
1 0.3558640732265446 0.4162389456569267 0.356439959112853 0.5159929693867051 0.6116369436093033 0.373267264416315 0.2838101097542605
1 0.5268384967435311 0.5729418600790492 0.5793012951719961 0.5664811199117717 0.72255992332602 0.5293541842475387 0.6413015506790818
0 0.9149847562048936 0.886226349454403 0.7341640781999238 0.9999 0.5120906260754357 0.9316119725738398 0.4646377598486496
1 0.3255057736314029 0.3160613701950314 0.24906512928607 0.5552870224293028 0.4815206882229633 0.3252810829817159 0.3423819157977521
1 0.3647515754268615 0.3963005988244962 0.4035350706247335 0.4709458467710377 0.6820388083841573 0.3623693037974683 0.8288548298742576
1 0.324889808132371 0.3145195693472903 0.2908855193090853 0.5064806239459634 0.566401782614189 0.3240506680731364 0.4165754047945429
1 0.3188181482133427 0.326600823000895 0.3242101789138212 0.4609835512327833 0.6331155318559305 0.3229081399437412 0.8374547528353198
0 0.8385170392536525 0.8520733980671092 0.7561996653829751 0.8795335824948384 0.614947837750487 0.8521623241912799 0.8165738376914152
0 0.3747830135539517 0.5069172360044478 0.4283592805034067 0.5015896409650913 0.6752453337698482 0.4039397503516174 0.4164579029411008
0 0.3667754620665375 0.476613630211932 0.4680390576098598 0.4288289606131478 0.7530904291550994 0.3876806962025316 0.366132694899088
1 0.4549465234993839 0.4455180144730694 0.4047074117719825 0.6240976112119102 0.5581789843908698 0.4554414029535865 0.7675916250314917
1 0.4574103854955113 0.5428495106526903 0.4847545203084766 0.5647159555108658 0.6651664387993793 0.4777646448663853 0.794465626340498
0 0.5452294666431966 0.6586566732409389 0.6461605422104452 0.555212030746384 0.7663748335670643 0.5570385196905766 0.600922046937694
1 0.3966057912339377 0.4718456175359485 0.4126268984364573 0.5341617700226728 0.6387888578411082 0.4019183544303797 0.6469576998697386
1 0.3021870797394825 0.3058176118452301 0.2822228230361311 0.478535735933565 0.5842257550997899 0.3055944444444444 0.686487486581702
1 0.3564800387255765 0.4649125091042952 0.4919488609218488 0.3923207214864354 0.7909737860011351 0.3694002461322082 0.223488066897991
0 0.5328221615912692 0.5695097095506173 0.4934383720990797 0.6706513993553717 0.5890786856248154 0.5446464838255978 0.3151809741852354
1 0.3202260693539869 0.3611181150776478 0.3379510130962573 0.4560994001213296 0.6475043818788616 0.3251931962025317 0.2797140967487765
1 0.381822619257173 0.432280410183659 0.3598051510317819 0.549615458647202 0.5856945107321933 0.3922508087201125 0.732462667848586
0 0.4891766062312973 0.6648504649617398 0.6342809053768551 0.4856477119981693 0.8035051434530794 0.5075582630098453 0.0762687328455184
1 0.275876553423693 0.3271499928680669 0.2896939754612011 0.4262770190643313 0.6359996528589748 0.285556258790436 0.2445310592149142
0 0.6384162471395881 0.7421748069341408 0.736175642458828 0.6173823602156283 0.7732607815105695 0.6475619022503516 0.2183384703279613
1 0.3418728568913923 0.3440733842384119 0.3192016914778294 0.5188364569909367 0.579285934540916 0.3461102496483826 0.8360171987789821
1 0.2671650413659566 0.3414490355128359 0.3855346543310752 0.3253585505832286 0.7782794661162298 0.2670121483825597 0.8005082042207176
0 0.6077059672592853 0.7334676929075061 0.6961760915663748 0.6113474363088766 0.7569425539890503 0.627787376933896 0.496749033448176
0 0.7819362084140117 0.9017764938740322 0.9137327629424422 0.6567641153958768 0.8298733026004513 0.7844895042194093 0.3759277936162913
1 0.3687993487062136 0.458850853325713 0.4176532866950749 0.4778809886341831 0.6861878947394139 0.39488741209564 0.2007590786700325
0 0.6088499031860588 0.6620730319128618 0.6291710341909 0.6495768298869854 0.6951072090573582 0.6133739451476793 0.4436324598975447
0 0.6803019010737545 0.7943440106187633 0.7192657117325928 0.6969278813035112 0.7150845887673736 0.7002060829817159 0.3927671038653713
1 0.3701192747755676 0.4208063372986881 0.4146573399264943 0.4735360785647343 0.687506948265307 0.373267264416315 0.4382160669294623
1 0.2663730857243443 0.2275217484147365 0.1848874254769895 0.5088700305548945 0.4632493541976281 0.2679789029535865 0.7240390796076128
1 0.4713136067593733 0.4789738681944637 0.3777622798816356 0.6859821143303687 0.4794531241645196 0.4883110583684951 0.3809185906103303
0 0.6812698468579476 0.7994447802711875 0.7935168593723042 0.6165294887031114 0.8006363765122414 0.6845622362869198 0.1259731640104897
1 0.2562536525259637 0.2993545528568106 0.261473165856628 0.4407361146060818 0.6007411427382747 0.2695608649789029 0.6831574480015853
0 0.5400377574370709 0.647700025368729 0.5963804700394223 0.5920404144516586 0.7150695836611267 0.5499196905766526 0.5524735909537273
1 0.345744640028164 0.3273454573777147 0.278276342586112 0.5473078755906081 0.5172659919067906 0.3476043248945147 0.8295593493553562
0 0.7010687378982573 0.6457621389771181 0.5266627870971102 0.885695452068226 0.4349120365723157 0.7027547995780591 0.4199529685315608
1 0.4201884703397289 0.5014574433285319 0.505946490541592 0.4794975995954089 0.7398220767172592 0.427229746835443 0.7936463909634309
0 0.6395601830663615 0.6755323667589708 0.5606997367076081 0.788396285572059 0.5457844176749439 0.6625905414908579 0.3717873691710823
0 0.5396857771519098 0.6954760312573687 0.6935106590773699 0.5105705305173515 0.8163540508279241 0.5682001406469761 0.7603566573526044
0 0.562212515402218 0.6616822640349591 0.6587887588993023 0.5559363677854237 0.7723667563430197 0.5722429324894515 0.3989232504825997
0 0.4454430558000352 0.5518629544673219 0.5591422024043986 0.4758326988541219 0.7717585261060801 0.4567597046413502 0.2383073940989157
1 0.1844496743531068 0.1683085710201113 0.1787300306979136 0.3496239208313982 0.6140876613109826 0.1839591420534458 0.48867450929065
1 0.3386170392536525 0.3836595399717849 0.3648731993866927 0.464706443423785 0.6600870358568128 0.3432099859353024 0.2657082691301206
1 0.4146447808484422 0.4439973231478047 0.484452159140849 0.4705891596351211 0.7334595627126004 0.4114980133614627 0.3321127126704958
1 0.4448270903010033 0.4739841249617817 0.4421847367564382 0.5652598040927111 0.635344313567539 0.4466527250351617 0.628503189805421
0 0.6806538813589157 0.8310418680249091 0.7574842935085144 0.6626237939080112 0.7564976351410309 0.7015243846694796 0.2488473267406579
0 0.5421496391480374 0.6554620451257147 0.6252419663592534 0.564337819482589 0.7495495730367825 0.5602903305203939 0.1762108602118636
1 0.3425768174617145 0.3598507380220998 0.338366800385433 0.4870920962977765 0.6220030293342194 0.3424190049226441 0.3618319959592257
0 0.6898053687731034 0.8565827788074086 0.8713922726547674 0.5801651954762388 0.8529337082102727 0.7058308368495078 0.2124464980311634
1 0.3691513289913747 0.3573954266177279 0.3600518569145178 0.5101564874544567 0.6193129278445076 0.3675546237693389 0.5169585328409616
0 0.5645003872557649 0.6309720985080318 0.6187958801316462 0.5951709994521492 0.7257738077105376 0.5636300281293952 0.8537109785731766
0 0.6040981693363845 0.6813724531222475 0.6221713243398972 0.6561298637047502 0.6864290233072424 0.6183834915611814 0.4858978929686561
0 0.4127088892800563 0.5028513163775453 0.4870998535419793 0.5023297071918618 0.7125002209333089 0.4247689170182841 0.7162813352028116
0 0.5909869037141349 0.6726916051426637 0.6662517745868152 0.5950130720521043 0.7516747148284992 0.5943904008438818 0.2927484446084299
1 0.3783908114768526 0.4318421055948362 0.3558622507462881 0.5547576319897153 0.5780590053882598 0.3936569971870604 0.7873144012656678
0 0.4673538285513114 0.5958265161401688 0.5118747547910556 0.5608249675560335 0.6857049396918381 0.4928811708860759 0.3740498943992856
0 0.6055060904770287 0.7285833361458132 0.7123205180232236 0.589838010407972 0.7781988572896473 0.622514170182841 0.4158982532486255
1 0.4830169512409787 0.6390720317660327 0.6463245788395994 0.4562425516177488 0.8267128084776962 0.4891899261603375 0.2170218596019447
0 0.4968321774335504 0.612021226131596 0.5836542870303756 0.5441639446126489 0.7400478512228816 0.5045701125175809 0.1624595380024065
1 0.303331015666256 0.3295102308505986 0.2805565819191567 0.4803336297554059 0.581204494404768 0.3099887834036568 0.3105710339658121
0 0.6423760253476501 0.7456651295054274 0.7233291984686853 0.6210728407470635 0.7646893762839786 0.650550052742616 0.2277576286660904
0 0.6125456961802499 0.798399294913731 0.7581887722462213 0.5748169538863832 0.8085168489395551 0.6358729606188467 0.089656405664755
1 0.4334757261045591 0.4946405178411953 0.5019798309824309 0.5028142932785191 0.7211864326704869 0.4334697081575246 0.8496769121515156
1 0.3370331279704278 0.3407572555129036 0.2870885920953686 0.5441458322146557 0.5283453436123748 0.3425947784810126 0.483344972643801
0 0.7267632987150149 0.8350865169879421 0.8229697337777966 0.6671280613036623 0.785204497127169 0.7297360407876231 0.1636299679009888
1 0.2693649181482133 0.2921101192539788 0.2760913030824872 0.4235819260190957 0.6276847302624186 0.277031241209564 0.5953763527668698
0 0.5848272487238163 0.7400258253177658 0.6924244046134765 0.5742621425373315 0.7778820052786657 0.5964996835443037 0.3340089664308565
1 0.4659459074106671 0.5546403875162 0.5234067901961997 0.5413770185319746 0.7068527176891144 0.4748643811533052 0.7632076751271266
0 0.5548209294138355 0.6798358087990808 0.6596650855342187 0.5517762359516414 0.7753918555535934 0.5705730836849507 0.1489541994498764
1 0.2302951064953353 0.2521066073128665 0.1675123988319818 0.4871672468613794 0.4676475951077757 0.2423159634317862 0.460958329425383
1 0.4386674353106847 0.4427881181351115 0.4328022646791693 0.5702898076722145 0.6245626212951788 0.4347880098452883 0.2868828569677047
1 0.2801003168456257 0.2288365010398116 0.223743113803644 0.4826748955170396 0.5282814846718354 0.2772070147679325 0.5739249718602986
1 0.3557760781552543 0.4413731355636217 0.4747235502478946 0.3947582689426639 0.780130328523991 0.3589417194092827 0.3664871670176309
1 0.3633436542862172 0.4229765895789323 0.3857704569854844 0.4997548868245277 0.6469544272871135 0.3715095288326301 0.1927809158651202
1 0.4021494807252244 0.425764496818352 0.3886624162480834 0.5511272083568888 0.6071176149813027 0.4054338255977496 0.2891289942107697
0 0.5353740186586868 0.6975194652613615 0.6812625907671874 0.5040880397233493 0.8145492506067813 0.5583568213783404 0.7988074591230576
1 0.3280576306988206 0.3758606188358139 0.3113118225380631 0.5053084022583051 0.584683585318301 0.3440888537271448 0.6575854721118225
1 0.3295535469107551 0.3076077315795064 0.3067767304931523 0.4917701791618877 0.592869743165901 0.329939082278481 0.7456502433692832
1 0.2625892976588628 0.266886173591411 0.2424483343045115 0.4403649693279075 0.5850088122723044 0.26639694092827 0.3085705526199713
1 0.3667754620665375 0.3594019592427353 0.2078937254506213 0.6997583406916427 0.2791422838431087 0.3896142053445851 0.6129434534359448
0 0.622137158950889 0.7121142023621929 0.7146708960340118 0.6090021985301391 0.7677315743365544 0.6335879043600562 0.6236190785946327
0 0.7435703573314557 0.8253074904154073 0.7514466715062812 0.737764665789205 0.7065822768207104 0.7529381504922644 0.4846709245213464
0 0.7937275479669073 0.8450663257360921 0.8079727500512717 0.7642743845816768 0.7202557671272177 0.7940691631504923 0.2610855462822893
1 0.2597734553775743 0.2310278628425322 0.1852513003805499 0.4953596115782034 0.4776382042205591 0.2703518459915612 0.3899269021610405
1 0.435763597958106 0.4462097944730017 0.3612556058687379 0.6335265442934732 0.5126479087423275 0.4452465365682138 0.8025394949786184
1 0.2922436366836825 0.3033887276293019 0.2793012460488236 0.4727168897572572 0.5869877415171033 0.3018153129395218 0.2844677595978633
0 0.6095538637563809 0.741293041231921 0.766283198768177 0.5469545249490586 0.8278001552466601 0.6155711146272855 0.2148289833105795
1 0.3048269318781904 0.2752975931619831 0.2333138699879877 0.5320948912025661 0.4889726427323412 0.3043640295358649 0.5477646673040683
1 0.4162286921316669 0.4506294194574283 0.3994266690973251 0.56618893833362 0.602882336504116 0.4256477848101265 0.4564436033996136
0 0.4121809188523147 0.4768037770556125 0.4625493635147321 0.5077448375497446 0.6931268839887222 0.4192320499296765 0.2677223525036262
0 0.5608045942615736 0.6844666901496642 0.6877034694827581 0.5453700078860311 0.7930577509896626 0.5662666315049226 0.1013159654511506
1 0.4234442879774687 0.4701083521785597 0.3816355296936393 0.603887670426668 0.5566149637815965 0.4392702355836849 0.3722862194386943
1 0.4487868685090653 0.4174797343826381 0.3261857787927223 0.6881003116114558 0.4273431818165953 0.4525411392405064 0.8165091051501185
1 0.4762413307516282 0.5155292766092421 0.4345342506356063 0.6380714851442667 0.570368713958727 0.4835651722925457 0.3051797146149914
1 0.3860463826791058 0.3603999078892718 0.2951699998372327 0.605258651850198 0.4776950840419138 0.3857471870604781 0.7559466505518692
0 0.4372595141700405 0.5086227565074255 0.4985570309615967 0.5069704530951976 0.7161761230078482 0.4436645745428973 0.4765018416895721
0 0.5385418412251365 0.6744446623565615 0.6664241106882778 0.5216634210040169 0.7971241347825814 0.5449980309423348 0.229809732165117
0 0.4518666960042246 0.5782696779541393 0.5802274186407628 0.4721147319643289 0.7851343569793635 0.4675697784810126 0.5458503867600554
1 0.4297799331103679 0.4826965566543836 0.3376004824422908 0.6695277951570631 0.4568435696540247 0.4504318565400844 0.3162281664355771
1 0.2769324942791762 0.2627622430630468 0.1985835076028607 0.5218165819835374 0.4641430304092187 0.287665541490858 0.7168863796141202
1 0.2683969723640204 0.3718897726307517 0.3951480470202189 0.32429198455053 0.784465757361477 0.2730763361462728 0.6180558492797105
1 0.210672205597606 0.2549315770726646 0.2601153070930735 0.3424958978176948 0.6843740216633312 0.2188501933895921 0.1683003797855727
0 0.5096794578419293 0.6821538277366597 0.6762711904800659 0.4922724010044857 0.8191949012920235 0.5256629395218003 0.0785289637558023
1 0.3783908114768526 0.3988774108391521 0.3705694038810236 0.530217239277282 0.6106281119311665 0.3824074894514768 0.8103606608859052
0 0.470873631402922 0.613684527589621 0.6860878388733898 0.4111089979099038 0.8694037315740573 0.4831257383966245 0.5098379532983401
0 0.5660842985389896 0.6578540279626574 0.5996934241032335 0.6149443361173473 0.7013598019348593 0.579889082278481 0.1927786215472008
1 0.4130608695652173 0.4388385425939187 0.36950300305677 0.5889253997582147 0.5595702718003237 0.4259114451476793 0.3720635067206638
0 0.4948082907938743 0.5723557888328918 0.5270780861820324 0.5796868057362633 0.6816661234196987 0.5028123769338959 0.2083704783675481
1 0.3038589860939975 0.3061397334897362 0.2450732458404815 0.530852920894566 0.5016896447545965 0.311834405766526 0.3131655797729187
0 0.6678945960218272 0.7575721893132537 0.7320501537825493 0.6532695347479986 0.7493538087436538 0.6828045007032348 0.7171567813689033
0 0.5939787361380039 0.7672034492284538 0.7182150961792003 0.5823178698657866 0.7855660155009323 0.6196139064697609 0.1183965068414674
0 0.4345316669600422 0.5847749559875116 0.5917858170755924 0.4273094257499377 0.8187154358040402 0.4579022327707454 0.6799014831142941
1 0.3204020594965675 0.3800531955975746 0.4165379027107267 0.3863097885629903 0.7530338982897039 0.3195684423347398 0.7932386578931884
1 0.2861719767646541 0.346211891664245 0.3417223909540443 0.4043259048614899 0.6919184495019054 0.2897748241912798 0.4363968366992519
1 0.3475925365252597 0.3448969778977769 0.2832871083086198 0.568973322323348 0.5012953245206654 0.3617540963431786 0.7951876809656946
1 0.4679697940503432 0.5057344581801982 0.4941200679716264 0.5618804119408417 0.6734743822767508 0.4710852496483826 0.795603444148655
0 0.6062100510473508 0.6937705107543909 0.6353448651798417 0.6564158489362202 0.694096283643466 0.6233930379746835 0.808388202994651
1 0.3515523147333216 0.380364681910146 0.3144223345714499 0.5442321044261491 0.5525307832347568 0.3681698312236287 0.4278724623496777
0 0.6385042422108783 0.7935995373833364 0.7346823883823209 0.6281616202317818 0.766026924475711 0.6918568389592124 0.5812817022687639
0 0.7115401513817989 0.7661737557275063 0.7132865115060207 0.728070878607164 0.6914595724155166 0.7211231364275668 0.6808200296812997
1 0.2500939975356451 0.303130095693618 0.3424660887667772 0.3340162768239277 0.7463566260098188 0.249346905766526 0.1789420818150242
1 0.3522562753036437 0.3944155668097727 0.404909853802407 0.4460161963824371 0.7019767560707797 0.3521744374120956 0.8506714989695632
1 0.3159143108607639 0.3733999897654746 0.3619872613098861 0.4279282660147018 0.6872399969564953 0.3185138009845288 0.2522063720544695
1 0.3792707621897553 0.3733788802429982 0.351501773089356 0.5368290589481822 0.5900058616084922 0.3788041315049226 0.5586780821271139
1 0.3532242210878366 0.3643496445718576 0.2845805241107208 0.5688401803100303 0.5026447372150118 0.3618419831223629 0.3282020477769267
0 0.5950346769934871 0.6829406811584322 0.6709891459273993 0.6014423378169161 0.7500880120818759 0.6125829641350211 0.8137585457244947
0 0.6059460658334801 0.6692488192822971 0.631525643305218 0.6501988477654325 0.6960745149763465 0.6276994901547117 0.3219724829862784
1 0.6114017602534766 0.7258745493303316 0.5914286142968289 0.7090625524361479 0.6290648510811772 0.6443100914205344 0.4280520746667943
1 0.2712128146453089 0.2446613915344196 0.2353853206353133 0.454328198254426 0.565919874434491 0.2671879219409283 0.3458782924270232
1 0.4581143460658334 0.4429835826447593 0.3490783271753036 0.6810054946607398 0.4569744281387363 0.4663393635724332 0.5673869851893462
0 0.6545193451857068 0.7406858604632872 0.7146274458554561 0.6551583083211732 0.739136029301411 0.66118435302391 0.2510565910171615
1 0.4524826615032564 0.5159464716755884 0.3837019355636794 0.6580731333525882 0.5103601534736091 0.4767978902953586 0.7868288252660179
1 0.2649651645837 0.2463670731787904 0.2525834546058264 0.4282245784906414 0.6045653510954871 0.2625299226441631 0.2883354879703698
1 0.2830921492694948 0.3482606433342053 0.3925672366018093 0.3452350008124399 0.768253612451564 0.2884565225035162 0.6742373038109195
1 0.2678690019362788 0.2226320739870761 0.233912082933197 0.4491933334233837 0.5694101319387195 0.2650786392405063 0.7984359434999708
0 0.6317286217215279 0.7279286186662591 0.6853887303824706 0.6530567935119218 0.7247890539935877 0.6511652601969058 0.3153605865023519
1 0.3811186586868509 0.4229712719129649 0.4120356830855472 0.4960858551854528 0.6683722971968346 0.3845167721518987 0.234951298622429
1 0.3999496039429677 0.4485753501215007 0.4352655806072522 0.5056514256553848 0.6767856253738939 0.4014789205344585 0.5569435777800689
1 0.3465365956697764 0.3025438633060676 0.2682212877823606 0.5541748576402531 0.5012258822847785 0.3463739099859353 0.7034082451169197
1 0.4552105087132547 0.5375270104435675 0.4319282163307691 0.6172836953107712 0.5856390267346755 0.4904203410689169 0.4883555990998574
0 0.395725840521035 0.5096893513873584 0.537632411202297 0.4319385733633307 0.788978106870293 0.4057853727144866 0.1282714150462946
1 0.3694153142052455 0.4626262350211274 0.4794788224111046 0.4240337826848182 0.7628936489177758 0.3694881329113924 0.8588825350432917
1 0.5200628762541806 0.4856112821700546 0.3862846987991028 0.7460274146491074 0.4310333910854631 0.5251356188466948 0.6285825076534907
0 0.6417600598486183 0.7974329299802126 0.7975357567865828 0.5617232789442174 0.8329210839483749 0.6532745428973277 0.0983676030449066
1 0.363607639500088 0.3394847219327812 0.2468346867868757 0.6215494827995133 0.4117312411565597 0.3727399437412095 0.6005682303385567
1 0.4311878542510121 0.4450798710256397 0.3884934975763948 0.6034539261589387 0.5626560893478034 0.4401491033755274 0.5970567767629582
0 0.6018982925541277 0.7331033522180473 0.758499107416655 0.5345332330622153 0.8313780006966554 0.6032669655414908 0.1114275161613759
0 0.5966185882767118 0.7081064547781453 0.6880219413907489 0.5908278370702262 0.7655153550394783 0.6133739451476793 0.3360341936342562
1 0.2922436366836825 0.2935463724893379 0.2185367409102598 0.5435460576319897 0.4624865364707492 0.3077916139240506 0.7388492295368599
0 0.4815210350290442 0.5702488651200768 0.5279060805958585 0.5653684784806696 0.6925148152362312 0.4950783403656821 0.2718349173740999
1 0.4161406970603767 0.5086702932183457 0.4948365890809181 0.4778897270718113 0.734462113183471 0.4242415963431786 0.2602843376888745
0 0.5725959338144693 0.6568613969820882 0.6006490025619574 0.6326333170871822 0.6897043239405847 0.5858653832630099 0.1921740687754464
0 0.2992832423869037 0.3882639941339246 0.3923564950990764 0.389173454014109 0.7363764855758121 0.309373575949367 0.1367459699210481
0 0.6178254004576659 0.6898683107827251 0.6093831393906644 0.6958501936229222 0.6504949344494712 0.6294572257383966 0.2406380933452945
1 0.3449526843865517 0.3596765441763214 0.3069809626058394 0.5326530390459848 0.5565723911545702 0.355514135021097 0.3915347273829659
1 0.3376490934694596 0.3997802860638483 0.3930243585177758 0.4360836115321188 0.7017331848112364 0.3418916842475387 0.185155586380237
1 0.4150847562048935 0.37285613756427 0.2785219093255899 0.685769531974976 0.3791192130306675 0.4216928797468354 0.7657894383058252
1 0.5033438127090301 0.5321727653800337 0.4654016154980516 0.6501972589585909 0.5843862748410362 0.5084371308016877 0.2806426399867165
1 0.1981769054743883 0.1992511024356719 0.2307382670816148 0.3246464473568685 0.6777382751425944 0.1956480836849507 0.2029157375142419
0 0.4627780848442175 0.5072393576489539 0.4673863285230169 0.5764396023136066 0.644394835326154 0.4660757032348804 0.2546762052946731
1 0.191137299771167 0.077471878683321 0.0001 0.5732418107837206 0.1365389884116465 0.1860684247538677 0.8845856148141616
1 0.3063228480901249 0.3284858550156185 0.2923514339474001 0.4803987708359074 0.5910209744938951 0.3142952355836849 0.6362656867259124
1 0.1649147685266678 0.1525628009494416 0.0987135162946348 0.4203428255113307 0.4650401961804016 0.1679637482419128 0.2946097919604459
0 0.5519170920612568 0.7000593758970319 0.7132775610947077 0.5024406059093985 0.8298579485382452 0.5581810478199718 0.4325492655484655
1 0.3629916740010562 0.3698780834811698 0.3003591228469954 0.5686517478186285 0.5175004903113938 0.366148435302391 0.6597598299799813
1 0.3643995951417004 0.3548292499350067 0.3299198903924971 0.5330332405231558 0.5756735424509566 0.3679061708860759 0.3323196929227933
1 0.4215083964090829 0.5138555009606754 0.4689391435184432 0.5198553588183905 0.6882746513756152 0.4308331047819972 0.3815451032821702
0 0.480817074458722 0.5305412087764199 0.5162324659572182 0.5554098371981507 0.6923804671919271 0.4861138888888889 0.4885591378752759
1 0.3482964970955817 0.3702688513590724 0.3525728932213928 0.4892825842901519 0.6310015566549091 0.3559535689170182 0.8002505850943423
1 0.2230795106495335 0.2801397308787234 0.2954949811352694 0.3276378528780438 0.721000788100176 0.2310664556962025 0.5524575307282917
1 0.3770708854074986 0.3799316949872906 0.3754794367925726 0.5126402691897729 0.6289238728736478 0.3773979430379747 0.3729532104338259
1 0.4544185530716423 0.3962161607345907 0.2559610143658423 0.7780919199208298 0.2501011220480273 0.4632633263009845 0.6724331505270366
1 0.5090634923428974 0.6087950143033536 0.560816254789428 0.5842387373371594 0.6993634248920987 0.525575052742616 0.4664171672749737
1 0.3320174089068826 0.3219754204576718 0.2636564152779903 0.5588079772707499 0.4923400677389203 0.3396066279887482 0.609877261416556
0 0.7543057560288682 0.9500225492059056 0.945540734666506 0.6248167051883728 0.8584772225786164 0.7662090541490858 0.0378982322022432
0 0.4912004928709734 0.5952087000396004 0.5791240770279993 0.5302148560670197 0.7468088729329821 0.501054641350211 0.7046740530890073
1 0.3297295370533356 0.304138518530696 0.2144101130907232 0.5978624382416494 0.4011355424104696 0.3351244022503516 0.3626871210237458
0 0.8196860939975357 0.8378007826107838 0.6956167722266893 0.9220670538065692 0.5427711829669842 0.8359911568213783 0.420192233114581
0 0.6303207005808836 0.7082490649109057 0.657613976730786 0.6689108614605088 0.6986937784063344 0.6538897503516174 0.2657510417713317
0 0.6081459426157366 0.65731549342742 0.6089489630746093 0.6689852176206911 0.6693455353671297 0.6148680203938115 0.6819616167260386
0 0.5502451857067417 0.7019601997682646 0.6590411604983284 0.5759413524881124 0.7599687000675016 0.5670576125175808 0.1973346452955189
1 0.3445127090301003 0.3416707660695345 0.3073422337533815 0.525033915837574 0.5637615818266473 0.3472527777777777 0.6500532263825252
1 0.4126208942087661 0.386606010341867 0.247800843004424 0.7231751292057674 0.3025544370598348 0.4189683895921238 0.5092596213028071
0 0.5284224080267559 0.6272389358575703 0.6119781077324236 0.5468668228114079 0.7537513517418828 0.5386701828410689 0.2218433687095043
1 0.2830921492694948 0.3657699448093147 0.3895621766871645 0.3408700717767883 0.7696131448687279 0.2882807489451477 0.5547818386604666
1 0.4351476324590741 0.5053859093472485 0.4428265626149544 0.5615432671290754 0.6387295353280388 0.4440161216596343 0.6954418816613069
1 0.4686737546206653 0.4718507740605229 0.3656533497836822 0.6875914167801236 0.4666021230539195 0.4840046061884669 0.5701953942025084
1 0.2783404154198204 0.4452487472054507 0.507984906034435 0.2552974119356769 0.8837273268326121 0.2853804852320675 0.5463836517964579
1 0.3125704981517338 0.3531976933313928 0.3156410551227753 0.4626529105811469 0.6251101331952122 0.3173712728551336 0.561481246985032
1 0.3797987326174969 0.4068347339643925 0.3291830274393122 0.5885185063261067 0.5251551882330849 0.3944479781997186 0.326763674321332
1 0.3234818869917268 0.3009809529358502 0.2241519034985204 0.5741261406716992 0.4368253620967793 0.3333666666666666 0.3796477023628498
0 0.6697424925189227 0.7377076452387941 0.671861566928288 0.7149710073183164 0.6759463862919433 0.6871988396624472 0.3937018745376639
1 0.3615837528604119 0.3729670028426193 0.2996134722172487 0.5835148769401722 0.5027885070702149 0.3682577180028129 0.3062472279669047
0 0.6839976940679459 0.6800206379767939 0.5009956112075055 0.90453028053215 0.3936755619140293 0.7072370253164557 0.5947522982928007
0 0.5032558176377397 0.5890361789826688 0.5559550423032225 0.5602091460242683 0.7132117421341808 0.5188956575246132 0.1895710012160678
0 0.6846136595669777 0.7530521732410196 0.6870834500808953 0.7152306183562174 0.6848018416693483 0.6938782348804501 0.2343832910575331
1 0.4256441647597254 0.4569182846000694 0.3239442703304501 0.6618894473858701 0.4508359438599039 0.445334423347398 0.4337062572992344
1 0.2793963562753037 0.2777952847527008 0.2063168257120255 0.5157339938715407 0.4783497254214311 0.2888959563994374 0.4640314043985299
0 0.6765181130082731 0.7763804515569291 0.7796669929066009 0.6266619454540904 0.7884892195714104 0.6861441983122363 0.1370532446423926
1 0.3375610983981693 0.3838972235263854 0.3372447442762877 0.4955413710808709 0.6139878599066426 0.3507682489451477 0.5048106110974426
0 0.7440983277591973 0.8928689199545683 0.8256491614554001 0.6990581535165938 0.7680630824978238 0.7684941104078762 0.3147393179857563
0 0.608585917972188 0.732686157151701 0.6308813764254346 0.6598794478506891 0.6890765521699281 0.6295451125175808 0.4375045006147544
0 0.4897045766590389 0.5383507652443255 0.5307285521197186 0.5675850229052457 0.6926840588764581 0.4973633966244726 0.6628388046277781
1 0.2876678929765886 0.2643780078101516 0.204866859079323 0.528861033757378 0.4634095249829152 0.2870503340365682 0.6068869457683577
1 0.415260746347474 0.4062169178638241 0.3479948392021798 0.6105940241046375 0.5217280917574774 0.416946993670886 0.6831259830701196
1 0.4702576659038901 0.6389347392992396 0.5072976771803495 0.5498215268945446 0.6908017904323662 0.4762705696202531 0.3443720727129557
0 0.497008167576131 0.5775303612432869 0.5890917432703858 0.5240372573059013 0.7563102457909238 0.503867018284107 0.6448679040048938
1 0.4090130962858652 0.3851750747724752 0.3385103324359429 0.6047542056780219 0.5186014463627676 0.4111464662447257 0.6931813229913204
1 0.5570208061960923 0.6365638659847733 0.6160892757506015 0.5799416503536399 0.7343535878801501 0.5658271976090014 0.744756606539688
1 0.4594342721351875 0.4761701690985349 0.4810153639314163 0.5497303293818424 0.6739193011247704 0.4585174402250351 0.76625190724643
1 0.2679569970075691 0.2544352615823801 0.2226373311696133 0.4798317256741762 0.5299973011233744 0.2748340717299578 0.3995745090119986
0 0.4293399577539165 0.5836132876857385 0.6096060859997331 0.4032154877599658 0.841338599596945 0.4387429149085795 0.1635326232692669
1 0.2547577363140292 0.2456119646114289 0.2368025775830357 0.4368324161965175 0.5833886097535949 0.2599812060478199 0.3752968561884641
0 0.5943307164231649 0.6862037943656601 0.7014522776680002 0.5687634409395859 0.78561696307098 0.5942146272855134 0.220925805421607
1 0.3981897025171624 0.3769589585701578 0.3298437305289611 0.6036374333491319 0.5118037842769477 0.3977876758087201 0.8384416373003524
0 0.5680201901073755 0.6672951410341771 0.6599360388948751 0.5695149465756151 0.7644705808975407 0.5703973101265823 0.18265101061154
1 0.2617973420172504 0.267451135315092 0.2672652211193833 0.4062923710892138 0.635710019412813 0.2601569796061884 0.3007665940970798
0 0.7775364548494984 0.823807908612619 0.6793385778043992 0.8582939359956204 0.5789181349598864 0.7989908227848102 0.3029547178727549
0 0.3915020770991023 0.5627561126307098 0.5282278071988723 0.4354600048468302 0.7817721663121728 0.4079825421940928 0.1089762013443786
1 0.3568320190107375 0.3517561224300664 0.3014094129308857 0.554096211701599 0.5320208967309549 0.3567445499296764 0.8276968548443806
1 0.3127464882943144 0.3267909698445754 0.2099288862484415 0.5781888786460976 0.4171794905480332 0.3258084036568214 0.3720828445431271
1 0.4147327759197324 0.4174428330036527 0.3251258873585145 0.6384794907411638 0.4745851885332471 0.4317119725738396 0.6074470871003871
0 0.5207668368245028 0.6141861607458728 0.5812256336042867 0.5730376491045879 0.719210644029321 0.5356820323488045 0.1998782244688452
1 0.4175486182010209 0.426345411539935 0.3341081946827177 0.630659224586619 0.4905010698337729 0.4257356715893108 0.4841797766067495
1 0.2669890512233761 0.4116873458716745 0.4605815749038859 0.2711490966740018 0.853032462746735 0.2824802215189873 0.1668220196462404
0 0.8535641964442879 0.8924621990787638 0.8056739589565965 0.868843454542493 0.6524784001217402 0.8655211146272855 0.9410940096488812
1 0.3582399401513818 0.451891317705616 0.4627228387594527 0.4068894447002493 0.7652372371399713 0.3627208509142053 0.3367421545922337
0 0.6404401337792642 0.7137617119637089 0.6869060692021473 0.6512001138369455 0.7268150922928829 0.6429917897327708 0.202211054153292
0 0.461282168632283 0.5438263497767503 0.5249936167546152 0.5248535862610638 0.7194465382577611 0.4666909106891702 0.2654606466746798
0 0.5448774863580356 0.7116389963943848 0.7183177818071729 0.5281015840871413 0.8174078978248016 0.5756705168776372 0.2360420829132389
0 0.637360306284105 0.7509769943826156 0.7075795665181144 0.6369253198888088 0.746879710992706 0.6439585443037975 0.4595671533669868
0 0.5151351522619257 0.6184525402656045 0.6191714719372889 0.5225858822561915 0.7730835118832803 0.5298815049226442 0.3774513845946055
0 0.6239850554479844 0.7705036249560601 0.7073930724933022 0.6352780449555423 0.7478124702717305 0.6426402426160338 0.3634260552736349
0 0.4962162119345185 0.6509844092398261 0.6235000535829966 0.5182725894428886 0.7780170512348881 0.5196866385372715 0.272137767339457
1 0.4212444111952121 0.4601180692398681 0.3763323296233239 0.588619554441226 0.5654899606927184 0.4311846518987342 0.317700790780111
1 0.5983784897025172 0.5963545764848645 0.4761604981005056 0.7809911746451982 0.4823819115303454 0.6024759845288327 0.424575691379392
0 0.759585460306284 0.7964825180445964 0.7029284445956372 0.8077052139974868 0.6310723947146331 0.7734157700421941 0.6894269994759713
1 0.2097042598134131 0.2040244327776227 0.1663262252308854 0.4218099297487713 0.5333689136014642 0.2143679676511955 0.5746216251085307
1 0.2476301355395176 0.3063720993783694 0.2823668432908944 0.3926136974680079 0.6589323405877175 0.2649907524613221 0.2029962025212713
1 0.3334253300475268 0.3426318133370855 0.2821051658110532 0.5379075410321921 0.5296563711512057 0.3347728551336146 0.4998740583342116
1 0.3947578947368421 0.4069720264311856 0.3421485932672932 0.5925127667256364 0.5329923901214539 0.4070157876230661 0.3245868582554024
1 0.2160399049463122 0.1849045230799829 0.1707229927373228 0.4254413066657026 0.5339931958125285 0.219553287623066 0.608654881605085
1 0.3627276887871853 0.404643372161672 0.369781279481228 0.5091463240646313 0.6275280490367238 0.3708064345991561 0.4409736731886957
1 0.2915396761133603 0.2774309440632419 0.2454688540205152 0.4922499988280205 0.5392823212865928 0.2931145218002813 0.5648942087699488
1 0.4156127266326351 0.433563579095716 0.3929413637946918 0.5636422398473805 0.599995423853398 0.4172106540084388 0.339834567387844
1 0.4527466467171273 0.559112705736121 0.5606003057746585 0.4770867440941175 0.7717142086992578 0.4622086849507736 0.2875029783253406
0 0.5598366484773808 0.6429371692173199 0.6575171495538548 0.5567765288432086 0.7711991497034328 0.5611691983122363 0.8492563964528651
0 0.722803520506953 0.8171917653008974 0.7135939174509338 0.7586957659998037 0.6712543244641234 0.7502136603375528 0.2950883211264862
0 0.5899309628586517 0.7466999795309494 0.7233016962957417 0.5676160046386549 0.7966907314812165 0.6083643987341772 0.3449921940705915
1 0.3834945256116881 0.4675843945407913 0.4539662445350877 0.4669110717970497 0.7176469723760069 0.4012152601969058 0.228026555502211
0 0.3785668016194332 0.4593629606725066 0.4991126074020059 0.407574538210304 0.7846932766468955 0.3785404711673699 0.6038417303699459
1 0.3974857419468403 0.4272800316190422 0.4533286497801014 0.4744642595215384 0.7117513614447991 0.3935691104078762 0.3295525816321797
0 0.6036581939799331 0.6585985011980842 0.590626494708435 0.6870849051590535 0.6446460836168004 0.6210200949367088 0.2359999657914333
1 0.3048269318781904 0.287030459124031 0.21852681409044 0.5628333782843731 0.4425908124551938 0.3041003691983122 0.2343945987672786
0 0.4590822918500264 0.5531672329018554 0.5432524558330919 0.509082454029603 0.7409240796365105 0.473018758790436 0.2992603743830124
1 0.4394593909522971 0.4387434691720785 0.3494661240872823 0.6503593172564239 0.486345353315291 0.4493772151898734 0.7516334967433018
0 0.4571464002816405 0.5872882782933453 0.6381670112341993 0.4161096085628393 0.8464518512675568 0.4586053270042194 0.0984243054734854
0 0.6026902481957401 0.6600400720994105 0.5857044194253013 0.6939657098282196 0.6363580306291049 0.6263811884669479 0.2953462680125642
0 0.5169830487590213 0.6236906023848218 0.581255251328995 0.5646306365834772 0.7249394540120162 0.5327817686357244 0.3142524309472954
0 0.5527090477028692 0.6575794430290715 0.6145237674445859 0.598989378934325 0.7208067685868436 0.5754947433192686 0.2576009690023179
1 0.4052293082203837 0.397045072059923 0.31484869961945 0.6242007247759236 0.4784076521106635 0.4100918248945148 0.8401479543129594
0 0.6137776271783136 0.676588487448362 0.6526440574308158 0.6521549867486867 0.7070401070392214 0.6218989627285513 0.2638508548945377
1 0.441747262805844 0.4846133335235182 0.3594650354018888 0.657804783877059 0.4886781239027503 0.45385944092827 0.3110010546958429
1 0.4490508537229361 0.4351633908449189 0.3280551128791257 0.7009693292662337 0.4164742505544274 0.4599236286919831 0.7352917257230227
0 0.704588540749868 0.7917302972251221 0.7111247430718097 0.7336787312349207 0.6865064915301918 0.7341303797468355 0.4007059355059515
1 0.4045253476500616 0.4065232476518211 0.3444270425180753 0.6046234468749665 0.5240001440080304 0.4129920886075949 0.5214904662511263
1 0.5023758669248373 0.5561557611754974 0.5647794969188149 0.547445466263082 0.7271434598505192 0.5029881504922644 0.2327934926192599
0 0.6169454497447633 0.7099281582254398 0.6765639502973759 0.6284445867302528 0.7358411871343519 0.6384216772151898 0.7552203350505368
1 0.412268913923605 0.4455233321390368 0.4522747795316859 0.5044626803765749 0.6889198709442333 0.4148377109704642 0.4425239765827854
1 0.2850280408378807 0.2886144790167248 0.2694317088613776 0.4675467534143336 0.5833114904866047 0.2895111638537271 0.5310934977825079
0 0.6389442175673297 0.8080357113535055 0.7730326225719187 0.582174241727315 0.8109651239495197 0.6475619022503516 0.1423917946810678
1 0.4103330223552191 0.4812338762305808 0.459252357456533 0.5037539136445819 0.6939622845551212 0.4152771448663854 0.6065637747014291
0 0.4442111248019714 0.5689816492059216 0.5736060670861722 0.4652042166072268 0.7861466782170926 0.47020638185654 0.2145457989273885
1 0.4300439183242387 0.4404700991975326 0.4086590997340382 0.5679836545417779 0.6084523715253612 0.4326787271448664 0.3556742105434834
1 0.38745430381975 0.4458507714495102 0.4070893603244929 0.521027739386733 0.6452773449470492 0.4008637130801687 0.2016332137973131
1 0.4252041894032741 0.4991023618705746 0.4785754818074983 0.5065127178441616 0.7041961159714888 0.4291632559774965 0.3874982027635342
1 0.4703456609751804 0.5412337459055854 0.4668803861817069 0.6088404579936745 0.6187008590920164 0.4873443037974683 0.741849705735844
1 0.4168446576306988 0.4493198233569275 0.3910419237793266 0.5875007166634421 0.5783943520650808 0.4206382383966244 0.4299070307046063
0 0.6806538813589157 0.7221202771573937 0.6513937663377682 0.7343541330232422 0.6499072926141262 0.6850895569620253 0.4715103891761276
0 0.5072155958458019 0.6072636876461543 0.6259591384075498 0.5026117204062279 0.7890276586165038 0.5189835443037975 0.6867062661832992
1 0.3741670480549199 0.3747464872449609 0.320159222753567 0.5650929793743537 0.5385868520598454 0.3781010372714486 0.3406002140535086
1 0.2463102094701637 0.258706958768079 0.2571608576860348 0.4055936138403224 0.6283309966989142 0.2536533579465541 0.4397832499482446
1 0.267605016722408 0.2727420518111967 0.261289112853083 0.434636526260881 0.6060330598600128 0.2662211673699015 0.2913362919290566
1 0.3099306460130259 0.3269493718338448 0.3149819793806379 0.4592148914568261 0.6275200230496615 0.3096372362869198 0.8194063370427309
1 0.3193461186410843 0.3148574828483054 0.2757249871576596 0.5214279598301067 0.5393018628203097 0.3267751582278481 0.6549987925375823
0 0.6097298538989615 0.6065772253121893 0.5106046100583683 0.7792849549781118 0.5132233371190995 0.6231293776371307 0.3828851488269346
1 0.3878062841049111 0.4137941084430966 0.3287737495401823 0.5910296155390966 0.5224814876734571 0.4035882032348805 0.2943610223460454
0 0.5512131314909346 0.6257393540547819 0.5721549613102117 0.6278220922097533 0.6755189152418852 0.5665302918424754 0.5322927705349338
1 0.2554616968843513 0.2765121158406438 0.325037847858145 0.3559151192816839 0.7185420444114343 0.2519835091420535 0.8475164840707244
0 0.4593462770638972 0.5239144301327635 0.5479423086263416 0.4928748765587823 0.7544565917354887 0.4593963080168776 0.2900498350956946
1 0.3703832599894385 0.3540794590336126 0.3032479901493227 0.5758979780613394 0.5133538466478518 0.3708064345991561 0.5396835879524869
1 0.3878062841049111 0.4372174601808464 0.4447951648995563 0.467358479803616 0.7116054978538405 0.3880322433192686 0.7595044821254093
1 0.328849586340433 0.3709077769821173 0.2841221003167452 0.5379625137489079 0.5314381402790391 0.3407491561181434 0.2550459182393947
0 0.3554240978700933 0.4767033859678049 0.548090722719386 0.3426096563875461 0.8496402618670504 0.356920323488045 0.1802306690864542
1 0.363607639500088 0.4116451268267217 0.3303574841383261 0.557998480185006 0.5538644929109376 0.373267264416315 0.2304519773026897
0 0.5010559408554832 0.573242872201079 0.5137310700973674 0.6061879449717911 0.6534163937401531 0.5229384493670887 0.826349106946601
1 0.4207164407674705 0.3816742780106468 0.3399505349835768 0.6226068337525312 0.50342604960773 0.420110917721519 0.6884892789663538
0 0.5830673472980109 0.8135219312178651 0.7975477991581675 0.4977809532046486 0.867126444984116 0.6110888888888889 0.1276050795705685
1 0.1291007745115296 0.1040739055383932 0.1078723908238304 0.3170956428426421 0.5821072434712986 0.1378185829817158 0.4583672250951554
1 0.2969953705333568 0.4128014774625275 0.3875213201730542 0.377554350701539 0.7419315154908105 0.3084068213783404 0.7758970558996172
1 0.2679569970075691 0.2362341801073384 0.1905448991005479 0.505043548157827 0.4731185266365992 0.2733399964838256 0.3350258409086923
1 0.142124045062489 0.1139428490081939 0.1217440637461871 0.3334552691281943 0.5788256616306903 0.1444979781997187 0.4316246554269587
1 0.1142296074634747 0.0564828899688596 0.0535774057170388 0.353643602140392 0.488745821358841 0.1131223980309423 0.3806291787927867
0 0.6178254004576659 0.6882949262219661 0.656246353882163 0.6439813699525925 0.7145196290693786 0.6255023206751055 0.2973082375933298
0 0.5410057032212638 0.6310882814523485 0.5738312919817571 0.6093765214219964 0.6896348817046977 0.545789011954993 0.2150566124241514
1 0.3005151733849674 0.3038587770725356 0.2832072055458076 0.4828166170873013 0.5812121714358711 0.3027820675105485 0.4486155545385687
0 0.6097298538989615 0.6169687503193252 0.5897400785189477 0.6799395641507778 0.6492603282657119 0.6129345112517581 0.5885258472193287
0 0.5677562048935046 0.6942985710990865 0.6834035291532519 0.554329448545931 0.7855750883558723 0.581295270745429 0.4386242916392591
0 0.5482212990670657 0.7305107483468823 0.8155280363426838 0.4253369220562161 0.9104175723303544 0.5526441807313643 0.1468340858125255
1 0.256341647597254 0.3077132791918883 0.3404372746242516 0.3439890584873361 0.7376037636844276 0.2600690928270042 0.2360273337266143
0 0.6192333215983101 0.7008143233230005 0.635414841122834 0.6744237034391439 0.6818008204199617 0.633148470464135 0.3091696973566301
1 0.3078187643020595 0.344242260418223 0.2587755118868962 0.5258376932186886 0.5195677054138783 0.3249295358649788 0.5340729973605148
1 0.3431047878894561 0.2757305800848386 0.1244646633158304 0.7232420179737945 0.1305317115734849 0.3492741736990155 0.6237865638027469
0 0.5253425805315965 0.5937566549477321 0.5337938238922871 0.6229315858709337 0.6543125126434584 0.5473709739803094 0.2000247330559822
1 0.3513763245907411 0.3837810405820689 0.366267836204006 0.4788660488759128 0.6496759348131561 0.3571839838255977 0.2894213558656382
0 0.6586551135363493 0.6736157510312292 0.5648681873581889 0.7982127286422638 0.5411157358963924 0.6641725035161744 0.347472187861581
1 0.3932619785249076 0.4258226688612068 0.3752125518006947 0.5498131062182846 0.5977760639526888 0.4064005801687764 0.5681508291766455
1 0.275876553423693 0.3043339830403438 0.2988334845550104 0.4202127022310118 0.6481227318386189 0.2767675808720112 0.5754687200603329
1 0.3728471219855659 0.3983071314495037 0.3843167474535055 0.4960829953331381 0.6488548414410855 0.372915717299578 0.6784324641264907
0 0.4726335328287274 0.6213039372138462 0.650217845025994 0.434740275347631 0.840981966606611 0.4830378516174402 0.1362190961988496
1 0.2823881886991727 0.2262385795026794 0.1459479287534954 0.5820933714590826 0.3377445518125257 0.284150070323488 0.3350106000825136
0 0.4978001232177433 0.5840991289854813 0.5463929110606893 0.579167265899093 0.6941255959440413 0.5118647151898734 0.2121628220084182
1 0.2627652878014433 0.2821038833173852 0.1862661142886906 0.5226349763875938 0.4502940152552181 0.2858199191279887 0.5184386956586592
1 0.2099682450272839 0.2069602678157701 0.1730590500900103 0.4320524908138662 0.5296623034025125 0.2192017405063291 0.4799575761157
1 0.2904837352578771 0.2632163395083785 0.2426618422980139 0.4956584661450894 0.5334491734720874 0.2887201828410689 0.3249251062686583
0 0.71849176201373 0.803494746900188 0.7002257458486199 0.7596293488998689 0.6626082426622568 0.7359760021097046 0.2310527608378623
0 0.8011191339552896 0.8446070727661859 0.7678215303707513 0.8219962137754065 0.6610944717111128 0.8133163677918425 0.731375652794358
1 0.2764045238514346 0.2534848496467637 0.1923606934538245 0.5219030130757151 0.4575299660258321 0.2811619198312236 0.3154359712339884
1 0.2896917796162647 0.2987473720881768 0.2578741241003037 0.4812314645015372 0.5607811489788553 0.301551652601969 0.6480073503178512
1 0.3347452561168808 0.3579603883414089 0.2894601256238057 0.53883778743789 0.5354441546910109 0.3498893811533052 0.6374495547723081
1 0.3664234817813765 0.2804934362362477 0.1712059894787214 0.7017546764879868 0.2275494942267648 0.3659726617440225 0.733952827337218
1 0.4587303115648653 0.5059615064028641 0.4262824596092933 0.6280157677637321 0.572255518830289 0.4709973628691983 0.3445893773958904
1 0.4411312973068122 0.5189562706130997 0.4080032786869236 0.6075193651049676 0.5749773753122909 0.4530684599156118 0.2642595712438887
1 0.3963418060200669 0.4254741200282569 0.4193585841523242 0.5108228330437815 0.6619591845780871 0.3959420534458509 0.6458446279191407
0 0.6249530012321775 0.6677756646679525 0.6004228012578657 0.7063986000050058 0.6370137188765 0.6293693389592124 0.2633252922111503
1 0.444739095229713 0.4944663239954168 0.399528703786293 0.6301044132375674 0.5487128560848105 0.4590447609001407 0.6590413807115153
0 0.4420112480197148 0.5943691533823333 0.576782649428524 0.4592576303608624 0.79153874569913 0.4620329113924051 0.1022515555227001
1 0.4230043126210174 0.4958286133314121 0.4727043374556866 0.5155685990793406 0.6938610873269444 0.4345243495077355 0.4103504286397333
0 0.6509115472628059 0.7792107389826946 0.7368355318747213 0.6247296385734588 0.7691633406372792 0.6716428797468355 0.1804194586752482
1 0.2928596021827143 0.3416971932579782 0.3689215517909286 0.3804753720796358 0.7281889319043753 0.2894232770745428 0.2276089896408854
0 0.5271904770286922 0.6303596000734307 0.6553036314687796 0.5116853962780317 0.7978133228020626 0.5313755801687764 0.8690789755165338
0 0.6973729449040662 0.8044293669792951 0.788069313577723 0.6650390980684587 0.7700329388876829 0.7063581575246133 0.8010776867042759
0 0.8194221087836648 0.8469039821812884 0.793526786192124 0.8093346942941286 0.6841273098001548 0.8245658755274261 0.3159020455313236
1 0.0835193275831719 0.0600101139191317 0.1153651869708028 0.2312126890253858 0.6704820849263451 0.0813952707454289 0.7263563407061783
0 0.4724575426861468 0.613457479366955 0.6032176078740311 0.4931036647439583 0.783554982307884 0.4863775492264416 0.7362630416021739
0 0.3975737370181306 0.5209416937156308 0.5459082869717794 0.4168363288121412 0.802859574928502 0.4064884669479606 0.2807920984111784
1 0.3380010737546206 0.3997485412094372 0.4347397846263025 0.4011063466778753 0.7532174491242595 0.3428584388185653 0.7754218043306046
0 0.5896669776447808 0.7020183718111194 0.6142233590939721 0.6555326312130305 0.6820258970136658 0.6095948136427567 0.1732223472420306
0 0.8538281816581588 0.9378460609890678 0.8358358686728279 0.8208649833042589 0.700049821263906 0.8750128867791842 0.4828646407993953
1 0.3694153142052455 0.3943838219553617 0.3528444975210539 0.5434778978184893 0.5853609088351683 0.3806497538677918 0.4277600407716285
0 0.5191829255412779 0.5908367729074868 0.5903397560769174 0.5497565446947271 0.7400471533109632 0.5278601090014065 0.1824964719116852
1 0.410948987854251 0.3483133365696997 0.2674523660832001 0.6749583369413085 0.37821960456777 0.409828164556962 0.6167943021837589
1 0.3826145748987854 0.3257823858661043 0.2220809410554483 0.6861394062076771 0.31273487821444 0.3876806962025316 0.7289343346482952
1 0.2687489526491814 0.2645945818422758 0.2550645086217841 0.4352220015819736 0.6003517078877729 0.2687698839662447 0.7889348452361498
1 0.4044373525787713 0.4391395547159484 0.3332922426404763 0.6294086747216748 0.4909152805573802 0.420110917721519 0.7644346435744362
1 0.3569200140820278 0.3866904484317726 0.4313841940576912 0.4321664082644017 0.7289650099577051 0.3545473804500703 0.9220846024077782
1 0.4506347650061609 0.4739419059168289 0.3755817969510428 0.6491267209087885 0.511242314138545 0.4606267229254571 0.4515291744163194
1 0.5349340433022355 0.5892632272053347 0.607790942585461 0.5596152500269158 0.7431633300268958 0.5328696554149086 0.1907802706394281
1 0.1337645132899137 0.084552753772309 0.1250981897020381 0.3061625863242315 0.6084617933362605 0.1328090365682137 0.6599276429477982
0 0.4837209118113008 0.672116008087048 0.7245724919674335 0.41152462977964 0.8843460257483287 0.518456223628692 0.3245668649135336
0 0.6905973244147157 0.8128567395477694 0.7337421069902047 0.7113105552361857 0.7137913579824635 0.7219141174402249 0.543475931593357
0 0.4462350114416476 0.4515007109691064 0.423272354917363 0.5851116278158793 0.6054827563123055 0.4491135548523207 0.6505632204800313
0 0.3543681570146101 0.3805759382763028 0.3581426528140839 0.4972663386686869 0.6285839897693568 0.3592932665260197 0.7112743141034856
0 0.4948962858651646 0.6415326608363718 0.6212499201789138 0.4975637633094156 0.7898201375999173 0.5171379219409283 0.1432177491320416
1 0.3573599894384791 0.3811937543768713 0.3547052066656466 0.5119761479300261 0.6136734505873755 0.356217229254571 0.5348692895583883
0 0.5010559408554832 0.543118777920309 0.5218235438023093 0.5892048708816344 0.6713485425731157 0.5057126406469761 0.5881115589550308
1 0.1830417532124625 0.1996576621700836 0.198277566270708 0.3383642056263753 0.64056678845339 0.1945055555555555 0.6262529555660715
0 0.4972721527900017 0.5409011500705376 0.5079731891323526 0.5894609865444842 0.6620795743840219 0.4997363396624473 0.3781347635748755
0 0.6313766414363668 0.6010065673579242 0.5105164078232477 0.7952678751615444 0.4995735758178197 0.6470345815752462 0.3765066172513786
0 0.6745822214398873 0.7460347878608536 0.6716096535335154 0.7241822738625939 0.6694966332974767 0.6886929149085794 0.2080399327073072
1 0.4760653406090477 0.5374583642101711 0.4933900398779896 0.5678964290461795 0.6685153691401191 0.4824226441631505 0.2498115957861995
1 0.4189565393416652 0.4598857033512349 0.3988058360217066 0.5685537184365079 0.6004392958335398 0.4294269163150492 0.5320600611459689
1 0.3277056504136595 0.3483608732806199 0.2999552151946534 0.5061717598959758 0.574414160394092 0.3343334212376934 0.4272477523562031
0 0.7208676289385672 0.7439965103814351 0.6840425885209986 0.7690916469251035 0.6461165840289999 0.7231445323488046 0.7127452996495056
0 0.6275928533708853 0.7706567092793621 0.7959409562253612 0.5521469045877632 0.8374739123484618 0.6532745428973277 0.1526893490226135
1 0.4120929237810244 0.3490262260921084 0.2739943030792319 0.6765002739809837 0.383852800617636 0.4100918248945148 0.3997231480372036
1 0.2728847209998239 0.2741623520486538 0.2338299018838688 0.4785316050357771 0.5416569665891596 0.2787010900140647 0.4885147264355509
0 0.6115777503960571 0.7182551397061063 0.7362332505607334 0.5650500815896332 0.8041772326305583 0.6143406997187061 0.2304929472655356
0 0.5053676993487062 0.5870876572591233 0.5620901424213915 0.5528666340869625 0.7218808550293565 0.5124799226441632 0.5949253554158619
0 0.6205532476676642 0.745321898338445 0.7810284318346805 0.5445682959538105 0.8353840151086274 0.6244476793248945 0.2371672819728393
1 0.305002922020771 0.3052843949759601 0.313256828283749 0.4511197617187019 0.633048183355799 0.3012001054852321 0.2462955535747624
0 0.55957266326351 0.60739566244698 0.5567472350717967 0.6382066926064782 0.6581562625343877 0.571715611814346 0.6752256631946146
1 0.1245250308044358 0.1288437547556293 0.1176812279490994 0.3154849104667299 0.5927469106682517 0.1401915260196905 0.3379345443909014
0 0.6676306108079564 0.7156045249334796 0.6527337242786967 0.7176759509659693 0.6624281813872936 0.6748068037974684 0.7268125822124304
1 0.4531866220735785 0.492898095959232 0.4303869555026742 0.5981446103366997 0.6002142192398358 0.455968723628692 0.5041652522426936
0 0.6303207005808836 0.7449364481265096 0.6601957635577026 0.6650081163350494 0.7027992452666871 0.6494075246132208 0.2049917674715705
0 0.4167566625594086 0.4530794131958329 0.4056280022592102 0.5665066997019199 0.6073639778885198 0.427229746835443 0.5072653673913189
0 0.6282968139412075 0.7802879691945622 0.7348643258341011 0.6111748918858897 0.7763448542782531 0.6452768459915611 0.2392596999153063
1 0.2908357155430381 0.3075020228257315 0.235514043823469 0.5144186206874632 0.5085598896799365 0.2999696905766526 0.2954555758734371
0 0.5509491462770639 0.6506200685503674 0.6554663662199247 0.5457977146877628 0.776988329067075 0.5517653129395218 0.1609933049720766
0 0.4801131138883999 0.6739008101553569 0.7238641075956991 0.3941886816899864 0.8931833354158537 0.498945358649789 0.3438709281274243
1 0.3298175321246259 0.4096174846792379 0.405742242054514 0.4178634924351707 0.7235516561621546 0.34523138185654 0.6280733329552415
1 0.3994216335152262 0.4311082676913441 0.3701521519790876 0.5650179876914349 0.5808084293910407 0.4102675984528833 0.4660105813636908
1 0.5156631226896673 0.5580989652330757 0.4391189767796163 0.7031882569010718 0.5184876867200583 0.5424493143459915 0.6029929966196297
1 0.3316654286217215 0.2900613675840185 0.2082414896138182 0.6035389273249588 0.3880462043797149 0.3375852320675105 0.6854611070724859
1 0.126900897729273 0.0963700578242624 0.1388989102728956 0.2817148210506577 0.6433678579381373 0.1215595288326301 0.267070110695119
0 0.5898429677873614 0.6650088669510091 0.6087024199266245 0.6470595243273136 0.6845593172776828 0.597642211673699 0.3443484740143565
0 0.5466373877838409 0.6478320001695547 0.637613550345555 0.5707635898723497 0.7520166916685457 0.5606418776371308 0.7096687831994796
0 0.4220363668368245 0.5165378605877132 0.515735148557719 0.4687250125679897 0.7527882332944053 0.4224838607594936 0.2456764154962348
1 0.1960650237634219 0.1907181822548158 0.2441393111036599 0.3117759997759334 0.6983071352035064 0.1963511779184247 0.3387662346366737
1 0.3424008273191339 0.2997981751116006 0.2690954988655119 0.5462136643188674 0.5097226109360941 0.3432978727144866 0.5048959925000135
0 0.5367819397993311 0.6966957104606036 0.6977020553278622 0.5031979901307413 0.8225246390550057 0.5527320675105486 0.1133116428127342
1 0.1664106847386023 0.1333742450184052 0.2023285224309622 0.2883728750006455 0.687447974708197 0.1620753340365682 0.6244727287404904
1 0.3936139588100686 0.4396041253518218 0.3831038853532213 0.5390993050440008 0.6128481697437942 0.4007758263009845 0.2857330759303968
1 0.3946698996655518 0.3847896245605399 0.3281345274376845 0.5929894087780864 0.5201023059434201 0.3958541666666667 0.3312215340386712
1 0.3753989790529836 0.4594844612827906 0.4467356140722101 0.4642388575703317 0.7151030834332128 0.3820559423347398 0.6855400971608528
0 0.6883974476324591 0.6867002709973375 0.5853564925273531 0.821295232196937 0.5384556446191745 0.6938782348804501 0.7671994605471306
1 0.340112955465587 0.34787519312227 0.2926528187065208 0.5364811102498939 0.5404886620376543 0.3527017580872011 0.5332249191296042
0 0.5608925893328639 0.7364986013674938 0.7124900876339169 0.5285991983898989 0.8144927197413858 0.5907870428973276 0.1378098779162311
0 0.7602894208766062 0.9007100601354923 0.8439390828713456 0.6992932969291358 0.7764987438562739 0.7741188642756681 0.1029424729761338
0 0.6911252948424573 0.7943440106187633 0.7683320292850935 0.663685275758817 0.7612385508031432 0.7008212904360056 0.3748166882239099
1 0.3319294138355923 0.2984412034415727 0.2062924154993538 0.6110504883102003 0.3776148638904227 0.3425068917018284 0.7056992854392637
1 0.3481205069530012 0.3940352731224118 0.4125844246664084 0.4296189153747414 0.7191551600318032 0.3475164381153305 0.6072174914285986
1 0.3171462418588276 0.3598032013111796 0.3099534755702552 0.4716504826052428 0.6129423878527865 0.3325756856540084 0.3057400198268722
0 0.5888750220031684 0.7215923779540909 0.6977655218808088 0.5810306185628036 0.776394406024464 0.6000151547116737 0.3947590634589401
0 0.6554872909698997 0.7363875749477515 0.7279165283687136 0.63686716955841 0.7573389679587368 0.6655786919831224 0.8285042908721479
1 0.4797611336032388 0.5239883940321274 0.4494477514347938 0.6259890857567153 0.5919568743765526 0.4919144163150492 0.4920564977836553
0 0.7505219679633868 0.8642653558576702 0.8334773539244824 0.6896269961054527 0.7771813017125299 0.7619904887482419 0.39687196638283
0 0.5573727864812533 0.6998323276743661 0.6654874094606869 0.5584357198277866 0.774193540789594 0.5721550457102672 0.1236934313978912
1 0.3091386903714134 0.3651733993726155 0.3443097107624997 0.4443203039598206 0.6617693525362655 0.3199199894514768 0.2989993137797581
0 0.6492396409082908 0.7408864814975094 0.7161399026325984 0.6493275460935541 0.7435824261339323 0.663293635724332 0.8249975898122397
1 0.4524826615032564 0.469839084910941 0.3939441353312477 0.6436127667653645 0.5321775779566497 0.46379064697609 0.6535707435126248
1 0.2873159126914276 0.2903148429951282 0.2783072621888295 0.4447079728291464 0.6110220832091383 0.2894232770745428 0.633113457784547
1 0.3011311388839993 0.3501825767279142 0.3547714397093627 0.4010033919945461 0.7033415228273321 0.3049792369901547 0.6146787771822467
1 0.4076051751452209 0.3947323707883114 0.3770992985054706 0.5639115426070146 0.5873234371498836 0.4059611462728551 0.7712997344287505
1 0.4340916916035909 0.4305273529697611 0.334757018135533 0.6695114304465957 0.4540819321926706 0.4416431786216596 0.3387460774149535
0 0.4047013377926421 0.5094465113081835 0.4926224200568383 0.4692051499954908 0.7392278047186888 0.4208140119549929 0.5962188590828333
0 0.469553705333568 0.5534893545463615 0.518547530527008 0.5404065753131866 0.7045722904955397 0.4811043424753867 0.2691017292127227
1 0.4221243619081147 0.4921694145803144 0.4441001247774157 0.5352453362885755 0.6600943639319568 0.4339091420534458 0.2965791361345237
1 0.3238338672768879 0.3360208265499383 0.2948329761676113 0.5064680723719156 0.5697953793177104 0.3287086673699015 0.3003064194743944
1 0.2169198556592149 0.2275691239842636 0.1613797397350799 0.4487602246783909 0.5011815648779562 0.2299239275668073 0.5423048461753691
1 0.4505467699348706 0.5482670842836533 0.4793911083802374 0.5557647766465417 0.6683223964946645 0.4680092123769339 0.5933957008830465
1 0.2877558880478789 0.346914145854719 0.3573908182637937 0.38632011580746 0.7163596738424037 0.2952238045007032 0.5979376309641456
0 0.3168822566449568 0.4180975504832065 0.4942771070064813 0.3190325572631141 0.8391091199734182 0.3166681786216596 0.4635387815652705
1 0.3435447632459074 0.3180414756315951 0.308444436222887 0.5174785037835071 0.5714756022614078 0.3411885900140647 0.8929095641054936
1 0.3881582643900721 0.4725003350155025 0.4684600524110721 0.4635362871850206 0.7289130155197796 0.4001606188466948 0.7039269248465491
0 0.6158895088892801 0.6674957620683992 0.5812650154140637 0.7105565075092101 0.6210660825836841 0.6261175281293953 0.3350522255647651
1 0.4303079035381095 0.3998436146312775 0.3000881694863389 0.6906106264210251 0.3975744468465172 0.438918688466948 0.5030461167375945
0 0.568196180249956 0.6947737770668947 0.6414031544954701 0.594386605514501 0.738799286800753 0.589820288326301 0.7466479439045072
0 0.4700816757613096 0.6523731257642652 0.6328887095808091 0.4753139534203723 0.8091016991272262 0.4969239627285513 0.4230470201256849
0 0.6183533708854074 0.6908029308618325 0.6355364039819393 0.6602687055268565 0.6915824049131658 0.6282268108298171 0.780905224157903
1 0.3072907938743179 0.2774361005878163 0.2464107627601428 0.5135903756809896 0.5197341574064314 0.3071764064697608 0.8097269375006044
0 0.3878942791762013 0.4532906695619897 0.4532967537688769 0.4655534363509883 0.7182185622372272 0.3970845815752461 0.6304168148300284
1 0.1783780144340785 0.2328071861034808 0.3170392721046138 0.2236590246588447 0.8115098442018793 0.1799163502109704 0.3566551953338663
0 0.5660842985389896 0.6472459289233972 0.5666878873454931 0.6449556263077999 0.6596941114467187 0.5786586673699016 0.2492062236151882
0 0.619497306812181 0.7238786520372589 0.7129079904748573 0.6054772716715883 0.7690035188079514 0.6293693389592124 0.2037561133921375
1 0.2921556416123922 0.2914554017744249 0.2074266767148349 0.5389081715809685 0.4557031815792578 0.3041882559774965 0.4515091810744506
1 0.4647139764126034 0.5077567826617149 0.4480576711905126 0.5944028113442843 0.616446254639425 0.471261023206751 0.3275770100237493
1 0.2945315085372293 0.3245996080418548 0.2438395536920507 0.5005327666541258 0.5298776092293581 0.3033972749648382 0.3944707988003562
1 0.1946571026227777 0.2015373765188398 0.1771583384713545 0.3908378880612639 0.5738338466338908 0.2112919303797468 0.6907798276491437
1 0.3952858651645837 0.4309709752245511 0.339746628340392 0.5977148380860742 0.5261451762894233 0.4132557489451477 0.699208987805064
1 0.3602638267910579 0.4517277591917722 0.4407787085065449 0.445256428950832 0.7252308322379741 0.3628087376933895 0.3013054310484294
1 0.1912252948424573 0.155958050098888 0.1397724704170423 0.4126431497960557 0.5164721170995401 0.195735970464135 0.3514244782374016
0 0.380502693187819 0.3947692721672969 0.3344129968716124 0.5731380616969706 0.5437520981683825 0.3881201300984528 0.6517213593897598
0 0.79795131138884 0.816711241667122 0.724814153072884 0.8405879547925815 0.622028154163284 0.8059338783403657 0.3822719104230568
1 0.2592454849498327 0.2547309560384425 0.2418208291040962 0.430271120583177 0.5936894407141347 0.2587507911392405 0.5661668996957946
0 0.6877814821334273 0.7905210922124288 0.7051427763544681 0.7172105894420941 0.6939563523038144 0.705215629395218 0.1848119303318853
1 0.1640348178137651 0.2573817319524621 0.3657107951508365 0.1539069089419647 0.8824689916436251 0.1635694092827004 0.8607348690034817
0 0.4863607639500087 0.6010223592144334 0.6205952382750572 0.4798561932995352 0.8004280498045805 0.4994726793248945 0.357423464077153
1 0.3598238514346066 0.3655588495845508 0.2891958443879461 0.5756512363588545 0.5004867935631272 0.3615783227848101 0.5761738950608369
1 0.5306222848090125 0.535779270895637 0.5066350212736866 0.6392475199683446 0.6233793116374264 0.5300572784810127 0.8159687932801066
1 0.487416704805492 0.5227263346425467 0.3930486059956964 0.6885138780322982 0.491121862485245 0.5132709036568214 0.5925940006500775
1 0.3302575074810772 0.3560437726136672 0.2756496409678795 0.5425282679693252 0.519366357825402 0.3428584388185653 0.4154502057349424
1 0.3109865868685091 0.4016388908901281 0.3803006165299963 0.417343634836632 0.7076570611751418 0.3277419127988748 0.3039943716499331
1 0.410948987854251 0.4113387970387247 0.2789515290686129 0.6792557416861964 0.3864218143894946 0.4333818213783404 0.3480862456647157
1 0.4853928181658159 0.5237031737666067 0.438232397855378 0.6533545359140188 0.5604758125145283 0.4915628691983122 0.3228848021189314
0 0.5554368949128674 0.6501764462955772 0.575104365939965 0.6329057974604994 0.6737441252332365 0.5709246308016878 0.2159061655737245
1 0.480465094173561 0.550933652054182 0.5280497753811196 0.5536934491672788 0.7009452422552929 0.4945510196905766 0.7686681517752312
1 0.384814451681042 0.3978108159592192 0.3939483664347775 0.5125660719102749 0.6425767747785607 0.383550017580872 0.2847909306647919
1 0.2478061256820982 0.2343331950947128 0.1823827749221158 0.4902342795882101 0.4799664383805484 0.2599812060478199 0.5778018775044826
1 0.4358515930293962 0.4605985928736436 0.3421570554743527 0.6587129458676602 0.4715796308563906 0.4442797819971871 0.362900328710396
0 0.5188309452561168 0.6175865664198937 0.5844153974614811 0.5635791642157729 0.7274582181257456 0.5354183720112518 0.2929759098421505
1 0.3194341137123745 0.2974326194631016 0.2581846220054885 0.5399022880216948 0.5054622076298428 0.319656329113924 0.7738216814616943
1 0.3982776975884527 0.4483536195648022 0.3888069247071002 0.5420853086219151 0.6147192715971909 0.4049065049226441 0.4138258286480273
1 0.3268256997007569 0.3395744776886542 0.2867219507010388 0.5142479828326862 0.5557122147150658 0.329939082278481 0.6462600633423983
0 0.5295663439535293 0.6514596152076343 0.6039089050968954 0.5736453677214614 0.7317343244501623 0.5577416139240506 0.3805918141866712
0 0.6983408906882591 0.7055138509069804 0.630482350815627 0.7944747427862678 0.5923354915923184 0.7001181962025316 0.2853599215087961
0 0.7379386727688787 0.8643078971854088 0.8463989813696543 0.6579835246467277 0.8008844841992546 0.7537291315049226 0.3071262794897268
0 0.5432935750748108 0.578142859677888 0.4971643469612972 0.6864045780695235 0.5792297526314798 0.5559838783403657 0.6690513259138826
1 0.3903581411723288 0.3865689478214886 0.2895068304973843 0.6267920687344092 0.4509716877280447 0.4005121659634317 0.4438936843806504
0 0.6759021475092413 0.8791557874145639 0.9011356285910536 0.5324109048833404 0.8879329440532642 0.6938782348804501 0.2076356411139437
1 0.2768444992078859 0.2650064592426548 0.2252956033295679 0.4754007022739182 0.5367639061288226 0.2778222222222222 0.3181532630497814
1 0.2188557472276007 0.1914573378242753 0.2025073679224706 0.3950916006180106 0.5923145542347644 0.2186744198312236 0.7355382010195038
1 0.3880702693187819 0.4081125852104822 0.411260251996341 0.4936854858093153 0.6697046110491784 0.3884716772151899 0.2534788991004639
1 0.1580511529660271 0.130227153614101 0.1364455211646326 0.3426781339624148 0.5833380111395062 0.1597023909985935 0.4994130643122693
0 0.7557136771695124 0.90809194734651 0.8435162979878706 0.6959595035336174 0.7782065343207505 0.7699002988748241 0.1162570553816533
1 0.435763597958106 0.3814048496016352 0.2948126343237181 0.6880043476782293 0.3945880817474184 0.4356668776371308 0.8544412271909424
0 0.6729983101566626 0.7421167960326789 0.6972595795394988 0.6959315405332069 0.7034744750477991 0.6854411040787624 0.6838445962184372
0 0.4223003520506953 0.5733537374794282 0.6125190380452298 0.3987404544101983 0.8452573750191092 0.4262629922644163 0.1396328773830233
1 0.3688873437775039 0.4259863885164435 0.4036213200428404 0.4920695103708262 0.665690221694185 0.3773979430379747 0.2057844543127135
1 0.3004271783136771 0.2837671847754102 0.2508872702946413 0.5047645536764598 0.5323642693948382 0.2984756153305203 0.6837239806478188
1 0.2249274071466291 0.2632796680758076 0.2403905533762822 0.3910016940466225 0.6277276518454039 0.2374821905766526 0.780442263577744
1 0.2847640556240098 0.2584376915004603 0.2119648607200174 0.5290467652771493 0.4705463722611075 0.2900384845288326 0.7979177554098955
1 0.409629061784897 0.4185938659734911 0.3112110897271044 0.641380652033742 0.4582530027733587 0.4191441631504922 0.3329560383857163
1 0.4553864988558352 0.4361455476349462 0.2663864534631999 0.7957456293787833 0.2431677160940666 0.4709973628691983 0.3954886565573003
0 0.663846822742475 0.7784503127493658 0.7751652614856749 0.6157476368564095 0.7927213574449639 0.670060917721519 0.4706505115959173
0 0.559924643548671 0.7103347179598513 0.7223435140809996 0.5094528049043565 0.8298401517843245 0.5709246308016878 0.2055243769885675
1 0.263645238514346 0.3667891641197204 0.3662518881983937 0.3669066438918617 0.7366493691359308 0.2787010900140647 0.2756762610905336
0 0.5139912163351522 0.6708118907939075 0.7236937243112502 0.4470427244827299 0.8649929282493775 0.521971694796062 0.0628643442814406
1 0.335801196972364 0.3846945511386997 0.3606489307164691 0.4666829191346104 0.6554612756612468 0.3528775316455696 0.2996123883037845
1 0.3564800387255765 0.3039590070189503 0.2189084270818752 0.6324181926408432 0.3688131477307392 0.3568324367088608 0.4064794226701991
0 0.534758053159655 0.6225871061259034 0.5965931643591688 0.5711131273774794 0.7293069867977514 0.5452616912798874 0.7785956654123526
1 0.3567440239394472 0.3909305619044533 0.3187414776015911 0.5662621823290132 0.536267341798837 0.3765190752461322 0.5092299590497067
0 0.5039597782080619 0.553832424571951 0.5098482189350461 0.5965913927684499 0.6580030708682854 0.5037791315049226 0.3100820164892831
0 0.5509491462770639 0.668530773235314 0.6827475453713862 0.5346288792340738 0.7971304159898476 0.5590599156118143 0.5313103108258885
1 0.390446136243619 0.4314144363379482 0.3710631411159977 0.5542261761012336 0.5907599554363904 0.4022699015471167 0.5239970085780399
1 0.5420616440767471 0.5719808128114983 0.5186767419194172 0.6523214937056758 0.6217898172431293 0.5442949367088608 0.6364728308580614
0 0.6593590741066713 0.7351098848430547 0.6479683625609157 0.7338471447601197 0.6480951643178395 0.6760372187060478 0.2460951285165201
1 0.295763439535293 0.3457313680304695 0.3039378227594267 0.4538930240605393 0.6234627121116827 0.2999696905766526 0.418157500879801
0 0.6675426157366661 0.8425370504323563 0.8153809241276487 0.5972561495509332 0.8209993525572071 0.6808709915611815 0.0889056720655663
0 0.615185548318958 0.705994374540756 0.6292559817309977 0.6860402646607676 0.6699778435652562 0.6302482067510549 0.7173724472533243
0 0.5552609047702869 0.6636834789939994 0.5921363477295589 0.6104422930512743 0.6999650249658129 0.5726823663853727 0.4495475392533877
1 0.4094530716423165 0.4410139513987372 0.4157354576528303 0.5423700228079118 0.6344775069648091 0.4127284282700422 0.8294190682025717
1 0.381822619257173 0.4272167030516131 0.4356940612070172 0.4709622114815052 0.703173675010942 0.3844288853727145 0.825738326740494
0 0.5850032388663968 0.6696555401581016 0.6382915033188253 0.6204150747146826 0.7199923053779984 0.5881504395218004 0.1882306279116006
1 0.5354620137299771 0.509361912076885 0.4711415956404405 0.6778482177053119 0.5661459978960727 0.5328696554149086 0.6904999208629803
0 0.4552105087132547 0.564255694433498 0.5598821573178552 0.5076129665819 0.7512158377421104 0.4615934774964838 0.510776657087066
1 0.2632052631578947 0.2505754417970601 0.1891540051825109 0.503349244542052 0.4734277016164779 0.2794041842475387 0.7622606134659803
0 0.6494156310508713 0.7798972013166596 0.6648719466318561 0.6877166147592336 0.6902776585816012 0.6713792194092827 0.3165613341734402
0 0.52648651645837 0.5832120456172942 0.5027575403581532 0.6602049943725122 0.6042568740275269 0.5477225210970463 0.3415644830990503
1 0.3438967435310684 0.4137625247300784 0.3556612733286239 0.5092758118222135 0.6166797061761505 0.3524380977496484 0.7276722959127894
0 0.5288623833832071 0.634256482379129 0.5578100557315251 0.6090149089848711 0.679950655924119 0.554665576652602 0.5344641785657678
0 0.7947834888223904 0.9149507695960134 0.8329753172172 0.7543186031514726 0.7390753109645049 0.8232475738396625 0.5964482908747706
1 0.3123945080091533 0.3024329980277183 0.1632066000514344 0.6366887465501097 0.2955460055746395 0.3281813466947961 0.3818227157504141
1 0.3522562753036437 0.367591648256609 0.2714414830380192 0.5831251426219524 0.476119896841945 0.3623693037974683 0.2850760816061995
1 0.3756629642668544 0.3957725384798006 0.3318626178516669 0.5683370051833273 0.5458688650170778 0.3929539029535865 0.7547282038568316
1 0.3997736138003872 0.3894045529132214 0.336642625697051 0.59495778157402 0.5259054435454317 0.4068400140646976 0.5712106298818305
1 0.4083971307868333 0.436187766679899 0.3717939828833903 0.5903278395572064 0.5602517827887019 0.4182652953586498 0.285276178904739
1 0.3108985917972188 0.3311048860752271 0.2797487666144726 0.5028595742735019 0.5600518310240625 0.3245779887482419 0.5506643573944513
1 0.4414832775919732 0.4999947629047291 0.5009202650177254 0.5000780501360887 0.7224831530149893 0.4443676687763713 0.2144099425305914
1 0.3182021827143109 0.2946869312686346 0.2184583027602079 0.5727437198389105 0.4321849457509255 0.3301148558368495 0.4772396287805014
1 0.3832305403978173 0.3916328160949274 0.2934524972736476 0.618684228541553 0.4629140075208072 0.3956783931082981 0.6452907140214637
0 0.4944563105087132 0.6112238985192818 0.5985725071373463 0.5197765539990521 0.7641373279564752 0.5082613572433192 0.1367467893203051
0 0.7654811300827319 0.8116368992031414 0.7515802767369713 0.7796408477106077 0.6795507523948403 0.7708670534458509 0.6593370199634114
1 0.2363667664143637 0.2083436666742418 0.166308975347264 0.4782208344175798 0.475749654569201 0.2346698136427566 0.8200793915923636
0 0.6426400105615209 0.6836904720598264 0.6005243477425802 0.7485445613280951 0.6058955712120757 0.6593387306610408 0.4980694134107744
0 0.5601886287625417 0.632561436066693 0.601340787989075 0.6046143906759699 0.7094014920153375 0.5711882911392405 0.2931366759763579
1 0.2423504312621017 0.3035102282395859 0.3094887051209849 0.3468744905921833 0.7152569730112337 0.2477649437412095 0.3158114199735084
0 0.559924643548671 0.6091909387058306 0.5744410590942977 0.6286891041031596 0.6763354721864858 0.5661787447257384 0.4831456947445184
0 0.6773980637211758 0.7916299061373144 0.775743132586991 0.6368198231145334 0.7807347202453792 0.6886050281293953 0.6542669051213028
0 0.3742550431262101 0.552992877914684 0.6014582824794018 0.3518706525859627 0.8675434473553969 0.3881201300984528 0.1432775652777966
1 0.3981897025171624 0.3990780318733742 0.3619914924134159 0.5615011637477757 0.5772204642182277 0.3961178270042194 0.2906443911965147
0 0.4591702869213167 0.5583313311217089 0.5346683604449407 0.5171281718749565 0.7304972755746884 0.4713489099859353 0.235381810992014
1 0.0840472980109135 0.0001 0.0271295912261912 0.2974007932354141 0.5220124908642506 0.0816589310829817 0.4945735284210574
1 0.3475925365252597 0.4395989688272474 0.3581748742948106 0.5124755099203093 0.615932591467437 0.382143829113924 0.2492326082712609
1 0.2320550079211406 0.2654710298785282 0.2645825387467568 0.3753309744075445 0.6601467073258414 0.2345819268635724 0.5169423087356746
0 0.4542425629290618 0.5886507287707335 0.6072861393874089 0.4534243260422969 0.810181368865087 0.4685365330520394 0.8729367072181059
1 0.2827401689843337 0.3006377217688676 0.2752279952276626 0.4402326217180106 0.6124618754969254 0.283798523206751 0.2685079925111596
1 0.6354244147157191 0.5957685052387071 0.5188550992066722 0.8018919286451243 0.5009460196054752 0.6375428094233474 0.3228990596660018
0 0.6678066009505369 0.791455712291536 0.7687419581232279 0.6337057617051943 0.7792439803875443 0.6742794831223629 0.144380968317163
0 0.6894533884879424 0.7735450076065894 0.7089551633695436 0.7204477833816494 0.6940038103142698 0.7034578938115331 0.2489153368789821
1 0.427492061256821 0.4115078343599287 0.367793474495991 0.6102085795648897 0.5393636280250935 0.4285480485232067 0.3836902905367827
1 0.4640100158422813 0.4834621394122868 0.3779930377587593 0.6716801517852425 0.4928540798668676 0.4810164556962025 0.5511923782756096
1 0.382174599542334 0.4023675722690458 0.3349259368072216 0.574376059987867 0.5430810558587814 0.3973482419127989 0.755950747548154
1 0.5311502552367541 0.5699689625205234 0.4894805002164805 0.6729778892133793 0.5842313383951377 0.5419219936708861 0.8284915082437401
1 0.4144687907058616 0.4989439598813053 0.5109193390670829 0.4508140752823974 0.7622226066081746 0.4206382383966244 0.2111072718856558
1 0.271916775215631 0.2787932333992372 0.2574034951999921 0.447751650095407 0.5910244640534875 0.2794041842475387 0.4495155826823679
0 0.5236706741770815 0.5987940960327273 0.5632919385585978 0.5864684688585199 0.699300612819437 0.5330454289732771 0.3757172080072632
0 0.56951610631931 0.6544271951001928 0.6316642933131935 0.6047870939796409 0.7266165363520805 0.5832287798874823 0.570105915803653
0 0.712860077451153 0.8089967586210565 0.7200775954060555 0.7538117737690342 0.6783402241722679 0.7294723804500703 0.2052819986883711
1 0.45697041013906 0.4760117671092655 0.3806298289315628 0.6514023689478683 0.5136588341562197 0.4677455520393812 0.3354257077460685
1 0.426524115472628 0.4606408119185963 0.4217486694423917 0.5599506471511564 0.6247597814121444 0.4281965014064697 0.2762442686554295
1 0.4435071642316494 0.467045860005554 0.3708148078857504 0.6340527571193778 0.5206449324600244 0.4528926863572433 0.4721760691324481
1 0.4577623657806724 0.4985320824809263 0.4293270640684664 0.6177492157153306 0.583228787924267 0.4731066455696203 0.5108220518058992
0 0.5439095405738427 0.6863148207854023 0.7164775772412244 0.4870312449957471 0.8399466142755726 0.5529957278481012 0.2594088915227828
1 0.4798491286745291 0.6310249528849193 0.5612567777607776 0.5415281140626012 0.7291468160124644 0.4992090189873417 0.2515034913718848
0 0.5512131314909346 0.6459627600113402 0.6165135252468367 0.5787397179780455 0.7353816121360447 0.5616086322081576 0.3851829082231854
1 0.3184661679281816 0.383981661616291 0.4607151801345759 0.3370836273121267 0.8110087434444235 0.3172833860759494 0.1134915828895535
1 0.4797611336032388 0.5602321549929413 0.491032501538151 0.5913057501681492 0.6492955728175942 0.4941994725738396 0.6553683416024526
1 0.5072155958458019 0.5207251196835065 0.399054169251954 0.7191864296301829 0.4684735738632754 0.5132709036568214 0.3220557339507813
1 0.5084475268438655 0.5447927147102686 0.4476615748062255 0.6686798489457548 0.5551413227657639 0.5171379219409283 0.3092059148037859
1 0.2900437599014258 0.3156072737496996 0.2874392854840862 0.4615880922359739 0.6036004878682134 0.2941691631504922 0.5096458861125185
1 0.3319294138355923 0.2978338615315459 0.2142942459479079 0.6011827267790152 0.3974394008902949 0.336003270042194 0.421526542864547
0 0.7927596021827144 0.8714996375527462 0.8359484811206204 0.7376210376507334 0.750452322103313 0.8119980661040788 0.7635557559314655
1 0.4252041894032741 0.4961823186889363 0.4463499327119962 0.5456615539414463 0.6535978508389533 0.4437524613220815 0.3191550605812899
0 0.6204652525963739 0.7718077422492006 0.7537936320872953 0.5670828010626477 0.8109637281256828 0.6388611111111111 0.4706159329472754
0 0.576819697236402 0.7241743464933212 0.6827758612180854 0.5708984795731928 0.7751594508847455 0.6015971167369901 0.2923489055307565
0 0.6695665023763422 0.8239874201243649 0.7551537691373658 0.6559419078554007 0.7593789644964012 0.6998545358649789 0.4215894727274784
1 0.2568696180249956 0.3416549742130254 0.3389511808767949 0.3584068450512075 0.7257120425057537 0.2757129395218002 0.2002436765374308
1 0.2969073754620665 0.2916349132861707 0.2725132541090606 0.4813941583221068 0.5733847403143605 0.3031336146272855 0.4823887337109771
1 0.4484348882239042 0.6060438473015264 0.6268603634593912 0.424204261658911 0.8367438964817505 0.4593963080168776 0.4912252991774372
1 0.3635196444287977 0.3324884460750917 0.307478605474841 0.5496232438007254 0.5415477433739204 0.3612267756680731 0.3069574832428016
1 0.4256441647597254 0.4392608941848394 0.346233886460039 0.6548132194751995 0.4791341784177824 0.4422583860759494 0.2410954820105064
0 0.7887118289033621 0.88129445598179 0.7894258704632683 0.8001742695687791 0.6877013167345987 0.8110313115330521 0.3100548124339534
1 0.3416968667488118 0.3582349732749949 0.326491720124875 0.5137579948027678 0.5897399571675581 0.3512955696202531 0.3028457377715848
0 0.8689633339200845 0.9648230638655336 0.9257469814152292 0.7687298756072939 0.7747546619720375 0.8820438291139241 0.5679769526543275
1 0.5028158422812885 0.469242378332849 0.321334818595839 0.8073774431460855 0.2983512625308975 0.5079976969057666 0.4497443589548996
0 0.3994216335152262 0.4245923543260371 0.4086989697480687 0.5240995385340882 0.6439858589419354 0.4025335618846694 0.8719498227530733
1 0.4886486358035556 0.515909570296603 0.4150767073801951 0.6755514385352402 0.522138463965533 0.4991211322081575 0.7265380834613627
1 0.4516907058616441 0.4511996988470766 0.3345592954128918 0.6883149594157424 0.4355904069570607 0.4721398909985935 0.4693648741618123
1 0.2927716071114241 0.3458264414523098 0.3237014700817417 0.4270264592514666 0.6609217385112934 0.3014637658227848 0.3260979943650114
0 0.3773348706213694 0.4286265290985285 0.3846666271684674 0.5062675649485183 0.6409031819980888 0.3904930731364275 0.2863492641715995
1 0.234518869917268 0.2238994510426241 0.2025015094714294 0.4308238664833346 0.5585551589149208 0.2384489451476793 0.5082396331077951
1 0.1873535117056856 0.2152608221079931 0.2483248489031111 0.3034423901309002 0.7081152403496122 0.192923593530239 0.3511604677968224
0 0.6822377926421405 0.7753931382423275 0.6864499236946876 0.7211506715283288 0.6804458244302678 0.705215629395218 0.349828124605073
1 0.4800251188171097 0.574066465860444 0.5834803235814016 0.4963322791265694 0.771309768742509 0.4859381153305204 0.1527516233661393
1 0.3826145748987854 0.3341728570555931 0.2237580854007493 0.6737227218606743 0.3287927845903728 0.3815286216596343 0.4547335171504247
0 0.7093402745995424 0.7786615691155226 0.7459691825174893 0.7052255839139266 0.7242506149484943 0.7104888361462729 0.6456045439368634
0 0.4773852666784017 0.5532147696127755 0.5457152835569213 0.5317930179026812 0.7268241651478229 0.4953420007032348 0.3072503365372243
0 0.5392458017954584 0.5968931110201017 0.5865576377255548 0.5934879763649489 0.7083361294718054 0.5411310126582278 0.2239808536111018
1 0.4720175673296954 0.5549518738287714 0.399365969035148 0.6752962761564953 0.5087085449185688 0.4977149437412095 0.4017921311609226
1 0.353664196444288 0.3903813920372814 0.4102309546953485 0.4363384561494953 0.7126722562212098 0.3526138713080168 0.3106765725901032
1 0.3190821334272135 0.36038943369873 0.3348886705492094 0.4707412084498526 0.6330624905501274 0.3265993846694796 0.2295698120626913
1 0.2639972187995071 0.2743049621814141 0.186194836467689 0.5029113693765347 0.4708101829662862 0.2771191279887482 0.3335609189171735
1 0.2887238338320718 0.3512440150832727 0.3943950733266707 0.3470986712375189 0.7679898017463853 0.2895990506329113 0.2509277814539739
1 0.45697041013906 0.4417162055892112 0.3827086026426899 0.6408539625657848 0.5249416271860357 0.4550019690576652 0.6261284068790199
0 0.6442239218447456 0.6787112030176861 0.6285516657280419 0.7137112423736914 0.650015817917447 0.645540506329114 0.7305515010217494
0 0.5917788593557471 0.6690481982480749 0.6527698513934509 0.6122104761851791 0.7334159432176964 0.5929842123769339 0.1379886708340907
1 0.3557760781552543 0.4029378516586942 0.3934909190493087 0.4648880440457684 0.6799129686805221 0.3623693037974683 0.5374826815484041
1 0.2969953705333568 0.2961916695959973 0.2712372509253321 0.4730638851714407 0.5798550817104218 0.3017274261603375 0.2995842009693465
1 0.4797611336032388 0.4701241440350688 0.3985801229218684 0.665219586525653 0.5170241654270435 0.4814558895921237 0.2981458275137518
1 0.30139512409787 0.2833237236620131 0.2580396253422182 0.4938813856928722 0.5491469572980938 0.3012001054852321 0.7965160910410107
1 0.3486484773807428 0.2931556046114353 0.2281144946889028 0.6059874375483938 0.4076707896149478 0.3496257208157524 0.751073191531421
0 0.5084475268438655 0.6880466073354309 0.7682044452401957 0.3994469968126132 0.9066907226857672 0.5104585267229255 0.7150443700845674
0 0.5698680866044711 0.715593889601545 0.7205205593986725 0.5288391082229653 0.8179714616989597 0.575231082981716 0.1347781006656328
1 0.3672154374229889 0.3619312345464711 0.3277257377428081 0.5452087439916189 0.5630500606257753 0.3686092651195499 0.8377284321871306
1 0.3402889456081676 0.3178408545973729 0.2655718032989677 0.5617672888937268 0.4913075070555558 0.3394308544303797 0.3685904010302893
1 0.4215083964090829 0.5684853337156371 0.5485903184054013 0.4438352412311108 0.786970563236837 0.4440161216596343 0.6794386864139865
0 0.6179133955289561 0.731160148160469 0.7020265686047912 0.6077111340907366 0.7621754975536784 0.633148470464135 0.3552684440314574
1 0.2983152966027108 0.327868200056443 0.3650696202313249 0.3892519410720791 0.7191066551534702 0.2966299929676512 0.8360760316456287
0 0.576467716951241 0.6348742984796976 0.5741180306132747 0.654992754648289 0.6572165241361787 0.5854259493670886 0.3362890268031578
1 0.3255057736314029 0.3164046013620138 0.2242998293873113 0.5852234798175208 0.4253977523438825 0.3402218354430379 0.3647923215946207
0 0.6456318429853899 0.7073672992086858 0.5749474896398611 0.7739769102013461 0.5680254746924908 0.6701488045007032 0.3292530092638503
1 0.4467629818693892 0.4986589007571775 0.4965275658800665 0.5208953917768361 0.7049711471569409 0.4489377812939522 0.6288824077815228
1 0.397045766590389 0.3883273227013538 0.326793430353498 0.6092389307495225 0.5037980366602701 0.4039397503516174 0.3259042883806759
1 0.2623253124449921 0.2958273289065384 0.279778384339181 0.4034566686385055 0.647817744330251 0.2701760724331927 0.2856114770806701
0 0.6233690899489526 0.7500161082564576 0.734302240003646 0.5881068464734741 0.7897883826076273 0.6356093002812939 0.5385682216839696
0 0.5235826791057911 0.6221963382480008 0.6110139043318891 0.5389016574729183 0.7583893253960221 0.5341879571026723 0.6057771514147873
0 0.6271528780144341 0.7377447077591724 0.6891612473835156 0.6402560945513286 0.7350514997986121 0.6449252988748242 0.4137138987095322
0 0.4941923252948424 0.543118777920309 0.4302810151796788 0.661520685317958 0.5470800911515686 0.5132709036568214 0.437037115278608
0 0.5441735257877135 0.6798833455100008 0.7251373442886581 0.4926143122367764 0.8405143656212414 0.5465799929676513 0.8464266830590229
1 0.2803643020594965 0.3047721264877736 0.329336486309642 0.398087454798342 0.688316526090723 0.2819529008438818 0.8268151812439363
1 0.4164046822742475 0.3784901240859642 0.3038151207570633 0.6537115408113038 0.4387107711445043 0.4185289556962025 0.4592077648529024
0 0.5378378806548143 0.6192287583554423 0.6284935694218832 0.543261343445993 0.7647905735121556 0.5424493143459915 0.4860770136462185
1 0.5338781024467523 0.5592975349138342 0.4692634738774752 0.6855798284381011 0.5582595932174522 0.540515805203938 0.3264954030046169
1 0.3221619609223728 0.271907661678504 0.1878776765292802 0.6052214737701068 0.3624946021769435 0.3239627812939522 0.4015468030234013
1 0.3967817813765182 0.3831632244815003 0.281735920660705 0.6536392501000154 0.4159078950325955 0.4075431082981716 0.5558904858550773
1 0.2571336032388663 0.2846491116190229 0.2447450098474219 0.4293866318145142 0.596965090303436 0.2680667897327707 0.3355661527787044
0 0.6365683506424925 0.6489725589488514 0.5841433049575666 0.7383010469788952 0.6021805860701025 0.6400915260196905 0.6164719505160872
1 0.2804522971307868 0.292479616468012 0.2687841872865714 0.4507047653717022 0.5979013391420528 0.2868745604781997 0.3145874013635236
1 0.3281456257701109 0.3544702269115152 0.246866420063349 0.5706439527171847 0.463977276328584 0.3453192686357244 0.4496122717946843
0 0.6168574546734731 0.7120349207968618 0.6852652147063515 0.6182944942233332 0.7469271690031615 0.6371033755274261 0.3693091780584581
0 0.6955250484069706 0.7488280127662408 0.6749496215660168 0.745437967310911 0.6568905992702568 0.7075885724331927 0.2366105821176889
0 0.4876806900193628 0.5615892878043622 0.5523052273045409 0.547859827087345 0.7196042663513336 0.4963087552742616 0.746405729484162
0 0.3343932758317198 0.458011306668446 0.5406827113777601 0.3136898764972037 0.863540573547058 0.3359153832630098 0.2389878232418607
1 0.3026270550959338 0.3804069009550987 0.3756735793506887 0.4016371670436203 0.7165676515941054 0.3116586322081575 0.5184868763349659
0 0.6040981693363845 0.691637320994525 0.6535945911122542 0.6349469376097737 0.7189918486428831 0.6107373417721519 0.4287769152494644
1 0.3271776799859179 0.3708127035602771 0.2773881363143622 0.5473423526990686 0.5164079092030416 0.3387277601969057 0.3059499499164947
0 0.4202764654110192 0.531201243921941 0.5235001999433571 0.4696382587404836 0.7565101975555631 0.4362820850914205 0.335317874803858
1 0.3882462594613624 0.3701473507487885 0.3266979050545758 0.5922771466710421 0.5194651123618643 0.3893505450070323 0.7926793359604157
0 0.6825017778560113 0.8744353114495005 0.8801467513273674 0.5729930036323416 0.8599843633665349 0.7132133263009846 0.041598639246487
1 0.2595094701637035 0.262155062294413 0.2165448675562442 0.4754437589393229 0.5285135403847242 0.2692093178621659 0.4507340293774057
1 0.2859959866220735 0.2502955391975068 0.1936108218121209 0.534437428009673 0.4457359525157428 0.2845895042194092 0.3664476719734474
1 0.19210524555536 0.1983956027805029 0.1963366288938008 0.351976943763659 0.6267139347838379 0.1916931786216596 0.8647528751997071
1 0.3792707621897553 0.3853439509522863 0.3099110018002064 0.5961597139496144 0.500436543904998 0.3882959036568214 0.5869637444759394
0 0.4093650765710262 0.4397467354845822 0.3709568753235 0.5804201989742994 0.5681769215787972 0.4217807665260197 0.7748111880043489
1 0.2654931350114416 0.2086288869397625 0.1727947688541507 0.5047812361482955 0.4547117976990825 0.2634966772151899 0.3952253016361267
1 0.3355372117584932 0.3187912665329892 0.2646053216119171 0.5618130465307621 0.4903262428981982 0.3495378340365682 0.5414452963548616
1 0.3007791585988382 0.2519377311330554 0.1733597839101263 0.5907857336889264 0.3613842243146705 0.3042761427566807 0.5398861434487972
1 0.3017471043830311 0.3077450240462994 0.3265335429559193 0.4321182674171043 0.6588150913854158 0.3009364451476793 0.4659555177336258
0 0.6908613096285865 0.7402053368295117 0.6121146421886342 0.7963593854616546 0.5778859232324812 0.7064460443037974 0.3297895518972805
1 0.3212820102094701 0.338993724108464 0.3176573386894628 0.4979051978996539 0.5963722141287026 0.3220292721518987 0.2619372298699304
0 0.5803395000880127 0.6733780674766287 0.683605482979423 0.5677232491004561 0.7775166483893509 0.5842834212376934 0.7403992051712469
1 0.2569576130962858 0.316483882927345 0.3392454053068651 0.3353874171281418 0.743323500812183 0.2601569796061884 0.2783851950339061
0 0.5197988910403097 0.6575689688385297 0.7013017480231911 0.4653677048312171 0.8456300599835679 0.5309361462728551 0.483195514219339
0 0.5394217919380391 0.6019780888160169 0.5298929091725887 0.6600933012515549 0.6236933720007344 0.5585325949367088 0.7756486140449197
1 0.3256817637739834 0.3328474690985832 0.2804438067366132 0.5271198603397788 0.5382410367042475 0.3353880625879043 0.7237573701430843
0 0.6637588276711847 0.793224561361943 0.73772927112801 0.6529759232436895 0.7524298555242751 0.6833318213783404 0.2068657335721431
1 0.3159143108607639 0.291914654744331 0.2708343196814969 0.5050259124018864 0.5501952209996237 0.3127132735583685 0.3034575012568001
0 0.5177750044006337 0.6562540550720616 0.6325715395508273 0.5128816089489967 0.7859481222762902 0.5318150140646977 0.6183001941381236
1 0.3449526843865517 0.3566509533823011 0.3235816973048989 0.5075959663486961 0.5927406294609856 0.3512955696202531 0.6457787482188843
0 0.5405657278648125 0.635734954659441 0.5880907618160924 0.5965653363362492 0.7071259502051923 0.5602903305203939 0.544050002712754
1 0.3403769406794578 0.3897582582707455 0.4133862187853002 0.4186523350319752 0.7277349402014157 0.3415401371308016 0.3685505782264029
0 0.5874671008625242 0.7028790279908628 0.6587171556087985 0.6004987454337496 0.7441882136791574 0.592632665260197 0.2248050053837104
0 0.5951226720647773 0.6541948292115596 0.634193191345988 0.6301458810961305 0.7111741882882311 0.6064308895921238 0.2087469103861765
1 0.4558264742122865 0.5453945778129351 0.5059311934749843 0.5374196184511676 0.69891362066065 0.4779404184247539 0.3748465143568617
1 0.2430543918324238 0.2097007994856627 0.1950329608023777 0.4402956973496181 0.5424846901244557 0.2447767932489451 0.8478593207198191
0 0.5955626474212287 0.6252535127550392 0.5307799763010804 0.7302661330200639 0.5694977198844865 0.6031790787623066 0.7244540233913164
1 0.292419626826263 0.2608878463802579 0.2393962440467858 0.4975841000369869 0.5285676285584049 0.2945207102672292 0.4694528776420053
1 0.3511123393768702 0.3603154697993662 0.3074471976678701 0.539159838584662 0.5510724962811305 0.3609631153305204 0.6813480505624581
0 0.7095162647421229 0.7956323360553947 0.6934691617158277 0.7600373544967659 0.6582159340034163 0.7253417018284107 0.2068146030585114
0 0.6319926069353987 0.7319152567278304 0.6635018827619659 0.6615389565966353 0.7070038156194614 0.6396520921237693 0.2281742112483078
1 0.4882966555183946 0.4978509378129286 0.3810337365839049 0.7096337284956671 0.4604566596559025 0.4970118495077356 0.3572638451019053
0 0.4920804435838761 0.5574389300875543 0.5278090906841761 0.5635129109704824 0.693785014927832 0.4995605661040788 0.4507886013679165
0 0.3951098750220032 0.4326764957275288 0.3999125950642442 0.5336053698667798 0.6299616678964008 0.4086856364275668 0.6874492974294729
0 0.5616845449744763 0.5947334940717922 0.5147095941560027 0.6736542442858056 0.6023913554694781 0.5673212728551336 0.6798441251663099
0 0.6898933638443937 0.8048623539021506 0.7381343179236101 0.6857530083838245 0.7323212683735888 0.7089068741209564 0.7586074038189349
1 0.3442487238162295 0.3856027440293632 0.3735407777021814 0.4656970644894599 0.6654494420823156 0.3518228902953586 0.5569012967784119
0 0.7394345889808133 0.8612397650636499 0.805207886629317 0.6979329605114439 0.758896707360744 0.7545201125175809 0.8027980973841019
1 0.3163542862172153 0.3282325407459019 0.2642315198885369 0.5216591312255449 0.5286129928331049 0.3211504043600562 0.3814959393267551
1 0.4388434254532652 0.4278343580107887 0.3414888665861511 0.657214542135442 0.472365828632538 0.4502560829817159 0.4757955195301083
0 0.6460718183418412 0.6719364965753022 0.6165864304153497 0.720483372654899 0.6374111797140641 0.6494075246132208 0.8104029418875621
0 0.4058452737194156 0.5052961535913756 0.4891571462659552 0.4745937472791206 0.7334260629405142 0.4193199367088607 0.6814344152441372
1 0.4067252244323183 0.3807871946424597 0.3240362154648471 0.6207018543495733 0.4904581482507876 0.4083340893108298 0.289563931336342
1 0.3332493399049463 0.3072591827465565 0.3115040122791654 0.4993279744262167 0.5901077567485877 0.3300269690576652 0.8817668813703621
0 0.6152735433902482 0.6920596725854459 0.6737587286571372 0.6191209915422813 0.7403060786327125 0.6174167369901546 0.156037250506531
1 0.2933875726104559 0.2515416455891854 0.1228823933304469 0.6264210823369191 0.2537470139100728 0.3085825949367088 0.6221826716972547
1 0.4703456609751804 0.4775060312460865 0.441598891652316 0.6051927163662758 0.6029465444006146 0.47020638185654 0.2402405208258377
1 0.3977497271607111 0.3896158092793782 0.3406322308561235 0.579941809234324 0.5430164990063236 0.4008637130801687 0.7296729411384815
0 0.628120823798627 0.7819353176546852 0.7090965798682887 0.6202638203033719 0.7580148956517673 0.6626784282700422 0.4086983558579343
0 0.4516027107903538 0.532695508058762 0.5351733263777438 0.5013931055587978 0.7415623200859441 0.4543867616033755 0.2349018069073111
0 0.4264361204013377 0.5328909725684098 0.5339767377525741 0.4665175243424103 0.7643644982859344 0.4354032172995781 0.6479922733715239
0 0.5604526139764126 0.650889335817986 0.6296517526457825 0.5857279259896969 0.7380280941308525 0.5758462904360057 0.6917640900365541
1 0.3570080091533181 0.3556107856908119 0.2871701222056923 0.5775953004101133 0.4967058557448593 0.3621056434599156 0.4036536423927901
0 0.7250913923604999 0.8311105142583055 0.7803656131932667 0.6957221357914972 0.7479262299144398 0.7448525668073136 0.6949995699424224
0 0.3646635803555712 0.3901912451936009 0.3863851061405593 0.488213635047191 0.6566271375210375 0.3665878691983122 0.7328317252739021
1 0.3295535469107551 0.3777456508505374 0.3613433198996051 0.451011881734164 0.6685387491893877 0.3334545534458509 0.5330408820565004
1 0.2862599718359443 0.275783434461726 0.2129588445800115 0.5259222177426564 0.4747471040983303 0.2967178797468354 0.4005876142532525
1 0.374871008625242 0.4502544434360348 0.4538196205243061 0.436098705197113 0.7396755152143821 0.373970358649789 0.2081384244979888
0 0.6252169864460483 0.7003444350211596 0.5854202845498019 0.7341340832756945 0.6062284751971821 0.6555595991561182 0.2846608100627933
1 0.2320550079211406 0.2422958358859206 0.1596692347657941 0.4748347692769761 0.4723246518293487 0.2431948312236287 0.3269010056367916
0 0.6232810948776624 0.7181864934727099 0.6774978850341974 0.639911164586039 0.7289691974292158 0.6377185829817159 0.4020472920895271
0 0.5092394824854779 0.578401652754965 0.5494184755539785 0.5785716222142149 0.6964070700054936 0.5164348277074543 0.5417565041926392
0 0.5728599190283401 0.7231552883243084 0.7051733704876835 0.5499344910609751 0.7986246454072746 0.5911385900140647 0.4817638598376511
0 0.5674042246083436 0.6721530706074264 0.6286870610409946 0.6036128068430887 0.7257270476120007 0.587007911392405 0.1361137214544099
1 0.4090130962858652 0.4400582217971536 0.4096324162806368 0.540827609126184 0.6312674610958431 0.4103554852320675 0.595139382501769
1 0.4579383559232529 0.4839004440011095 0.4373951275607366 0.6078698558942024 0.5975855339989488 0.4694154008438818 0.8365406310243015
0 0.535110033444816 0.6044122906979125 0.5144674448462988 0.666007793599721 0.6081937951595712 0.5641573488045006 0.2279649366780908
0 0.4488748635803556 0.5728256771347326 0.5843908245140582 0.4507549716678936 0.8006834855667376 0.463087552742616 0.2659665437759013
0 0.6983408906882591 0.7923321603277884 0.7023795402800248 0.7350039550214155 0.6805250374330132 0.7205958157524613 0.5195588144428667
1 0.4629540749867981 0.5008660544164072 0.4316525436623294 0.6243899516707462 0.5795232245931929 0.47372185302391 0.2411472680435437
0 0.5039597782080619 0.675215562780432 0.6034680566560433 0.5358694196159165 0.7563269956769669 0.531639240506329 0.3125526691287437
1 0.4435071642316494 0.5528186840689056 0.5558979224055706 0.4822626001416704 0.7658175509001723 0.4533321202531645 0.3001458172200384
0 0.3375610983981693 0.4807111335518525 0.5354392349611149 0.3397626734082632 0.8455944664757263 0.3418916842475387 0.0425704467651923
0 0.5915148741418764 0.6989663538286554 0.6958607116186558 0.5916395584855484 0.7689619930488029 0.5996636075949366 0.8413336250377204
0 0.5815714310860763 0.6883107180784751 0.6812389942282714 0.5744950616202954 0.7721811117727088 0.5877988924050633 0.1390461875150697
0 0.5882590565041366 0.7749548336535047 0.7348335689661346 0.5821000444478169 0.793574903721243 0.6121435302390998 0.5091801395748861
1 0.2896037845449745 0.2871360067364129 0.2741936531493846 0.4612132927020641 0.5930124661532264 0.2942570499296765 0.4319799469447586
1 0.4621621193451857 0.5205298163152517 0.4992053662101586 0.5417343411906278 0.6915632123354082 0.4639664205344584 0.7120373386915281
0 0.6090258933286393 0.7634913961004686 0.6684133802862752 0.6379184830454303 0.7252831756318588 0.6303360935302391 0.1583084613668576
0 0.6318166167928182 0.6580546489968795 0.5460064160267198 0.777990395163658 0.5427718808789027 0.6401794127988749 0.4281515497365842
1 0.3504083788065481 0.3358783775585709 0.2524189297724187 0.5937726905509455 0.4462750894727547 0.3582386251758087 0.3665133877938523
1 0.2355748107727512 0.2371792743769873 0.208538480534658 0.4309095031720915 0.5639580440316944 0.2438100386779184 0.3662790396063736
0 0.3954618553071642 0.4756790101328247 0.4597478847737697 0.4782802557934519 0.7129730562580668 0.4060490330520394 0.1952240366895483
1 0.3211060200668896 0.3271764200565107 0.2712748426528466 0.5309563522199476 0.5262910398803818 0.3236991209563994 0.8413175648122848
0 0.7835201196972365 0.8397122418139512 0.766209154456406 0.7966132767949262 0.6768543696978624 0.8060217651195499 0.8243214215454306
1 0.2827401689843337 0.2756408243289657 0.2486594315514654 0.4637979636718156 0.5688210942795375 0.284853164556962 0.742156816577337
1 0.3881582643900721 0.4539560223734783 0.3966180300273124 0.5323276514048458 0.6285654951035176 0.4085098628691983 0.3158505872579891
0 0.7068764126034148 0.8005431200055314 0.7689076220998936 0.6787490711844422 0.7524483501901144 0.7122465717299578 0.521249890629295
1 0.3755749691955641 0.3946848340773914 0.327509137789034 0.5673964315331598 0.5429348433118636 0.3863623945147679 0.598186400578546
1 0.3022750748107727 0.3192084615993356 0.284725520773991 0.4911797785395865 0.5749676045454324 0.3103403305203938 0.2438147403845161
1 0.4495788241506777 0.4553605307544263 0.3699497099486632 0.6373229982412363 0.5169302962740103 0.4505197433192686 0.3286520618488263
1 0.2186797570850202 0.2060150124047282 0.1856430029265561 0.4189642178149615 0.5544685356763666 0.220959476090014 0.276848821427184
0 0.4172846329871502 0.518549710878688 0.5293376582016817 0.4469697982487052 0.7748024689384521 0.4252962376933896 0.18270312440428
1 0.4987680690019362 0.5064682960836904 0.3980525368586561 0.7019947452017374 0.4833589882161921 0.5042185654008439 0.6487000704496501
0 0.6070900017602534 0.7246917715060822 0.6873654694046297 0.630216265239209 0.7404854419957573 0.6229536040787623 0.4534818028455561
0 0.4785292026051751 0.543393362853895 0.4641168246377613 0.6035365441146967 0.6208926514719464 0.4866412095639943 0.2688283776206147
0 0.5918668544270375 0.7062847513308509 0.6785262059266831 0.5954538070699362 0.7577842357627156 0.6138133790436006 0.233921969275888
0 0.7217475796514697 0.8491109746991251 0.7619806546826525 0.7224444369393618 0.7219666981953274 0.7649786392405064 0.2855160990071648
1 0.3680073930646013 0.3948749809210718 0.3061170038120103 0.5715796010661437 0.520023441896634 0.380737640646976 0.3635465069644019
1 0.354984122513642 0.3994952269397205 0.3795917439540084 0.4718098399314451 0.6648583106873783 0.3639512658227848 0.5068774637830938
1 0.6169454497447633 0.6788853968634645 0.6149016375367446 0.6796100456118508 0.6655659933726987 0.6275237165963431 0.5581607134362956
0 0.5801635099454322 0.6588941956541465 0.5932188592941758 0.6469173261149994 0.6751287824794651 0.5892929676511954 0.2757211641698128
1 0.3586799155078331 0.3915694875274982 0.3500690563402748 0.5213599588972905 0.6021045136709903 0.3735309247538678 0.2537653610806825
0 0.3921180425981341 0.5507330310199599 0.572851954249366 0.3809048265688931 0.837947096629179 0.4062248066104079 0.1035173634947878
0 0.6191453265270199 0.6598869877761085 0.5454959171123779 0.7565364186215218 0.5596665836450715 0.6375428094233474 0.7538034298554733
1 0.4464989966555184 0.489354919011058 0.4583945825832473 0.5586959663884242 0.6518579564262275 0.4531563466947961 0.8568566523204866
0 0.5231427037493399 0.5696258924949339 0.5454121087155381 0.5973691137173638 0.6805030532075816 0.5275964486638537 0.5284422495468225
0 0.6735262805844042 0.7994658897936638 0.7578727413594977 0.6523651858938171 0.7628821333711212 0.6866715189873418 0.1779863345217545
0 0.8266377046294666 0.9718088655326812 0.9691284859059792 0.6904137732533633 0.8344613755524206 0.8320362517580873 0.4249726083794433
1 0.4423632283048759 0.4438864578694554 0.386877216028022 0.6308216006458203 0.5374279693192392 0.4485862341772152 0.2974613013745221
0 0.7025646541101919 0.8598881110595893 0.8140643999908851 0.6461384930012963 0.7930968340570964 0.7439736990154712 0.5800462120691823
1 0.3833185354691075 0.4048863733822399 0.3578313412351434 0.5506248276336067 0.5832319285279001 0.3930417897327707 0.2958493791563121
1 0.286787942263686 0.3536358367788226 0.3312701006227477 0.4117435673623986 0.6787488516005274 0.2987392756680732 0.6917173842789098
0 0.5016719063545151 0.5356895151397641 0.486976175131109 0.6137061789457668 0.6292714330090419 0.5102827531645571 0.6943417562189682
1 0.3519922900897729 0.3260887156541014 0.2909864148547952 0.5390332106793945 0.5366337455560295 0.3526138713080168 0.542517070582911
0 0.6511755324766767 0.7276382418761642 0.6672836756438261 0.6993290450830695 0.6838484939887293 0.6767403129395217 0.2253066416087959
0 0.4141168104207006 0.498373680491657 0.4768958964409301 0.4910008788892336 0.7143734165224609 0.4256477848101265 0.2371194290562353
0 0.5356380038725577 0.568010127747829 0.514896088180815 0.6419586599626794 0.6270963905151551 0.5375276547116737 0.5342045928811759
0 0.5705720471747932 0.7004341907770325 0.6425655688228994 0.6002637609018918 0.7356101782893409 0.5911385900140647 0.1609405356599311
1 0.305002922020771 0.3274774321785404 0.2975628516180698 0.4747893294013092 0.6002505106595959 0.3146467827004219 0.7814829006340304
1 0.3593838760781552 0.3591855463520041 0.2780494903430158 0.5984819140291502 0.4675258094780041 0.3730914908579465 0.5837535020671841
0 0.7288751804259813 0.9042690289401756 0.8528606901333716 0.6660494203389682 0.7992499744862166 0.7571567158931083 0.2447858923838158
0 0.6681585812356979 0.7659520251708077 0.6663385122091755 0.7209711363552392 0.6684993171659946 0.6948449894514768 0.203320684627011
1 0.3908861116000704 0.3805812559422702 0.2990985794646258 0.6259423748355752 0.4613827887717015 0.4000727320675105 0.7501115445635015
0 0.4562664495687379 0.6017932596383038 0.5911532670978915 0.4623851966283542 0.7967741319554726 0.4761826828410689 0.1106308962037997
0 0.4490508537229361 0.5414343669398076 0.5400617155673906 0.4992059540607896 0.7458119057574591 0.4615055907172996 0.2175431614091962
1 0.2930355923252948 0.1877875037412428 0.0910760489538945 0.6551605326507514 0.1697864653392984 0.2931145218002813 0.6884337236967348
0 0.6086739130434783 0.7368258795365742 0.7288507885750374 0.5721072438182057 0.7966450182505572 0.6270842827004219 0.6691642391314859
0 0.7091642844569618 0.7053501312517437 0.6076382973888869 0.8222559836939918 0.5546049774564259 0.7173440049226442 0.5049207383575725
1 0.2757005632811125 0.2597948243118813 0.2675853203748857 0.4356436709177075 0.6102990464616117 0.2744825246132208 0.5250376456343263
1 0.2703328639324062 0.2584536444983624 0.2247540220777572 0.4655686888966667 0.5456947359934216 0.2712307137834036 0.3393645599740755
0 0.5035198028516106 0.5957156508618195 0.5997944823836946 0.5128356924312772 0.7692446473757799 0.5071188291139241 0.1879313833029739
0 0.4332117408906882 0.5874784251370258 0.6099063316155957 0.406014965414688 0.839826224469638 0.4468284985935302 0.0786335191009851
1 0.3158263157894737 0.3187543651540038 0.2865733738732433 0.5050945488574392 0.5639416431016104 0.3269509317862166 0.3616050223650593
1 0.301043143812709 0.2549051498842209 0.2362248692164707 0.5216920195271639 0.502111881465266 0.2975967475386779 0.6660759233321603
1 0.3981017074458722 0.4085931088442577 0.3514381438016583 0.5855833445671205 0.5472681784135941 0.402357788326301 0.2870364123884513
0 0.4517787009329344 0.540050968081336 0.5646792523121095 0.4657817478941118 0.7811747537099694 0.4561444971870604 0.1367161437880963
1 0.4574983805668016 0.4454231021926221 0.340406192286783 0.6953065039217611 0.4346063511520293 0.4663393635724332 0.6673615607662654
1 0.4274040661855307 0.5338254315061239 0.4530645312789929 0.5484799383975822 0.6560569434836541 0.4506076300984529 0.2339352435438501
1 0.4381394648829431 0.4158639696355332 0.3157513892840517 0.6801728009951098 0.4245546747463804 0.4498166490857946 0.738617339547152
0 0.7491140468227424 0.8536309907713592 0.7749042349448382 0.7428806238188335 0.7160539884221174 0.7768433544303798 0.1632640241928491
0 0.4057572786481253 0.4539295951850345 0.3954539883523716 0.5569616248402434 0.607483669782536 0.4136072960618846 0.289871861577092
0 0.6392082027812005 0.7607139630515906 0.7678968765605316 0.5966446177976401 0.8003980395920867 0.6493196378340366 0.1312499313451933
0 0.4950722760077451 0.5241308430234948 0.5127969726257947 0.5814451382677508 0.6711925592593394 0.4962208684950773 0.3939753900096233
1 0.2472781552543566 0.2597895066459139 0.2183958126157682 0.4531276958049889 0.5517519135337533 0.2572567158931083 0.7915341435589466
1 0.2694529132195036 0.2892269774513259 0.2626154010749152 0.4450088928449264 0.5978653966782519 0.2814255801687764 0.4800791749654267
0 0.379182767118465 0.4526253167505011 0.4084441271277755 0.5007658446177737 0.6622345108299205 0.3947116385372715 0.7306681834759345
1 0.3325453793346242 0.3185273169313379 0.3000632710694138 0.5168347192513316 0.5649180218755389 0.3373215717299578 0.8409758753221498
0 0.643695951417004 0.7180651540038189 0.6144393081087416 0.723544367915732 0.6337775013105917 0.6603054852320676 0.2936907537538861
0 0.6872535117056856 0.8248691858265845 0.8069838109685631 0.6336549198862663 0.7969817607512151 0.6978331399437413 0.3965460093584279
0 0.7212196092237283 0.7611521064990203 0.6358394160885715 0.8313493607706302 0.5682941707810987 0.7425675105485232 0.7029246356754865
1 0.3018350994543214 0.3643549622378249 0.3905332149472471 0.3756004360478628 0.7451939047536611 0.3033972749648382 0.2348744389721301
0 0.795311459250132 0.8473687139585548 0.7800302168711567 0.794242776987409 0.6862451235167278 0.8024184071729957 0.3923226617084187
1 0.3372091181130083 0.312882695077709 0.2626559220279504 0.565028791577957 0.4852796418157995 0.3386398734177215 0.3371528374998012
0 0.653287414187643 0.7368311972025415 0.7003573982622963 0.6534074431818407 0.7326684795530237 0.6582840893108298 0.3946118993523975
1 0.3249778032036613 0.3793984781180206 0.3705503639151397 0.4478198099089074 0.6775055215177873 0.3341576476793249 0.664171311699379
1 0.0876550959338144 0.1557679032552076 0.2907794162513388 0.0794914068242575 0.8953709403242728 0.0846470815752461 0.6545874541106093
0 0.6276808484421756 0.7101498887821382 0.680392773522317 0.6467503425159578 0.7261311386127901 0.6349940928270043 0.5631511826706318
1 0.518566960042246 0.531459875857625 0.4560056364364377 0.6907010295303063 0.5432956637737085 0.5260144866385373 0.6726078464486115
1 0.4028534412955465 0.4363145849561503 0.4164682522372366 0.5292760301043777 0.6454305366131518 0.4047307313642756 0.3435577537314301
1 0.4085731209294138 0.395365978745389 0.2689462710987119 0.6898336998755318 0.364086190306996 0.4250325773558368 0.3499961014527413
1 0.261973332159831 0.2634698149194881 0.2733960901340225 0.4134176931312867 0.6343560702909967 0.261035847398031 0.4224359121598751
1 0.2282712198556592 0.301345293625309 0.3029999823885776 0.3295963750715602 0.7244516135810114 0.2366033227848101 0.2007753027753195
1 0.3468885759549375 0.3179570375416895 0.215160320293502 0.6248246492225804 0.3727832196789102 0.353756399437412 0.7972366707475449
1 0.2862599718359443 0.264246033009326 0.2576643590060777 0.4635887178107901 0.5768446386501359 0.2852925984528833 0.6768339800560942
1 0.3953738602358739 0.448702168397752 0.3696709453199516 0.5613451429159405 0.5835700668523949 0.4079825421940928 0.5464546117721071
1 0.2739406618553072 0.2332508083582709 0.1992346093421922 0.5043729127900302 0.4827176071631255 0.2779101090014064 0.4256001043303914
0 0.5690761309628587 0.6084411478044365 0.5661148982867114 0.6526721433755949 0.6537000949350079 0.579889082278481 0.7235911959737812
0 0.6078819574018658 0.6123169205876583 0.5517105945238567 0.7178788415996288 0.5947268867809284 0.6105615682137834 0.287354503179987
0 0.7033566097518043 0.7830865117659166 0.7081136619713725 0.7297802758879334 0.6873492201717347 0.7254295886075949 0.4276864587183572
1 0.4273160711142404 0.4785673084600521 0.461285077233086 0.5204130300197567 0.6828794432899448 0.4288995956399437 0.8274474297105745
0 0.5564928357683506 0.6744868814015144 0.6671176861976581 0.5406674573965609 0.7859264870068178 0.5619601793248945 0.198024907229547
1 0.1346444640028164 0.1977937396778364 0.2179061437495727 0.2233382445575459 0.7519769106891933 0.1463436005625878 0.2219071179716926
1 0.3302575074810772 0.333285773687406 0.2431702256605911 0.574733064885152 0.4560748196758388 0.338112552742616 0.733706843680291
0 0.5550849146277064 0.6171377876405293 0.6464987050233245 0.5522110923841598 0.7684361164182417 0.5554565576652603 0.4229896621777006
1 0.4465869917268087 0.458576268392127 0.3881592403975428 0.6262593418004544 0.5425293564872372 0.4555292897327707 0.423602736701727
1 0.5515651117760958 0.5745734166826632 0.4695757618649226 0.7278754553656596 0.5228360269280358 0.5642452355836849 0.3301464822135942
0 0.5032558176377397 0.6681346876914441 0.6598144760357697 0.4955548759390237 0.8096513047630151 0.5290026371308016 0.5977134433274527
1 0.3508483541629995 0.3659547739870278 0.3472399126916178 0.5023997735735719 0.6159580652524608 0.3525259845288326 0.680815441045461
1 0.4217723816229537 0.446352404605762 0.3430769950225758 0.6430415907058455 0.48724426386627 0.4385671413502109 0.4552648156286107
0 0.4872407146629114 0.5794049190674688 0.5655814537724578 0.5277854115256829 0.7408961631597721 0.5067672819971871 0.7563248852488629
0 0.4054932934342545 0.4662274228707634 0.4142303239394896 0.5286471803565121 0.6443313253415741 0.4170348804500703 0.3689976424609777
1 0.1320046118641084 0.1099244660922116 0.0812227852415629 0.3661363903351027 0.5049506381936102 0.1463436005625878 0.4880076821753698
0 0.4405153318077803 0.6069309306697135 0.6686874256072035 0.3786463376437015 0.8801609969292714 0.4491135548523207 0.185438770763428
0 0.7180517866572786 0.8342260219495917 0.7411644389899312 0.7438571045036191 0.6969552798174455 0.750301547116737 0.3030425574730966
1 0.3299055271959162 0.3715096400847837 0.3112739053410463 0.5184499002863999 0.5729963523317364 0.3463739099859353 0.3189346421811788
0 0.7798243267030452 0.8239029820344592 0.676580874711495 0.8832666430496257 0.5583049574921521 0.802857841068917 0.759973342380218
1 0.4215963914803731 0.4859703051935461 0.4094342053537421 0.5657856991572474 0.6108434177580121 0.4354032172995781 0.2879798686928672
1 0.3197860939975356 0.3054321616332948 0.2785940008203472 0.5088935448961488 0.5534921569024382 0.3187774613220815 0.4179859186754023
1 0.3900061608871677 0.4740791983836219 0.4574307046522151 0.4649682787912641 0.7211871305824054 0.3940964310829817 0.3595604573391963
1 0.4160527019890864 0.4995775678383828 0.4137487918108514 0.565028791577957 0.614709151874373 0.4288117088607595 0.3641872771833122
1 0.2643491990846682 0.2525977662785766 0.2162464120226441 0.4757049587840654 0.5279764971634676 0.2741309774964838 0.3927362944533112
0 0.5665242738954409 0.6991511830063685 0.6730623866569875 0.5676293506161235 0.7723140639931758 0.5892929676511954 0.3181906276558969
1 0.4004775743707093 0.4057786132750013 0.3534614249626449 0.5717693046030188 0.5612152501921387 0.4025335618846694 0.6686622751466977
0 0.6147455729625066 0.754234951065269 0.758445242214026 0.5654431524022202 0.8139734732740501 0.6385974507735583 0.1283338532696718
1 0.5066876254180602 0.5547037160836292 0.5437779263445394 0.5775404865740816 0.6936684636374488 0.5065915084388185 0.2753435849922248
0 0.493048389368069 0.6361732592482636 0.6683622815744156 0.4459612236657213 0.8424646804773834 0.4936721518987342 0.5152197676177807
0 0.5874671008625242 0.6986231226616729 0.7308887158636271 0.537832231587905 0.8174480277601132 0.5942146272855134 0.4592053066551316
0 0.7004527723992255 0.7827379629329667 0.7540115339190786 0.6861101721617935 0.7403786614722326 0.7154104957805907 0.2808825600891422
0 0.6338405034324942 0.6888387784231708 0.663478448957801 0.6763695151779283 0.697094862201138 0.6382459036568214 0.8449143997904541
0 0.6194093117408906 0.7226008007911692 0.6935316518602676 0.6226065159911628 0.7485379497109718 0.6267327355836849 0.4611508882507588
0 0.4655059320542158 0.5693301980388716 0.5641871424246468 0.4936864390934202 0.7627732591118411 0.4718762306610408 0.2584523248302561
1 0.625480971659919 0.6232629331279337 0.4725819609228255 0.8427836858475338 0.4234861715992151 0.6438706575246133 0.4182658254615657
1 0.1532994191163527 0.290615693975765 0.4093713897398002 0.1112766792935864 0.9268436272432758 0.1511773734177215 0.0101784469802457
1 0.2833561344833656 0.2451261233116861 0.1436971444104079 0.5848653627554468 0.3316713222980694 0.2966299929676512 0.4637541196899887
0 0.4253801795458546 0.5335983832834582 0.4864863435301624 0.5323570443314136 0.6903286061516488 0.4472679324894514 0.2954519705167067
0 0.6524954585460306 0.657009163639423 0.6214312066916894 0.7243627623197884 0.6377761876474197 0.6529229957805907 0.7648217277834045
0 0.5649403626122163 0.7158631568691636 0.7090892568044872 0.5319207579727377 0.8110160715195674 0.5763736111111111 0.5468526759311181
0 0.3693273191339553 0.4913087584005709 0.525141379908655 0.4001873808007519 0.8030061364313792 0.3702791139240506 0.1244407235202008
1 0.2495660271079035 0.2475761170500906 0.217778559704675 0.4477835851129212 0.5562824087524493 0.2603327531645569 0.3818010836100315
0 0.4570584052103502 0.5747265010059652 0.5903823925817173 0.4618713764958132 0.7967120177947296 0.4680092123769339 0.5969971244970546
1 0.4113889632107023 0.4491825308901345 0.4795566096221519 0.4785266797345685 0.7249206103902178 0.4118495604781997 0.828060504234601
1 0.4103330223552191 0.4927712776829808 0.5021793437873348 0.4564088996940538 0.7535405823425074 0.4116737869198312 0.3993404885842226
0 0.4650659566977644 0.6464221741226392 0.7175662727263848 0.3732850678377456 0.9017100742796632 0.4687123066104079 0.0400583325233317
0 0.5160151029748283 0.637963217841147 0.6167654386416092 0.5458031166310239 0.7569938505150573 0.5284753164556962 0.5957114870629495
1 0.2123441119521211 0.2693099012827648 0.2763656738729178 0.3270302931418544 0.7085050241560732 0.2222777777777777 0.6101622484781122
1 0.3368571378278472 0.3565929424808393 0.3640718934720545 0.4673893026563411 0.6573561065198711 0.3351244022503516 0.2733609665501849
1 0.3790067769758845 0.391368866493276 0.3482387785941462 0.5548370723317901 0.571723709948421 0.391020393811533 0.6030044682092266
1 0.3674794226368597 0.4840113092794588 0.4675314879210383 0.4329299888324264 0.7499421484909173 0.3813528481012658 0.1619021826278506
1 0.3819986093997535 0.4611055436958627 0.4671303467594657 0.4661829216215905 0.7262218671621903 0.3869776019690576 0.1499496056671809
0 0.4618101390600246 0.5819764134161572 0.6069476511050272 0.4592511162528123 0.8064527744407036 0.4772373241912799 0.7780643669341666
1 0.4893525963738778 0.5171345671658052 0.4594395024203498 0.6372939230760368 0.5903488853164163 0.4922659634317862 0.7755253763966791
0 0.6548713254708678 0.7579101028142688 0.73253770709698 0.6341341040296625 0.761332071000217 0.6538897503516174 0.1574512058642695
0 0.6731743002992431 0.7577570184909668 0.734590443247924 0.6578541957698296 0.7478257305981812 0.6801678973277074 0.348495125893918
1 0.2647891744411195 0.2746112919694112 0.1578197543190304 0.5538550308230593 0.3844627756343717 0.2783495428973276 0.3556266853865822
0 0.5300943143812709 0.6445953141507705 0.6528310396598814 0.5184729379856018 0.7924896506880346 0.5403400316455697 0.8584826682059156
1 0.291099700756909 0.2805727178015788 0.2315073515155263 0.5110022093361869 0.5080483202437037 0.3031336146272855 0.8125319050368877
0 0.6550473156134483 0.7879549155297076 0.7499054106781862 0.6266659174711942 0.7743781384920272 0.6612722398030942 0.1467862328959215
1 0.4358515930293962 0.4779601276914182 0.4133666906151627 0.598315407072161 0.586951101141384 0.4465648382559775 0.7815481248148812
0 0.6702704629466643 0.8192353604462833 0.8029820007031547 0.6137074499912399 0.8064583577360513 0.6797284634317863 0.3592335170356859
1 0.6925332159831016 0.7623613115117136 0.648446639994531 0.7682205041339092 0.6238395845476521 0.7099615154711674 0.239878018594577
1 0.3952858651645837 0.3943785042893943 0.3575047325895952 0.562217715633292 0.5729272590518087 0.3985786568213783 0.7947704428640717
1 0.346712585812357 0.3457577952189132 0.2895689951723217 0.5489543561204541 0.5260998120147233 0.3525259845288326 0.3214043115415311
0 0.5581647421228657 0.6075118453912965 0.5917021714135038 0.6172965646461873 0.6949568090389296 0.5625753867791842 0.1978559471027704
0 0.5628284809012498 0.6497858395590677 0.6185929498969683 0.598727543566846 0.7232906371046498 0.5722429324894515 0.2038277288871922
1 0.3442487238162295 0.3457313680304695 0.3217082948497169 0.5125592400408564 0.5868760756101494 0.34523138185654 0.8272222587947734
0 0.6299687202957226 0.6888017159027923 0.6363622828440006 0.673435306703047 0.6830528744016826 0.6432554500703235 0.3915856940167463
1 0.5256945608167576 0.6001246405143115 0.4994486546631205 0.6632736159061844 0.5994130163574415 0.5471073136427567 0.2719748707671816
0 0.5588687026931879 0.6324083517433909 0.5885665982284406 0.6208788474317163 0.6905651982920075 0.5721550457102672 0.1956825725137199
1 0.1655307340256997 0.1313625558688233 0.1535849078899823 0.3387804730188482 0.6024778965473673 0.1611964662447257 0.7648939987978648
0 0.7850160359091709 0.8707603208418937 0.7957575541608206 0.7764230372145187 0.7062235500946209 0.8017153129395218 0.6478944371002477
1 0.4163166872029572 0.4138575981519187 0.3656671822375296 0.5965993368026573 0.5496089749881157 0.4227475210970464 0.682888193405762
0 0.7014207181834183 0.776026746199405 0.6853628555570386 0.7483356332284379 0.661292678695956 0.72367185302391 0.2229103904218635
1 0.4047893328639324 0.4056466384741757 0.3223825049237109 0.6255613789549838 0.4842903516713797 0.4164196729957806 0.5860442146298254
0 0.5769076923076922 0.6679498585137309 0.583011810232855 0.667701938334812 0.6537625580517102 0.5970270042194094 0.2167912806510478
1 0.346712585812357 0.4572984171460373 0.3690795672342905 0.5039213738856759 0.6313041014715625 0.3777494901547117 0.1967176376550593
0 0.7043245555359973 0.7551590969538347 0.6508033646606138 0.7850075194598247 0.6132309744310706 0.7122465717299578 0.9072185694492092
1 0.2579255588804788 0.2885194055948846 0.3083197814035099 0.3776098000603072 0.6900501392961825 0.257168829113924 0.8498609492246195
0 0.4945443055800035 0.5967822457417524 0.5859379437931943 0.5278654873904943 0.7520931130236171 0.4975391701828411 0.1307609138686643
0 0.5639724168280232 0.6240338335518041 0.5891264057723797 0.6233330773597806 0.6891910097245558 0.5730339135021096 0.6003681330400171
1 0.3072907938743179 0.3784849675613898 0.4292977718132603 0.3458962622198721 0.7884749123770819 0.3077916139240506 0.497890292733212
0 0.5576367716951242 0.6552138873805724 0.62033697822499 0.5953877127053299 0.726496495502105 0.5728581399437412 0.5141896188719828
0 0.6407041189931351 0.7111478374286746 0.6720374831942758 0.6667003545019305 0.7084401183476562 0.6483528832630099 0.8051800910239638
1 0.4251161943319838 0.3964325736253219 0.2969734263494223 0.6754591288577492 0.409746728616413 0.4325029535864979 0.6757613864287879
1 0.1873535117056856 0.1644327982368894 0.0954036541910953 0.4677013443200116 0.4082078328362043 0.2004818565400843 0.3390369641511596
0 0.4975361380038726 0.6058327520767625 0.6241103088997907 0.4910968428224602 0.7952327934835494 0.5016698488045007 0.2630906162639688
0 0.7286111952121105 0.8523902020456479 0.7912621693951892 0.6900717031403883 0.7567415553565333 0.7381731715893108 0.268720872438107
1 0.3330733497623657 0.3564345404915698 0.2932007466136262 0.5329727069824945 0.5442144648143638 0.3424190049226441 0.4657239555036207
1 0.45697041013906 0.4051925420288439 0.3290777380553213 0.6861672103274035 0.4321838988830477 0.4548261954992967 0.3703966847522403
0 0.3724951417004049 0.4964728566204243 0.5058317625420347 0.4091263258523965 0.7872298375145457 0.3849562060478199 0.4758317369772641
1 0.4006535645132899 0.459384070194983 0.3862432014375608 0.5627752279539743 0.5955043606580951 0.4150134845288326 0.212573177156283
1 0.2054804963914803 0.1400274508505051 0.1275084541012477 0.4512678385163297 0.4629729810779172 0.20390944092827 0.3602890671584483
1 0.1935131666960042 0.2091040929075706 0.1879824777090176 0.3679560508106721 0.6049991033528113 0.195032876230661 0.2797586720683528
0 0.6374483013553952 0.7523763462389893 0.7277349163864356 0.6178021229831525 0.7688635874682997 0.6574052215189873 0.5038238905122614
1 0.3226899313501144 0.3432389941057193 0.2495473123537128 0.5613394232113111 0.4759855487976411 0.3360911568213783 0.7547404948456853
1 0.3466245907410667 0.465488106159911 0.3929730970711651 0.4705109903385193 0.6751828706531459 0.3683456047819972 0.1706859787821651
0 0.2825641788417532 0.369286694569045 0.4085970977938519 0.326954665936199 0.7900947659398321 0.2908294655414908 0.2238623684785514
1 0.4269640908290794 0.4149082400339496 0.3196996598163333 0.6584369701192916 0.4499994964256271 0.428284388185654 0.7383843023984844
1 0.3035950008801267 0.2860852037129891 0.2354639215201164 0.5249975321609036 0.4981159867761118 0.3019910864978903 0.8145907276098211
1 0.2268632987150149 0.2357325469510865 0.2315140236403233 0.38983773415454 0.6215588083981184 0.2338788326300984 0.4807838583263766
1 0.2916276711846506 0.3564027956371588 0.3077386556071709 0.4497211350561299 0.6299822562979954 0.3030457278481012 0.2219954492115884
0 0.7122441119521211 0.7499738892115048 0.694317497973547 0.7444740382001732 0.669353561354192 0.7150589486638537 0.798813194917856
0 0.5667002640380214 0.6598552429216975 0.6414210553180961 0.5856237002608945 0.744485175200463 0.5794496483825597 0.2568463022866959
1 0.1901693539869741 0.1974187636564429 0.2286079064543746 0.3168808361576714 0.6827363713466601 0.1878261603375527 0.2487052429095082
1 0.2287991902834008 0.2443445875558809 0.2542610871553809 0.3624501995821396 0.6632859151350835 0.2316816631504922 0.3812607717400195
0 0.5163670832599895 0.6115618120202969 0.5256836120994703 0.6285073446004921 0.6447214581039943 0.5493923699015472 0.2939957341573112
0 0.4839848970251716 0.5725986289120668 0.5294499451799718 0.5710166868022004 0.6894230654374445 0.4980664908579465 0.3365305857040974
0 0.6553992958986093 0.7277437894885461 0.7539630389632374 0.6220054703630237 0.7790995126204225 0.6641725035161744 0.900333813012729
0 0.7286111952121105 0.8298010792991978 0.8058905589103705 0.683394901269671 0.7677891520698276 0.7340424929676512 0.5610500790960415
1 0.3056188875198029 0.3052579677875164 0.189453599859369 0.6052608761797761 0.3643203397556401 0.318250140646976 0.5865294628697725
1 0.406637229361028 0.3847631973720962 0.3106169451506737 0.6356350498528273 0.463264359303875 0.4081583157524613 0.3339093274812152
1 0.3998616088716775 0.3870970081661842 0.3003656322370412 0.6277429696290466 0.4608719172473874 0.4039397503516174 0.3862772978707257
0 0.5145191867628939 0.6113716651766165 0.5896795411915218 0.5595445481224691 0.7331517835565585 0.530848259493671 0.5407083286631893
1 0.3098426509417356 0.3195252655778743 0.2688548141685683 0.5090598929724538 0.5446702012971194 0.3147346694796062 0.7514684697329584
1 0.4452670656574546 0.5048262652895347 0.4307980234840667 0.5914147423174761 0.6060197995335619 0.4580780063291139 0.2763439076050709
0 0.6533754092589333 0.7867457105170144 0.7177677383483024 0.6611285677894759 0.7370367102506773 0.6820135196905766 0.3684275044580138
1 0.3724071466291146 0.3942043104436159 0.3997846855498442 0.4897978343488502 0.6648031756458199 0.3832863572433193 0.7126276339162121
1 0.3319294138355923 0.2999459417689353 0.2609564830217424 0.547208257401646 0.5010280242558945 0.3331030063291139 0.3213590807025492
0 0.5505091709206126 0.6939817671205477 0.6875262513387611 0.5331908501618324 0.8002542697368834 0.5767251582278481 0.8206991851902968
1 0.2547577363140292 0.2686550226618179 0.2476351790277583 0.4353943871242763 0.5939595326265794 0.2576082630098452 0.6677820764649158
0 0.4280200316845626 0.4979406935688015 0.4618707596024571 0.5372432608917611 0.6706056153359129 0.4393581223628692 0.2496429634191257
1 0.3328093645484949 0.3671111246228336 0.2965439693411505 0.5293630967192918 0.5504778753266009 0.3432978727144866 0.2771652734202059
1 0.4202764654110192 0.4356439144786944 0.3605968555961026 0.6193807614608664 0.5248955649994171 0.4351395569620253 0.7362632054820253
1 0.4655059320542158 0.5033371576772881 0.4219078240290116 0.6329496485293248 0.5645962844811279 0.48013758790436 0.6303902662941041
1 0.3832305403978173 0.44717615940652 0.4267608997776598 0.5014224984853656 0.6742940798249846 0.3943600914205344 0.3569598479775885
0 0.5103834184122513 0.5678304550946903 0.5466218788555505 0.5754717011857652 0.6968865354934771 0.5132709036568214 0.8298748180692698
0 0.530798274951593 0.6166044096298664 0.5373510428175672 0.6189416152498759 0.6596079193247887 0.5420977672292545 0.6171299281193926
1 0.1687865516634395 0.1447690363380449 0.1836382735272 0.3216898367055221 0.6436801735216491 0.1657665787623066 0.7049175785481635
0 0.5732118993135011 0.6748671750888752 0.6282527219901883 0.6037907532093366 0.7253655292382374 0.5858653832630099 0.4151748875846178
0 0.590722918500264 0.6952543007006702 0.6241506671180747 0.6401188216402229 0.698591883266239 0.6202291139240506 0.6438434910538944
1 0.217623816229537 0.2857843527323523 0.3025457896981318 0.3063953465265111 0.7420850561128721 0.2196411744022503 0.2264342988661671
1 0.2839720999823975 0.2650275687651311 0.2120511101381243 0.5217158516297864 0.4780981281748256 0.2869624472573839 0.8498655378604583
0 0.4850408378806548 0.5722922991240696 0.5604165782406156 0.5387575526923943 0.7305503168804915 0.4877837376933895 0.3483653330516221
1 0.4069012145748988 0.4028165121898032 0.3086971632914153 0.6483593272043444 0.4489205245996849 0.4173864275668073 0.4577579198077108
1 0.482137000528076 0.5350821732297374 0.4233231281597203 0.662319696278548 0.5406380151882052 0.4999121132208158 0.7263959996302131
1 0.4135008449216687 0.5130739652048701 0.4617493594781029 0.5175849538418876 0.6852956143516603 0.4267903129395218 0.429031748418366
0 0.5901069530012322 0.70674416544215 0.6884046935254421 0.5864841980462507 0.7683907521435417 0.6159226617440225 0.5633330893056677
0 0.8626276887871853 0.9502020607176516 0.8074044803002731 0.873111307480129 0.650692443522396 0.8896899789029536 0.365487336044339
0 0.7157639148037318 0.8174399230460397 0.8179002208101254 0.6517650935497827 0.7916402918832662 0.722617211673699 0.7825859759136942
1 0.3013071290265798 0.2873472631025697 0.2699599458635944 0.4939077598864411 0.5597063646244238 0.3005848980309423 0.7333415554915569
0 0.6106098046118641 0.7250034189600465 0.6908916059924411 0.6040019056385718 0.7588038850755885 0.6258538677918425 0.3243584097425736
0 0.6402641436366837 0.8208245368635515 0.7904657455230852 0.5697283233344285 0.8255288009080255 0.6545928445850914 0.1256509762226694
1 0.3407289209646189 0.3211780928453576 0.2429142438970399 0.5989860424399579 0.4309800008237008 0.3484831926863572 0.3318503410284305
1 0.372231156486534 0.4044163239390061 0.388666484616862 0.5009932028767924 0.6480491021312211 0.3737945850914205 0.8539223835814616
0 0.6233690899489526 0.7072722257868457 0.6706255964933412 0.6424834428624268 0.7235321146284376 0.630687640646976 0.5852857786776217
1 0.4124449040661855 0.3870918516416098 0.2601372762844782 0.7056088041240963 0.3368770472978774 0.4267024261603375 0.5696721258370404
0 0.4398993663087484 0.5166962625769825 0.5133741927881064 0.5034137500998169 0.7275440612917164 0.4555292897327707 0.8239794042955929
1 0.4598742474916388 0.5195265500027479 0.4156973777210624 0.6271064936083419 0.5645477796027948 0.4717004571026723 0.6753474259241927
0 0.5507731561344833 0.6861246739417218 0.7313028758052912 0.4782715173558237 0.851050392898303 0.5579173874824191 0.8478658759138744
1 0.342752807604295 0.3543065072562785 0.2956577158864144 0.551356314303433 0.5293831386351278 0.3526138713080168 0.3134417173225002
1 0.4145567857771519 0.4445993473918642 0.4093417720150917 0.5532671722917045 0.6209914060084087 0.4205503516174402 0.6038915498447666
1 0.249742017250484 0.2191841316021351 0.2232257800297538 0.4282857475540391 0.5794886779532292 0.2473255098452883 0.4751514717141704
1 0.3652795458546031 0.3901860886690266 0.4187514207958019 0.4472583255711215 0.7099723839646395 0.3660605485232068 0.7223481673010359
0 0.8591078859355747 0.91297614296681 0.8561796653829753 0.8104161951111374 0.7171409862351219 0.8665757559774965 0.1993487286690244
0 0.6923572258405211 0.769220456044003 0.6896929018155065 0.7269825459207369 0.6784326975014642 0.7081158931082981 0.234567328130637
0 0.705556486534061 0.8468247006159573 0.8209158584835947 0.6516066895076853 0.7930961361451779 0.7261326828410689 0.784495503942017
1 0.3751349938391128 0.3758183997908611 0.2913081414578091 0.5934895651717903 0.4853557142149119 0.3837257911392405 0.6052314315096796
0 0.6839096989966555 0.7778748768351431 0.7743703022263312 0.6382692915960334 0.7792356054445227 0.6863199718706048 0.8694816283113835
1 0.2407665199788769 0.2515100618761674 0.275109524328829 0.373203879808145 0.6697883604793939 0.2414370956399437 0.3328752456189841
0 0.6666626650237635 0.7446936080473348 0.6816175152594348 0.7140120035087872 0.682403816317513 0.6832439345991562 0.5736835768392105
1 0.3382650589684914 0.3014086221927382 0.2347778318092888 0.5951806911738825 0.4262572308714685 0.3358274964838256 0.7886739485127469
0 0.4050533180778031 0.486471938349798 0.4534122954421899 0.5023200154701286 0.6912571779591626 0.4196714838255977 0.5749400436597691
1 0.5101194331983806 0.5427650725627847 0.5148230202775508 0.6072410061463369 0.6533591649628393 0.5109858473980309 0.7688856203380174
1 0.3519042950184826 0.3492321647922979 0.3089847155966886 0.5467980274751709 0.5454577948971037 0.3588538326300984 0.3649953687304851
1 0.2359267910579123 0.2391066865780566 0.1534070388069807 0.4886796320938029 0.4509238807616301 0.25646573488045 0.3646074651222599
1 0.3990696532300651 0.3808505232098889 0.2520099773427912 0.6876761001847754 0.3469384944703848 0.4005121659634317 0.5641837896142005
0 0.5295663439535293 0.6630287615144455 0.6699424360080343 0.5033063467573315 0.8097727414368274 0.5484256153305204 0.7988369574963066
1 0.5188309452561168 0.540478637338224 0.4663571939567755 0.671802489912038 0.5673903748466905 0.5203897327707455 0.2781924723286789
1 0.3220739658510825 0.3686213417575565 0.3905328894777448 0.4140764124477724 0.7167414316618024 0.3281813466947961 0.369390298584893
1 0.3651915507833128 0.4110588944391714 0.3660196657085098 0.5092988495214152 0.6245661108547711 0.3742340189873417 0.663074955493622
1 0.2698928885759549 0.3505786622717842 0.3758737430945971 0.3540690846125455 0.7520170406245049 0.2802830520393811 0.7545369560702667
1 0.4510747403626122 0.4164817857361017 0.3517527100756217 0.6699372306801175 0.4700731879803903 0.4539473277074543 0.5330236746721051
0 0.6685105615208591 0.796978833534881 0.7241640277420595 0.669831733905842 0.7349398338916582 0.7028426863572433 0.2511881865378226
1 0.480465094173561 0.4830397878213661 0.4361163578862387 0.639999184485058 0.5700085914088006 0.4800497011251758 0.3738999443352695
1 0.5147831719767646 0.576326473896561 0.4519143220578995 0.6906239723984937 0.5400126861092632 0.5303209388185653 0.2813704304067115
0 0.4270520859003696 0.4866461321955764 0.5199297995032341 0.4767141688897858 0.7497202125008463 0.4283722749648382 0.9164220619029174
1 0.384814451681042 0.3867961571855474 0.3090875639594123 0.5956727446526948 0.5001280668370378 0.392426582278481 0.3495260940389728
1 0.3790947720471748 0.4120094675161806 0.4326047046912792 0.4683419512385042 0.7031422689746112 0.3774858298171589 0.1970804676460228
1 0.4383154550255237 0.5292158208194099 0.5072597599833326 0.5101625249204543 0.7191673734903763 0.4503439697609001 0.1769276706818159
0 0.4688497447632459 0.5307893665215621 0.5003710352326108 0.5503806280220682 0.6859938752260815 0.482598417721519 0.2168542105139792
0 0.6289127794402394 0.7223526430460268 0.6708627010257595 0.6547167788999204 0.7156676941752486 0.6460678270042194 0.2682015371890721
1 0.3182021827143109 0.3186752447300656 0.2795217516366252 0.5163939842334996 0.5473829849241811 0.3265114978902953 0.2941224132824308
0 0.5175110191867629 0.6518450654195695 0.7166391728491115 0.4510210968138448 0.8599672645245326 0.5329575421940929 0.771497209649668
1 0.2654051399401513 0.2440595284317532 0.210013671053788 0.4872675005730781 0.5106309432979724 0.2735157700421941 0.2931915757265714
1 0.4144687907058616 0.4971751108108984 0.4862355692786478 0.4894476613209837 0.7211805004191799 0.4274934071729958 0.7999423270938896
1 0.4879446752332336 0.4766242655438667 0.3788875906858038 0.6915202183377835 0.4753581259829438 0.489717246835443 0.3845096897937012
1 0.502287871853547 0.6178453594969706 0.5337791777646841 0.5984471191593213 0.6723085204169601 0.5151165260196905 0.2146151201045238
0 0.5558768702693188 0.7158580003445892 0.7238021056555128 0.5139211652653898 0.8279446230137817 0.5693426687763713 0.0995737587510906
0 0.4637460306284105 0.5285029312970012 0.5167185546588885 0.527002606394876 0.7129709625223115 0.4640543073136428 0.2716225290867066
1 0.4707856363316317 0.5425749257191043 0.5342096111814627 0.5215442604909044 0.7271832408298715 0.4779404184247539 0.2596053834645918
0 0.5760277415947896 0.6224022769481903 0.5704390860941382 0.663043238914167 0.6489487105941186 0.5821741385372715 0.2802876762286194
0 0.7590574898785425 0.8654906750096584 0.8177090074775301 0.7175517062709641 0.7533873906764049 0.783698523206751 0.2886080201632209
0 0.589051012145749 0.6810767586661851 0.5827859343982655 0.682799575346161 0.6426162068019537 0.6124950773558369 0.3270561998560519
1 0.3325453793346242 0.2932453603673082 0.2523165696139485 0.5538181705043365 0.4861792502786971 0.3355638361462728 0.7883927306877725
1 0.3856064073226544 0.4101613368804425 0.352600069924834 0.5677121274525656 0.5640620329075452 0.3893505450070323 0.2818815716631772
1 0.2647891744411195 0.3472625335462759 0.3621044303307106 0.3511148571714614 0.7457944579594976 0.2678910161744022 0.4755200374999324
1 0.4230923076923077 0.4651555103248632 0.4075040084704106 0.587561091323419 0.5913514357872869 0.4274934071729958 0.2397587140627696
0 0.4459710262277768 0.5217812403728977 0.5178983816046903 0.4987490132131743 0.7334375784871688 0.4507834036568214 0.2332890652898442
0 0.5520930822038373 0.6998428018649078 0.6519924674872309 0.5690853332056737 0.7606390444651843 0.5753189697609001 0.3752727658503107
0 0.6885734377750397 0.8255292209721059 0.7544859057186665 0.6682542075929171 0.7515707259526484 0.7082037798874824 0.2755536789616987
1 0.1379002816405562 0.1835264418874785 0.2384294368902329 0.217083747545299 0.7700570168488697 0.1415977144866385 0.117924368989631
1 0.4723695476148565 0.5319721443458115 0.512894938945984 0.5525077226214677 0.6923815140598049 0.4796102672292546 0.767973137325513
0 0.5965305932054216 0.6716303279286981 0.6539470745832343 0.6181802590114294 0.7301762360921958 0.6034427390998593 0.8671368353977856
1 0.4040853722936103 0.4458349795930011 0.3465017478604237 0.5970453148830662 0.5327072931027623 0.4163317862165963 0.3251220898500216
1 0.3924700228832952 0.3646506566938873 0.2769386629316996 0.6367283078404631 0.4281039058077189 0.3955026195499297 0.4629143993314987
1 0.3661594965675057 0.4642577916247414 0.4872813027895061 0.4115454431492636 0.7756748588365296 0.3675546237693389 0.2586904422543166
1 0.2874919028340081 0.23717395671102 0.2364242192866234 0.4830036196525458 0.5397767918808231 0.2839742967651195 0.7910592197496366
1 0.242790406618553 0.1977884220118691 0.1704085891981106 0.4666735451742455 0.4919534245360923 0.2422280766526019 0.5778603826114266
0 0.6619109311740891 0.6785368480305147 0.6104599552389912 0.7461043129002359 0.6145465383973714 0.6631178621659635 0.8060889686797378
1 0.340112955465587 0.4216247744334787 0.4192620824448951 0.4284041136637309 0.7242286307230626 0.3535806258790436 0.8074681815089829
1 0.3678314029220207 0.3735319645663003 0.3382701359432528 0.5349860430120428 0.580855538445537 0.3672030766526019 0.2687664310367916
0 0.4807290793874317 0.5907310641537119 0.5592670199585269 0.5264157011476261 0.7382608477556596 0.4969239627285513 0.2151914855418402
0 0.4706976412603414 0.5976324277309542 0.6427302563910582 0.4353584800896584 0.8373144394750932 0.4732824191279887 0.2434420776024695
0 0.4499308044358387 0.5763053643740846 0.5806274206590774 0.4599908647182144 0.793014480450718 0.4620329113924051 0.3464782565629389
1 0.4150847562048935 0.4181081858151412 0.3235317377362974 0.6384860048492139 0.473048735444753 0.4216049929676512 0.3483763130016648
1 0.4119169336384439 0.4830291524894314 0.4509908023451513 0.5104264257368275 0.6836115528924114 0.4202866912798875 0.576782544828876
1 0.5189189403274072 0.5099006077535153 0.4127614800756542 0.7274216921317272 0.4735557684535157 0.5400763713080168 0.3533897254151947
1 0.2669010561520859 0.2229806228200259 0.2077594692809266 0.4781100945807273 0.5175050267388639 0.267803129395218 0.6216474401026356
1 0.3497924133075163 0.3866113280078343 0.3397972388479981 0.5025351399164677 0.6100429127875361 0.3578870780590717 0.405805384841458
1 0.4719295722584052 0.4749239015654633 0.3509709323311208 0.7001169343957692 0.4404332177592686 0.4812801160337552 0.3526258814278953
0 0.5658203133251187 0.6341560912913216 0.6513527571804796 0.5728720954317036 0.7579091619961202 0.5638058016877637 0.9999
0 0.6649907586692484 0.6853009191409639 0.6394737712858942 0.7255824893320075 0.6485453175052476 0.6679516350210971 0.7969451284919333
1 0.3334253300475268 0.3507423819270209 0.3390616777728224 0.4793830466221367 0.6290079712598226 0.3349486286919831 0.2603082641471764
1 0.4173726280584404 0.4573037348120046 0.3905952168874333 0.5726838218209859 0.590582685809101 0.4220444268635724 0.767070650983943
1 0.3101946312268966 0.3050362372308179 0.2137388322422498 0.5570952434956135 0.4434816970191105 0.3157893108298171 0.4506248853963842
1 0.2985792818165815 0.2797489630008208 0.2627337092389977 0.4852533701401091 0.5613412232934212 0.2997060302390998 0.6709179174211429
1 0.2903077451152966 0.2714746747556487 0.2424110680464993 0.4816180212060741 0.5465692196272545 0.2903021448663854 0.3073212965128734
0 0.5125832951945081 0.6072636876461543 0.5707217563568772 0.5655848739724819 0.7181934374081625 0.5313755801687764 0.546997054080187
0 0.6957010385495511 0.7906690200111565 0.7364099805004769 0.7065627237517326 0.7182688118953564 0.7173440049226442 0.77774971761951
1 0.3385290441823622 0.3520624522180634 0.2947169462900448 0.5458008923014459 0.5337011196746522 0.3519107770745429 0.7027492842345059
0 0.5156631226896673 0.6230938958067296 0.5390493426805171 0.6091078541850989 0.6679277273047741 0.5378792018284106 0.206116966531171
1 0.4227403274071466 0.4963935750550932 0.498605688652189 0.4861780557218618 0.7308807781738833 0.4288995956399437 0.4405739702311709
0 0.5737398697412428 0.660747643955852 0.6188352619414234 0.6156704208439125 0.712066817631944 0.5911385900140647 0.1923574503291447
1 0.0948706917796162 0.069979287335347 0.128811145784164 0.2206892269107138 0.690606724051156 0.0931720991561181 0.2894170949895022
0 0.4875046998767822 0.6012336155805902 0.611599423966509 0.4936015968080842 0.7874709660823742 0.4929690576652601 0.7641091781895883
1 0.421860376694244 0.4415420117434328 0.3677360291288368 0.6122977016807775 0.5374555368400185 0.4295148030942334 0.6092604176559477
0 0.6367443407850731 0.7725470589600529 0.7354924819735211 0.6226401986962027 0.769762846975238 0.6552080520393812 0.6510263449400416
0 0.6561912515402218 0.7457126662163475 0.698158363570073 0.6797813189893644 0.7145178842895825 0.67753129395218 0.229275811609309
0 0.5724199436718888 0.6846831030403954 0.6665259826424946 0.5773204368265339 0.762963440109622 0.5943025140646976 0.1448953871706564
1 0.2896037845449745 0.2706193362418726 0.2331351872312305 0.5148957393819656 0.5057982522185822 0.2950480309423347 0.6519176874517174
1 0.3466245907410667 0.3861254867080915 0.3957487009866954 0.4486199330342865 0.6939692636743059 0.3481316455696203 0.8294851117826794
0 0.5196229008977292 0.5708877907431216 0.5404319371262456 0.6037438834075123 0.6727255227882412 0.5274206751054852 0.704275825050145
1 0.2905717303291674 0.3937184691438731 0.3488254373720242 0.4357539341125077 0.6718911690897199 0.3157893108298171 0.7662951715271954
1 0.5683721703925365 0.6489250222379312 0.568123696054846 0.6567234419407344 0.6520533717633968 0.5917537974683544 0.5136620896303786
1 0.372231156486534 0.4536339007289722 0.4874451766839092 0.4024214021005844 0.7818744104082276 0.3721247362869198 0.7789863549780512
0 0.6891014082027812 0.7629897629442167 0.7105912985575561 0.7035066537921083 0.7060239472859408 0.7054792897327707 0.6679752908096973
0 0.568548160535117 0.6166941653857393 0.5596295929840781 0.6587194599757102 0.6449817792495806 0.5794496483825597 0.7704908234823207
0 0.7413704805491992 0.8645032005536637 0.7802778991623994 0.7188000318063302 0.7338137530112198 0.7530260372714487 0.1931768495860632
0 0.6743182362260166 0.7198920139756877 0.6510427474795483 0.7289718909669785 0.6534732735615079 0.6850016701828411 0.5608167141876711
1 0.2650531596549903 0.2540498113704448 0.2508423555033253 0.4361053781858473 0.5960204665217977 0.2638482243319268 0.313025626379837
1 0.2788683858475621 0.3342044407686113 0.2995662791394167 0.4268111759244435 0.6431204481630425 0.2887201828410689 0.7401435526030884
1 0.1802259109311741 0.2002226238937646 0.285306483835579 0.2656421332806803 0.7622501741289538 0.1796526898734177 0.823373376605176
0 0.4311878542510121 0.5129261985475355 0.489392460716111 0.5140773449779092 0.7054603834117827 0.4410279711673698 0.205587798491053
1 0.3955498503784544 0.4187946481491062 0.3965293395879382 0.531187841376754 0.629425671543022 0.400248505625879 0.6431199615100353
1 0.3580639500088013 0.3874297651426249 0.3528661412429562 0.5078306331191855 0.6157375250862268 0.3605236814345992 0.743075527024194
1 0.3209300299243091 0.3715678121276385 0.3515374119998568 0.4529348146544309 0.6600032864265974 0.3286207805907173 0.1964787008317418
1 0.5810434606583348 0.6401861633568857 0.5516269488617682 0.6928648255677445 0.6138929438857317 0.6005424753867792 0.755398964088545
0 0.6404401337792642 0.7097697562361702 0.6894749999837233 0.648532666030752 0.7299246388455903 0.6475619022503516 0.3000617468562786
1 0.4450910755148741 0.4279347490985962 0.3129899432918711 0.707993444312503 0.3935806458931185 0.4493772151898734 0.3674761819207315
0 0.4899685618729097 0.638940056965207 0.6596714321895133 0.4618548529046616 0.8294549044053334 0.5211807137834037 0.1962794229324592
1 0.5363419644428797 0.5044459716021739 0.3983324406306256 0.7534549277524334 0.4357153331904654 0.535857805907173 0.3578487322914936
0 0.6981649005456786 0.7695372600225417 0.7042405748941198 0.727706406317724 0.6864813667011271 0.7095220815752462 0.4997019844902587
0 0.5196229008977292 0.5796741863350874 0.5484982105362531 0.5926084128974948 0.6858553397102667 0.5280358825597751 0.4332010157174186
0 0.6243370357331456 0.6654840729188173 0.5961586625736115 0.7091429460623279 0.6321730018100475 0.6298966596343178 0.40975193942248
0 0.604626139764126 0.7853041396156879 0.731944213459554 0.5695301991212935 0.7995929981941408 0.6291935654008438 0.4222241793918874
0 0.6123697060376694 0.7233190079795451 0.7026356847783272 0.6079947361119443 0.7623087987301047 0.6252386603375528 0.167495401955576
0 0.6109617848970252 0.6772220954054394 0.6457349908362008 0.6458021425929509 0.7073189228506469 0.6251507735583685 0.710490312894466
0 0.655927266326351 0.780757857496403 0.7822609848398532 0.5948141534355484 0.8079128061741262 0.6639967299578059 0.5980274371227038
0 0.5401257525083611 0.6454242254761029 0.6298073270678772 0.5591551315656176 0.7553258410299332 0.5538745956399438 0.8028723349567787
0 0.5397737722232001 0.773951567341001 0.7288294703226373 0.4994410974733315 0.8382730214951007 0.565651424050633 0.2206465541548492
1 0.3167062665023763 0.3052526501215491 0.2350247004267758 0.5658519524025379 0.4567217840242531 0.3164924050632912 0.5320736631736338
0 0.7455062488998416 0.8754279424300696 0.8134393358117369 0.7102859337041026 0.7556004693698479 0.7754371659634318 0.1233399425584565
1 0.3673914275655694 0.3593703755297173 0.3150322644187416 0.56715525065462 0.5321548958192995 0.3719489627285513 0.3763643695403775
1 0.4233562929061785 0.4474401090081713 0.3510596227704948 0.6204408133855148 0.5154744520120986 0.4270539732770745 0.7780653502132749
1 0.3332493399049463 0.3636631822378925 0.3166365035955297 0.5080498884633124 0.5866642593428962 0.3423311181434599 0.2693368967994583
1 0.1955370533356803 0.1895723058095517 0.1070504175957967 0.474583578915335 0.4141156572259851 0.2137527601969057 0.5331403571262903
1 0.5137272311212814 0.567001543769358 0.4978671983514928 0.6422204953301586 0.6148239583849601 0.5204776195499297 0.7055691648372651
1 0.3253297834888223 0.3115415152641901 0.3150591156526806 0.4799775781422258 0.6098199299295876 0.3238748945147679 0.7997894271925486
1 0.3491764478084844 0.3676602944900056 0.3272123096029454 0.5148715895179748 0.5893564545683633 0.3543716068917018 0.4482188014183688
1 0.2491260517514522 0.2909800346652239 0.314505492029285 0.3655159612634971 0.7039654560824371 0.2490832454289732 0.3021990678780247
0 0.683733708854075 0.8070852994178892 0.782469285321319 0.6589430050983092 0.7709374327340096 0.7046883087201126 0.1327043650262235
0 0.7048525259637388 0.7597529157840396 0.7327707432606198 0.6995719736491347 0.720743956514182 0.7089947609001406 0.7871811669464928
0 0.5093274775567681 0.5462605516586458 0.5226188285311553 0.6008945172179672 0.6632548580547118 0.5200381856540085 0.6756189748379354
0 0.6039221791938039 0.7549160957332667 0.7117442742694189 0.6064218173388598 0.7678481256269375 0.6243597925457102 0.2163971496084701
1 0.4605782080619609 0.471349140904271 0.4357887728321836 0.5976979967335543 0.6046641056319495 0.4583416666666666 0.2951638697379741
1 0.2830921492694948 0.2721558194236463 0.2214913530520497 0.5072755040087656 0.5019942833070052 0.2861714662447257 0.7555030277941737
0 0.4326837704629466 0.5709300097880744 0.5817862548219814 0.4303197380725269 0.812084923622692 0.4550898558368495 0.7964643050079736
1 0.5077435662735434 0.5732111273466679 0.5879285152692009 0.533072801813509 0.7497523164490957 0.508173470464135 0.4102012979749742
1 0.2256313677169512 0.2074407914495456 0.1681330691728491 0.4440233559611443 0.5127930744213676 0.2270236638537271 0.4870920854456891
1 0.2503579827495159 0.2319571652556721 0.2559852618437629 0.3999033021374918 0.6323701619270131 0.249346905766526 0.2637969384234325
1 0.363959619785249 0.3926307647414638 0.3360253727859577 0.5439241936602666 0.5711618908540591 0.3793314521800281 0.7813688402574674
0 0.4825769758845274 0.6087526341170079 0.6264693118523896 0.4675855203012662 0.8107260891174465 0.4916507559774965 0.3254362475251241
1 0.2742926421404682 0.2780909792087632 0.1991703291154899 0.524622891507678 0.461851785580908 0.2869624472573839 0.4639093139092491
0 0.537397905298363 0.5816542917716512 0.5103443971912873 0.6507843230865251 0.6170799586613884 0.5456132383966245 0.3243523461880724
1 0.4398993663087484 0.4739945991523234 0.3262520118364383 0.6945195678931663 0.421041735104802 0.4629117791842475 0.4608406636920895
0 0.6384162471395881 0.662944162283147 0.615637849550925 0.7115601567909853 0.6432387442332218 0.6475619022503516 0.7886190487625334
1 0.3090506953001232 0.2693732298501939 0.2155860344024975 0.5524360674329161 0.4502660987784797 0.3068248593530239 0.366886542215453
1 0.2868759373349762 0.2968676577394206 0.2532866314655242 0.4769709200753722 0.5606803007066375 0.2906536919831223 0.5518647773058368
1 0.3343932758317198 0.4584865126362542 0.4543265392741229 0.3931977428629432 0.7699373249548535 0.355865682137834 0.4761755569054671
0 0.4671778384087309 0.5480453537269548 0.512844491173129 0.5493873059847626 0.6946026187403102 0.4883989451476793 0.581612739568559
1 0.4524826615032564 0.4681388820739307 0.315955946866241 0.7212294763476672 0.3832096747847732 0.4768857770745429 0.4078245484903564
1 0.2938275479669072 0.2636757536196776 0.2203852449485167 0.527382966752731 0.4807913702681704 0.2989150492264416 0.8452562531604405
1 0.3643116000704101 0.3877729963096074 0.4028328701735424 0.4743916510488818 0.6789027411785483 0.3624571905766526 0.2241817703088982
1 0.2639092237282169 0.2923371674766447 0.2641281833215598 0.4351797393199897 0.6078832243558555 0.2765039205344585 0.3292205610532763
1 0.3600878366484774 0.3636789740944016 0.2754110718227008 0.5839498922533748 0.479207459169221 0.3712458684950773 0.6570984211935101
1 0.4717535821158247 0.4629377213336988 0.4545097786039123 0.597100128719098 0.619017362147039 0.4701184950773558 0.7525394245617508
0 0.5565808308396409 0.6957137148119692 0.6599187890112537 0.5788809629062547 0.7585697356269445 0.5731218002812939 0.2151555958543872
1 0.4376994895264918 0.4484486929866424 0.3605236249580874 0.6380494007291698 0.5078612798495559 0.4415552918424754 0.4077165516682945
0 0.5944187114944552 0.697419235314947 0.667800846682965 0.6056293204863198 0.7457445572573276 0.6073976441631505 0.2258635053437977
1 0.3194341137123745 0.3506948452161008 0.33875720105343 0.4588728213438512 0.6458164819040612 0.3191290084388186 0.2255047723491188
1 0.3837585108255589 0.4328717990957837 0.4260713926370582 0.4730573710633906 0.6953877696485798 0.3864502812939522 0.2284285527776553
1 0.4059332687907058 0.4035028133823752 0.3549740444745383 0.5890609249817946 0.5471955955740742 0.4149255977496484 0.7919581007344761
1 0.4465869917268087 0.4712964476687766 0.3929711442541513 0.6285415039475842 0.5445868008228631 0.4492014416315049 0.3093057176332786
1 0.1516275127618377 0.2498678699406188 0.3003153471989374 0.1931486902394771 0.823787859627422 0.1514410337552742 0.0899654830644647
1 0.3408169160359091 0.3142978387905917 0.2540207279279396 0.5780400074450491 0.4637919807142323 0.3511197960618846 0.4346893725276852
1 0.3458326350994543 0.389383443390745 0.3168286933366321 0.5323000061658036 0.565329091995513 0.3613146624472574 0.2569700315744906
1 0.2755245731385319 0.3283011869792984 0.3531641085723029 0.3838679513282897 0.7154771642215085 0.2818650140646976 0.1644064306368448
0 0.5545569441999648 0.6927619267759197 0.7330107770185588 0.4881102037218094 0.8463384405808068 0.565651424050633 0.6349789021328476
0 0.5649403626122163 0.715731182068338 0.6961298748970497 0.5394966656350598 0.8005589082892921 0.5788344409282701 0.1461754526898145
0 0.672470339728921 0.7171041067362679 0.6769001602932415 0.7049837675126505 0.6857084292514305 0.6756856715893108 0.3549474034025968
0 0.6538153846153846 0.764246343526437 0.735152529078379 0.6323864165040132 0.7636990392716809 0.6713792194092827 0.6544199689024951
1 0.1600750396057032 0.1989554079796096 0.206496810346792 0.2984425738813853 0.6819466840109203 0.1643603902953586 0.4273314949602602
1 0.3345692659743003 0.3339404911669599 0.2747803119272625 0.5474240173707217 0.5138996137680891 0.339167194092827 0.7927696337585282
0 0.6498556064073227 0.6872441231985422 0.6095204875206308 0.7313284092742905 0.6248145674977436 0.6617116736990155 0.3070264766602342
0 0.4448270903010033 0.4677270046735516 0.4078940836689053 0.6036817610600097 0.5781322861396982 0.4514864978902953 0.2704886443949829
0 0.4731615032564689 0.4959976506526162 0.4166671141031359 0.6316935378404352 0.5614298581070658 0.4811043424753867 0.6586044770277263
1 0.394405914451681 0.4130338433511608 0.3359093429083913 0.581607355446268 0.5374024955342154 0.399193864275668 0.3960758380648081
1 0.4277560464706918 0.446046074817765 0.3516472579568797 0.6392475199683446 0.4987032796554976 0.4445434423347398 0.3936060048246044
1 0.3635196444287977 0.3809560708222708 0.4110423501645577 0.4506574189278255 0.7024656433696622 0.3634239451476793 0.2578081131344669
1 0.3355372117584932 0.3389144425431329 0.3265519319827987 0.5063557437282215 0.5962232099341109 0.3362669303797468 0.8082657847456675
1 0.1602510297482837 0.2260748598474427 0.2699776839514692 0.2316305452247002 0.7784679023342145 0.1599660513361462 0.7724457462294767
1 0.295059478964971 0.3198420695564131 0.2587538681649939 0.4933899677367964 0.5502468664815899 0.3084947081575246 0.5511546859097913
1 0.4200124801971484 0.4201622551510688 0.3130137025655382 0.655557575480442 0.4461585381823715 0.4202866912798875 0.3252073073727411
0 0.7267632987150149 0.8415392629272128 0.808572102139739 0.6810690469343997 0.77042900390141 0.7344819268635725 0.8727747939249388
0 0.7040605703221264 0.8274355236506986 0.7447854499376602 0.7126913872621329 0.7189042606971161 0.719453287623066 0.1877294833260692
1 0.2375986974124274 0.2545514445266967 0.2182781553906903 0.4255661868834444 0.5776803881724941 0.2452162271448663 0.6185245456546679
1 0.2531738250308044 0.2091567861430651 0.1702313710541136 0.5056669959624315 0.4510212394742555 0.2563778481012658 0.3603395421526745
0 0.4091010913571554 0.5033318400113209 0.4975693937568972 0.4709147061569443 0.740915704693489 0.4247689170182841 0.6960130029433792
0 0.4782652173913043 0.5652749137439038 0.548298209527096 0.524066491351785 0.7336075200393143 0.4833015119549929 0.2516085383566217
0 0.5821873965851082 0.6580493313309121 0.633203926793777 0.6135979811998606 0.7216467055807125 0.5879746659634317 0.7387340220013372
1 0.4107729977116705 0.4414575736535273 0.4169839586636153 0.547944669372681 0.6309185051366122 0.4171227672292545 0.3977416767541233
0 0.7286111952121105 0.8538262941396141 0.7453127105313702 0.7422767183383795 0.7002947883472863 0.7561899613220815 0.3110638206789228
1 0.4271400809716599 0.5032262923989389 0.4353541083118752 0.5510288612134 0.6416918224659508 0.4339091420534458 0.2078842468484927
0 0.3771588804787889 0.5137604275388352 0.603792875219329 0.3317593767055777 0.8798999778717665 0.3833742440225035 0.7034110310743932
1 0.2821242034853018 0.3221231871150066 0.2706985988990419 0.4592809858214324 0.5918221773762896 0.2843258438818565 0.2683483735359118
1 0.2260713430734025 0.2347714996835355 0.2487170396533707 0.3688748578071112 0.6535720280979701 0.2280783052039381 0.7556320012372125
0 0.5618605351170568 0.6556151294490166 0.5495774674058472 0.6703557224021685 0.6295216344318105 0.5893808544303798 0.2635473494097751
0 0.5606286041189931 0.6490096214692298 0.6205931227232923 0.595552313094109 0.7265310421420689 0.5702215365682137 0.1758385251895199
0 0.6072659919028339 0.6766095969708383 0.5976615180004362 0.6916319114587409 0.6459428039613028 0.6199654535864979 0.412130491585463
0 0.6299687202957226 0.8277839113422556 0.8261923700547223 0.539444870532027 0.8564738664166711 0.6344667721518988 0.0753901729622504
0 0.5991704453441296 0.7762431590901362 0.8319302346453463 0.4780085698235555 0.8901149656663355 0.6131102848101266 0.1113370544834121
1 0.5839472980109136 0.6950588361910224 0.5640403556791139 0.6873737502428381 0.6266361176049293 0.6151316807313644 0.264783331248911
1 0.3310494631226897 0.3298323524951047 0.2453044919218586 0.5764963227178481 0.4564771658968322 0.3427705520393811 0.7473916306700863
0 0.7118041365956698 0.7395453016839905 0.6689650510926569 0.7655776828337589 0.6390446425592244 0.718310759493671 0.5757538710017406
1 0.2286232001408202 0.2595096040463606 0.2503100501323297 0.3668440449023065 0.6565367579275967 0.2361638888888888 0.2361099291717117
1 0.2519418940327407 0.3605742628764431 0.4129583891245398 0.2686864460696775 0.8314987394585494 0.2521592827004219 0.7532300142554818
0 0.5693401161767295 0.6838013373381756 0.6613366968979807 0.5678965879268637 0.7662017514112857 0.5755826300984528 0.155434172653439
0 0.654607340256997 0.6612439594461365 0.5341765760269803 0.8157676143146761 0.5019995176463936 0.6741915963431786 0.7249733586403513
0 0.6062980461186411 0.7341593117660455 0.6934206667599866 0.6135102790622099 0.754177426968104 0.6324453762306611 0.7668920219459348
1 0.2472781552543566 0.2754137761062998 0.2575169213215403 0.3966006493560668 0.6364557382976896 0.2475012834036568 0.79038927891718
1 0.4509867452913219 0.565095402232158 0.5391484481439643 0.4972204221509677 0.7466403272046737 0.4618571378340366 0.2278587425343942
1 0.4583783312797043 0.50814223287365 0.4579127249851068 0.5738339590935474 0.6397833823249165 0.4710852496483826 0.4885847031320918
1 0.2898677697588452 0.2829329557841105 0.2748890187410274 0.457422081816878 0.596974163158376 0.2921477672292545 0.8789488034459682
1 0.338441049111072 0.3813204115117297 0.3453674866449426 0.485843453001042 0.6284077670099452 0.3418916842475387 0.7033885795347536
0 0.6609429853898962 0.7301464076574234 0.6654452611601402 0.6982192635042821 0.6835103556642343 0.6683910689170183 0.6032409468347733
1 0.319258123569794 0.317856807595275 0.2277956973114096 0.573583563135327 0.4412483788800321 0.3326635724331926 0.2944688552882559
1 0.3197860939975356 0.3188969752867642 0.2918624160202092 0.5002803052470116 0.5728393221500825 0.318601687763713 0.3059491305172378
0 0.6885734377750397 0.7140785159422477 0.6315339427775264 0.7799724316984286 0.6038622048376368 0.6951086497890295 0.6648335501788205
0 0.5410936982925542 0.6423353061146534 0.5622134953627596 0.6335213012308962 0.6651029288147993 0.5674091596343178 0.4802466601735408
0 0.5546449392712551 0.594348043859857 0.5327949579897587 0.6614779464139217 0.6246589331399266 0.5704851969057666 0.4287588884658121
1 0.4437711494455201 0.4778070433681162 0.3638089141142041 0.6491441977840452 0.5006567351152728 0.4590447609001407 0.3579849164479936
1 0.2191197324414715 0.1881466879061273 0.1346948207118139 0.4632785827153294 0.4578475159487323 0.2205200421940928 0.3546463561156049
1 0.3850784368949128 0.4048546285278288 0.2987742491055936 0.6269372856797223 0.4600864173831584 0.4030608825597749 0.7033440042151774
0 0.5362539693715895 0.6024639301157598 0.5869519440275793 0.5896767465135598 0.7111825632312525 0.539373277074543 0.4932762555175041
1 0.4104210174265094 0.449937639457496 0.3798900367528574 0.5863504205101965 0.5703648754431755 0.4221323136427567 0.3532186348503502
1 0.1837457137827847 0.2103184544448382 0.2437454930058889 0.2902465549088259 0.715671183734841 0.1824650668073136 0.6279092892240065
1 0.4501947896497095 0.4994931297484772 0.4917587867325114 0.533288879543953 0.6930012598433991 0.452101705344585 0.4750557658809624
1 0.2723567505720823 0.3100630429838782 0.2910420701396869 0.4199229038631223 0.6424455673378897 0.2738673171589311 0.3212476424036082
0 0.5862351698644604 0.6646023072165975 0.637213060122987 0.6265747199584921 0.7152866342677684 0.595884476090014 0.7006142575306792
1 0.3516403098046118 0.3719584188641482 0.3242539545618792 0.5285173748375617 0.5749410838925308 0.3546352672292546 0.2995125854742919
0 0.4689377398345362 0.5811051219044792 0.5923376506167253 0.4688807156384567 0.7932999264253688 0.4754795886075949 0.7471585935214187
1 0.2544937511001584 0.2545145431477112 0.2227535237819308 0.4479764662634792 0.5606000408360144 0.258926564697609 0.4367711382798123
1 0.3381770638972012 0.2994918453236035 0.2096239213247956 0.6117629092979286 0.3806734628730823 0.3441767405063291 0.5448494086278037
1 0.3274416651997887 0.2396345857813592 0.1464701445699199 0.6624992314516376 0.2416884917828864 0.3287086673699015 0.474880906079536
1 0.2150719591621193 0.2511404035207412 0.2969496670757551 0.3110716817030967 0.7348763239070782 0.2110282700421941 0.851318496622826
1 0.3258577539165639 0.3368656908731726 0.3010580686031635 0.512273731451439 0.5698752902323744 0.3369700246132208 0.7000872199286291
1 0.3717031860587924 0.3941620913986631 0.3735240160228135 0.5142875441230396 0.6261032618551836 0.3791556786216596 0.8257140725224893
0 0.6878694772047175 0.7541611483072981 0.6911005574129113 0.7278598850586129 0.6786745239812112 0.6962511779184248 0.8062179421227768
0 0.6177374053863756 0.585588075456335 0.4281604186375075 0.861320613028677 0.3616124415120075 0.6304239803094234 0.4321053150310671
1 0.3678314029220207 0.3436561891720656 0.2930980609856537 0.5870971597257012 0.4932225773598155 0.3683456047819972 0.3448723978992301
1 0.4288119873261749 0.4087568284994944 0.3718445933909963 0.6057834347499452 0.5467370674436446 0.425823558368495 0.4532894079000316
0 0.6333125330047527 0.7173838481944282 0.6820344416918684 0.6480666689841401 0.7261782476672863 0.650550052742616 0.1612619040484945
1 0.2477181306108079 0.3023379246058781 0.2594949622217086 0.4188679361203666 0.6185427820424848 0.2603327531645569 0.2628112011173596
1 0.2901317549727161 0.3093661064593716 0.2463897699772451 0.4861186343459898 0.5459288854420655 0.3014637658227848 0.3484421927019211
1 0.2122561168808308 0.2421744964170296 0.2736784349272592 0.317897672536231 0.7139843306279183 0.2122586849507735 0.2164587684325903
1 0.3767189051223376 0.3676127577790854 0.2363526159961196 0.6815031089634974 0.3352516104397794 0.3861866209563994 0.7585492264716936
0 0.6723823446576307 0.7540818667419671 0.7088812817925237 0.6925936162399007 0.7121551034896294 0.6828923874824192 0.1952109263014376
1 0.3568320190107375 0.3703797166374217 0.3173836188380368 0.5409617044236066 0.5580341676677889 0.3701033403656821 0.3089994261910424
1 0.2717407850730505 0.2565262322972931 0.2234584907238913 0.4755684802763806 0.5348900126277522 0.2803709388185654 0.4181196446341314
1 0.4455310508713255 0.5324209231251761 0.5131676823889031 0.5161829906849484 0.7184680657480773 0.4583416666666666 0.3588326669192014
1 0.3458326350994543 0.3169537712291858 0.2705420480684404 0.5643578384487918 0.4935847936454973 0.347340664556962 0.7920172613608256
0 0.475185389896145 0.5781323854873464 0.5477717626071416 0.5262994004868283 0.7317803866367807 0.5152044127988749 0.7270447999618412
0 0.5061596549903187 0.6526899297428039 0.6840736708584673 0.4627544353383186 0.8397079283994586 0.5365609001406471 0.2693114954224938
1 0.3642236049991199 0.4002239083186383 0.4086278546618184 0.4630729911100393 0.6914784160373151 0.3633360583684951 0.2060446955167108
1 0.273236701284985 0.3109712358745418 0.343972361623376 0.3671411517816669 0.7222901803695345 0.2724611286919831 0.6493819745112576
1 0.4726335328287274 0.4773687387792935 0.3815888248200608 0.6766493040627165 0.4915688750690198 0.482246870604782 0.3477910980523737
1 0.4898805668016194 0.4899411513986083 0.3035874548402113 0.8075572960805433 0.2767309981648225 0.5036912447257383 0.4350836674501144
0 0.6291767646541102 0.7782232645266999 0.748417526848467 0.5879358908573288 0.7964897328486995 0.6440464310829817 0.5778533357778171
1 0.4259081499735961 0.5037912541226199 0.5383617883569293 0.4547002968167052 0.7745351686736812 0.4243294831223629 0.2776964080185404
1 0.2612693715895089 0.2517371100988332 0.2534422058876189 0.4340864813323539 0.6000184549467072 0.2603327531645569 0.2971284613963619
0 0.3725831367716951 0.4173477595818124 0.3893018010853323 0.5043093605163701 0.6458468410725142 0.374321905766526 0.8423994995911199
0 0.3717031860587924 0.4691632579089108 0.4347350653185193 0.4611945447813344 0.7097989528529017 0.3850440928270042 0.1722533256807988
1 0.3665114768526668 0.4257064859168901 0.4049243371952589 0.4780463834263832 0.6774971465747658 0.3714216420534458 0.2945006479794244
1 0.2134000528076043 0.180099447883621 0.1685233071060949 0.4216248337517366 0.5356734187562258 0.2144558544303797 0.7619823454783307
1 0.369239324062665 0.384118954083084 0.3127503977381855 0.5793744463112245 0.518796861699937 0.3844288853727145 0.608928233197193
0 0.4636580355571202 0.5998871181011038 0.6088526241019314 0.4514756544511978 0.8121187723507374 0.4759190225035162 0.430528790860756
0 0.7272912691427565 0.7663954862842048 0.7401457194477631 0.7384556378845731 0.6998798797117606 0.7327241912798874 0.8589366153942485
0 0.4451790705861644 0.6139853785702577 0.613229375233978 0.4528587108067231 0.813361404521559 0.4823347573839662 0.5761866776892449
0 0.6058580707621898 0.7013423836676961 0.6634424845777979 0.6284515774803554 0.7287060846359557 0.6257659810126582 0.2216095121615798
1 0.3241858475620489 0.3529864369652359 0.3311146889354042 0.4700977416790453 0.6307297199626682 0.3278297995780591 0.4349692793138486
0 0.4150847562048935 0.5013306250522807 0.4843877161793956 0.4891890035671876 0.7202459963603594 0.4351395569620253 0.4242166306250103
1 0.3323693891920436 0.338397017530372 0.2563901459046118 0.5631206345613162 0.4810049313152198 0.3458465893108298 0.6120847230146942
0 0.4492268438655166 0.5323787040802233 0.5091432519930856 0.5284314203874365 0.7073440476797116 0.4602751758087201 0.4068014465781681
0 0.571188012673825 0.7000593758970319 0.7209726365373534 0.5214470255122047 0.8224112283682556 0.5771645921237692 0.7952342228434875
0 0.5919548494983278 0.7020130541451519 0.7256938971375742 0.5412527738369693 0.8131495882543057 0.5940388537271448 0.1241242715271789
1 0.417900598486182 0.4121308069850716 0.3172783294540459 0.6566760954968578 0.4493158917014936 0.4244173699015471 0.3465737985162956
0 0.3502323886639676 0.5260793647470404 0.5611959149638494 0.3301651679208171 0.8628220732270016 0.3687850386779184 0.5579711044482447
1 0.3112505720823798 0.3870547891212313 0.3438805792237301 0.4376665397883047 0.6668400315798512 0.3215019514767932 0.2674116363054027
0 0.5722439535293082 0.6494901451030052 0.6305516758196148 0.5979115323730518 0.730531473258693 0.579537535161744 0.5938085142286821
0 0.6381522619257173 0.7326439381067482 0.6864289309117898 0.6584706528243314 0.7218578239360472 0.6579325421940928 0.3453397832353764
0 0.5395097870093293 0.6670680928115111 0.6372472344207275 0.5614382469968523 0.7577912148819002 0.5645967827004219 0.1718875458525104
0 0.8532122161591269 0.9581647015088592 0.861024441659315 0.8131160545768975 0.7180032564103817 0.8772979430379747 0.210477809376491
1 0.2625013025875726 0.2742152064255412 0.2481020650287935 0.4436067708073031 0.586888986980641 0.2735157700421941 0.3838156586230912
1 0.2885478436894912 0.2411501205820495 0.1585115397461481 0.5826993423884306 0.3525964663933562 0.3002333509142053 0.6160848663071188
0 0.78800786833304 0.8297430683977358 0.7209317901148161 0.8363774577819236 0.6224894739413873 0.7996060302390998 0.2503015965418368
1 0.3115145572962506 0.3006219299123586 0.3162631900764029 0.4547692510336263 0.6322714073905508 0.3124496132208157 0.6717733702453657
0 0.6619109311740891 0.8031039790222854 0.8161594471771266 0.5800568388496485 0.8307299894803634 0.6741037095639943 0.1470974407336991
0 0.6168574546734731 0.676129073337063 0.5917405768147741 0.7017748543348739 0.6346394225298924 0.6279631504922644 0.4841063584333295
1 0.3715271959162119 0.3960471234133866 0.4088232990979435 0.4697694941855914 0.6864946270275779 0.3704548874824191 0.422374784975309
1 0.3303455025523675 0.3173445391070884 0.2786123898472266 0.5236858132325616 0.5397945886347438 0.3323999120956399 0.6146166667185723
1 0.5346700580883647 0.5822139358293648 0.4919239625049237 0.6798532919392843 0.5805372906107183 0.5457011251758087 0.302007000692203
0 0.5696041013906002 0.7001015949419848 0.7028662799206997 0.540898628791999 0.8028826060218114 0.5747916490857947 0.1148232705618974
1 0.249390036965323 0.3007750142356606 0.3358029143811424 0.3345561533886693 0.7417891414594442 0.2491711322081575 0.1910800068876088
1 0.4806410843161415 0.5651903145126054 0.5436158425323989 0.5329514169708186 0.7248026632759977 0.4851471343178621 0.2324809737426712
1 0.2649651645837 0.3107548229838106 0.2947335452346616 0.4163982947659398 0.6482340487896135 0.2708791666666666 0.413895313705014
1 0.3893901953881358 0.4004034198303841 0.3336561175440367 0.5780469981951517 0.5386562942957324 0.3949752988748242 0.7229423956421531
0 0.6279448336560465 0.6934325972533757 0.6162090485274442 0.7143000541891511 0.6416345936886368 0.6453647327707455 0.3225273801630635
1 0.4406913219503608 0.4942972866742128 0.4716384248356864 0.5322955575066475 0.6807797752832518 0.4462132911392405 0.3482299682943792
1 0.2131360675937335 0.2035914458547674 0.214840709242253 0.3786369636833367 0.6178944218702337 0.2204321554149085 0.8188922459489403
1 0.3819106143284633 0.3762618609042581 0.3153390194246501 0.5924382516847702 0.5089695639760735 0.3884716772151899 0.5221386110633488
1 0.1958890336208414 0.2354737538740096 0.2732898243415249 0.2828773510165829 0.7413773734275517 0.19749370604782 0.3974509538977687
1 0.33448127090301 0.3094874459282625 0.2751135926976076 0.5418841656757812 0.5194804664240705 0.336354817158931 0.676031788183571
1 0.4116529484245731 0.4333787499180029 0.3290709031957732 0.6515167630404564 0.4658860654255776 0.42758129395218 0.5377509528651191
0 0.6474797394824855 0.7412877235659536 0.6811127120613828 0.6775407835814818 0.7064308299344041 0.6681274085794655 0.7312484820296843
0 0.704588540749868 0.8208509640519953 0.73396456539502 0.7148385008277354 0.7116553985560107 0.7224414381153306 0.5449080776145991
1 0.2559016722408027 0.1954281840293374 0.173804700719757 0.4923492992556142 0.4688473056956118 0.2566415084388185 0.5449418368639841
1 0.3090506953001232 0.2747221572477604 0.2404751754468776 0.5301001442130635 0.4979708210970717 0.309373575949367 0.8941186696490023
0 0.5351980285161063 0.6698350516698475 0.6394710047951248 0.5477705361428528 0.7676199084296004 0.5434160689170183 0.1450184609390456
1 0.5411816933638444 0.5097791071432313 0.4341017016670627 0.7296573022384012 0.4907763960856062 0.5423614275668073 0.3220665500209726
1 0.3335133251188171 0.3265321767674985 0.2600147370168659 0.5549627469529528 0.4925672380683797 0.3442646272855133 0.3663752370791359
0 0.625128991374758 0.73407487367614 0.7401414883442333 0.5800322123436052 0.7972609255185998 0.6314786216596343 0.8423624627447072
0 0.6448398873437775 0.7758841360666446 0.7137699964516727 0.6437166747327987 0.7458541294285261 0.660481258790436 0.2155498907768163
1 0.4092770814997359 0.4455233321390368 0.3501364285272489 0.6028824323380513 0.5306163489950502 0.4238021624472574 0.3897449955260046
0 0.2999872029572258 0.4654669966374346 0.5556811597170453 0.2401803914808615 0.911625657861212 0.2997939170182841 0.0001
0 0.8387810244675233 0.9999 0.9058158800339858 0.7544824091368312 0.7736788307497283 0.8660484353023911 0.2614455903157793
0 0.7235954761485653 0.8274883780275861 0.7911144062411495 0.6891646533145763 0.7572098542538214 0.7353607946554149 0.5719811929430366
0 0.5055436894912868 0.6160078641931672 0.5757561186183009 0.5530272624586381 0.7296461719901239 0.5200381856540085 0.3261329007733562
1 0.4463230065129379 0.5237718200000032 0.4739652063075585 0.5625402434221164 0.6595615081822109 0.465548382559775 0.7342050384284975
1 0.4814330399577539 0.5116377119695111 0.4249919730327129 0.6567148623837903 0.5468445458790877 0.4972755098452883 0.5589076777989025
0 0.6423760253476501 0.7358701499349907 0.7306174370334683 0.6135210829487321 0.7728661123206794 0.6458920534458509 0.547469847451429
0 0.6679825910931174 0.7727159351398641 0.6861692062489624 0.6989799842199921 0.6951274485029936 0.6887808016877637 0.1897760149101488
1 0.4786171976764654 0.4813342673183883 0.398747902450299 0.6760425387299477 0.5074945271364041 0.4866412095639943 0.3867174791515423
0 0.3328093645484949 0.4761701690985349 0.5282029087819471 0.329901267104444 0.8482507192373927 0.3470770042194092 0.484742048376847
0 0.510559408554832 0.820587014450344 0.9302545712871964 0.3011092272841581 0.9999 0.5152922995780591 0.2624065817642933
1 0.4425392184474564 0.4583650120259702 0.4268683047134156 0.5696517428446682 0.6207178245363716 0.4457738572433192 0.4278228067547085
1 0.1300687202957225 0.1655944665386625 0.2158656127049647 0.2168308094961322 0.7558007700904465 0.1351819796061884 0.7558438978850517
1 0.3854304171800739 0.3998489322972448 0.3204412420773014 0.5925971323689201 0.5134951738113404 0.3988423171589311 0.4026410287910902
0 0.6618229361027989 0.7131227863406641 0.5901975259044165 0.78854563341516 0.5679385846586423 0.6901869901547117 0.5274419269339764
1 0.4365555535997183 0.4735247108504826 0.4129683159443596 0.5792476595252729 0.6024628914411204 0.4369851793248945 0.2952892378242827
1 0.434443671888752 0.4120727960836098 0.3088167733335069 0.6849689322075445 0.4125530324405487 0.4470042721518987 0.5446225989134887
0 0.3177622073578595 0.3946953082679331 0.3926827782751223 0.404481766812641 0.7252685194815711 0.3311694971870604 0.3130252986201343
0 0.4012695300123218 0.5227210169765795 0.5038571390716404 0.4636992987669585 0.7495024639822863 0.4253841244725738 0.5809801633422179
0 0.6518794930469988 0.7718499612941534 0.7585065932152076 0.600198143179338 0.7940306402039986 0.6603054852320676 0.5807690860936358
0 0.6269768878718536 0.7120349207968618 0.5756802842242673 0.7529368178414204 0.5849372763006621 0.6675122011251758 0.3285021117848102
1 0.371879176201373 0.3762302771912401 0.301970685087585 0.5818186667561874 0.5065935228496696 0.3769585091420535 0.3280012949589816
1 0.2873159126914276 0.3259725327097847 0.370209760080993 0.3659285744002346 0.7398374307794653 0.2864351265822785 0.1975039331819982
1 0.3319294138355923 0.4019345853461905 0.3751238613613206 0.4723522585871331 0.6612696476026467 0.34523138185654 0.4454915129316413
1 0.4168446576306988 0.4864508288273216 0.478476376344051 0.4946780134432001 0.7126977300062336 0.428635935302391 0.2546965263962447
0 0.681093856715367 0.749672877089475 0.6837605691972642 0.7215024333630368 0.6786145035562234 0.6908021976090014 0.7161063115215338
0 0.6855816053511705 0.7676575456737855 0.6998054019864122 0.7176015948057871 0.6906266145408322 0.6948449894514768 0.7467388972220251
1 0.2972593557472276 0.2628626341508543 0.2439469586278065 0.4901446708823495 0.5398874109198993 0.2980361814345991 0.3560001675678856
0 0.717171835944376 0.8803704712346174 0.8402279168714821 0.6412232012757493 0.8074717258416582 0.7546079992967651 0.4915843599318189
0 0.5395977820806196 0.6854804306527096 0.5791577631214863 0.6229660629793942 0.6833316902131081 0.591929571026723 0.281242112483078
0 0.5002639852138708 0.5635905027634024 0.5150178137746715 0.6062484785124522 0.6542329506847537 0.5191593178621661 0.1872401380898375
1 0.3230419116352754 0.3140707905679259 0.2440939081080905 0.5463857320998018 0.4854321355699835 0.3280934599156118 0.7432961093041565
1 0.364927565569442 0.34357175108216 0.2697921663351639 0.6119066963170844 0.4458186550780805 0.3706306610407876 0.3570866909825595
1 0.381822619257173 0.3567671363266177 0.2880921773056802 0.622978455672758 0.4533309789684055 0.3902294127988748 0.313980226514147
1 0.4501067945784193 0.4571769165357534 0.4375342657729656 0.5780846529172953 0.6217856297716184 0.4472679324894514 0.5848192127407323
1 0.3239218623481781 0.3621529651031696 0.408810280317852 0.4026295357968208 0.736629827602214 0.3256326300984529 0.6153472430960408
0 0.6507355571202253 0.7076998950437338 0.6056846667013903 0.7403596640034261 0.6155515315599567 0.6710276722925457 0.667075262665898
1 0.3476805315965499 0.424835194405212 0.3989555519927601 0.4600912773105972 0.6873122308400561 0.3652695675105485 0.2363337890487018
1 0.3155623305756029 0.359211812399055 0.3241940681734578 0.4662919137709173 0.6286331925596084 0.3297633087201125 0.2117059249827604
0 0.8129104735081852 0.9209175130941484 0.9051825163825292 0.7129430542658264 0.7963211871203909 0.8190290084388185 0.2070323993810003
1 0.3927340080971659 0.5242154422547932 0.5314065050929889 0.4188931981491465 0.7941866235177748 0.4049943917018284 0.310116103498371
0 0.6694785073050519 0.8165687926757547 0.7845687263458415 0.6214973699351121 0.7937315849469376 0.6915931786216596 0.5619397828092036
0 0.5786675937334976 0.7357750765131503 0.7639370518609186 0.5056843139570039 0.849515684589605 0.5877988924050633 0.7241900129507371
1 0.4506347650061609 0.4701505712235125 0.3864855134820158 0.6418936777628621 0.5272883560118641 0.4593963080168776 0.6688613891661288
1 0.4790571730329167 0.5378702416105501 0.5328867403894045 0.5556916915318328 0.7024900702868084 0.4811043424753867 0.8743519736146556
1 0.2578375638091885 0.2942591008703537 0.3476895488090316 0.3276888535776559 0.7542688534294225 0.2579598101265822 0.3655707508886933
1 0.3668634571378278 0.4083976443346099 0.3717877989628467 0.5069507518903631 0.6308378963100298 0.3691365857946554 0.5112519086560786
0 0.5369579299419116 0.6734836150890106 0.6941853573556173 0.4950375604314314 0.8256617531284924 0.5473709739803094 0.226622596815407
1 0.2625892976588628 0.2653812741226554 0.1985909934014134 0.4945078522304755 0.4920867257125186 0.2792284106891702 0.6289518928385095
0 0.6539913747579651 0.7709048670245043 0.7690509914156524 0.6053277649478033 0.7959247731507044 0.6682152953586498 0.1700863424059522
0 0.3484724872381622 0.3930268502853337 0.3746314260043556 0.4809354697869659 0.6540490508942389 0.3607873417721519 0.7413887117139016
1 0.4034694067945784 0.3893252713478902 0.3798949187953917 0.5524015903244556 0.599261220515176 0.4027093354430379 0.4005222261925504
0 0.5076555712022531 0.5763475834190375 0.5084228252497665 0.6207881265610666 0.6387822276778827 0.524871958509142 0.5439567550773168
0 0.5635324414715719 0.6624162630798442 0.6230813370683004 0.5972787106080826 0.7267819414767559 0.5770767053445851 0.6969422017007247
1 0.3863983629642669 0.3998382969653101 0.3090157979341573 0.6236389226767692 0.4733279002121379 0.3978755625879043 0.7059487105730697
0 0.5958266326350995 0.7142316002655497 0.7083032479564565 0.5684717360034865 0.7890862832176546 0.6030033052039381 0.1756929998814911
1 0.3960778208061961 0.3387085038429434 0.2427157075006429 0.6803634578160898 0.3440494880839114 0.3949752988748242 0.7386166840277465
1 0.4145567857771519 0.4214558982536676 0.2997890630137343 0.6529635305503259 0.4353548616845798 0.4198472573839662 0.7738206981825859
1 0.3404649357507481 0.3824609702910264 0.3274303741694798 0.5028169942501497 0.5999919342938057 0.3524380977496484 0.4685094213375894
0 0.5372219151557824 0.5937355454252558 0.5112910252386983 0.667021770125966 0.6051065817882544 0.5564233122362869 0.5872800325891099
0 0.4728975180425981 0.6090431720484959 0.6160611226386533 0.4642798487868423 0.8077662446712491 0.4770615506329114 0.105456553776211
1 0.3061468579475444 0.2955211602599343 0.3301844970978589 0.4266263976887771 0.6659498449278529 0.3041003691983122 0.3662605211831673
0 0.5363419644428797 0.6613232410114677 0.6429266772356904 0.549656767625081 0.7682092950447417 0.5493044831223628 0.1368084081444253
1 0.30139512409787 0.3244254141960764 0.2635494985464879 0.4973387882606593 0.5508509092470188 0.3149104430379747 0.5207990571581385
0 0.567844199964795 0.6875398176546046 0.6727238983746058 0.576110401536048 0.7668846582235007 0.58876564697609 0.2247356842065751
0 0.7077563633163175 0.8097148046680395 0.7610599014606738 0.6951824181074399 0.7384217164528651 0.7319332102672292 0.7701109499868133
1 0.3543681570146101 0.3151215935913497 0.2456524188198068 0.6200930235679106 0.4119730676363067 0.3536685126582278 0.8487793422054871
1 0.2991072522443231 0.3225668093697966 0.3305552068609674 0.424062222327281 0.6682990164453959 0.2997060302390998 0.2244356201986916
1 0.2896037845449745 0.3169168698502004 0.2304712193549857 0.5159460995848808 0.5021806257892345 0.310779764416315 0.5426894721865666
1 0.4756253652525963 0.4895979202316258 0.4954896436372633 0.5643001647604454 0.6725744248578942 0.4764463431786216 0.2888833383135455
1 0.4591702869213167 0.4832457265215556 0.4627352066005397 0.5651760739721641 0.649861579383467 0.4604509493670886 0.8270972184681676
0 0.529478348882239 0.6045602184966401 0.5342947214563116 0.6186940791439703 0.6577807859222552 0.5535230485232068 0.4107958540757941
0 0.7564176377398346 0.7933671714947033 0.7291110014421183 0.7730418973751235 0.6708258065461877 0.7630451300984529 0.2732560834452993
1 0.3834065305403978 0.4703882547781131 0.4343428745682597 0.4850355447221395 0.6917809608539682 0.3943600914205344 0.1869848132813817
1 0.35102434430558 0.3973936208928729 0.3591245943024932 0.4895949437151907 0.6356573270629692 0.3573597573839662 0.5807746580085827
0 0.4634820454145397 0.5357950627521461 0.489872528231989 0.557813066426603 0.6737141150207426 0.4754795886075949 0.2885667224406722
1 0.2964674001056152 0.3657541529528056 0.367174268767884 0.3830252481795583 0.7251620879140057 0.3006727848101265 0.2706656346344773
0 0.647303749339905 0.7326070367277627 0.7048148658309108 0.6481794742698866 0.7383564616884889 0.6528351090014065 0.275236899208974
1 0.330169512409787 0.3161459694263299 0.2861929000250661 0.5099750457131574 0.5591602485482274 0.3321362517580872 0.3372434630576164
0 0.5479573138531949 0.6429002678383344 0.5519213360265897 0.6384291255642882 0.6548359465823048 0.5751431962025316 0.3718997907491315
0 0.6143055976060553 0.7069078850973868 0.6651699139612027 0.6454662688266579 0.718553559958089 0.6320059423347397 0.2031237010456478
1 0.439107410667136 0.512825807459728 0.4343379925257253 0.5827331839741544 0.6156973951509153 0.4510470639943741 0.2548343493512583
1 0.4377874845977821 0.5074346610172087 0.4096874206265238 0.598228658218615 0.5841371202861453 0.4560566104078762 0.5831425579812257
0 0.69534905826439 0.8141187989373501 0.7975700938190743 0.646084155807317 0.7855663644568915 0.7077643459915611 0.7803390192713723
1 0.4877686850906531 0.5862112092228707 0.553959914254184 0.5470611338881233 0.7211250164216622 0.4953420007032348 0.1649932843846498
1 0.3101066361556064 0.328570454246917 0.2964463284904634 0.4763814727371758 0.5979400732535274 0.3167560654008439 0.569715553997657
1 0.4273160711142404 0.4371910329924027 0.347759524752024 0.6463947675448303 0.4884659586795378 0.4519259317862166 0.3477488170507167
0 0.7150599542334096 0.8056912652274828 0.7525067256752401 0.7088363063419185 0.7254604452591481 0.7289450597749648 0.775079459321064
0 0.3877182890336208 0.4214452629217329 0.4200790108956433 0.4933567616738091 0.6759694173852525 0.3866260548523207 0.2189949730126044
1 0.3978377222320013 0.420410412896211 0.3575917956814579 0.5825847894151585 0.5551556299600925 0.4143982770745428 0.4069002661285524
1 0.424852209118113 0.5327536801016167 0.4905296511571128 0.5096010405826684 0.7093878827329276 0.4463011779184248 0.1873442017954662
0 0.5182149797570851 0.6266053279004926 0.5772584858408721 0.5851721613565404 0.7085664404048978 0.5387580696202532 0.6979948019861621
0 0.5934507657102622 0.6606314610115354 0.6385479732866299 0.6137843482423686 0.7245231495526537 0.599399947257384 0.5693384664596232
1 0.2701568737898257 0.2421058501836331 0.205465885698288 0.4949659052428798 0.4984862290488559 0.2760644866385373 0.7271188736546665
1 0.3276176553423693 0.3884910423565905 0.4334004776243786 0.3765707203859666 0.7696400144775887 0.3267751582278481 0.3364214417230758
1 0.4839848970251716 0.5372048887990615 0.4494353835937067 0.6302810885583422 0.5884373045717488 0.4971876230661041 0.2711580935878852
0 0.6497676113360323 0.682159145402627 0.5953713518475717 0.7591055192842264 0.5943133739692397 0.6566142405063291 0.4206720733194324
0 0.757209593381447 0.8247744346875303 0.7716158538284498 0.748797658257946 0.7105663070072507 0.7642755450070324 0.2362924913261531
0 0.5925708149973596 0.743642805023911 0.7242694798608014 0.5705695965570025 0.7954051777274095 0.6113525492264417 0.5697019519699922
1 0.2571336032388663 0.2355581919639151 0.2050593742899276 0.4612252087533754 0.5315110720745184 0.2606843002812939 0.5428009104855076
1 0.3150343601478613 0.2868667394687942 0.2505289283726199 0.5363886416917185 0.501540989515964 0.3162287447257383 0.8012599210990146
0 0.6428160007041014 0.7224370811359324 0.6752591430626947 0.6851282895337468 0.6980565848247786 0.6564384669479606 0.2563381108675551
1 0.4340036965323006 0.4723630425487095 0.4248391651013877 0.5773471287814711 0.6129877521274865 0.4413795182841069 0.2620527651651559
0 0.7468261749691956 0.8703642352980238 0.8293982446522803 0.6876317724738976 0.7764296505763463 0.7630451300984529 0.8349314947635651
1 0.347064566097518 0.3906190755918819 0.2807809931409857 0.5695811998209057 0.4983340842506312 0.3635118319268636 0.7203693180955778
1 0.4085731209294138 0.4076584887651505 0.3985739390013249 0.5357807641941609 0.6272077074661497 0.4055217123769338 0.5105854093005012
1 0.4499308044358387 0.4340756864425096 0.3799043574109581 0.6342705825373474 0.5283812860761756 0.4492014416315049 0.602291754735559
1 0.4351476324590741 0.4870315824075117 0.3987267469326501 0.6071183502581732 0.5678562310522638 0.455265629395218 0.2563477797787868
1 0.2964674001056152 0.2851347917773728 0.2332530071910595 0.5141849072010787 0.5066099237797536 0.2986513888888888 0.391820042204225
1 0.438403450096814 0.5015523556089793 0.4437434102029057 0.5729930036323416 0.6303497069230657 0.4540352144866385 0.3666520301481229
0 0.6730863052279529 0.6888809974681235 0.6405458678264381 0.7347221006877335 0.6427317112244592 0.6764766526019691 0.7330652540621239
1 0.3735510825558881 0.3678715508561623 0.3274674776927409 0.5600421624252268 0.5495412775320249 0.3773979430379747 0.6618845322531709
0 0.5859711846505896 0.7244067123819544 0.6779497994381273 0.5878933108339767 0.7622124868853569 0.610385794655415 0.1879480990478151
1 0.4902325470867805 0.5158356063972391 0.3918634088031069 0.7066655195543777 0.4733736134427971 0.5069430555555555 0.3572695808967037
1 0.2052165111776095 0.1753894461090993 0.1699880826011517 0.3890673217170969 0.5690032492902561 0.2087432137834036 0.4445503509451448
0 0.7046765358211583 0.8059658501610689 0.7329245276004519 0.7275586472814646 0.7028948591995163 0.7210352496483825 0.3713473517701171
1 0.3477685266678401 0.3667574192653093 0.3098133609495193 0.5391971755454372 0.5530957429327518 0.3548989275668073 0.2585767096374564
0 0.4736014786129202 0.5152177902966707 0.4913735935765511 0.5663980253139613 0.6683018080930698 0.4724914381153305 0.4554927725018853
1 0.4273160711142404 0.3994528467533748 0.2871958342963732 0.6940696177956537 0.3799954414442965 0.437864047116737 0.4044191251786033
1 0.36096778736138 0.3681778806441594 0.259530275662707 0.6257064370196126 0.4210424330167204 0.3818801687763713 0.6588375141763939
0 0.5329101566625595 0.6434811825599175 0.6296034204246925 0.5363702115323571 0.7697349304984995 0.5395490506329114 0.2373364059794673
1 0.2912756908994895 0.2786137218874914 0.2126480212053244 0.5372211764766643 0.4628812056606394 0.3067369725738396 0.70000085524695
1 0.2182397817285689 0.2920150458321386 0.3876240058010267 0.2339114363263569 0.8415807750326514 0.2135769866385372 0.7547734346958134
0 0.6465117936982926 0.7949460348628227 0.7936543702370218 0.5825321999087048 0.819802782573004 0.668654729254571 0.5946682279290408
0 0.5776996479493047 0.6716039007402543 0.6643853697259324 0.5883734482614777 0.7549004637156306 0.5888535337552743 0.2844049936147834
1 0.4759773455377574 0.6047448865329603 0.6502486018939603 0.4395278270031215 0.8382276572204007 0.4910355485232068 0.2688488626020376
1 0.3350972364020418 0.3312897152529402 0.2790065334144999 0.5508277182672662 0.5146010152461434 0.3440888537271448 0.4012929531336079
1 0.4179885935574722 0.3990093856399778 0.3452294875759716 0.6146292757206779 0.5155700659449279 0.4174743143459916 0.7914658056609195
0 0.6193213166696004 0.7576566274031592 0.7427151384335926 0.5972491588008306 0.7883712724571902 0.6328848101265824 0.1065950271037735
1 0.1111497799683154 0.15122693880189 0.2018093985748094 0.1969710417387566 0.7623737045385216 0.1127708509142053 0.6598389839481997
0 0.4276680513994015 0.5513084669341826 0.5323576897134319 0.4754866567240433 0.7574869252854507 0.4506076300984529 0.1834278011070987
0 0.5924828199260693 0.6527321487877568 0.6090830565095529 0.6473660051670388 0.6845778119435221 0.6040579465541491 0.3825054392112786
0 0.5032558176377397 0.7012843727662342 0.7179626945801743 0.4484936228903873 0.8618872202122216 0.5278601090014065 0.4222471225710811
1 0.316266291145925 0.2706826648093018 0.2009174494037833 0.5859284334130941 0.398836969507015 0.3213261779184247 0.3751719797417097
1 0.4068132195036085 0.4183985626052363 0.3741025380631342 0.5733183912734808 0.5768739509507113 0.4089492967651195 0.4435839514615352
0 0.5604526139764126 0.597447598553241 0.527184189239779 0.6684378736637945 0.6153899649508326 0.5666181786216596 0.560912747780582
1 0.4931363844393593 0.4883253866515034 0.3700590677014327 0.7244161462296627 0.4358140877269278 0.5014940752461322 0.4202418887095502
0 0.7056444816053512 0.8961056059733525 0.8139703393047232 0.6550397833307974 0.7879825355186069 0.7526744901547117 0.1878323998727382
1 0.4910245027283929 0.5501891788187553 0.4165623129233984 0.6748723824911833 0.5240074720831742 0.5065036216596343 0.585648936428288
1 0.4177246083436015 0.4304482325458229 0.2993796223798533 0.6770131408294199 0.4107046127245021 0.4355789908579465 0.6180401168139776
1 0.3948458898081323 0.4072201841763277 0.3410494827580594 0.5783466471654585 0.5448108305486895 0.4010394866385373 0.4799328302581411
1 0.3660715014962154 0.3695242169822527 0.3522485628623606 0.5197876756469425 0.6051578783142614 0.3677303973277074 0.2639899888883625
0 0.593010790353811 0.758950270505758 0.7609817887801241 0.542315050091196 0.8281061896229056 0.6055520218002813 0.1199517266310987
0 0.5342300827319133 0.6062708955241922 0.5715448687281688 0.6018595584934939 0.693520855266694 0.5507985583684951 0.3054201263569712
0 0.5130232705509593 0.5813374877931123 0.485877878295631 0.6556805491299742 0.5954118873288988 0.5295299578059072 0.3360926987412001
1 0.2683969723640204 0.2945601129923834 0.3135020695537246 0.389517748456662 0.6841028828830086 0.2705276195499297 0.2899134870593434
1 0.495688241506777 0.5473060370161024 0.4817545051711173 0.620287334644626 0.6204201651031476 0.5072067158931083 0.5244388286573703
0 0.3682713782784721 0.4986535830912103 0.520981879669387 0.3850980055849786 0.8105414914150133 0.3721247362869198 0.599253750050608
1 0.3512883295194507 0.3554839674145607 0.3201733806769166 0.5191477042511865 0.5798180923787432 0.3529654184247539 0.3571701058269138
1 0.299723217743355 0.3331378458886783 0.3529766381389837 0.408781395887107 0.6960874263468381 0.2996181434599156 0.2082870635231938
0 0.6514395176905474 0.7639032735008475 0.766264158802293 0.6057378359935942 0.794404372036335 0.659778164556962 0.6207131610698972
1 0.3317534236930118 0.342747996281402 0.2968702525171964 0.5223114953146646 0.5571984181454306 0.3369700246132208 0.2792485140909954
1 0.3502323886639676 0.3501403576829615 0.3387212366734269 0.5081110575267102 0.6044386800822863 0.348395305907173 0.8543237253375002
1 0.3029790353810949 0.3676287107769874 0.366055792823264 0.3980329587236786 0.713068321234937 0.302957841068917 0.1962661486644972
1 0.0836953177257525 0.0630672884261701 0.0921579095795069 0.2495708754368603 0.6338399644272941 0.0893050808720112 0.3917136841806769
0 0.7601134307340257 0.8860042966149186 0.84026030108696 0.7007135313647521 0.7739768391389116 0.7807103727144866 0.4553947723507579
0 0.6120177257525083 0.7054505223395513 0.6415740259841725 0.6504617952977007 0.7017834344693656 0.6250628867791842 0.2352841386005893
0 0.6038341841225137 0.6929996103305204 0.6635865048325613 0.6281160214754307 0.7290030461572612 0.6135497187060479 0.2790048247519878
1 0.1559392712550607 0.1390557682510195 0.1290075666287961 0.3503719310923762 0.5688744845413 0.1620753340365682 0.3825986868467159
1 0.30799475444464 0.3466659881095768 0.3236105013558516 0.4467867677005644 0.6445347666658057 0.3140315752461322 0.2629173952610562
1 0.3819986093997535 0.376061239870036 0.317407540846455 0.5927299566208694 0.5105967456139677 0.3909325070323488 0.3107236061074503
1 0.337473103326879 0.3164416638823922 0.1967559963475016 0.6290130618181414 0.3464188990470898 0.355514135021097 0.3926368193835213
1 0.4296039429677873 0.4961296254534418 0.4830018670386442 0.5148487106994573 0.7009106956153289 0.4399733298171589 0.7378872548092377
1 0.3937899489526492 0.4654352517830235 0.4229685291369752 0.5127144664692709 0.6629840682303487 0.408773523206751 0.4114567815164246
1 0.4790571730329167 0.5008871639388837 0.5003039885151389 0.562851331801682 0.6767870211977308 0.4772373241912799 0.8709808011918415
1 0.4124449040661855 0.4175379064254929 0.3498524563865007 0.5989164527003003 0.5339478315378284 0.4189683895921238 0.3669460306015052
1 0.538717831367717 0.5748849029952345 0.4084820443247924 0.7901166456200347 0.410724154258219 0.5541382559774964 0.3257528633979974
1 0.2907477204717479 0.2967461571291366 0.2654401508852913 0.4680956861780718 0.5794133034660353 0.2943449367088607 0.3473787763462923
0 0.7166438655166344 0.7784451562247915 0.7100729883751591 0.7599985876098333 0.6682808707355159 0.7284177390998594 0.2176564023865023
1 0.4824889808132371 0.5652960232663802 0.5647324665757341 0.5203923755308173 0.7453753618524612 0.4844440400843882 0.7475614101961199
0 0.2934755676817461 0.3970345978693813 0.488842742726743 0.2919847095934264 0.8532837110373813 0.2902142580872011 0.8317646805154265
1 0.4256441647597254 0.4495839340999718 0.3502646635111512 0.6466971174867676 0.4905083979089168 0.4421704992967651 0.401154146899486
1 0.354016176729449 0.3601148487651441 0.3363093449267058 0.5230709449849013 0.5896227079652566 0.3608752285513361 0.3009576780037932
0 0.5648523675409259 0.6728553247979003 0.6481483471956822 0.5872288718128615 0.7470573295759546 0.5761099507735584 0.427210551629939
0 0.6528474388311918 0.8238133874199793 0.8189615768570936 0.5812012564175806 0.8312785482482746 0.663293635724332 0.13427679220025
0 0.3429287977468755 0.4660637032155267 0.4813530385400424 0.4063049226632617 0.7759669349744059 0.3542837201125176 0.1269303862224219
1 0.4025014610103855 0.383723029680607 0.3044658970268923 0.6324760252098738 0.4602923013991046 0.410179711673699 0.7498940760007153
0 0.4667378630522795 0.6075329549137729 0.6072708423208013 0.4627137618831763 0.8044836159627631 0.4851471343178621 0.401151197062161
0 0.7766565041365957 0.90778545641712 0.881885083939099 0.6901532089313573 0.7986595410031978 0.78615935302391 0.6719401999340743
0 0.4441231297306812 0.4882249955636958 0.4729949817212317 0.5352688506298298 0.6794495551666634 0.4513986111111111 0.5063622255303434
1 0.3046509417356099 0.3651627640406809 0.331935685754931 0.4408584527328772 0.6556005090889799 0.3166681786216596 0.7185386162757705
0 0.6130736666079916 0.6824390480021804 0.5429479791136994 0.7508446769925339 0.5622788679558748 0.6375428094233474 0.2687674143158999
1 0.2573095933814469 0.3223238081492287 0.3360733795375455 0.3636222623891138 0.7198419053595698 0.2671879219409283 0.5258303324754693
1 0.3576239746523499 0.3156918729809981 0.2525009480869958 0.5979717481523447 0.4420858731821865 0.3586780590717299 0.4765691963084907
0 0.5883470515754269 0.6711127417745443 0.6020340380289531 0.6479597422837072 0.6798508545197789 0.5996636075949366 0.436560880430487
0 0.7494660271079036 0.8836229491099106 0.8925224036824475 0.637626936990015 0.831350084219917 0.7600569796061885 0.1607846859212652
0 0.4421872381622954 0.5157352153094316 0.4631244681252787 0.5509071586093411 0.6610700447939666 0.4582537798874824 0.6650764201185712
0 0.713212057736314 0.8143247376375395 0.7555492145826485 0.7088669703139594 0.7270520333892008 0.7350092475386779 0.1877214532133514
0 0.4797611336032388 0.5987465593218071 0.5633477565782407 0.5471003774171083 0.7265533753234596 0.5018456223628692 0.542631950358731
0 0.5549969195564161 0.7336841057982374 0.7999963062238963 0.4346549564202424 0.9003529845542139 0.5564233122362869 0.0290837905157199
1 0.2837081147685266 0.3681355004578137 0.3673508359728764 0.3830546411061261 0.7252524675074464 0.2910052390998593 0.6025977184180923
0 0.571188012673825 0.6487719379146293 0.6328963581141129 0.5968452841017214 0.7325309909050866 0.5767251582278481 0.2060197857793004
1 0.4718415771871149 0.5315022560439707 0.4636631201515689 0.6129724679463623 0.6130763869411312 0.481895323488045 0.5309315844893409
1 0.2875798979052983 0.3046032503079625 0.3247878872803862 0.4020240415095254 0.6819882097700689 0.2869624472573839 0.3769776079442553
1 0.6210812180954057 0.655176986001587 0.5948912843316937 0.7066509025314359 0.6331581044829567 0.626029641350211 0.4334009491361066
1 0.2262473332159831 0.246208671189521 0.2519284472324675 0.3656634025383883 0.6587812426573705 0.2329999648382559 0.6768002208067091
1 0.1863855659214927 0.1828715632665316 0.1521663490642507 0.3949042802913978 0.5465786414381537 0.1898475562587904 0.2936355262439699
0 0.3642236049991199 0.4531375852386877 0.4978509248763782 0.3867675238140263 0.7977013079391494 0.3702791139240506 0.1427475778384218
1 0.3793587572610455 0.4201198749647231 0.3483229124604882 0.5609882968993397 0.5664003867903521 0.3891747714486638 0.2530021726127887
0 0.5397737722232001 0.55699015130819 0.4722024634831552 0.6950932860436319 0.5526749020459193 0.5454374648382561 0.297685489011215
0 0.6222251540221793 0.7537281613844428 0.7002778209689863 0.6268751633322197 0.7493723034094931 0.6550322784810128 0.5270918795714209
1 0.3680073930646013 0.4332043949308315 0.3330504188002747 0.5552906766850383 0.5585841222595369 0.3826711497890295 0.3851801222657119
0 0.5776996479493047 0.6934430714439175 0.6687421044835882 0.5808790463901246 0.7618736506489436 0.6027396448663854 0.2012682533682817
1 0.2865239570498151 0.2618751596948596 0.1968847195356574 0.5436291522298001 0.4395758329674379 0.2941691631504922 0.3136149383254127
1 0.4230043126210174 0.4663012256287343 0.4376138430662756 0.5307556859158662 0.6590994904921892 0.4288995956399437 0.7320398578320161
0 0.3985416828023235 0.4589299737496513 0.4843877161793956 0.4499333996501542 0.7478487616914906 0.4165954465541491 0.399479458698196
0 0.5011439359267735 0.6180881995761456 0.6365855549225715 0.4921036697179184 0.8006869751263298 0.5109858473980309 0.8310183716722251
0 0.4530986270022883 0.5223884211415315 0.5048740685315459 0.5347030765135717 0.7002120857849485 0.4608024964838256 0.256453810042632
1 0.2610053863756381 0.2665271505679194 0.2481224068726866 0.4313507148319759 0.5980297549350498 0.2640239978902953 0.3822589639147976
1 0.3754869741242739 0.3565294527720172 0.3659192583670533 0.5146474088726393 0.620050620742322 0.373970358649789 0.4399117317517294
1 0.2332869389192043 0.2335253932918569 0.2237380690263585 0.4052973013643827 0.6011225516017141 0.2381852848101265 0.3088455430105931
1 0.4558264742122865 0.5035166691890339 0.4440739244824814 0.5901978751575716 0.6168841943682599 0.4588689873417721 0.4640156719327971
1 0.4300439183242387 0.3991413604408034 0.3168684006159114 0.6735972061201958 0.4322348464530954 0.4348758966244725 0.6358217362085139
0 0.522174757965147 0.6426363182366831 0.6287275819940297 0.5284021863415529 0.7743114879038141 0.5365609001406471 0.4431634357628846
1 0.4272280760429502 0.4118879669058966 0.3502228406801069 0.6337648653196981 0.5024733998390293 0.430042123769339 0.8599513594340162
0 0.520854831895793 0.6125439688103242 0.618491566147005 0.5277085132745543 0.7694829842959348 0.5288268635724332 0.6334787459732814
1 0.3687113536349234 0.4302527680361751 0.3833912749237435 0.4982873059450345 0.6464142434622239 0.3786283579465541 0.2244461085091801
0 0.6686865516634396 0.7923374779937559 0.7332429995084427 0.6613152525933521 0.7449922082092256 0.6850016701828411 0.5766353807223334
0 0.5156631226896673 0.6551294492906667 0.6465185586629643 0.5231816848217539 0.7865047070312636 0.5399884845288326 0.6435122898742479
0 0.469553705333568 0.5092141454195502 0.4757095601050825 0.582502806982137 0.6454971872013648 0.4709094760900141 0.2609772217005247
1 0.3473285513113888 0.4215192268210967 0.3672789072128703 0.4855398320136315 0.6449985291356237 0.3601721343178621 0.2117459116664981
0 0.5842112832247844 0.701706724357155 0.6898255306376898 0.5681318902200898 0.7803344677601411 0.5953571554149086 0.1473975047415827
0 0.6302327055095934 0.7231606059902758 0.7197247864655731 0.6156863089123276 0.7661745328464656 0.6330605836849508 0.6504426049094129
0 0.5187429501848265 0.6955922142016853 0.7563381526561996 0.418005849528169 0.8929390662443921 0.5201260724331926 0.104664686334325
1 0.1730983101566625 0.1579856922463719 0.194681128270402 0.3172127379068605 0.6565077945829806 0.1693699367088607 0.2299554213529971
1 0.4076931702165111 0.4835941142131125 0.4673244893175818 0.5056468181155445 0.6977296130909791 0.4139588431786216 0.8596516231858354
1 0.4390194155958458 0.4394035043175997 0.3556342593599338 0.6415493833203092 0.5002170506066417 0.4454223101265823 0.6518968747105918
1 0.1999368069001936 0.2072717541283415 0.1639009892345704 0.4115160502226959 0.5412870732723749 0.2076885724331927 0.3688150803065363
0 0.5742678401689844 0.6367804400168974 0.5784054403669426 0.6493671073839076 0.6640382641831855 0.5899081751054852 0.7804094876074672
1 0.5448774863580356 0.6614129967673406 0.5335676225881955 0.6604631754842559 0.6259685648549205 0.5714519514767932 0.4812396081930746
1 0.354984122513642 0.3816425331562357 0.2727498704372255 0.5902269503227711 0.4704148158644775 0.3669394163150492 0.3194385727241837
0 0.7337149093469459 0.8420671621305155 0.7778933468538708 0.7190650447874923 0.7324175802183366 0.7490711322081576 0.1653954455399454
0 0.5855312092941384 0.6883582547893953 0.7105950414568325 0.5501389705014761 0.8010418633368679 0.5945661744022503 0.518841840093063
0 0.5587807076218976 0.6167787646170377 0.564325304228369 0.6458814240543417 0.6574883608284197 0.5659150843881857 0.6044874169843977
0 0.4363795634571378 0.5566891391861603 0.6001869986034566 0.4190619294357137 0.827638588637536 0.4377761603375527 0.1304354484838163
1 0.4223003520506953 0.3963217083469726 0.3731341035590698 0.5984420349774284 0.5542766098987896 0.4222202004219409 0.3577399160701749
1 0.2959394296778735 0.3618943331674857 0.2716180502430115 0.4921171745760712 0.5628061404102728 0.3154377637130801 0.3528449887891954
0 0.5532370181306109 0.6574632600847548 0.6298296217287841 0.5781310460770669 0.7430778358168844 0.5639815752461322 0.1980904591701004
0 0.6031302235521915 0.6727233499970746 0.6561169797550026 0.6236335207335082 0.7278145021601204 0.6095948136427567 0.8171233268331046
1 0.2351348354162999 0.3401342828877607 0.4004185374055543 0.2623237513115244 0.8293373062470726 0.2372185302390998 0.8880955934710975
1 0.406989209646189 0.3835962114043557 0.3551691634411612 0.5886356013903252 0.5477403158264337 0.4063126933895921 0.8325896516872922
0 0.3734630874845978 0.5134647330827729 0.5203231293967518 0.401316863584374 0.7998323819821732 0.3861866209563994 0.4291974309481149
0 0.6253049815173385 0.714052088753804 0.6480575412045432 0.6706289971789064 0.6919414805952147 0.6459799402250351 0.3245993131241076
1 0.1944811124801971 0.2138194123480596 0.2358041998847607 0.3335575882887868 0.6739566394124082 0.2012728375527426 0.3202006140331179
0 0.614569582819926 0.6577114178298971 0.5481346611021951 0.7397613193469174 0.5749892398149047 0.6336757911392406 0.4186717558534431
1 0.3145943847914099 0.322772748069986 0.2977327466982652 0.4841888695563044 0.5921135556022474 0.3239627812939522 0.3980076537529191
1 0.4686737546206653 0.457704976880449 0.3490407354477891 0.714569992471522 0.4244297485129757 0.4814558895921237 0.6393990694843685
1 0.3624637035733146 0.3102689816840677 0.2652665129058196 0.5889187267694804 0.464247717196988 0.3625450773558368 0.7489419340641761
0 0.6968449744763245 0.8228046423001153 0.8080139219433115 0.629729931465026 0.7996680237253754 0.7152347222222223 0.1220944556879405
0 0.6685105615208591 0.8037271127888211 0.7555523065429202 0.6542901842629779 0.7605744876127266 0.695635970464135 0.1030360483712739
1 0.5506851610631931 0.5686701628933503 0.4858192937852188 0.7017740599314531 0.5579273871442642 0.5537867088607594 0.3473081441303459
0 0.5972345537757436 0.7139887601863748 0.6552320281782757 0.6293382905785962 0.7235931819213031 0.6272600562587904 0.5843031550887251
0 0.3468005808836472 0.4297511348799232 0.4131640858499871 0.4444694929222373 0.7084774566352939 0.3600842475386779 0.4608401720525353
1 0.2659331103678929 0.2807575469792919 0.1961940732517977 0.5196662908042521 0.463876079100407 0.2802830520393811 0.4531696117286701
1 0.2273912691427565 0.2479828379258952 0.2383669467457932 0.385534927466391 0.6309293227713484 0.2316816631504922 0.2472621169382234
1 0.3167942615736666 0.3052948691665018 0.2427900772819162 0.5429977603909882 0.4875035381439787 0.3250174226441631 0.627825382740098
1 0.2324069882063017 0.3194461451539361 0.3143946696637553 0.3333440526492893 0.7290177023075489 0.2415249824191279 0.3573044873050484
1 0.3669514522091181 0.3504466874709585 0.2808402285904026 0.6004370997282994 0.4683650485599546 0.3682577180028129 0.7748687098321846
0 0.4610181834184123 0.5032527195873826 0.4092097941319131 0.6287744230305481 0.5578513147451518 0.4738976265822785 0.5435049383270519
0 0.4290759725400457 0.4858276950607858 0.4259161436844658 0.5817009361692322 0.6102561248786263 0.4444555555555555 0.3497366796480009
1 0.4510747403626122 0.3838179419610543 0.2917359711185694 0.7277496218638129 0.3495343778511042 0.4526290260196906 0.6424085590751788
1 0.4188685442703749 0.417569490138511 0.3470742487149521 0.6184640199133211 0.5137101306822267 0.4223959739803094 0.7932209588692389
0 0.5879950712902657 0.7751660900196615 0.7342605799073528 0.5599063194402786 0.8062570101475751 0.6134618319268635 0.0787541346716035
0 0.3148583700052808 0.4348414303418057 0.4175969804711788 0.4107912365416039 0.736055795049279 0.3235233473980309 0.1669621369191735
1 0.3927340080971659 0.4456395150833533 0.4695987074648341 0.4531410417824575 0.7369662211469127 0.3900536392405063 0.1935591812793413
1 0.5608045942615736 0.5471371608362913 0.4721455063202544 0.7288185711067736 0.5241693876482575 0.5681122538677918 0.6394392200479575
0 0.6157135187466996 0.6968014192143784 0.6548512288605963 0.6382290947829434 0.7175328637773384 0.6203170007032348 0.2635234229514732
0 0.6517035029044183 0.6926405873070288 0.6322857773278167 0.7127017145066026 0.6531100104079482 0.6568779008438819 0.4822751649739682
1 0.2568696180249956 0.2290053772196227 0.1508498249274871 0.5271050844361528 0.4061688831664176 0.2657817334739803 0.7608514106239318
1 0.2707728392888576 0.2764752144616583 0.2880205740151764 0.4230236192949927 0.6374837625535842 0.2705276195499297 0.8386491091922041
1 0.3097546558704453 0.286924911511649 0.2481163856868943 0.5199168456431565 0.5152364640479031 0.3169318389592124 0.355271229988931
1 0.1778500440063369 0.1558260752980624 0.1672429100840856 0.352171890363111 0.6017894064398046 0.1756098980309423 0.3850677006876626
0 0.8489884527371941 0.8549352692058927 0.6901858253767249 0.9609187830244936 0.5088554553774051 0.8669273030942335 0.2990973139308856
1 0.3981017074458722 0.4012851855326039 0.3853815209302477 0.5448501502874925 0.6098167893259544 0.3985786568213783 0.5546033735023098
1 0.358327935222672 0.3193774989205396 0.2351840177481469 0.6279217103987154 0.3921869157919499 0.3631602848101266 0.3677095468291019
0 0.6441359267734553 0.7787355330148864 0.7430949613427652 0.6220922192165694 0.7738068975867661 0.6574052215189873 0.2264187302802857
1 0.3513763245907411 0.3866904484317726 0.3155360912082868 0.5651852890518448 0.5344129898314834 0.3707185478199719 0.5329010925432701
0 0.4126208942087661 0.604238096852134 0.6696843386927182 0.3348386432450879 0.9040198137738132 0.4306573312236287 0.0545012277056279
0 0.7487620665375814 0.86408068782135 0.7742251428283098 0.7419104983614139 0.7162989555054975 0.786862447257384 0.5253719605311491
1 0.380150712902658 0.386606010341867 0.3424498152916627 0.5672466070480063 0.5559268226299928 0.3885595639943741 0.7518440823523299
0 0.6396481781376518 0.7262599995422669 0.6477512744028882 0.6934445811842077 0.6761585515151557 0.6567021272855134 0.6297475295169773
0 0.6032182186234818 0.6819796338908812 0.6311009056047293 0.6476276816538338 0.6975739787331621 0.6169773030942335 0.7324784003143189
1 0.3615837528604119 0.3696299257360275 0.2747209137430946 0.5885361420820473 0.4740293016901921 0.3774858298171589 0.3671112214917
1 0.408309135715543 0.4367000351680856 0.3551151355037811 0.5915291364100641 0.5451189586606905 0.418001635021097 0.4201876444787423
0 0.6838217039253653 0.8127723014578638 0.7834164015729833 0.6400101472522643 0.782485432292841 0.6964269514767932 0.5897557655039632
1 0.4470269670832599 0.4487073249223264 0.3714592375002848 0.6418728643932384 0.5141505131027763 0.4511349507735583 0.4955466469785738
1 0.36096778736138 0.3719426270076391 0.2896285560912408 0.5821586714202682 0.4946620206916434 0.3744097925457103 0.3660697650361567
1 0.2708608343601478 0.312713657756505 0.2833657091934229 0.4331559171652876 0.6251394454957876 0.2729884493670886 0.5985210432350715
1 0.5219107727512762 0.4690997682000886 0.402390394385179 0.7255276754959757 0.4657143790936359 0.5207412798874824 0.7792115258938526
0 0.7792083612040134 0.8843886930092067 0.8143508131529004 0.7478002053228525 0.7335998430082112 0.8011001054852321 0.444068216422374
1 0.2417344657630698 0.3545229201470097 0.3710146461601565 0.2951124347416023 0.7913342575070207 0.2547958860759494 0.1846310069759577
1 0.2490380566801619 0.211063088821658 0.1772369393561576 0.4839148003761458 0.4811846436342237 0.2534775843881856 0.5185101472738624
1 0.3746950184826615 0.382165275834964 0.3311423538430988 0.542097860195963 0.568691980574622 0.3765190752461322 0.3326086131007828
1 0.3158263157894737 0.3392207723311299 0.2967171191163689 0.4823472835463224 0.5929032429379872 0.3215019514767932 0.6022666811182973
1 0.2782524203485301 0.3071536351341746 0.316148787546348 0.4072157856254934 0.6716413166229105 0.2828317686357243 0.2376825202255896
0 0.4195725048406971 0.4731392606385474 0.4526850338393226 0.5126342317237751 0.6830668326400519 0.426878199718706 0.2345563481805943
1 0.3720551663439535 0.3863894363097429 0.301084431632849 0.5879061801693927 0.4999972083523261 0.3851319796061884 0.4607975632911755
1 0.0993584404154198 0.1136313626956224 0.1384333261498696 0.2344954817212921 0.685790782857809 0.1025759845288326 0.6067142164049993
1 0.307642774159479 0.3401394394123351 0.4074014855771891 0.3633057720662871 0.7640396202878905 0.3055065576652602 0.89471650334685
1 0.3417848618201021 0.2409335465499253 0.1687646427420431 0.6526618161311251 0.2838071271061087 0.3400460618846694 0.8401568038249341
0 0.523846664319662 0.6239334424639966 0.5963498759062069 0.579654711838065 0.7234316153121791 0.5291784106891702 0.1809458407578926
1 0.3617597430029924 0.3111878099066659 0.2527606727498234 0.6123272534880293 0.4276478203690039 0.3600842475386779 0.802606357957983
0 0.5689001408202782 0.6159074731053596 0.5339589996646993 0.6863272031763424 0.6064001615291237 0.5950056082981716 0.6907934296768086
0 0.5134632459074107 0.5372366336534725 0.5054249256641721 0.6286152245850298 0.6307185533719728 0.5161711673699015 0.31722455593199
1 0.3130984685794754 0.2351675852274055 0.201049427286962 0.5646754409364076 0.421806297611477 0.3106039908579465 0.82336911572904
1 0.2344308748459778 0.1750884339870696 0.1458677005211809 0.4694943128406437 0.4632814581458774 0.2328241912798875 0.4596109092873062
1 0.4873287097342017 0.481191657185628 0.4212147367238848 0.6605348306728075 0.5404234072732781 0.4872564170182841 0.829898416767869
1 0.2754365780672416 0.2889472359931656 0.2839758017754658 0.4235341029331665 0.6339094066631811 0.2747461849507736 0.2567897637379686
1 0.2386546382679105 0.2834821256512824 0.2281636405837486 0.4331217578181954 0.579313153105736 0.2489074718706047 0.21563559993909
0 0.66551872909699 0.7110264979597837 0.6538813297437717 0.7218662701297401 0.66021998807728 0.6725217475386779 0.4444726718955889
0 0.5173350290441824 0.6985597940942437 0.6788656706175716 0.5063450987223834 0.812116678614982 0.5374397679324895 0.0981265357835212
1 0.2214076042950185 0.2862013866573057 0.341832074176316 0.2907268512170113 0.7777595217369756 0.2232445323488044 0.1348202177874384
1 0.4642740010561521 0.4949784313422104 0.3903691783180928 0.666377667832422 0.5087779871544558 0.4752159282700421 0.299207277311164
1 0.4306598838232706 0.4582805739360647 0.4062877289403522 0.5910019703000545 0.5875237378704821 0.4313604254571026 0.294660266954672
1 0.3590318957929941 0.3508003928284827 0.2969273724148483 0.5761239063942007 0.5072872472966209 0.3554262482419128 0.7817080715498317
0 0.6659587044534413 0.8231214462786541 0.8418033519973176 0.5865231238138675 0.8378288005589997 0.6795526898734177 0.4309555339937592
0 0.5402137475796515 0.6577853817292608 0.6128837266225459 0.5708644791067848 0.738565137352109 0.5678485935302391 0.7673271229513584
1 0.5756757613096285 0.5669275798699941 0.4257797719630062 0.802973429462133 0.4155474235267098 0.5899081751054852 0.4576833544753312
0 0.4842488822390424 0.6435074486069683 0.6473361380527171 0.4608111656904806 0.8244833288541694 0.5058884142053446 0.5119624916916784
0 0.5583407322654462 0.6820640719807868 0.6588763101954185 0.5546351349822356 0.7732199536633395 0.5718034985935302 0.7850459763628148
1 0.3842864812533004 0.4130389998757351 0.3660370783268823 0.5439796430190349 0.5954855170362965 0.3928660161744022 0.3903716720776959
1 0.2585415243795106 0.3037637036506955 0.3214724921953077 0.3703921683407433 0.7048511063069655 0.2634966772151899 0.6054098966678364
0 0.735386815701461 0.8885071447302106 0.8706671266036649 0.6510431397210054 0.8151564339758431 0.7528502637130802 0.2102478859449997
0 0.2795723464178842 0.3528333526419339 0.3568433785609417 0.3749264641856987 0.7246704089674492 0.2845895042194092 0.1841162603627616
1 0.3586799155078331 0.3258352402429917 0.2475835921116453 0.6153229487876766 0.419029655043876 0.3634239451476793 0.3820831208342628
1 0.2878438831191691 0.3111191636732694 0.3338474936113833 0.4073355816613424 0.6840847371731286 0.2868745604781997 0.2557856718885407
0 0.803231015666256 0.8671749248487668 0.7640638222320606 0.8229401239199415 0.6582455952599509 0.8232475738396625 0.8415311002586378
0 0.5556128850554479 0.6989241347837026 0.6572681653846029 0.5585842732674667 0.7699453509419159 0.5711882911392405 0.6010052979021969
1 0.4194845097694068 0.386621802198376 0.313292792663752 0.647887451572419 0.4539566570033067 0.4204624648382559 0.3866953553716055
1 0.3177622073578595 0.3264741658660366 0.2569768046824898 0.5375011242421365 0.5066364444326551 0.320007876230661 0.5036226460547623
0 0.4425392184474564 0.491783964368379 0.4904622789701387 0.5173208941448304 0.7037829521157594 0.4541231012658228 0.2829451518986574
1 0.3282336208414012 0.3222024686803377 0.2710535233912893 0.5408153753135044 0.5167223185223087 0.3392550808720113 0.4008648989617937
0 0.6940291321950361 0.8124606540038994 0.7055279695104285 0.7369316543622069 0.6810823200999051 0.7261326828410689 0.6440165481769555
0 0.7176118113008273 0.7386211557954249 0.6749450649929848 0.7728010342579523 0.6377643231448059 0.728329852320675 0.7595867498108039
0 0.3921180425981341 0.573226919203177 0.6632864219514497 0.3111473089087521 0.9140728860032992 0.3968209212376933 0.1412361139691099
1 0.4046133427213519 0.3972141093811271 0.3436535642458828 0.6037090885376835 0.5241467055109075 0.4143982770745428 0.7084600054156734
1 0.2992832423869037 0.3468508172872899 0.3612894546969761 0.4004071127869313 0.708125709028389 0.3002333509142053 0.1921475202395222
1 0.2990192571730329 0.2606237356372136 0.2337874281138199 0.5031333256922923 0.5179185395505526 0.2997060302390998 0.7074154352429538
0 0.5247266150325647 0.6020678445718898 0.5441701170947989 0.624503233598545 0.659984442804799 0.5400763713080168 0.6928978108484266
1 0.2221115648653406 0.2023242299406123 0.2317983212505737 0.3670040377512455 0.6419982057981557 0.2221020042194093 0.5680544678240319
1 0.3004271783136771 0.3110398821079382 0.2787308607460602 0.4805034732067622 0.5795040320154353 0.3098130098452883 0.2730305847697953
1 0.4039093821510297 0.4351898180333626 0.3965124151738192 0.5408325344273927 0.6215556677944852 0.4074552215189873 0.2535818156471328
1 0.3063228480901249 0.292310740288201 0.2712060058531123 0.4908221381195649 0.5636356087253649 0.3056823312236287 0.297462940173036
1 0.3134504488646365 0.3726397246735388 0.2897895007601233 0.5080476641337344 0.5640355122546437 0.329587535161744 0.3074818987672295
0 0.6825897729273015 0.6884955472561882 0.5540199633773565 0.8455993693320392 0.493412060445678 0.6948449894514768 0.4996497068176673
0 0.5872031156486534 0.643518083938903 0.5986732399483051 0.6426178559212176 0.6815296816396393 0.590523382559775 0.3974917599807632
0 0.7572975884527372 0.7214602420118724 0.5547841657687337 0.9581572778532832 0.3960498582606371 0.7656817334739803 0.5829626179044065
1 0.3909741066713607 0.3614771381011393 0.2478892079742957 0.6753876325498817 0.355525253759182 0.4011273734177215 0.3901720664187105
0 0.6027782432670304 0.6749198683243697 0.5853223182296127 0.7021898506818735 0.6300370423835947 0.6145164732770746 0.3320106155230837
1 0.2991072522443231 0.2914341311105556 0.2432554986701911 0.5103167980647639 0.5199204998886608 0.3049792369901547 0.3256109434466991
0 0.5206788417532124 0.6031133299293463 0.6167223139325557 0.530406942814157 0.7668452262001076 0.5300572784810127 0.760467112372437
1 0.309666660799155 0.3197576314665075 0.270304943536022 0.5014793777702912 0.5530140872382918 0.3173712728551336 0.4452022649939491
1 0.3460966203133251 0.3721063466628758 0.3050927512883032 0.5388984798592353 0.5492551336454554 0.3557777953586498 0.7559697576109145
0 0.549277239922549 0.6162138028933568 0.5487294566176303 0.6418102654036834 0.6502388007753956 0.5678485935302391 0.7585480793127339
1 0.4420112480197148 0.4534701810737355 0.3745160470657938 0.6292170646165899 0.5282197194670516 0.4486741209563994 0.4551617352020903
1 0.2773724696356275 0.2649905062447528 0.1647213351150927 0.5485819397968066 0.3983819309361778 0.2872261075949366 0.5186809100790042
0 0.6156255236754092 0.7132969801864424 0.7151792793965891 0.5902715957950172 0.7793305214654336 0.6243597925457102 0.3529344671880509
1 0.494720295722584 0.4816088522519743 0.355816196811714 0.755797146798172 0.3905715986566696 0.5077340365682138 0.38204133147216
1 0.3407289209646189 0.3272926030008273 0.2590215668306275 0.5727762903791612 0.4740523327835014 0.3469012306610408 0.3146465619898732
0 0.5908989086428447 0.64338079147211 0.5858634112771699 0.6654137387216843 0.6572594457191641 0.606870323488045 0.7071188127119493
0 0.608937898257349 0.6901588487142132 0.6623762464882954 0.6306801968369268 0.7266699266138428 0.615395341068917 0.3361038425710942
0 0.7440103326879071 0.8438519641988245 0.810116943132359 0.6998250705789857 0.7601644643606302 0.7576840365682138 0.1475490936041126
0 0.5395097870093293 0.6307661598078423 0.6133004903202284 0.5725872223650228 0.7376606435057823 0.5530836146272855 0.3974665224836501
1 0.3995976236578067 0.437835276281415 0.3834775243418504 0.5575137352176643 0.5977631525821973 0.4111464662447257 0.3784753059060508
0 0.3406409258933286 0.4334051771064466 0.4721043344282147 0.3692034230619334 0.795787982414686 0.3417159106891702 0.1496138158516957
1 0.222903520506953 0.2315452878552931 0.2535250378759517 0.3634907091826377 0.6618450759794187 0.2250901547116736 0.4048126007017755
0 0.6226651293786305 0.7565371781463389 0.7196689684459303 0.6050811821260025 0.7725879944211722 0.6393884317862166 0.231305463568696
1 0.4378754796690723 0.4231665752812197 0.3515279733842903 0.6430044126257544 0.4951104290992552 0.4479710267229254 0.4717193359866417
0 0.7265873085724344 0.8154333904210322 0.7896486543375859 0.682407457817679 0.7605165609234943 0.7343940400843881 0.7797482324071341
1 0.3155623305756029 0.3191398153659391 0.2930977355161514 0.4862870478711887 0.5864098704486168 0.3208867440225035 0.5740144502591541
0 0.652583453617321 0.7421801246001081 0.6422425403418764 0.705003468717485 0.6647668842260598 0.6736642756680732 0.2310997943552094
0 0.5974985389896145 0.6273762283243632 0.5462602822385062 0.7232494853659496 0.5865798120007624 0.613286058368495 0.304545335710285
0 0.6057700756908996 0.6822435834925327 0.6014428226780429 0.6873459461231118 0.6514922505809534 0.6243597925457102 0.5784306844942418
1 0.2845880654814293 0.3435506415596836 0.3381319741395306 0.3942902064471582 0.6973663499374196 0.2961026722925456 0.3836140864058893
0 0.2846760605527196 0.4161016531901337 0.3840537680956551 0.3775891455713678 0.7397791551342737 0.3064733122362869 0.1450782770848006
1 0.4864487590212991 0.4958708323763649 0.4129896341967596 0.6697759667857053 0.5254287697051221 0.4977149437412095 0.647128298795029
1 0.2077683682450272 0.1656895399605027 0.1263038914732719 0.4564877045133921 0.4560095649114626 0.2158620428973277 0.6432461489956007
0 0.6210812180954057 0.7668284732070602 0.6933822613587164 0.638049559609854 0.7387082092953937 0.6506379395218003 0.3787471825794964
1 0.3563040485829959 0.3867062402882816 0.3799588735525917 0.474669374484776 0.6628472774943301 0.3573597573839662 0.3234142979187521
1 0.4149967611336032 0.4210598127097977 0.3582085603882977 0.6096143658061689 0.5316049412275515 0.4246810302390998 0.7495468145956333
1 0.4416592677345538 0.501747820118627 0.4995119584813159 0.5083107705466866 0.7158023911755118 0.4472679324894514 0.1908320566724653
0 0.6675426157366661 0.7613053519637153 0.6774070790430584 0.7193133752968187 0.6763120921372174 0.68104676511955 0.2709003105816587
1 0.3580639500088013 0.4659104577508317 0.5104877665070462 0.3649449440846622 0.8181232575412252 0.3593811533052039 0.4596359829045679
1 0.398717672944904 0.3825031893359791 0.3014692993193071 0.6253578527985876 0.4642927325157288 0.4036760900140647 0.7782308688631724
1 0.35102434430558 0.3411586587227409 0.2909496368010365 0.5525312369627219 0.5240067741712557 0.355514135021097 0.396802317445992
1 0.3421368421052632 0.3951600400451995 0.3529733834439608 0.5002129398369319 0.6222047258786549 0.355514135021097 0.6753751216190765
0 0.5546449392712551 0.6370232800960723 0.5134848524188849 0.6941368243250491 0.5853155445604683 0.5814710443037975 0.2446839591162551
0 0.3911500968139412 0.6248153693076094 0.7596952078375713 0.234122429874908 0.9826388934766388 0.3907567334739803 0.4637750963109658
0 0.3346572610455905 0.3822814587792806 0.3919096254724321 0.4276448228741782 0.7074061618404547 0.3389914205344584 0.6028517321877369
1 0.3246258229185002 0.320940409290757 0.2688302412211454 0.5421852445722454 0.5133339561581757 0.3416280239099859 0.344079219418533
0 0.6204652525963739 0.6185582490193793 0.5050024662501994 0.7997670583753027 0.4910286912441302 0.6233930379746835 0.3586969744022557
1 0.4155247315613448 0.4268364093642522 0.3887524085654666 0.5709710880458494 0.590575008777998 0.4194957102672292 0.3953536195597601
0 0.7875678929765887 0.8673650716924471 0.7942112485554401 0.7833070194973678 0.7010569081622468 0.8048792369901547 0.3663942471418963
1 0.4626900897729273 0.5694410633172209 0.5537215078437564 0.5053284212245079 0.7493300797384261 0.4802254746835443 0.1274344806452781
1 0.2962914099630346 0.326479483532004 0.3324901230520822 0.4299806866925509 0.6648851802962391 0.2993544831223629 0.4445950901445726
1 0.297083365604647 0.3017254261712769 0.3003781628128794 0.4444377167854074 0.6287752176350154 0.2980361814345991 0.3711434852349958
0 0.5188309452561168 0.6127603817010555 0.5699844051994388 0.5800061559114047 0.7078210704759804 0.5311119198312236 0.2154082985852208
0 0.6521434782608696 0.7594519036620099 0.7458814684866222 0.6185763485570153 0.7772538845520498 0.6588114099859353 0.4892415335764376
1 0.3535762013729977 0.3720852371403994 0.3128197227421733 0.534704347559045 0.5597492862074093 0.3584143987341772 0.2873077974223427
1 0.3516403098046118 0.3727874913308734 0.3621921443615778 0.4816655265306349 0.6444241476267295 0.3494499472573839 0.2809872793141764
0 0.6751981869389192 0.8228046423001153 0.8010840253005499 0.6228445192560196 0.8004556173253597 0.6828923874824192 0.1454607726579302
0 0.4282840168984334 0.5069172360044478 0.4483572658673707 0.5431895293767571 0.6568951356977268 0.4507834036568214 0.4437202994978864
1 0.3204020594965675 0.3540794590336126 0.3438551926025515 0.453563187760244 0.653923775704875 0.3281813466947961 0.4008267149564213
1 0.3932619785249076 0.4384266651935397 0.4130212047384818 0.5160709798026228 0.6534184874759085 0.4014789205344585 0.2273548119913893
0 0.4247642140468227 0.5595299008024673 0.5527268730447578 0.4663657932890471 0.7745313301581297 0.4347880098452883 0.3637629922480798
1 0.3812946488294315 0.4301365850918585 0.4473989209178773 0.4683970828359042 0.7124775387959589 0.3810013009845288 0.1779807626068075
0 0.5916908642844569 0.6851107722972835 0.6219047648175215 0.6331239406398372 0.7020332869361751 0.5982574191279888 0.2061536756178809
0 0.3597358563633163 0.4854053434698651 0.530914069736024 0.3623814042459027 0.8296332209005004 0.3621935302390998 0.1188360326028785
0 0.5968825734905826 0.7118765188075924 0.6639471250410988 0.6230482042930998 0.7324859755863458 0.6196139064697609 0.1716173079775787
1 0.3952858651645837 0.4368320099689112 0.3937688700042644 0.5313656288623179 0.6272363218548066 0.4025335618846694 0.3943480527916698
1 0.2293271607111424 0.265117324521004 0.3465043516164421 0.2853420670698011 0.7843383884363576 0.2289571729957805 0.6995106906114613
0 0.6167694596021828 0.7257372568635386 0.7267256354598339 0.574927058200499 0.7939912081806055 0.6189986990154711 0.5868496840993762
1 0.2026646541101918 0.192307519813477 0.1563596981317568 0.4275371017703245 0.5178288578690302 0.2091826476793249 0.2875668914673803
1 0.3727591269142756 0.34605864619955 0.2835688021628519 0.6000993193937966 0.4713897988145689 0.3712458684950773 0.3503110785271007
1 0.551653106847386 0.6305602211076529 0.5382730979175551 0.6728797009505746 0.6197854142133065 0.5799769690576653 0.249901074185055
1 0.23847864812533 0.3058282471771648 0.2958303774573794 0.3619370149723353 0.6939277379151575 0.24653452883263 0.2498115957861995
0 0.3975737370181306 0.4808484260186455 0.4484075509054745 0.4918539092824347 0.6958127980069233 0.4134315225035162 0.4198377609960381
1 0.4346196620313325 0.44242909511162 0.3304860445917307 0.6716896846262915 0.4477654803746303 0.4473558192686357 0.3399058551231959
1 0.2666370709382151 0.2640558861656455 0.2992797032426502 0.3856653685080781 0.6771010815610387 0.2644634317862166 0.230794650071933
1 0.3533122161591269 0.366477516665756 0.3782150079593212 0.4644082243796355 0.6697517201036746 0.3528775316455696 0.733266498519623
0 0.495688241506777 0.5570217350212081 0.4845761630212216 0.6089581885806296 0.6312608309326178 0.5054489803094234 0.2654113188394133
1 0.2905717303291674 0.2828062986492521 0.2463676380510894 0.5001679766033176 0.532570851322703 0.2905658052039381 0.77287724187817
0 0.5432935750748108 0.647837317835522 0.593373945512017 0.5964374373855085 0.7103209909679112 0.5551050105485232 0.5008504544887558
1 0.3270896849146277 0.3315378729980825 0.2677031403347147 0.5515113818511633 0.5033049618898768 0.3387277601969057 0.6691775133994481
1 0.5087115120577362 0.539792175004259 0.5151704589712456 0.6095136354524179 0.6518893624625582 0.507821923347398 0.2258159801868964
0 0.6434319662031333 0.783640838157663 0.7579095194132565 0.605479178239798 0.7906778713477072 0.6506379395218003 0.764064275110309
1 0.316266291145925 0.3592699844419097 0.3941919803572417 0.3913134179489247 0.7359357541993036 0.3172833860759494 0.5140814581700696
0 0.6062100510473508 0.703554854992893 0.6416112922421847 0.6641870209593626 0.6925113256766389 0.6279631504922644 0.7793244391114558
0 0.6136896321070234 0.6396054097766956 0.5831392315430015 0.7035557479235106 0.62755247595387 0.6227778305203938 0.3131703322886088
0 0.6763421228656926 0.7297134207345681 0.6815615345050409 0.7192409257048463 0.6788378353701313 0.6891323488045007 0.7322679785851423
1 0.4193085196268262 0.4516853790054265 0.4044172557106908 0.560965259200138 0.6110042864552175 0.4219565400843882 0.3128589605709798
1 0.3277056504136595 0.3578390488725179 0.3428047397839101 0.4680062363528953 0.641288778333039 0.3354759493670886 0.3793066683921203
0 0.3919420524555536 0.4749820736083181 0.4414604043790915 0.4974144154663147 0.6871339143448891 0.412640541490858 0.7168881822924854
1 0.4246762189755325 0.5103493865328796 0.4646654034838713 0.5340944046125932 0.674841591725018 0.4376882735583685 0.1830551383250521
1 0.259333480021123 0.3085001326136609 0.2558008833707156 0.4288804379548124 0.6066409411409932 0.26639694092827 0.231611263371378
1 0.4406913219503608 0.4971275740999782 0.5034011562989319 0.5119534279921927 0.7155724291983786 0.4416431786216596 0.7958705683064105
0 0.6066500264038022 0.6973294795590741 0.6212577314469688 0.6679577362362933 0.6776740672460959 0.6197017932489451 0.2215187227239132
0 0.6400881534941032 0.7392073881829754 0.7170211113100489 0.6323924539700108 0.7545605806113396 0.6520441279887482 0.2249646243589581
0 0.8474045414539694 0.993400200773988 0.9937632725343194 0.6973675041565542 0.840441084869803 0.8608631153305204 0.2057477452260035
0 0.6995728216863228 0.7563471924440515 0.7264125337986308 0.7086051349464803 0.711506394361419 0.7032821202531645 0.8732190722020401
1 0.3279696356275303 0.3109870277310508 0.2309810673303232 0.5860005652436983 0.4317518914055197 0.340573382559775 0.399286408233266
1 0.4129728744939271 0.4783931146142736 0.3921633289494672 0.5748501599493705 0.5899922523260822 0.4413795182841069 0.773124536573908
0 0.5036077979229009 0.5504795556088503 0.5566876741528776 0.5512298452788497 0.7198506292585507 0.5044822257383966 0.243180033720107
1 0.2531738250308044 0.25913478916636 0.2058250412940651 0.4650235692693483 0.5285208684598679 0.2607721870604781 0.8185874294253667
1 0.264613184298539 0.2829540653065868 0.251197605465075 0.4386768620588143 0.5939944282225026 0.2685941104078762 0.3263454529406008
1 0.3797107375462066 0.3571948055835057 0.2732008084326485 0.6233202080243644 0.4378108137256476 0.3834621308016878 0.3970914015038328
1 0.2443743179017778 0.2339952815936977 0.2221094196368987 0.4254778492230571 0.5811238855781856 0.2508409810126582 0.3462475137321906
1 0.4219483717655342 0.4283097251199897 0.3747066094593847 0.5961987985979152 0.5575519105321316 0.427932841068917 0.6497205502842163
0 0.3855184122513642 0.4542094977845879 0.4550261359692956 0.4709447346062487 0.7153735243016169 0.3912840541490858 0.4145221541365566
1 0.5007919556416124 0.5223777858095969 0.4229641352986942 0.7012484826282851 0.5062620146884003 0.5130951300984529 0.7718462737331152
0 0.5186549551135363 0.6099354119412573 0.5619949425919716 0.5854184264169727 0.6992507121172671 0.5413067862165963 0.4377921097539327
0 0.4981521035029044 0.6208445231025472 0.6357338012350783 0.4864157412253502 0.8037358033421311 0.5173136954992967 0.5870176609470447
1 0.4544185530716423 0.5040764743881405 0.4251936013893817 0.6074384948367354 0.5885709547041343 0.4585174402250351 0.344531527808352
0 0.6372723112128147 0.7398832151850057 0.6495564909973404 0.6903994739917898 0.6793434725550571 0.668303182137834 0.542498716039556
1 0.3812946488294315 0.3698834011471372 0.2781342751483623 0.63092725630078 0.4352236542439089 0.391723488045007 0.7320772224381316
0 0.7272912691427565 0.7773045974454947 0.6958847963618252 0.7699921826428653 0.6528549236017503 0.7373821905766527 0.8206192118228216
0 0.672822320014082 0.7342966042328385 0.7144331405625889 0.6695006265600735 0.7299773311954342 0.677179746835443 0.5921800401454823
0 0.608937898257349 0.6715405721728253 0.672732035112163 0.6209199975289111 0.7386052672874206 0.6095069268635724 0.2176557468670968
0 0.5177750044006337 0.5108245925006878 0.4150304907108699 0.7050290485076331 0.4958973247873212 0.5241688642756681 0.3806945668534888
1 0.1769700932934342 0.142588309867259 0.1569400102543401 0.3596203757167449 0.5855489960971939 0.1745552566807313 0.5597231439393877
1 0.3306094877662383 0.3475213266233528 0.305963056737427 0.5033368518486884 0.5819851088855678 0.3319604781997187 0.6633232334684683
1 0.1652667488118289 0.2103608346311839 0.2089301830806642 0.3150789703187267 0.669454758582369 0.1791253691983122 0.4930832050525741
1 0.298403291674001 0.339664233444527 0.2943109230859378 0.4560047072335763 0.6140258961061988 0.3099008966244725 0.363312486536626
0 0.669126527019891 0.7701233312686993 0.7036544043204953 0.6868125836664205 0.7130041133384384 0.6922083860759494 0.2135887405953077
0 0.4545945432142228 0.4489661179994033 0.444103867676692 0.5778997158009447 0.6267181222553486 0.4526290260196906 0.6873839093687708
1 0.3138024291497976 0.2664585043345229 0.2253515840839619 0.5539163587671413 0.458918112831653 0.3156135372714486 0.3422998119922089
1 0.4340916916035909 0.413556586029889 0.3011459453687819 0.6908991537434414 0.3984098474129163 0.4434009142053445 0.7642506065013324
1 0.3867503432494278 0.2907583041085252 0.1823466478073616 0.7376080094346332 0.1987431797922459 0.3853077531645569 0.8259143337008801
0 0.6826777679985918 0.817962665724768 0.7914786066142121 0.6350802385037755 0.7890929133808801 0.7029305731364275 0.7310406823781298
1 0.2209676289385671 0.1811238237186011 0.1666064544723572 0.4390229041888929 0.5163430033946246 0.2214867967651195 0.3372960684899106
1 0.2770204893504664 0.3047616522972318 0.2814690356688271 0.4500660650214194 0.6088770509277454 0.2801072784810126 0.2486206809061942
0 0.4157007217039253 0.512413930059349 0.5250616398805938 0.4521362803358932 0.7690809870309007 0.4253841244725738 0.5836179734300898
0 0.3351852314733321 0.4344875638428886 0.4259874215054673 0.4051388973222852 0.7451837850308434 0.3544594936708861 0.2291650288297736
1 0.292419626826263 0.3040805076292342 0.2526029827759638 0.4959128341204135 0.5423269620308832 0.3013758790436006 0.5084146567890728
0 0.6458958281992607 0.7575086996044316 0.6502808233746871 0.7065797239849367 0.6686249413113177 0.6703245780590716 0.2541680138755323
1 0.3129224784368949 0.3004686844476636 0.3192207314437134 0.4504456309758536 0.6381673672777177 0.3106918776371308 0.3096116813158119
1 0.3059708678049639 0.3342837223339424 0.2944852120044142 0.4818333045330973 0.5915157940440847 0.3188653481012658 0.7821036775110718
1 0.2795723464178842 0.2501371372082375 0.2528521296799669 0.4539030335436407 0.5815583357474282 0.2765039205344585 0.8259539926249149
0 0.482137000528076 0.569245598807573 0.5596040436281483 0.5222096527961244 0.7412866448781515 0.4902445675105485 0.3098107953352431
0 0.4985040837880655 0.6364265735179804 0.6679790412354689 0.4612374425660549 0.8335191944624968 0.5044822257383966 0.1080396279937208
1 0.4396353810948776 0.4381838251143647 0.4160383070247113 0.5784575458829951 0.6054513502759747 0.4413795182841069 0.4990787494154465
1 0.3283216159126914 0.2535588135461277 0.1669602398213465 0.6437556005004154 0.2920431856558787 0.3305542897327707 0.4746536047256668
1 0.3876302939623305 0.5016527466967868 0.5501045652648061 0.3872829327534087 0.8234054038961048 0.3871533755274261 0.1670199865067119
0 0.7606414011617673 0.8925782208816874 0.8704685902072679 0.6686342501894038 0.8055011715398808 0.7735915436005626 0.1502339372093316
0 0.6747582115824678 0.7870518791636185 0.7361183598264249 0.6701979538828077 0.7409697928671699 0.6998545358649789 0.4691555995915952
1 0.4508107551487414 0.436325059146692 0.3388781129735307 0.6884657371850008 0.4397572900662381 0.4594841947960619 0.3420248216015871
1 0.2372467171272663 0.3214051410680235 0.3590752856728963 0.3064166365381872 0.7765172385221132 0.2463587552742616 0.7711805937767946
0 0.5084475268438655 0.6017563582593184 0.5987725081465036 0.5358432043030318 0.753821142933729 0.5155559599156119 0.7773321517581843
0 0.7035325998943848 0.8331647447356261 0.7664241270626687 0.6813739389672836 0.7496081976379332 0.7292087201125176 0.440219498112628
0 0.5834193275831719 0.6657902415654214 0.627656624596744 0.6212701705567777 0.7133754024790602 0.5931599859353024 0.3366230139402777
0 0.491728463298715 0.5878745106808958 0.6250505902919069 0.4884794424317739 0.7973041960575445 0.4956056610407876 0.8622574767026875
0 0.6752861820102094 0.8015515428426097 0.7245905555248107 0.6829664000645185 0.7268789512334222 0.6999424226441632 0.3908423350108698
1 0.258013553951769 0.2293750355750489 0.2056959926364071 0.4685620009860519 0.5249262731238294 0.2598933192686357 0.3319652208042504
0 0.4696417004048583 0.5795211020117853 0.5599983499301728 0.5038889622261093 0.7537565860812714 0.4850592475386779 0.1632995861205994
1 0.3621117232881535 0.4046011531167192 0.3999028309791755 0.4674252096909589 0.6823001763976213 0.3667636427566807 0.4083646964805171
0 0.770144868861116 0.8831743314719391 0.8539226971193442 0.6969347131729298 0.7824243649999756 0.7863351265822784 0.3051205539886418
0 0.7068764126034148 0.7661790733934736 0.6675399828768795 0.7785178790350358 0.6289469039669571 0.7192775140646976 0.5169300177468209
1 0.2627652878014433 0.2028574468098823 0.1675770045281863 0.5033581418603643 0.4506115651781183 0.2627056962025316 0.4894240957308791
1 0.3407289209646189 0.294296163390732 0.2217710940892681 0.6021571420149068 0.4047364189537744 0.3429463255977497 0.5830602902958312
0 0.4426272135187467 0.6343515558009692 0.6736928210829234 0.3792767761984085 0.881801089937657 0.4532442334739803 0.2081112204426591
1 0.426524115472628 0.3921713506301647 0.2810672435682499 0.6968084030290306 0.3703192416507802 0.4314483122362869 0.37774800712561
1 0.2848520506953001 0.2226902460299309 0.1574449761871433 0.564564701099555 0.3719551471876551 0.2889838431786216 0.4425774014143366
1 0.2121681218095405 0.2051332467025084 0.2213292692399092 0.373096953107712 0.6282060704655096 0.2116434774964838 0.3590842224910753
1 0.2738526667840169 0.3226987841706222 0.3266409478916751 0.3954355772991952 0.6885573057025923 0.2831833157524613 0.1981063555156847
1 0.2287991902834008 0.2463564378468557 0.2075775318291464 0.4318365719641064 0.562206634072314 0.2299239275668073 0.2620889826123116
1 0.2727967259285337 0.2538756175246664 0.2171914127225435 0.491879647953267 0.5130317602974815 0.2750098452883263 0.3247749923247909
0 0.4221243619081147 0.6141439417009201 0.659542220797104 0.3655345503035426 0.8836739365708498 0.4513107243319268 0.0648099258770678
0 0.3714392008449216 0.4370959595705626 0.4451850773632999 0.4527732329986504 0.7224880383984185 0.3855714135021096 0.3351276102964016
1 0.384814451681042 0.4257593402937776 0.4042227876830725 0.5075869101496996 0.6539021404354027 0.3861866209563994 0.24346108766523
0 0.6027782432670304 0.6464381271205413 0.5175489900939818 0.7702802333232291 0.5264676115957527 0.6287541315049227 0.5128107338024404
0 0.6423760253476501 0.7930661593726736 0.7541008752974572 0.6163923746726899 0.7824819427332487 0.6723459739803095 0.8304490530685184
0 0.6520554831895793 0.8007437410397537 0.7797680511870619 0.5941717988295303 0.8071646445975349 0.6603054852320676 0.2224289114184983
1 0.2221115648653406 0.3056803193784371 0.2889169170244834 0.3407977810655002 0.7061108373197893 0.2373064170182841 0.1576221325492627
1 0.3654555359971836 0.3325095555975681 0.2213551440653413 0.6580087866755076 0.3434559139972594 0.3780131504922644 0.4299747130832278
0 0.6343684738602359 0.7113748856513404 0.6668760250922077 0.6696852459150557 0.7035191414105807 0.6489680907172997 0.5732373320038926
0 0.5356380038725577 0.651744674331762 0.6393002960411737 0.5392921861945589 0.77286576336472 0.5475467475386779 0.1628656322741353
1 0.3752229889104031 0.3455993932296439 0.2943628354715532 0.5795052051142798 0.5016760354721865 0.3733551511954993 0.6619785992878652
1 0.4757133603238866 0.5257836702909781 0.4474640148183354 0.6170617389950137 0.5977258142945596 0.491123435302391 0.5867271019705413
1 0.3255057736314029 0.3380115673184367 0.2411130956713663 0.5625024298192887 0.4663397081725778 0.3373215717299578 0.3341033612252535
0 0.3789187819045942 0.5139874757615011 0.5945545861315745 0.3309786370236648 0.876531854953269 0.3783646976090014 0.6023618953119512
0 0.7814962330575603 0.7936470740942566 0.6697373902215914 0.8836775084988374 0.5530451443186634 0.8044398030942335 0.6456879587812178
0 0.8811946488294314 0.8872718348118596 0.8142486157291813 0.8773740762358722 0.6519200705869707 0.8864381680731365 0.7527606623611189
0 0.580427495159303 0.7670924228087115 0.7338340521246016 0.5459715301562229 0.8140997953312917 0.614692246835443 0.3516232644971299
1 0.3776868509065305 0.4373600703136068 0.4526612745656554 0.4432666072625381 0.7338786588196368 0.3798587728551336 0.3712855690661454
0 0.4371715190987502 0.536692620310875 0.5374708155944099 0.4755581530319108 0.7602530991742749 0.4474437060478199 0.5292977023710453
0 0.3885102446752332 0.5107981653122441 0.5429199887365025 0.393614010255416 0.8159988136614268 0.3976997890295358 0.4456034428701364
1 0.3953738602358739 0.4382049346368412 0.3823872015091784 0.5425244548329056 0.609453526172395 0.400248505625879 0.282623783510094
0 0.6788059848618201 0.7792898594066329 0.6772941411257638 0.7540577210680984 0.6523639425671124 0.7022274789029537 0.3028403297364891
0 0.6578631578947369 0.7677049212433128 0.7169098007402657 0.6581857797576506 0.7384346278233567 0.6646998241912799 0.6187008803747567
0 0.5041357683506424 0.6080503799265339 0.5896629422469051 0.5306273103230731 0.752304231378952 0.5304088255977496 0.6354472707481021
0 0.5442615208590037 0.663678161328032 0.635159022094034 0.5670828010626477 0.7530754240488524 0.548249841772152 0.154849449343702
1 0.5170710438303115 0.5340789069172336 0.4523426399229134 0.6715760849371243 0.5564670064548826 0.5224111286919831 0.427048638336772
1 0.3346572610455905 0.3137750961118635 0.2317599158493035 0.5877695427810238 0.4307430597273829 0.3396945147679325 0.3960192995160807
1 0.4593462770638972 0.4892651632551851 0.4886482746991246 0.5545957325725664 0.6753043073269583 0.455968723628692 0.2298708593496831
1 0.2742926421404682 0.2965191089064708 0.2674891441369589 0.4548417006255987 0.5931178508529142 0.2917083333333333 0.5234216264198317
1 0.4163166872029572 0.4384213475275724 0.3487710839651418 0.628521008339329 0.5059933185997924 0.4345243495077355 0.2796097052834451
1 0.4035574018658687 0.5087440959763165 0.5366120643126174 0.4284134876240957 0.790727423093918 0.4053459388185654 0.7559014197128874
1 0.4394593909522971 0.4128543318394149 0.3243968356733845 0.6663260316100733 0.4469566004611329 0.4421704992967651 0.7994328246359378
0 0.5043997535645133 0.5870454382141704 0.5807755092826195 0.5325648602662817 0.7461615596286086 0.5089644514767933 0.4790793439921348
0 0.5635324414715719 0.64528693300931 0.6348050740102934 0.582616088909936 0.7428607852102427 0.5761099507735584 0.2302651542721123
1 0.3291135715543038 0.3617464053687579 0.3720301110073017 0.4352065901556111 0.6883964370053869 0.3256326300984529 0.2065899237822643
1 0.358327935222672 0.3527858159310137 0.2979830327455263 0.5662033964758776 0.5176180884696546 0.3708064345991561 0.2918382559138449
1 0.2795723464178842 0.2585274472563333 0.1910767162672899 0.5259396946179128 0.4519512071056061 0.2895990506329113 0.5352845611017945
1 0.3688873437775039 0.3640908514947806 0.2770421622334278 0.5934194987900802 0.4715161208718105 0.3716853023909985 0.36585934330698
0 0.717171835944376 0.7720929625147211 0.690379967934841 0.7635891321909382 0.6538735260467458 0.7310543424753868 0.2548568008908979
1 0.4325077803203661 0.4540298251314492 0.3442063741955226 0.6659490077465855 0.4666555133156819 0.453507893811533 0.7252999711841589
0 0.6340164935750748 0.7431305365357244 0.6117135010270617 0.7494531999607487 0.6129186588475588 0.6504621659634318 0.2836126345333432
0 0.3487364724520331 0.4200143273523412 0.4742412044455006 0.3781349007214228 0.7909922806669744 0.3527896448663853 0.5137677921345211
0 0.6033942087660623 0.6532495738005176 0.6140604616080759 0.6594034413209757 0.6792297129123478 0.6107373417721519 0.6743085915462715
0 0.5837713078683331 0.6344413115568421 0.5568105388899921 0.6777976936477522 0.6288771127751108 0.5989605133614627 0.2926922338194053
1 0.2531738250308044 0.2455168911895887 0.2698878543688372 0.3877470232318107 0.6536306526991209 0.2518956223628691 0.4913034698665472
0 0.5134632459074107 0.6275557398361089 0.5821758418162226 0.573075939349468 0.7197351248360451 0.5215322609001406 0.1884405580012231
1 0.3194341137123745 0.3623695391352938 0.3140670846097003 0.4863328055082239 0.6035320925002042 0.3336303270042194 0.6174322864451955
0 0.7221875550079211 0.7930979042270846 0.6616725814243442 0.8081802672430951 0.6036465500548319 0.740721888185654 0.2538609030340392
1 0.5382778560112657 0.5531672329018554 0.5556517047270881 0.6051506129849761 0.68136148486729 0.5367366736990155 0.3770783940528562
1 0.3712632107023411 0.3626968173043743 0.2815842518726378 0.6009274055195861 0.4686187395423155 0.3766069620253164 0.3606591078628726
1 0.3681833832071818 0.3759503745916868 0.3906819545097937 0.4795416095449184 0.6665200389652363 0.3650059071729957 0.8304739628059287
0 0.6144815877486358 0.6765251588809328 0.5498855242897648 0.7562628260834156 0.5632210490457984 0.6284904711673699 0.4227099192713887
1 0.2864359619785249 0.2712160428199647 0.2074270021843372 0.5261819876612416 0.4688127590556479 0.2924993143459916 0.2408365518453202
0 0.5757637563809188 0.6838857754280813 0.6306991135041522 0.6170808046771117 0.7179128768169409 0.5924568917018284 0.2302118933204126
1 0.3535762013729977 0.3695770713591401 0.3527751725170661 0.5020845542962183 0.6204875136032791 0.3575355309423347 0.6979228587314047
1 0.2389186234817814 0.2177636702232851 0.191023013799412 0.460565853914153 0.5186813572774315 0.239767246835443 0.3124346756357474
1 0.3296415419820453 0.3464916331224054 0.2554456334089658 0.5722011423025384 0.4710582906532994 0.3431220991561181 0.3124677793657269
1 0.5314142404506249 0.6376199866741644 0.6021097096882355 0.5755541602608389 0.7294500587410362 0.543679729254571 0.2528486171920421
0 0.420892430910051 0.5495396178637758 0.5475867331950897 0.4596853371625941 0.77616932943076 0.4379519338959212 0.2602225549849028
0 0.6102578243267031 0.7201508070527646 0.7118511910009213 0.5978811861623792 0.773099912813364 0.6172409634317862 0.4061488770099581
0 0.7715527900017602 0.9418223860014902 0.9255258248884228 0.6493779112704298 0.8383906196533615 0.7795678445850914 0.2771187315424129
0 0.6335765182186235 0.6534028192652126 0.5678919617692155 0.748591113368551 0.5826414950448813 0.6436948839662446 0.2972821806969598
1 0.3423128322478437 0.3523792561966021 0.2715933145608376 0.5774268868849144 0.4818609202832135 0.3540200597749648 0.4610855001900567
1 0.2518538989614504 0.2621075255834928 0.1972790258376819 0.4766108964450883 0.5087881068772734 0.2648149789029536 0.527706101254407
0 0.4616341489174441 0.5920670874426565 0.6257630430324199 0.433206123461479 0.8309501806906382 0.4658120428973277 0.5132727111034909
1 0.354016176729449 0.4638354400338206 0.4382636429275978 0.4292968642279694 0.73522039448288 0.365796888185654 0.2058357487061966
0 0.5550849146277064 0.6140329152811779 0.599232884757493 0.5913338720492438 0.7171989129243542 0.5590599156118143 0.7730424327683648
1 0.4281960218271431 0.4693216598981802 0.4484034825366959 0.5386158311221326 0.6604492521424946 0.4339970288326301 0.3387493550119811
1 0.3100186410843161 0.3805812559422702 0.3993496955600334 0.3788978457667109 0.7481240879433239 0.320359423347398 0.6976524569766217
1 0.4310118641084315 0.4482321189545182 0.4463066452681917 0.5439840916781912 0.6548663057507579 0.4305694444444444 0.3532096214585241
1 0.2767565041365957 0.2501265018763027 0.2059964009870209 0.5105833998527676 0.4832602336797298 0.2819529008438818 0.3160655976230045
1 0.4494028340080971 0.507439978683176 0.4747608165059068 0.5448005795140377 0.6734824082638132 0.4573749120956399 0.7428446203135943
0 0.6280328287273367 0.7355955650014047 0.6966939135445185 0.6407435404903006 0.7387584589535231 0.6376306962025317 0.1889625153278801
0 0.6563672416828024 0.7572289581462711 0.7021321834582844 0.6712656320802952 0.7222036392916453 0.672170200421941 0.3254723010924285
1 0.4325077803203661 0.4880772289063612 0.4820557271954868 0.5130419195593039 0.7016309407151817 0.4322392932489451 0.2710371502575641
1 0.2573095933814469 0.2343331950947128 0.2413412497924717 0.4302611111000755 0.5932912819646521 0.2539170182841069 0.8009919775420021
0 0.6682465763069882 0.7616432654647304 0.713917271401459 0.6715698885904424 0.7283871388892186 0.6808709915611815 0.3587595765054843
0 0.4329477556768175 0.5112153603785905 0.5034519295412891 0.4970450178756661 0.7261286959210754 0.437864047116737 0.2307371282440973
1 0.459962242562929 0.5469734411810545 0.4050541995266726 0.6490461684019245 0.5368487024269157 0.4768857770745429 0.2064003147942134
1 0.3909741066713607 0.4171049195026375 0.3229890173412286 0.5946800581381259 0.5138797232784129 0.4075431082981716 0.3034189894917249
1 0.2417344657630698 0.2008826590392859 0.1660804957566563 0.4754493197632681 0.4784020688153158 0.2431069444444444 0.7900157967358766
0 0.5490132547086781 0.592563402932941 0.5681064461712247 0.6077778639780796 0.6872413927803322 0.553962482419128 0.3683929258093719
1 0.4790571730329167 0.5180427600564688 0.448779399811841 0.6222874835773898 0.594467961459179 0.4933206047819972 0.7319382523241582
0 0.6133376518218623 0.7230813244249445 0.67371365113107 0.6501252860086711 0.7202603035546877 0.633500017580872 0.2573156541810588
1 0.2187677521563105 0.2311598376433578 0.222914142981311 0.3828242641141087 0.6207897094639732 0.2226293248945147 0.2589824761494824
0 0.7933755676817462 0.8897534122632823 0.7661670061558595 0.8032851533644352 0.6724627589509402 0.8142831223628693 0.6998164904141433
1 0.3113385671536701 0.3277784443005701 0.2577284764980289 0.5382810695206286 0.5065973613652213 0.3208867440225035 0.7059352724252562
0 0.571539992958986 0.6529645146763899 0.5841441186313222 0.6494475010100874 0.6676304168275093 0.5785707805907173 0.2068531148235865
1 0.2318790177785601 0.2053973574455527 0.1982368825829218 0.4176822095745556 0.5672389279603841 0.2296602672292545 0.3687942675654106
1 0.4147327759197324 0.45343327969475 0.3729093668677385 0.5834629229564552 0.5671440119394734 0.418001635021097 0.2945458788184062
1 0.2734126914275656 0.2570649279739234 0.2504377969119786 0.4434116653271669 0.5890570503553432 0.2728126758087201 0.3083566894139156
0 0.5832433374405914 0.6853802007062951 0.6627275908160176 0.5943502218378307 0.7502415527039376 0.5874473452883263 0.1659932792377931
0 0.4795851434606583 0.5348393331505625 0.5315819331547234 0.5455068041550842 0.7088955058744527 0.4841803797468355 0.2350189810010505
1 0.2748206125682098 0.2379132734218724 0.187013717735451 0.513717956870362 0.4604304879589602 0.2765918073136427 0.6641187062670849
0 0.7691769230769231 0.8665571087481984 0.8318394286542073 0.7096377005127709 0.764854781408654 0.7798315049226442 0.230350863434386
1 0.2804522971307868 0.2810426061034196 0.2164621983026625 0.5080071495592762 0.4963209573218276 0.2895990506329113 0.3209370900852362
0 0.529478348882239 0.6442678748402971 0.6545456129979459 0.5098239501825308 0.7985761405289415 0.5357699191279888 0.2852034162507247
1 0.348384492166872 0.4054513351059209 0.3537507673501808 0.5065897749759745 0.6174617164807872 0.3577113045007032 0.2399770020248127
0 0.4371715190987502 0.6035516345181691 0.6256823265958521 0.4264934145561436 0.83487000298068 0.4443676687763713 0.5030103909299928
0 0.6451038725576483 0.7209534523310461 0.6549659568601536 0.7038070971658359 0.6733986588335977 0.659426617440225 0.2381141797541343
0 0.4859207885935575 0.6637679170839049 0.6573026651518457 0.4664573085631174 0.8256969976803749 0.5159953938115331 0.5685366023468027
0 0.3929979933110368 0.5826469227522202 0.5513174273650903 0.4229012811681973 0.8017282597086751 0.4167712201125175 0.1803417796256924
1 0.5698680866044711 0.5738817978241237 0.4957119393073275 0.7230324543514007 0.5481831409386978 0.5712761779184248 0.3584001879913998
0 0.4965681922196796 0.5825942295167257 0.6009663353266902 0.5040047862448547 0.7754965423413626 0.5108979606188467 0.6558878407313388
0 0.5613325646893152 0.680633136411395 0.6153621768824853 0.59232798848997 0.7257315840394707 0.5751431962025316 0.4342798367790774
1 0.2812442527723992 0.3427426786154347 0.34872535550007 0.3872222403320635 0.7099790141278649 0.2830075421940928 0.2312753096760414
1 0.3828785601126562 0.4068980625318217 0.3126739124051473 0.6022384889251915 0.4972697685749766 0.3911082805907173 0.2356826943991544
1 0.4554744939271255 0.399669420785499 0.3250331285503618 0.7034809151212761 0.4108361691211321 0.4547383087201125 0.8540431630319313
0 0.5119673296954762 0.678357336518769 0.61093872087686 0.5632138975229122 0.7425250895774624 0.5486892756680731 0.6072699329810414
1 0.3724071466291146 0.4089732413902257 0.4073505496000807 0.4799867932219065 0.6776458018133983 0.374673452883263 0.3207315847516011
1 0.2673410315085372 0.2738086466911296 0.2620684495763167 0.4350543824601954 0.6063028028164983 0.2690335443037974 0.7874343613168806
0 0.5490132547086781 0.7144164294432628 0.764257313851172 0.4712413648435566 0.8681307402347826 0.5613449718706047 0.097239781907684
0 0.5630924661151205 0.6353283949250292 0.5848682882739179 0.6365536979685823 0.677263346082081 0.5769009317862166 0.2314239487012464
0 0.5722439535293082 0.7285253252443513 0.7565396182781172 0.5129635913820181 0.8424782897597934 0.5883262130801687 0.8551072349069656
0 0.5314142404506249 0.6589945867419541 0.6409619805851159 0.5390027055880376 0.7738930897086961 0.5414825597749648 0.1329811580952106
1 0.4525706565745467 0.4703511922577346 0.3715095225383886 0.6725520889798574 0.4861150423821986 0.4669545710267229 0.2640339086885334
0 0.5067756204893505 0.537748741000266 0.4928063103256322 0.6128019889722695 0.634066436844835 0.5113373945147679 0.4299350541591929
1 0.5073915859883824 0.4539400693755763 0.3647428488510256 0.7393944638472152 0.4159871080353409 0.5093159985935303 0.8709122994139632
1 0.3369451328991374 0.4175801254704456 0.3940178541735165 0.4447983759384277 0.6957437047269955 0.3527017580872011 0.2660506141396611
1 0.4025014610103855 0.4612797375416412 0.466275826581203 0.4829105155716339 0.7136629421894666 0.4055217123769338 0.6680477257040088
1 0.2588055095933814 0.279400414167871 0.314091494822372 0.3646143133809462 0.7043964166920874 0.2580476969057665 0.7430078446455725
0 0.7798243267030452 0.7882717195082464 0.6966343526255994 0.842708694164615 0.6021031178471532 0.7942449367088608 0.6412115806406722
0 0.5687241506776977 0.629388078615338 0.5282097436414953 0.6960217847618042 0.5946951317886383 0.5846349683544304 0.293179448617569
1 0.3798867276887872 0.3847314525176851 0.3555260407504224 0.5466316793988659 0.5848095584195835 0.3870654887482419 0.3931032214405592
0 0.529478348882239 0.6459047491098783 0.6053936969663429 0.5599987879984537 0.7415951219461118 0.5496560302390998 0.6971241083357606
1 0.3922940327407146 0.3915483780050218 0.4145727178558988 0.503511302839885 0.6643429027355942 0.3873291490857946 0.4032250965814217
1 0.4474669424397113 0.4224327373777276 0.2770083134051896 0.7348361770189531 0.3248192230826094 0.4576385724331926 0.3677177408216711
1 0.2992832423869037 0.2960016838937098 0.3039824120812404 0.4534162231274053 0.6239062351358653 0.2982998417721518 0.4258780445583383
0 0.4435071642316494 0.5388839821135956 0.5362332178119518 0.488021866061422 0.7512147908742328 0.4564081575246132 0.4911420482129343
0 0.7527218447456433 0.7833187165131569 0.6485979833130959 0.8585241541069537 0.5568163113700727 0.767703129395218 0.2970422605945341
0 0.5483972892096463 0.5916552100422774 0.5245386103904136 0.6549581186591442 0.6238790165710453 0.5517653129395218 0.2728740795117239
1 0.1732743002992431 0.2277803803504204 0.2999643283407175 0.2287212810172304 0.7982917414221683 0.1722702004219409 0.6973407574992899
1 0.3240098574194684 0.3609015410455236 0.3752166201694732 0.4381123589880295 0.6882973335129652 0.3253689697609001 0.2788160351631938
0 0.6210812180954057 0.7353896263012152 0.6978769951853432 0.632860993107569 0.7443619937468544 0.6353456399437413 0.446578364106018
1 0.3929979933110368 0.4442930176038671 0.4695363800551455 0.4497036581808733 0.7393541267759304 0.3923386954992968 0.6851369527264489
1 0.3907101214574899 0.3045239687426313 0.2274513505779867 0.6758885833470065 0.3308282447005672 0.3887353375527426 0.4517982651322914
1 0.3058828727336736 0.3481233508674122 0.3701142347820709 0.4066048893949368 0.7091788581133482 0.3043640295358649 0.1683800253933452
1 0.4060212638619961 0.4469649030403632 0.4324315549160609 0.5165463508095994 0.6665168983616033 0.4148377109704642 0.3820333013594422
0 0.6414960746347474 0.8074971768182682 0.8026384676434875 0.5599253851223766 0.8360302815451232 0.6537139767932489 0.1836528081430485
0 0.5606286041189931 0.6722163991748555 0.6178127994999789 0.610382553914034 0.7150395734486328 0.5811194971870605 0.2276824078143053
1 0.4870647245203309 0.4605774833511671 0.3617345342413579 0.721857690572796 0.4300465436327579 0.4919144163150492 0.8171215241547394
0 0.4671778384087309 0.4537289741508124 0.4164685777067389 0.6236239878924592 0.5681231823610755 0.4665151371308016 0.5858124885199689
0 0.765833110367893 0.8786436800677703 0.781449752105395 0.7576948176896591 0.7102703923538228 0.7881807489451477 0.1940903158776759
0 0.6223131490934695 0.6470188807007313 0.5844248360770475 0.7258702222510031 0.6117639635784634 0.626029641350211 0.3067532889479775
0 0.4648019714838937 0.5567788949420331 0.5477118762187202 0.5093598597041288 0.743257199179929 0.4768857770745429 0.1801693780220367
1 0.3895661855307164 0.4397573708165169 0.426709475596298 0.4921521283265841 0.6813492714087168 0.3923386954992968 0.5069277748974685
1 0.4180765886287625 0.4273116153320603 0.3216728186739673 0.6466184715481134 0.4634234832212844 0.427932841068917 0.4735865830133076
1 0.1495156310508713 0.1643378859564421 0.1820714633431753 0.297009787871721 0.6644434020518527 0.1582083157524613 0.3305157035187617
0 0.8613077627178314 0.9027323846170088 0.8193830598625593 0.8542651984876302 0.6698790890287939 0.8791435654008438 0.81128740144548
1 0.2339029044182362 0.187180322972609 0.175035300907916 0.4558362937083773 0.5076885466497365 0.231945323488045 0.449788114875219
1 0.5767317021651117 0.5740717835264113 0.4718169448576926 0.7521797513814459 0.5037907085851264 0.5877110056258791 0.8037217242265003
1 0.2943555183946488 0.2772619067420379 0.2366147816802143 0.5150220495258648 0.5090278396212652 0.3017274261603375 0.5193143057046022
1 0.4081331455729625 0.4054195902515098 0.3922323284839528 0.5467255778831985 0.6134895507968607 0.4078946554149085 0.7379347799661389
1 0.3448646893152614 0.3737221114099807 0.3226676162077171 0.5328150973438178 0.5698048011286097 0.3504167018284106 0.802418879408
0 0.4976241330751628 0.6152527556258057 0.5577133912893449 0.5584646361123018 0.7154600653795061 0.5172258087201126 0.532654617246789
0 0.5341420876606231 0.6378365607062886 0.6200837629522082 0.5591071495990042 0.7501665271727029 0.5506227848101266 0.3804928307564355
1 0.394405914451681 0.414792057089633 0.3428620224163132 0.5888365854557749 0.5369404778441935 0.4015668073136427 0.297211384601162
1 0.2498300123217743 0.2320891400564978 0.2055093358768437 0.4473709719761838 0.5454030088115045 0.258575017580872 0.3031925075371127
1 0.3140664143636683 0.3588738988980398 0.3578959469313479 0.4392002150324042 0.6755189152418852 0.3250174226441631 0.8065121064560106
0 0.6756381622953705 0.771892341480499 0.6865070435923395 0.7080280803016477 0.6892904621729367 0.6836833684950774 0.6649451523576128
0 0.796631385319486 0.8154968801298543 0.7280470416391319 0.8420288437171375 0.6230865375876317 0.8085704817158931 0.3066405396102256
1 0.4378754796690723 0.4342974169992081 0.3625151728426007 0.6378029767880533 0.5098751046902781 0.4434888009845288 0.6090493404073656
1 0.5098554479845098 0.5831909360948179 0.5485301065474776 0.5800549322814387 0.6948112944039303 0.517401582278481 0.2797876788020478
1 0.3519042950184826 0.3883220050353864 0.271975253021775 0.5939641417753463 0.4659488774982391 0.3680819444444445 0.3433391380096843
1 0.4833689315261397 0.4404647815315653 0.3044698026609199 0.7740561916627369 0.3145358399200312 0.4883110583684951 0.4131658844865051
1 0.3704712550607287 0.3878416425430039 0.3294272923007809 0.5517833855824281 0.5586308823580739 0.3808255274261603 0.3725336780142836
1 0.302363069882063 0.3487411669679807 0.2924738104802611 0.5002428094055522 0.573393115257382 0.3276540260196905 0.6393615409984017
0 0.6191453265270199 0.6888809974681235 0.6542286057027152 0.6608308253873789 0.7021512340503951 0.6305997538677919 0.8198704447818496
0 0.7036205949656751 0.8441159138004757 0.7889043055858483 0.6634534688406422 0.7713666485638637 0.7246386075949367 0.1543476492387651
1 0.2962034148917444 0.3022852313703836 0.2906438582036349 0.4677607656958836 0.6007833664093416 0.2962784458509142 0.616162217596972
1 0.3862223728216863 0.4153043255778195 0.3588105162327833 0.560495925659159 0.5754934811759935 0.3939206575246132 0.389375282581283
0 0.4942803203661327 0.5680681386492908 0.5531924571677838 0.5557892442719008 0.7146400188753134 0.5032518108298172 0.2298938025288769
0 0.4537145925013202 0.5511025282339932 0.5217989708548864 0.5280599573478939 0.7152866342677684 0.464845288326301 0.824663274915417
1 0.518566960042246 0.5828001682169153 0.5479981266459844 0.5924979908220105 0.6856218881735413 0.5241688642756681 0.2058929427743295
1 0.3614077627178313 0.3880158363887824 0.3462371411550619 0.5140263442782971 0.6053267729985292 0.3712458684950773 0.3037785418856607
1 0.4978001232177433 0.526955812783293 0.4540990360920221 0.6478690214130576 0.5775823315479502 0.5079098101265823 0.6462402338803808
0 0.6226651293786305 0.726064696174012 0.6322101056685341 0.6965329039227146 0.6644636414974882 0.6458041666666667 0.2002641615188538
0 0.5342300827319133 0.6255123058321161 0.5940676837561486 0.5781154757700203 0.7231643150474082 0.547898294655415 0.8207694896465405
1 0.3273536701284985 0.3354453906357155 0.2983968672176882 0.4971363742690523 0.5811758800161111 0.3275661392405063 0.3203789153114233
0 0.6792459602182714 0.7266085483752167 0.6953220595923655 0.691000360739245 0.7056149709017221 0.6813104254571027 0.8504371507820846
0 0.6423760253476501 0.739904324707482 0.6919287145614886 0.6583923246470456 0.7249202614342586 0.6683910689170183 0.2519284318265227
1 0.2503579827495159 0.2968305952190422 0.2659678996832548 0.4125327277205715 0.6292738757007565 0.2639361111111111 0.3087655696431179
1 0.3477685266678401 0.3531184117660616 0.2988126545068639 0.5399578962611472 0.5427568757726559 0.3563051160337552 0.3854908384639354
1 0.3439847386023587 0.4032652909691677 0.3204972228316953 0.5352853742209813 0.5657736618875732 0.3613146624472574 0.2378865506405623
1 0.5521810772751277 0.6553829247017764 0.6452310013119045 0.5717449958583438 0.7554169185352925 0.5537867088607594 0.6659303980241315
0 0.7115401513817989 0.813933808618244 0.7372540856546663 0.7174179287349097 0.7118068454423169 0.7198927215189873 0.1894343254200138
0 0.7064364372469635 0.7947769975416186 0.7641930336244698 0.6891147647797532 0.7437558572456702 0.7155862693389592 0.856315684931069
0 0.473865463826791 0.5486156331166031 0.5337742957221497 0.5406094659468462 0.7136566609822004 0.482598417721519 0.702938565462854
0 0.5488372645660976 0.6085890756031641 0.5272719032706462 0.6570170534450436 0.624214014291907 0.5583568213783404 0.3266406005529429
0 0.688045467347298 0.7402158110200534 0.6465135138856788 0.7582024414755181 0.6297899815644592 0.6981846870604782 0.3262628574955035
0 0.5944187114944552 0.6922498194291262 0.6572790686129296 0.6070055449724268 0.7392337369699956 0.6128466244725739 0.4311287549966717
1 0.3217219855659214 0.3593650578637499 0.2817777434917493 0.5302301086126981 0.536542319094711 0.3397824015471167 0.3062351008579023
1 0.3584159302939623 0.344685882673013 0.2362177088874203 0.6373517556450674 0.3832574817511879 0.3751128867791842 0.7228104723617893
1 0.3943179193803908 0.4641838277253776 0.3555125337660773 0.6104561156707953 0.5284894624235371 0.4133436357243319 0.2284079039163809
1 0.448698873437775 0.5325899604463801 0.4818640256586379 0.5460659052826079 0.6772092579084003 0.45385944092827 0.5521097776836555
1 0.419220524555536 0.4280456143769455 0.3794768532197 0.5912774694063706 0.5657736618875732 0.42758129395218 0.8453455676794447
1 0.310634606583348 0.3713987748064345 0.3195313920836494 0.4716860718784924 0.6204487794918045 0.3124496132208157 0.1984336235788979
0 0.7089882943143813 0.7752611634415019 0.6692910087992006 0.7780447323576373 0.6304184512470341 0.7301754746835443 0.6258293261502447
0 0.5589566977644781 0.6344306762249075 0.5957438516929427 0.6164349546960421 0.6979794655577886 0.5695184423347398 0.553523733041394
1 0.4328597606055272 0.4633971354449979 0.4919924738351558 0.4941158935826775 0.7213382285127524 0.4309209915611814 0.258656846884783
1 0.4512507305051927 0.4955276012093824 0.4861473670435272 0.5440126902013381 0.6815237493883323 0.4577264592123769 0.3908377463750311
1 0.4084851258581236 0.367042478389437 0.2953613759045793 0.6456437385508534 0.4381416239749986 0.4096523909985935 0.6685234689125757
1 0.4296039429677873 0.4615332129527508 0.4069778870199585 0.5873116486493036 0.5911493902868922 0.4354911040787623 0.247244417914274
1 0.4202764654110192 0.4487495439672792 0.3813408170593156 0.5860010418857506 0.5718468914020295 0.4284601617440225 0.4768263237953118
0 0.5989064601302587 0.7019655174342319 0.6838438893898505 0.605308540385021 0.7543578371990264 0.6090674929676513 0.2184372898783456
1 0.4577623657806724 0.5083375362419048 0.4959980269998404 0.5446223153864215 0.6874148238920701 0.4584295534458509 0.2062821574213657
1 0.4363795634571378 0.4243599884374039 0.3394481728067919 0.6475555498232298 0.4795836336932719 0.4395338959212377 0.3597312201443382
1 0.4300439183242387 0.5472796098276587 0.5190202749790844 0.495506417330358 0.7363293765213161 0.4499045358649788 0.2160256339853832
1 0.458290336208414 0.487311485007065 0.3784400701201548 0.6671653982644375 0.4973936479405036 0.4788192862165963 0.4170565560382054
0 0.6335765182186235 0.6604097304548369 0.5971529719031079 0.7357727786520171 0.6131255897313829 0.6367518284106891 0.778903759532954
0 0.5633564513289914 0.664607463741172 0.5979616008815477 0.6243855030115899 0.6938073481092227 0.5824377988748242 0.4372550754809483
1 0.4825769758845274 0.4792908333143954 0.3726559888602057 0.7150722143141199 0.4472884575783615 0.4931448312236287 0.3458332254678927
1 0.3672154374229889 0.388971565990366 0.3382932442779154 0.5324501484123254 0.5830860649369415 0.3771342827004219 0.4624884755977524
1 0.2277432494279176 0.2900349403955748 0.2811785541380332 0.3671784887424422 0.6792223848372039 0.2375700773558368 0.189864510029896
1 0.335801196972364 0.3381171149308186 0.2842384556638139 0.5425215949805908 0.5272712571698617 0.3407491561181434 0.3135126772981493
0 0.4816970251716247 0.5316711322237818 0.4975205733315537 0.5936495580207293 0.651929841353829 0.4924417369901547 0.7762158022105585
1 0.1566432318253828 0.169417384944997 0.1724562805717689 0.3193749451374573 0.6366274246296313 0.1671727672292545 0.2171413280136034
0 0.7634572434430558 0.8374681867757361 0.7660176156543083 0.7582474047091325 0.7015168321165132 0.7684941104078762 0.2358151093190724
0 0.6135136419644429 0.7431675990561029 0.7723504384951186 0.5447829437580971 0.8315988898188487 0.6149559071729958 0.0950344507476137
1 0.390094155958458 0.3778038228933922 0.324466811616377 0.5909503340777058 0.51867751876188 0.3977876758087201 0.3433805996120843
0 0.4278440415419821 0.5148217047528008 0.4939651444885363 0.4981764072274979 0.719645792110482 0.4444555555555555 0.4182635311436463
0 0.6796859355747227 0.8024597357332731 0.7043671825305108 0.699556244461404 0.7051086358048778 0.698448347398031 0.5385834625101482
1 0.379182767118465 0.3312421785420201 0.263165932738039 0.6217080457222949 0.428992347679921 0.3809134142053446 0.5611359521381665
0 0.5300943143812709 0.6026909783384257 0.5611667854433944 0.6021345809577575 0.6869489676864967 0.5411310126582278 0.3955753489986823
1 0.3544561520859003 0.3824240689120409 0.3837199991210565 0.4818615852948759 0.6597907722474258 0.353756399437412 0.3344304654086154
1 0.3827905650413659 0.4400688571290883 0.4138638452799109 0.4922244190378724 0.672619440176635 0.3864502812939522 0.2928176019057138
1 0.3462726104559056 0.3453670273410106 0.3205924226611152 0.5196504027358371 0.5797221294899546 0.3485710794655415 0.2993709932826963
1 0.4619861292026052 0.4710587641141761 0.4297838605149306 0.6089036925059662 0.5909086106750229 0.4638785337552742 0.7810199400538714
1 0.1604270198908642 0.1265574806724614 0.1506272037879207 0.3378359273515767 0.6007666165232985 0.1580325421940928 0.6228024652951878
1 0.4336517162471395 0.4231665752812197 0.3315622095010531 0.6614406094531464 0.4587523587510183 0.4422583860759494 0.3806476972159931
0 0.5692521211054392 0.6514438233511253 0.5539724448300222 0.6901849850681874 0.6175705907400673 0.5878867791842476 0.2165969191473068
0 0.527806442527724 0.6371605725628654 0.6187481988495607 0.5430039567376701 0.7598451696579339 0.5385822960618847 0.1568599273604771
0 0.6327845625770111 0.7294388358009821 0.7167752191010687 0.6232058139317765 0.760094673168784 0.6428160161744022 0.1548997604580768
1 0.4055812885055447 0.4157795315456277 0.3447930329734005 0.6050168354489218 0.523966295279985 0.409125070323488 0.4750011938904516
0 0.6351604295018483 0.7434421839896888 0.6964631556673948 0.6444565820788849 0.7362798247751052 0.6535382032348804 0.2357367747501111
0 0.5001759901425805 0.5980918418422533 0.5686561641605927 0.5567879682524675 0.7230104254693873 0.508876564697609 0.6743631635367823
1 0.3833185354691075 0.3948326007347261 0.3097612858291529 0.5981927511839972 0.4983728183621058 0.391723488045007 0.3394781287110844
1 0.6520554831895793 0.6497858395590677 0.5789901463278068 0.7640746715617004 0.5787234175346355 0.6527472222222223 0.3147689802388567
0 0.6863735609927829 0.7344761157445843 0.6331386701585678 0.7781356121089711 0.6063192037465821 0.7056550632911393 0.4572913538708214
1 0.1724823446576307 0.2239416700875769 0.2603953735997942 0.2677468257036147 0.7447894647969124 0.1794769163150492 0.432148415431981
1 0.4121809188523147 0.4272747139530749 0.3566524906978485 0.6022472273628199 0.5368661502248773 0.4142225035161744 0.348474640912495
1 0.3297295370533356 0.3161406517603625 0.2955516128286679 0.5186597816701621 0.559375903331032 0.3304664029535865 0.3452276894170299
0 0.7184037669424397 0.7501903021022359 0.6373204650587427 0.8277432458824786 0.5721023271641866 0.7340424929676512 0.650274791941596
1 0.3429287977468755 0.4107420904606326 0.3752179220474824 0.4744416984643891 0.6596689866176542 0.3525259845288326 0.2067654391030963
1 0.4075171800739307 0.3794829162079262 0.3455725324313854 0.5824187591002218 0.5450599851035803 0.4070157876230661 0.71267712563133
1 0.305002922020771 0.2390538322011692 0.228779917086335 0.5201567554762229 0.4963635299488538 0.3009364451476793 0.7311531039561789
1 0.3119545326527019 0.3387824677423072 0.2655576453756181 0.5224938903400687 0.529042208662959 0.3188653481012658 0.7560620219672434
0 0.4853928181658159 0.6279360335234698 0.6640197047401095 0.4370724849102681 0.8456579764603063 0.4944631329113924 0.1661422460227009
1 0.2670770462946664 0.265254616987797 0.2398894930775065 0.4559395661530748 0.5684013002605826 0.2721974683544303 0.5119148026549256
0 0.5542049639148038 0.7066544096862771 0.6586639413451741 0.5717834449839081 0.7623911523364831 0.5854259493670886 0.471297017609626
1 0.2845000704101391 0.3147043985250034 0.2784639757541823 0.470574224850811 0.5882052488588603 0.2997939170182841 0.2641510827822727
0 0.5935387607815525 0.6871437321107347 0.619068298105063 0.6472840227340174 0.690662557004633 0.6097705872011251 0.3005715770739333
1 0.3830545502552367 0.3940776533087576 0.3802168081331567 0.5171351626250592 0.6287752176350154 0.3851319796061884 0.519840851667098
0 0.7086363140292202 0.8061031426278619 0.702279783877573 0.747868524017037 0.6718182372942405 0.7293844936708861 0.2285765362834547
0 0.6460718183418412 0.7617223858886687 0.6864603387187609 0.6721283541952295 0.7129915509239061 0.669357823488045 0.4351915003923249
1 0.3165302763597958 0.3082677667250276 0.2567875441669081 0.5279045720387953 0.5157190701395196 0.3171954992967651 0.5996326402670071
0 0.3858703925365253 0.5589280376998009 0.5468999925452575 0.4205650995884564 0.8009919626346977 0.4074552215189873 0.1904182600477215
1 0.3113385671536701 0.3122068680756787 0.2855265012191271 0.4874684846385277 0.578991415711325 0.3130648206751055 0.3508748252158606
0 0.502991832423869 0.5645620242214952 0.5631783497022985 0.5532291998081926 0.7222654044964292 0.5090523382559774 0.4315509094938361
0 0.5690761309628587 0.5952615544164878 0.5267260909153056 0.6837310927973321 0.603219079004774 0.5793617616033755 0.5812661336828825
0 0.4129728744939271 0.4780921024922439 0.4887112530478178 0.4812975588661436 0.7284429718426956 0.4167712201125175 0.8312931981829956
0 0.6094658686850907 0.6872652327210186 0.625008116521858 0.6691828651917736 0.6791124637100461 0.6226899437412096 0.50169541900249
1 0.37751086076395 0.3870601067871987 0.3261543709857513 0.5647725170344232 0.5441300174722298 0.3788041315049226 0.3529829756240604
1 0.2450782784720999 0.3050362372308179 0.3577473701035525 0.3161415643343216 0.7687397081027727 0.2445131329113924 0.5888088677226683
0 0.5912508889280056 0.7495831213336023 0.7403021075436136 0.543851426306926 0.818200027852256 0.6161863220815752 0.5571297452912407
0 0.5934507657102622 0.8205341600734565 0.8654867912704639 0.4594975401939288 0.9109050638054 0.6160105485232068 0.0374873854148243
0 0.4902325470867805 0.6168896298953871 0.6125022763658619 0.4915199420843515 0.7892230739536731 0.5024608298171589 0.205091898060766
1 0.3380890688259109 0.3455570130432981 0.2873475030844404 0.5480280817318598 0.5249409292741172 0.3502409282700421 0.4968766958524038
1 0.444387114944552 0.4337906273183819 0.3989575048097738 0.5962826875991465 0.5772689690965608 0.4434009142053445 0.2840454412208475
0 0.5945067065657454 0.650355957807323 0.5591726338028628 0.7190494744804456 0.5991834033362675 0.610385794655415 0.2490272668174772
0 0.5161030980461186 0.587557706702357 0.5521779687291455 0.5856982153017609 0.6930560459289984 0.5191593178621661 0.2333505202341131
1 0.2799243267030452 0.2909113884318273 0.2661447923577495 0.4513015212213694 0.5951693629372333 0.2812498066104079 0.2634636068057181
1 0.4507227600774511 0.4565433085786758 0.3754094608495802 0.6410360398298206 0.5183962602587397 0.4550898558368495 0.352777798050128
0 0.6332245379334623 0.766870692252013 0.800816163900165 0.5498577516905307 0.8407303693600053 0.6392126582278481 0.8252073560220109
0 0.7482340961098398 0.8699736285615141 0.8068987006937142 0.7156252779756459 0.7492062003728991 0.7711307137834037 0.6890023867810361
1 0.228887185354691 0.3264213114891492 0.3918367203039191 0.2618075479687212 0.8252845317365637 0.2359881153305204 0.0666950358075344
1 0.4223003520506953 0.4906856246340351 0.455540377782914 0.5210585622394581 0.6786134566883458 0.4327666139240506 0.2430068127171945
