1 0.1797859355747227 0.1952062923312459 0.1848843335167178 0.3430173442230749 0.6253585898381847 0.185101670182841 0.6802728348575297
0 0.6465117936982926 0.6975458924498054 0.644855734975764 0.6944676139094492 0.6736924797512703 0.6516925808720112 0.2669077057623978
0 0.6385042422108783 0.6485817910709488 0.5651249827954958 0.7550886978275474 0.5755437308341227 0.6538897503516174 0.5599666693985439
0 0.5542049639148038 0.6151999012489183 0.5435992435877821 0.6501384731054555 0.6406191318472747 0.5746158755274261 0.2447162434469777
0 0.5296543390248195 0.6941506433003589 0.6888982680256652 0.4972704695664748 0.8220015540721185 0.557126406469761 0.0898040614108517
1 0.3546321422284809 0.3676551379654311 0.3011044480072399 0.5645934585033863 0.5219796890040829 0.3690486990154711 0.6884497839221704
0 0.5256945608167576 0.6779243495959135 0.6708098122316374 0.5016001270902452 0.8111881068074683 0.5368245604781997 0.3864295422526612
1 0.370207269846858 0.4338328463633346 0.3982387054139661 0.487067152030365 0.6658702829691482 0.3730914908579465 0.2868859706848811
0 0.600930346769935 0.7184875055947396 0.7120570504611198 0.5890726821524217 0.7785317612747539 0.6250628867791842 0.8067349830538924
1 0.4389314205245555 0.4941230928284343 0.4644621477796912 0.553567456784748 0.6599488492969574 0.4503439697609001 0.5135640894792511
1 0.4315398345361732 0.4140475838542062 0.3259929381126154 0.6601797323437325 0.4545188250536278 0.4335575949367088 0.3708191670091075
0 0.5372219151557824 0.6259506104209388 0.6260447368866521 0.555923021807955 0.7554067988124747 0.5391975035161743 0.6611113471143426
1 0.3888622249603943 0.438674822938682 0.3449591851543196 0.5900782380024068 0.5376485094854733 0.4069279008438818 0.2621699392588952
1 0.3980137123745819 0.4262134367391093 0.3426810613730399 0.5852624055851375 0.5400057069900785 0.4056095991561181 0.5136001430465555
1 0.260653406090477 0.311462233698859 0.2726318877426453 0.411371945442172 0.6355229790186652 0.2684183368495077 0.2489431964537173
1 0.4194845097694068 0.4421122911330812 0.3634652183197857 0.6088391869482013 0.5368595200616519 0.4277570675105485 0.448791233739252
0 0.5406537229361028 0.5569584064537789 0.4913999566062366 0.6701467943025113 0.587954000568214 0.5445585970464135 0.5812956320561316
0 0.4773852666784017 0.5252080732353623 0.4752664333777145 0.5857482627172681 0.6426905344212699 0.4862017756680731 0.5818928102345737
0 0.584739253652526 0.6831570940491635 0.6213166414268833 0.6337208553701885 0.7012819847559507 0.6005424753867792 0.6048164877259761
0 0.6166814645308925 0.724580906227733 0.6303596488132637 0.6753277345319572 0.678110611151094 0.6315665084388186 0.1982246767683837
1 0.3681833832071818 0.3883115308448447 0.3419425710723435 0.5533766410830838 0.5677724816220484 0.3735309247538678 0.4047381992492473
0 0.7445383031156486 0.8764627924555914 0.8285772478327533 0.684195977679155 0.7780219366183173 0.7537291315049226 0.1629234818616738
0 0.4772972716071114 0.5818444386153316 0.5586113616461634 0.524879166051212 0.7389277025937501 0.4831257383966245 0.5198615005283723
0 0.3941419292378103 0.436462351613485 0.3897112417192133 0.539195904499964 0.6177858965669127 0.4001606188466948 0.2726949588341615
0 0.650647562048935 0.6915211380502085 0.5982144906848272 0.760495248628486 0.595268815385614 0.6664575597749649 0.3114590988804603
0 0.5222627530364373 0.5939732289798564 0.5654314123319021 0.5872530216768523 0.7000459827483545 0.5283874296765119 0.20605288950928
1 0.2935635627530364 0.267482880169503 0.2220894032625078 0.512430546686695 0.4974616943525537 0.2929387482419128 0.5031447724081274
1 0.4287239922548846 0.4488446173891194 0.4039821029861289 0.5711112208092697 0.6023020227439149 0.4338212552742616 0.3465131629712836
1 0.1790819750044006 0.2040244327776227 0.1983477049484515 0.3307074276958208 0.6474544811766915 0.1790374824191279 0.6294171477365877
1 0.1483716951240978 0.1861823743260726 0.1671608917695084 0.3065844145406496 0.6439150208822115 0.1531987693389592 0.220004964536682
0 0.4560024643548671 0.5618743469284899 0.5033721895132282 0.5342610704502666 0.6995958295609465 0.4731066455696203 0.1995932374072889
1 0.4561784544974476 0.464680304357055 0.3732013130112928 0.6620279913424488 0.4973524711373144 0.465548382559775 0.8179741910214888
1 0.2849400457665904 0.2947766870245076 0.2596550932168354 0.4731927374062863 0.5697625774575428 0.2953995780590717 0.4150039608996246
0 0.587731086076395 0.6655156566318355 0.6542178652091397 0.6079537448954336 0.7369648253230757 0.5917537974683544 0.6812921675331362
0 0.5329981517338497 0.6533657567448342 0.6142194534599447 0.5544924601278689 0.7500053095195381 0.5430645218002813 0.1634983723803278
1 0.3396729801091357 0.4081019498785476 0.3791136292551442 0.4604908622312343 0.6734656583777701 0.3505045886075949 0.3311681092071201
0 0.6765181130082731 0.7275695956427677 0.6748449831210305 0.7143075215813062 0.6781828450346548 0.6824529535864979 0.6459496749038776
0 0.7442743179017779 0.8550145507712239 0.827497665493657 0.6789287652382158 0.7805420965558836 0.7552232067510548 0.3148209301517454
0 0.7452422636859708 0.7916827605142018 0.7415987780407374 0.762117261532973 0.6853064319863964 0.7493347925457102 0.4405108764883882
1 0.4284600070410139 0.4228235052556302 0.3263376103155407 0.653570931405831 0.4612536750667861 0.4353153305203938 0.3476486864615213
0 0.7985672768878719 0.9341236948119338 0.9016018636530844 0.698922628293014 0.8023982551503988 0.8111191983122363 0.4310164972984739
1 0.3715271959162119 0.4093006807006991 0.3864731456409288 0.5040669085923574 0.6439938849289978 0.3745855661040788 0.2052054667977749
0 0.5561408554831896 0.6602777556540113 0.6203093133172953 0.6034119816583231 0.7211365319683168 0.5751431962025316 0.7124958745156996
1 0.198088910403098 0.1736363888952015 0.188172551898355 0.3632689117475643 0.6095076143460758 0.1970542721518987 0.4601708867394843
0 0.5217347826086957 0.6227295551172708 0.5844194658302597 0.5648247887795086 0.7266196769557136 0.5329575421940929 0.4413435500132687
0 0.4905845273719416 0.6139591125232069 0.5689061247383516 0.5389534525759513 0.7352556390347623 0.5144134317862167 0.2359062265164418
1 0.3416088716775216 0.3667467839333747 0.2926249910640749 0.536760899134682 0.5402053097987588 0.3492741736990155 0.3450144817303797
1 0.2648771695124097 0.2170085616559236 0.2454436301340876 0.4386009170917906 0.5891844192804624 0.2609479606188467 0.3849138175072134
0 0.7799123217743354 0.7974751490251655 0.6964237738576177 0.8453683568172852 0.6000442776876903 0.7859835794655414 0.2818564980459155
0 0.6099938391128322 0.6876875843119393 0.6412985160504839 0.6512506378945051 0.7010911058462513 0.6204048874824192 0.1966589686682639
0 0.4521306812180954 0.5689869668718891 0.5175885346385101 0.5173736425319682 0.7202749597049756 0.4600115154711673 0.2873751520412614
0 0.6036581939799331 0.6261405961232263 0.5537397341358846 0.7108076978708511 0.6016445897167236 0.6084522855133615 0.4396203533759691
1 0.2506219679633867 0.2460501080588586 0.1810068526011842 0.4761769932966749 0.4929894747790492 0.2580476969057665 0.405105781755901
0 0.6173854251012145 0.7336683139417283 0.671577757522291 0.6458385262696212 0.7218728290422943 0.6332363572433192 0.1744752087058589
1 0.4312758493223024 0.5399823218479395 0.4922176987307405 0.5129961619222687 0.7079885693364113 0.4492014416315049 0.2306859977304656
1 0.3477685266678401 0.3419031319581677 0.2414232681070488 0.6002049750487564 0.4281346139321312 0.3557777953586498 0.3580389967989502
0 0.4130608695652173 0.5079309765074932 0.5039450158372587 0.4560844653370196 0.754757740728305 0.4181774085794655 0.2140838216263378
1 0.3661594965675057 0.342457619491307 0.3184962363316155 0.5493693524674538 0.5514127283413807 0.3642149261603375 0.8610872106839567
1 0.2964674001056152 0.3676180754450527 0.40183058684124 0.3826385325943374 0.7469097212051999 0.3023426336146272 0.3070330318542895
0 0.5999624009857419 0.6995417897428781 0.7043367511320466 0.5764392845522384 0.7823922610517263 0.6041458333333333 0.349310919794106
0 0.7015087132547086 0.7823314031985551 0.729771216327514 0.7366553608524701 0.6952185260083529 0.7083795534458509 0.774045377458833
0 0.681093856715367 0.7450842147838445 0.6281492226884602 0.7739066849389518 0.606034804639809 0.692823593530239 0.8016873197514233
1 0.4428032036613272 0.4604877275952943 0.3757612933815559 0.6221699118711188 0.5355750131757226 0.446389064697609 0.5663864986966486
1 0.1013823270550959 0.1168258296694538 0.1649205224504943 0.2125326103478236 0.7245140766977137 0.1056520218002813 0.3953609941530724
0 0.5481333039957754 0.6489198657133569 0.5889576498354422 0.6105647900587539 0.6979780697339516 0.5686395745428973 0.2051186104765415
1 0.2323189931350114 0.2043729816105726 0.1730110433384225 0.4620550425666906 0.4993303535142357 0.2420523030942334 0.7942850307442733
1 0.355688083083964 0.3661660303531846 0.345187339275425 0.5041841625372601 0.6128572425987342 0.3552504746835443 0.7020736076072509
1 0.3367691427565569 0.3712297374852304 0.2909893440803159 0.5488739624942742 0.5274677193749089 0.3536685126582278 0.6544974840721995
1 0.4477309276535821 0.5041609124780462 0.4512811211411941 0.5717942488704303 0.6366867471427006 0.455265629395218 0.7456998989642525
1 0.4057572786481253 0.4726429451482628 0.438823613206288 0.5183548896372784 0.669475695939923 0.4158044655414908 0.3037061069913491
1 0.3432807780320366 0.3546550560892283 0.329192954259132 0.5170323668224142 0.5890874095237961 0.346637570323488 0.3054755177467388
0 0.5090634923428974 0.5841729317434522 0.57635856266704 0.5494580078892094 0.7323980386846196 0.521620147679325 0.3283211884288826
0 0.6394721879950712 0.757730591302523 0.7068104820842028 0.6426033977789599 0.7429197587673526 0.6495832981715893 0.1942515736514374
0 0.5505091709206126 0.7125789341394593 0.7159595925283296 0.508189226823312 0.8277631659149816 0.5734733473980309 0.0996691368245959
1 0.3485604823094525 0.4247032196043864 0.4051334513504803 0.463786842023925 0.6886099980524362 0.3527896448663853 0.208393913186296
1 0.442715208590037 0.4228128699236955 0.2758904883995742 0.7466257593056161 0.3105518097334909 0.4513986111111111 0.5453800515865842
1 0.4281080267558528 0.4589299737496513 0.4171299317353925 0.5729644051091947 0.6107739755221251 0.4391823488045007 0.4416049383762257
1 0.4987680690019362 0.5263486320146591 0.4092748880323711 0.7075511204878295 0.4884722398868039 0.5119526019690577 0.7677537022045102
1 0.3198740890688259 0.2909431332862384 0.2640987283316026 0.5119364277589885 0.5376760770062524 0.3206230836849507 0.3428660168787395
1 0.3190821334272135 0.3114042227973971 0.2779347623434585 0.5083728928941894 0.553390610718302 0.322117158931083 0.8238905814161429
1 0.3247138179897905 0.4194229384402164 0.4396602325619248 0.3764075499233446 0.7732806720002456 0.3313452707454289 0.1865370935274015
1 0.3500563985213871 0.3921502411076883 0.3930992165033025 0.4575143914943691 0.6853573795564442 0.3563930028129395 0.7918866491192729
1 0.4307478788945608 0.4303214142695716 0.4202017128980067 0.5577423645221562 0.6254004645532925 0.4284601617440225 0.4809511796546393
1 0.4464989966555184 0.4945032253744023 0.4997171670025098 0.5223855337134784 0.7058725003996346 0.4455101969057665 0.1875533124858318
1 0.2741166519978877 0.3343417332354042 0.3368732208394235 0.3795252655884191 0.7080642927795644 0.2779101090014064 0.3642906853695353
1 0.3225139412075338 0.3278997837694611 0.3655788172676578 0.4198817537659274 0.695948541875064 0.3208867440225035 0.2351430380485479
1 0.4214204013377926 0.4058209934613471 0.2961914858701702 0.6822678016963112 0.4019611722100101 0.4327666139240506 0.6601885396712011
1 0.3651035557120225 0.4003030287425765 0.3516736209865652 0.5398736894985477 0.5875230399585637 0.3764311884669479 0.2517085050659658
0 0.5899309628586517 0.6979471345182496 0.6666905074759023 0.6057124150841302 0.7451021293363834 0.6051125879043601 0.1986109415780951
0 0.52648651645837 0.6064452505113637 0.5424474070191773 0.6120242680233553 0.6679947268489465 0.5427129746835443 0.2946861599711907
1 0.3306094877662383 0.4160805436676574 0.3816197444227783 0.4401539757793564 0.6910376846608063 0.346286023206751 0.6078359739877207
0 0.6660466995247315 0.7881397447074208 0.7265436980080537 0.6606827485897513 0.7419133697809305 0.6934388009845288 0.6224792942282592
1 0.227215279000176 0.2090512385306832 0.1875982609615641 0.4278821906162983 0.5476160875049474 0.2271115506329113 0.4716260883512044
0 0.5381018658686851 0.5989682898785058 0.5789927500838251 0.5863648786524541 0.7087702306850887 0.5468436533052039 0.5885078204356765
1 0.3852544270374934 0.3877941058320838 0.2747773827017419 0.6359566243575467 0.4266288689680494 0.393129676511955 0.3780403687804785
0 0.737058722055976 0.8641651259112556 0.8583282523023436 0.6565955429899938 0.8068547717057377 0.7486316983122363 0.7764231102225589
0 0.5703080619609223 0.7138092486746289 0.7300654407575841 0.5193393143562713 0.827612765896553 0.5750553094233474 0.6639533514970387
0 0.5904589332863933 0.7495882778581765 0.6780593199256478 0.6129897859409347 0.7464916719660412 0.6165378691983122 0.3183822032021644
0 0.5905469283576835 0.7248661264932535 0.6782598091390586 0.5979761968115008 0.7560652787075436 0.6188229254571027 0.5451661883805284
1 0.3962538109487766 0.4324388121729283 0.3715751046431001 0.5671687555127728 0.5801112153844973 0.4068400140646976 0.2559996989744478
1 0.2230795106495335 0.240775144560656 0.2468514484662436 0.3701978572640279 0.6509942904271308 0.2302754746835443 0.2043816427848691
1 0.3121305227952825 0.406919172054298 0.3998064920064976 0.3938569388214813 0.7375224569459269 0.329587535161744 0.3615283265946117
1 0.3834065305403978 0.469839084910941 0.4590988985862032 0.4734345538075625 0.7160888840180405 0.3897020921237693 0.7256909885095605
1 0.5866751452209118 0.5979070126645402 0.5491335270047235 0.6950526125884894 0.6104679411458795 0.5892050808720112 0.2818099561681225
1 0.4941923252948424 0.5643878303757167 0.5401849057740074 0.5514054084348353 0.7099353946329611 0.4975391701828411 0.4416367310673941
1 0.463922020770991 0.5311959262559737 0.4804309834400544 0.5806734547848345 0.650150165961751 0.4785556258790436 0.4359178158936574
1 0.4259961450448864 0.4147023013337601 0.3211455580802573 0.6516462507980385 0.4580387438143908 0.4287238220815752 0.3777970072011737
0 0.6973729449040662 0.8063830452274151 0.802239767503182 0.6388973469404782 0.7918426863396202 0.704160988045007 0.9071594088228596
1 0.4065492342897377 0.435073635089046 0.3906894403083464 0.5633346468428662 0.598504335039604 0.408773523206751 0.7565785712588048
0 0.4171966379158598 0.4323279468945791 0.4365464658335151 0.5238092635241461 0.6637322298069399 0.4178258614627285 0.6400614718436614
0 0.6439599366308748 0.7991859871941106 0.790048168151647 0.5937467929994291 0.8119634869488795 0.6563505801687763 0.8229720348491373
0 0.5431175849322303 0.6508575909635749 0.6081504236507403 0.5878070386224832 0.7246732006151231 0.5683759142053446 0.2977400610017258
1 0.3888622249603943 0.3804333281435425 0.3411539584682946 0.5687427864506464 0.5534921569024382 0.3878564697609001 0.2898292528157322
1 0.2460462242562929 0.2296918395535877 0.2348788900897498 0.422673128505758 0.5947167670581106 0.2423159634317862 0.2538861405311523
0 0.4722815525435663 0.6027647810963965 0.5873233047296924 0.4929976913276302 0.7754599019656433 0.4904203410689169 0.4638948924823273
1 0.3446886991726808 0.4731234687820382 0.4994641144644793 0.3673937720694654 0.8110656232657782 0.3530533052039381 0.1990938955001228
0 0.7018606935398697 0.8200800636281247 0.7642900235361523 0.6726825300215445 0.753808929475156 0.7219141174402249 0.2294936079317979
1 0.3103706213694772 0.3621371732466606 0.382465314189728 0.3919683241289908 0.728149150925023 0.3122738396624472 0.1590873823004843
0 0.5180389896145046 0.6179615424412873 0.6139340167064361 0.5327988915140346 0.7638567673652533 0.5253992791842476 0.7884376337670517
0 0.5127592853370886 0.6013180536704956 0.5832220635313343 0.5655032093008289 0.7254761482773135 0.5240809774964839 0.8178347292679613
1 0.4714895969019538 0.5445497134897008 0.4329540962019877 0.6218391222867187 0.5826606876226389 0.4813680028129395 0.6332712740814295
0 0.641672064777328 0.7743265433623945 0.7433457355942797 0.6066958865190184 0.7830919177499844 0.6671606540084388 0.1295655742326716
0 0.4007415595845802 0.4366471807911981 0.3968124980549307 0.541150613557061 0.6215200742866437 0.4092129571026723 0.664689827549157
0 0.7319550079211405 0.8472101508278925 0.7883965731622757 0.7026715769162162 0.7477590800099682 0.7522350562587905 0.2031497579420178
0 0.5342300827319133 0.6319014009211718 0.5843156410590292 0.5941128540957106 0.7065812299528326 0.5577416139240506 0.3497594589473432
0 0.6563672416828024 0.7832553879457277 0.7665767722592427 0.6121926815485543 0.790804542360908 0.6736642756680732 0.2782762149327359
0 0.5960906178489703 0.6767837908166168 0.5406086670659891 0.7354021100158953 0.5728138483650587 0.6240082454289734 0.7149285070296392
1 0.3852544270374934 0.3590271443627347 0.3176492019519055 0.5891240006134021 0.514181919139107 0.3866260548523207 0.3585637400830808
1 0.4428911987326175 0.4896823583215314 0.372871775140224 0.6463315330325384 0.5113651466361944 0.4551777426160338 0.3037274113720291
1 0.4721055624009858 0.5125247953376982 0.3892010682743735 0.678242400682688 0.4970007235304095 0.4888383790436005 0.2986453333007693
1 0.2738526667840169 0.2966933027522492 0.2913667259682213 0.422370143041084 0.6406166891555601 0.2832712025316455 0.6258670185160629
1 0.1823377926421404 0.2359911788867705 0.2715614185496131 0.2790066997893218 0.7432673189027468 0.1911658579465541 0.5650764431646874
1 0.3036829959514169 0.2954736235490143 0.2970098789336788 0.4693036560196638 0.6046065278986764 0.2997060302390998 0.803510974737621
0 0.5577247667664144 0.6477158172252381 0.6451380797690007 0.5721657119099729 0.7550997175683515 0.5674091596343178 0.2411988901967295
0 0.4772972716071114 0.5350821732297374 0.4913431621780869 0.5780571665589372 0.6595342896173909 0.491123435302391 0.4944443910981671
1 0.2350468403450097 0.2440488930998185 0.2493329906864548 0.3855714700237455 0.6396085553893417 0.2325605309423347 0.289648493339656
0 0.7041485653934166 0.7070345422322452 0.5647235161644211 0.8770661654699896 0.4758606225642364 0.7219141174402249 0.3576330664070727
1 0.3892142052455554 0.4174956873805401 0.3501707655597404 0.5778185277713441 0.553092951285078 0.4082462025316455 0.3567266469490696
1 0.224575426861468 0.2784131008532692 0.3365728124888097 0.3069395128697247 0.7628172275627043 0.2309785689170183 0.2214436657519795
0 0.7662730857243443 0.9201414561457036 0.8943432428130097 0.6579083740831247 0.8213668031822773 0.7894990506329114 0.2019198396573832
1 0.3299935222672064 0.2977652152981495 0.222022356545036 0.5875194645841717 0.4205196969897924 0.3389914205344584 0.3168894216359104
1 0.4060212638619961 0.4013274045775566 0.3448065399577456 0.597083287366578 0.5311858451205151 0.4071036744022503 0.5852120327444991
0 0.434795652173913 0.5177839669793918 0.5292004728064664 0.4782101894117418 0.7539045434079853 0.4393581223628692 0.750880141066491
1 0.2901317549727161 0.3107072862728905 0.2678159155172582 0.4778336421903064 0.5725838863879255 0.2975088607594936 0.6844543931454359
1 0.5282464178841754 0.5074821977281287 0.3637308014336544 0.7907057751968627 0.363802140156182 0.5409552390998594 0.6154216445485691
1 0.2744686322830488 0.2354684362080422 0.205751973390801 0.4978937584903951 0.4958303252431488 0.2779979957805907 0.5951454460562702
0 0.5911628938567153 0.6682350787792517 0.6078589657114396 0.6565043454772916 0.677447594828555 0.6032669655414908 0.3288837879586829
1 0.2330229537053335 0.2170931608872221 0.2275803992356447 0.3895142530816107 0.6186219950452302 0.2310664556962025 0.3508730225374954
1 0.3731111071994367 0.386759094665169 0.3848524702542751 0.502471905404176 0.6441027591882778 0.3751128867791842 0.294847745504655
1 0.2921556416123922 0.2661786017349696 0.255436845732404 0.4699684128021472 0.5690528010364669 0.2907415787623066 0.4752873281109676
0 0.3863103678929766 0.4482268012885509 0.4487668692360028 0.4717898209652423 0.7108503571580647 0.3921629219409283 0.3822178300721002
0 0.5151351522619257 0.5762578276631646 0.4937176249320446 0.6457918153484811 0.6090243103425409 0.5345395042194093 0.5750149367518516
1 0.3686233585636331 0.3989143122181375 0.361465533697715 0.5191855178540143 0.6128436333163242 0.3788041315049226 0.7657191338495817
0 0.5047517338496743 0.6388609365412687 0.6110322933587684 0.5328932666404196 0.7622690177507524 0.5195108649789029 0.1450840128795991
1 0.2554616968843513 0.3296739505058353 0.2850682401599026 0.4019061520418862 0.6531438591359937 0.2618268284106891 0.2243790816499642
0 0.4994720295722584 0.6393150329866005 0.613165420476778 0.5167999243815028 0.7736575444362153 0.518104676511955 0.5764749423478288
1 0.1669386551663439 0.2535112768352075 0.3046699664048283 0.2198752811658136 0.8073045759371865 0.1736763888888888 0.2340452069241286
0 0.6285607991550783 0.6625798215936881 0.5798008908580116 0.7346993807499 0.6018578018078139 0.6426402426160338 0.3073498116070142
0 0.5206788417532124 0.6292296766260687 0.63417642966662 0.533492246819665 0.7738930897086961 0.5282116561181435 0.1385625780736364
0 0.4971841577187115 0.6271387059111556 0.6115501153369121 0.5031433351753937 0.7814605486405796 0.5152922995780591 0.3959835737084791
1 0.3894781904594261 0.4517964054251688 0.4663453143199419 0.4548003916477197 0.733857721462083 0.3890868846694796 0.1667073037502718
1 0.2896917796162647 0.2833817345634749 0.2323901875404883 0.5096668171859066 0.5102073107634659 0.2973330872011251 0.4759966001077562
1 0.2308230769230769 0.2528459240237189 0.3119347711654464 0.3194744044457351 0.7380839270843295 0.2302754746835443 0.7295152887214503
0 0.5088875022003169 0.598271353353999 0.5938634516434615 0.5340564321290814 0.7523352884593235 0.5152922995780591 0.5028152100269947
1 0.4113889632107023 0.4087092917885744 0.2929685241237422 0.6652626431910578 0.415899520089574 0.4231869549929676 0.4089281154095742
1 0.3616717479317021 0.3919443024074988 0.3560344241129995 0.5197660678738981 0.6081390090739718 0.3737066983122362 0.3314062266311807
1 0.3530482309452561 0.3479174121672228 0.310774309655031 0.5405943722818519 0.5526626885873461 0.3530533052039381 0.7091233910540746
1 0.4103330223552191 0.439271529516774 0.4100070316777728 0.5475326917586802 0.626132574155759 0.41765008790436 0.8193343937879733
1 0.3107226016546383 0.2904045987510011 0.2533333363391029 0.5164276669385394 0.5234962516029008 0.3135042545710267 0.8043334877117158
1 0.3306094877662383 0.3618519529811399 0.328690429347596 0.4731353814793082 0.626316822902233 0.3313452707454289 0.4378322603175217
0 0.7373227072698468 0.8176987161231166 0.7188458560746386 0.7803137074079828 0.6598103137811427 0.7532896976090013 0.6282037813169429
1 0.2925956169688435 0.3162937360836645 0.2286072555153701 0.5373212713076787 0.4790556633269555 0.3174591596343178 0.7281049387204424
1 0.3918540573842634 0.3930637516643191 0.355093817251381 0.5602941471902886 0.5726180840719299 0.391020393811533 0.7398724953288998
1 0.3501443935926773 0.3240768653631266 0.2453199517232174 0.6030425840676745 0.4293402567712743 0.3538442862165963 0.5848410087609663
1 0.3299055271959162 0.3255659729753731 0.2726580880375797 0.5276619612340984 0.5306700882127717 0.330993723628692 0.3992097124628185
1 0.2407665199788769 0.2255098981237616 0.1473855275451109 0.5012744216877378 0.4306523311779828 0.2462708684950773 0.7499511061889969
1 0.576467716951241 0.5591022315455794 0.4397040082099828 0.7914595051624701 0.4397325141931327 0.5821741385372715 0.4993017898931798
0 0.7610813765182186 0.8033785639558713 0.6905210589640837 0.8307047818350337 0.6066702534415686 0.7835227496483825 0.6623089810682548
1 0.4371715190987502 0.5373897179767746 0.4605423558288599 0.564075189711689 0.6491933287215396 0.4553535161744023 0.6466271542094977
1 0.2233434958634043 0.2512354769425813 0.2539645844387946 0.3728290802742352 0.6542067789878113 0.2293087201125175 0.4910011115407443
1 0.3974857419468403 0.4213712990223691 0.3489855683671509 0.5874719592596109 0.5434757250486716 0.4131678621659634 0.467228372539323
0 0.5224387431790178 0.623986296840884 0.6376661136701749 0.5155110842716784 0.7868533140345354 0.5317271272855134 0.6598144019704921
1 0.2762285337088541 0.301894463492481 0.2705615762385778 0.4364307658269864 0.6120256805478866 0.2786132032348805 0.3561753551290147
1 0.1602510297482837 0.1866417884373717 0.2552023449560039 0.2360928681197358 0.7659724873460709 0.1587356364275668 0.7715573535551257
0 0.5041357683506424 0.65780117358577 0.598125800245453 0.5403600232727308 0.7505196706034447 0.5246082981715893 0.2171211707918832
0 0.4910245027283929 0.5747107091494561 0.5427593695371223 0.5555957275986062 0.7085455030473439 0.5044822257383966 0.2129222412397302
0 0.6620869213166696 0.7291906780558399 0.6440021912060081 0.7308382623636878 0.647702937819664 0.6867594057665259 0.6151325604907282
0 0.7037085900369653 0.7536224526306678 0.6744972189578335 0.7555294328453793 0.6495935812067776 0.715849929676512 0.2774391166518681
1 0.2725327407146629 0.2748488143826187 0.2645529210220484 0.4433965716621728 0.6009177144536456 0.2730763361462728 0.8501688794653695
1 0.3838465058968491 0.425352619417973 0.3703150494649838 0.5367613757767343 0.6049425724874159 0.3955026195499297 0.2930593246865048
0 0.5051037141348355 0.5841624575529105 0.5547303005661046 0.5581201827890647 0.7139344299257483 0.5139739978902954 0.5095201902665072
1 0.2734126914275656 0.2838569405312831 0.2758932548903436 0.4346187316242562 0.617919197743339 0.2774706751054852 0.6253386698752019
0 0.6048901249779969 0.7323164987962747 0.6984286659917249 0.6037006678614235 0.7628287431093588 0.6326211497890295 0.1672430269844451
0 0.5725959338144693 0.5494709716303792 0.4749918998525328 0.7405561994097197 0.5165045700037485 0.574527988748242 0.3539710072480527
1 0.4340916916035909 0.3646875580728727 0.2670622908847054 0.7237316882423447 0.3252041215056413 0.435754764416315 0.6598597966893254
1 0.3195221087836648 0.3238498171404607 0.2749298651635649 0.5278691416462299 0.5325474712734344 0.3237870077355836 0.8111977591667732
0 0.4100690371413484 0.4965730865668389 0.4710263794366298 0.4920442483420464 0.7099905296745196 0.4323271800281293 0.3847994293709476
0 0.421860376694244 0.5690080763943655 0.6276737117456143 0.3808174421926106 0.8621398643267049 0.4283722749648382 0.6156132200948365
0 0.3509363492342897 0.4634815735349035 0.4738473863477295 0.4049735025300851 0.7727471183385816 0.362984511251758 0.2270170556176875
0 0.6722063545150502 0.7801136142073908 0.681859990038641 0.7099635647959623 0.6852732811702695 0.6949328762306611 0.4858316855086971
1 0.4244122337616616 0.4213661424977947 0.3260521735620322 0.6535806231275643 0.4609657864004205 0.4306573312236287 0.7445471680896195
0 0.7309870621369478 0.8249961652442288 0.7967852241143017 0.7002688243298165 0.7533755261737911 0.7371185302390999 0.5547993738045647
1 0.1996728216863228 0.272287955365865 0.2918598122641909 0.2905976812207973 0.7473672024677518 0.2086553270042194 0.2498406025198944
1 0.3582399401513818 0.2277381613054677 0.0888382833908987 0.772811361502422 0.0001 0.3581507383966245 0.8598391017358185
0 0.7946074986798098 0.9030014907432344 0.8658885833710411 0.7277535938809166 0.7704338892848392 0.8090978023909986 0.2716782482361771
1 0.3561280584404154 0.3939139336535208 0.3795539894917428 0.482102130650679 0.6566379551557736 0.3586780590717299 0.2973465854785536
1 0.400037599014258 0.4212393242215435 0.3636041937972635 0.5712959990449361 0.5700508150798675 0.4052580520393811 0.4501271822877319
1 0.3479445168104206 0.3873769107657375 0.3256018865056138 0.5296045953591998 0.575104395281451 0.3637754922644163 0.249216384165974
1 0.390094155958458 0.3873504835772938 0.2897660669559584 0.6208173606069503 0.4571471613385556 0.3969088080168776 0.5594183274158141
0 0.573827864812533 0.6336966771800223 0.556177663442789 0.6824994497338017 0.6249080876948174 0.5867442510548523 0.2793958420773894
1 0.4562664495687379 0.4311451690703295 0.3198534441561654 0.7199774965565655 0.388682351093393 0.4671303445850914 0.8311842180818255
1 0.3592078859355747 0.4401797224074376 0.4453317013740815 0.4448628814961926 0.7282995509434516 0.3636876054852321 0.8170231962439092
0 0.9999 0.9645220517435038 0.8732531445341112 0.9875281200059276 0.6146882145168192 0.9999 0.8433867118158553
1 0.209352279528252 0.1942665157275643 0.2095995111121238 0.3674096601378804 0.6237038406795112 0.206370270745429 0.3188784313921542
0 0.3626396937158951 0.531718668934702 0.5774889182484936 0.3317574701373679 0.868913797407297 0.3856593002812939 0.400954705120352
1 0.3686233585636331 0.3770698238485071 0.2724079647250697 0.622963679769132 0.4373515876832996 0.3727399437412095 0.2342643142854286
0 0.6588311036789297 0.751837811703752 0.6788314963198312 0.6825739647746681 0.701805069738838 0.6793769163150493 0.2233561436176272
1 0.3665114768526668 0.3700680691834573 0.2756317401452535 0.6159913598258956 0.4476838246801702 0.381792281997187 0.4183498958253255
0 0.7308990670656575 0.7917196618931873 0.6922566250850459 0.7961868410386678 0.6323499224813778 0.7416007559774964 0.7294226966054185
1 0.5095034676993487 0.6104054613844911 0.5986281624222379 0.5489624590353458 0.7451464467432057 0.5168742616033756 0.5616726586514481
0 0.672822320014082 0.7509718378580412 0.7153503136200425 0.6763448886718851 0.726120320978054 0.680343670886076 0.7451818747540286
1 0.3292015666255941 0.3884435056456704 0.3386947109089903 0.4797950242361375 0.628383340092799 0.3396066279887482 0.4269409692744128
0 0.6774860587924662 0.7760372203899467 0.712803352029871 0.6865235797019517 0.7182290309160041 0.6908021976090014 0.78542798029639
1 0.4190445344129554 0.468022699129614 0.3594702429139254 0.603709565179736 0.5379939758851119 0.4281086146272855 0.3325294591325645
1 0.4820490054567858 0.571304985809468 0.5276850868038035 0.5750358914691418 0.6854167020695133 0.4905961146272855 0.1892630709753178
1 0.2289751804259813 0.2149915548403744 0.1807594957794437 0.4400260768286156 0.5291671348963638 0.2347577004219409 0.4506494673740918
1 0.1462598134131315 0.1347260601638587 0.1128875503846191 0.3494269087830522 0.5544448066711389 0.1521441279887482 0.4461601427252868
1 0.4325957753916564 0.4982786070698167 0.4304497711166162 0.5635394440447354 0.628244455621025 0.4380398206751055 0.2876281825317978
1 0.3445127090301003 0.2715857011753909 0.1647872426893065 0.6792369937654666 0.246360314165071 0.3501530414908579 0.7153767184231736
0 0.3585919204365428 0.4133346943317975 0.4420962090518153 0.4205814642989238 0.7437429458751786 0.3610510021097046 0.6172341557048727
1 0.3130104735081851 0.2607241267250211 0.1804642949408666 0.5902924091646409 0.370400548389281 0.3171076125175809 0.4502343597105368
1 0.4012695300123218 0.4739523801073707 0.4964463612392452 0.4399655432879545 0.7615246946897126 0.4035003164556962 0.3312552932880563
0 0.5729479140996303 0.5896380420853353 0.4802967272703597 0.7388183624864876 0.5224158839531217 0.5822620253164557 0.3316799059829914
0 0.5842112832247844 0.6592744893415075 0.6198756252054937 0.6361997118042961 0.698742981196586 0.599048400140647 0.5931826570762477
0 0.7518418940327407 0.7658780612714439 0.6731321998652288 0.8226360262904785 0.6008507149094733 0.7561020745428974 0.4155975337213364
1 0.355336102798803 0.3677553679118457 0.2946468076123013 0.5566521252675192 0.5235199806081285 0.3563930028129395 0.3098044040210392
0 0.6545193451857068 0.7003022159762069 0.637825593726297 0.7357287687025075 0.640260056165226 0.6633815225035161 0.232703850340553
1 0.3790067769758845 0.3960629152698957 0.3237057011852715 0.5805576307660892 0.5275734530305558 0.3914598277074543 0.2964440991369836
1 0.318906143284633 0.3760823493925124 0.3223777856159278 0.4891588162371991 0.6077310795576308 0.3411885900140647 0.4846825599907947
0 0.7264993135011443 0.8171969218254718 0.8098700745148721 0.6685160429603962 0.7783363459375844 0.7313180028129396 0.213059244795487
1 0.4390194155958458 0.4136832431647473 0.3161686411859876 0.6913217763632803 0.4138228831761902 0.4493772151898734 0.7973448314494582
1 0.3503203837352578 0.4575783197455906 0.4556295564265415 0.4071921124035551 0.7610110315177246 0.3687850386779184 0.297084541596191
0 0.625480971659919 0.6711127417745443 0.6039735107931 0.7013830545677601 0.6429948240177193 0.6301603199718706 0.4149485695098569
0 0.6342804787889456 0.7441444381801628 0.6508845693014353 0.691326701664489 0.6795071328999365 0.6542412974683545 0.2337659556573708
0 0.6599750396057031 0.7577728103474758 0.6519664299270477 0.7138931607570431 0.6645857760832189 0.6804315576652602 0.2580073910337494
1 0.3454806548142932 0.3469246200452608 0.2542034790534755 0.5966930764063059 0.4451535450197862 0.3623693037974683 0.3496409738147928
0 0.7456822390424221 0.8888822818929972 0.8639456931771201 0.6679246890539902 0.8030647610325299 0.7587386779184248 0.1053323328488622
1 0.4058452737194156 0.4842541493586337 0.4419279413191314 0.5229123820621197 0.6680885960019797 0.420110917721519 0.4416536106920867
0 0.6672786305227953 0.7610887779315911 0.760626050614121 0.623672605381809 0.781292002912271 0.6712034458509143 0.2618515207076567
1 0.1650907586692483 0.2303729842215853 0.3276197974198127 0.1890878588332885 0.8410200028061672 0.1631299753867791 0.2201083727229052
1 0.3459206301707446 0.316742514863029 0.2674188427244642 0.565541499545709 0.4894151188886461 0.347340664556962 0.6716630791053846
1 0.29805131138884 0.2792051107996162 0.2106621690371012 0.5359045322471137 0.4621759656670336 0.2999696905766526 0.3508156645895111
0 0.6763421228656926 0.8222029403388418 0.8326448029376243 0.5879656015452649 0.8333021438558551 0.6999424226441632 0.4367958841373712
0 0.5674042246083436 0.6642642325741894 0.5702163022198204 0.6538116356423183 0.6555429313557067 0.580592176511955 0.2808155332299263
1 0.2793083612040133 0.3306349977733863 0.2465044979768024 0.5041212457863367 0.5289190272093506 0.2870503340365682 0.266917210793778
1 0.2888118289033621 0.3220756504040864 0.2407545910145937 0.5107241681389245 0.5171620030309397 0.3062975386779184 0.274729035549536
0 0.7634572434430558 0.8719008796211904 0.7638067013252514 0.7731434221322954 0.6907288586368868 0.793278182137834 0.4158495809327645
1 0.3856944023939447 0.3790499292850708 0.3594943276570949 0.5402449936574062 0.5934730880194115 0.3863623945147679 0.8267884688281607
0 0.4783532124625946 0.5440269708109725 0.5360486766041532 0.5535414003525473 0.7059356614282553 0.4891899261603375 0.8061364938366391
1 0.2852920260517514 0.3038692512630774 0.2786410311634281 0.4607484078202414 0.5971207246612531 0.2913567862165963 0.2647943111989537
0 0.3367691427565569 0.4927923872054572 0.5977848709418041 0.2655957401209085 0.9138785175340074 0.3368821378340366 0.0774480122560754
1 0.3097546558704453 0.3185168427407962 0.3020318733540156 0.4711948128031007 0.6070087407220226 0.311482858649789 0.2837689759115632
0 0.6424640204189404 0.8091392076124239 0.775912539462933 0.60327518538927 0.8002385667187181 0.688517141350211 0.6059100579742595
1 0.3091386903714134 0.3152007140152879 0.2815416153678378 0.5025432428313593 0.5619037402997015 0.3160529711673698 0.8414319529485507
1 0.545669441999648 0.4903266016105436 0.3216142341635551 0.8666591628967995 0.233022868447303 0.5573021800281294 0.7138355923007613
0 0.4225643372645661 0.4966312586096937 0.4890621091712865 0.4961122293790217 0.718145630441748 0.4360184247538678 0.2229533269429261
0 0.5954746523499385 0.7393973738852627 0.6561560360952775 0.6309445742953523 0.7230536960083319 0.6233930379746835 0.8436926754983887
1 0.337473103326879 0.4093586916021609 0.3712994319746603 0.4815857684271916 0.651124450999924 0.3564808895921237 0.7214091357526073
1 0.3336013201901073 0.4144225598755997 0.3908541278765052 0.4383432126220994 0.698582810411299 0.3469012306610408 0.7393466048858095
0 0.4726335328287274 0.62328404265041 0.5593257672036902 0.5268673989326644 0.7379890110634187 0.5128314697609001 0.6229427464479722
0 0.6688625418060201 0.7239895173156081 0.6684428352762324 0.7171109712531321 0.6724257696192618 0.6877261603375527 0.725905179475319
0 0.6754621721527899 0.7449893025033971 0.640538056558383 0.7632310151288642 0.6222172882931872 0.6918568389592124 0.81399486047019
1 0.2940035381094877 0.2507602709747732 0.1558552204032071 0.584044426260444 0.3477920407466638 0.2971573136427567 0.490994556346689
1 0.3734630874845978 0.3327681875332521 0.2562856701943767 0.6248089200348496 0.4185104085765403 0.3782768108298171 0.7329547990422912
1 0.2744686322830488 0.2414140701837008 0.1838654512397985 0.5299928997512623 0.4399359555173643 0.2800193917018284 0.4890625767787266
0 0.7226275303643724 0.7844381657699772 0.6435834746913117 0.8286866793849611 0.5758644213606561 0.7504773206751054 0.4571196077865713
0 0.6682465763069882 0.7753138566769963 0.7157675655219785 0.6766902952792271 0.7261252063614833 0.693175140646976 0.3083178498891377
1 0.3067628234465763 0.4035081310483426 0.4353801458720584 0.3494497876015698 0.7893727760601832 0.3149104430379747 0.2754882909009966
1 0.3844624713958809 0.3969817434924939 0.3232459755132867 0.589740457667904 0.5186932217800454 0.3893505450070323 0.3086524925456632
1 0.3991576483013554 0.419370084063329 0.3643324318086377 0.5627251805384669 0.578068427199159 0.401654694092827 0.3632094061101057
1 0.3884222496039429 0.466908567538761 0.4926024036824475 0.432058687160548 0.7647521883566402 0.3905809599156118 0.7074526359692178
1 0.445707041013906 0.5235605636338464 0.4243263879005296 0.5967984142998972 0.5966939515231136 0.4651089486638537 0.3417483562923027
1 0.2944435134659391 0.318421769318956 0.3080568020456595 0.4377532886418506 0.6403539253182591 0.300848558368495 0.2535923039576214
1 0.5391578067241682 0.5711517403447729 0.4879945692037749 0.6725036303711918 0.5834894580258126 0.5430645218002813 0.4334566682855771
0 0.4787931878190459 0.600621117145989 0.5507584334949069 0.5407750196197304 0.7235827132425262 0.4972755098452883 0.6573235921093113
1 0.3020110895969019 0.3291143064481217 0.3470937768850895 0.4042051555415359 0.6956784499626193 0.3027820675105485 0.2658570720351769
1 0.3214580003520507 0.34703548532361 0.3332408184591144 0.4767473749527732 0.6267697677373149 0.3237870077355836 0.2154918773094265
0 0.6411440943495863 0.7182446655155647 0.6755221224205451 0.6635283016428768 0.7124963824177574 0.654065523909986 0.2836716312798413
1 0.1144055976060552 0.1180297170161797 0.1492683686158594 0.254757058728883 0.6762133376007551 0.1178682841068917 0.2066005759726042
1 0.3512883295194507 0.3455147939983454 0.2799495812973856 0.5862809896512229 0.4813591216138392 0.3593811533052039 0.5557697064046074
1 0.4432431790177785 0.4862659996496085 0.431345788656421 0.5880353501656067 0.6091792467884395 0.4586932137834036 0.5517051583305892
1 0.4017095053687731 0.4758427297880615 0.4515180629388613 0.496518328407709 0.6943503235817862 0.4146619374120956 0.1910500168748056
1 0.4442111248019714 0.454652958897985 0.3596676401670643 0.6575340511912674 0.4891171104994629 0.4571112517580872 0.3685330430823049
1 0.2034566097518042 0.1994939425148469 0.2293672268032175 0.3371721238531983 0.6660067247492075 0.2058429500703234 0.3932071212663365
0 0.5719799683154374 0.645091629641055 0.4966551499249643 0.7399964627594594 0.5348272005550906 0.6044973804500703 0.303325905736139
1 0.2324069882063017 0.2330606615145904 0.2490693603895998 0.3748559211619361 0.6486911810962062 0.2311543424753868 0.8246049336883244
1 0.3496164231649357 0.4346830283525363 0.4030885264675914 0.4528324954938383 0.6956135441542023 0.3597327004219409 0.7847913070737644
1 0.5800755148741419 0.5894480563830478 0.3780042664565883 0.8795286571936297 0.287644595789772 0.6140770393811533 0.56464445587644
1 0.3688873437775039 0.4162020442779413 0.3946255057342921 0.4888952331821943 0.6619068411842026 0.3737066983122362 0.2516285316984906
0 0.5007919556416124 0.5697894510087776 0.5150028421775661 0.5941473312041711 0.6632408998163427 0.5145892053445851 0.2207206278476746
0 0.4926084140116177 0.6475785247584451 0.6000525796990107 0.5209103265611461 0.7641879265705636 0.5141497714486638 0.3474539971980774
0 0.7858079915507833 0.8769117323763489 0.8004394329512643 0.7694732783284316 0.7130686701908961 0.8015395393811533 0.2168973109148931
0 0.5897549727160711 0.7077316398981447 0.6121649272267381 0.6618551291580936 0.6763518731165697 0.606870323488045 0.182534000397652
1 0.4542425629290618 0.4963407206782057 0.5072306304628776 0.5222848033597274 0.7105558383284738 0.4542988748241913 0.1962915500414616
0 0.676782098222144 0.8024967982536515 0.7477656114353798 0.6611198293518477 0.7525289590166967 0.6927357067510549 0.1260854217086875
1 0.3355372117584932 0.3008119156146461 0.2472504740760513 0.5701963858299343 0.4648165154105345 0.3403097222222222 0.3653627873572874
0 0.5146951769054744 0.694245716722199 0.6837413664966291 0.4839564271153931 0.8274002517173812 0.5213564873417722 0.0542186988418425
1 0.3749590036965323 0.3625965873579597 0.2649924675848913 0.6211421127253528 0.4314859869645857 0.381792281997187 0.4070099017491281
1 0.2070644076747051 0.2090301290082067 0.1893115324216194 0.4082626504533574 0.5681528436176101 0.2135769866385372 0.2668098694911217
0 0.6662226896673121 0.7625039216444739 0.7218427792517262 0.6622893500678755 0.738451726665359 0.6809588783403657 0.7874964717805552
0 0.516895053687731 0.5406370393274934 0.4399482730714515 0.6902205743414369 0.5304355898081684 0.525575052742616 0.4898054441450489
1 0.3584159302939623 0.3611127974116804 0.3587319153479802 0.5004717564714122 0.6263705621199546 0.3582386251758087 0.3543013890284422
1 0.2856440063369125 0.3019155730149574 0.2489858774622624 0.482825832166982 0.5513746921418244 0.2867866736990154 0.2771611764239213
1 0.5161030980461186 0.5555485804068635 0.4980834728357645 0.632144600102737 0.6228262164420454 0.5218838080168776 0.2289850887529543
0 0.727115279000176 0.7191053216953079 0.6243238168932931 0.8363261393209432 0.5560611706742968 0.7358881153305203 0.6540179716270509
0 0.5027278472099982 0.6394945444983463 0.6433201698639591 0.4916704020922415 0.8041824669699468 0.5093159985935303 0.5036883618751671
1 0.331489438479141 0.3224770536139237 0.2599019618343224 0.5605358047108806 0.4869982499150122 0.3302027426160338 0.3192406058637121
0 0.3909741066713607 0.4513792103588224 0.447159538098943 0.4813231386562918 0.7028194847123225 0.400248505625879 0.2474432041740024
1 0.2121681218095405 0.174576326640276 0.152113948474382 0.4368028643892656 0.5040810399432065 0.2139285337552742 0.3309234365890043
1 0.5615965499031861 0.5435570825091317 0.4535306036062724 0.7549617521609115 0.485449583367945 0.5675849331926864 0.5706245955332824
0 0.484776852666784 0.5140878668493086 0.4343519877143239 0.6388401498941841 0.5695797245349057 0.4936721518987342 0.3356028618654142
0 0.6030422284809013 0.696885857304284 0.6657668250284029 0.6313198504713146 0.7281177448886922 0.6139891526019691 0.273612194362356
1 0.3308734729801091 0.3439412482961933 0.2987719708190776 0.519724600015335 0.5611936149226664 0.3433857594936709 0.587859675623454
1 0.2567816229537053 0.3624011228483119 0.3940596770045607 0.312373232267653 0.7921361583013335 0.259278111814346 0.1169755046501194
0 0.8137904242210878 0.8976264584400102 0.82697935531126 0.7945877069526985 0.7115800240688167 0.8306300632911392 0.3871137406321881
1 0.5458454321422285 0.5388470807346101 0.4295423621442313 0.747607800814347 0.470504846501959 0.5484256153305204 0.4228849429526665
1 0.2407665199788769 0.3126345373325668 0.3188137318310996 0.3399901905479659 0.7267711238420198 0.2483801511954992 0.3965124139888942
1 0.3977497271607111 0.4507982956372394 0.4125683139260451 0.5321385833907074 0.6403609044374438 0.4111464662447257 0.5073951602336149
0 0.472193557472276 0.5919984412092599 0.5945497040890402 0.4816181800867583 0.7864035098030866 0.4813680028129395 0.1640314735368789
1 0.3564800387255765 0.4038144608363396 0.4461884998388604 0.4164791650341721 0.7490599878259814 0.3546352672292546 0.6123988806897969
1 0.0345940679457841 0.0189664342865302 0.1027169539075547 0.1333471128902244 0.7473965147683271 0.0314755801687763 0.3059655185023762
0 0.3680953881358916 0.4075265139643249 0.4013674437394811 0.4810215831177751 0.6727579756924497 0.3720368495077356 0.5203211835115036
0 0.7415464706917797 0.8296795786889137 0.76257577566759 0.7372344809461966 0.7129810822451292 0.7627814697609001 0.3577918659830635
0 0.3469765710262278 0.4650498015710883 0.4295431758179871 0.4211761546996971 0.7357961718156111 0.3585022855133614 0.199920013830948
0 0.4885606407322654 0.6346472502570317 0.6105979543079623 0.5045565788609075 0.7800860111171687 0.5102827531645571 0.3316197620775336
1 0.29145168104207 0.2816762140604971 0.2360359341703913 0.4998786548774805 0.5232027796411876 0.2924993143459916 0.480540168987369
1 0.2901317549727161 0.2923687511896628 0.2168200520204305 0.5306096745671324 0.4739158910034421 0.3011122187060478 0.5013488131168136
0 0.5123193099806372 0.5878111821134666 0.5420625393327192 0.6077403681366202 0.6708666343934176 0.5293541842475387 0.237133850483157
0 0.7021246787537405 0.7917038700366783 0.6590558066259314 0.7801079569220085 0.6222612567440504 0.7269236638537272 0.2814359823472649
0 0.713212057736314 0.6854963836506116 0.5791257043755106 0.864200484309579 0.4986247645646706 0.7169924578059071 0.3749638523304525
1 0.498680073930646 0.59492895858144 0.5212642244626238 0.594851808157692 0.6668295629010742 0.509579658931083 0.2054214604418986
1 0.2490380566801619 0.2117178063012119 0.2062126754712927 0.4463167986368488 0.5470738099443024 0.2555868670886075 0.5747288025313356
1 0.2017847033972892 0.1269111860299857 0.1033994634538571 0.4545895569798527 0.4323859443834425 0.2023274789029535 0.5633407916586828
0 0.5644123921844746 0.6449807643627058 0.6004835013200429 0.6200073868791538 0.6983441245351849 0.5759341772151898 0.2362190731527332
0 0.4767693011793698 0.5822034616388231 0.5828407760094014 0.4895417186860005 0.7753450954550564 0.4852350210970464 0.3955728908009115
0 0.6026022531244499 0.6792708470753998 0.6914813567305909 0.5845439471314116 0.7711272647758313 0.6092432665260197 0.7916770467893531
0 0.5534130082731914 0.6468711140433966 0.5981744579360455 0.6114308486680553 0.7028739218419625 0.5662666315049226 0.6036652317700056
1 0.3709112304171801 0.3707387396609132 0.3179017662856827 0.5664555401216236 0.5353471449343448 0.373267264416315 0.3128660074045893
1 0.1247890160183066 0.1658532596157395 0.2263307590816017 0.2049287396850911 0.7718356453730701 0.1255144338959212 0.8037685938639961
1 0.4432431790177785 0.5422845489290093 0.5198098639916402 0.5040912173370323 0.7308514658733078 0.455968723628692 0.4733030708704138
0 0.6244250308044358 0.8045613417801208 0.8022999793611058 0.5436129464000169 0.8447032329558504 0.639564205344585 0.3829854432959814
1 0.2996352226720647 0.321642663481231 0.2951641413861914 0.4569392434177463 0.6138960844893648 0.3010243319268635 0.3222620586836733
0 0.7518418940327407 0.7967835301666261 0.749668468880519 0.7515477240198974 0.6967448593740293 0.7629572433192686 0.7187510045631639
1 0.1019982925541277 0.1290814383102299 0.2019820601457743 0.1750383576952766 0.7797126282407915 0.1011697960618846 0.7440360268331538
0 0.338441049111072 0.4604506650749159 0.5010123728868735 0.3539979060660463 0.8203886796285528 0.3489226265822785 0.4063065294269893
0 0.7183157718711495 0.8415234710707038 0.7840061523111329 0.6851689629888893 0.756094591008119 0.7308785689170183 0.2368444386656134
1 0.4319798098926245 0.3971137182933195 0.3193753294573012 0.6610022576455767 0.4471677188164676 0.4332060478199719 0.3834282466544202
1 0.2478941207533884 0.2897761473184979 0.333935858581255 0.3282201505854534 0.7453812941037682 0.2467103023909986 0.173220380683814
1 0.3426648125330047 0.3447385759085075 0.3089173434097146 0.5151426399651347 0.5739601686911324 0.3441767405063291 0.4376918152848859
1 0.3481205069530012 0.3921186573946701 0.4073040074612533 0.434606815572945 0.7120954320206009 0.3474285513361462 0.328925741200637
1 0.4647139764126034 0.4622883215201123 0.3905164532678792 0.6394521582895298 0.5329184114580969 0.4692396272855133 0.4744987382661092
0 0.6872535117056856 0.7664377053291577 0.694670795118283 0.7333113990931661 0.6771150397994079 0.7056550632911393 0.7156302405532641
1 0.2948834888223904 0.2709256660298696 0.3140143585503293 0.4235201214329613 0.6566997203605576 0.2914446729957806 0.9061753103153009
0 0.5491012497799683 0.634789699248399 0.57213624681383 0.6374146723959908 0.6686364568579723 0.5684638009845289 0.2461633025346958
1 0.30799475444464 0.3027604373381917 0.2459617775817336 0.5357885493476842 0.4977132915991593 0.3164924050632912 0.534417308928272
0 0.4714016018306636 0.5610876546481104 0.5375139403034633 0.5280041902277574 0.7246498205658546 0.4771494374120956 0.2088540878089814
1 0.2842360851962682 0.2733809774342415 0.1831460009049862 0.5550467948348681 0.4122742166291231 0.2922356540084388 0.4665887494793725
1 0.2604774159478965 0.3043022381859328 0.3148858031427111 0.3701989694288169 0.7005163753813979 0.2609479606188467 0.2500831446999423
1 0.3550721175849322 0.3658808100876639 0.280562603104949 0.581281173401708 0.486818188640049 0.3706306610407876 0.3066379175326035
1 0.5631804611864109 0.693543462531725 0.6867832044650326 0.5379391582883379 0.7970696976529413 0.565651424050633 0.1454989566633026
1 0.3328093645484949 0.36034189698781 0.3229940621185141 0.501479060008923 0.597581346527438 0.3375852320675105 0.269560592796597
1 0.5839472980109136 0.659923889155094 0.5965695678202528 0.6607955538754977 0.6673854497441292 0.6009819092827003 0.7399981911749111
0 0.7206036437246964 0.8761037694320999 0.8850818453905928 0.6106181739686283 0.8425065551924913 0.7256053621659635 0.2085949937639438
1 0.2347828551311389 0.2254254600338561 0.1918596331550488 0.4370886907400513 0.5426316005832919 0.2455677742616034 0.544416438060448
1 0.3968697764478085 0.4884942628313145 0.4540681164893045 0.4859171736384876 0.7038216862272338 0.4082462025316455 0.2752924544785931
0 0.43048389368069 0.5304250258321032 0.4506357151181528 0.5760079234947711 0.6329148821793726 0.4586932137834036 0.2480089174209789
0 0.5952106671360676 0.6634669049618752 0.6570745110307403 0.6046544286083757 0.7406379357499413 0.5988726265822785 0.7038364631685853
1 0.3449526843865517 0.3667416274088003 0.3461395003043748 0.4755778542367454 0.6375207518852627 0.3463739099859353 0.4239098475432201
0 0.580427495159303 0.6447483984740726 0.6114461278309303 0.6334343934966662 0.6956365752475117 0.5952692686357243 0.2920594937132129
1 0.2738526667840169 0.2597999808364556 0.1858469095697409 0.5171983971373508 0.4555566200763808 0.2823044479606188 0.4282875700132327
1 0.2836201196972364 0.2574977537553858 0.2357255989999576 0.4813908218277397 0.540672561828169 0.2820407876230661 0.3517719035223349
1 0.3268256997007569 0.3720588099519558 0.3459575628525946 0.4675939409775262 0.6439725986154846 0.3331908931082981 0.8196206918883407
0 0.670182467875374 0.7555234376432934 0.7346550489441286 0.6634264591243366 0.7444132902728614 0.6813983122362869 0.8179256825854792
1 0.4442991198732617 0.4811547558066426 0.4235498176680654 0.5773495119917333 0.612021493076376 0.4478831399437412 0.6572901606196291
1 0.4362035733145573 0.525751925436567 0.4176615861673833 0.5950281657170985 0.5930257264796772 0.4530684599156118 0.2196462315420032
1 0.37751086076395 0.3224135639051016 0.2311507996757675 0.6550169045122798 0.3583011984148646 0.3778373769338959 0.8227242485138451
0 0.5649403626122163 0.6484340244136141 0.5995586797292854 0.6241114338314312 0.6949568090389296 0.5790102144866386 0.1938626867641039
1 0.3714392008449216 0.3769536409041905 0.3844503526841956 0.4933805937764316 0.6511181697926578 0.3688729254571026 0.823077409593577
0 0.5609805844041542 0.6294567248487345 0.5473235911024881 0.6643851451724976 0.6324706612432717 0.5801527426160338 0.4547672763998098
1 0.3222499559936631 0.2876958119355196 0.2604710452590767 0.5228515307600903 0.5240015398318674 0.3232596870604782 0.8564853005772511
0 0.679773930646013 0.7961288126870723 0.7710741098418878 0.638409742120822 0.7775860906252379 0.6908021976090014 0.4680580962268787
0 0.4787051927477557 0.5829374606837082 0.5893504915247065 0.4977701493181264 0.7734551499798612 0.4826863045007032 0.560442084847408
1 0.4051413131490934 0.4698444025769084 0.442884496186362 0.5075109651826758 0.680455246241167 0.4151013713080169 0.3626740106356351
1 0.465241946840345 0.4709690083583032 0.3733827622588195 0.6796157653164802 0.4813004970126885 0.4776767580872011 0.7434139389173013
1 0.4012695300123218 0.3319919694434143 0.2102161130842125 0.7322805812144011 0.2437557068853708 0.4040276371308017 0.45014471743183
1 0.3249778032036613 0.3165314196382651 0.2447612833225364 0.5515746163634551 0.4809403744627621 0.3251053094233473 0.3856676648235784
0 0.5230547086780497 0.6355607608136625 0.6161402117277098 0.5461027656013308 0.7564683228404555 0.5378792018284106 0.7576495260875973
0 0.7778884351346594 0.7582322244587749 0.6590274907792322 0.8744241385732601 0.5522851182394581 0.7833469760900141 0.5969799171126593
1 0.4049653230065129 0.4690786586776123 0.4265057316878644 0.5468178875606896 0.6387040615430151 0.4154529184247539 0.2144632034822911
1 0.2678690019362788 0.2679263412829001 0.2029840180085745 0.510798842060475 0.4799838861785099 0.2860835794655415 0.3588792087969943
1 0.4635700404858299 0.4270212385419653 0.3620399873692572 0.6734767745616101 0.4764531497830107 0.4643179676511955 0.3531425945993082
1 0.2282712198556592 0.2352995600282311 0.2155800132167051 0.4091708124439585 0.5905760556458757 0.2352850210970464 0.4452021011140978
0 0.6993968315437423 0.8111721674258751 0.7524494430428371 0.689226775662079 0.7376445915316577 0.7199806082981717 0.2241127768914657
1 0.2495660271079035 0.2334672212490021 0.2296328099170863 0.4325450209347311 0.5811287709616149 0.2489074718706047 0.4043783190956088
0 0.4541545678577715 0.5865438050579186 0.5450736204331563 0.5050715111582375 0.7446683770790592 0.464493741209564 0.1734165448659202
0 0.5396857771519098 0.7069976408532597 0.7321949877110685 0.4913218178712165 0.8442188820844376 0.5579173874824191 0.7255511989963301
1 0.3671274423516986 0.3412166696242028 0.3167629484971694 0.5474219519218279 0.5516727005310078 0.3664120956399437 0.3130977335144458
0 0.6820618024995599 0.8260783908392778 0.8002688869320642 0.6234706680322544 0.7997343253576293 0.7002939697609002 0.1107836322252893
0 0.7329229537053336 0.8387511945464002 0.7614270310592571 0.7315463935729442 0.7159517443260627 0.7700760724331926 0.5234491582348642
1 0.1733622953705333 0.1890864645098089 0.1712808474642481 0.3464451949836101 0.6106644033509265 0.187210952883263 0.7716478152330896
1 0.4114769582819926 0.4073310494546771 0.3550337681282085 0.5927142274331385 0.543992877780252 0.4111464662447257 0.3189606990775488
1 0.345392659743003 0.4667764315965424 0.4308566079944789 0.430099529444295 0.7301413404962728 0.3599963607594936 0.7191238312250617
1 0.2607414011617673 0.2690511082056878 0.2175818133905406 0.4794898144418855 0.5255526490706491 0.2695608649789029 0.6273094889679421
1 0.3228659214926949 0.3940776533087576 0.37392857461416 0.4316103258698769 0.6924736384330418 0.3307300632911392 0.5584417673814187
1 0.2617093469459602 0.2292377431082559 0.200788075276623 0.4776539481365328 0.5111861322291088 0.2628814697609001 0.3715918605083816
1 0.4542425629290618 0.5121129179373193 0.4362559843027211 0.6116809268649073 0.5935945246932238 0.471964117440225 0.4055707088942765
0 0.551653106847386 0.6789857879512721 0.6688617145256798 0.5551923295415494 0.7778837500584618 0.5676728199718706 0.1988256241834077
0 0.5644123921844746 0.6386232529866681 0.5819673786000058 0.6359451849482879 0.6758849700431186 0.5779555731364275 0.4409343420243636
1 0.3081707445872205 0.3161248599038535 0.2688787361769866 0.5011638407315694 0.5520408490679964 0.3178107067510548 0.5625513824145676
0 0.5044877486358036 0.6241711260185973 0.5654102568142532 0.5586848447405337 0.7198251554735268 0.5180167897327708 0.312770629331084
1 0.3462726104559056 0.3712561646736741 0.3012256853968429 0.5431377342737244 0.5419699800845899 0.3547231540084388 0.2979644125182701
0 0.6424640204189404 0.8356885412320015 0.7726067457281721 0.6098054992692014 0.7949742171177593 0.6621511075949367 0.6342565197479483
1 0.3320174089068826 0.3345423542696264 0.2637394100010742 0.5568003609458311 0.4943772726289109 0.3432978727144866 0.2907399331498714
0 0.7803522971307868 0.928848570172338 0.9054944789004744 0.6717994711790392 0.8185922543504317 0.7922235407876231 0.40939189538899
0 0.4186925541277944 0.4885735443966457 0.5120519729350527 0.460900615515657 0.7560331747592943 0.4188805028129395 0.6232065930087001
1 0.4049653230065129 0.5023180995082754 0.5721178577869506 0.3914106529276245 0.8312729649529268 0.4056974859353023 0.792096906968598
0 0.7790323710614329 0.85977724578124 0.7454378535550007 0.809529958654949 0.6560988181987618 0.8037367088607594 0.251268651544852
0 0.6561912515402218 0.7788357629613011 0.7680109536210843 0.6043890978658453 0.7959886320912437 0.6672485407876231 0.6598556996930408
0 0.3538401865868685 0.3885754804464961 0.4100740783952445 0.4379998714636513 0.7113322653377626 0.3532290787623066 0.4532333609908584
0 0.7239474564337265 0.8269076244473961 0.7832701030317037 0.7013272874476235 0.7459951076360555 0.7372943037974684 0.1919528309760784
1 0.2740286569265974 0.2949455632043187 0.2434175824823316 0.4623901219295628 0.5655129917860277 0.2818650140646976 0.4068848614225224
0 0.7667130610807956 0.989952097247654 0.9140367514575812 0.6689620210408052 0.8236008192332742 0.7974967475386779 0.2030642126595956
1 0.5114393592677345 0.5332499955919012 0.4383111614749322 0.6795466522188749 0.5382588334581683 0.5176652426160337 0.6698740027678287
1 0.3666874669952473 0.4258490960496505 0.3923162996155436 0.4808890766271941 0.6665992519679818 0.372915717299578 0.1762539606127775
1 0.2495660271079035 0.2748805592370298 0.2801930324850986 0.3820996093137007 0.66611908856808 0.2561141877637131 0.2600621166103982
0 0.6494156310508713 0.7436954982594054 0.7144551097539935 0.6349458254449847 0.7516659909295185 0.6614480133614626 0.3491694914823619
1 0.3380890688259109 0.3616513319469178 0.2967464113715749 0.5378430354744272 0.542872031239202 0.3441767405063291 0.2779691040912429
1 0.3289375814117233 0.3726079798191277 0.3016110412875544 0.5157861067359418 0.5671876314343772 0.3465496835443038 0.2632041850009777
0 0.3882462594613624 0.477131055224693 0.4994820152871052 0.4464240430986501 0.7588304057284901 0.391020393811533 0.1141711926332417
1 0.4747454145396937 0.5047787285786146 0.4335858325059328 0.6261679854070682 0.5795577712331569 0.4832136251758087 0.4267824974581248
1 0.3356252068297835 0.3689434634020626 0.3786563446044266 0.4322067639581758 0.6951850262362667 0.3365305907172995 0.22791036468758
1 0.438755430381975 0.5343799190392633 0.5411264890441327 0.4745462419545598 0.7629233101743105 0.4443676687763713 0.4142861671505641
1 0.3966937863052279 0.4580482080474314 0.4220446839547246 0.5199835755304995 0.6566770382232076 0.4030608825597749 0.5703453442665245
1 0.4351476324590741 0.4466956357727445 0.4237473776559555 0.5748183838125406 0.6142251499589197 0.4366336322081575 0.6742312402564183
1 0.4283720119697237 0.49616120916646 0.4539670582088435 0.5340435627936653 0.6677277755401348 0.4391823488045007 0.77699292046582
1 0.289779774687555 0.2813647277479257 0.2455017264402464 0.508440417184953 0.5238396242667841 0.2953116912798875 0.7975047781844087
0 0.4734254884703397 0.6072161509352341 0.6409789049992349 0.4411627092430244 0.8331454626301605 0.4797860407876231 0.6688256633585272
0 0.5092394824854779 0.5954357482622662 0.5747315406250916 0.5609795584617114 0.723665415804864 0.5241688642756681 0.4593818052550718
1 0.2492140468227424 0.2435896401299123 0.2471202862751353 0.404649227053735 0.6210891136769934 0.2528623769338959 0.8370588191143769
1 0.3280576306988206 0.3332118097880421 0.2683638434243636 0.5522463638960411 0.5032240041073351 0.3445282876230661 0.3499233387987269
1 0.3477685266678401 0.3731096129753796 0.352036844951121 0.4949263439525265 0.625902961134585 0.3509440225035162 0.7594833416245806
0 0.4437711494455201 0.5506695413111378 0.5386088197091674 0.4904671986711739 0.750893402435781 0.4557050632911392 0.5509177156446905
1 0.4541545678577715 0.5261902300253897 0.4592378740636811 0.5691933720708957 0.6443232993545117 0.471964117440225 0.2224906941224699
1 0.3709112304171801 0.3709604702176118 0.3100979840292721 0.5698722692342684 0.5252207919534204 0.3727399437412095 0.3225234470466303
1 0.3346572610455905 0.3151004840688733 0.258359073658716 0.555503417921115 0.4904298828180898 0.3329272327707454 0.3453119236606412
0 0.5974985389896145 0.7393182534613246 0.6611863299879227 0.6316447614704012 0.7253843728600358 0.6276116033755275 0.4557911977112551
0 0.6119297306812181 0.7573291880926858 0.7144738242503752 0.5915188091655944 0.7782354976653667 0.6304239803094234 0.1540854414765512
0 0.5300943143812709 0.6833525585588112 0.697822967247963 0.5043115848459483 0.8219352524398646 0.5391096167369902 0.1492950695407545
0 0.6302327055095934 0.7636866994687234 0.7716610940892681 0.5780473159565199 0.8126924559477131 0.6492317510548523 0.8406930186986615
1 0.4135008449216687 0.421477007776144 0.3889569661476559 0.5588813801468272 0.6008824699017632 0.4136072960618846 0.3577959629793482
0 0.639384192923781 0.7246390782705876 0.6548549717598726 0.6798575817177563 0.689694204217767 0.6567021272855134 0.2312890755835576
0 0.4789691779616264 0.5658240836110757 0.5735461806977509 0.498867379322866 0.7644032323974091 0.4840924929676511 0.7953259955602624
0 0.6546953353282873 0.785198592003306 0.72767584367177 0.6382537212889866 0.7563667766563192 0.6676000879043601 0.1884476048348326
1 0.3263857243443055 0.3296159396043735 0.2874933134214664 0.514246711787213 0.5563881424080963 0.3339818741209563 0.8146430052824125
1 0.3873663087484598 0.4457081613167498 0.389412460716111 0.5372782146422741 0.6191381009089328 0.3956783931082981 0.2550341188900951
0 0.5953866572786481 0.6859345270980414 0.6310384154602897 0.6376868350079397 0.7042763758421119 0.6160105485232068 0.183665426891605
1 0.330169512409787 0.3121698055553004 0.2380421281825077 0.5712001939923936 0.4543869197010385 0.3400460618846694 0.3469312204721634
0 0.6131616616792818 0.6977411958180602 0.6239653122365204 0.6833721813318375 0.6685698062697593 0.6288420182841069 0.6707083150912231
1 0.4455310508713255 0.4811652299971843 0.4225535555215552 0.5943074829337943 0.5973873270141055 0.4491135548523207 0.3022270913326113
1 0.1466117936982925 0.1333848803503398 0.1923593915758153 0.2651662856316512 0.699848822631389 0.1432675632911392 0.3502650282888619
1 0.2244874317901778 0.2451683423566388 0.2427604595572078 0.3827255992092516 0.6369030998374239 0.2339667194092826 0.3337985447016798
1 0.3020990846681922 0.3095772016841355 0.2835313731700886 0.4824151255984544 0.5818465733697531 0.3082310478199719 0.7628022363748033
1 0.1936891568385847 0.2825844069511606 0.3220350662300162 0.2481307809157251 0.7969472141112512 0.203206346694796 0.5965820168334998
1 0.4286359971835944 0.5573756015201251 0.5902022452121998 0.4247404839679171 0.8195292011009669 0.4374246132208157 0.1551793394845373
0 0.6477437246963563 0.7128797851200961 0.6644834987808729 0.6847822474036683 0.6920276727171446 0.65125314697609 0.2952495789002479
1 0.3883342545326527 0.386606010341867 0.3477001265678561 0.560562655546502 0.566255221111312 0.3902294127988748 0.8573028971558043
1 0.2776364548494983 0.2917562527550617 0.2601382526929851 0.4608129133780063 0.5815018048820327 0.2777343354430379 0.7591395216963778
0 0.5123193099806372 0.5971414299066369 0.56018126379046 0.5847128372986629 0.6986452735280013 0.5297936181434599 0.3023632754891112
1 0.3753989790529836 0.5011457958745675 0.4885686974058147 0.4249692721530931 0.7673222489963765 0.3829348101265822 0.7434363904569409
0 0.522174757965147 0.5797110877140729 0.5350441149853347 0.6092565665054632 0.6652205269730601 0.5329575421940929 0.6231225226449402
1 0.1701064777327935 0.1685303015768099 0.1280313208566768 0.3978731247554238 0.5198660627590207 0.1841349156118143 0.4412311284352195
0 0.5974105439183242 0.7034757345689548 0.6454243301962648 0.6524201586105329 0.7027004907302247 0.6236566983122364 0.3576920631535709
0 0.4544185530716423 0.5428601459846251 0.5471694812931537 0.4911487968061772 0.7551827690866485 0.4550898558368495 0.3960086473257407
1 0.465241946840345 0.5504213835659955 0.5083847453179985 0.5587299668548323 0.6850094704650909 0.4840046061884669 0.2514361367529661
1 0.3974857419468403 0.3394213933653521 0.2465103564278436 0.6773388462319272 0.3518004978503503 0.4000727320675105 0.4185350800573891
1 0.4420112480197148 0.5406212474709843 0.5081679826294733 0.5215463259397984 0.7116522579523775 0.4544746483825597 0.1458771913602962
1 0.3302575074810772 0.3425525317717542 0.3048252153574207 0.4966484516880278 0.5869629656439979 0.3344213080168776 0.3362726388180194
1 0.2169198556592149 0.2290318044080664 0.1543393461962908 0.4654345935992442 0.4765899405190292 0.2360760021097046 0.3013208357544595
1 0.3518162999471924 0.3930215326193664 0.338325303023891 0.5168614112062688 0.5966140406084496 0.3602600210970464 0.524547153239135
0 0.5612445696180249 0.6370285977620398 0.6311025329522408 0.5738296693150754 0.7465565777744582 0.565651424050633 0.1894217066714572
1 0.0684721703925365 0.0562716336027028 0.0779692293619196 0.2299267087678761 0.6403675346006691 0.0753310829817159 0.2393244324566029
0 0.5391578067241682 0.6676805912461123 0.6627170130571932 0.5334387040291064 0.788183534151124 0.5406915787623067 0.2427405079586959
0 0.6703584580179546 0.7703874420117435 0.7206430986662847 0.6683142644915259 0.7340328973536169 0.6776191807313643 0.2372154626491461
0 0.5659963034676994 0.7194907719072433 0.7349504125174569 0.5258197397013796 0.8260805002795696 0.5779555731364275 0.7810909000295206
1 0.3114265622249603 0.3304079495507205 0.3025688980327943 0.4751142404003958 0.6040269120503937 0.3184259142053445 0.4647385459572506
1 0.310634606583348 0.3468508172872899 0.3191667035063333 0.4541453265869694 0.6350183887016172 0.3177228199718706 0.2351766334180816
1 0.3125704981517338 0.3406463902345544 0.3050982842698421 0.4754664788771563 0.6057587804760571 0.3172833860759494 0.258894308789438
1 0.4142928005632811 0.4687038437976117 0.4417975907834641 0.5293224232641495 0.6630786352953002 0.4301300105485232 0.5721031195524661
1 0.4297799331103679 0.4161702994235303 0.4049882919524589 0.5723188728894935 0.6020748524144556 0.4291632559774965 0.6258789817452138
0 0.438755430381975 0.6128554551228956 0.6453473566589732 0.390113233260856 0.8643121151729178 0.4461254043600562 0.5430811450313737
1 0.3012191339552895 0.3177775260299438 0.2622059604410343 0.4991379531279734 0.5479702778035669 0.3131527074542897 0.7706671582024095
1 0.361319767646541 0.3976839976829679 0.3235221363859799 0.5454179898526444 0.5592883153852651 0.3720368495077356 0.2689049095112109
1 0.3286735961978525 0.3520571345520961 0.3217551624580467 0.4877957788478766 0.6084087520304573 0.3342455344585091 0.6953520755027488
0 0.5835073226544623 0.6661810094433239 0.6569970492891952 0.5917523637712948 0.748867713092445 0.5889414205344585 0.4136642431145629
1 0.1947450976940679 0.2379554924668252 0.2552212221871368 0.3129277258553364 0.7052115778128509 0.2043488748241912 0.5810127754326434
1 0.4091890864284457 0.465366605549627 0.4893693523814484 0.4590574406988335 0.744394795607022 0.4082462025316455 0.1989798351235598
1 0.2515899137475796 0.1715982725571759 0.1552846723656925 0.4919922943583293 0.4494170889296706 0.2484680379746835 0.428698580680503
0 0.7788563809188522 0.85538420912665 0.7235923405612867 0.8332899294468377 0.6263436925110938 0.7961784458509142 0.6302606373316597
1 0.5429415947896498 0.6259981471318589 0.5962022754869184 0.5785630426572707 0.7240824181761449 0.5461405590717299 0.459595012941722
1 0.2956754444640028 0.2852087556767366 0.2199689694550876 0.5322618748016078 0.475440130633363 0.3094614627285513 0.5782907311011601
1 0.3163542862172153 0.3233323921276998 0.254650511414871 0.54272829875067 0.4993272129106026 0.3200957630098452 0.7530841611877503
0 0.4255561696884352 0.5743305766034882 0.6041310380322084 0.4119402616493763 0.8337065838126039 0.4356668776371308 0.8096187767986912
1 0.6338405034324942 0.7190631026503552 0.6235775153245418 0.7008717765261655 0.6559784283928272 0.6530987693389593 0.3774176253452205
1 0.2792203661327231 0.3806181573212556 0.3953513027243991 0.3538369599330024 0.7637517316215248 0.2932902953586498 0.7805641901871734
0 0.6690385319486006 0.8201487098615212 0.7768079060637332 0.635670798006761 0.7819093060041507 0.6948449894514768 0.5044510587035068
1 0.4461470163703573 0.527003349494213 0.5187590857034965 0.5114253085980781 0.7251320777015118 0.452101705344585 0.7015429646484705
1 0.4009175497271607 0.47215710384852 0.4399310231878302 0.503358777383101 0.6816382069429601 0.410179711673699 0.4234398401294516
1 0.6495916211934518 0.6852956014749966 0.6258662168646459 0.720221696168104 0.6436386477625006 0.6572294479606189 0.781502730096048
1 0.3253297834888223 0.3173973934839759 0.3049161840833108 0.4879608558787084 0.5946919911850054 0.3266872714486638 0.5370864200677582
0 0.3734630874845978 0.3764784349363823 0.3539789214712862 0.5260000692778898 0.6012415455838119 0.3809134142053446 0.7026493175251618
1 0.438403450096814 0.478720553924747 0.3629312856012787 0.6480892300412894 0.5008298172710514 0.4528047995780591 0.2898284334164753
1 0.3657195212110544 0.3906559769708674 0.387126200197274 0.4814739164255501 0.6625028579625691 0.3696639064697609 0.2457742517675109
1 0.3336893152613976 0.4283255169764988 0.4566293987375768 0.3677350477790195 0.788518880827945 0.3348607419127989 0.223197180161785
1 0.4313638443935926 0.4540933148402712 0.3601677240573331 0.6323146024347773 0.512780163050876 0.4383913677918424 0.3315525713384663
0 0.5928348002112304 0.6722903630742193 0.5853742306152279 0.6761105396627639 0.649195422457295 0.6092432665260197 0.5882452849137598
1 0.2742046470691779 0.3027868645266355 0.3054283103451644 0.3942101305823466 0.6745390469083646 0.2727247890295358 0.2676856434169162
1 0.1943931174089068 0.171096639400924 0.1468893492888696 0.4092152990355205 0.5270618835943232 0.2001303094233474 0.6453821589785358
0 0.4670898433374406 0.5654226804012386 0.5683614515262689 0.5046272807653542 0.7578337875089264 0.4722277777777777 0.1426948085262762
0 0.6026902481957401 0.7036392930827987 0.6919955985442092 0.5950639138710323 0.7649071248025386 0.6076613045007032 0.1424362061207927
0 0.693677151909875 0.847173088307514 0.7799615428061735 0.6694540745196175 0.7634935042116939 0.7176076652601969 0.7755311121914775
0 0.4577623657806724 0.529965611720804 0.5457802147226283 0.4910836557256757 0.754460081295081 0.4690638537271449 0.8064078788705304
1 0.2802763069882062 0.3295261838485006 0.293546069755556 0.4298194227981386 0.6359549864961932 0.2899505977496484 0.779682844346432
0 0.5464613976412603 0.6077969045154242 0.5666996042475756 0.6147160245742238 0.6814455832534646 0.5507985583684951 0.3749543472990722
0 0.6129856715367012 0.7059996922067232 0.6879452933229596 0.6244442888647254 0.744450628560499 0.6252386603375528 0.6494178641987106
0 0.6192333215983101 0.7332511188753821 0.7084983669230794 0.6119495941018048 0.7628346753606658 0.633148470464135 0.4160173939005814
1 0.3435447632459074 0.3478276564113499 0.3180466002142018 0.5147335222034485 0.5819470726860115 0.344879834739803 0.6481174775779811
1 0.4691137299771167 0.5211792161288383 0.5052224836337476 0.5638055691906866 0.6792663532880671 0.4734581926863572 0.2052593832688801
0 0.4406033268790706 0.4442719080813907 0.3236012254750364 0.6832820959839244 0.4294843755824367 0.4515743846694796 0.3450297225565585
0 0.724123446576307 0.7777640115567938 0.6841566655815513 0.7893289151880193 0.6319978259185137 0.7452041139240506 0.3356746412403203
0 0.5862351698644604 0.6700936836055313 0.6203117543385624 0.6348293659035027 0.6999353637092782 0.5964117967651196 0.2084815889067863
1 0.3148583700052808 0.3387613582198308 0.3001153461897801 0.4771742873510841 0.6002369013771859 0.3207988572433192 0.279818979853662
0 0.4221243619081147 0.4209700569539248 0.3907393998769479 0.5695597509285455 0.5933240838248198 0.4224838607594936 0.850116110153224
0 0.6394721879950712 0.7580527129470291 0.7394648372489722 0.6148841203380544 0.7763560208689485 0.6638209563994374 0.8265095453211057
0 0.4327717655342369 0.5410647085843814 0.5499206749960122 0.4585558543789721 0.7781356962610266 0.4450707630098452 0.4925063479757036
1 0.3074667840168984 0.3228254413054806 0.2211611642419763 0.5748461879322667 0.4328835555813059 0.3169318389592124 0.317743071781768
1 0.3509363492342897 0.3145988509126214 0.2729790009668377 0.5616616332387672 0.4985329891473929 0.3532290787623066 0.5943401404665707
1 0.2958514346065833 0.347447362723989 0.2837676640287512 0.4631227207641782 0.5992416789814591 0.312889047116737 0.3172363552812896
0 0.7351228304875902 0.802290859553462 0.7369020903879396 0.7639475670143804 0.6814040574943161 0.7493347925457102 0.6061845567253271
0 0.5631804611864109 0.6191443202655368 0.5159735549681465 0.695893568049695 0.5857733747789794 0.5763736111111111 0.6001082195957227
1 0.4057572786481253 0.3775714570047589 0.2812320938711599 0.6781345206981501 0.3900879456971755 0.4164196729957806 0.5260238745799534
1 0.4926964090829079 0.5503633726645337 0.475850325664823 0.6185890590117472 0.6175001016363025 0.5008788677918424 0.7967905897920785
0 0.6782780144340785 0.7713536458038688 0.7333696071448337 0.6681617390347419 0.7408071793901683 0.6833318213783404 0.2110215627233821
0 0.339760975180426 0.379403634642595 0.4165120278852946 0.4108843406225158 0.7353268260504454 0.3396945147679325 0.4137843670456272
1 0.3698552895616969 0.3501086128285504 0.3279815567716082 0.5462230382792322 0.5623633152980086 0.3688729254571026 0.4349356839443149
1 0.3812946488294315 0.4178705022605407 0.3584137689094916 0.5630672506514418 0.5729356339948302 0.3939206575246132 0.4781388375250438
1 0.3627276887871853 0.377861833794854 0.3486710020931875 0.5237894034386275 0.5989241290585589 0.3627208509142053 0.2751774108229217
1 0.461282168632283 0.4469542677084285 0.361278225999147 0.680196315336364 0.4694234319843022 0.4677455520393812 0.8160700710282617
1 0.0969825734905826 0.0808988726871786 0.070037537591109 0.3043805805708056 0.5586769445446924 0.1005545886075949 0.3072444368625744
0 0.5821873965851082 0.6998059004859223 0.6802261331371445 0.5830323563024088 0.7663943751007812 0.5856896097046415 0.28847052496791
1 0.3697672944904066 0.3350388309013039 0.2754787694791771 0.5932361504805711 0.4701503072473804 0.375728094233474 0.5376490195975585
0 0.3826145748987854 0.501093102639073 0.5343686030333314 0.3923706100212585 0.8125821858645961 0.3877685829817159 0.1393031511220393
1 0.1796979405034325 0.1409673885955797 0.1334495743960519 0.3928285041529787 0.5304544334299669 0.1791253691983122 0.8002274780352973
1 0.3522562753036437 0.3875564222774832 0.348844314603157 0.5109527974434163 0.6099804496708338 0.3623693037974683 0.2314206711042187
1 0.1591950888928005 0.1948790141621655 0.2457090505132053 0.2411473393245981 0.7560425965701936 0.1611085794655415 0.2138611089083074
0 0.5574607815525435 0.6347263706809698 0.5635280666825094 0.6468791947508035 0.6562415411860872 0.5755826300984528 0.7966663688647296
1 0.2107602006688963 0.1986808230460236 0.2257610247178428 0.3568771418242118 0.646109255953856 0.2076885724331927 0.2876501424318832
1 0.4835449216687202 0.458988145792506 0.3139204605989186 0.7690271413673384 0.3309276971489481 0.4947267932489451 0.372316864970903
1 0.3594718711494455 0.476428801034219 0.5579446373707221 0.3275854222522743 0.862916640291953 0.3621056434599156 0.067396605451308
0 0.7892397993311037 0.919492056332117 0.8419704805867435 0.7432218995283875 0.750094293289142 0.8190290084388185 0.6691766940001912
1 0.2869639324062665 0.3228940875388771 0.312847387649868 0.4258836304903761 0.6538773645622973 0.2904779184247539 0.512582940809017
1 0.4602262277767998 0.4730072858377217 0.3911924534241358 0.649307209365983 0.524768545030257 0.4672182313642756 0.3023849076294938
1 0.3943179193803908 0.4508353581576178 0.4215644537040955 0.5197179270266007 0.6565496692980882 0.3982271097046413 0.2504205733139414
1 0.3462726104559056 0.3185273169313379 0.3264874890213453 0.50338515157667 0.5987437188276363 0.3417159106891702 0.8316262020410073
0 0.3780388311916916 0.4583808038824793 0.5086888965678886 0.3945091440299169 0.798265569725226 0.3768706223628691 0.2215778833502627
0 0.5916908642844569 0.7392760344163718 0.7374563649503397 0.5355966214812311 0.8216375930066405 0.6008940225035162 0.4381308494067428
0 0.6700064777327935 0.752814650827812 0.7135228023646834 0.6855369306533805 0.7192553103921026 0.6801678973277074 0.5600263216644475
0 0.5892270022883296 0.6855648687426152 0.6985419293785219 0.5697162484024331 0.7836321015748741 0.5915780239099859 0.6892332934916358
1 0.3425768174617145 0.3304977053065933 0.302641477731805 0.522801483344583 0.5617425226465367 0.3447040611814346 0.3750498892524289
1 0.4893525963738778 0.573121371590795 0.5152534536943295 0.5943456142979903 0.6632590455262227 0.5039549050632912 0.3348745798058651
0 0.6626148917444112 0.7441233286576864 0.6861231523143884 0.6928217689023399 0.6991879000446055 0.6936145745428973 0.645973765242031
0 0.5776996479493047 0.6584454168747822 0.6568221094317143 0.5943618201277735 0.7471075792340839 0.579185988045007 0.6881307098515264
1 0.4411312973068122 0.4529843397739926 0.4049352404235856 0.5939625529685048 0.5839752047210621 0.4434009142053445 0.7412385977700342
1 0.4824009857419468 0.5309319766543223 0.4395936740487065 0.6398884446482056 0.5728497908288595 0.4855865682137834 0.833398562633722
1 0.2664610807956346 0.2932611522238173 0.2399283866830301 0.4593556597429829 0.5652533685523599 0.2792284106891702 0.293084234423915
1 0.2991952473156134 0.2811905339021473 0.2245082926035281 0.5366671595310335 0.4755828536206886 0.3032215014064697 0.7661855359066196
1 0.4758893504664671 0.4573564280474991 0.3578730013314365 0.7109289238328574 0.4367970966640815 0.4834772855133614 0.5900356722901267
1 0.3416968667488118 0.3293993655722493 0.2506016708063817 0.5830800205076538 0.4552422107571137 0.347692211673699 0.6378759701456085
1 0.3113385671536701 0.3775714570047589 0.4209141656385198 0.3641364002830231 0.7712155506335167 0.3112191983122362 0.3601260067063215
1 0.3841984861820102 0.3886283348233835 0.3295469023428726 0.5766950824537197 0.5362799042133692 0.3926023558368495 0.4110257775072855
1 0.3866623481781376 0.4420014258547319 0.3986779265073066 0.5117255930911215 0.6466609553254002 0.3872412623066104 0.2396641553885213
1 0.4359395881006865 0.456775674467309 0.3959208743534068 0.6061134299309248 0.5664380740339491 0.444631329113924 0.8289559437425614
0 0.5224387431790178 0.605336275445085 0.5531348490658784 0.5884470100182392 0.6916968624677936 0.5318150140646977 0.6984430133796966
1 0.3709992254884703 0.3426898242385472 0.2767939917379316 0.5952742718968467 0.4694440203858968 0.3719489627285513 0.3898775743257741
0 0.453978577715191 0.5126780408023932 0.4918512200711618 0.5458647623364741 0.6838429106933817 0.4580780063291139 0.7847980261476712
0 0.650647562048935 0.7453483255268887 0.6857858031752646 0.6664107150147252 0.7163453666480752 0.6620632208157524 0.3617716881739165
0 0.8225899313501144 0.8863633196384102 0.7744560634401847 0.8500151401866188 0.6463863269854854 0.8395066279887482 0.3494208831743845
1 0.4838969019538813 0.5832436293303123 0.5461654078785886 0.5511751903235022 0.713674108780162 0.4998242264416315 0.6313496189441044
0 0.720779633867277 0.869635553919106 0.877165613421141 0.6163466170356547 0.8363495762478195 0.7274509845288326 0.1810458074672367
1 0.382174599542334 0.4346670753546343 0.3928032019909696 0.514688558969834 0.6400374222632367 0.3840773382559775 0.2227617513966585
0 0.740666519978877 0.8054219979598642 0.7085356331810916 0.7798396074464793 0.653866197971602 0.7564536216596343 0.2455269570717729
1 0.4912884879422636 0.4807744621192817 0.3615016608124692 0.7202415562536226 0.4313813001768165 0.4947267932489451 0.3792239090671715
1 0.2687489526491814 0.2662841493473515 0.2884623988645352 0.4038185988369991 0.6540902276974282 0.2665727144866385 0.2441611823903412
1 0.3143303995775391 0.2740779139587482 0.2109664830217424 0.5750883220949112 0.4216059968908785 0.3214140646976089 0.5952208307879068
1 0.1474037493399049 0.1517707910030946 0.193568348042072 0.2752606110184342 0.6921368959323839 0.1494196378340365 0.2410417294192526
0 0.5535010033444816 0.6221223743486369 0.601191560222275 0.5979822342774985 0.7138255556664682 0.5697821026722926 0.3662398723218929
0 0.5078315613448336 0.6067673721558697 0.5760955833091895 0.5498005546442367 0.7320176766890578 0.530496712376934 0.1847416258756417
0 0.5791955641612393 0.6509948834303679 0.6393186850680531 0.5991039319075971 0.7345880862847534 0.5817347046413502 0.2439356837148372
1 0.3702952649181482 0.4081759137779114 0.3422768282511955 0.5505865373887265 0.5705051557387864 0.3926902426160337 0.7318468073670862
0 0.440075356451329 0.5314494016670833 0.559135855749104 0.4590345618803159 0.7826414156066173 0.4411158579465541 0.884108724446635
1 0.4816970251716247 0.583819226385928 0.5190334564939271 0.5828123065548612 0.6742326635761599 0.5009667545710267 0.1159928810612228
0 0.5827153670128499 0.7463567483639668 0.7819190791276975 0.4963864574398646 0.861744148268937 0.5868321378340365 0.3063948837130014
1 0.4031174265094173 0.4532853518960223 0.4114871042394372 0.531692128668246 0.6399379698148558 0.4128163150492264 0.7885041689867134
0 0.8170462418588277 0.8630825780334207 0.7573905582918549 0.8518368661110822 0.6347451561855393 0.8509319092827003 0.6539301320267092
1 0.3585919204365428 0.3767634940605101 0.3314448777454775 0.5546135272091912 0.5578220024445764 0.3617540963431786 0.2733503143598449
0 0.2856440063369125 0.286924911511649 0.2722403479313903 0.4470937251823421 0.6039689853611614 0.2863472398030942 0.3454994022106241
1 0.2343428797746875 0.3747042682000081 0.44856182344956 0.216864492201172 0.880862747363285 0.2346698136427566 0.1816513435180994
0 0.6220491638795987 0.7098964133710286 0.6855216846741562 0.6305837562616478 0.7392714242135926 0.6372791490857947 0.3160151226287783
1 0.355688083083964 0.4082656695337843 0.3506737786755299 0.5038435223504425 0.617396461716411 0.3622814170182841 0.6219773302434709
1 0.3515523147333216 0.3619048073580274 0.2363041210402783 0.623105719100762 0.3985574557836711 0.3694002461322082 0.3712259168002418
0 0.4770332863932406 0.5225046040858482 0.5021328016485073 0.5669995475841532 0.6749124297847419 0.4856744549929676 0.770051461600761
1 0.3716151909875022 0.3954926358802473 0.314212569477224 0.5777862749924615 0.521598978052562 0.3764311884669479 0.3081764215773935
0 0.7895917796162647 0.91249046280846 0.8504294329512642 0.7265796245057325 0.7638602569248457 0.8076037271448664 0.2190341402970851
0 0.4067252244323183 0.4923753532805038 0.5165846239586962 0.4431555496643173 0.7704590141139038 0.4137830696202531 0.496698230694247
0 0.514255201549023 0.6415062336479281 0.6414570196980992 0.5054946104201289 0.7948765094491744 0.5253113924050633 0.4201642096599943
1 0.2625892976588628 0.3407890003673147 0.3315597684797859 0.3786032809782969 0.7052199527558726 0.2728126758087201 0.8437187323947587
0 0.6542553599718359 0.833650424893976 0.7921769014313756 0.593127793853981 0.8132462490550127 0.6758614451476793 0.3453219203315755
1 0.3137144340785073 0.3466448785871003 0.3469354359722254 0.4376821100953514 0.6690049543509202 0.3160529711673698 0.652324928882406
1 0.4647139764126034 0.4944398968069731 0.4158430253233372 0.6192250583903994 0.5713436969088185 0.4702942686357244 0.3130421782448268
1 0.2083843337440591 0.2105455026675041 0.172906242158685 0.4241165595212603 0.5374066830057261 0.2239476265822785 0.3428964985310969
0 0.6028662383383206 0.6499758252613551 0.6166188146308275 0.66272865515955 0.6784773638642457 0.6052004746835443 0.6024777583668794
1 0.2763165287801443 0.2405640493358921 0.2145272821115476 0.4965197583338663 0.5058554809958962 0.2753613924050633 0.3393183458559853
1 0.0001 0.0527126647980196 0.1936093571993606 0.0001 0.901945619552144 0.0001 0.7123410080561421
1 0.4561784544974476 0.5661777889686 0.570263007093399 0.4739826921678799 0.778799410495484 0.4657241561181434 0.3782617704596979
0 0.3653675409258933 0.3891193326477007 0.3462869379889123 0.5234465389222318 0.5973203274699331 0.3737945850914205 0.2743568644070436
1 0.2525578595317725 0.2955633793048871 0.269370520594947 0.4115146202965385 0.6328433462077303 0.2570809423347398 0.3583474186792543
1 0.331841418764302 0.3458315979768842 0.3065388122869782 0.5250410654683607 0.5630675084237368 0.3435615330520394 0.3423606114170722
0 0.7957514346065834 0.8752432743937495 0.7769306080660966 0.7981107272430396 0.6819993763607642 0.7990787095639944 0.2636959884349801
1 0.1978249251892272 0.3040751899632669 0.3964185172224085 0.205721236537631 0.8640092214003053 0.1996908755274261 0.2456084053579106
0 0.5958266326350995 0.6935328271997904 0.6295038267569917 0.6488046697620166 0.6958305947608441 0.6064308895921238 0.2103231067967848
1 0.4662098926245379 0.5098846547556133 0.4199973180505685 0.6348104591020889 0.5614752223817658 0.4838288326300984 0.5300454861329091
1 0.328849586340433 0.3321927516190294 0.3298414522424451 0.4831591638423286 0.6187266818329995 0.3293238748241913 0.8771921753189862
1 0.2471901601830663 0.2662841493473515 0.2995034635254747 0.3612730525932727 0.6970240241414141 0.2450404535864978 0.2095395972273194
1 0.3247138179897905 0.3567513444701087 0.3235652610950333 0.4879041354744669 0.609751185605619 0.3256326300984529 0.3000801013996336
1 0.346712585812357 0.3278311375360646 0.2394824934648927 0.6045165201745336 0.42157808041414 0.3577991912798875 0.7094883514831062
0 0.5027278472099982 0.6094337787850055 0.5608481508006524 0.5655750233700646 0.712393091453825 0.5172258087201126 0.1724355600755374
1 0.1387802323534588 0.1203794808081697 0.1658359054256853 0.2773251066282787 0.6691386044833058 0.1351819796061884 0.2534575947197839
1 0.2657571202253124 0.3214209329245325 0.3898188093897203 0.3122138749414507 0.7898962099990297 0.2688577707454289 0.2434461745987541
0 0.6396481781376518 0.7326597299632572 0.6944994354253272 0.6493642475315927 0.7321024729871509 0.6501106188466947 0.2565352583287697
0 0.6583911283224785 0.747307321440976 0.6896133245221966 0.6746777536530997 0.7130871648567354 0.6745431434599156 0.6091357050890447
0 0.6385042422108783 0.7327705952416065 0.7025922345997715 0.6348403286707092 0.7455864802077959 0.6496711849507736 0.422968030037318
1 0.3420488470339729 0.3777034318055846 0.4146479013109279 0.4105181206455501 0.7344544361523679 0.3396945147679325 0.5239439115061916
0 0.5374859003696533 0.7407860904097017 0.6532798621035395 0.5462127110347624 0.7756308903856666 0.5673212728551336 0.1179305964239836
1 0.3803267030452385 0.372032382763512 0.3714483342719581 0.517495186255343 0.621887524911714 0.3795951125175809 0.3933698539587605
1 0.4772972716071114 0.5344854666516453 0.5084633462028015 0.566362594921396 0.679477820599361 0.4842682665260197 0.2709686484796857
0 0.5409177081499735 0.6510741649956991 0.6556764567836529 0.5342256400577011 0.7842378891200991 0.5453495780590717 0.2741277603748092
1 0.3660715014962154 0.3453828191975197 0.3043248059976496 0.5616730726480259 0.5276184683492966 0.3654453410689169 0.6472598943156902
1 0.1932491814821334 0.1249099710709455 0.0942890838805027 0.4513930364954397 0.4254535852973595 0.1945055555555555 0.4678398082648356
1 0.4481709030100334 0.4766031560213903 0.4215120531142268 0.5926970683192504 0.5979159952923405 0.4553535161744023 0.7551852647623407
1 0.3585039253652525 0.4925970838372023 0.477392725636176 0.4118911675179739 0.770009209882455 0.3741461322081575 0.24368019502653
1 0.2963794050343249 0.334811782678638 0.3364782635983944 0.4180833833020342 0.6773338351858457 0.2984756153305203 0.8289092379849171
1 0.4145567857771519 0.5197429628934792 0.5947098350841671 0.3879770824624599 0.8436448495315026 0.4138709563994374 0.8661878071784227
0 0.5683721703925365 0.6757805245041131 0.6761234273260263 0.5637734752924883 0.7762227196925223 0.5810316104078762 0.6948696132202752
0 0.614217602534765 0.6759600360158589 0.6031170377978234 0.6982839279427312 0.6446809792127235 0.633148470464135 0.5217107207713859
1 0.3519922900897729 0.3578073040181069 0.2978790452395446 0.5548666241390421 0.5281230586663446 0.3554262482419128 0.3199393895500123
1 0.5160151029748283 0.5290996378750934 0.4885424971108803 0.6389516841344575 0.6106518409363942 0.5175773558368496 0.7307479929635585
0 0.6404401337792642 0.71393058814352 0.6062836933203554 0.7394268755067818 0.6166514407434528 0.6569657876230661 0.2595970255921712
0 0.6739662559408556 0.8374891351568196 0.8105101102911256 0.6174038091079885 0.807710062761813 0.697042158931083 0.3792040796051541
0 0.677750044006337 0.7577728103474758 0.7078998285083679 0.6803164291335814 0.7195358709833242 0.6831560478199719 0.2119460089650375
1 0.3915020770991023 0.4308072555693144 0.3353798040281652 0.6125255365818485 0.5086035091748403 0.4184410689170182 0.4109595700473265
1 0.525166590389016 0.4862184629386884 0.4298255206112238 0.7032184442310603 0.5104836838831769 0.5290026371308016 0.7821153129805202
0 0.5285983981693364 0.6591265615427797 0.6500162166693252 0.5176985535310549 0.7915893443132185 0.5381428621659635 0.1517794880877312
0 0.5229667136067594 0.6412791854252622 0.6432902266697484 0.5238720213943854 0.78447797082005 0.5379670886075949 0.8235062831646481
0 0.3812946488294315 0.4706575220457317 0.4958286201238985 0.4151717358843022 0.7778834011025026 0.3850440928270042 0.1455577895299493
1 0.2173598310156662 0.2773727720203872 0.3436211800304049 0.2688461211572482 0.7944354291167066 0.2192896272855133 0.1375956869504726
0 0.5540289737722233 0.6363052340490892 0.5519076663074934 0.6536470352535388 0.6435880491484121 0.5693426687763713 0.6053776123371138
1 0.2763165287801443 0.2761742023396286 0.2541841136180893 0.4610285144663977 0.5761840650193116 0.2806345991561181 0.4501514365057367
0 0.4677058088364724 0.5363969258548125 0.5129126770338589 0.5455433467124388 0.6974138079478751 0.4744249472573839 0.3771695112502256
1 0.3712632107023411 0.3549876519242761 0.3291161434565915 0.549244631130396 0.5606321447842637 0.3696639064697609 0.8078339613372715
0 0.6604150149621545 0.7877911958744709 0.7862378966883364 0.6031603146546295 0.8049585450232766 0.6713792194092827 0.5192177804721373
1 0.3965177961626474 0.3842457723593353 0.3957566749895014 0.51864055710738 0.6390041636679537 0.392778129395218 0.824773893815101
1 0.3866623481781376 0.4004720660637805 0.4012047089883361 0.5021034610976322 0.6561054483619873 0.383901564697609 0.329440815573536
1 0.3515523147333216 0.3697090461599658 0.3385515043279826 0.5118266412062409 0.6011218536897956 0.3598205872011252 0.5732066864716838
1 0.3813826439007217 0.4000284438089905 0.2865787441200311 0.6180904914248847 0.4566544355241215 0.3921629219409283 0.363493573772405
1 0.4588183066361556 0.4776961780897669 0.4338836371005283 0.5979169343163129 0.6030494864085878 0.4594841947960619 0.6239743701124326
0 0.4442991198732617 0.5079627213619042 0.4560435536334545 0.5590812520474878 0.6499327663991501 0.4548261954992967 0.340590545142277
0 0.5035198028516106 0.61169910448709 0.5388319290529873 0.5755466928686839 0.6920273237611854 0.51634694092827 0.2438409611607375
1 0.2691009329343425 0.2408437907940525 0.174205190942325 0.5378462130881102 0.4208920329982918 0.2788768635724332 0.5804049450638612
0 0.5550849146277064 0.6942985710990865 0.623415106042899 0.5965542146883588 0.7274491452708056 0.5750553094233474 0.4283908143196044
0 0.6057700756908996 0.6259135479005603 0.588011672727036 0.6841772297584253 0.6450494767056715 0.6097705872011251 0.7865018849625074
1 0.4006535645132899 0.4305009257813174 0.3646797077675813 0.5911114390914338 0.5536135935762506 0.4115859001406469 0.3651925161916998
0 0.6667506600950537 0.7430354631138841 0.7214736968361292 0.6585643924279799 0.7405911756514042 0.672170200421941 0.5928445729428431
0 0.5249906002464355 0.6579648932410066 0.6641814630827476 0.503087409174573 0.8072061703566834 0.5294420710267229 0.5594552003823754
0 0.7314270374933991 0.78394716794566 0.7424765692884139 0.7345433599180647 0.7036992026855439 0.7361517756680732 0.8549700674713575
1 0.288459848618201 0.2997612737326152 0.2357088373205897 0.5011028305488558 0.5217095970916381 0.3078795007032349 0.4298221409415896
0 0.6338405034324942 0.7169086422266201 0.7129320752180268 0.6213642279217945 0.7592833505635719 0.644134317862166 0.8784805987105649
0 0.6858455905650414 0.7535960254422241 0.7163415309892672 0.6962524795151899 0.7139120967443575 0.6927357067510549 0.8161087466731881
1 0.2766685090653054 0.2460396338683169 0.1931683460237575 0.5238702737068598 0.4563306043939552 0.2785253164556961 0.6949608942974959
1 0.3497924133075163 0.3944366763322491 0.4177287956196063 0.4298036936104078 0.7222448160948345 0.3493620604781997 0.3170924687717747
0 0.4549465234993839 0.4780921024922439 0.3557805579012132 0.691885167269276 0.4530605381000014 0.4722277777777777 0.6776925465974933
0 0.5073035909170921 0.6184367484090953 0.6391901246146484 0.4900788942791114 0.8031701457322177 0.5087007911392406 0.1490136878359287
1 0.3937019538813589 0.3872449359649118 0.2948983955375716 0.6339981021640303 0.4492558712765059 0.4043791842475387 0.3570255637979934
0 0.5879950712902657 0.7047323151511752 0.6374659499262664 0.6253789839295796 0.7162270705778959 0.6062551160337554 0.5988279901967132
1 0.3196980989262453 0.2918302166544255 0.2708297631084649 0.5071746147743305 0.5481950054413116 0.3163166315049227 0.3288796909623983
1 0.1981769054743883 0.2813752019384674 0.3296598402601672 0.2489647456268282 0.8006597565615099 0.1994272151898734 0.191288953698123
1 0.266285090653054 0.3059337947895467 0.3213971460055275 0.3733468724238799 0.7024715756209693 0.2642876582278481 0.188469564734918
0 0.7047645308924485 0.8194886747160001 0.8090882967703712 0.6442411398711777 0.7919156181350995 0.7190138537271449 0.7654498792537582
0 0.5709240274599542 0.7262019886408051 0.7071940478926517 0.5523756927729391 0.7981294769011259 0.5859532700421941 0.117665111064742
0 0.5095034676993487 0.5943375696693153 0.5562320168496714 0.5809746925619829 0.6988720949015014 0.5264539205344585 0.737495745844282
1 0.3519922900897729 0.3231158180955756 0.274068510125754 0.5752344923243292 0.4864123528594634 0.3563051160337552 0.542517070582911
1 0.3968697764478085 0.4208063372986881 0.34283598485613 0.5799759685814162 0.5448907414633534 0.4129042018284107 0.4159628219100706
1 0.1789939799331103 0.163281765267051 0.1817477839231477 0.3427737801342731 0.6229570749267569 0.1788617088607595 0.858055761193061
1 0.3323693891920436 0.2995711268889348 0.2818320968986318 0.5200641280373635 0.546039853437101 0.3317847046413502 0.8396469736072794
0 0.5371339200844922 0.6275557398361089 0.5772109672935378 0.5862231570821923 0.707813044488918 0.5442070499296765 0.2154941716273459
0 0.6180013906002464 0.7112482285164822 0.6836333106218688 0.6228680335972736 0.7431717049699175 0.6262054149085795 0.4212259872171093
1 0.379182767118465 0.4074894514439464 0.4199901577215181 0.4716258560991995 0.6924848050237372 0.3802982067510548 0.414513796264136
0 0.4054932934342545 0.4350789527550133 0.3949478832763105 0.5413077465536852 0.6199940898769265 0.4075431082981716 0.5997553862756935
1 0.3055308924485126 0.3071958541791274 0.2490931196632669 0.52374968326759 0.5124538892289952 0.3108676511954993 0.3021540009188942
0 0.5256065657454674 0.5760043522520549 0.5348110788216949 0.6065516228578103 0.6670518478471044 0.535154711673699 0.4689400975870257
0 0.6033942087660623 0.7176373236055379 0.677162000507834 0.6067360833321084 0.7499777419987589 0.614692246835443 0.2100000996097076
0 0.4141168104207006 0.5862534282678235 0.6689608199891272 0.3370974499316477 0.9025566414367576 0.4235385021097047 0.6624430347866865
0 0.677750044006337 0.7511249221813433 0.6640974919511567 0.7235682000183544 0.665339869911117 0.6919447257383966 0.259373985114438
0 0.7039725752508361 0.7745218467306494 0.7052086839286819 0.7265468950847976 0.6878133315975119 0.7183986462728552 0.608909059254581
1 0.417900598486182 0.4594949354733323 0.4330283032485098 0.5398805213679662 0.6488018001352824 0.4223959739803094 0.4702858789265886
1 0.3747830135539517 0.3905978049280126 0.2731956009206118 0.6238079717247048 0.4373121556599065 0.3873291490857946 0.3300856827887308
1 0.3514643196620313 0.3314165335291915 0.2675923179691849 0.5808018303776277 0.4746103133623118 0.3584143987341772 0.4375181026424192
1 0.3614957577891216 0.4444936386380893 0.3685723230149713 0.5070591085169535 0.6283411164217321 0.3781010372714486 0.2631904190934615
1 0.1470517690547438 0.1479161277423491 0.1489835828013555 0.3201965171551967 0.6160348355634916 0.1490680907172995 0.7452107176078722
1 0.2395345889808132 0.2883610036056152 0.327036881541211 0.3214674037477121 0.7461406222710548 0.240821888185654 0.2678296938062824
0 0.3893901953881358 0.5270826310595442 0.5736439842831891 0.3854497674196866 0.8355787325338783 0.40130314697609 0.8315699912519827
1 0.3057068825910931 0.2945232116133979 0.2194539139677134 0.5438029676982602 0.4631701411948827 0.3181622538677918 0.3784520349671543
0 0.6911252948424573 0.7400309818423403 0.6487706448840609 0.7518888408487674 0.635785393900007 0.7046883087201126 0.3502250416051243
0 0.6269768878718536 0.7085711865554117 0.6563085185571004 0.6676738164537174 0.6987660122898952 0.643079676511955 0.1891308199352512
1 0.2796603414891744 0.3001625158010595 0.256164921009027 0.4679185342152445 0.5715747057538293 0.2877534282700422 0.2631877970158394
1 0.4845128674529132 0.6683776889120119 0.6428272463027407 0.4810056950493602 0.8103753883784194 0.5071188291139241 0.1073564128933022
0 0.6130736666079916 0.7209374993331441 0.7097305944587499 0.5936090434462711 0.7746475324925536 0.6233930379746835 0.5227916722711128
1 0.3648395704981517 0.4459036258263976 0.4408119063957784 0.4461583945947513 0.7245967792600515 0.3717731891701828 0.664689827549157
0 0.7834321246259461 0.8701531400732598 0.8218128524319063 0.7632483331234364 0.7280490005647237 0.7981119549929676 0.7075655491868212
1 0.1951850730505192 0.2876535928905668 0.3683970576879881 0.2165856566004889 0.8433632420724033 0.1952086497890295 0.5640633379234334
1 0.3863103678929766 0.3410740594914423 0.2493359199119754 0.662992397095239 0.3705799117523257 0.392778129395218 0.4581153417635786
1 0.3383530540397817 0.33203434962976 0.2612035143739806 0.5715208152130082 0.4774584919015552 0.3396066279887482 0.3473201073594969
1 0.3130984685794754 0.3049517991409123 0.2248339248405694 0.5608462575677097 0.4512752794125756 0.3250174226441631 0.5021473996326062
1 0.2499180073930646 0.3258616674314355 0.3070507758140806 0.3772559727767053 0.6894457475747945 0.2607721870604781 0.6363305831470603
1 0.2316150325646893 0.2416675455948104 0.2438428083870736 0.3823685943119666 0.6380724512568069 0.2326484177215189 0.8120966401516125
0 0.3883342545326527 0.4717663359706174 0.4886905857344223 0.4432899627231081 0.7548917398166498 0.3940085443037974 0.7108188919964903
1 0.309314680513994 0.3009915882677848 0.2871665420411671 0.4718335131533835 0.5943269832516497 0.3076158403656822 0.3313188786703931
0 0.8283096109839817 0.934356060700567 0.8006469197589742 0.830538592639413 0.6745097346077893 0.856468776371308 0.2603734883280272
0 0.5004399753564513 0.5645778160780042 0.5615083656860479 0.5452344826624512 0.7267651915907128 0.5029881504922644 0.2613131753958613
0 0.6663986798098926 0.8404989340943307 0.8652112813367753 0.5479669126684621 0.8670807317534566 0.6728732946554149 0.3836642336404127
1 0.4138528252068297 0.4164131395027052 0.3465689573126467 0.6218735993951792 0.5101221655094135 0.428284388185654 0.3231940433984924
1 0.4862727688787185 0.4818992290420694 0.4089152442323405 0.6701836546212341 0.5215738532234973 0.4861138888888889 0.4939255474886863
1 0.3527842457313853 0.4018501472562849 0.3575647817127678 0.5001674999612651 0.6257389518337464 0.3580628516174402 0.4646620140666544
1 0.2368067417708149 0.2791469387567614 0.2398831464222118 0.4077060914167801 0.612444776654923 0.2429311708860759 0.2539747995307509
1 0.38411049111072 0.3918123276066731 0.3548007319645688 0.5618460937130653 0.5710237042942036 0.3848683192686357 0.3545072221217802
1 0.5483972892096463 0.5196374152810973 0.3803154253923506 0.8006362945982871 0.3715029002644917 0.5646846694796062 0.4340815421589031
0 0.906889209646189 0.9046966981970634 0.8322662819064609 0.9032484311724284 0.6455739575123955 0.9087614099859354 0.8202852246857016
0 0.29805131138884 0.3458844523537716 0.3403406101820715 0.4212733896783969 0.6774985423986029 0.2971573136427567 0.2689906186734845
0 0.6520554831895793 0.7278706077647974 0.6869003734858572 0.6696787318070057 0.7148354342124827 0.6570536744022504 0.7225166357882583
0 0.4971841577187115 0.598699022610887 0.6191945802719516 0.5008630795964736 0.7867423460394999 0.5049216596343178 0.6816513921673693
0 0.5436455553599718 0.6812667443684726 0.6795625008219749 0.5229786353074102 0.802581457028995 0.5563354254571027 0.1665034372151505
0 0.6099938391128322 0.6710283036846387 0.6032055655024463 0.6876826142928256 0.6523859267925439 0.624271905766526 0.3991723478567029
0 0.715499929589861 0.7847338602260396 0.6587698816681695 0.7961507751233657 0.6104616599386133 0.7352729078762307 0.5364854726527342
1 0.2932115824678753 0.2780856615427958 0.2528068894191486 0.4925873025204709 0.5456458821591292 0.2910052390998593 0.7056247201068842
1 0.4154367364900545 0.4472710716869673 0.3688229345317347 0.5875529884085274 0.5602032779103688 0.4208140119549929 0.3468425614725648
0 0.55297303291674 0.6399326879457761 0.6133986193751689 0.5871928058975595 0.7280451620491722 0.5650362165963432 0.6343766436790125
0 0.5611565745467347 0.635080237179887 0.6136476035444208 0.6029950787431136 0.71761835798735 0.5749674226441631 0.7519091426533292
1 0.2545817461714487 0.2505383792766817 0.2059758964083766 0.4671362057264902 0.5265935846970352 0.2636724507735584 0.7546239762713515
1 0.3095786657278648 0.3426476051935945 0.2854002190522385 0.4885034334150805 0.5779532717326128 0.3164924050632912 0.2967435076254616
1 0.2991072522443231 0.3079720722689653 0.2433894293703835 0.5236557847832572 0.5071009048143915 0.3127132735583685 0.3361510399682927
1 0.3181141876430206 0.3436403973155565 0.3132993020537978 0.4745683263696566 0.6130819702364789 0.3291481012658228 0.397935874378013
1 0.3012191339552895 0.3213680785476451 0.2834576543278199 0.4868205692085642 0.5778210174240642 0.3091099156118143 0.5701701567053954
0 0.6712384087308573 0.8219335119298302 0.7900393804750853 0.6139910520124476 0.8005128461026736 0.6957238572433192 0.7978648222178986
1 0.4564424397113184 0.4544892392427482 0.3592036833915497 0.6748564944227683 0.4724893590421057 0.4587811005625879 0.3331359784625355
0 0.5517411019186763 0.6909824423735782 0.6585523053058886 0.5562202875679997 0.7720704927336326 0.56890323488045 0.3904872073729213
1 0.3144183946488294 0.3578706325855361 0.3820913497315967 0.4055294260439258 0.7177579403710423 0.3199199894514768 0.7277281789421112
0 0.5979385143460658 0.6966694444135528 0.6608530492175775 0.6119049486295587 0.7380047140815841 0.6088917194092827 0.2618716779293769
0 0.6062100510473508 0.7047693776715536 0.7102565531744507 0.581159311916965 0.7824226202201794 0.6057277953586497 0.2073575370061455
1 0.3798867276887872 0.3998858336762302 0.4313921680604973 0.464801930714959 0.7049983657217609 0.3763433016877637 0.5050613472700597
1 0.234166889632107 0.1756851405651617 0.1913510870577205 0.4314331739070497 0.5476670350749953 0.2308027953586497 0.7041104702800989
1 0.2413824854779088 0.286222496179782 0.2813834371897248 0.3649206353399872 0.6812302774266191 0.2494347925457102 0.2529695605223633
1 0.3614957577891216 0.3456098674201855 0.272115530377262 0.5980638989491516 0.462021029221135 0.3727399437412095 0.5103417199614936
1 0.2674290265798275 0.4257329131053339 0.4953863070702861 0.247681466340949 0.8828214371624484 0.2720216947960618 0.0373292413582391
0 0.4075171800739307 0.5167120544334917 0.5289840355874434 0.4322660264533637 0.7842574306538159 0.4189683895921238 0.2406244913176297
0 0.4742174441119521 0.5829426172082826 0.6056456103611155 0.4908696434441258 0.7861889018881596 0.4783798523206751 0.4408106127365689
1 0.1864735609927829 0.1559051957220006 0.0659455722735662 0.501113634435378 0.3316126976969186 0.2012728375527426 0.6502813471356513
0 0.5515651117760958 0.6121743104548981 0.567847697916904 0.6157500200666718 0.6814256927637884 0.5524684071729957 0.2712000468298395
1 0.3892142052455554 0.4071199542299132 0.3399899167933539 0.5816518420378298 0.5409199716032639 0.3933054500703235 0.2791047914613319
1 0.2356628058440415 0.236608994987339 0.2100504491075468 0.420200150656964 0.5754383461344349 0.2419644163150492 0.4189927964823037
0 0.5982904946312269 0.7279656811866376 0.7283004196466647 0.5546306863230794 0.8065927057803554 0.6113525492264417 0.4659230695230519
0 0.5275424573138532 0.6529327698219789 0.6777403598134036 0.4951629172912257 0.8181721113755175 0.5305845991561181 0.0967211021780547
0 0.55957266326351 0.6153478290476461 0.5796651700755565 0.6334197764737244 0.6762398582536566 0.5729460267229255 0.6337488199683615
1 0.3234818869917268 0.3481391427239213 0.3730525734487461 0.4220420544283144 0.6992789775499648 0.3244901019690576 0.5930623692653321
0 0.5271024819574018 0.5251183174794894 0.4677269323571635 0.684434457586064 0.5579929908645996 0.52627814697609 0.8319175804167676
0 0.432155800035205 0.5017056010736742 0.4976221198162683 0.5025775610591358 0.7187304806294191 0.4360184247538678 0.1763280343056029
1 0.3121305227952825 0.3341728570555931 0.2869800480163549 0.5018659344748281 0.5672267145018111 0.3226444796061885 0.3162984708918208
1 0.4706096461890512 0.5052486168804554 0.417202348699652 0.6544493827084962 0.5423412692252116 0.4834772855133614 0.7160602612832949
0 0.7267632987150149 0.8576018369764213 0.8453766816629611 0.6471832923802664 0.8064192746686175 0.740721888185654 0.1848471644999328
1 0.4281080267558528 0.4219733232664285 0.3823802039148792 0.597804764553303 0.5625123194926004 0.4274934071729958 0.2866080304569343
1 0.4295159478964971 0.4149030835093752 0.3512950999554017 0.623888683112253 0.5125299616281075 0.4337333684950773 0.6548789963662208
0 0.6465997887695828 0.7519855783610867 0.7498364111437007 0.6089797963536739 0.784828322603118 0.6533624296765119 0.4430123385399088
0 0.5562288505544798 0.7260277947950267 0.7179210344838812 0.5049315372755013 0.8304731578943694 0.5819983649789029 0.08369134295424
1 0.4077811652878014 0.3977473262503971 0.3891758443879461 0.5506983893903681 0.6078682192496085 0.4055217123769338 0.6360342883757586
0 0.8610437775039607 0.9769151139924658 0.9999 0.6969100866668866 0.8429943956234961 0.8616540963431786 0.8900526466563216
1 0.3199620841401162 0.3041120913422523 0.2305926194793399 0.5660580206498804 0.4519243374967454 0.3353001758087201 0.726825200960987
1 0.3167062665023763 0.2757781167957587 0.2070841200636745 0.5825820884435279 0.4093485698669304 0.3226444796061885 0.7198976718832955
0 0.6851416299947192 0.790478873167476 0.7892857558425324 0.6292083261789616 0.7914630222559769 0.6922962728551336 0.2271919154191139
1 0.3880702693187819 0.4322486653292479 0.3924538104802612 0.5246823128835502 0.6316980727495343 0.392778129395218 0.3550349152432357
0 0.7193717127266327 0.8246580906018207 0.8148582201069706 0.6602321629695019 0.7854198029540145 0.7299118143459915 0.2835018517538078
0 0.6370083259989439 0.7068761402429756 0.655401597788969 0.6888006576671888 0.6839395714940886 0.6457162798874824 0.6885967841488616
1 0.363959619785249 0.4335265165753376 0.3779777406921517 0.4982426604727884 0.6425132647939805 0.3780131504922644 0.2191583612244339
0 0.6842616792818166 0.7724888869171982 0.6702301510480587 0.7461545191964274 0.65346315383869 0.6997666490857947 0.2442562327041437
0 0.6978129202605176 0.7138672595760908 0.6029119920113807 0.814054245016803 0.5574828172522039 0.7064460443037974 0.4536896024971106
1 0.2659331103678929 0.2333247722576347 0.2060199975259369 0.4675011546579826 0.5262770816420126 0.265693846694796 0.6865605769954192
0 0.5624765006160887 0.7548158657868521 0.736767996952996 0.5037958581451976 0.8392228796161275 0.5757584036568214 0.4045307273573956
0 0.410948987854251 0.5629040404294374 0.5857110915500982 0.4063803909882329 0.8285504105590067 0.4276691807313643 0.2117255905649265
0 0.5895789825734906 0.6708223649844491 0.596853539961001 0.6749781970268272 0.6574332257868611 0.6076613045007032 0.2647698931010975
0 0.5358139940151382 0.6512378846509358 0.5917054261085267 0.5873740887581745 0.7155291586594339 0.5554565576652603 0.640398736577809
1 0.4120049287097342 0.4294027471883663 0.3244671370858793 0.6358719409528947 0.4764472175317037 0.4221323136427567 0.7564784406696093
0 0.5972345537757436 0.7534165139304785 0.7898229432560623 0.4981052286809987 0.863945362459766 0.607221870604782 0.6757628613474503
1 0.3513763245907411 0.3670900151003572 0.3211823361340161 0.5316706797758858 0.5695716985478435 0.3635997187060478 0.4775491978197652
0 0.8138784192923781 0.872122610177889 0.7794767559825123 0.8254032511663182 0.665675216587938 0.8402976090014065 0.3473468197752725
1 0.2661091005104735 0.2747748504832549 0.2653989789932516 0.4216329366666282 0.6208689224667187 0.2689456575246132 0.5215511017961383
1 0.4237962682626298 0.4899040888782299 0.3797883275333917 0.6166888460293137 0.5438578318240296 0.4304815576652602 0.2453770070077568
1 0.3552481077275128 0.3385078828087212 0.2494037803032029 0.6081075413976907 0.4284416951762545 0.3606994549929676 0.3143523976566394
0 0.6580391480373174 0.7379084274144091 0.6429211442541514 0.7300462421532004 0.6475755688945447 0.6732248417721519 0.2210592036206333
0 0.6401761485653934 0.7437747798247366 0.6933959310778125 0.672564322792537 0.716564162034513 0.6637330696202531 0.7625354399767506
1 0.4602262277767998 0.4115869547838669 0.3184749180792156 0.7108127820527439 0.3965485163263781 0.4586053270042194 0.5744557786989304
0 0.5389818165815878 0.6311305004973012 0.5284268317995228 0.6412908844471972 0.6369596307028192 0.5645967827004219 0.2310734096991367
0 0.6109617848970252 0.7802140052951984 0.7865212178900799 0.5287771447561469 0.8462543421946321 0.6224262834036569 0.12023376385533
1 0.3633436542862172 0.3101845435941622 0.2699617359458571 0.5853652013877826 0.4724513228425496 0.3630723980309423 0.8164517472021343
0 0.6491516458370005 0.7547472195534556 0.7121379296324388 0.6515777732231699 0.740077163523457 0.6741037095639943 0.2683713167151055
0 0.4780012321774335 0.5653910966882204 0.589393778968511 0.4845639868515825 0.7819107018279875 0.4804012482419128 0.3434150143808749
1 0.2896917796162647 0.3970345978693813 0.3645268998362561 0.405662091415191 0.7062249459184579 0.3101645569620253 0.1330940713128139
1 0.3792707621897553 0.3587683512856578 0.317126986135481 0.5741722160701026 0.5275657759994528 0.3816165084388185 0.3159405572963987
0 0.3995976236578067 0.5505746290306905 0.6221877605497629 0.3566561387925592 0.8734896569006931 0.4021820147679325 0.812967661561717
0 0.6619989262453794 0.7354424806781026 0.6457436157780114 0.7178035321553417 0.6579898105418346 0.6814861990154711 0.320434306701191
0 0.6483596901953882 0.7455225193726671 0.6950319035310739 0.6597911101903017 0.7257106466819168 0.6559111462728552 0.3941292731900726
0 0.5593966731209294 0.6686891752245834 0.6113808711957212 0.6179724430765613 0.706175394172247 0.5832287798874823 0.1604241502482211
1 0.3140664143636683 0.2953943419836831 0.2775713756441516 0.4925486945142224 0.5675850922719414 0.3185138009845288 0.3710646590264802
0 0.4675298186938919 0.5180480777224361 0.5379984016576222 0.5200619037077854 0.7304103855408398 0.4658999296765119 0.8556567240486552
1 0.3840224960394297 0.3778724691267887 0.2853393562553102 0.6357140135528497 0.4378261677878537 0.39488741209564 0.6020011957590556
1 0.4254681746171448 0.4519759169369145 0.3454019864121854 0.6415204670357938 0.4908329269510016 0.4396217827004219 0.6575805557162809
1 0.4352356275303644 0.4787099185928124 0.3825403349100059 0.6300781979246827 0.5343780942355603 0.452453252461322 0.511877765808513
0 0.5855312092941384 0.649944241548337 0.5953065834166159 0.6572984311366731 0.6690764903225626 0.5977300984528833 0.3261815730892172
1 0.3780388311916916 0.413266048098401 0.3985902124764394 0.4869956557224975 0.6661707340500461 0.3776616033755274 0.2253081165274583
0 0.6592710790353811 0.7690145173438134 0.738722115844746 0.6389281697932032 0.7615051531559958 0.6726096343178621 0.5450491781666404
0 0.681093856715367 0.8460908627124651 0.8124002744256755 0.6112026960056159 0.8119987315007619 0.7010849507735584 0.4514169167181215
1 0.4186925541277944 0.4095330465893323 0.3165725488383297 0.6474135104915997 0.4576576839069106 0.4238021624472574 0.5200507817567205
0 0.6321685970779792 0.737264184125397 0.7011787205513255 0.6369033943543962 0.7435499732297238 0.6546807313642757 0.7897055721772073
1 0.4356756028868157 0.4895768107091494 0.5064130510731248 0.492870269018942 0.7308022630830563 0.4363699718706048 0.6088476043103122
0 0.5955626474212287 0.6981319636959628 0.6650646245772119 0.6163933279567949 0.7373870620337452 0.6070460970464135 0.1789456871717546
0 0.5875550959338145 0.6939500222661367 0.6530834412589075 0.6073371289602476 0.7367481236723933 0.5982574191279888 0.5217138344885622
1 0.3381770638972012 0.3653844945973794 0.3420965181469267 0.4847521015816161 0.6268283923384657 0.3432099859353024 0.5406555593510436
1 0.339760975180426 0.3697249991578678 0.3210272499161748 0.5023865864767875 0.5952025137533602 0.3440009669479606 0.2768262060076931
1 0.2442863228304875 0.3624592948911667 0.3116232968517547 0.3791391855259347 0.6911308559019209 0.2609479606188467 0.3015543645426812
0 0.5027278472099982 0.6801526127776196 0.7377284574542543 0.4188596743247909 0.8855108407402418 0.5070309423347398 0.4868461017887622
1 0.2672530364372469 0.2141362163265983 0.2251414935202336 0.454009324721337 0.5570459243912468 0.2637603375527426 0.3848464628882946
0 0.5191829255412779 0.5613833491041729 0.513197788317865 0.6243130534196175 0.639383827751597 0.521971694796062 0.3255609600920271
0 0.6168574546734731 0.7506708257360115 0.7129649476377581 0.6204482807776699 0.7598636643237731 0.6385974507735583 0.5283907912734881
0 0.5368699348706214 0.755074497722536 0.8192678436587486 0.4125324099592032 0.917932687868353 0.5547534634317862 0.8118360711879126
1 0.3805906882591093 0.3504518439955329 0.3075684350574731 0.5797028526853625 0.5137561928688451 0.3795951125175809 0.5420513240452786
1 0.465241946840345 0.5580567461881228 0.5230709056698363 0.5373682999901871 0.7094873351813085 0.4685365330520394 0.2389096525527507
1 0.388774229889104 0.374825607668899 0.2639187436968361 0.654885827947856 0.3954496540107597 0.3981392229254571 0.3916655035043702
1 0.3734630874845978 0.3988614578412501 0.3326339805720945 0.5534243052883288 0.5598937539745309 0.3856593002812939 0.2776941137006211
0 0.7150599542334096 0.8092239679851153 0.7413525603622549 0.7120905005146778 0.7174320155051206 0.7241112869198313 0.775079459321064
1 0.4568824150677698 0.4632387334557286 0.3707687539511763 0.6564086993054333 0.5002973104772648 0.4598357419127989 0.8075352083681989
1 0.2394465939095229 0.2981137641310992 0.3473281149267385 0.3096373068865909 0.767287004444494 0.2373064170182841 0.188903518581382
1 0.4281960218271431 0.478704600926845 0.4836834001764397 0.4996257168283137 0.7123428417956956 0.4293390295358649 0.4944476686951948
1 0.3464486005984862 0.3643812282848757 0.3060816903710118 0.5406139146060024 0.5485558259031565 0.3491862869198312 0.4158268016334221
1 0.3703832599894385 0.3709764232155138 0.2567470232138729 0.6304679322429024 0.413138231584179 0.3769585091420535 0.475958088342681
0 0.488736630874846 0.6225871061259034 0.6097173965695163 0.501579790362674 0.7815142878583011 0.5046579992967651 0.1139352056472492
1 0.4779132371061432 0.4870844367843991 0.4106740814227164 0.6570461286102429 0.5346084051686527 0.4841803797468355 0.7081265099181077
0 0.5573727864812533 0.6316321336535531 0.5978919504080576 0.6175305958939402 0.6985063890562274 0.5708367440225035 0.826358939737684
1 0.3922940327407146 0.4300099279570001 0.4344229400658231 0.4893105472905623 0.6886148834358654 0.3959420534458509 0.5554532544115856
0 0.6249530012321775 0.7405854693754796 0.7172079308043635 0.6085787815068795 0.7692502306711277 0.643079676511955 0.7438577255548484
0 0.4103330223552191 0.5284818217745249 0.5367842376793288 0.4396638288687537 0.7835274147871047 0.4261751054852321 0.1265496933276575
0 0.4571464002816405 0.4961031982649981 0.4452711640466556 0.586003583976697 0.6211156343298949 0.4673940049226441 0.2963882161076617
1 0.4865367540925893 0.4063912728509954 0.3160806016856182 0.7583217608693147 0.3447390250593518 0.4839167194092827 0.7566565780680634
1 0.4296919380390776 0.4403803434416597 0.3050636217678482 0.6992858295369807 0.3940088148550949 0.443576687763713 0.3641956350557327
1 0.376190934694596 0.413815217965573 0.3956761212876847 0.5025939257696032 0.6517933995737697 0.3798587728551336 0.6396642270839074
1 0.4157887167752156 0.5048578490025528 0.3905112457558425 0.5722947230255027 0.5908444027785242 0.4383034810126582 0.536979570404656
0 0.6043621545502552 0.640191481022853 0.5744517995878732 0.703537000002781 0.6216523285951923 0.6203170007032348 0.7180079733169902
1 0.4891766062312973 0.5179372124440869 0.5312797347218469 0.5514389322591909 0.7045216918814513 0.4876958509142053 0.2801469034362808
1 0.3412568913923605 0.3143558496920536 0.2444830068980783 0.5783204318525738 0.4537839238034873 0.339870288326301 0.3599449194705424
1 0.2947074986798099 0.3292727084373911 0.3027073853060188 0.4504125837935504 0.6254810733798748 0.3115707454289733 0.5391019783599262
0 0.4672658334800211 0.5833544946086615 0.5589085153017543 0.5120717941018843 0.7477001064528581 0.4875200773558368 0.1846359233714992
0 0.47351348354163 0.5357053069962732 0.5082177794633236 0.5630829798391727 0.6817223053291348 0.4904203410689169 0.3015710802875224
1 0.313626439007217 0.285124317586831 0.2649643144729432 0.5097785103068639 0.5404897089055319 0.3138558016877637 0.7231682220773599
0 0.6158895088892801 0.6857603332522629 0.6552538346349293 0.6504230284107682 0.7096855421661515 0.6269963959212377 0.2339672001148699
1 0.3933499735961978 0.3519462692737468 0.3230807997408744 0.5845669848306132 0.5233235184030814 0.3914598277074543 0.4110041453669028
1 0.4619861292026052 0.4643686569030906 0.3894212483926728 0.6505407589977231 0.5221346254499815 0.4601872890295358 0.3102606455272914
1 0.3576239746523499 0.4148977658434079 0.4228350866410362 0.4654825755658575 0.6989750369094746 0.3594690400843882 0.8818614400446105
1 0.328849586340433 0.3212361037468194 0.2650512148300546 0.5455981605484704 0.5064898829297781 0.3370579113924051 0.4737742254431419
0 0.8484604823094526 0.8937452068494278 0.8286143513560144 0.8239350347640885 0.6942417982784653 0.8555899085794656 0.3616561528786911
1 0.3332493399049463 0.3954768440237383 0.4169265132964611 0.4027537804918261 0.7414663571971556 0.3325756856540084 0.4377996482270963
0 0.5378378806548143 0.568511599762688 0.4921893828840413 0.6744645357749703 0.5850799992879875 0.5407794655414908 0.2476834520361309
1 0.3809426685442704 0.4597115095054565 0.4549164527470238 0.4594643341309415 0.7236186557063269 0.3843409985935302 0.4270327419911877
1 0.2704208590036965 0.3376314347724687 0.3175945230755208 0.3934494098666367 0.683819530644113 0.2790526371308017 0.2472275382895815
1 0.5415336736490055 0.5965658328510213 0.4981934815275386 0.6945664376949906 0.5734199848662428 0.5607297644163151 0.6874896118729134
1 0.5302703045238514 0.6270014134443627 0.4774848335053241 0.6725058547007698 0.5754599814039073 0.5638058016877637 0.5111194937361606
1 0.3315774335504313 0.3626230145464034 0.3233577742873234 0.5071471284159724 0.5929496540805649 0.3432978727144866 0.2532314405248744
0 0.5309742650941736 0.6307608421418751 0.6331328117075268 0.526420785329519 0.7777954642007764 0.5356820323488045 0.4911784295399414
1 0.2874039077627178 0.309952177705529 0.2738152948529723 0.4610302621539234 0.5928603213550018 0.2985635021097046 0.2522075192134291
0 0.3763669248371765 0.5076459173833654 0.5282299227506373 0.3936707306596576 0.8087126132326836 0.3946237517580871 0.7495282961724269
1 0.4173726280584404 0.4381098612150009 0.3745232073948442 0.6037883699990743 0.5507542484463118 0.4293390295358649 0.287840570819191
1 0.2639972187995071 0.2387423458885977 0.1622681087415808 0.5398296795490383 0.40522391042882 0.274570411392405 0.7765260267692279
1 0.3731111071994367 0.4502069067251146 0.4177196824735422 0.4773047283927712 0.6866711987429488 0.3850440928270042 0.2713159098847677
0 0.6218731737370182 0.720066368962859 0.6618774644760358 0.649314676758138 0.71417416266974 0.635257753164557 0.386381197696503
1 0.3645755852842809 0.3454514654309162 0.3281506381780479 0.5302769784145224 0.5766314265590456 0.3621056434599156 0.3006759685392647
0 0.5995224256292906 0.7085076968465897 0.6965798364839658 0.580767194388483 0.7759697266220797 0.6063430028129395 0.2190829764927974
1 0.2797483365604647 0.2936783472901636 0.2823531735717983 0.4560503059899273 0.604329456867047 0.2869624472573839 0.8161316898523819
0 0.5179509945432142 0.574906173659104 0.5307720022982743 0.6168607549295639 0.6568113862675116 0.5340121835443038 0.8212308114281855
1 0.2961154198204541 0.3194830465329216 0.2803530007454742 0.4853035764363005 0.5765494219086265 0.309725123066104 0.7865390856887715
1 0.3864863580355571 0.346914145854719 0.2502182677326839 0.6673558962047333 0.3668910983072948 0.3925144690576653 0.8040439120143207
0 0.4875926949480725 0.6023266376489668 0.6250492884138977 0.4794515241970054 0.8028344500994374 0.5035154711673699 0.7010537832920902
1 0.1994968315437423 0.2569645368861158 0.2648495864733859 0.3160894514699204 0.7093599662561891 0.2030305731364275 0.2355853497674325
1 0.2956754444640028 0.4551228471998258 0.4798492067047108 0.2988599534386473 0.8448375810001543 0.3082310478199719 0.3588057906235745
0 0.621169213166696 0.6925930505961088 0.6485076655262104 0.6658136414036897 0.6954676805632438 0.625326547116737 0.6111435610281977
0 0.6759901425805316 0.7906477493472871 0.7626298036049702 0.6477657489683601 0.7679706091686277 0.6926478199718706 0.2569254562549142
0 0.6059460658334801 0.6753899177676035 0.6318214950827997 0.6525820580276818 0.6946253008776603 0.6140770393811533 0.3972408599282948
1 0.2604774159478965 0.3217852736139914 0.3248832498445572 0.3930429930765811 0.6892437020743998 0.2666606012658227 0.2074127645160619
1 0.261973332159831 0.2337418061825881 0.1899876953126271 0.5063049019092936 0.471239049840181 0.2639361111111111 0.3784889079337157
0 0.5550849146277064 0.6521090150212209 0.6373935329620068 0.5713717851312756 0.7515093097038238 0.5652998769338959 0.16096528151749
0 0.5931867804963915 0.6450334575982003 0.5465369313154528 0.7152007487875972 0.5930609710315595 0.6060793424753868 0.2524587470256003
0 0.6883974476324591 0.8613719010058686 0.8984038003235815 0.5583956818953808 0.8741502305315173 0.7061823839662447 0.4790275579590975
1 0.3029790353810949 0.334949075145431 0.312284325410906 0.4464910907473614 0.6362125159941057 0.3038367088607595 0.4606317168815752
1 0.2141040133779264 0.2301195088104757 0.2359080246559913 0.3589854885028816 0.6522114488129285 0.2166530239099859 0.2737077363157128
1 0.4201004752684387 0.5628142846735645 0.5680877316748429 0.4308426144040643 0.8050705598861897 0.4249446905766526 0.3967397153427635
1 0.4759773455377574 0.5078887574625405 0.3834563688242015 0.6855525009604273 0.4850974868050809 0.4968360759493671 0.3431718166814215
1 0.2046885407498679 0.1340078529754827 0.116351522297493 0.4521329438415261 0.4497510397826547 0.2001303094233474 0.3710951406788376
1 0.2972593557472276 0.273829756213606 0.2825266488165189 0.4551956867898847 0.6052241799465152 0.2997060302390998 0.3129123854025309
0 0.5488372645660976 0.6220959471601932 0.59812677665396 0.5963575204013811 0.7131492790174785 0.5557202180028129 0.2161555907075305
1 0.356656028868157 0.3614031742017755 0.3272585262722706 0.5239323960543624 0.5814700498897427 0.3590296061884669 0.8414522740501221
0 0.6077059672592853 0.7068708225770084 0.716219154456406 0.57960704763282 0.7862272870436751 0.6155711146272855 0.8183781548551495
1 0.3555120929413835 0.4053404698275716 0.3379140723077474 0.5264927582794388 0.5879564432599286 0.3654453410689169 0.6221308856642175
0 0.7970713606759373 0.8290617625883454 0.6656686959734625 0.912611269889385 0.527804810831526 0.825181082981716 0.5481978017512753
1 0.2651411547262806 0.2634433877310444 0.236931951710196 0.4477613418171401 0.5734004433325259 0.2689456575246132 0.3298836189319748
1 0.2545817461714487 0.2423855916417935 0.2127720250856969 0.461793842721948 0.5382194014347751 0.2618268284106891 0.3342723213520301
1 0.4159647069177961 0.4817988379542618 0.4851148150475117 0.4858925471324444 0.7230324096948189 0.418353182137834 0.7314179337960149
1 0.2009927477556768 0.2213701757388884 0.2021099696601744 0.3679215737022115 0.61701575076489 0.2068975914205344 0.5495389944549995
0 0.5552609047702869 0.6594540008532531 0.6669253337218046 0.5504718255347703 0.7798246431037046 0.5558959915611815 0.4145387060015463
0 0.5227907234641789 0.6139062581463196 0.569587495141396 0.5856608783409857 0.7036580258823546 0.5352425984528832 0.5538981985018057
1 0.3451286745291321 0.3230260623397027 0.3153653824543356 0.5070301922324381 0.5865142082804269 0.3423311181434599 0.6732284594458016
1 0.4022374757965147 0.4264404849617752 0.4075297205610915 0.5255515491065346 0.6419873881634194 0.410179711673699 0.4161575111735144
0 0.6343684738602359 0.6557366300593006 0.6261495380663896 0.6877153437137604 0.6668794636032443 0.6398278656821379 0.7909520423268316
0 0.4340916916035909 0.4896559311330877 0.4761312058452994 0.5275807732044977 0.6871991691092654 0.4362820850914205 0.2703493465213067
1 0.5278944375990143 0.5540278890815987 0.4769121699160446 0.6686765124513877 0.5781431037744345 0.5317271272855134 0.665244233086388
1 0.3733750924133075 0.3066731115003991 0.1897167419519706 0.7074915402312733 0.2459454055295453 0.3779252637130801 0.4518271079861349
1 0.4346196620313325 0.4484380576547078 0.3207457187966939 0.6862650808288397 0.423608306184946 0.4509591772151899 0.6787233508626969
1 0.4779132371061432 0.4780552011132585 0.3452027990767838 0.7229283875032826 0.4122874769555739 0.4980664908579465 0.4236456732227895
1 0.3711752156310508 0.3928473387735879 0.3687864819474782 0.5088987879587257 0.6269843756522419 0.375376547116737 0.7101558341177919
0 0.5992584404154199 0.7148229891776744 0.6382130651687734 0.6370182650890367 0.7088773601645726 0.624271905766526 0.4402763644210581
0 0.4351476324590741 0.5244689176659029 0.4516526445780583 0.5726425128431069 0.6362850988336257 0.4632633263009845 0.4881771339417005
0 0.8547081323710615 0.8512970188358783 0.7438754372092569 0.912951592314834 0.5832989280720724 0.8650816807313644 0.4522776136975887
1 0.3915900721703925 0.4298462083017634 0.3858606120376188 0.5303363997903945 0.6221708771506095 0.3932175632911392 0.3859636318351773
0 0.6674546206653759 0.7780701802033978 0.6768806321231042 0.7141181358057994 0.6795242317419388 0.6973058192686357 0.2120859623581192
1 0.3866623481781376 0.3456785136535821 0.2811336393467171 0.629628406707854 0.4396232909778934 0.3915477144866385 0.3569762359627269
1 0.3782148213342721 0.3869808252218675 0.3529652467064036 0.553725543065477 0.576585015416468 0.3799466596343178 0.2829659646397831
0 0.5267505016722408 0.6279571430459462 0.6177019771344491 0.5494203531670658 0.7551586911254615 0.5350668248945147 0.1523996094453671
0 0.5050157190635451 0.5715056068436901 0.5292935570841214 0.5890612427431628 0.676267774730395 0.5190714310829817 0.5444416755575612
1 0.2868759373349762 0.3121909150777767 0.3017435073749865 0.4285013486424306 0.6433500611842166 0.2922356540084388 0.6539496337290239
1 0.2674290265798275 0.2622976724271733 0.2413306720336472 0.4479288020582342 0.5770868140858423 0.2683304500703235 0.3314798086844519
0 0.5036957929941911 0.5912484891664728 0.5583877640980901 0.5584782998511387 0.7158484533621303 0.5179289029535864 0.347534953844661
0 0.8257577539165639 0.9187949586662174 0.8537062599003213 0.7689040088371223 0.7407126123252166 0.8438130801687764 0.7017848513091128
0 0.5567568209822215 0.6892980313930769 0.638726330573885 0.5707823377930793 0.7525956096049099 0.5672333860759494 0.1826492079331748
1 0.3234818869917268 0.2876112127042211 0.2482636606366806 0.5435295340408381 0.4923473958140642 0.3253689697609001 0.7561511726063961
0 0.5828033620841401 0.6420924660354785 0.604498493100294 0.6396834885656522 0.6871360080806445 0.5973785513361464 0.2754576453687878
1 0.2581015490230593 0.3164732475954103 0.3345073830272765 0.3497862968905995 0.72942563182389 0.268154676511955 0.5374767818737543
1 0.4706976412603414 0.5117592125797951 0.4238721952100837 0.6394933083867246 0.5606314468723452 0.4785556258790436 0.512133582256523
0 0.6460718183418412 0.7633487859677082 0.7253988590337481 0.644549845040481 0.7513320400765344 0.6641725035161744 0.2654468807671635
0 0.529478348882239 0.6129874299237213 0.5550014166615124 0.6119440332778596 0.6760779426885734 0.5464921061884669 0.385803357340524
0 0.5418856539341665 0.6722586182198083 0.633165684127258 0.5583573916505006 0.757611153606937 0.5834924402250351 0.229025567076246
1 0.4485228832951945 0.4856535012150074 0.3742263792087555 0.6643214340181534 0.4961799791142983 0.4744249472573839 0.4432619275535662
0 0.6225771343073402 0.7068761402429756 0.6541275474222542 0.6643776777803424 0.6997134277192074 0.6371912623066104 0.665796016545997
1 0.4325957753916564 0.4229607977224232 0.3430309410880017 0.6349402646210395 0.4947813636297004 0.4381277074542897 0.3093296440915806
0 0.5078315613448336 0.5719966046680074 0.5936684954115896 0.5333271697888332 0.7527072755118638 0.5116010548523207 0.2785744762622543
0 0.6000503960570323 0.6968014192143784 0.6686122421521744 0.6163007005179354 0.7393555225997672 0.6114404360056258 0.2931373314957634
0 0.4934883647245203 0.5909423205198687 0.5947147171267013 0.520108137986873 0.7618774891644952 0.5044822257383966 0.3365512345653716
1 0.3133624537933462 0.3212994323142486 0.3186916807677408 0.4496239000774301 0.6384552559440833 0.3125375 0.2500426663766505
1 0.3626396937158951 0.3757391182255299 0.340480236598554 0.5266854805493127 0.5898690708724736 0.3667636427566807 0.4873334804667772
1 0.3563040485829959 0.3800478779316072 0.2852062392288736 0.5718668573430868 0.5003377893685357 0.3683456047819972 0.7761233739743783
1 0.5088875022003169 0.5699742801864908 0.5496936600181648 0.5777948545494057 0.6971248724136319 0.5156438466947961 0.54178026677109
0 0.3955498503784544 0.492269644526729 0.5146754198582623 0.4321150898034213 0.7767632524733711 0.4083340893108298 0.1513435676830506
0 0.5817474212286569 0.684355824871315 0.6532556146256189 0.5922588753923648 0.7465551819506213 0.5893808544303798 0.2655288206928554
1 0.3486484773807428 0.3616302224244414 0.2874747616598359 0.5396844626037252 0.5328653701522938 0.3585901722925457 0.5317778600418863
0 0.645015877486358 0.7593041370046751 0.7758090401612048 0.5836570751524864 0.811358397315573 0.6509894866385373 0.2180944532292509
0 0.458290336208414 0.5151280345407978 0.4811318820132362 0.5546696120906961 0.6703002788715857 0.4794344936708861 0.5663034116119972
1 0.369239324062665 0.4111699208589136 0.4265867735939346 0.4503647607076213 0.7126457355683082 0.3694881329113924 0.2532366846801187
1 0.3804146981165288 0.3867908395195801 0.3182651529849896 0.5863872808289192 0.5172883250881813 0.3902294127988748 0.4221928783402731
1 0.2629412779440239 0.2231548166658044 0.2294162099633122 0.4507031765648607 0.5640041062183129 0.2601569796061884 0.8142423190457793
0 0.590722918500264 0.6883635724553625 0.6458362118514129 0.6243586521759685 0.721624721355281 0.6077491912798875 0.4558665824428916
0 0.6516155078331279 0.7901198501439844 0.7756266145051711 0.6056807978279845 0.7987296811510032 0.6715549929676512 0.1980540778430933
1 0.2925076218975532 0.3579603883414089 0.3412288164538212 0.4185233239164454 0.6803181065491892 0.3066490857946554 0.3911655060777985
1 0.285819996479493 0.2794954875897112 0.2638095486788178 0.4633318077445196 0.5823476741272087 0.2881049753867792 0.4164418427156652
1 0.2122561168808308 0.2621128432494601 0.219471326586086 0.3949687858491627 0.6069392984861357 0.2205200421940928 0.3335201128341789
1 0.4554744939271255 0.5083059525288868 0.4641688997581278 0.5708560584305249 0.6464718211954971 0.4647574015471167 0.7453801693742029
1 0.4509867452913219 0.5147848033738154 0.4431486146874704 0.6017573982135855 0.606892887343558 0.4724914381153305 0.3202678047721852
0 0.44042733673649 0.4514583307827607 0.4220160426385231 0.5797548066690795 0.6089102017438723 0.4439282348804501 0.4257005626792897
1 0.3243618377046294 0.3292938179598674 0.2827027278172579 0.5156512170350986 0.550888945446575 0.3267751582278481 0.3049919083053056
0 0.6739662559408556 0.7259538308956628 0.7336975176683909 0.655954777190817 0.7485403924026863 0.6743673699015472 0.1979411646254899
0 0.8056948776623833 0.9216461944730662 0.8841387975077071 0.722203097180138 0.7819117486958652 0.8186774613220815 0.3818236990295224
0 0.7045005456785778 0.7995873904039479 0.7662486990009343 0.6923335285599471 0.7428353114252187 0.7082916666666667 0.3025559981943384
1 0.3937019538813589 0.4089310223452729 0.3956176995120236 0.5280161062790686 0.631326085696994 0.3966451476793249 0.3554077419051336
1 0.4090130962858652 0.4283359911670405 0.3807561110984514 0.5715510025429967 0.583739310492622 0.4122011075949366 0.2829698977562163
1 0.3350092413307516 0.3588474717095961 0.3555712810112407 0.4553434458261441 0.6609576809750942 0.3360911568213783 0.2731723408412422
1 0.4135008449216687 0.4293128302911005 0.3554960975562117 0.6066869892007061 0.531872939404241 0.4232748417721518 0.7583563398866151
0 0.795311459250132 0.9098661140828842 0.8172621378508856 0.7731203844330937 0.7196744064991389 0.8025941807313643 0.2243859646037223
1 0.340112955465587 0.3542220691663729 0.3053332732504956 0.5372955326368465 0.5509255858222942 0.3438251933895921 0.2722460919212216
0 0.5167190635451505 0.6118468711444246 0.5460383120379443 0.6106456603269863 0.6713073657699264 0.5356820323488045 0.1716571307814649
0 0.5513891216335152 0.6610644479343908 0.5733325099694975 0.6317964925237644 0.6734206430590293 0.5830530063291139 0.3988863775160384
0 0.6792459602182714 0.8484615748855385 0.822957854140963 0.5988012642042916 0.823375393683611 0.6941418952180028 0.1879866108128902
1 0.4350596373877838 0.4125902210963706 0.3628759557858894 0.6243214740958775 0.5224385660904717 0.4400612165963432 0.5715049580949156
0 0.4108609927829607 0.4181979415710142 0.3938860390250889 0.5553729768794279 0.6075995231610007 0.4173864275668073 0.2870326431518695
1 0.3697672944904066 0.3674016625543215 0.288004463274813 0.6150846277614518 0.4610470931389213 0.383198470464135 0.4196302891041863
0 0.6605030100334448 0.7397141778638016 0.6147138416339234 0.7624412192479547 0.6053194449233854 0.6850895569620253 0.5668671583007571
1 0.3436327583171977 0.2457333040803199 0.1526711522623027 0.6831028785722033 0.2247215551331568 0.3442646272855133 0.7665809779880085
1 0.2472781552543566 0.2389218574003435 0.2197409780687333 0.4512824555392715 0.5547375807209337 0.2490832454289732 0.4915337210577413
0 0.4846008625242035 0.5337674206046622 0.4465790632416085 0.6410953023250086 0.5773244530940784 0.4977149437412095 0.6967489873559434
1 0.3005151733849674 0.3056909547103718 0.3103153976568019 0.4429405840986624 0.6377032558519405 0.3077916139240506 0.5600912180855956
0 0.7163798803027636 0.8066576301610011 0.7290271930452786 0.7370263472499602 0.6945551607298548 0.7384368319268635 0.4447802743766361
1 0.3558640732265446 0.4162389456569267 0.356439959112853 0.5159929693867051 0.6116369436093033 0.373267264416315 0.2838101097542605
1 0.5268384967435311 0.5729418600790492 0.5793012951719961 0.5664811199117717 0.72255992332602 0.5293541842475387 0.6413015506790818
0 0.9149847562048936 0.886226349454403 0.7341640781999238 0.9999 0.5120906260754357 0.9316119725738398 0.4646377598486496
1 0.3255057736314029 0.3160613701950314 0.24906512928607 0.5552870224293028 0.4815206882229633 0.3252810829817159 0.3423819157977521
1 0.3647515754268615 0.3963005988244962 0.4035350706247335 0.4709458467710377 0.6820388083841573 0.3623693037974683 0.8288548298742576
1 0.3188181482133427 0.326600823000895 0.3242101789138212 0.4609835512327833 0.6331155318559305 0.3229081399437412 0.8374547528353198
0 0.8385170392536525 0.8520733980671092 0.7561996653829751 0.8795335824948384 0.614947837750487 0.8521623241912799 0.8165738376914152
0 0.3747830135539517 0.5069172360044478 0.4283592805034067 0.5015896409650913 0.6752453337698482 0.4039397503516174 0.4164579029411008
1 0.4549465234993839 0.4455180144730694 0.4047074117719825 0.6240976112119102 0.5581789843908698 0.4554414029535865 0.7675916250314917
1 0.4574103854955113 0.5428495106526903 0.4847545203084766 0.5647159555108658 0.6651664387993793 0.4777646448663853 0.794465626340498
0 0.5452294666431966 0.6586566732409389 0.6461605422104452 0.555212030746384 0.7663748335670643 0.5570385196905766 0.600922046937694
1 0.3966057912339377 0.4718456175359485 0.4126268984364573 0.5341617700226728 0.6387888578411082 0.4019183544303797 0.6469576998697386
1 0.3021870797394825 0.3058176118452301 0.2822228230361311 0.478535735933565 0.5842257550997899 0.3055944444444444 0.686487486581702
1 0.3564800387255765 0.4649125091042952 0.4919488609218488 0.3923207214864354 0.7909737860011351 0.3694002461322082 0.223488066897991
1 0.2837961098398169 0.2952570495168901 0.2183535015804705 0.5152813428023975 0.4909205148967686 0.2912688994374121 0.3768984539760369
0 0.5328221615912692 0.5695097095506173 0.4934383720990797 0.6706513993553717 0.5890786856248154 0.5446464838255978 0.3151809741852354
1 0.3202260693539869 0.3611181150776478 0.3379510130962573 0.4560994001213296 0.6475043818788616 0.3251931962025317 0.2797140967487765
1 0.5340540925893328 0.5738869543486982 0.516460945547826 0.6444419650559431 0.6262864637337798 0.5452616912798874 0.2455128634045539
1 0.381822619257173 0.432280410183659 0.3598051510317819 0.549615458647202 0.5856945107321933 0.3922508087201125 0.732462667848586
0 0.4891766062312973 0.6648504649617398 0.6342809053768551 0.4856477119981693 0.8035051434530794 0.5075582630098453 0.0762687328455184
1 0.3021870797394825 0.3320183966318579 0.2732198483985324 0.5046252153164603 0.5526846728127777 0.3057702180028129 0.5448458032710732
1 0.275876553423693 0.3271499928680669 0.2896939754612011 0.4262770190643313 0.6359996528589748 0.285556258790436 0.2445310592149142
0 0.6384162471395881 0.7421748069341408 0.736175642458828 0.6173823602156283 0.7732607815105695 0.6475619022503516 0.2183384703279613
1 0.3418728568913923 0.3440733842384119 0.3192016914778294 0.5188364569909367 0.579285934540916 0.3461102496483826 0.8360171987789821
0 0.735386815701461 0.8877733068267185 0.8425029486924902 0.664593278868734 0.7954728751835003 0.7456435478199719 0.1382721829769845
0 0.5732118993135011 0.6857339060638192 0.6577970533258244 0.5820746235383529 0.7554441371001125 0.5794496483825597 0.7181544819041272
0 0.6096418588276712 0.5812530497032068 0.4862446824247119 0.7875022639623472 0.4854862237436643 0.6120556434599156 0.7369832935490052
1 0.2671650413659566 0.3414490355128359 0.3855346543310752 0.3253585505832286 0.7782794661162298 0.2670121483825597 0.8005082042207176
1 0.3140664143636683 0.3202328374343157 0.3074286459062395 0.471230084314982 0.61129810737289 0.3157014240506329 0.748429809528602
0 0.6077059672592853 0.7334676929075061 0.6961760915663748 0.6113474363088766 0.7569425539890503 0.627787376933896 0.496749033448176
0 0.7819362084140117 0.9017764938740322 0.9137327629424422 0.6567641153958768 0.8298733026004513 0.7844895042194093 0.3759277936162913
1 0.3687993487062136 0.458850853325713 0.4176532866950749 0.4778809886341831 0.6861878947394139 0.39488741209564 0.2007590786700325
0 0.6088499031860588 0.6620730319128618 0.6291710341909 0.6495768298869854 0.6951072090573582 0.6133739451476793 0.4436324598975447
0 0.6803019010737545 0.7943440106187633 0.7192657117325928 0.6969278813035112 0.7150845887673736 0.7002060829817159 0.3927671038653713
1 0.2663730857243443 0.2275217484147365 0.1848874254769895 0.5088700305548945 0.4632493541976281 0.2679789029535865 0.7240390796076128
1 0.4713136067593733 0.4789738681944637 0.3777622798816356 0.6859821143303687 0.4794531241645196 0.4883110583684951 0.3809185906103303
0 0.6812698468579476 0.7994447802711875 0.7935168593723042 0.6165294887031114 0.8006363765122414 0.6845622362869198 0.1259731640104897
1 0.2562536525259637 0.2993545528568106 0.261473165856628 0.4407361146060818 0.6007411427382747 0.2695608649789029 0.6831574480015853
0 0.5400377574370709 0.647700025368729 0.5963804700394223 0.5920404144516586 0.7150695836611267 0.5499196905766526 0.5524735909537273
1 0.345744640028164 0.3273454573777147 0.278276342586112 0.5473078755906081 0.5172659919067906 0.3476043248945147 0.8295593493553562
0 0.7010687378982573 0.6457621389771181 0.5266627870971102 0.885695452068226 0.4349120365723157 0.7027547995780591 0.4199529685315608
0 0.6617349410315085 0.765481975727574 0.6907806208921602 0.6840037320513335 0.7076427539808133 0.6748068037974684 0.4161388288704567
1 0.4201884703397289 0.5014574433285319 0.505946490541592 0.4794975995954089 0.7398220767172592 0.427229746835443 0.7936463909634309
0 0.6395601830663615 0.6755323667589708 0.5606997367076081 0.788396285572059 0.5457844176749439 0.6625905414908579 0.3717873691710823
0 0.5396857771519098 0.6954760312573687 0.6935106590773699 0.5105705305173515 0.8163540508279241 0.5682001406469761 0.7603566573526044
0 0.562212515402218 0.6616822640349591 0.6587887588993023 0.5559363677854237 0.7723667563430197 0.5722429324894515 0.3989232504825997
0 0.4454430558000352 0.5518629544673219 0.5591422024043986 0.4758326988541219 0.7717585261060801 0.4567597046413502 0.2383073940989157
1 0.1844496743531068 0.1683085710201113 0.1787300306979136 0.3496239208313982 0.6140876613109826 0.1839591420534458 0.48867450929065
1 0.3386170392536525 0.3836595399717849 0.3648731993866927 0.464706443423785 0.6600870358568128 0.3432099859353024 0.2657082691301206
1 0.4146447808484422 0.4439973231478047 0.484452159140849 0.4705891596351211 0.7334595627126004 0.4114980133614627 0.3321127126704958
1 0.4448270903010033 0.4739841249617817 0.4421847367564382 0.5652598040927111 0.635344313567539 0.4466527250351617 0.628503189805421
0 0.6806538813589157 0.8310418680249091 0.7574842935085144 0.6626237939080112 0.7564976351410309 0.7015243846694796 0.2488473267406579
1 0.3425768174617145 0.3598507380220998 0.338366800385433 0.4870920962977765 0.6220030293342194 0.3424190049226441 0.3618319959592257
0 0.6898053687731034 0.8565827788074086 0.8713922726547674 0.5801651954762388 0.8529337082102727 0.7058308368495078 0.2124464980311634
0 0.5645003872557649 0.6309720985080318 0.6187958801316462 0.5951709994521492 0.7257738077105376 0.5636300281293952 0.8537109785731766
0 0.6040981693363845 0.6813724531222475 0.6221713243398972 0.6561298637047502 0.6864290233072424 0.6183834915611814 0.4858978929686561
0 0.5209428269670833 0.5919560610229142 0.5892111905777262 0.5675924902974008 0.7274850877346064 0.5279479957805907 0.232967369141578
0 0.5909869037141349 0.6726916051426637 0.6662517745868152 0.5950130720521043 0.7516747148284992 0.5943904008438818 0.2927484446084299
1 0.4006535645132899 0.4231454657587434 0.3917252469993847 0.5420134945526793 0.6169881832441106 0.4057853727144866 0.2801703382550287
1 0.3783908114768526 0.4318421055948362 0.3558622507462881 0.5547576319897153 0.5780590053882598 0.3936569971870604 0.7873144012656678
0 0.4673538285513114 0.5958265161401688 0.5118747547910556 0.5608249675560335 0.6857049396918381 0.4928811708860759 0.3740498943992856
0 0.6055060904770287 0.7285833361458132 0.7123205180232236 0.589838010407972 0.7781988572896473 0.622514170182841 0.4158982532486255
1 0.4830169512409787 0.6390720317660327 0.6463245788395994 0.4562425516177488 0.8267128084776962 0.4891899261603375 0.2170218596019447
0 0.4968321774335504 0.612021226131596 0.5836542870303756 0.5441639446126489 0.7400478512228816 0.5045701125175809 0.1624595380024065
1 0.303331015666256 0.3295102308505986 0.2805565819191567 0.4803336297554059 0.581204494404768 0.3099887834036568 0.3105710339658121
0 0.6423760253476501 0.7456651295054274 0.7233291984686853 0.6210728407470635 0.7646893762839786 0.650550052742616 0.2277576286660904
0 0.6125456961802499 0.798399294913731 0.7581887722462213 0.5748169538863832 0.8085168489395551 0.6358729606188467 0.089656405664755
0 0.6513515226192572 0.6840548127492853 0.6158801615953801 0.7294289906952778 0.6304460187678134 0.6560869198312236 0.3250840697245005
1 0.4334757261045591 0.4946405178411953 0.5019798309824309 0.5028142932785191 0.7211864326704869 0.4334697081575246 0.8496769121515156
0 0.7267632987150149 0.8350865169879421 0.8229697337777966 0.6671280613036623 0.785204497127169 0.7297360407876231 0.1636299679009888
1 0.2693649181482133 0.2921101192539788 0.2760913030824872 0.4235819260190957 0.6276847302624186 0.277031241209564 0.5953763527668698
0 0.5848272487238163 0.7400258253177658 0.6924244046134765 0.5742621425373315 0.7778820052786657 0.5964996835443037 0.3340089664308565
0 0.5548209294138355 0.6798358087990808 0.6596650855342187 0.5517762359516414 0.7753918555535934 0.5705730836849507 0.1489541994498764
1 0.2302951064953353 0.2521066073128665 0.1675123988319818 0.4871672468613794 0.4676475951077757 0.2423159634317862 0.460958329425383
1 0.4386674353106847 0.4427881181351115 0.4328022646791693 0.5702898076722145 0.6245626212951788 0.4347880098452883 0.2868828569677047
1 0.2801003168456257 0.2288365010398116 0.223743113803644 0.4826748955170396 0.5282814846718354 0.2772070147679325 0.5739249718602986
1 0.3557760781552543 0.4413731355636217 0.4747235502478946 0.3947582689426639 0.780130328523991 0.3589417194092827 0.3664871670176309
0 0.8081587396585108 0.9104575029950088 0.8045706173438328 0.7978344337333028 0.6975446664325867 0.8366942510548523 0.4391829580526261
1 0.3633436542862172 0.4229765895789323 0.3857704569854844 0.4997548868245277 0.6469544272871135 0.3715095288326301 0.1927809158651202
1 0.4021494807252244 0.425764496818352 0.3886624162480834 0.5511272083568888 0.6071176149813027 0.4054338255977496 0.2891289942107697
0 0.5353740186586868 0.6975194652613615 0.6812625907671874 0.5040880397233493 0.8145492506067813 0.5583568213783404 0.7988074591230576
0 0.6309366660799155 0.7169614966035076 0.6594973060057879 0.6657960056477491 0.7018699755472549 0.6458920534458509 0.5681088759346914
1 0.3280576306988206 0.3758606188358139 0.3113118225380631 0.5053084022583051 0.584683585318301 0.3440888537271448 0.6575854721118225
1 0.3295535469107551 0.3076077315795064 0.3067767304931523 0.4917701791618877 0.592869743165901 0.329939082278481 0.7456502433692832
1 0.2625892976588628 0.266886173591411 0.2424483343045115 0.4403649693279075 0.5850088122723044 0.26639694092827 0.3085705526199713
1 0.4848648477380743 0.5627034193952153 0.5025012331250996 0.5845615828873522 0.6621050481690457 0.4948146800281294 0.2286747003144336
1 0.3667754620665375 0.3594019592427353 0.2078937254506213 0.6997583406916427 0.2791422838431087 0.3896142053445851 0.6129434534359448
1 0.4882086604471044 0.5261902300253897 0.4485764695771631 0.6477031499788051 0.5734098651434252 0.501054641350211 0.2874647943199682
0 0.622137158950889 0.7121142023621929 0.7146708960340118 0.6090021985301391 0.7677315743365544 0.6335879043600562 0.6236190785946327
0 0.7435703573314557 0.8253074904154073 0.7514466715062812 0.737764665789205 0.7065822768207104 0.7529381504922644 0.4846709245213464
0 0.7937275479669073 0.8450663257360921 0.8079727500512717 0.7642743845816768 0.7202557671272177 0.7940691631504923 0.2610855462822893
1 0.435763597958106 0.4462097944730017 0.3612556058687379 0.6335265442934732 0.5126479087423275 0.4452465365682138 0.8025394949786184
1 0.2922436366836825 0.3033887276293019 0.2793012460488236 0.4727168897572572 0.5869877415171033 0.3018153129395218 0.2844677595978633
0 0.6095538637563809 0.741293041231921 0.766283198768177 0.5469545249490586 0.8278001552466601 0.6155711146272855 0.2148289833105795
1 0.3048269318781904 0.2752975931619831 0.2333138699879877 0.5320948912025661 0.4889726427323412 0.3043640295358649 0.5477646673040683
1 0.4162286921316669 0.4506294194574283 0.3994266690973251 0.56618893833362 0.602882336504116 0.4256477848101265 0.4564436033996136
1 0.3898301707445872 0.3988985203616285 0.3707907231425809 0.5398390535094031 0.6027235615426659 0.3926902426160337 0.3143920565806742
1 0.442099243091005 0.5673077124159621 0.5610650762239288 0.4656508302103723 0.7793776305199297 0.455265629395218 0.4520449043086239
0 0.4121809188523147 0.4768037770556125 0.4625493635147321 0.5077448375497446 0.6931268839887222 0.4192320499296765 0.2677223525036262
0 0.5608045942615736 0.6844666901496642 0.6877034694827581 0.5453700078860311 0.7930577509896626 0.5662666315049226 0.1013159654511506
1 0.4487868685090653 0.4174797343826381 0.3261857787927223 0.6881003116114558 0.4273431818165953 0.4525411392405064 0.8165091051501185
1 0.4762413307516282 0.5155292766092421 0.4345342506356063 0.6380714851442667 0.570368713958727 0.4835651722925457 0.3051797146149914
0 0.6312006512937863 0.6968594301158404 0.6283871408946342 0.6984200886890476 0.6607465626197595 0.6414977144866385 0.215289649572819
1 0.3860463826791058 0.3603999078892718 0.2951699998372327 0.605258651850198 0.4776950840419138 0.3857471870604781 0.7559466505518692
0 0.4372595141700405 0.5086227565074255 0.4985570309615967 0.5069704530951976 0.7161761230078482 0.4436645745428973 0.4765018416895721
0 0.4518666960042246 0.5782696779541393 0.5802274186407628 0.4721147319643289 0.7851343569793635 0.4675697784810126 0.5458503867600554
1 0.4297799331103679 0.4826965566543836 0.3376004824422908 0.6695277951570631 0.4568435696540247 0.4504318565400844 0.3162281664355771
1 0.2769324942791762 0.2627622430630468 0.1985835076028607 0.5218165819835374 0.4641430304092187 0.287665541490858 0.7168863796141202
1 0.2683969723640204 0.3718897726307517 0.3951480470202189 0.32429198455053 0.784465757361477 0.2730763361462728 0.6180558492797105
1 0.210672205597606 0.2549315770726646 0.2601153070930735 0.3424958978176948 0.6843740216633312 0.2188501933895921 0.1683003797855727
1 0.3666874669952473 0.3793191965526895 0.3133932000052086 0.5532052088248861 0.5434813083440194 0.3714216420534458 0.423719746915615
0 0.5096794578419293 0.6821538277366597 0.6762711904800659 0.4922724010044857 0.8191949012920235 0.5256629395218003 0.0785289637558023
1 0.3783908114768526 0.3988774108391521 0.3705694038810236 0.530217239277282 0.6106281119311665 0.3824074894514768 0.8103606608859052
0 0.5660842985389896 0.6578540279626574 0.5996934241032335 0.6149443361173473 0.7013598019348593 0.579889082278481 0.1927786215472008
1 0.4130608695652173 0.4388385425939187 0.36950300305677 0.5889253997582147 0.5595702718003237 0.4259114451476793 0.3720635067206638
0 0.4948082907938743 0.5723557888328918 0.5270780861820324 0.5796868057362633 0.6816661234196987 0.5028123769338959 0.2083704783675481
1 0.3038589860939975 0.3061397334897362 0.2450732458404815 0.530852920894566 0.5016896447545965 0.311834405766526 0.3131655797729187
0 0.6678945960218272 0.7575721893132537 0.7320501537825493 0.6532695347479986 0.7493538087436538 0.6828045007032348 0.7171567813689033
0 0.5939787361380039 0.7672034492284538 0.7182150961792003 0.5823178698657866 0.7855660155009323 0.6196139064697609 0.1183965068414674
0 0.4345316669600422 0.5847749559875116 0.5917858170755924 0.4273094257499377 0.8187154358040402 0.4579022327707454 0.6799014831142941
1 0.0927588100686499 0.0771023814692878 0.0887808380237445 0.2661835986522634 0.6147778961983416 0.0936115330520394 0.2892053622215145
1 0.3475925365252597 0.3448969778977769 0.2832871083086198 0.568973322323348 0.5012953245206654 0.3617540963431786 0.7951876809656946
1 0.4679697940503432 0.5057344581801982 0.4941200679716264 0.5618804119408417 0.6734743822767508 0.4710852496483826 0.795603444148655
0 0.6062100510473508 0.6937705107543909 0.6353448651798417 0.6564158489362202 0.694096283643466 0.6233930379746835 0.808388202994651
0 0.6385042422108783 0.7935995373833364 0.7346823883823209 0.6281616202317818 0.766026924475711 0.6918568389592124 0.5812817022687639
1 0.3522562753036437 0.3944155668097727 0.404909853802407 0.4460161963824371 0.7019767560707797 0.3521744374120956 0.8506714989695632
1 0.3792707621897553 0.3733788802429982 0.351501773089356 0.5368290589481822 0.5900058616084922 0.3788041315049226 0.5586780821271139
1 0.3532242210878366 0.3643496445718576 0.2845805241107208 0.5688401803100303 0.5026447372150118 0.3618419831223629 0.3282020477769267
0 0.6059460658334801 0.6692488192822971 0.631525643305218 0.6501988477654325 0.6960745149763465 0.6276994901547117 0.3219724829862784
1 0.6114017602534766 0.7258745493303316 0.5914286142968289 0.7090625524361479 0.6290648510811772 0.6443100914205344 0.4280520746667943
1 0.2712128146453089 0.2446613915344196 0.2353853206353133 0.454328198254426 0.565919874434491 0.2671879219409283 0.3458782924270232
0 0.6960530188347122 0.781460111686877 0.7286022926100388 0.7086369110833103 0.7126893550632121 0.7116313642756681 0.2332448177299706
0 0.6545193451857068 0.7406858604632872 0.7146274458554561 0.6551583083211732 0.739136029301411 0.66118435302391 0.2510565910171615
1 0.4524826615032564 0.5159464716755884 0.3837019355636794 0.6580731333525882 0.5103601534736091 0.4767978902953586 0.7868288252660179
1 0.1711624185882767 0.1452548776377877 0.1633594079827596 0.3400186301904287 0.6098422631109783 0.1685789556962025 0.4717175333082765
1 0.2678690019362788 0.2226320739870761 0.233912082933197 0.4491933334233837 0.5694101319387195 0.2650786392405063 0.7984359434999708
1 0.4694657102622778 0.5510338820005967 0.5088560251573147 0.5649733422191888 0.6807480202909619 0.4869927566807313 0.2519926727282651
1 0.3811186586868509 0.4229712719129649 0.4120356830855472 0.4960858551854528 0.6683722971968346 0.3845167721518987 0.234951298622429
1 0.3999496039429677 0.4485753501215007 0.4352655806072522 0.5056514256553848 0.6767856253738939 0.4014789205344585 0.5569435777800689
0 0.6879574722760078 0.7615535097088575 0.6843018249795727 0.7260791503506603 0.6758378609886225 0.7019638185654008 0.3930524186866304
0 0.395725840521035 0.5096893513873584 0.537632411202297 0.4319385733633307 0.788978106870293 0.4057853727144866 0.1282714150462946
1 0.3694153142052455 0.4626262350211274 0.4794788224111046 0.4240337826848182 0.7628936489177758 0.3694881329113924 0.8588825350432917
1 0.424852209118113 0.5015260895619285 0.5355640525152431 0.4531969677832783 0.7740305783566331 0.4260872187060478 0.1627350200325825
1 0.5200628762541806 0.4856112821700546 0.3862846987991028 0.7460274146491074 0.4310333910854631 0.5251356188466948 0.6285825076534907
0 0.6417600598486183 0.7974329299802126 0.7975357567865828 0.5617232789442174 0.8329210839483749 0.6532745428973277 0.0983676030449066
1 0.363607639500088 0.3394847219327812 0.2468346867868757 0.6215494827995133 0.4117312411565597 0.3727399437412095 0.6005682303385567
1 0.4311878542510121 0.4450798710256397 0.3884934975763948 0.6034539261589387 0.5626560893478034 0.4401491033755274 0.5970567767629582
1 0.2922436366836825 0.2935463724893379 0.2185367409102598 0.5435460576319897 0.4624865364707492 0.3077916139240506 0.7388492295368599
0 0.4815210350290442 0.5702488651200768 0.5279060805958585 0.5653684784806696 0.6925148152362312 0.4950783403656821 0.2718349173740999
1 0.4161406970603767 0.5086702932183457 0.4948365890809181 0.4778897270718113 0.734462113183471 0.4242415963431786 0.2602843376888745
0 0.5725959338144693 0.6568613969820882 0.6006490025619574 0.6326333170871822 0.6897043239405847 0.5858653832630099 0.1921740687754464
0 0.2992832423869037 0.3882639941339246 0.3923564950990764 0.389173454014109 0.7363764855758121 0.309373575949367 0.1367459699210481
0 0.6178254004576659 0.6898683107827251 0.6093831393906644 0.6958501936229222 0.6504949344494712 0.6294572257383966 0.2406380933452945
1 0.3449526843865517 0.3596765441763214 0.3069809626058394 0.5326530390459848 0.5565723911545702 0.355514135021097 0.3915347273829659
1 0.4846008625242035 0.4546107398530322 0.3471743305869063 0.7284407528398651 0.4088495628452301 0.4944631329113924 0.4013752208190025
1 0.4150847562048935 0.37285613756427 0.2785219093255899 0.685769531974976 0.3791192130306675 0.4216928797468354 0.7657894383058252
1 0.5033438127090301 0.5321727653800337 0.4654016154980516 0.6501972589585909 0.5843862748410362 0.5084371308016877 0.2806426399867165
1 0.1981769054743883 0.1992511024356719 0.2307382670816148 0.3246464473568685 0.6777382751425944 0.1956480836849507 0.2029157375142419
0 0.4627780848442175 0.5072393576489539 0.4673863285230169 0.5764396023136066 0.644394835326154 0.4660757032348804 0.2546762052946731
1 0.1649147685266678 0.1525628009494416 0.0987135162946348 0.4203428255113307 0.4650401961804016 0.1679637482419128 0.2946097919604459
0 0.6379762717831369 0.7579205770048105 0.7331092315430014 0.6107514748626302 0.7757460458522127 0.6504621659634318 0.8079411387600763
0 0.5519170920612568 0.7000593758970319 0.7132775610947077 0.5024406059093985 0.8298579485382452 0.5581810478199718 0.4325492655484655
1 0.3629916740010562 0.3698780834811698 0.3003591228469954 0.5686517478186285 0.5175004903113938 0.366148435302391 0.6597598299799813
1 0.3643995951417004 0.3548292499350067 0.3299198903924971 0.5330332405231558 0.5756735424509566 0.3679061708860759 0.3323196929227933
1 0.4215083964090829 0.5138555009606754 0.4689391435184432 0.5198553588183905 0.6882746513756152 0.4308331047819972 0.3815451032821702
0 0.480817074458722 0.5305412087764199 0.5162324659572182 0.5554098371981507 0.6923804671919271 0.4861138888888889 0.4885591378752759
1 0.3482964970955817 0.3702688513590724 0.3525728932213928 0.4892825842901519 0.6310015566549091 0.3559535689170182 0.8002505850943423
1 0.3770708854074986 0.3799316949872906 0.3754794367925726 0.5126402691897729 0.6289238728736478 0.3773979430379747 0.3729532104338259
1 0.402677451152966 0.390053952726808 0.2618217436935807 0.6853732835487061 0.3607585462797693 0.4178258614627285 0.6996894835293209
1 0.5090634923428974 0.6087950143033536 0.560816254789428 0.5842387373371594 0.6993634248920987 0.525575052742616 0.4664171672749737
1 0.3380890688259109 0.3625648425035486 0.3068079755653722 0.520609247664682 0.5672828964112473 0.3416280239099859 0.2891966765893911
0 0.647655729625066 0.8053428775359259 0.8143483721316332 0.5558013192038962 0.8430701190666492 0.6585477496483826 0.5561092654566746
1 0.3320174089068826 0.3219754204576718 0.2636564152779903 0.5588079772707499 0.4923400677389203 0.3396066279887482 0.609877261416556
1 0.3363291674001056 0.4040044465386271 0.3659376473939327 0.4569905618787267 0.6670152074713851 0.3415401371308016 0.2270793299612133
0 0.7543057560288682 0.9500225492059056 0.945540734666506 0.6248167051883728 0.8584772225786164 0.7662090541490858 0.0378982322022432
0 0.4912004928709734 0.5952087000396004 0.5791240770279993 0.5302148560670197 0.7468088729329821 0.501054641350211 0.7046740530890073
0 0.8196860939975357 0.8378007826107838 0.6956167722266893 0.9220670538065692 0.5427711829669842 0.8359911568213783 0.420192233114581
0 0.6081459426157366 0.65731549342742 0.6089489630746093 0.6689852176206911 0.6693455353671297 0.6148680203938115 0.6819616167260386
0 0.5502451857067417 0.7019601997682646 0.6590411604983284 0.5759413524881124 0.7599687000675016 0.5670576125175808 0.1973346452955189
1 0.4126208942087661 0.386606010341867 0.247800843004424 0.7231751292057674 0.3025544370598348 0.4189683895921238 0.5092596213028071
1 0.3598238514346066 0.3987928116078535 0.3583247530006152 0.5160061564834896 0.6130854597960713 0.3708064345991561 0.5558468938146093
0 0.5284224080267559 0.6272389358575703 0.6119781077324236 0.5468668228114079 0.7537513517418828 0.5386701828410689 0.2218433687095043
1 0.2830921492694948 0.3657699448093147 0.3895621766871645 0.3408700717767883 0.7696131448687279 0.2882807489451477 0.5547818386604666
1 0.4686737546206653 0.4718507740605229 0.3656533497836822 0.6875914167801236 0.4666021230539195 0.4840046061884669 0.5701953942025084
1 0.2783404154198204 0.4452487472054507 0.507984906034435 0.2552974119356769 0.8837273268326121 0.2853804852320675 0.5463836517964579
1 0.3125704981517338 0.3531976933313928 0.3156410551227753 0.4626529105811469 0.6251101331952122 0.3173712728551336 0.561481246985032
1 0.3658955113536349 0.3938241778976479 0.416446283045832 0.4524046298114225 0.7046501076744484 0.366148435302391 0.3143353541520955
1 0.3234818869917268 0.3009809529358502 0.2241519034985204 0.5741261406716992 0.4368253620967793 0.3333666666666666 0.3796477023628498
0 0.6697424925189227 0.7377076452387941 0.671861566928288 0.7149710073183164 0.6759463862919433 0.6871988396624472 0.3937018745376639
1 0.3615837528604119 0.3729670028426193 0.2996134722172487 0.5835148769401722 0.5027885070702149 0.3682577180028129 0.3062472279669047
0 0.6839976940679459 0.6800206379767939 0.5009956112075055 0.90453028053215 0.3936755619140293 0.7072370253164557 0.5947522982928007
0 0.5032558176377397 0.5890361789826688 0.5559550423032225 0.5602091460242683 0.7132117421341808 0.5188956575246132 0.1895710012160678
0 0.6846136595669777 0.7530521732410196 0.6870834500808953 0.7152306183562174 0.6848018416693483 0.6938782348804501 0.2343832910575331
1 0.2793963562753037 0.2777952847527008 0.2063168257120255 0.5157339938715407 0.4783497254214311 0.2888959563994374 0.4640314043985299
0 0.6765181130082731 0.7763804515569291 0.7796669929066009 0.6266619454540904 0.7884892195714104 0.6861441983122363 0.1370532446423926
1 0.3794467523323358 0.4077376091890887 0.3406942327963097 0.5605494684497175 0.5603861308330058 0.3888232243319268 0.7263484744733119
1 0.3375610983981693 0.3838972235263854 0.3372447442762877 0.4955413710808709 0.6139878599066426 0.3507682489451477 0.5048106110974426
0 0.7440983277591973 0.8928689199545683 0.8256491614554001 0.6990581535165938 0.7680630824978238 0.7684941104078762 0.3147393179857563
0 0.4897045766590389 0.5383507652443255 0.5307285521197186 0.5675850229052457 0.6926840588764581 0.4973633966244726 0.6628388046277781
1 0.415260746347474 0.4062169178638241 0.3479948392021798 0.6105940241046375 0.5217280917574774 0.416946993670886 0.6831259830701196
1 0.4702576659038901 0.6389347392992396 0.5072976771803495 0.5498215268945446 0.6908017904323662 0.4762705696202531 0.3443720727129557
0 0.4771212814645309 0.5718488380106727 0.5255063939554734 0.5618340187810699 0.6935550529506987 0.5012304149085794 0.7624287541934999
0 0.497008167576131 0.5775303612432869 0.5890917432703858 0.5240372573059013 0.7563102457909238 0.503867018284107 0.6448679040048938
1 0.4090130962858652 0.3851750747724752 0.3385103324359429 0.6047542056780219 0.5186014463627676 0.4111464662447257 0.6931813229913204
1 0.5570208061960923 0.6365638659847733 0.6160892757506015 0.5799416503536399 0.7343535878801501 0.5658271976090014 0.744756606539688
1 0.2679569970075691 0.2544352615823801 0.2226373311696133 0.4798317256741762 0.5299973011233744 0.2748340717299578 0.3995745090119986
0 0.4293399577539165 0.5836132876857385 0.6096060859997331 0.4032154877599658 0.841338599596945 0.4387429149085795 0.1635326232692669
1 0.2547577363140292 0.2456119646114289 0.2368025775830357 0.4368324161965175 0.5833886097535949 0.2599812060478199 0.3752968561884641
0 0.5295663439535293 0.6497963137496093 0.6514831077161469 0.5299638245860628 0.784784703108214 0.5340121835443038 0.7573758467357865
0 0.5943307164231649 0.6862037943656601 0.7014522776680002 0.5687634409395859 0.78561696307098 0.5942146272855134 0.220925805421607
1 0.3981897025171624 0.3769589585701578 0.3298437305289611 0.6036374333491319 0.5118037842769477 0.3977876758087201 0.8384416373003524
0 0.5680201901073755 0.6672951410341771 0.6599360388948751 0.5695149465756151 0.7644705808975407 0.5703973101265823 0.18265101061154
1 0.2617973420172504 0.267451135315092 0.2672652211193833 0.4062923710892138 0.635710019412813 0.2601569796061884 0.3007665940970798
0 0.7775364548494984 0.823807908612619 0.6793385778043992 0.8582939359956204 0.5789181349598864 0.7989908227848102 0.3029547178727549
0 0.3915020770991023 0.5627561126307098 0.5282278071988723 0.4354600048468302 0.7817721663121728 0.4079825421940928 0.1089762013443786
1 0.3568320190107375 0.3517561224300664 0.3014094129308857 0.554096211701599 0.5320208967309549 0.3567445499296764 0.8276968548443806
1 0.2682209822214398 0.2766758354958804 0.1807415949568178 0.5350685020871165 0.431117838427597 0.2824802215189873 0.2643580630345703
1 0.3127464882943144 0.3267909698445754 0.2099288862484415 0.5781888786460976 0.4171794905480332 0.3258084036568214 0.3720828445431271
0 0.5207668368245028 0.6141861607458728 0.5812256336042867 0.5730376491045879 0.719210644029321 0.5356820323488045 0.1998782244688452
1 0.4175486182010209 0.426345411539935 0.3341081946827177 0.630659224586619 0.4905010698337729 0.4257356715893108 0.4841797766067495
0 0.3753109839816934 0.5149432053630847 0.5850342777200859 0.338719939478187 0.8681167819964134 0.3854835267229254 0.6499234335402293
0 0.6404401337792642 0.7137617119637089 0.6869060692021473 0.6512001138369455 0.7268150922928829 0.6429917897327708 0.202211054153292
0 0.461282168632283 0.5438263497767503 0.5249936167546152 0.5248535862610638 0.7194465382577611 0.4666909106891702 0.2654606466746798
0 0.5448774863580356 0.7116389963943848 0.7183177818071729 0.5281015840871413 0.8174078978248016 0.5756705168776372 0.2360420829132389
0 0.637360306284105 0.7509769943826156 0.7075795665181144 0.6369253198888088 0.746879710992706 0.6439585443037975 0.4595671533669868
0 0.6239850554479844 0.7705036249560601 0.7073930724933022 0.6352780449555423 0.7478124702717305 0.6426402426160338 0.3634260552736349
1 0.4212444111952121 0.4601180692398681 0.3763323296233239 0.588619554441226 0.5654899606927184 0.4311846518987342 0.317700790780111
1 0.5983784897025172 0.5963545764848645 0.4761604981005056 0.7809911746451982 0.4823819115303454 0.6024759845288327 0.424575691379392
0 0.759585460306284 0.7964825180445964 0.7029284445956372 0.8077052139974868 0.6310723947146331 0.7734157700421941 0.6894269994759713
1 0.2888998239746523 0.3622427208590425 0.3415441964015404 0.4166853921621987 0.6820028659203565 0.3019910864978903 0.730599190058502
1 0.2476301355395176 0.3063720993783694 0.2823668432908944 0.3926136974680079 0.6589323405877175 0.2649907524613221 0.2029962025212713
1 0.3334253300475268 0.3426318133370855 0.2821051658110532 0.5379075410321921 0.5296563711512057 0.3347728551336146 0.4998740583342116
1 0.3947578947368421 0.4069720264311856 0.3421485932672932 0.5925127667256364 0.5329923901214539 0.4070157876230661 0.3245868582554024
1 0.3819106143284633 0.3957303194348479 0.3512479068775697 0.5377438939275176 0.5890144777283169 0.3875928094233474 0.6008740301412386
1 0.2160399049463122 0.1849045230799829 0.1707229927373228 0.4254413066657026 0.5339931958125285 0.219553287623066 0.608654881605085
1 0.3627276887871853 0.404643372161672 0.369781279481228 0.5091463240646313 0.6275280490367238 0.3708064345991561 0.4409736731886957
1 0.3989816581587749 0.3929793135744136 0.2801427474469948 0.6622779106586166 0.4053422064989993 0.4072794479606188 0.5618927492918564
1 0.2915396761133603 0.2774309440632419 0.2454688540205152 0.4922499988280205 0.5392823212865928 0.2931145218002813 0.5648942087699488
1 0.3882462594613624 0.4301525380897605 0.3889340205477445 0.5345640559149405 0.6210081558944518 0.4008637130801687 0.3450066154975133
1 0.2610053863756381 0.3396220143995742 0.3270479475042889 0.3792291119931635 0.7016773518577595 0.2693850914205344 0.3835305076816836
0 0.6958770286921316 0.8072014823622058 0.7609741402468203 0.6718941640667925 0.7526238750376075 0.7147074015471168 0.2382988723466437
0 0.5598366484773808 0.6429371692173199 0.6575171495538548 0.5567765288432086 0.7711991497034328 0.5611691983122363 0.8492563964528651
1 0.3834945256116881 0.4675843945407913 0.4539662445350877 0.4669110717970497 0.7176469723760069 0.4012152601969058 0.228026555502211
0 0.3785668016194332 0.4593629606725066 0.4991126074020059 0.407574538210304 0.7846932766468955 0.3785404711673699 0.6038417303699459
1 0.3974857419468403 0.4272800316190422 0.4533286497801014 0.4744642595215384 0.7117513614447991 0.3935691104078762 0.3295525816321797
1 0.3048269318781904 0.287030459124031 0.21852681409044 0.5628333782843731 0.4425908124551938 0.3041003691983122 0.2343945987672786
0 0.4460590212990671 0.5889253137043196 0.613337105639236 0.4300726786086737 0.8271238785976703 0.4583416666666666 0.3039871609364722
1 0.4394593909522971 0.4387434691720785 0.3494661240872823 0.6503593172564239 0.486345353315291 0.4493772151898734 0.7516334967433018
0 0.4571464002816405 0.5872882782933453 0.6381670112341993 0.4161096085628393 0.8464518512675568 0.4586053270042194 0.0984243054734854
0 0.6026902481957401 0.6600400720994105 0.5857044194253013 0.6939657098282196 0.6363580306291049 0.6263811884669479 0.2953462680125642
0 0.5527090477028692 0.6575794430290715 0.6145237674445859 0.598989378934325 0.7208067685868436 0.5754947433192686 0.2576009690023179
1 0.3050909170920612 0.3054692241536732 0.2465061253243138 0.5137993037806469 0.5196224914994775 0.3147346694796062 0.658349807738676
1 0.4052293082203837 0.397045072059923 0.31484869961945 0.6242007247759236 0.4784076521106635 0.4100918248945148 0.8401479543129594
0 0.6137776271783136 0.676588487448362 0.6526440574308158 0.6521549867486867 0.7070401070392214 0.6218989627285513 0.2638508548945377
0 0.6788939799331104 0.7710157323028536 0.7058931462919981 0.699599777768861 0.7059370572520922 0.6958117440225036 0.6706750474813922
1 0.4490508537229361 0.4351633908449189 0.3280551128791257 0.7009693292662337 0.4164742505544274 0.4599236286919831 0.7352917257230227
0 0.704588540749868 0.7917302972251221 0.7111247430718097 0.7336787312349207 0.6865064915301918 0.7341303797468355 0.4007059355059515
1 0.5023758669248373 0.5561557611754974 0.5647794969188149 0.547445466263082 0.7271434598505192 0.5029881504922644 0.2327934926192599
0 0.6169454497447633 0.7099281582254398 0.6765639502973759 0.6284445867302528 0.7358411871343519 0.6384216772151898 0.7552203350505368
0 0.6707104383031156 0.7660469374512551 0.7248945440399496 0.6692980536877823 0.735660078991511 0.6815740857946554 0.3438584732587192
0 0.6423760253476501 0.8074074210623954 0.8307199763010804 0.540864628325591 0.8575046823202395 0.6511652601969058 0.2180931421904399
1 0.412268913923605 0.4455233321390368 0.4522747795316859 0.5044626803765749 0.6889198709442333 0.4148377109704642 0.4425239765827854
1 0.4284600070410139 0.4916888909465388 0.4066721084225569 0.5877482527693477 0.5905463943893411 0.4392702355836849 0.2334547478195931
1 0.2850280408378807 0.2886144790167248 0.2694317088613776 0.4675467534143336 0.5833114904866047 0.2895111638537271 0.5310934977825079
1 0.2918036613272311 0.2390749417236455 0.1991927865111479 0.5372334102893439 0.4487568642548055 0.2915325597749648 0.360995389317912
0 0.6368323358563633 0.7035020006160055 0.687078568038361 0.6443223279007783 0.731329186581495 0.6454526195499297 0.8201821442591813
0 0.6389442175673297 0.8080357113535055 0.7730326225719187 0.582174241727315 0.8109651239495197 0.6475619022503516 0.1423917946810678
1 0.4103330223552191 0.4812338762305808 0.459252357456533 0.5037539136445819 0.6939622845551212 0.4152771448663854 0.6065637747014291
1 0.38745430381975 0.4458507714495102 0.4070893603244929 0.521027739386733 0.6452773449470492 0.4008637130801687 0.2016332137973131
1 0.4252041894032741 0.4991023618705746 0.4785754818074983 0.5065127178441616 0.7041961159714888 0.4291632559774965 0.3874982027635342
1 0.4703456609751804 0.5412337459055854 0.4668803861817069 0.6088404579936745 0.6187008590920164 0.4873443037974683 0.741849705735844
1 0.4168446576306988 0.4493198233569275 0.3910419237793266 0.5875007166634421 0.5783943520650808 0.4206382383966244 0.4299070307046063
0 0.5072155958458019 0.6072636876461543 0.6259591384075498 0.5026117204062279 0.7890276586165038 0.5189835443037975 0.6867062661832992
1 0.3741670480549199 0.3747464872449609 0.320159222753567 0.5650929793743537 0.5385868520598454 0.3781010372714486 0.3406002140535086
1 0.2463102094701637 0.258706958768079 0.2571608576860348 0.4055936138403224 0.6283309966989142 0.2536533579465541 0.4397832499482446
1 0.267605016722408 0.2727420518111967 0.261289112853083 0.434636526260881 0.6060330598600128 0.2662211673699015 0.2913362919290566
1 0.3099306460130259 0.3269493718338448 0.3149819793806379 0.4592148914568261 0.6275200230496615 0.3096372362869198 0.8194063370427309
1 0.3193461186410843 0.3148574828483054 0.2757249871576596 0.5214279598301067 0.5393018628203097 0.3267751582278481 0.6549987925375823
1 0.3878062841049111 0.4137941084430966 0.3287737495401823 0.5910296155390966 0.5224814876734571 0.4035882032348805 0.2943610223460454
0 0.6592710790353811 0.7557820695789774 0.7128399673488788 0.6615019373972283 0.734193068138904 0.6762129922644163 0.5629033963353397
0 0.5512131314909346 0.6257393540547819 0.5721549613102117 0.6278220922097533 0.6755189152418852 0.5665302918424754 0.5322927705349338
1 0.2184157718711494 0.2324112617010039 0.2170486943457893 0.3947482594595625 0.6050968110213959 0.2271994374120956 0.683534863299322
1 0.2554616968843513 0.2765121158406438 0.325037847858145 0.3559151192816839 0.7185420444114343 0.2519835091420535 0.8475164840707244
0 0.4593462770638972 0.5239144301327635 0.5479423086263416 0.4928748765587823 0.7544565917354887 0.4593963080168776 0.2900498350956946
1 0.328849586340433 0.3709077769821173 0.2841221003167452 0.5379625137489079 0.5314381402790391 0.3407491561181434 0.2550459182393947
0 0.3554240978700933 0.4767033859678049 0.548090722719386 0.3426096563875461 0.8496402618670504 0.356920323488045 0.1802306690864542
1 0.363607639500088 0.4116451268267217 0.3303574841383261 0.557998480185006 0.5538644929109376 0.373267264416315 0.2304519773026897
0 0.7071403978172857 0.7751238709747088 0.7819366544808212 0.6604820822856698 0.7697726177420965 0.7111919303797468 0.8974413336358068
0 0.5010559408554832 0.573242872201079 0.5137310700973674 0.6061879449717911 0.6534163937401531 0.5229384493670887 0.826349106946601
0 0.5830673472980109 0.8135219312178651 0.7975477991581675 0.4977809532046486 0.867126444984116 0.6110888888888889 0.1276050795705685
1 0.1291007745115296 0.1040739055383932 0.1078723908238304 0.3170956428426421 0.5821072434712986 0.1378185829817158 0.4583672250951554
1 0.3323693891920436 0.3358466327041599 0.3263268698219651 0.4850536571201326 0.6143675239902859 0.3298511954992967 0.272025837400962
1 0.2969953705333568 0.4128014774625275 0.3875213201730542 0.377554350701539 0.7419315154908105 0.3084068213783404 0.7758970558996172
0 0.6044501496215455 0.7001120691325264 0.6255788272941238 0.6561740325349438 0.6884473845754345 0.63139073488045 0.3586306030624452
1 0.2788683858475621 0.3146463876235416 0.3173181994680764 0.4019911532079064 0.6767245580810284 0.2866109001406469 0.3836081867312395
1 0.2679569970075691 0.2362341801073384 0.1905448991005479 0.505043548157827 0.4731185266365992 0.2733399964838256 0.3350258409086923
1 0.142124045062489 0.1139428490081939 0.1217440637461871 0.3334552691281943 0.5788256616306903 0.1444979781997187 0.4316246554269587
0 0.7083723288153494 0.7591033548290601 0.6401168990224195 0.823104883189405 0.5776098990687295 0.7389641526019691 0.6159976822261827
1 0.1142296074634747 0.0564828899688596 0.0535774057170388 0.353643602140392 0.488745821358841 0.1131223980309423 0.3806291787927867
1 0.4207164407674705 0.4348783317207912 0.3237338542972195 0.6517712898964645 0.4604521232284324 0.4302178973277075 0.3354951928030552
0 0.6178254004576659 0.6882949262219661 0.656246353882163 0.6439813699525925 0.7145196290693786 0.6255023206751055 0.2973082375933298
0 0.5410057032212638 0.6310882814523485 0.5738312919817571 0.6093765214219964 0.6896348817046977 0.545789011954993 0.2150566124241514
1 0.3005151733849674 0.3038587770725356 0.2832072055458076 0.4828166170873013 0.5812121714358711 0.3027820675105485 0.4486155545385687
0 0.6097298538989615 0.6169687503193252 0.5897400785189477 0.6799395641507778 0.6492603282657119 0.6129345112517581 0.5885258472193287
0 0.5677562048935046 0.6942985710990865 0.6834035291532519 0.554329448545931 0.7855750883558723 0.581295270745429 0.4386242916392591
0 0.5482212990670657 0.7305107483468823 0.8155280363426838 0.4253369220562161 0.9104175723303544 0.5526441807313643 0.1468340858125255
1 0.256341647597254 0.3077132791918883 0.3404372746242516 0.3439890584873361 0.7376037636844276 0.2600690928270042 0.2360273337266143
0 0.6192333215983101 0.7008143233230005 0.635414841122834 0.6744237034391439 0.6818008204199617 0.633148470464135 0.3091696973566301
1 0.3078187643020595 0.344242260418223 0.2587755118868962 0.5258376932186886 0.5195677054138783 0.3249295358649788 0.5340729973605148
0 0.5253425805315965 0.5937566549477321 0.5337938238922871 0.6229315858709337 0.6543125126434584 0.5473709739803094 0.2000247330559822
0 0.5967065833480021 0.7548105481208847 0.7180346233401803 0.5795647853708361 0.7871220101231432 0.6060793424753868 0.1247758578162804
1 0.3932619785249076 0.4258226688612068 0.3752125518006947 0.5498131062182846 0.5977760639526888 0.4064005801687764 0.5681508291766455
1 0.3728471219855659 0.3983071314495037 0.3843167474535055 0.4960829953331381 0.6488548414410855 0.372915717299578 0.6784324641264907
0 0.4726335328287274 0.6213039372138462 0.650217845025994 0.434740275347631 0.840981966606611 0.4830378516174402 0.1362190961988496
1 0.2713888047878894 0.2662578833003008 0.2365693786846448 0.4640882386817574 0.5578265388720465 0.2713186005625879 0.512480843661605
1 0.2823881886991727 0.2262385795026794 0.1459479287534954 0.5820933714590826 0.3377445518125257 0.284150070323488 0.3350106000825136
0 0.4978001232177433 0.5840991289854813 0.5463929110606893 0.579167265899093 0.6941255959440413 0.5118647151898734 0.2121628220084182
1 0.2627652878014433 0.2821038833173852 0.1862661142886906 0.5226349763875938 0.4502940152552181 0.2858199191279887 0.5184386956586592
1 0.2099682450272839 0.2069602678157701 0.1730590500900103 0.4320524908138662 0.5296623034025125 0.2192017405063291 0.4799575761157
0 0.6798619257173032 0.7793902504944404 0.7132804903202284 0.6983838638930614 0.7108454717746354 0.6900991033755275 0.2250485308428666
0 0.71849176201373 0.803494746900188 0.7002257458486199 0.7596293488998689 0.6626082426622568 0.7359760021097046 0.2310527608378623
0 0.8011191339552896 0.8446070727661859 0.7678215303707513 0.8219962137754065 0.6610944717111128 0.8133163677918425 0.731375652794358
1 0.2764045238514346 0.2534848496467637 0.1923606934538245 0.5219030130757151 0.4575299660258321 0.2811619198312236 0.3154359712339884
1 0.2896917796162647 0.2987473720881768 0.2578741241003037 0.4812314645015372 0.5607811489788553 0.301551652601969 0.6480073503178512
1 0.3594718711494455 0.4079172818422274 0.3641281996959506 0.5100161958103523 0.622537280907802 0.3689608122362869 0.4634088248431233
1 0.4495788241506777 0.4999736533822527 0.4563036037657844 0.566016076149265 0.6447385569459966 0.4539473277074543 0.4590576509090349
1 0.3664234817813765 0.2804934362362477 0.1712059894787214 0.7017546764879868 0.2275494942267648 0.3659726617440225 0.733952827337218
1 0.4587303115648653 0.5059615064028641 0.4262824596092933 0.6280157677637321 0.572255518830289 0.4709973628691983 0.3445893773958904
0 0.6336645132899137 0.7389221679174546 0.7335595185994199 0.60602366234438 0.7787941761560955 0.6356971870604783 0.152051037001474
1 0.4411312973068122 0.5189562706130997 0.4080032786869236 0.6075193651049676 0.5749773753122909 0.4530684599156118 0.2642595712438887
1 0.3314014434078507 0.3140074620004967 0.2712170718161901 0.5448452249862838 0.5130275728259708 0.3317847046413502 0.3052178986203637
1 0.3963418060200669 0.4254741200282569 0.4193585841523242 0.5108228330437815 0.6619591845780871 0.3959420534458509 0.6458446279191407
0 0.6249530012321775 0.6677756646679525 0.6004228012578657 0.7063986000050058 0.6370137188765 0.6293693389592124 0.2633252922111503
0 0.4420112480197148 0.5943691533823333 0.576782649428524 0.4592576303608624 0.79153874569913 0.4620329113924051 0.1022515555227001
1 0.4230043126210174 0.4958286133314121 0.4727043374556866 0.5155685990793406 0.6938610873269444 0.4345243495077355 0.4103504286397333
0 0.6509115472628059 0.7792107389826946 0.7368355318747213 0.6247296385734588 0.7691633406372792 0.6716428797468355 0.1804194586752482
1 0.2928596021827143 0.3416971932579782 0.3689215517909286 0.3804753720796358 0.7281889319043753 0.2894232770745428 0.2276089896408854
0 0.5271904770286922 0.6303596000734307 0.6553036314687796 0.5116853962780317 0.7978133228020626 0.5313755801687764 0.8690789755165338
0 0.6375362964266855 0.7309753189827558 0.7289313422768542 0.63137863632445 0.7612064468548939 0.6398278656821379 0.8404945601986359
1 0.3836705157542686 0.3601042134332093 0.2990499217740334 0.6046412415115913 0.4820413305141359 0.392778129395218 0.7588479794407661
1 0.3472405562400986 0.4297511348799232 0.4315850087406042 0.4233291468506132 0.7354796687605886 0.3548110407876231 0.6971344327663977
1 0.0835193275831719 0.0600101139191317 0.1153651869708028 0.2312126890253858 0.6704820849263451 0.0813952707454289 0.7263563407061783
0 0.4724575426861468 0.613457479366955 0.6032176078740311 0.4931036647439583 0.783554982307884 0.4863775492264416 0.7362630416021739
1 0.3939659390952297 0.4547427146538578 0.3570760892550791 0.5866292561108796 0.5511433343408544 0.4159802390998593 0.3148055254457153
0 0.3975737370181306 0.5209416937156308 0.5459082869717794 0.4168363288121412 0.802859574928502 0.4064884669479606 0.2807920984111784
1 0.3380010737546206 0.3997485412094372 0.4347397846263025 0.4011063466778753 0.7532174491242595 0.3428584388185653 0.7754218043306046
1 0.2811562577011089 0.3334599675331844 0.4101162266957912 0.3229956770485505 0.7936450438690484 0.2778222222222222 0.8933613808557584
1 0.3694153142052455 0.3943838219553617 0.3528444975210539 0.5434778978184893 0.5853609088351683 0.3806497538677918 0.4277600407716285
0 0.5191829255412779 0.5908367729074868 0.5903397560769174 0.5497565446947271 0.7400471533109632 0.5278601090014065 0.1824964719116852
1 0.410948987854251 0.3483133365696997 0.2674523660832001 0.6749583369413085 0.37821960456777 0.409828164556962 0.6167943021837589
1 0.4418352578771343 0.4976978534896266 0.4633664547002314 0.5627061148563689 0.6521988863983962 0.4504318565400844 0.8095684656843164
1 0.2687489526491814 0.2645945818422758 0.2550645086217841 0.4352220015819736 0.6003517078877729 0.2687698839662447 0.7889348452361498
1 0.3569200140820278 0.3866904484317726 0.4313841940576912 0.4321664082644017 0.7289650099577051 0.3545473804500703 0.9220846024077782
1 0.4506347650061609 0.4739419059168289 0.3755817969510428 0.6491267209087885 0.511242314138545 0.4606267229254571 0.4515291744163194
1 0.5349340433022355 0.5892632272053347 0.607790942585461 0.5596152500269158 0.7431633300268958 0.5328696554149086 0.1907802706394281
0 0.4714016018306636 0.5658292401356502 0.5248684737309848 0.5494281383205892 0.7020270057289089 0.4874321905766526 0.3795046352525918
1 0.323569882063017 0.3629133913364984 0.3658126671050533 0.4330014851402938 0.6858818603631682 0.3258962904360056 0.2620981598839892
1 0.1337645132899137 0.084552753772309 0.1250981897020381 0.3061625863242315 0.6084617933362605 0.1328090365682137 0.6599276429477982
0 0.4837209118113008 0.672116008087048 0.7245724919674335 0.41152462977964 0.8843460257483287 0.518456223628692 0.3245668649135336
0 0.6905973244147157 0.8128567395477694 0.7337421069902047 0.7113105552361857 0.7137913579824635 0.7219141174402249 0.543475931593357
0 0.5236706741770815 0.6688793220682638 0.6454013845963533 0.5285501042584966 0.7826354833553103 0.54262508790436 0.4430587165378504
0 0.4462350114416476 0.4515007109691064 0.423272354917363 0.5851116278158793 0.6054827563123055 0.4491135548523207 0.6505632204800313
0 0.5192709206125682 0.6678389932353817 0.6473066830627598 0.5162147668217785 0.7911719929859782 0.5396369374120956 0.2820352909637751
0 0.3543681570146101 0.3805759382763028 0.3581426528140839 0.4972663386686869 0.6285839897693568 0.3592932665260197 0.7112743141034856
1 0.3573599894384791 0.3811937543768713 0.3547052066656466 0.5119761479300261 0.6136734505873755 0.356217229254571 0.5348692895583883
0 0.5010559408554832 0.543118777920309 0.5218235438023093 0.5892048708816344 0.6713485425731157 0.5057126406469761 0.5881115589550308
1 0.1830417532124625 0.1996576621700836 0.198277566270708 0.3383642056263753 0.64056678845339 0.1945055555555555 0.6262529555660715
0 0.4972721527900017 0.5409011500705376 0.5079731891323526 0.5894609865444842 0.6620795743840219 0.4997363396624473 0.3781347635748755
0 0.6313766414363668 0.6010065673579242 0.5105164078232477 0.7952678751615444 0.4995735758178197 0.6470345815752462 0.3765066172513786
0 0.6745822214398873 0.7460347878608536 0.6716096535335154 0.7241822738625939 0.6694966332974767 0.6886929149085794 0.2080399327073072
1 0.4081331455729625 0.3967177938908425 0.2826626950684762 0.664546726828278 0.4057037248727627 0.4224838607594936 0.3425459595289872
1 0.4189565393416652 0.4598857033512349 0.3988058360217066 0.5685537184365079 0.6004392958335398 0.4294269163150492 0.5320600611459689
0 0.7208676289385672 0.7439965103814351 0.6840425885209986 0.7690916469251035 0.6461165840289999 0.7231445323488046 0.7127452996495056
1 0.4120929237810244 0.3490262260921084 0.2739943030792319 0.6765002739809837 0.383852800617636 0.4100918248945148 0.3997231480372036
0 0.6100818341841225 0.8112620843231408 0.752020799708321 0.5570952434956135 0.8158641166611638 0.6319180555555556 0.0959849538856391
1 0.2728847209998239 0.2741623520486538 0.2338299018838688 0.4785316050357771 0.5416569665891596 0.2787010900140647 0.4885147264355509
0 0.6115777503960571 0.7182551397061063 0.7362332505607334 0.5650500815896332 0.8041772326305583 0.6143406997187061 0.2304929472655356
1 0.1496916211934518 0.0872721759197252 0.0700591813130113 0.4109123036229261 0.4431910167050711 0.1502106188466948 0.3587782588085419
0 0.6205532476676642 0.745321898338445 0.7810284318346805 0.5445682959538105 0.8353840151086274 0.6244476793248945 0.2371672819728393
0 0.55957266326351 0.60739566244698 0.5567472350717967 0.6382066926064782 0.6581562625343877 0.571715611814346 0.6752256631946146
1 0.3645755852842809 0.4615121034302744 0.4308281294130285 0.4622004183926878 0.7065707612740557 0.3816165084388185 0.2073542594091179
1 0.1245250308044358 0.1288437547556293 0.1176812279490994 0.3154849104667299 0.5927469106682517 0.1401915260196905 0.3379345443909014
1 0.363255659214927 0.3410793771574097 0.300313719851426 0.5610092691496475 0.5246059315532554 0.3618419831223629 0.3401826481921829
1 0.4507227600774511 0.481893911376102 0.4175291200799513 0.6092007993853266 0.5811141148113271 0.4585174402250351 0.7842310018618835
0 0.6676306108079564 0.7156045249334796 0.6527337242786967 0.7176759509659693 0.6624281813872936 0.6748068037974684 0.7268125822124304
1 0.4531866220735785 0.492898095959232 0.4303869555026742 0.5981446103366997 0.6002142192398358 0.455968723628692 0.5041652522426936
0 0.6303207005808836 0.7449364481265096 0.6601957635577026 0.6650081163350494 0.7027992452666871 0.6494075246132208 0.2049917674715705
0 0.6282968139412075 0.7802879691945622 0.7348643258341011 0.6111748918858897 0.7763448542782531 0.6452768459915611 0.2392596999153063
1 0.2908357155430381 0.3075020228257315 0.235514043823469 0.5144186206874632 0.5085598896799365 0.2999696905766526 0.2954555758734371
0 0.5509491462770639 0.6506200685503674 0.6554663662199247 0.5457977146877628 0.776988329067075 0.5517653129395218 0.1609933049720766
1 0.2673410315085372 0.2388954302118998 0.1963102658641153 0.5089906209941644 0.4750039356843243 0.2666606012658227 0.3230324578650281
1 0.3994216335152262 0.4311082676913441 0.3701521519790876 0.5650179876914349 0.5808084293910407 0.4102675984528833 0.4660105813636908
1 0.2552857067417708 0.3200639612545046 0.3090563188871925 0.39215818654655 0.678811663673189 0.2636724507735584 0.2460607137477296
1 0.5156631226896673 0.5580989652330757 0.4391189767796163 0.7031882569010718 0.5184876867200583 0.5424493143459915 0.6029929966196297
1 0.3316654286217215 0.2900613675840185 0.2082414896138182 0.6035389273249588 0.3880462043797149 0.3375852320675105 0.6854611070724859
1 0.126900897729273 0.0963700578242624 0.1388989102728956 0.2817148210506577 0.6433678579381373 0.1215595288326301 0.267070110695119
0 0.5466373877838409 0.6478320001695547 0.637613550345555 0.5707635898723497 0.7520166916685457 0.5606418776371308 0.7096687831994796
1 0.1960650237634219 0.1907181822548158 0.2441393111036599 0.3117759997759334 0.6983071352035064 0.1963511779184247 0.3387662346366737
1 0.3424008273191339 0.2997981751116006 0.2690954988655119 0.5462136643188674 0.5097226109360941 0.3432978727144866 0.5048959925000135
1 0.1664106847386023 0.1333742450184052 0.2023285224309622 0.2883728750006455 0.687447974708197 0.1620753340365682 0.6244727287404904
1 0.3936139588100686 0.4396041253518218 0.3831038853532213 0.5390993050440008 0.6128481697437942 0.4007758263009845 0.2857330759303968
1 0.340112955465587 0.34787519312227 0.2926528187065208 0.5364811102498939 0.5404886620376543 0.3527017580872011 0.5332249191296042
1 0.138164266854427 0.1293242783894048 0.140859050350438 0.3046684723704853 0.6236371900912981 0.1380822433192686 0.3306448408416521
0 0.3863983629642669 0.4938167630404373 0.5415141232213603 0.3989957756696273 0.8119362683840595 0.3875049226441631 0.4233121777252237
0 0.5653803379686675 0.6521565517321409 0.6202896224124067 0.6068255331572848 0.7188431934042506 0.5759341772151898 0.4819084018665715
0 0.5608925893328639 0.7364986013674938 0.7124900876339169 0.5285991983898989 0.8144927197413858 0.5907870428973276 0.1378098779162311
0 0.7602894208766062 0.9007100601354923 0.8439390828713456 0.6992932969291358 0.7764987438562739 0.7741188642756681 0.1029424729761338
0 0.5159271079035381 0.6141439417009201 0.5503312547731511 0.5885212072977373 0.6899105569124901 0.5444707102672293 0.202448516057947
0 0.6911252948424573 0.7943440106187633 0.7683320292850935 0.663685275758817 0.7612385508031432 0.7008212904360056 0.3748166882239099
1 0.3319294138355923 0.2984412034415727 0.2062924154993538 0.6110504883102003 0.3776148638904227 0.3425068917018284 0.7056992854392637
1 0.3481205069530012 0.3940352731224118 0.4125844246664084 0.4296189153747414 0.7191551600318032 0.3475164381153305 0.6072174914285986
0 0.8671154374229889 0.8595448798926068 0.7018405627842325 0.9748138521375118 0.506959577650903 0.8803739803094234 0.5149200313695999
1 0.3171462418588276 0.3598032013111796 0.3099534755702552 0.4716504826052428 0.6129423878527865 0.3325756856540084 0.3057400198268722
1 0.3527842457313853 0.3587894608081342 0.2984349471494562 0.5760427183646 0.5087661226518418 0.3619298699015471 0.5547579122021646
0 0.5888750220031684 0.7215923779540909 0.6977655218808088 0.5810306185628036 0.776394406024464 0.6000151547116737 0.3947590634589401
1 0.5055436894912868 0.5610401179371903 0.4492589791234654 0.6743328236878101 0.5516615339403124 0.5195108649789029 0.3163804108175126
1 0.4797611336032388 0.5239883940321274 0.4494477514347938 0.6259890857567153 0.5919568743765526 0.4919144163150492 0.4920564977836553
0 0.7505219679633868 0.8642653558576702 0.8334773539244824 0.6896269961054527 0.7771813017125299 0.7619904887482419 0.39687196638283
0 0.5573727864812533 0.6998323276743661 0.6654874094606869 0.5584357198277866 0.774193540789594 0.5721550457102672 0.1236934313978912
1 0.3091386903714134 0.3651733993726155 0.3443097107624997 0.4443203039598206 0.6617693525362655 0.3199199894514768 0.2989993137797581
0 0.6492396409082908 0.7408864814975094 0.7161399026325984 0.6493275460935541 0.7435824261339323 0.663293635724332 0.8249975898122397
1 0.4524826615032564 0.469839084910941 0.3939441353312477 0.6436127667653645 0.5321775779566497 0.46379064697609 0.6535707435126248
1 0.2873159126914276 0.2903148429951282 0.2783072621888295 0.4447079728291464 0.6110220832091383 0.2894232770745428 0.633113457784547
1 0.3011311388839993 0.3501825767279142 0.3547714397093627 0.4010033919945461 0.7033415228273321 0.3049792369901547 0.6146787771822467
1 0.357975954937511 0.3965276470471621 0.3643197384980484 0.4960215085083721 0.6342454512519206 0.3601721343178621 0.3282521950114501
1 0.4076051751452209 0.3947323707883114 0.3770992985054706 0.5639115426070146 0.5873234371498836 0.4059611462728551 0.7712997344287505
1 0.4340916916035909 0.4305273529697611 0.334757018135533 0.6695114304465957 0.4540819321926706 0.4416431786216596 0.3387460774149535
1 0.3800627178313677 0.3969237325910321 0.3478657905445217 0.5547301456313573 0.5715087530775347 0.3886474507735584 0.3413019475771336
0 0.4047013377926421 0.5094465113081835 0.4926224200568383 0.4692051499954908 0.7392278047186888 0.4208140119549929 0.5962188590828333
0 0.469553705333568 0.5534893545463615 0.518547530527008 0.5404065753131866 0.7045722904955397 0.4811043424753867 0.2691017292127227
1 0.4221243619081147 0.4921694145803144 0.4441001247774157 0.5352453362885755 0.6600943639319568 0.4339091420534458 0.2965791361345237
1 0.3238338672768879 0.3360208265499383 0.2948329761676113 0.5064680723719156 0.5697953793177104 0.3287086673699015 0.3003064194743944
1 0.4187805491990846 0.3975731324046186 0.3599068602512476 0.5949569871705993 0.5461672223622204 0.4165954465541491 0.5040234961712468
1 0.2169198556592149 0.2275691239842636 0.1613797397350799 0.4487602246783909 0.5011815648779562 0.2299239275668073 0.5423048461753691
1 0.4505467699348706 0.5482670842836533 0.4793911083802374 0.5557647766465417 0.6683223964946645 0.4680092123769339 0.5933957008830465
1 0.2877558880478789 0.346914145854719 0.3573908182637937 0.38632011580746 0.7163596738424037 0.2952238045007032 0.5979376309641456
0 0.3168822566449568 0.4180975504832065 0.4942771070064813 0.3190325572631141 0.8391091199734182 0.3166681786216596 0.4635387815652705
1 0.3336893152613976 0.373315551675569 0.3613621971307379 0.4652355161020043 0.6571432433847402 0.3348607419127989 0.2242527302845474
1 0.3435447632459074 0.3180414756315951 0.308444436222887 0.5174785037835071 0.5714756022614078 0.3411885900140647 0.8929095641054936
1 0.3881582643900721 0.4725003350155025 0.4684600524110721 0.4635362871850206 0.7289130155197796 0.4001606188466948 0.7039269248465491
0 0.6158895088892801 0.6674957620683992 0.5812650154140637 0.7105565075092101 0.6210660825836841 0.6261175281293953 0.3350522255647651
0 0.568196180249956 0.6947737770668947 0.6414031544954701 0.594386605514501 0.738799286800753 0.589820288326301 0.7466479439045072
0 0.4700816757613096 0.6523731257642652 0.6328887095808091 0.4753139534203723 0.8091016991272262 0.4969239627285513 0.4230470201256849
0 0.6183533708854074 0.6908029308618325 0.6355364039819393 0.6602687055268565 0.6915824049131658 0.6282268108298171 0.780905224157903
1 0.3072907938743179 0.2774361005878163 0.2464107627601428 0.5135903756809896 0.5197341574064314 0.3071764064697608 0.8097269375006044
0 0.3878942791762013 0.4532906695619897 0.4532967537688769 0.4655534363509883 0.7182185622372272 0.3970845815752461 0.6304168148300284
1 0.3578879598662207 0.3135058288442449 0.2416649292124992 0.6118321812762181 0.4162945382354234 0.3603479078762306 0.7239202667153596
0 0.5660842985389896 0.6472459289233972 0.5666878873454931 0.6449556263077999 0.6596941114467187 0.5786586673699016 0.2492062236151882
1 0.2921556416123922 0.2914554017744249 0.2074266767148349 0.5389081715809685 0.4557031815792578 0.3041882559774965 0.4515091810744506
1 0.2945315085372293 0.3245996080418548 0.2438395536920507 0.5005327666541258 0.5298776092293581 0.3033972749648382 0.3944707988003562
0 0.4869767294490406 0.6055739589996855 0.5394685473994667 0.5591945339752867 0.7040240806835879 0.5036912447257383 0.24928816354088
1 0.1946571026227777 0.2015373765188398 0.1771583384713545 0.3908378880612639 0.5738338466338908 0.2112919303797468 0.6907798276491437
1 0.1912252948424573 0.155958050098888 0.1397724704170423 0.4126431497960557 0.5164721170995401 0.195735970464135 0.3514244782374016
0 0.380502693187819 0.3947692721672969 0.3344129968716124 0.5731380616969706 0.5437520981683825 0.3881201300984528 0.6517213593897598
0 0.79795131138884 0.816711241667122 0.724814153072884 0.8405879547925815 0.622028154163284 0.8059338783403657 0.3822719104230568
0 0.4637460306284105 0.5717062278779123 0.5554570739647186 0.5090513134155096 0.7478023505489129 0.473018758790436 0.1634765763600937
1 0.2592454849498327 0.2547309560384425 0.2418208291040962 0.430271120583177 0.5936894407141347 0.2587507911392405 0.5661668996957946
0 0.6877814821334273 0.7905210922124288 0.7051427763544681 0.7172105894420941 0.6939563523038144 0.705215629395218 0.1848119303318853
1 0.1640348178137651 0.2573817319524621 0.3657107951508365 0.1539069089419647 0.8824689916436251 0.1635694092827004 0.8607348690034817
0 0.4863607639500087 0.6010223592144334 0.6205952382750572 0.4798561932995352 0.8004280498045805 0.4994726793248945 0.357423464077153
1 0.3598238514346066 0.3655588495845508 0.2891958443879461 0.5756512363588545 0.5004867935631272 0.3615783227848101 0.5761738950608369
1 0.5032558176377397 0.524928170635809 0.4068613689381386 0.7041396344377617 0.489389296147663 0.5182804500703234 0.3116949219866014
1 0.5306222848090125 0.535779270895637 0.5066350212736866 0.6392475199683446 0.6233793116374264 0.5300572784810127 0.8159687932801066
1 0.487416704805492 0.5227263346425467 0.3930486059956964 0.6885138780322982 0.491121862485245 0.5132709036568214 0.5925940006500775
1 0.1822497975708502 0.2620917337269838 0.3250524939857481 0.2274605627885006 0.8132486917467273 0.1807952180028129 0.0523732478354107
1 0.3302575074810772 0.3560437726136672 0.2756496409678795 0.5425282679693252 0.519366357825402 0.3428584388185653 0.4154502057349424
1 0.410948987854251 0.4113387970387247 0.2789515290686129 0.6792557416861964 0.3864218143894946 0.4333818213783404 0.3480862456647157
1 0.4853928181658159 0.5237031737666067 0.438232397855378 0.6533545359140188 0.5604758125145283 0.4915628691983122 0.3228848021189314
0 0.6279448336560465 0.7635758341903741 0.7145922951492087 0.6300772446405778 0.754751459521039 0.639915752461322 0.1505880815681718
0 0.5554368949128674 0.6501764462955772 0.575104365939965 0.6329057974604994 0.6737441252332365 0.5709246308016878 0.2159061655737245
1 0.480465094173561 0.550933652054182 0.5280497753811196 0.5536934491672788 0.7009452422552929 0.4945510196905766 0.7686681517752312
1 0.384814451681042 0.3978108159592192 0.3939483664347775 0.5125660719102749 0.6425767747785607 0.383550017580872 0.2847909306647919
0 0.6105218095405739 0.6903277248940244 0.6336078344461191 0.6600910769219768 0.6905575212609044 0.6243597925457102 0.38744559733124
1 0.3962538109487766 0.4779865548798619 0.4718818760233994 0.473525115797528 0.7238496645513378 0.4019183544303797 0.1844536889767606
1 0.2478061256820982 0.2343331950947128 0.1823827749221158 0.4902342795882101 0.4799664383805484 0.2599812060478199 0.5778018775044826
1 0.4358515930293962 0.4605985928736436 0.3421570554743527 0.6587129458676602 0.4715796308563906 0.4442797819971871 0.362900328710396
0 0.5188309452561168 0.6175865664198937 0.5844153974614811 0.5635791642157729 0.7274582181257456 0.5354183720112518 0.2929759098421505
1 0.3194341137123745 0.2974326194631016 0.2581846220054885 0.5399022880216948 0.5054622076298428 0.319656329113924 0.7738216814616943
1 0.3982776975884527 0.4483536195648022 0.3888069247071002 0.5420853086219151 0.6147192715971909 0.4049065049226441 0.4138258286480273
0 0.5659963034676994 0.6373507194065459 0.6322981451689036 0.5987558243286246 0.7309446371144225 0.5711882911392405 0.757573813596258
1 0.3268256997007569 0.3395744776886542 0.2867219507010388 0.5142479828326862 0.5557122147150658 0.329939082278481 0.6462600633423983
0 0.5295663439535293 0.6514596152076343 0.6039089050968954 0.5736453677214614 0.7317343244501623 0.5577416139240506 0.3805918141866712
0 0.6983408906882591 0.7055138509069804 0.630482350815627 0.7944747427862678 0.5923354915923184 0.7001181962025316 0.2853599215087961
0 0.6238970603766942 0.7510827031363905 0.6936133447053423 0.6414901208251211 0.7366458795763385 0.6501106188466947 0.2451461002971572
0 0.7379386727688787 0.8643078971854088 0.8463989813696543 0.6579835246467277 0.8008844841992546 0.7537291315049226 0.3071262794897268
0 0.5432935750748108 0.578142859677888 0.4971643469612972 0.6864045780695235 0.5792297526314798 0.5559838783403657 0.6690513259138826
1 0.3903581411723288 0.3865689478214886 0.2895068304973843 0.6267920687344092 0.4509716877280447 0.4005121659634317 0.4438936843806504
1 0.2768444992078859 0.2650064592426548 0.2252956033295679 0.4754007022739182 0.5367639061288226 0.2778222222222222 0.3181532630497814
1 0.3880702693187819 0.4081125852104822 0.411260251996341 0.4936854858093153 0.6697046110491784 0.3884716772151899 0.2534788991004639
1 0.1580511529660271 0.130227153614101 0.1364455211646326 0.3426781339624148 0.5833380111395062 0.1597023909985935 0.4994130643122693
1 0.2325829783488822 0.2677838922915328 0.3083729956671344 0.3228533199555522 0.733193309315707 0.2333515119549929 0.71227561999544
1 0.435763597958106 0.3814048496016352 0.2948126343237181 0.6880043476782293 0.3945880817474184 0.4356668776371308 0.8544412271909424
0 0.6729983101566626 0.7421167960326789 0.6972595795394988 0.6959315405332069 0.7034744750477991 0.6854411040787624 0.6838445962184372
0 0.4223003520506953 0.5733537374794282 0.6125190380452298 0.3987404544101983 0.8452573750191092 0.4262629922644163 0.1396328773830233
1 0.3688873437775039 0.4259863885164435 0.4036213200428404 0.4920695103708262 0.665690221694185 0.3773979430379747 0.2057844543127135
1 0.2847640556240098 0.2584376915004603 0.2119648607200174 0.5290467652771493 0.4705463722611075 0.2900384845288326 0.7979177554098955
1 0.3995976236578067 0.407621587386165 0.3804462641322712 0.5487640170608424 0.6027438009883013 0.4026214486638537 0.3389505994694803
0 0.5797235345889808 0.6956926052894928 0.6497722772773588 0.6214055368996734 0.7257619432079236 0.5977300984528833 0.7291285322721848
1 0.2162158950888928 0.1709646646000984 0.1991529164971174 0.3875423849106256 0.5964304897738942 0.2130496659634317 0.8367613771841154
1 0.4553864988558352 0.4361455476349462 0.2663864534631999 0.7957456293787833 0.2431677160940666 0.4709973628691983 0.3954886565573003
0 0.604626139764126 0.6903277248940244 0.6367181837447549 0.6416974601179369 0.7048692520168455 0.614692246835443 0.3516094985896137
1 0.3846384615384615 0.334125320344673 0.2479017385501339 0.6569047248013495 0.375486930451032 0.3908446202531645 0.4445285549249108
0 0.663846822742475 0.7784503127493658 0.7751652614856749 0.6157476368564095 0.7927213574449639 0.670060917721519 0.4706505115959173
0 0.559924643548671 0.7103347179598513 0.7223435140809996 0.5094528049043565 0.8298401517843245 0.5709246308016878 0.2055243769885675
1 0.263645238514346 0.3667891641197204 0.3662518881983937 0.3669066438918617 0.7366493691359308 0.2787010900140647 0.2756762610905336
1 0.2155999295898609 0.2967144122747255 0.3721736430578117 0.2391778543638753 0.8302655290986269 0.2156862693389592 0.1249698915603187
0 0.5139912163351522 0.6708118907939075 0.7236937243112502 0.4470427244827299 0.8649929282493775 0.521971694796062 0.0628643442814406
1 0.335801196972364 0.3846945511386997 0.3606489307164691 0.4666829191346104 0.6554612756612468 0.3528775316455696 0.2996123883037845
1 0.3564800387255765 0.3039590070189503 0.2189084270818752 0.6324181926408432 0.3688131477307392 0.3568324367088608 0.4064794226701991
0 0.534758053159655 0.6225871061259034 0.5965931643591688 0.5711131273774794 0.7293069867977514 0.5452616912798874 0.7785956654123526
0 0.5337021123041719 0.5754182810058975 0.5073621201418028 0.6586293746277971 0.608832733520923 0.539021729957806 0.2371589241004187
1 0.3567440239394472 0.3909305619044533 0.3187414776015911 0.5662621823290132 0.536267341798837 0.3765190752461322 0.5092299590497067
0 0.5039597782080619 0.553832424571951 0.5098482189350461 0.5965913927684499 0.6580030708682854 0.5037791315049226 0.3100820164892831
0 0.5509491462770639 0.668530773235314 0.6827475453713862 0.5346288792340738 0.7971304159898476 0.5590599156118143 0.5313103108258885
0 0.6593590741066713 0.7351098848430547 0.6479683625609157 0.7338471447601197 0.6480951643178395 0.6760372187060478 0.2460951285165201
0 0.615185548318958 0.705994374540756 0.6292559817309977 0.6860402646607676 0.6699778435652562 0.6302482067510549 0.7173724472533243
0 0.6501195916211935 0.7582797611696951 0.6867145304000495 0.6769804114084849 0.7099591236381887 0.6687426160337553 0.3789387581257639
0 0.5552609047702869 0.6636834789939994 0.5921363477295589 0.6104422930512743 0.6999650249658129 0.5726823663853727 0.4495475392533877
0 0.8434447632459074 0.881051454761222 0.7729261940446699 0.866874763985191 0.6341013324407581 0.856820323488045 0.2649144351300179
1 0.3260337440591445 0.4410985506300358 0.4718376121710879 0.3506393272838005 0.8078590669564046 0.3320483649789029 0.7642773189171079
1 0.2675170216511177 0.2821038833173852 0.3034844437427365 0.3955842896195595 0.6720105120277768 0.2655180731364275 0.7878414388677177
1 0.4094530716423165 0.4410139513987372 0.4157354576528303 0.5423700228079118 0.6344775069648091 0.4127284282700422 0.8294190682025717
1 0.381822619257173 0.4272167030516131 0.4356940612070172 0.4709622114815052 0.703173675010942 0.3844288853727145 0.825738326740494
0 0.5850032388663968 0.6696555401581016 0.6382915033188253 0.6204150747146826 0.7199923053779984 0.5881504395218004 0.1882306279116006
1 0.5354620137299771 0.509361912076885 0.4711415956404405 0.6778482177053119 0.5661459978960727 0.5328696554149086 0.6904999208629803
0 0.4552105087132547 0.564255694433498 0.5598821573178552 0.5076129665819 0.7512158377421104 0.4615934774964838 0.510776657087066
0 0.6494156310508713 0.7798972013166596 0.6648719466318561 0.6877166147592336 0.6902776585816012 0.6713792194092827 0.3165613341734402
0 0.52648651645837 0.5832120456172942 0.5027575403581532 0.6602049943725122 0.6042568740275269 0.5477225210970463 0.3415644830990503
1 0.3625516986446048 0.3960471234133866 0.2956573904169121 0.591965581649424 0.4909878633969002 0.3849562060478199 0.4649311047826264
0 0.4658579123393768 0.5056182752358817 0.4983223674504455 0.5391920913635444 0.6928546983405222 0.4676576652601969 0.3313351027756802
1 0.4557384791409963 0.5243578912461606 0.4238744734965998 0.6103849371242961 0.5850981449978675 0.4713489099859353 0.2880106781049273
1 0.3438967435310684 0.4137625247300784 0.3556612733286239 0.5092758118222135 0.6166797061761505 0.3524380977496484 0.7276722959127894
0 0.5288623833832071 0.634256482379129 0.5578100557315251 0.6090149089848711 0.679950655924119 0.554665576652602 0.5344641785657678
0 0.7947834888223904 0.9149507695960134 0.8329753172172 0.7543186031514726 0.7390753109645049 0.8232475738396625 0.5964482908747706
1 0.3522562753036437 0.367591648256609 0.2714414830380192 0.5831251426219524 0.476119896841945 0.3623693037974683 0.2850760816061995
1 0.3429287977468755 0.3196625580446673 0.1990666670790105 0.6611156984540598 0.3127362740382769 0.3611388888888889 0.6477885707162541
1 0.4083971307868333 0.436187766679899 0.3717939828833903 0.5903278395572064 0.5602517827887019 0.4182652953586498 0.285276178904739
1 0.3108985917972188 0.3311048860752271 0.2797487666144726 0.5028595742735019 0.5600518310240625 0.3245779887482419 0.5506643573944513
1 0.4414832775919732 0.4999947629047291 0.5009202650177254 0.5000780501360887 0.7224831530149893 0.4443676687763713 0.2144099425305914
1 0.3832305403978173 0.3916328160949274 0.2934524972736476 0.618684228541553 0.4629140075208072 0.3956783931082981 0.6452907140214637
0 0.4944563105087132 0.6112238985192818 0.5985725071373463 0.5197765539990521 0.7641373279564752 0.5082613572433192 0.1367467893203051
0 0.7654811300827319 0.8116368992031414 0.7515802767369713 0.7796408477106077 0.6795507523948403 0.7708670534458509 0.6593370199634114
1 0.2363667664143637 0.2083436666742418 0.166308975347264 0.4782208344175798 0.475749654569201 0.2346698136427566 0.8200793915923636
0 0.5601886287625417 0.632561436066693 0.601340787989075 0.6046143906759699 0.7094014920153375 0.5711882911392405 0.2931366759763579
1 0.2423504312621017 0.3035102282395859 0.3094887051209849 0.3468744905921833 0.7152569730112337 0.2477649437412095 0.3158114199735084
0 0.6773980637211758 0.7916299061373144 0.775743132586991 0.6368198231145334 0.7807347202453792 0.6886050281293953 0.6542669051213028
0 0.3742550431262101 0.552992877914684 0.6014582824794018 0.3518706525859627 0.8675434473553969 0.3881201300984528 0.1432775652777966
1 0.0840472980109135 0.0001 0.0271295912261912 0.2974007932354141 0.5220124908642506 0.0816589310829817 0.4945735284210574
1 0.3183781728568914 0.4318316314042945 0.4002375763622809 0.416482183767171 0.7211124540071299 0.3432978727144866 0.1367186019858671
1 0.3475925365252597 0.4395989688272474 0.3581748742948106 0.5124755099203093 0.615932591467437 0.382143829113924 0.2492326082712609
1 0.2320550079211406 0.2654710298785282 0.2645825387467568 0.3753309744075445 0.6601467073258414 0.2345819268635724 0.5169423087356746
1 0.2837081147685266 0.2252617403786194 0.2033295038852555 0.5037785401506252 0.4874665488123002 0.2831833157524613 0.4520562120183694
1 0.3101946312268966 0.2806835830799281 0.2152071879018317 0.5599895729187732 0.4420272485810357 0.3192168952180028 0.370510581248952
0 0.6678066009505369 0.791455712291536 0.7687419581232279 0.6337057617051943 0.7792439803875443 0.6742794831223629 0.144380968317163
1 0.2843240802675585 0.2950300012942242 0.2610904137219348 0.4730030338694113 0.5711842240354499 0.2941691631504922 0.5552836387654034
1 0.1948330927653582 0.1683138886860787 0.1596762323600933 0.4026274703479269 0.5460747490330241 0.1963511779184247 0.4163692439415022
1 0.427492061256821 0.4115078343599287 0.367793474495991 0.6102085795648897 0.5393636280250935 0.4285480485232067 0.3836902905367827
0 0.3737270726984685 0.4904268315569582 0.5368600720733625 0.3722143709072591 0.8263858367438968 0.3749371132208158 0.200090448876387
1 0.4640100158422813 0.4834621394122868 0.3779930377587593 0.6716801517852425 0.4928540798668676 0.4810164556962025 0.5511923782756096
1 0.3196101038549551 0.3723333948855417 0.3858280650873897 0.4092980758719626 0.717317906906452 0.3222929324894514 0.501445174469427
1 0.382174599542334 0.4023675722690458 0.3349259368072216 0.574376059987867 0.5430810558587814 0.3973482419127989 0.755950747548154
1 0.5311502552367541 0.5699689625205234 0.4894805002164805 0.6729778892133793 0.5842313383951377 0.5419219936708861 0.8284915082437401
1 0.4144687907058616 0.4989439598813053 0.5109193390670829 0.4508140752823974 0.7622226066081746 0.4206382383966244 0.2111072718856558
1 0.271916775215631 0.2787932333992372 0.2574034951999921 0.447751650095407 0.5910244640534875 0.2794041842475387 0.4495155826823679
0 0.56951610631931 0.6544271951001928 0.6316642933131935 0.6047870939796409 0.7266165363520805 0.5832287798874823 0.570105915803653
0 0.712860077451153 0.8089967586210565 0.7200775954060555 0.7538117737690342 0.6783402241722679 0.7294723804500703 0.2052819986883711
1 0.426524115472628 0.4606408119185963 0.4217486694423917 0.5599506471511564 0.6247597814121444 0.4281965014064697 0.2762442686554295
1 0.3485604823094525 0.4218518226561445 0.398222920143105 0.4546384922305709 0.6910076744483123 0.3589417194092827 0.4386236361198535
1 0.4435071642316494 0.467045860005554 0.3708148078857504 0.6340527571193778 0.5206449324600244 0.4528926863572433 0.4721760691324481
1 0.4577623657806724 0.4985320824809263 0.4293270640684664 0.6177492157153306 0.583228787924267 0.4731066455696203 0.5108220518058992
0 0.5439095405738427 0.6863148207854023 0.7164775772412244 0.4870312449957471 0.8399466142755726 0.5529957278481012 0.2594088915227828
1 0.4798491286745291 0.6310249528849193 0.5612567777607776 0.5415281140626012 0.7291468160124644 0.4992090189873417 0.2515034913718848
1 0.3184661679281816 0.383981661616291 0.4607151801345759 0.3370836273121267 0.8110087434444235 0.3172833860759494 0.1134915828895535
1 0.3233058968491463 0.3467346343429733 0.3110587700000325 0.4929362045028642 0.5953466325645227 0.3359153832630098 0.5940836684991552
1 0.345744640028164 0.3701104493698031 0.3329950889848854 0.501647473534122 0.6054356472578093 0.3530533052039381 0.3360902405434293
1 0.4797611336032388 0.5602321549929413 0.491032501538151 0.5913057501681492 0.6492955728175942 0.4941994725738396 0.6553683416024526
1 0.5072155958458019 0.5207251196835065 0.399054169251954 0.7191864296301829 0.4684735738632754 0.5132709036568214 0.3220557339507813
1 0.5084475268438655 0.5447927147102686 0.4476615748062255 0.6686798489457548 0.5551413227657639 0.5171379219409283 0.3092059148037859
1 0.2900437599014258 0.3156072737496996 0.2874392854840862 0.4615880922359739 0.6036004878682134 0.2941691631504922 0.5096458861125185
0 0.7927596021827144 0.8714996375527462 0.8359484811206204 0.7376210376507334 0.750452322103313 0.8119980661040788 0.7635557559314655
1 0.4252041894032741 0.4961823186889363 0.4463499327119962 0.5456615539414463 0.6535978508389533 0.4437524613220815 0.3191550605812899
0 0.6204652525963739 0.7718077422492006 0.7537936320872953 0.5670828010626477 0.8109637281256828 0.6388611111111111 0.4706159329472754
0 0.576819697236402 0.7241743464933212 0.6827758612180854 0.5708984795731928 0.7751594508847455 0.6015971167369901 0.2923489055307565
0 0.6695665023763422 0.8239874201243649 0.7551537691373658 0.6559419078554007 0.7593789644964012 0.6998545358649789 0.4215894727274784
1 0.5113513641964443 0.5156929962644788 0.4046421551367734 0.710407159666109 0.4816794631844133 0.5174894690576652 0.5175145771767066
1 0.2568696180249956 0.3416549742130254 0.3389511808767949 0.3584068450512075 0.7257120425057537 0.2757129395218002 0.2002436765374308
1 0.3314014434078507 0.3725446512516985 0.3415271092526702 0.4843347220243541 0.6267432470844133 0.3359153832630098 0.7122185898071584
1 0.2969073754620665 0.2916349132861707 0.2725132541090606 0.4813941583221068 0.5733847403143605 0.3031336146272855 0.4823887337109771
1 0.2478941207533884 0.2794532685447585 0.3035832237366815 0.3594578407768595 0.7012980367300754 0.2521592827004219 0.3364302912350506
1 0.3445127090301003 0.3195305832438416 0.24244101124071 0.5945523180680693 0.4350544106036819 0.3483074191279887 0.7049692007013494
1 0.4484348882239042 0.6060438473015264 0.6268603634593912 0.424204261658911 0.8367438964817505 0.4593963080168776 0.4912252991774372
1 0.3635196444287977 0.3324884460750917 0.307478605474841 0.5496232438007254 0.5415477433739204 0.3612267756680731 0.3069574832428016
1 0.4256441647597254 0.4392608941848394 0.346233886460039 0.6548132194751995 0.4791341784177824 0.4422583860759494 0.2410954820105064
0 0.7887118289033621 0.88129445598179 0.7894258704632683 0.8001742695687791 0.6877013167345987 0.8110313115330521 0.3100548124339534
1 0.3442487238162295 0.3387507228878961 0.2808538983094987 0.5454902805639327 0.5213714587671433 0.3506803621659634 0.5424390637736524
0 0.8689633339200845 0.9648230638655336 0.9257469814152292 0.7687298756072939 0.7747546619720375 0.8820438291139241 0.5679769526543275
1 0.4332117408906882 0.4321642272393424 0.3774400650743684 0.6045958016359244 0.5524951897269152 0.4351395569620253 0.3642402103753091
1 0.4405153318077803 0.4162600551794032 0.3728065185050148 0.6217720746380074 0.5333846166196297 0.4405885372714486 0.6082271551929734
1 0.5028158422812885 0.469242378332849 0.321334818595839 0.8073774431460855 0.2983512625308975 0.5079976969057666 0.4497443589548996
0 0.3994216335152262 0.4245923543260371 0.4086989697480687 0.5240995385340882 0.6439858589419354 0.4025335618846694 0.8719498227530733
1 0.4886486358035556 0.515909570296603 0.4150767073801951 0.6755514385352402 0.522138463965533 0.4991211322081575 0.7265380834613627
1 0.4516907058616441 0.4511996988470766 0.3345592954128918 0.6883149594157424 0.4355904069570607 0.4721398909985935 0.4693648741618123
1 0.2303831015666256 0.218587425024043 0.1845883190043849 0.4490099851138747 0.5239362850674911 0.2374821905766526 0.3473945088120251
0 0.3773348706213694 0.4286265290985285 0.3846666271684674 0.5062675649485183 0.6409031819980888 0.3904930731364275 0.2863492641715995
1 0.234518869917268 0.2238994510426241 0.2025015094714294 0.4308238664833346 0.5585551589149208 0.2384489451476793 0.5082396331077951
1 0.3212820102094701 0.3033729357727929 0.2746009782315007 0.514668381122947 0.5445944778539663 0.3218534985935302 0.7155902538695265
0 0.362287713430734 0.4670087974851756 0.4417027164235465 0.443886400811407 0.726789618507859 0.3794193389592123 0.4671842888593008
1 0.3826145748987854 0.3341728570555931 0.2237580854007493 0.6737227218606743 0.3287927845903728 0.3815286216596343 0.4547335171504247
0 0.7093402745995424 0.7786615691155226 0.7459691825174893 0.7052255839139266 0.7242506149484943 0.7104888361462729 0.6456045439368634
0 0.4773852666784017 0.5532147696127755 0.5457152835569213 0.5317930179026812 0.7268241651478229 0.4953420007032348 0.3072503365372243
1 0.4720175673296954 0.5549518738287714 0.399365969035148 0.6752962761564953 0.5087085449185688 0.4977149437412095 0.4017921311609226
1 0.2769324942791762 0.2572866585306219 0.2448973295744937 0.460015808985626 0.569022790823973 0.2726369022503516 0.2829294194329245
1 0.353664196444288 0.3903813920372814 0.4102309546953485 0.4363384561494953 0.7126722562212098 0.3526138713080168 0.3106765725901032
1 0.3190821334272135 0.36038943369873 0.3348886705492094 0.4707412084498526 0.6330624905501274 0.3265993846694796 0.2295698120626913
0 0.4724575426861468 0.6099777921276031 0.6684291655571362 0.4152826346018388 0.8598360570838618 0.4803133614627285 0.3750380899031293
1 0.2807162823446576 0.3362849372929826 0.4021747708399119 0.3230013967531799 0.7892754173475578 0.2780858825597749 0.1621758619796614
0 0.6442239218447456 0.6787112030176861 0.6285516657280419 0.7137112423736914 0.650015817917447 0.645540506329114 0.7305515010217494
0 0.5917788593557471 0.6690481982480749 0.6527698513934509 0.6122104761851791 0.7334159432176964 0.5929842123769339 0.1379886708340907
1 0.3557760781552543 0.4029378516586942 0.3934909190493087 0.4648880440457684 0.6799129686805221 0.3623693037974683 0.5374826815484041
1 0.4797611336032388 0.4701241440350688 0.3985801229218684 0.665219586525653 0.5170241654270435 0.4814558895921237 0.2981458275137518
1 0.30139512409787 0.2833237236620131 0.2580396253422182 0.4938813856928722 0.5491469572980938 0.3012001054852321 0.7965160910410107
0 0.4620741242738954 0.5298389545859458 0.5315881170752669 0.5262846245832024 0.7223571799137068 0.4689759669479606 0.7264731870402148
1 0.2985792818165815 0.2761846765301703 0.2747602955528717 0.4692320008311121 0.5862975066297444 0.3017274261603375 0.3502858410299876
0 0.5084475268438655 0.6880466073354309 0.7682044452401957 0.3994469968126132 0.9066907226857672 0.5104585267229255 0.7150443700845674
1 0.3672154374229889 0.3619312345464711 0.3277257377428081 0.5452087439916189 0.5630500606257753 0.3686092651195499 0.8377284321871306
1 0.4355876078155254 0.4528576826391343 0.3970009448967567 0.5988042829372904 0.5735567756022614 0.4405006504922644 0.4719292660762643
1 0.4215083964090829 0.5684853337156371 0.5485903184054013 0.4438352412311108 0.786970563236837 0.4440161216596343 0.6794386864139865
0 0.6274168632283049 0.7594254764735662 0.7672381262878963 0.5721653941486047 0.8140617591317355 0.6396520921237693 0.2295254006229663
1 0.408309135715543 0.4584019134049556 0.4319516501349341 0.5231487965201348 0.661085747812132 0.4099160513361463 0.6016883491227641
0 0.576467716951241 0.6348742984796976 0.5741180306132747 0.654992754648289 0.6572165241361787 0.5854259493670886 0.3362890268031578
1 0.3255057736314029 0.3164046013620138 0.2242998293873113 0.5852234798175208 0.4253977523438825 0.3402218354430379 0.3647923215946207
0 0.2687489526491814 0.3529600097767922 0.361501335342967 0.3503584262342235 0.7459825452215232 0.2731642229254571 0.2131423318801385
0 0.6456318429853899 0.7073672992086858 0.5749474896398611 0.7739769102013461 0.5680254746924908 0.6701488045007032 0.3292530092638503
1 0.4846888575954937 0.4870157905510026 0.3905366323770212 0.6805201141706616 0.4961318231919244 0.491123435302391 0.359391169452717
1 0.397045766590389 0.3883273227013538 0.326793430353498 0.6092389307495225 0.5037980366602701 0.4039397503516174 0.3259042883806759
1 0.2623253124449921 0.2958273289065384 0.279778384339181 0.4034566686385055 0.647817744330251 0.2701760724331927 0.2856114770806701
0 0.4941923252948424 0.543118777920309 0.4302810151796788 0.661520685317958 0.5470800911515686 0.5132709036568214 0.437037115278608
0 0.5441735257877135 0.6798833455100008 0.7251373442886581 0.4926143122367764 0.8405143656212414 0.5465799929676513 0.8464266830590229
1 0.2803643020594965 0.3047721264877736 0.329336486309642 0.398087454798342 0.688316526090723 0.2819529008438818 0.8268151812439363
1 0.4164046822742475 0.3784901240859642 0.3038151207570633 0.6537115408113038 0.4387107711445043 0.4185289556962025 0.4592077648529024
0 0.5378378806548143 0.6192287583554423 0.6284935694218832 0.543261343445993 0.7647905735121556 0.5424493143459915 0.4860770136462185
1 0.5338781024467523 0.5592975349138342 0.4692634738774752 0.6855798284381011 0.5582595932174522 0.540515805203938 0.3264954030046169
0 0.6136016370357331 0.7015167386548675 0.6385129853151338 0.6583654738114242 0.6946403059839071 0.6263811884669479 0.3096662533063227
1 0.3967817813765182 0.3831632244815003 0.281735920660705 0.6536392501000154 0.4159078950325955 0.4075431082981716 0.5558904858550773
1 0.2571336032388663 0.2846491116190229 0.2447450098474219 0.4293866318145142 0.596965090303436 0.2680667897327707 0.3355661527787044
0 0.6365683506424925 0.6489725589488514 0.5841433049575666 0.7383010469788952 0.6021805860701025 0.6400915260196905 0.6164719505160872
1 0.3282336208414012 0.3305558773494481 0.2727658184428377 0.5316077630249624 0.5270461805761577 0.3329272327707454 0.297211384601162
1 0.3281456257701109 0.3544702269115152 0.246866420063349 0.5706439527171847 0.463977276328584 0.3453192686357244 0.4496122717946843
1 0.4472909522971308 0.490653879779624 0.4391775612900285 0.5809503838173079 0.6206954913549808 0.4518380450070323 0.2398645804467635
0 0.6955250484069706 0.7488280127662408 0.6749496215660168 0.745437967310911 0.6568905992702568 0.7075885724331927 0.2366105821176889
0 0.3343932758317198 0.458011306668446 0.5406827113777601 0.3136898764972037 0.863540573547058 0.3359153832630098 0.2389878232418607
0 0.6040981693363845 0.691637320994525 0.6535945911122542 0.6349469376097737 0.7189918486428831 0.6107373417721519 0.4287769152494644
1 0.3271776799859179 0.3708127035602771 0.2773881363143622 0.5473423526990686 0.5164079092030416 0.3387277601969057 0.3059499499164947
0 0.4866247491638796 0.6081771982027852 0.5727339715547858 0.5252528534203326 0.7465747234843382 0.5087886779184247 0.5647252486431722
1 0.4081331455729625 0.4340492592540659 0.3863087835422723 0.5578983853539914 0.5996478637180039 0.4079825421940928 0.2861740766104703
0 0.5444375110015842 0.6616400449900065 0.6856351107957043 0.5130846584633403 0.8112729031055614 0.5468436533052039 0.2964757279483006
1 0.2595094701637035 0.262155062294413 0.2165448675562442 0.4754437589393229 0.5285135403847242 0.2692093178621659 0.4507340293774057
1 0.19210524555536 0.1983956027805029 0.1963366288938008 0.351976943763659 0.6267139347838379 0.1916931786216596 0.8647528751997071
1 0.3792707621897553 0.3853439509522863 0.3099110018002064 0.5961597139496144 0.500436543904998 0.3882959036568214 0.5869637444759394
0 0.4093650765710262 0.4397467354845822 0.3709568753235 0.5804201989742994 0.5681769215787972 0.4217807665260197 0.7748111880043489
1 0.1632428621721527 0.1620725602543577 0.1825113353755204 0.3104984401946836 0.6528067676793766 0.1645361638537271 0.3031544874115917
1 0.2654931350114416 0.2086288869397625 0.1727947688541507 0.5047812361482955 0.4547117976990825 0.2634966772151899 0.3952253016361267
1 0.3355372117584932 0.3187912665329892 0.2646053216119171 0.5618130465307621 0.4903262428981982 0.3495378340365682 0.5414452963548616
1 0.3007791585988382 0.2519377311330554 0.1733597839101263 0.5907857336889264 0.3613842243146705 0.3042761427566807 0.5398861434487972
1 0.3017471043830311 0.3077450240462994 0.3265335429559193 0.4321182674171043 0.6588150913854158 0.3009364451476793 0.4659555177336258
1 0.3680073930646013 0.3648777049165532 0.2955040942813335 0.5718346045642044 0.5100227130610328 0.3672030766526019 0.3676438310086971
1 0.4236202781200492 0.4423499746876818 0.3210405941657687 0.6680270082145827 0.4419417543710242 0.4356668776371308 0.3313485409234936
1 0.4067252244323183 0.3957356371008152 0.3782721278569731 0.5578313377052802 0.5934095780348313 0.4033245428973276 0.818684610177237
0 0.4706976412603414 0.5771766558857627 0.5950335145041945 0.476051000914144 0.7901523436731052 0.4754795886075949 0.5584763460300606
0 0.5803395000880127 0.6733780674766287 0.683605482979423 0.5677232491004561 0.7775166483893509 0.5842834212376934 0.7403992051712469
0 0.5197988910403097 0.6575689688385297 0.7013017480231911 0.4653677048312171 0.8456300599835679 0.5309361462728551 0.483195514219339
0 0.5394217919380391 0.6019780888160169 0.5298929091725887 0.6600933012515549 0.6236933720007344 0.5585325949367088 0.7756486140449197
1 0.3256817637739834 0.3328474690985832 0.2804438067366132 0.5271198603397788 0.5382410367042475 0.3353880625879043 0.7237573701430843
0 0.6637588276711847 0.793224561361943 0.73772927112801 0.6529759232436895 0.7524298555242751 0.6833318213783404 0.2068657335721431
1 0.3080827495159303 0.3287868671376482 0.2309773244310468 0.5460519237824027 0.4726551131227405 0.3251053094233473 0.538766188544441
1 0.3159143108607639 0.291914654744331 0.2708343196814969 0.5050259124018864 0.5501952209996237 0.3127132735583685 0.3034575012568001
1 0.3449526843865517 0.3566509533823011 0.3235816973048989 0.5075959663486961 0.5927406294609856 0.3512955696202531 0.6457787482188843
1 0.3403769406794578 0.3897582582707455 0.4133862187853002 0.4186523350319752 0.7277349402014157 0.3415401371308016 0.3685505782264029
0 0.5874671008625242 0.7028790279908628 0.6587171556087985 0.6004987454337496 0.7441882136791574 0.592632665260197 0.2248050053837104
0 0.5951226720647773 0.6541948292115596 0.634193191345988 0.6301458810961305 0.7111741882882311 0.6064308895921238 0.2087469103861765
0 0.2075043830311564 0.3890930666006499 0.4578754587270945 0.1700916075942678 0.9123891735000096 0.2182349859353023 0.3142727520488669
1 0.2430543918324238 0.2097007994856627 0.1950329608023777 0.4402956973496181 0.5424846901244557 0.2447767932489451 0.8478593207198191
0 0.6140416123921845 0.6144501103475242 0.5006514272088337 0.7890483318998105 0.4965439401797762 0.6216353023909986 0.3632392322430575
0 0.5955626474212287 0.6252535127550392 0.5307799763010804 0.7302661330200639 0.5694977198844865 0.6031790787623066 0.7244540233913164
1 0.292419626826263 0.2608878463802579 0.2393962440467858 0.4975841000369869 0.5285676285584049 0.2945207102672292 0.4694528776420053
1 0.3511123393768702 0.3603154697993662 0.3074471976678701 0.539159838584662 0.5510724962811305 0.3609631153305204 0.6813480505624581
0 0.7095162647421229 0.7956323360553947 0.6934691617158277 0.7600373544967659 0.6582159340034163 0.7253417018284107 0.2068146030585114
0 0.6057700756908996 0.6736948714551674 0.5974190432212301 0.6915121154228919 0.6458712679896604 0.6180319444444444 0.3536068662182782
1 0.4882966555183946 0.4978509378129286 0.3810337365839049 0.7096337284956671 0.4604566596559025 0.4970118495077356 0.3572638451019053
1 0.3001631930998064 0.318437561175465 0.2594157103979009 0.5146555117875309 0.5308222330109964 0.3164924050632912 0.7180738530172464
0 0.5616845449744763 0.5947334940717922 0.5147095941560027 0.6736542442858056 0.6023913554694781 0.5673212728551336 0.6798441251663099
0 0.5806914803731738 0.6118310792879156 0.5343158769739604 0.7040381096805899 0.5928756754172079 0.5916659106891702 0.2978120042564833
0 0.6898933638443937 0.8048623539021506 0.7381343179236101 0.6857530083838245 0.7323212683735888 0.7089068741209564 0.7586074038189349
1 0.3442487238162295 0.3856027440293632 0.3735407777021814 0.4656970644894599 0.6654494420823156 0.3518228902953586 0.5569012967784119
1 0.3163542862172153 0.3282325407459019 0.2642315198885369 0.5216591312255449 0.5286129928331049 0.3211504043600562 0.3814959393267551
1 0.4388434254532652 0.4278343580107887 0.3414888665861511 0.657214542135442 0.472365828632538 0.4502560829817159 0.4757955195301083
0 0.5295663439535293 0.6295675901270839 0.6272507641273882 0.5410602104477796 0.7655432715162168 0.535857805907173 0.1950472103299053
0 0.7030926245379334 0.8302445404125948 0.7692880959480708 0.6860912653603797 0.7481862021040669 0.7349213607594937 0.3714563318712873
1 0.4067252244323183 0.3807871946424597 0.3240362154648471 0.6207018543495733 0.4904581482507876 0.4083340893108298 0.289563931336342
1 0.3332493399049463 0.3072591827465565 0.3115040122791654 0.4993279744262167 0.5901077567485877 0.3300269690576652 0.8817668813703621
0 0.6152735433902482 0.6920596725854459 0.6737587286571372 0.6191209915422813 0.7403060786327125 0.6174167369901546 0.156037250506531
1 0.2933875726104559 0.2515416455891854 0.1228823933304469 0.6264210823369191 0.2537470139100728 0.3085825949367088 0.6221826716972547
1 0.4703456609751804 0.4775060312460865 0.441598891652316 0.6051927163662758 0.6029465444006146 0.47020638185654 0.2402405208258377
0 0.6425520154902307 0.722004094213077 0.644789501932048 0.6959682419712456 0.6726138568812872 0.6574052215189873 0.2857199655422861
0 0.628120823798627 0.7819353176546852 0.7090965798682887 0.6202638203033719 0.7580148956517673 0.6626784282700422 0.4086983558579343
1 0.4713136067593733 0.5392325309465453 0.4936670144244385 0.5664296425701072 0.6697921989949454 0.4877837376933895 0.6624877739861142
0 0.4264361204013377 0.5328909725684098 0.5339767377525741 0.4665175243424103 0.7643644982859344 0.4354032172995781 0.6479922733715239
1 0.3570080091533181 0.3556107856908119 0.2871701222056923 0.5775953004101133 0.4967058557448593 0.3621056434599156 0.4036536423927901
1 0.453978577715191 0.4600387876745369 0.3726594062899797 0.6499142924601199 0.5079230450543398 0.4601872890295358 0.3543149910561071
1 0.3881582643900721 0.3711295075388158 0.3219550007324528 0.5856003448003245 0.5213564536608963 0.3890868846694796 0.3124967860994219
0 0.3646635803555712 0.3901912451936009 0.3863851061405593 0.488213635047191 0.6566271375210375 0.3665878691983122 0.7328317252739021
1 0.3295535469107551 0.3777456508505374 0.3613433198996051 0.451011881734164 0.6685387491893877 0.3334545534458509 0.5330408820565004
1 0.3248018130610808 0.3066677938344318 0.2558817625420346 0.5400119156937582 0.5031545618714481 0.3223808192686357 0.3610430783546646
0 0.6252169864460483 0.7003444350211596 0.5854202845498019 0.7341340832756945 0.6062284751971821 0.6555595991561182 0.2846608100627933
0 0.6232810948776624 0.7181864934727099 0.6774978850341974 0.639911164586039 0.7289691974292158 0.6377185829817159 0.4020472920895271
0 0.5092394824854779 0.578401652754965 0.5494184755539785 0.5785716222142149 0.6964070700054936 0.5164348277074543 0.5417565041926392
1 0.2855560112656222 0.2757305800848386 0.2467287464638803 0.4813830366742163 0.5506984154928348 0.2906536919831223 0.7232393459328604
0 0.5728599190283401 0.7231552883243084 0.7051733704876835 0.5499344910609751 0.7986246454072746 0.5911385900140647 0.4817638598376511
0 0.5674042246083436 0.6721530706074264 0.6286870610409946 0.6036128068430887 0.7257270476120007 0.587007911392405 0.1361137214544099
0 0.8357891920436543 0.8789395356652256 0.7916991122020138 0.8372967414204152 0.6649863775244161 0.8433736462728552 0.5360218565531697
0 0.650647562048935 0.8081784826276588 0.8762476266899316 0.5147789620791154 0.8877518359104233 0.6525714486638536 0.8660045895045757
0 0.535110033444816 0.6044122906979125 0.5144674448462988 0.666007793599721 0.6081937951595712 0.5641573488045006 0.2279649366780908
1 0.5329981517338497 0.5384298856682638 0.4826892535816945 0.6702505433892613 0.581281613671758 0.5317271272855134 0.307291634259773
0 0.4488748635803556 0.5728256771347326 0.5843908245140582 0.4507549716678936 0.8006834855667376 0.463087552742616 0.2659665437759013
0 0.6983408906882591 0.7923321603277884 0.7023795402800248 0.7350039550214155 0.6805250374330132 0.7205958157524613 0.5195588144428667
0 0.5039597782080619 0.675215562780432 0.6034680566560433 0.5358694196159165 0.7563269956769669 0.531639240506329 0.3125526691287437
1 0.4435071642316494 0.5528186840689056 0.5558979224055706 0.4822626001416704 0.7658175509001723 0.4533321202531645 0.3001458172200384
0 0.3375610983981693 0.4807111335518525 0.5354392349611149 0.3397626734082632 0.8455944664757263 0.3418916842475387 0.0425704467651923
0 0.5915148741418764 0.6989663538286554 0.6958607116186558 0.5916395584855484 0.7689619930488029 0.5996636075949366 0.8413336250377204
0 0.5795475444464003 0.6858394536762012 0.6200149261524739 0.6301458810961305 0.7029503431970341 0.5935115330520394 0.2603244882524635
0 0.5815714310860763 0.6883107180784751 0.6812389942282714 0.5744950616202954 0.7721811117727088 0.5877988924050633 0.1390461875150697
1 0.3065868333039958 0.2926328619327071 0.2540939585659549 0.5144572286937117 0.5260889943799872 0.3106039908579465 0.7445337299418061
1 0.4214204013377926 0.4973124032776914 0.49324797244024 0.4841161022029638 0.7291558888674045 0.4229232946554149 0.3342066055316252
0 0.5882590565041366 0.7749548336535047 0.7348335689661346 0.5821000444478169 0.793574903721243 0.6121435302390998 0.5091801395748861
1 0.2896037845449745 0.2871360067364129 0.2741936531493846 0.4612132927020641 0.5930124661532264 0.2942570499296765 0.4319799469447586
1 0.3997736138003872 0.4295874152246865 0.3330183600542991 0.6129302056843784 0.5060721826465786 0.4129920886075949 0.3433606062702155
1 0.2954994543214223 0.2952518929923157 0.311354296308112 0.4380828071807776 0.642578868514316 0.2935539556962025 0.7082766238619751
1 0.4621621193451857 0.5205298163152517 0.4992053662101586 0.5417343411906278 0.6915632123354082 0.4639664205344584 0.7120373386915281
0 0.6090258933286393 0.7634913961004686 0.6684133802862752 0.6379184830454303 0.7252831756318588 0.6303360935302391 0.1583084613668576
1 0.5000879950712903 0.5321358640010483 0.504833710313262 0.6001525444229868 0.6519657838176298 0.5021971694796061 0.2511858922199032
0 0.6318166167928182 0.6580546489968795 0.5460064160267198 0.777990395163658 0.5427718808789027 0.6401794127988749 0.4281515497365842
1 0.1730103150853723 0.1464747179824156 0.1095230094046948 0.4102643881929627 0.4876713859603688 0.1785101617440224 0.5540333993791973
1 0.3504083788065481 0.3358783775585709 0.2524189297724187 0.5937726905509455 0.4462750894727547 0.3582386251758087 0.3665133877938523
1 0.2355748107727512 0.2371792743769873 0.208538480534658 0.4309095031720915 0.5639580440316944 0.2438100386779184 0.3662790396063736
0 0.3954618553071642 0.4756790101328247 0.4597478847737697 0.4782802557934519 0.7129730562580668 0.4060490330520394 0.1952240366895483
1 0.3211060200668896 0.3271764200565107 0.2712748426528466 0.5309563522199476 0.5262910398803818 0.3236991209563994 0.8413175648122848
1 0.3881582643900721 0.4539560223734783 0.3966180300273124 0.5323276514048458 0.6285654951035176 0.4085098628691983 0.3158505872579891
1 0.3755749691955641 0.3946848340773914 0.327509137789034 0.5673964315331598 0.5429348433118636 0.3863623945147679 0.598186400578546
1 0.3022750748107727 0.3192084615993356 0.284725520773991 0.4911797785395865 0.5749676045454324 0.3103403305203938 0.2438147403845161
1 0.4495788241506777 0.4553605307544263 0.3699497099486632 0.6373229982412363 0.5169302962740103 0.4505197433192686 0.3286520618488263
1 0.2186797570850202 0.2060150124047282 0.1856430029265561 0.4189642178149615 0.5544685356763666 0.220959476090014 0.276848821427184
0 0.4172846329871502 0.518549710878688 0.5293376582016817 0.4469697982487052 0.7748024689384521 0.4252962376933896 0.18270312440428
0 0.6070900017602534 0.7246917715060822 0.6873654694046297 0.630216265239209 0.7404854419957573 0.6229536040787623 0.4534818028455561
0 0.4785292026051751 0.543393362853895 0.4641168246377613 0.6035365441146967 0.6208926514719464 0.4866412095639943 0.2688283776206147
1 0.187177521563105 0.1665186124272281 0.1610196077307959 0.3722205672539409 0.5770990275444152 0.1925720464135021 0.7380927601428727
0 0.5918668544270375 0.7062847513308509 0.6785262059266831 0.5954538070699362 0.7577842357627156 0.6138133790436006 0.233921969275888
1 0.354984122513642 0.3994952269397205 0.3795917439540084 0.4718098399314451 0.6648583106873783 0.3639512658227848 0.5068774637830938
0 0.5801635099454322 0.6588941956541465 0.5932188592941758 0.6469173261149994 0.6751287824794651 0.5892929676511954 0.2757211641698128
1 0.3586799155078331 0.3915694875274982 0.3500690563402748 0.5213599588972905 0.6021045136709903 0.3735309247538678 0.2537653610806825
0 0.4112129730681218 0.4559941387115039 0.4241890397705632 0.5381943206670827 0.6438748909469 0.4164196729957806 0.8211249450441916
0 0.3921180425981341 0.5507330310199599 0.572851954249366 0.3809048265688931 0.837947096629179 0.4062248066104079 0.1035173634947878
0 0.6191453265270199 0.6598869877761085 0.5454959171123779 0.7565364186215218 0.5596665836450715 0.6375428094233474 0.7538034298554733
0 0.7684729625066009 0.832462490545152 0.7727252166270057 0.7613764009027818 0.7032071747830281 0.7845773909985936 0.7772271047734474
0 0.3686233585636331 0.4727115913816593 0.4525224618229286 0.4440295523078261 0.7332501891370616 0.3863623945147679 0.1364858925969022
0 0.8266377046294666 0.9718088655326812 0.9691284859059792 0.6904137732533633 0.8344613755524206 0.8320362517580873 0.4249726083794433
1 0.4423632283048759 0.4438864578694554 0.386877216028022 0.6308216006458203 0.5374279693192392 0.4485862341772152 0.2974613013745221
1 0.3833185354691075 0.4048863733822399 0.3578313412351434 0.5506248276336067 0.5832319285279001 0.3930417897327707 0.2958493791563121
0 0.6444879070586164 0.6781091787736266 0.6362548779082448 0.6947489916010788 0.6682198034426505 0.6453647327707455 0.321958225439208
1 0.286787942263686 0.3536358367788226 0.3312701006227477 0.4117435673623986 0.6787488516005274 0.2987392756680732 0.6917173842789098
1 0.3805906882591093 0.3742026350437562 0.3032950204924036 0.5938008124320401 0.49646961256046 0.3872412623066104 0.7892929227114232
0 0.5016719063545151 0.5356895151397641 0.486976175131109 0.6137061789457668 0.6292714330090419 0.5102827531645571 0.6943417562189682
1 0.3519922900897729 0.3260887156541014 0.2909864148547952 0.5390332106793945 0.5366337455560295 0.3526138713080168 0.542517070582911
1 0.4099810420700581 0.4583703296919376 0.4225535555215552 0.5309036038328098 0.6484657555465428 0.4127284282700422 0.3299865354786437
0 0.6511755324766767 0.7276382418761642 0.6672836756438261 0.6993290450830695 0.6838484939887293 0.6767403129395217 0.2253066416087959
0 0.6176494103150854 0.746039944385428 0.7616353315407227 0.5608108271751442 0.8180077531187198 0.622162623066104 0.8504684518336989
0 0.4141168104207006 0.498373680491657 0.4768958964409301 0.4910008788892336 0.7143734165224609 0.4256477848101265 0.2371194290562353
0 0.5705720471747932 0.7004341907770325 0.6425655688228994 0.6002637609018918 0.7356101782893409 0.5911385900140647 0.1609405356599311
1 0.3593838760781552 0.3591855463520041 0.2780494903430158 0.5984819140291502 0.4675258094780041 0.3730914908579465 0.5837535020671841
0 0.5309742650941736 0.628226410313565 0.6247745921539649 0.5393587572012178 0.765336689588352 0.5409552390998594 0.4920112669446734
0 0.6681585812356979 0.7659520251708077 0.6663385122091755 0.7209711363552392 0.6684993171659946 0.6948449894514768 0.203320684627011
1 0.3908861116000704 0.3805812559422702 0.2990985794646258 0.6259423748355752 0.4613827887717015 0.4000727320675105 0.7501115445635015
0 0.5614205597606055 0.6641586849618075 0.6400843520721906 0.5770114138958623 0.7493185641917715 0.5807679500703234 0.8304697019297926
1 0.3438967435310684 0.3156494927946524 0.2540140558031427 0.5829664208184866 0.4588382019169891 0.3468133438818565 0.7160324017085598
1 0.2930355923252948 0.1877875037412428 0.0910760489538945 0.6551605326507514 0.1697864653392984 0.2931145218002813 0.6884337236967348
1 0.3079067593733497 0.2837249657304574 0.2598485848359468 0.4970623358702384 0.5477947529560737 0.3095493495077355 0.8111072974888093
0 0.6086739130434783 0.7368258795365742 0.7288507885750374 0.5721072438182057 0.7966450182505572 0.6270842827004219 0.6691642391314859
0 0.7091642844569618 0.7053501312517437 0.6076382973888869 0.8222559836939918 0.5546049774564259 0.7173440049226442 0.5049207383575725
1 0.2757005632811125 0.2597948243118813 0.2675853203748857 0.4356436709177075 0.6102990464616117 0.2744825246132208 0.5250376456343263
1 0.2703328639324062 0.2584536444983624 0.2247540220777572 0.4655686888966667 0.5456947359934216 0.2712307137834036 0.3393645599740755
0 0.4332117408906882 0.5874784251370258 0.6099063316155957 0.406014965414688 0.839826224469638 0.4468284985935302 0.0786335191009851
1 0.301043143812709 0.2549051498842209 0.2362248692164707 0.5216920195271639 0.502111881465266 0.2975967475386779 0.6660759233321603
1 0.3981017074458722 0.4085931088442577 0.3514381438016583 0.5855833445671205 0.5472681784135941 0.402357788326301 0.2870364123884513
0 0.4776492518922725 0.5637700142751482 0.5745686431391954 0.5077986981016714 0.7591085236279972 0.4823347573839662 0.6536931617616084
1 0.3646635803555712 0.3818062528114724 0.3393072445123003 0.5327490029792115 0.5836545141945289 0.3650059071729957 0.5237859313294577
1 0.29145168104207 0.3270073827353066 0.3195756559359608 0.4383214459683708 0.648556484095943 0.2939055028129395 0.3151860544606283
0 0.5818354162999472 0.6398218226674268 0.6147385773160974 0.6239096553625608 0.7041005020386596 0.5881504395218004 0.2382329926463875
0 0.4517787009329344 0.540050968081336 0.5646792523121095 0.4657817478941118 0.7811747537099694 0.4561444971870604 0.1367161437880963
1 0.2795723464178842 0.3235963417293511 0.3106649519022615 0.4180611400062532 0.6587435554137735 0.2888959563994374 0.4762830620879749
0 0.3160023059320542 0.3846363790958449 0.3837797227747268 0.4079201036983301 0.7170415337867411 0.3207988572433192 0.8063305275806774
1 0.2372467171272663 0.249704150285382 0.1987911571453219 0.457742067514756 0.5289626467042544 0.2577840365682137 0.5766468523119304
1 0.3665114768526668 0.376473117270415 0.2932518453254858 0.5899190395568884 0.4906594958392639 0.3767827355836849 0.7725317831514531
1 0.2322309980637212 0.5028672693754473 0.3784210301542708 0.2873579451902956 0.8008262085540631 0.2881049753867792 0.0616355731557656
1 0.4274040661855307 0.5338254315061239 0.4530645312789929 0.5484799383975822 0.6560569434836541 0.4506076300984529 0.2339352435438501
1 0.4381394648829431 0.4158639696355332 0.3157513892840517 0.6801728009951098 0.4245546747463804 0.4498166490857946 0.738617339547152
0 0.5856192043654287 0.6773013769707706 0.6300569621761337 0.6269652486801327 0.7109313149406064 0.6077491912798875 0.7597171981725053
0 0.7491140468227424 0.8536309907713592 0.7749042349448382 0.7428806238188335 0.7160539884221174 0.7768433544303798 0.1632640241928491
0 0.5967065833480021 0.7184452865497868 0.7121423234707198 0.5692187929803597 0.7904733831555978 0.6153074542897328 0.4630276403088048
1 0.1570832071818341 0.1569559987454244 0.1589196785020199 0.3256416759623838 0.6194748434095909 0.1594387306610407 0.3463043800406208
1 0.3244498327759197 0.3719901637185592 0.3639835285021827 0.4366284133980689 0.6817784872385709 0.3258962904360056 0.2558364746424696
0 0.6392082027812005 0.7607139630515906 0.7678968765605316 0.5966446177976401 0.8003980395920867 0.6493196378340366 0.1312499313451933
0 0.4950722760077451 0.5241308430234948 0.5127969726257947 0.5814451382677508 0.6711925592593394 0.4962208684950773 0.3939753900096233
1 0.2472781552543566 0.2597895066459139 0.2183958126157682 0.4531276958049889 0.5517519135337533 0.2572567158931083 0.7915341435589466
1 0.4108609927829607 0.4072412936988042 0.3645379657993339 0.5915570994104745 0.5531016751840587 0.4141346167369901 0.2915263925566617
0 0.379182767118465 0.4526253167505011 0.4084441271277755 0.5007658446177737 0.6622345108299205 0.3947116385372715 0.7306681834759345
1 0.2878438831191691 0.3494856402034075 0.3530292014636036 0.3898679214845285 0.7107823107460147 0.2969815400843882 0.7753713293363784
1 0.3325453793346242 0.3185273169313379 0.3000632710694138 0.5168347192513316 0.5649180218755389 0.3373215717299578 0.8409758753221498
0 0.6872535117056856 0.8248691858265845 0.8069838109685631 0.6336549198862663 0.7969817607512151 0.6978331399437413 0.3965460093584279
0 0.7212196092237283 0.7611521064990203 0.6358394160885715 0.8313493607706302 0.5682941707810987 0.7425675105485232 0.7029246356754865
1 0.3018350994543214 0.3643549622378249 0.3905332149472471 0.3756004360478628 0.7451939047536611 0.3033972749648382 0.2348744389721301
1 0.3249778032036613 0.3793984781180206 0.3705503639151397 0.4478198099089074 0.6775055215177873 0.3341576476793249 0.664171311699379
1 0.0876550959338144 0.1557679032552076 0.2907794162513388 0.0794914068242575 0.8953709403242728 0.0846470815752461 0.6545874541106093
1 0.3507603590917091 0.3578495230630596 0.2872505131727579 0.5737718367460448 0.5004466636278156 0.3664120956399437 0.2983311756256668
1 0.2661091005104735 0.2090987752416032 0.1338808214865863 0.5691833625877941 0.3376754585325979 0.2730763361462728 0.5393935206155378
1 0.4028534412955465 0.4363145849561503 0.4164682522372366 0.5292760301043777 0.6454305366131518 0.4047307313642756 0.3435577537314301
1 0.261973332159831 0.2634698149194881 0.2733960901340225 0.4134176931312867 0.6343560702909967 0.261035847398031 0.4224359121598751
1 0.2134880478788945 0.248162349437641 0.2432268573539895 0.360956562270446 0.6561612813154641 0.2261447960618846 0.2089299641801721
1 0.2862599718359443 0.264246033009326 0.2576643590060777 0.4635887178107901 0.5768446386501359 0.2852925984528833 0.6768339800560942
0 0.5994344305580004 0.6381216198304163 0.6126773789580939 0.6492997419738279 0.6854170510254726 0.6050247011251758 0.2586966696886692
1 0.3844624713958809 0.4022567069906965 0.2835829600862015 0.6341987684681117 0.4375445603287543 0.3907567334739803 0.3130364424500284
1 0.4605782080619609 0.5788926505792822 0.5539109310940893 0.5159670718351886 0.7422891953490223 0.4761826828410689 0.2339537619670565
1 0.3312254532652702 0.3432389941057193 0.357576335880099 0.4645839464163053 0.6549378417224002 0.3304664029535865 0.7233114530674692
1 0.2739406618553072 0.2332508083582709 0.1992346093421922 0.5043729127900302 0.4827176071631255 0.2779101090014064 0.4256001043303914
0 0.5690761309628587 0.6084411478044365 0.5661148982867114 0.6526721433755949 0.6537000949350079 0.579889082278481 0.7235911959737812
0 0.7033566097518043 0.7830865117659166 0.7081136619713725 0.7297802758879334 0.6873492201717347 0.7254295886075949 0.4276864587183572
1 0.4273160711142404 0.4785673084600521 0.461285077233086 0.5204130300197567 0.6828794432899448 0.4288995956399437 0.8274474297105745
0 0.5564928357683506 0.6744868814015144 0.6671176861976581 0.5406674573965609 0.7859264870068178 0.5619601793248945 0.198024907229547
1 0.1346444640028164 0.1977937396778364 0.2179061437495727 0.2233382445575459 0.7519769106891933 0.1463436005625878 0.2219071179716926
1 0.3302575074810772 0.333285773687406 0.2431702256605911 0.574733064885152 0.4560748196758388 0.338112552742616 0.733706843680291
0 0.5550849146277064 0.6171377876405293 0.6464987050233245 0.5522110923841598 0.7684361164182417 0.5554565576652603 0.4229896621777006
1 0.4465869917268087 0.458576268392127 0.3881592403975428 0.6262593418004544 0.5425293564872372 0.4555292897327707 0.423602736701727
1 0.5515651117760958 0.5745734166826632 0.4695757618649226 0.7278754553656596 0.5228360269280358 0.5642452355836849 0.3301464822135942
0 0.6165934694596023 0.7040300609607012 0.6383159135314972 0.6647721785190868 0.6901593625114218 0.6362245077355837 0.6551146555925106
0 0.5032558176377397 0.6681346876914441 0.6598144760357697 0.4955548759390237 0.8096513047630151 0.5290026371308016 0.5977134433274527
1 0.3508483541629995 0.3659547739870278 0.3472399126916178 0.5023997735735719 0.6159580652524608 0.3525259845288326 0.680815441045461
1 0.4217723816229537 0.446352404605762 0.3430769950225758 0.6430415907058455 0.48724426386627 0.4385671413502109 0.4552648156286107
0 0.4872407146629114 0.5794049190674688 0.5655814537724578 0.5277854115256829 0.7408961631597721 0.5067672819971871 0.7563248852488629
0 0.4405153318077803 0.6069309306697135 0.6686874256072035 0.3786463376437015 0.8801609969292714 0.4491135548523207 0.185438770763428
1 0.3299055271959162 0.3715096400847837 0.3112739053410463 0.5184499002863999 0.5729963523317364 0.3463739099859353 0.3189346421811788
0 0.516895053687731 0.6446902264312178 0.5401274604068531 0.6201135191761661 0.6605647565650001 0.5473709739803094 0.4431539307315044
1 0.380502693187819 0.4058156757953798 0.3415454982795496 0.5614792382133631 0.560280746133318 0.3845167721518987 0.6189172017785832
1 0.4919044534412955 0.5699320611415379 0.5051007580398911 0.6235979314602585 0.6343403672728313 0.5139739978902954 0.389162566534187
0 0.7798243267030452 0.8239029820344592 0.676580874711495 0.8832666430496257 0.5583049574921521 0.802857841068917 0.759973342380218
1 0.4215963914803731 0.4859703051935461 0.4094342053537421 0.5657856991572474 0.6108434177580121 0.4354032172995781 0.2879798686928672
1 0.3982776975884527 0.4935052767278658 0.4597042718604628 0.4845260143680707 0.7083944051169969 0.4082462025316455 0.5732381514031495
1 0.3197860939975356 0.3054321616332948 0.2785940008203472 0.5088935448961488 0.5534921569024382 0.3187774613220815 0.4179859186754023
1 0.3900061608871677 0.4740791983836219 0.4574307046522151 0.4649682787912641 0.7211871305824054 0.3940964310829817 0.3595604573391963
1 0.3852544270374934 0.4268470446961869 0.3815904521675721 0.5351415872018256 0.614975056315307 0.3951510724331927 0.256346140980273
1 0.4160527019890864 0.4995775678383828 0.4137487918108514 0.565028791577957 0.614709151874373 0.4288117088607595 0.3641872771833122
1 0.381822619257173 0.367591648256609 0.3026323645857409 0.6020865989911441 0.4879285665023221 0.3859229606188467 0.312252113481306
1 0.4004775743707093 0.4057786132750013 0.3534614249626449 0.5717693046030188 0.5612152501921387 0.4025335618846694 0.6686622751466977
0 0.6147455729625066 0.754234951065269 0.758445242214026 0.5654431524022202 0.8139734732740501 0.6385974507735583 0.1283338532696718
1 0.5066876254180602 0.5547037160836292 0.5437779263445394 0.5775404865740816 0.6936684636374488 0.5065915084388185 0.2753435849922248
0 0.493048389368069 0.6361732592482636 0.6683622815744156 0.4459612236657213 0.8424646804773834 0.4936721518987342 0.5152197676177807
1 0.5405657278648125 0.6107751197399173 0.5637581736206285 0.61440461843329 0.6798288702943475 0.5561596518987342 0.2756539734307455
0 0.5874671008625242 0.6986231226616729 0.7308887158636271 0.537832231587905 0.8174480277601132 0.5942146272855134 0.4592053066551316
0 0.7004527723992255 0.7827379629329667 0.7540115339190786 0.6861101721617935 0.7403786614722326 0.7154104957805907 0.2808825600891422
0 0.6412320894208766 0.7432045004350882 0.6912206556592564 0.6610011454807877 0.722851301551978 0.6627663150492265 0.5023809284208279
0 0.6338405034324942 0.6888387784231708 0.663478448957801 0.6763695151779283 0.697094862201138 0.6382459036568214 0.8449143997904541
0 0.6194093117408906 0.7226008007911692 0.6935316518602676 0.6226065159911628 0.7485379497109718 0.6267327355836849 0.4611508882507588
1 0.2306470867804964 0.2184079135122973 0.2128558334825367 0.4100346467236818 0.5874106761396913 0.2300118143459915 0.3463235539832326
1 0.625480971659919 0.6232629331279337 0.4725819609228255 0.8427836858475338 0.4234861715992151 0.6438706575246133 0.4182658254615657
1 0.1532994191163527 0.290615693975765 0.4093713897398002 0.1112766792935864 0.9268436272432758 0.1511773734177215 0.0101784469802457
0 0.4253801795458546 0.5335983832834582 0.4864863435301624 0.5323570443314136 0.6903286061516488 0.4472679324894514 0.2954519705167067
0 0.5649403626122163 0.7158631568691636 0.7090892568044872 0.5319207579727377 0.8110160715195674 0.5763736111111111 0.5468526759311181
0 0.3693273191339553 0.4913087584005709 0.525141379908655 0.4001873808007519 0.8030061364313792 0.3702791139240506 0.1244407235202008
1 0.4113889632107023 0.4491825308901345 0.4795566096221519 0.4785266797345685 0.7249206103902178 0.4118495604781997 0.828060504234601
1 0.4103330223552191 0.4927712776829808 0.5021793437873348 0.4564088996940538 0.7535405823425074 0.4116737869198312 0.3993404885842226
1 0.3966937863052279 0.3923721328057798 0.322945729897424 0.6023368360686804 0.5067065845804606 0.4008637130801687 0.5187456426203009
0 0.4650659566977644 0.6464221741226392 0.7175662727263848 0.3732850678377456 0.9017100742796632 0.4687123066104079 0.0400583325233317
0 0.5207668368245028 0.5897120059846991 0.524913551257052 0.629189578258232 0.6436875015967929 0.5536988220815752 0.534660342747874
0 0.5160151029748283 0.637963217841147 0.6167654386416092 0.5458031166310239 0.7569938505150573 0.5284753164556962 0.5957114870629495
1 0.2123441119521211 0.2693099012827648 0.2763656738729178 0.3270302931418544 0.7085050241560732 0.2222777777777777 0.6101622484781122
1 0.3368571378278472 0.3565929424808393 0.3640718934720545 0.4673893026563411 0.6573561065198711 0.3351244022503516 0.2733609665501849
1 0.3790067769758845 0.391368866493276 0.3482387785941462 0.5548370723317901 0.571723709948421 0.391020393811533 0.6030044682092266
1 0.3674794226368597 0.4840113092794588 0.4675314879210383 0.4329299888324264 0.7499421484909173 0.3813528481012658 0.1619021826278506
1 0.6040101742650942 0.6190598821756311 0.5290330187475382 0.7384132167419052 0.5616284140478682 0.6101221343178621 0.4577721773547812
1 0.3819986093997535 0.4611055436958627 0.4671303467594657 0.4661829216215905 0.7262218671621903 0.3869776019690576 0.1499496056671809
0 0.4618101390600246 0.5819764134161572 0.6069476511050272 0.4592511162528123 0.8064527744407036 0.4772373241912799 0.7780643669341666
0 0.6548713254708678 0.7579101028142688 0.73253770709698 0.6341341040296625 0.761332071000217 0.6538897503516174 0.1574512058642695
0 0.4541545678577715 0.5308633304209259 0.5089281166520719 0.5294390416863155 0.7064925951391879 0.4663393635724332 0.2325365290122903
1 0.2647891744411195 0.2746112919694112 0.1578197543190304 0.5538550308230593 0.3844627756343717 0.2783495428973276 0.3556266853865822
0 0.5300943143812709 0.6445953141507705 0.6528310396598814 0.5184729379856018 0.7924896506880346 0.5403400316455697 0.8584826682059156
0 0.6090258933286393 0.6983749649165306 0.5882600059572833 0.6932953922217909 0.6385484271851979 0.616449982419128 0.243570395526103
1 0.291099700756909 0.2805727178015788 0.2315073515155263 0.5110022093361869 0.5080483202437037 0.3031336146272855 0.8125319050368877
0 0.6550473156134483 0.7879549155297076 0.7499054106781862 0.6266659174711942 0.7743781384920272 0.6612722398030942 0.1467862328959215
0 0.6702704629466643 0.8192353604462833 0.8029820007031547 0.6137074499912399 0.8064583577360513 0.6797284634317863 0.3592335170356859
0 0.4524826615032564 0.5601899359479886 0.5114098216070342 0.5365082788468835 0.7029653483032811 0.4742491736990155 0.5977963665322529
1 0.6925332159831016 0.7623613115117136 0.648446639994531 0.7682205041339092 0.6238395845476521 0.7099615154711674 0.239878018594577
0 0.6115777503960571 0.7655717314834469 0.7854754843792218 0.5333975539319116 0.8433252058728471 0.6276994901547117 0.3368624424031493
1 0.3952858651645837 0.3943785042893943 0.3575047325895952 0.562217715633292 0.5729272590518087 0.3985786568213783 0.7947704428640717
0 0.6400881534941032 0.8138809542413565 0.7988618822736638 0.5680934410945255 0.8299940413623453 0.6528351090014065 0.1951691369393347
1 0.346712585812357 0.3457577952189132 0.2895689951723217 0.5489543561204541 0.5260998120147233 0.3525259845288326 0.3214043115415311
0 0.5581647421228657 0.6075118453912965 0.5917021714135038 0.6172965646461873 0.6949568090389296 0.5625753867791842 0.1978559471027704
0 0.5628284809012498 0.6497858395590677 0.6185929498969683 0.598727543566846 0.7232906371046498 0.5722429324894515 0.2038277288871922
1 0.3442487238162295 0.3457313680304695 0.3217082948497169 0.5125592400408564 0.5868760756101494 0.34523138185654 0.8272222587947734
1 0.1411560992782961 0.1298734482565768 0.1393090018457812 0.313047045249133 0.6143891592597582 0.1427402426160337 0.6877274015372711
1 0.5256945608167576 0.6001246405143115 0.4994486546631205 0.6632736159061844 0.5994130163574415 0.5471073136427567 0.2719748707671816
0 0.5588687026931879 0.6324083517433909 0.5885665982284406 0.6208788474317163 0.6905651982920075 0.5721550457102672 0.1956825725137199
1 0.1655307340256997 0.1313625558688233 0.1535849078899823 0.3387804730188482 0.6024778965473673 0.1611964662447257 0.7648939987978648
1 0.4163166872029572 0.4138575981519187 0.3656671822375296 0.5965993368026573 0.5496089749881157 0.4227475210970464 0.682888193405762
1 0.5081835416299947 0.5769707171855732 0.4655015346352547 0.65190204869952 0.5830721066985722 0.5203897327707455 0.3169210504472274
0 0.7014207181834183 0.776026746199405 0.6853628555570386 0.7483356332284379 0.661292678695956 0.72367185302391 0.2229103904218635
0 0.5915148741418764 0.6791599817970505 0.6670270429412702 0.5943308383943643 0.7525132559985312 0.5965875703234881 0.2354353997034164
0 0.5769076923076922 0.6679498585137309 0.583011810232855 0.667701938334812 0.6537625580517102 0.5970270042194094 0.2167912806510478
1 0.346712585812357 0.4572984171460373 0.3690795672342905 0.5039213738856759 0.6313041014715625 0.3777494901547117 0.1967176376550593
0 0.7043245555359973 0.7551590969538347 0.6508033646606138 0.7850075194598247 0.6132309744310706 0.7122465717299578 0.9072185694492092
0 0.5639724168280232 0.6240338335518041 0.5891264057723797 0.6233330773597806 0.6891910097245558 0.5730339135021096 0.6003681330400171
1 0.3072907938743179 0.3784849675613898 0.4292977718132603 0.3458962622198721 0.7884749123770819 0.3077916139240506 0.497890292733212
0 0.5576367716951242 0.6552138873805724 0.62033697822499 0.5953877127053299 0.726496495502105 0.5728581399437412 0.5141896188719828
1 0.3521682802323534 0.3893201148233158 0.3587239413451741 0.5112948675563911 0.6173434204106079 0.3617540963431786 0.3824408705498334
0 0.6407041189931351 0.7111478374286746 0.6720374831942758 0.6667003545019305 0.7084401183476562 0.6483528832630099 0.8051800910239638
1 0.4251161943319838 0.3964325736253219 0.2969734263494223 0.6754591288577492 0.409746728616413 0.4325029535864979 0.6757613864287879
0 0.4975361380038726 0.6058327520767625 0.6241103088997907 0.4910968428224602 0.7952327934835494 0.5016698488045007 0.2630906162639688
0 0.7286111952121105 0.8523902020456479 0.7912621693951892 0.6900717031403883 0.7567415553565333 0.7381731715893108 0.268720872438107
1 0.3330733497623657 0.3564345404915698 0.2932007466136262 0.5329727069824945 0.5442144648143638 0.3424190049226441 0.4657239555036207
1 0.45697041013906 0.4051925420288439 0.3290777380553213 0.6861672103274035 0.4321838988830477 0.4548261954992967 0.3703966847522403
1 0.3138024291497976 0.3201588735349518 0.2967208620156452 0.4745918407109108 0.5997375453995263 0.3175470464135021 0.286681776390057
1 0.4256441647597254 0.475515290477588 0.4281742510913547 0.5523318417041138 0.6355261196222983 0.4341728023909986 0.6022642229205265
0 0.3724951417004049 0.4964728566204243 0.5058317625420347 0.4091263258523965 0.7872298375145457 0.3849562060478199 0.4758317369772641
1 0.4006535645132899 0.459384070194983 0.3862432014375608 0.5627752279539743 0.5955043606580951 0.4150134845288326 0.212573177156283
1 0.2126960922372821 0.2172198180220804 0.2344567561452795 0.3630936663529469 0.6475092672622907 0.2114677039381153 0.4598929465115375
1 0.2054804963914803 0.1400274508505051 0.1275084541012477 0.4512678385163297 0.4629729810779172 0.20390944092827 0.3602890671584483
1 0.1935131666960042 0.2091040929075706 0.1879824777090176 0.3679560508106721 0.6049991033528113 0.195032876230661 0.2797586720683528
1 0.3226899313501144 0.3432389941057193 0.2495473123537128 0.5613394232113111 0.4759855487976411 0.3360911568213783 0.7547404948456853
1 0.3466245907410667 0.465488106159911 0.3929730970711651 0.4705109903385193 0.6751828706531459 0.3683456047819972 0.1706859787821651
0 0.2825641788417532 0.369286694569045 0.4085970977938519 0.326954665936199 0.7900947659398321 0.2908294655414908 0.2238623684785514
1 0.4269640908290794 0.4149082400339496 0.3196996598163333 0.6584369701192916 0.4499994964256271 0.428284388185654 0.7383843023984844
0 0.6458078331279704 0.7398990070415146 0.6946004937057884 0.6702294122582693 0.7187423451320331 0.6590750703234881 0.2948864211495816
1 0.3035950008801267 0.2860852037129891 0.2354639215201164 0.5249975321609036 0.4981159867761118 0.3019910864978903 0.8145907276098211
1 0.2268632987150149 0.2357325469510865 0.2315140236403233 0.38983773415454 0.6215588083981184 0.2338788326300984 0.4807838583263766
1 0.2916276711846506 0.3564027956371588 0.3077386556071709 0.4497211350561299 0.6299822562979954 0.3030457278481012 0.2219954492115884
0 0.7122441119521211 0.7499738892115048 0.694317497973547 0.7444740382001732 0.669353561354192 0.7150589486638537 0.798813194917856
0 0.6829417532124626 0.7863074059281917 0.7453369580092908 0.6683128345653685 0.746885643244013 0.7002939697609002 0.5692208007263296
1 0.2630292730153142 0.3250325949647102 0.3153072861481768 0.3770839049957709 0.695331936695103 0.2683304500703235 0.4545624265855801
0 0.5163670832599895 0.6115618120202969 0.5256836120994703 0.6285073446004921 0.6447214581039943 0.5493923699015472 0.2939957341573112
0 0.9471029572258404 0.947371773291886 0.8234345042270669 0.9716260700907272 0.5943419883578966 0.9669424578059072 0.3493004314836175
0 0.6553992958986093 0.7277437894885461 0.7539630389632374 0.6220054703630237 0.7790995126204225 0.6641725035161744 0.900333813012729
0 0.5018478964970956 0.6038578031647731 0.5690363125392677 0.5495930564707369 0.7281292604353469 0.5108979606188467 0.5295338532368893
1 0.2836201196972364 0.2946974054591764 0.1537914182891854 0.5955237145709621 0.3319292007519411 0.3033972749648382 0.3723742229188873
0 0.5021118817109664 0.5472638179711495 0.5214502302831826 0.5872860688591555 0.6725147533888657 0.5047458860759494 0.4125469102878289
1 0.3056188875198029 0.3052579677875164 0.189453599859369 0.6052608761797761 0.3643203397556401 0.318250140646976 0.5865294628697725
1 0.4843368773103327 0.6303173810284779 0.61819099506164 0.4904918251772172 0.7926903003645923 0.4927932841068916 0.83171060016447
1 0.406637229361028 0.3847631973720962 0.3106169451506737 0.6356350498528273 0.463264359303875 0.4081583157524613 0.3339093274812152
1 0.3998616088716775 0.3870970081661842 0.3003656322370412 0.6277429696290466 0.4608719172473874 0.4039397503516174 0.3862772978707257
0 0.5145191867628939 0.6113716651766165 0.5896795411915218 0.5595445481224691 0.7331517835565585 0.530848259493671 0.5407083286631893
1 0.3098426509417356 0.3195252655778743 0.2688548141685683 0.5090598929724538 0.5446702012971194 0.3147346694796062 0.7514684697329584
1 0.4452670656574546 0.5048262652895347 0.4307980234840667 0.5914147423174761 0.6060197995335619 0.4580780063291139 0.2763439076050709
0 0.6533754092589333 0.7867457105170144 0.7177677383483024 0.6611285677894759 0.7370367102506773 0.6820135196905766 0.3684275044580138
1 0.3724071466291146 0.3942043104436159 0.3997846855498442 0.4897978343488502 0.6648031756458199 0.3832863572433193 0.7126276339162121
0 0.5505091709206126 0.6939817671205477 0.6875262513387611 0.5331908501618324 0.8002542697368834 0.5767251582278481 0.8206991851902968
1 0.2547577363140292 0.2686550226618179 0.2476351790277583 0.4353943871242763 0.5939595326265794 0.2576082630098452 0.6677820764649158
0 0.4280200316845626 0.4979406935688015 0.4618707596024571 0.5372432608917611 0.6706056153359129 0.4393581223628692 0.2496429634191257
1 0.3328093645484949 0.3671111246228336 0.2965439693411505 0.5293630967192918 0.5504778753266009 0.3432978727144866 0.2771652734202059
1 0.4202764654110192 0.4356439144786944 0.3605968555961026 0.6193807614608664 0.5248955649994171 0.4351395569620253 0.7362632054820253
1 0.4655059320542158 0.5033371576772881 0.4219078240290116 0.6329496485293248 0.5645962844811279 0.48013758790436 0.6303902662941041
0 0.5103834184122513 0.5678304550946903 0.5466218788555505 0.5754717011857652 0.6968865354934771 0.5132709036568214 0.8298748180692698
0 0.530798274951593 0.6166044096298664 0.5373510428175672 0.6189416152498759 0.6596079193247887 0.5420977672292545 0.6171299281193926
1 0.3283216159126914 0.3479174121672228 0.2743127749872228 0.5361592179838061 0.5241658980886651 0.3358274964838256 0.5281328443874101
0 0.590722918500264 0.6952543007006702 0.6241506671180747 0.6401188216402229 0.698591883266239 0.6202291139240506 0.6438434910538944
0 0.4850408378806548 0.5722922991240696 0.5604165782406156 0.5387575526923943 0.7305503168804915 0.4877837376933895 0.3483653330516221
1 0.482137000528076 0.5350821732297374 0.4233231281597203 0.662319696278548 0.5406380151882052 0.4999121132208158 0.7263959996302131
1 0.4135008449216687 0.5130739652048701 0.4617493594781029 0.5175849538418876 0.6852956143516603 0.4267903129395218 0.429031748418366
0 0.5901069530012322 0.70674416544215 0.6884046935254421 0.5864841980462507 0.7683907521435417 0.6159226617440225 0.5633330893056677
0 0.8626276887871853 0.9502020607176516 0.8074044803002731 0.873111307480129 0.650692443522396 0.8896899789029536 0.365487336044339
0 0.6106098046118641 0.7250034189600465 0.6908916059924411 0.6040019056385718 0.7588038850755885 0.6258538677918425 0.3243584097425736
1 0.3407289209646189 0.3211780928453576 0.2429142438970399 0.5989860424399579 0.4309800008237008 0.3484831926863572 0.3318503410284305
1 0.372231156486534 0.4044163239390061 0.388666484616862 0.5009932028767924 0.6480491021312211 0.3737945850914205 0.8539223835814616
0 0.6233690899489526 0.7072722257868457 0.6706255964933412 0.6424834428624268 0.7235321146284376 0.630687640646976 0.5852857786776217
1 0.4124449040661855 0.3870918516416098 0.2601372762844782 0.7056088041240963 0.3368770472978774 0.4267024261603375 0.5696721258370404
0 0.4398993663087484 0.5166962625769825 0.5133741927881064 0.5034137500998169 0.7275440612917164 0.4555292897327707 0.8239794042955929
1 0.4598742474916388 0.5195265500027479 0.4156973777210624 0.6271064936083419 0.5645477796027948 0.4717004571026723 0.6753474259241927
0 0.5507731561344833 0.6861246739417218 0.7313028758052912 0.4782715173558237 0.851050392898303 0.5579173874824191 0.8478658759138744
1 0.342752807604295 0.3543065072562785 0.2956577158864144 0.551356314303433 0.5293831386351278 0.3526138713080168 0.3134417173225002
1 0.3834945256116881 0.3781839554393601 0.310542087165147 0.5951918128217729 0.5019394972214059 0.3902294127988748 0.5249992977491025
1 0.249742017250484 0.2191841316021351 0.2232257800297538 0.4282857475540391 0.5794886779532292 0.2473255098452883 0.4751514717141704
1 0.3652795458546031 0.3901860886690266 0.4187514207958019 0.4472583255711215 0.7099723839646395 0.3660605485232068 0.7223481673010359
1 0.4161406970603767 0.4337588824639708 0.3757152394469818 0.5937231197774907 0.5605480463980891 0.4221323136427567 0.2724615939257911
0 0.6227531244499207 0.7339164716868707 0.6455776263318435 0.6851510094715803 0.6805498133061186 0.6476497890295358 0.2973416690830121
0 0.705556486534061 0.8468247006159573 0.8209158584835947 0.6516066895076853 0.7930961361451779 0.7261326828410689 0.784495503942017
1 0.3751349938391128 0.3758183997908611 0.2913081414578091 0.5934895651717903 0.4853557142149119 0.3837257911392405 0.6052314315096796
0 0.6839096989966555 0.7778748768351431 0.7743703022263312 0.6382692915960334 0.7792356054445227 0.6863199718706048 0.8694816283113835
0 0.7078443583876078 0.8267861238371121 0.7601913860938125 0.7028868602432394 0.7332100592017501 0.7300875879043601 0.465454537027946
0 0.6666626650237635 0.7446936080473348 0.6816175152594348 0.7140120035087872 0.682403816317513 0.6832439345991562 0.5736835768392105
0 0.4050533180778031 0.486471938349798 0.4534122954421899 0.5023200154701286 0.6912571779591626 0.4196714838255977 0.5749400436597691
1 0.5101194331983806 0.5427650725627847 0.5148230202775508 0.6072410061463369 0.6533591649628393 0.5109858473980309 0.7688856203380174
1 0.3519042950184826 0.3492321647922979 0.3089847155966886 0.5467980274751709 0.5454577948971037 0.3588538326300984 0.3649953687304851
1 0.2359267910579123 0.2391066865780566 0.1534070388069807 0.4886796320938029 0.4509238807616301 0.25646573488045 0.3646074651222599
1 0.3990696532300651 0.3808505232098889 0.2520099773427912 0.6876761001847754 0.3469384944703848 0.4005121659634317 0.5641837896142005
1 0.5188309452561168 0.540478637338224 0.4663571939567755 0.671802489912038 0.5673903748466905 0.5203897327707455 0.2781924723286789
1 0.3220739658510825 0.3686213417575565 0.3905328894777448 0.4140764124477724 0.7167414316618024 0.3281813466947961 0.369390298584893
1 0.3651915507833128 0.4110588944391714 0.3660196657085098 0.5092988495214152 0.6245661108547711 0.3742340189873417 0.663074955493622
1 0.2698928885759549 0.3505786622717842 0.3758737430945971 0.3540690846125455 0.7520170406245049 0.2802830520393811 0.7545369560702667
1 0.4510747403626122 0.4164817857361017 0.3517527100756217 0.6699372306801175 0.4700731879803903 0.4539473277074543 0.5330236746721051
0 0.6685105615208591 0.796978833534881 0.7241640277420595 0.669831733905842 0.7349398338916582 0.7028426863572433 0.2511881865378226
1 0.480465094173561 0.4830397878213661 0.4361163578862387 0.639999184485058 0.5700085914088006 0.4800497011251758 0.3738999443352695
1 0.5147831719767646 0.576326473896561 0.4519143220578995 0.6906239723984937 0.5400126861092632 0.5303209388185653 0.2813704304067115
0 0.4270520859003696 0.4866461321955764 0.5199297995032341 0.4767141688897858 0.7497202125008463 0.4283722749648382 0.9164220619029174
1 0.384814451681042 0.3867961571855474 0.3090875639594123 0.5956727446526948 0.5001280668370378 0.392426582278481 0.3495260940389728
1 0.3790947720471748 0.4120094675161806 0.4326047046912792 0.4683419512385042 0.7031422689746112 0.3774858298171589 0.1970804676460228
1 0.4383154550255237 0.5292158208194099 0.5072597599833326 0.5101625249204543 0.7191673734903763 0.4503439697609001 0.1769276706818159
0 0.4688497447632459 0.5307893665215621 0.5003710352326108 0.5503806280220682 0.6859938752260815 0.482598417721519 0.2168542105139792
0 0.6289127794402394 0.7223526430460268 0.6708627010257595 0.6547167788999204 0.7156676941752486 0.6460678270042194 0.2682015371890721
1 0.3182021827143109 0.3186752447300656 0.2795217516366252 0.5163939842334996 0.5473829849241811 0.3265114978902953 0.2941224132824308
0 0.5175110191867629 0.6518450654195695 0.7166391728491115 0.4510210968138448 0.8599672645245326 0.5329575421940929 0.771497209649668
1 0.2654051399401513 0.2440595284317532 0.210013671053788 0.4872675005730781 0.5106309432979724 0.2735157700421941 0.2931915757265714
1 0.4144687907058616 0.4971751108108984 0.4862355692786478 0.4894476613209837 0.7211805004191799 0.4274934071729958 0.7999423270938896
1 0.4879446752332336 0.4766242655438667 0.3788875906858038 0.6915202183377835 0.4753581259829438 0.489717246835443 0.3845096897937012
1 0.502287871853547 0.6178453594969706 0.5337791777646841 0.5984471191593213 0.6723085204169601 0.5151165260196905 0.2146151201045238
1 0.4046133427213519 0.4305484624922374 0.4233808989963767 0.5241656328986944 0.6543390332963599 0.4048186181434599 0.3764477843847318
0 0.5558768702693188 0.7158580003445892 0.7238021056555128 0.5139211652653898 0.8279446230137817 0.5693426687763713 0.0995737587510906
0 0.4637460306284105 0.5285029312970012 0.5167185546588885 0.527002606394876 0.7129709625223115 0.4640543073136428 0.2716225290867066
1 0.4707856363316317 0.5425749257191043 0.5342096111814627 0.5215442604909044 0.7271832408298715 0.4779404184247539 0.2596053834645918
0 0.5760277415947896 0.6224022769481903 0.5704390860941382 0.663043238914167 0.6489487105941186 0.5821741385372715 0.2802876762286194
0 0.7590574898785425 0.8654906750096584 0.8177090074775301 0.7175517062709641 0.7533873906764049 0.783698523206751 0.2886080201632209
0 0.589051012145749 0.6810767586661851 0.5827859343982655 0.682799575346161 0.6426162068019537 0.6124950773558369 0.3270561998560519
0 0.5687241506776977 0.6428738406498907 0.4968815139638071 0.73611707309457 0.5382490626913098 0.6064308895921238 0.3534116853152802
1 0.3856064073226544 0.4101613368804425 0.352600069924834 0.5677121274525656 0.5640620329075452 0.3893505450070323 0.2818815716631772
1 0.4230923076923077 0.4651555103248632 0.4075040084704106 0.587561091323419 0.5913514357872869 0.4274934071729958 0.2397587140627696
0 0.7360907762717832 0.8927683677253678 0.9208083071874786 0.6048236365369954 0.8592358528339844 0.749598452883263 0.8678641341782265
0 0.4459710262277768 0.5217812403728977 0.5178983816046903 0.4987490132131743 0.7334375784871688 0.4507834036568214 0.2332890652898442
1 0.415260746347474 0.4043372035150678 0.3274196336759042 0.6407896158887041 0.4745740219425517 0.427229746835443 0.7738575711491472
1 0.465241946840345 0.4570449417349277 0.3513387128687086 0.7122840171879724 0.4289759467498372 0.481192229254571 0.7301155806170688
0 0.5605406090477029 0.6390773494319999 0.537675047707097 0.6876525858435213 0.608029087946814 0.5825256856540084 0.2192352208747328
0 0.5520930822038373 0.6998428018649078 0.6519924674872309 0.5690853332056737 0.7606390444651843 0.5753189697609001 0.3752727658503107
0 0.6885734377750397 0.8255292209721059 0.7544859057186665 0.6682542075929171 0.7515707259526484 0.7082037798874824 0.2755536789616987
1 0.1379002816405562 0.1835264418874785 0.2384294368902329 0.217083747545299 0.7700570168488697 0.1415977144866385 0.117924368989631
1 0.4723695476148565 0.5319721443458115 0.512894938945984 0.5525077226214677 0.6923815140598049 0.4796102672292546 0.767973137325513
0 0.5965305932054216 0.6716303279286981 0.6539470745832343 0.6181802590114294 0.7301762360921958 0.6034427390998593 0.8671368353977856
1 0.4040853722936103 0.4458349795930011 0.3465017478604237 0.5970453148830662 0.5327072931027623 0.4163317862165963 0.3251220898500216
1 0.3661594965675057 0.4642577916247414 0.4872813027895061 0.4115454431492636 0.7756748588365296 0.3675546237693389 0.2586904422543166
1 0.2874919028340081 0.23717395671102 0.2364242192866234 0.4830036196525458 0.5397767918808231 0.2839742967651195 0.7910592197496366
1 0.242790406618553 0.1977884220118691 0.1704085891981106 0.4666735451742455 0.4919534245360923 0.2422280766526019 0.5778603826114266
0 0.6586551135363493 0.7765759160665769 0.7644683808234072 0.621862795508657 0.7841736812236005 0.6776191807313643 0.3077182135129248
0 0.7269392888575954 0.8200114173947283 0.7836234001764397 0.7004793412363152 0.7466860404353328 0.7394035864978903 0.8833833922244109
1 0.3678314029220207 0.3735319645663003 0.3382701359432528 0.5349860430120428 0.580855538445537 0.3672030766526019 0.2687664310367916
1 0.3351852314733321 0.3262735448318145 0.273019684654624 0.539105819152051 0.5201773314746548 0.3390793073136428 0.3301941712503469
0 0.4807290793874317 0.5907310641537119 0.5592670199585269 0.5264157011476261 0.7382608477556596 0.4969239627285513 0.2151914855418402
1 0.3277056504136595 0.3357304497598432 0.3106843173376478 0.4862692532345639 0.6008615325442094 0.3284450070323488 0.6685688636314091
0 0.4706976412603414 0.5976324277309542 0.6427302563910582 0.4353584800896584 0.8373144394750932 0.4732824191279887 0.2434420776024695
0 0.4499308044358387 0.5763053643740846 0.5806274206590774 0.4599908647182144 0.793014480450718 0.4620329113924051 0.3464782565629389
1 0.4150847562048935 0.4181081858151412 0.3235317377362974 0.6384860048492139 0.473048735444753 0.4216049929676512 0.3483763130016648
1 0.4119169336384439 0.4830291524894314 0.4509908023451513 0.5104264257368275 0.6836115528924114 0.4202866912798875 0.576782544828876
1 0.5189189403274072 0.5099006077535153 0.4127614800756542 0.7274216921317272 0.4735557684535157 0.5400763713080168 0.3533897254151947
1 0.3497924133075163 0.3866113280078343 0.3397972388479981 0.5025351399164677 0.6100429127875361 0.3578870780590717 0.405805384841458
0 0.6649907586692484 0.6853009191409639 0.6394737712858942 0.7255824893320075 0.6485453175052476 0.6679516350210971 0.7969451284919333
1 0.3334253300475268 0.3507423819270209 0.3390616777728224 0.4793830466221367 0.6290079712598226 0.3349486286919831 0.2603082641471764
1 0.4173726280584404 0.4573037348120046 0.3905952168874333 0.5726838218209859 0.590582685809101 0.4220444268635724 0.767070650983943
1 0.3101946312268966 0.3050362372308179 0.2137388322422498 0.5570952434956135 0.4434816970191105 0.3157893108298171 0.4506248853963842
1 0.3823505896849146 0.3712825918621178 0.3625750592310222 0.5416228069503546 0.5947471262265638 0.3823196026722925 0.8062800525864513
1 0.2903077451152966 0.2714746747556487 0.2424110680464993 0.4816180212060741 0.5465692196272545 0.2903021448663854 0.3073212965128734
0 0.5125832951945081 0.6072636876461543 0.5707217563568772 0.5655848739724819 0.7181934374081625 0.5313755801687764 0.546997054080187
0 0.6957010385495511 0.7906690200111565 0.7364099805004769 0.7065627237517326 0.7182688118953564 0.7173440049226442 0.77774971761951
1 0.3385290441823622 0.3520624522180634 0.2947169462900448 0.5458008923014459 0.5337011196746522 0.3519107770745429 0.7027492842345059
0 0.5156631226896673 0.6230938958067296 0.5390493426805171 0.6091078541850989 0.6679277273047741 0.5378792018284106 0.206116966531171
1 0.2395345889808132 0.2321471509579596 0.2786608848030678 0.3568034211867663 0.6859422297441152 0.2370427566807313 0.7198748925839532
1 0.3978377222320013 0.4335054070528613 0.3496633586056701 0.5881532396332458 0.5434499023076886 0.4148377109704642 0.6616274047663498
1 0.2048645308924485 0.2529092525911481 0.2571501171924593 0.3217430617347123 0.6993641228040172 0.2088311005625878 0.2308323424377513
0 0.5737398697412428 0.660747643955852 0.6188352619414234 0.6156704208439125 0.712066817631944 0.5911385900140647 0.1923574503291447
1 0.0948706917796162 0.069979287335347 0.128811145784164 0.2206892269107138 0.690606724051156 0.0931720991561181 0.2894170949895022
0 0.4875046998767822 0.6012336155805902 0.611599423966509 0.4936015968080842 0.7874709660823742 0.4929690576652601 0.7641091781895883
1 0.421860376694244 0.4415420117434328 0.3677360291288368 0.6122977016807775 0.5374555368400185 0.4295148030942334 0.6092604176559477
0 0.6561912515402218 0.7457126662163475 0.698158363570073 0.6797813189893644 0.7145178842895825 0.67753129395218 0.229275811609309
0 0.5724199436718888 0.6846831030403954 0.6665259826424946 0.5773204368265339 0.762963440109622 0.5943025140646976 0.1448953871706564
1 0.2896037845449745 0.2706193362418726 0.2331351872312305 0.5148957393819656 0.5057982522185822 0.2950480309423347 0.6519176874517174
1 0.3466245907410667 0.3861254867080915 0.3957487009866954 0.4486199330342865 0.6939692636743059 0.3481316455696203 0.8294851117826794
0 0.5196229008977292 0.5708877907431216 0.5404319371262456 0.6037438834075123 0.6727255227882412 0.5274206751054852 0.704275825050145
1 0.2905717303291674 0.3937184691438731 0.3488254373720242 0.4357539341125077 0.6718911690897199 0.3157893108298171 0.7662951715271954
1 0.5683721703925365 0.6489250222379312 0.568123696054846 0.6567234419407344 0.6520533717633968 0.5917537974683544 0.5136620896303786
1 0.372231156486534 0.4536339007289722 0.4874451766839092 0.4024214021005844 0.7818744104082276 0.3721247362869198 0.7789863549780512
0 0.6891014082027812 0.7629897629442167 0.7105912985575561 0.7035066537921083 0.7060239472859408 0.7054792897327707 0.6679752908096973
0 0.7413704805491992 0.8645032005536637 0.7802778991623994 0.7188000318063302 0.7338137530112198 0.7530260372714487 0.1931768495860632
0 0.6743182362260166 0.7198920139756877 0.6510427474795483 0.7289718909669785 0.6534732735615079 0.6850016701828411 0.5608167141876711
1 0.2650531596549903 0.2540498113704448 0.2508423555033253 0.4361053781858473 0.5960204665217977 0.2638482243319268 0.313025626379837
1 0.2788683858475621 0.3342044407686113 0.2995662791394167 0.4268111759244435 0.6431204481630425 0.2887201828410689 0.7401435526030884
1 0.1802259109311741 0.2002226238937646 0.285306483835579 0.2656421332806803 0.7622501741289538 0.1796526898734177 0.823373376605176
0 0.4311878542510121 0.5129261985475355 0.489392460716111 0.5140773449779092 0.7054603834117827 0.4410279711673698 0.205587798491053
0 0.6304966907234641 0.7311918930148801 0.7122101838619472 0.6242866792260486 0.7571149382329104 0.6479134493670886 0.8179972980805339
1 0.3209300299243091 0.3715678121276385 0.3515374119998568 0.4529348146544309 0.6600032864265974 0.3286207805907173 0.1964787008317418
1 0.5810434606583348 0.6401861633568857 0.5516269488617682 0.6928648255677445 0.6138929438857317 0.6005424753867792 0.755398964088545
1 0.324889808132371 0.359961764441842 0.3737905755451891 0.4316019051936169 0.6923874463111118 0.3234354606188467 0.7501443205337782
0 0.6404401337792642 0.7097697562361702 0.6894749999837233 0.648532666030752 0.7299246388455903 0.6475619022503516 0.3000617468562786
0 0.5031678225664495 0.6038155841198204 0.5913280442206214 0.5242175868824116 0.7573958477800915 0.5132709036568214 0.6017024427899832
0 0.8256697588452737 0.8598458920146365 0.8113695125119227 0.8032273207954046 0.6978538414124654 0.834057647679325 0.7681039134469171
1 0.4450910755148741 0.4279347490985962 0.3129899432918711 0.707993444312503 0.3935806458931185 0.4493772151898734 0.3674761819207315
0 0.4899685618729097 0.638940056965207 0.6596714321895133 0.4618548529046616 0.8294549044053334 0.5211807137834037 0.1962794229324592
1 0.5363419644428797 0.5044459716021739 0.3983324406306256 0.7534549277524334 0.4357153331904654 0.535857805907173 0.3578487322914936
0 0.4850408378806548 0.5826417662276457 0.5905600989299677 0.4945270767932576 0.7761606055317792 0.4883989451476793 0.4559616327566941
0 0.6981649005456786 0.7695372600225417 0.7042405748941198 0.727706406317724 0.6864813667011271 0.7095220815752462 0.4997019844902587
0 0.5196229008977292 0.5796741863350874 0.5484982105362531 0.5926084128974948 0.6858553397102667 0.5280358825597751 0.4332010157174186
0 0.6243370357331456 0.6654840729188173 0.5961586625736115 0.7091429460623279 0.6321730018100475 0.6298966596343178 0.40975193942248
0 0.604626139764126 0.7853041396156879 0.731944213459554 0.5695301991212935 0.7995929981941408 0.6291935654008438 0.4222241793918874
0 0.6123697060376694 0.7233190079795451 0.7026356847783272 0.6079947361119443 0.7623087987301047 0.6252386603375528 0.167495401955576
0 0.6109617848970252 0.6772220954054394 0.6457349908362008 0.6458021425929509 0.7073189228506469 0.6251507735583685 0.710490312894466
0 0.655927266326351 0.780757857496403 0.7822609848398532 0.5948141534355484 0.8079128061741262 0.6639967299578059 0.5980274371227038
1 0.2016967083259989 0.1926876523594449 0.1519111809744552 0.4340589949739959 0.5066996054612759 0.2091826476793249 0.3279821210163698
1 0.3167062665023763 0.3052526501215491 0.2350247004267758 0.5658519524025379 0.4567217840242531 0.3164924050632912 0.5320736631736338
1 0.3673914275655694 0.3593703755297173 0.3150322644187416 0.56715525065462 0.5321548958192995 0.3719489627285513 0.3763643695403775
1 0.3332493399049463 0.3636631822378925 0.3166365035955297 0.5080498884633124 0.5866642593428962 0.3423311181434599 0.2693368967994583
1 0.1955370533356803 0.1895723058095517 0.1070504175957967 0.474583578915335 0.4141156572259851 0.2137527601969057 0.5331403571262903
1 0.2876678929765886 0.2860640941905127 0.2123004197768785 0.5215367930987495 0.4785329273000274 0.2961026722925456 0.3083358766727899
1 0.5137272311212814 0.567001543769358 0.4978671983514928 0.6422204953301586 0.6148239583849601 0.5204776195499297 0.7055691648372651
1 0.3253297834888223 0.3115415152641901 0.3150591156526806 0.4799775781422258 0.6098199299295876 0.3238748945147679 0.7997894271925486
1 0.3491764478084844 0.3676602944900056 0.3272123096029454 0.5148715895179748 0.5893564545683633 0.3543716068917018 0.4482188014183688
1 0.2491260517514522 0.2909800346652239 0.314505492029285 0.3655159612634971 0.7039654560824371 0.2490832454289732 0.3021990678780247
0 0.683733708854075 0.8070852994178892 0.782469285321319 0.6589430050983092 0.7709374327340096 0.7046883087201126 0.1327043650262235
0 0.7048525259637388 0.7597529157840396 0.7327707432606198 0.6995719736491347 0.720743956514182 0.7089947609001406 0.7871811669464928
0 0.5093274775567681 0.5462605516586458 0.5226188285311553 0.6008945172179672 0.6632548580547118 0.5200381856540085 0.6756189748379354
0 0.6039221791938039 0.7549160957332667 0.7117442742694189 0.6064218173388598 0.7678481256269375 0.6243597925457102 0.2163971496084701
1 0.4605782080619609 0.471349140904271 0.4357887728321836 0.5976979967335543 0.6046641056319495 0.4583416666666666 0.2951638697379741
0 0.475185389896145 0.5586850364792331 0.5244325073326671 0.5475754306627166 0.7030780610781127 0.4891899261603375 0.2827186699440451
0 0.4326837704629466 0.5709300097880744 0.5817862548219814 0.4303197380725269 0.812084923622692 0.4550898558368495 0.7964643050079736
1 0.5077435662735434 0.5732111273466679 0.5879285152692009 0.533072801813509 0.7497523164490957 0.508173470464135 0.4102012979749742
0 0.7240354515050167 0.8247373721671519 0.7335670043979725 0.7490696619892107 0.6892618477842798 0.7524108298171589 0.5194308242789359
1 0.2256313677169512 0.2074407914495456 0.1681330691728491 0.4440233559611443 0.5127930744213676 0.2270236638537271 0.4870920854456891
1 0.2503579827495159 0.2319571652556721 0.2559852618437629 0.3999033021374918 0.6323701619270131 0.249346905766526 0.2637969384234325
0 0.5428535997183594 0.6762241467589031 0.6783963435952693 0.5158893791806394 0.8062510778962682 0.5615207454289733 0.2942953065256406
0 0.4825769758845274 0.6087526341170079 0.6264693118523896 0.4675855203012662 0.8107260891174465 0.4916507559774965 0.3254362475251241
0 0.537397905298363 0.5816542917716512 0.5103443971912873 0.6507843230865251 0.6170799586613884 0.5456132383966245 0.3243523461880724
0 0.6384162471395881 0.662944162283147 0.615637849550925 0.7115601567909853 0.6432387442332218 0.6475619022503516 0.7886190487625334
1 0.4239722584052103 0.4793277346933808 0.399694693232461 0.5776032444443209 0.5935823112346507 0.4394460091420534 0.3059720736964315
0 0.7480581059672593 0.8294949106525936 0.7425185548542094 0.7771298973783018 0.6759620893101087 0.7696366385372715 0.5011172508868083
1 0.2868759373349762 0.2968676577394206 0.2532866314655242 0.4769709200753722 0.5606803007066375 0.2906536919831223 0.5518647773058368
1 0.3343932758317198 0.4584865126362542 0.4543265392741229 0.3931977428629432 0.7699373249548535 0.355865682137834 0.4761755569054671
0 0.4671778384087309 0.5480453537269548 0.512844491173129 0.5493873059847626 0.6946026187403102 0.4883989451476793 0.581612739568559
1 0.4524826615032564 0.4681388820739307 0.315955946866241 0.7212294763476672 0.3832096747847732 0.4768857770745429 0.4078245484903564
1 0.2938275479669072 0.2636757536196776 0.2203852449485167 0.527382966752731 0.4807913702681704 0.2989150492264416 0.8452562531604405
1 0.3643116000704101 0.3877729963096074 0.4028328701735424 0.4743916510488818 0.6789027411785483 0.3624571905766526 0.2241817703088982
1 0.2639092237282169 0.2923371674766447 0.2641281833215598 0.4351797393199897 0.6078832243558555 0.2765039205344585 0.3292205610532763
1 0.3600878366484774 0.3636789740944016 0.2754110718227008 0.5839498922533748 0.479207459169221 0.3712458684950773 0.6570984211935101
1 0.4717535821158247 0.4629377213336988 0.4545097786039123 0.597100128719098 0.619017362147039 0.4701184950773558 0.7525394245617508
1 0.4376994895264918 0.4484486929866424 0.3605236249580874 0.6380494007291698 0.5078612798495559 0.4415552918424754 0.4077165516682945
0 0.5944187114944552 0.697419235314947 0.667800846682965 0.6056293204863198 0.7457445572573276 0.6073976441631505 0.2258635053437977
1 0.2458702341137123 0.2487431030178311 0.2571494662534547 0.4047526583791167 0.6290578719619925 0.2470618495077355 0.6050436251999939
1 0.3194341137123745 0.3506948452161008 0.33875720105343 0.4588728213438512 0.6458164819040612 0.3191290084388186 0.2255047723491188
0 0.369239324062665 0.4844549315342488 0.5218998664005964 0.3793508145972224 0.8146420728919368 0.371861075949367 0.1590072450531576
1 0.4059332687907058 0.4035028133823752 0.3549740444745383 0.5890609249817946 0.5471955955740742 0.4149255977496484 0.7919581007344761
1 0.4465869917268087 0.4712964476687766 0.3929711442541513 0.6285415039475842 0.5445868008228631 0.4492014416315049 0.3093057176332786
1 0.1516275127618377 0.2498678699406188 0.3003153471989374 0.1931486902394771 0.823787859627422 0.1514410337552742 0.0899654830644647
1 0.3408169160359091 0.3142978387905917 0.2540207279279396 0.5780400074450491 0.4637919807142323 0.3511197960618846 0.4346893725276852
1 0.3458326350994543 0.389383443390745 0.3168286933366321 0.5323000061658036 0.565329091995513 0.3613146624472574 0.2569700315744906
1 0.2755245731385319 0.3283011869792984 0.3531641085723029 0.3838679513282897 0.7154771642215085 0.2818650140646976 0.1644064306368448
0 0.5545569441999648 0.6927619267759197 0.7330107770185588 0.4881102037218094 0.8463384405808068 0.565651424050633 0.6349789021328476
0 0.5649403626122163 0.715731182068338 0.6961298748970497 0.5394966656350598 0.8005589082892921 0.5788344409282701 0.1461754526898145
0 0.672470339728921 0.7171041067362679 0.6769001602932415 0.7049837675126505 0.6857084292514305 0.6756856715893108 0.3549474034025968
0 0.6538153846153846 0.764246343526437 0.735152529078379 0.6323864165040132 0.7636990392716809 0.6713792194092827 0.6544199689024951
1 0.1600750396057032 0.1989554079796096 0.206496810346792 0.2984425738813853 0.6819466840109203 0.1643603902953586 0.4273314949602602
1 0.3345692659743003 0.3339404911669599 0.2747803119272625 0.5474240173707217 0.5138996137680891 0.339167194092827 0.7927696337585282
0 0.4448270903010033 0.4677270046735516 0.4078940836689053 0.6036817610600097 0.5781322861396982 0.4514864978902953 0.2704886443949829
0 0.4731615032564689 0.4959976506526162 0.4166671141031359 0.6316935378404352 0.5614298581070658 0.4811043424753867 0.6586044770277263
1 0.394405914451681 0.4130338433511608 0.3359093429083913 0.581607355446268 0.5374024955342154 0.399193864275668 0.3960758380648081
1 0.4277560464706918 0.446046074817765 0.3516472579568797 0.6392475199683446 0.4987032796554976 0.4445434423347398 0.3936060048246044
1 0.3635196444287977 0.3809560708222708 0.4110423501645577 0.4506574189278255 0.7024656433696622 0.3634239451476793 0.2578081131344669
0 0.6385042422108783 0.736868098581527 0.737322108780645 0.6132702103484593 0.77628274011751 0.6465072609001407 0.7863688145231839
1 0.3355372117584932 0.3389144425431329 0.3265519319827987 0.5063557437282215 0.5962232099341109 0.3362669303797468 0.8082657847456675
1 0.1602510297482837 0.2260748598474427 0.2699776839514692 0.2316305452247002 0.7784679023342145 0.1599660513361462 0.7724457462294767
1 0.295059478964971 0.3198420695564131 0.2587538681649939 0.4933899677367964 0.5502468664815899 0.3084947081575246 0.5511546859097913
0 0.7267632987150149 0.8415392629272128 0.808572102139739 0.6810690469343997 0.77042900390141 0.7344819268635725 0.8727747939249388
1 0.2375986974124274 0.2545514445266967 0.2182781553906903 0.4255661868834444 0.5776803881724941 0.2452162271448663 0.6185245456546679
0 0.6395601830663615 0.7407121265103379 0.6785107461253242 0.6743733382622683 0.7070446434666914 0.6575809950773559 0.2145535012804035
0 0.8306854779088189 0.9306913831421088 0.8407429723588563 0.8149795661212923 0.706297877713937 0.8480316455696202 0.2846473719149798
0 0.4782652173913043 0.5652749137439038 0.548298209527096 0.524066491351785 0.7336075200393143 0.4833015119549929 0.2516085383566217
0 0.5821873965851082 0.6580493313309121 0.633203926793777 0.6135979811998606 0.7216467055807125 0.5879746659634317 0.7387340220013372
0 0.3771588804787889 0.5137604275388352 0.603792875219329 0.3317593767055777 0.8798999778717665 0.3833742440225035 0.7034110310743932
1 0.4618981341313149 0.4453173934388473 0.3207452305924404 0.7232841213550943 0.3862598988244114 0.4696790611814346 0.369075485390385
1 0.4157007217039253 0.4965995137552826 0.487698554691442 0.4827962803597301 0.7267794987850413 0.416946993670886 0.1731541732238549
1 0.2821242034853018 0.3221231871150066 0.2706985988990419 0.4592809858214324 0.5918221773762896 0.2843258438818565 0.2683483735359118
0 0.652583453617321 0.6952120816557174 0.6653279294045646 0.6796513545897298 0.6959684323647404 0.6535382032348804 0.8013821754681468
1 0.384814451681042 0.4023886817915222 0.3073191254187189 0.6126187995434444 0.4823047922633553 0.392426582278481 0.3248829891468527
0 0.5618605351170568 0.6556151294490166 0.5495774674058472 0.6703557224021685 0.6295216344318105 0.5893808544303798 0.2635473494097751
0 0.5606286041189931 0.6490096214692298 0.6205931227232923 0.595552313094109 0.7265310421420689 0.5702215365682137 0.1758385251895199
0 0.6072659919028339 0.6766095969708383 0.5976615180004362 0.6916319114587409 0.6459428039613028 0.6199654535864979 0.412130491585463
0 0.5723319486005984 0.6742071399433539 0.6647209287827935 0.5748298232217993 0.763596446219667 0.5819104781997186 0.8030734155344266
0 0.6299687202957226 0.8277839113422556 0.8261923700547223 0.539444870532027 0.8564738664166711 0.6344667721518988 0.0753901729622504
0 0.5991704453441296 0.7762431590901362 0.8319302346453463 0.4780085698235555 0.8901149656663355 0.6131102848101266 0.1113370544834121
1 0.3721431614152438 0.4324283379823866 0.4972803768388636 0.3999784527010948 0.7887387230822605 0.3687850386779184 0.2374920918382818
1 0.5839472980109136 0.6950588361910224 0.5640403556791139 0.6873737502428381 0.6266361176049293 0.6151316807313644 0.264783331248911
1 0.3310494631226897 0.3298323524951047 0.2453044919218586 0.5764963227178481 0.4564771658968322 0.3427705520393811 0.7473916306700863
1 0.2286232001408202 0.2595096040463606 0.2503100501323297 0.3668440449023065 0.6565367579275967 0.2361638888888888 0.2361099291717117
1 0.2519418940327407 0.3605742628764431 0.4129583891245398 0.2686864460696775 0.8314987394585494 0.2521592827004219 0.7532300142554818
0 0.5693401161767295 0.6838013373381756 0.6613366968979807 0.5678965879268637 0.7662017514112857 0.5755826300984528 0.155434172653439
0 0.654607340256997 0.6612439594461365 0.5341765760269803 0.8157676143146761 0.5019995176463936 0.6741915963431786 0.7249733586403513
0 0.6062980461186411 0.7341593117660455 0.6934206667599866 0.6135102790622099 0.754177426968104 0.6324453762306611 0.7668920219459348
1 0.2472781552543566 0.2754137761062998 0.2575169213215403 0.3966006493560668 0.6364557382976896 0.2475012834036568 0.79038927891718
1 0.3753109839816934 0.3750368640350559 0.3470581379745887 0.5445884738006975 0.5796914213655423 0.375376547116737 0.5740783634011937
1 0.4583783312797043 0.50814223287365 0.4579127249851068 0.5738339590935474 0.6397833823249165 0.4710852496483826 0.4885847031320918
1 0.2898677697588452 0.2829329557841105 0.2748890187410274 0.457422081816878 0.596974163158376 0.2921477672292545 0.8789488034459682
1 0.338441049111072 0.3813204115117297 0.3453674866449426 0.485843453001042 0.6284077670099452 0.3418916842475387 0.7033885795347536
0 0.6609429853898962 0.7301464076574234 0.6654452611601402 0.6982192635042821 0.6835103556642343 0.6683910689170183 0.6032409468347733
1 0.426172135187467 0.4214188357332892 0.4214775533469841 0.5514905684815398 0.6313508615700993 0.4271418600562588 0.5749079232088979
1 0.259333480021123 0.2442918943203864 0.2142922931308942 0.467497341521563 0.5341153303982593 0.2648149789029536 0.470766538530697
1 0.319258123569794 0.317856807595275 0.2277956973114096 0.573583563135327 0.4412483788800321 0.3326635724331926 0.2944688552882559
1 0.3197860939975356 0.3188969752867642 0.2918624160202092 0.5002803052470116 0.5728393221500825 0.318601687763713 0.3059491305172378
1 0.4406913219503608 0.4260919361288254 0.300621125796339 0.7053474453986697 0.3829605202298823 0.4466527250351617 0.3890809543681979
0 0.6885734377750397 0.7140785159422477 0.6315339427775264 0.7799724316984286 0.6038622048376368 0.6951086497890295 0.6648335501788205
0 0.5004399753564513 0.627983409092997 0.5805393811587078 0.5362394527293017 0.7435911500329131 0.5189835443037975 0.1681196203094965
0 0.5546449392712551 0.594348043859857 0.5327949579897587 0.6614779464139217 0.6246589331399266 0.5704851969057666 0.4287588884658121
1 0.4437711494455201 0.4778070433681162 0.3638089141142041 0.6491441977840452 0.5006567351152728 0.4590447609001407 0.3579849164479936
1 0.3850784368949128 0.4048546285278288 0.2987742491055936 0.6269372856797223 0.4600864173831584 0.4030608825597749 0.7033440042151774
0 0.5362539693715895 0.6024639301157598 0.5869519440275793 0.5896767465135598 0.7111825632312525 0.539373277074543 0.4932762555175041
1 0.4104210174265094 0.449937639457496 0.3798900367528574 0.5863504205101965 0.5703648754431755 0.4221323136427567 0.3532186348503502
0 0.5381018658686851 0.6494530825826268 0.679454933151468 0.5224873762320186 0.8028236324647012 0.5515895393811533 0.2854965973048501
1 0.1837457137827847 0.2103184544448382 0.2437454930058889 0.2902465549088259 0.715671183734841 0.1824650668073136 0.6279092892240065
1 0.4501947896497095 0.4994931297484772 0.4917587867325114 0.533288879543953 0.6930012598433991 0.452101705344585 0.4750557658809624
1 0.2723567505720823 0.3100630429838782 0.2910420701396869 0.4199229038631223 0.6424455673378897 0.2738673171589311 0.3212476424036082
0 0.5862351698644604 0.6646023072165975 0.637213060122987 0.6265747199584921 0.7152866342677684 0.595884476090014 0.7006142575306792
1 0.4143807956345713 0.4274331159423443 0.3419136042866397 0.624910127030653 0.5030847706796021 0.4228354078762306 0.623479944600808
1 0.2544937511001584 0.2545145431477112 0.2227535237819308 0.4479764662634792 0.5606000408360144 0.258926564697609 0.4367711382798123
0 0.4549465234993839 0.5974793434076521 0.6013533185649133 0.4727400863371431 0.7953783081185487 0.4948146800281294 0.6810468393956148
0 0.5243746347474036 0.6409465895902144 0.6599713523358736 0.5083868743943946 0.8020388305123908 0.5282116561181435 0.2701564599362281
1 0.3274416651997887 0.2396345857813592 0.1464701445699199 0.6624992314516376 0.2416884917828864 0.3287086673699015 0.474880906079536
1 0.3717031860587924 0.3941620913986631 0.3735240160228135 0.5142875441230396 0.6261032618551836 0.3791556786216596 0.8257140725224893
0 0.6878694772047175 0.7541611483072981 0.6911005574129113 0.7278598850586129 0.6786745239812112 0.6962511779184248 0.8062179421227768
0 0.6177374053863756 0.585588075456335 0.4281604186375075 0.861320613028677 0.3616124415120075 0.6304239803094234 0.4321053150310671
1 0.3678314029220207 0.3436561891720656 0.2930980609856537 0.5870971597257012 0.4932225773598155 0.3683456047819972 0.3448723978992301
0 0.6333125330047527 0.7173838481944282 0.6820344416918684 0.6480666689841401 0.7261782476672863 0.650550052742616 0.1612619040484945
1 0.2477181306108079 0.3023379246058781 0.2594949622217086 0.4188679361203666 0.6185427820424848 0.2603327531645569 0.2628112011173596
1 0.2901317549727161 0.3093661064593716 0.2463897699772451 0.4861186343459898 0.5459288854420655 0.3014637658227848 0.3484421927019211
1 0.2468381798979052 0.2301512536648868 0.156096230569653 0.4986829188485679 0.4431184338655511 0.2547958860759494 0.3812933838304448
1 0.2122561168808308 0.2421744964170296 0.2736784349272592 0.317897672536231 0.7139843306279183 0.2122586849507735 0.2164587684325903
1 0.3767189051223376 0.3676127577790854 0.2363526159961196 0.6815031089634974 0.3352516104397794 0.3861866209563994 0.7585492264716936
1 0.3568320190107375 0.3703797166374217 0.3173836188380368 0.5409617044236066 0.5580341676677889 0.3701033403656821 0.3089994261910424
1 0.4455310508713255 0.5324209231251761 0.5131676823889031 0.5161829906849484 0.7184680657480773 0.4583416666666666 0.3588326669192014
0 0.6030422284809013 0.7998460223396319 0.8335430987639452 0.4930170747710966 0.8831564348833102 0.6204048874824192 0.2787975167399875
1 0.2764925189227248 0.2702021411755262 0.265815579956183 0.4323497565739108 0.6117691979178519 0.2760644866385373 0.3668311508256853
0 0.5061596549903187 0.6526899297428039 0.6840736708584673 0.4627544353383186 0.8397079283994586 0.5365609001406471 0.2693114954224938
1 0.3476805315965499 0.3665672724216289 0.3757668263630948 0.4556615249558124 0.6749455806008688 0.3475164381153305 0.4925715721565542
1 0.3642236049991199 0.4002239083186383 0.4086278546618184 0.4630729911100393 0.6914784160373151 0.3633360583684951 0.2060446955167108
1 0.273236701284985 0.3109712358745418 0.343972361623376 0.3671411517816669 0.7222901803695345 0.2724611286919831 0.6493819745112576
0 0.8700192747755677 0.9389286088669028 0.9065490000878944 0.7868419558390201 0.755766572406442 0.8725520569620253 0.7197426415438866
0 0.6063860411899314 0.7196227467080689 0.6907518168412075 0.6179848357699249 0.7499917002371281 0.622514170182841 0.1177794992010078
1 0.4898805668016194 0.4899411513986083 0.3035874548402113 0.8075572960805433 0.2767309981648225 0.5036912447257383 0.4350836674501144
1 0.3361531772575251 0.4520286101724091 0.4577717966906151 0.3810379685822108 0.7801512658815448 0.3475164381153305 0.2505649514630104
0 0.6291767646541102 0.7782232645266999 0.748417526848467 0.5879358908573288 0.7964897328486995 0.6440464310829817 0.5778533357778171
1 0.2612693715895089 0.2517371100988332 0.2534422058876189 0.4340864813323539 0.6000184549467072 0.2603327531645569 0.2971284613963619
0 0.3725831367716951 0.4173477595818124 0.3893018010853323 0.5043093605163701 0.6458468410725142 0.374321905766526 0.8423994995911199
0 0.3717031860587924 0.4691632579089108 0.4347350653185193 0.4611945447813344 0.7097989528529017 0.3850440928270042 0.1722533256807988
1 0.3665114768526668 0.4257064859168901 0.4049243371952589 0.4780463834263832 0.6774971465747658 0.3714216420534458 0.2945006479794244
0 0.7272912691427565 0.7663954862842048 0.7401457194477631 0.7384556378845731 0.6998798797117606 0.7327241912798874 0.8589366153942485
0 0.4451790705861644 0.6139853785702577 0.613229375233978 0.4528587108067231 0.813361404521559 0.4823347573839662 0.5761866776892449
0 0.3095786657278648 0.3212994323142486 0.3079515126616686 0.4640172190159425 0.6179289685101974 0.309373575949367 0.2929295318442089
1 0.3241858475620489 0.3529864369652359 0.3311146889354042 0.4700977416790453 0.6307297199626682 0.3278297995780591 0.4349692793138486
0 0.4150847562048935 0.5013306250522807 0.4843877161793956 0.4891890035671876 0.7202459963603594 0.4351395569620253 0.4242166306250103
1 0.3323693891920436 0.338397017530372 0.2563901459046118 0.5631206345613162 0.4810049313152198 0.3458465893108298 0.6120847230146942
1 0.2390946136243618 0.3478012292229062 0.3962471575294528 0.2709361965572409 0.8214746305736796 0.2402066807313642 0.1376122388154624
0 0.4492268438655166 0.5323787040802233 0.5091432519930856 0.5284314203874365 0.7073440476797116 0.4602751758087201 0.4068014465781681
1 0.1592830839640908 0.2128530474145413 0.27467762629929 0.222897509539714 0.787796890948296 0.159175070323488 0.53595319089544
0 0.8704592501320191 0.954120052545826 0.8888026127407735 0.8051796466422392 0.7366619315504632 0.8767706223628693 0.2168645349446163
0 0.5159271079035381 0.5624763711725493 0.571617936631433 0.553243340189082 0.7271319443038646 0.5183683368495078 0.3792847084920349
0 0.7150599542334096 0.7927968921050549 0.7215145432586665 0.733742601269949 0.6924345553656079 0.728329852320675 0.212413885940738
0 0.571188012673825 0.7000593758970319 0.7209726365373534 0.5214470255122047 0.8224112283682556 0.5771645921237692 0.7952342228434875
1 0.337121123041718 0.3972721202825889 0.31577531129247 0.5311641681548157 0.5654501797133661 0.3489226265822785 0.2872468341176279
1 0.417900598486182 0.4121308069850716 0.3172783294540459 0.6566760954968578 0.4493158917014936 0.4244173699015471 0.3465737985162956
0 0.3502323886639676 0.5260793647470404 0.5611959149638494 0.3301651679208171 0.8628220732270016 0.3687850386779184 0.5579711044482447
1 0.3112505720823798 0.3870547891212313 0.3438805792237301 0.4376665397883047 0.6668400315798512 0.3215019514767932 0.2674116363054027
0 0.5722439535293082 0.6494901451030052 0.6305516758196148 0.5979115323730518 0.730531473258693 0.579537535161744 0.5938085142286821
0 0.6381522619257173 0.7326439381067482 0.6864289309117898 0.6584706528243314 0.7218578239360472 0.6579325421940928 0.3453397832353764
0 0.5395097870093293 0.6670680928115111 0.6372472344207275 0.5614382469968523 0.7577912148819002 0.5645967827004219 0.1718875458525104
0 0.8532122161591269 0.9581647015088592 0.861024441659315 0.8131160545768975 0.7180032564103817 0.8772979430379747 0.210477809376491
1 0.2625013025875726 0.2742152064255412 0.2481020650287935 0.4436067708073031 0.586888986980641 0.2735157700421941 0.3838156586230912
1 0.2885478436894912 0.2411501205820495 0.1585115397461481 0.5826993423884306 0.3525964663933562 0.3002333509142053 0.6160848663071188
0 0.78800786833304 0.8297430683977358 0.7209317901148161 0.8363774577819236 0.6224894739413873 0.7996060302390998 0.2503015965418368
1 0.3115145572962506 0.3006219299123586 0.3162631900764029 0.4547692510336263 0.6322714073905508 0.3124496132208157 0.6717733702453657
0 0.6619109311740891 0.8031039790222854 0.8161594471771266 0.5800568388496485 0.8307299894803634 0.6741037095639943 0.1470974407336991
0 0.6168574546734731 0.676129073337063 0.5917405768147741 0.7017748543348739 0.6346394225298924 0.6279631504922644 0.4841063584333295
1 0.3715271959162119 0.3960471234133866 0.4088232990979435 0.4697694941855914 0.6864946270275779 0.3704548874824191 0.422374784975309
1 0.3303455025523675 0.3173445391070884 0.2786123898472266 0.5236858132325616 0.5397945886347438 0.3323999120956399 0.6146166667185723
1 0.5346700580883647 0.5822139358293648 0.4919239625049237 0.6798532919392843 0.5805372906107183 0.5457011251758087 0.302007000692203
0 0.5071276007745116 0.5904724322180279 0.5648159495030715 0.556949549908248 0.7206689309829473 0.5130951300984529 0.2188374844754246
0 0.6528474388311918 0.7146117328115176 0.6607472716293332 0.6951927453519097 0.6827723138104609 0.6647877109704642 0.3913133257037466
0 0.5696041013906002 0.7001015949419848 0.7028662799206997 0.540898628791999 0.8028826060218114 0.5747916490857947 0.1148232705618974
1 0.4806410843161415 0.5651903145126054 0.5436158425323989 0.5329514169708186 0.7248026632759977 0.4851471343178621 0.2324809737426712
1 0.2649651645837 0.3107548229838106 0.2947335452346616 0.4163982947659398 0.6482340487896135 0.2708791666666666 0.413895313705014
1 0.3893901953881358 0.4004034198303841 0.3336561175440367 0.5780469981951517 0.5386562942957324 0.3949752988748242 0.7229423956421531
0 0.6648147685266678 0.7614742281435264 0.7500425960734015 0.630347659565001 0.7722474134049627 0.6683910689170183 0.2834695674230852
0 0.6279448336560465 0.6934325972533757 0.6162090485274442 0.7143000541891511 0.6416345936886368 0.6453647327707455 0.3225273801630635
1 0.3819106143284633 0.3762618609042581 0.3153390194246501 0.5924382516847702 0.5089695639760735 0.3884716772151899 0.5221386110633488
1 0.4021494807252244 0.4325549951172449 0.3745695867989205 0.5661948169189336 0.5833551099815086 0.4180895218002813 0.3983367244944976
1 0.1958890336208414 0.2354737538740096 0.2732898243415249 0.2828773510165829 0.7413773734275517 0.19749370604782 0.3974509538977687
1 0.33448127090301 0.3094874459282625 0.2751135926976076 0.5418841656757812 0.5194804664240705 0.336354817158931 0.676031788183571
1 0.4257321598310157 0.4296455872675413 0.3198148760201441 0.6810644393945594 0.4278268347760895 0.4421704992967651 0.3192202847621406
1 0.2856440063369125 0.2694470326081648 0.2184003691888003 0.51481359806826 0.4914355738925936 0.293378182137834 0.5021691956528402
1 0.4116529484245731 0.4333787499180029 0.3290709031957732 0.6515167630404564 0.4658860654255776 0.42758129395218 0.5377509528651191
0 0.6474797394824855 0.7412877235659536 0.6811127120613828 0.6775407835814818 0.7064308299344041 0.6681274085794655 0.7312484820296843
1 0.2559016722408027 0.1954281840293374 0.173804700719757 0.4923492992556142 0.4688473056956118 0.2566415084388185 0.5449418368639841
0 0.5351980285161063 0.6698350516698475 0.6394710047951248 0.5477705361428528 0.7676199084296004 0.5434160689170183 0.1450184609390456
1 0.5411816933638444 0.5097791071432313 0.4341017016670627 0.7296573022384012 0.4907763960856062 0.5423614275668073 0.3220665500209726
1 0.3335133251188171 0.3265321767674985 0.2600147370168659 0.5549627469529528 0.4925672380683797 0.3442646272855133 0.3663752370791359
0 0.625128991374758 0.73407487367614 0.7401414883442333 0.5800322123436052 0.7972609255185998 0.6314786216596343 0.8423624627447072
0 0.6448398873437775 0.7758841360666446 0.7137699964516727 0.6437166747327987 0.7458541294285261 0.660481258790436 0.2155498907768163
0 0.2999872029572258 0.4654669966374346 0.5556811597170453 0.2401803914808615 0.911625657861212 0.2997939170182841 0.0001
0 0.7235954761485653 0.8274883780275861 0.7911144062411495 0.6891646533145763 0.7572098542538214 0.7353607946554149 0.5719811929430366
0 0.5055436894912868 0.6160078641931672 0.5757561186183009 0.5530272624586381 0.7296461719901239 0.5200381856540085 0.3261329007733562
1 0.4463230065129379 0.5237718200000032 0.4739652063075585 0.5625402434221164 0.6595615081822109 0.465548382559775 0.7342050384284975
1 0.4814330399577539 0.5116377119695111 0.4249919730327129 0.6567148623837903 0.5468445458790877 0.4972755098452883 0.5589076777989025
0 0.3979257173032917 0.4920214867815867 0.5062329037036073 0.4323389526873886 0.7720540918035488 0.4060490330520394 0.5410244528965084
0 0.6423760253476501 0.7358701499349907 0.7306174370334683 0.6135210829487321 0.7728661123206794 0.6458920534458509 0.547469847451429
0 0.510559408554832 0.820587014450344 0.9302545712871964 0.3011092272841581 0.9999 0.5152922995780591 0.2624065817642933
1 0.4425392184474564 0.4583650120259702 0.4268683047134156 0.5696517428446682 0.6207178245363716 0.4457738572433192 0.4278228067547085
1 0.1300687202957225 0.1655944665386625 0.2158656127049647 0.2168308094961322 0.7558007700904465 0.1351819796061884 0.7558438978850517
1 0.3854304171800739 0.3998489322972448 0.3204412420773014 0.5925971323689201 0.5134951738113404 0.3988423171589311 0.4026410287910902
1 0.4365555535997183 0.4735247108504826 0.4129683159443596 0.5792476595252729 0.6024628914411204 0.4369851793248945 0.2952892378242827
0 0.3177622073578595 0.3946953082679331 0.3926827782751223 0.404481766812641 0.7252685194815711 0.3311694971870604 0.3130252986201343
0 0.4012695300123218 0.5227210169765795 0.5038571390716404 0.4636992987669585 0.7495024639822863 0.4253841244725738 0.5809801633422179
1 0.2085603238866396 0.2082803381068126 0.1793908965223137 0.4083840352960479 0.5589435468975448 0.2152468354430379 0.3078285046529059
1 0.1754741770814997 0.1451122675050274 0.1758999106407497 0.3338769384639282 0.6262222558372814 0.1706882383966244 0.8627060158559247
0 0.6269768878718536 0.7120349207968618 0.5756802842242673 0.7529368178414204 0.5849372763006621 0.6675122011251758 0.3285021117848102
1 0.371879176201373 0.3762302771912401 0.301970685087585 0.5818186667561874 0.5065935228496696 0.3769585091420535 0.3280012949589816
1 0.2873159126914276 0.3259725327097847 0.370209760080993 0.3659285744002346 0.7398374307794653 0.2864351265822785 0.1975039331819982
1 0.3319294138355923 0.4019345853461905 0.3751238613613206 0.4723522585871331 0.6612696476026467 0.34523138185654 0.4454915129316413
1 0.4168446576306988 0.4864508288273216 0.478476376344051 0.4946780134432001 0.7126977300062336 0.428635935302391 0.2546965263962447
1 0.3494404330223552 0.3704272533483418 0.3365039756890753 0.5117940706659903 0.5995173541892516 0.3524380977496484 0.2627717060731761
0 0.6855816053511705 0.7676575456737855 0.6998054019864122 0.7176015948057871 0.6906266145408322 0.6948449894514768 0.7467388972220251
1 0.4480829079387431 0.547712596750514 0.5668398816030626 0.4626765838030852 0.7842867429543914 0.4531563466947961 0.2986056743767344
1 0.3689753388487942 0.3879207629669421 0.325738909166078 0.5550630006646514 0.552532528014553 0.3827590365682137 0.6483962372051847
0 0.5395977820806196 0.6854804306527096 0.5791577631214863 0.6229660629793942 0.6833316902131081 0.591929571026723 0.281242112483078
0 0.5002639852138708 0.5635905027634024 0.5150178137746715 0.6062484785124522 0.6542329506847537 0.5191593178621661 0.1872401380898375
1 0.3230419116352754 0.3140707905679259 0.2440939081080905 0.5463857320998018 0.4854321355699835 0.3280934599156118 0.7432961093041565
1 0.364927565569442 0.34357175108216 0.2697921663351639 0.6119066963170844 0.4458186550780805 0.3706306610407876 0.3570866909825595
1 0.381822619257173 0.3567671363266177 0.2880921773056802 0.622978455672758 0.4533309789684055 0.3902294127988748 0.313980226514147
1 0.4501067945784193 0.4571769165357534 0.4375342657729656 0.5780846529172953 0.6217856297716184 0.4472679324894514 0.5848192127407323
0 0.4524826615032564 0.4438706660129464 0.4018325396582538 0.6127698950740711 0.5655433509544807 0.4506076300984529 0.3872912225112366
1 0.3239218623481781 0.3621529651031696 0.408810280317852 0.4026295357968208 0.736629827602214 0.3256326300984529 0.6153472430960408
1 0.3853424221087836 0.4267255440859029 0.3386174119021964 0.5918969451938711 0.5304443137071493 0.3990180907172996 0.2593823429868586
0 0.6507355571202253 0.7076998950437338 0.6056846667013903 0.7403596640034261 0.6155515315599567 0.6710276722925457 0.667075262665898
1 0.3476805315965499 0.424835194405212 0.3989555519927601 0.4600912773105972 0.6873122308400561 0.3652695675105485 0.2363337890487018
1 0.3155623305756029 0.359211812399055 0.3241940681734578 0.4662919137709173 0.6286331925596084 0.3297633087201125 0.2117059249827604
0 0.5391578067241682 0.715762926922749 0.7928826820470918 0.4186631389184974 0.905814145316179 0.5461405590717299 0.0954598828418057
0 0.5744438303115649 0.6304071367843508 0.6227324337618454 0.6046005680564489 0.7217168457285179 0.5763736111111111 0.679164679302473
0 0.8129104735081852 0.9209175130941484 0.9051825163825292 0.7129430542658264 0.7963211871203909 0.8190290084388185 0.2070323993810003
1 0.3927340080971659 0.5242154422547932 0.5314065050929889 0.4188931981491465 0.7941866235177748 0.4049943917018284 0.310116103498371
0 0.6694785073050519 0.8165687926757547 0.7845687263458415 0.6214973699351121 0.7937315849469376 0.6915931786216596 0.5619397828092036
0 0.5786675937334976 0.7357750765131503 0.7639370518609186 0.5056843139570039 0.849515684589605 0.5877988924050633 0.7241900129507371
1 0.4506347650061609 0.4701505712235125 0.3864855134820158 0.6418936777628621 0.5272883560118641 0.4593963080168776 0.6688613891661288
1 0.4790571730329167 0.5378702416105501 0.5328867403894045 0.5556916915318328 0.7024900702868084 0.4811043424753867 0.8743519736146556
1 0.3668634571378278 0.4083976443346099 0.3717877989628467 0.5069507518903631 0.6308378963100298 0.3691365857946554 0.5112519086560786
1 0.2625892976588628 0.2653812741226554 0.1985909934014134 0.4945078522304755 0.4920867257125186 0.2792284106891702 0.6289518928385095
0 0.6539913747579651 0.7709048670245043 0.7690509914156524 0.6053277649478033 0.7959247731507044 0.6682152953586498 0.1700863424059522
1 0.4034694067945784 0.3893252713478902 0.3798949187953917 0.5524015903244556 0.599261220515176 0.4027093354430379 0.4005222261925504
0 0.5076555712022531 0.5763475834190375 0.5084228252497665 0.6207881265610666 0.6387822276778827 0.524871958509142 0.5439567550773168
1 0.3863983629642669 0.3998382969653101 0.3090157979341573 0.6236389226767692 0.4733279002121379 0.3978755625879043 0.7059487105730697
1 0.3080827495159303 0.3479438393556665 0.3798527704948451 0.3902522538594872 0.7277834450797489 0.3091978023909986 0.1943349884957917
0 0.5958266326350995 0.7142316002655497 0.7083032479564565 0.5684717360034865 0.7890862832176546 0.6030033052039381 0.1756929998814911
1 0.3960778208061961 0.3387085038429434 0.2427157075006429 0.6803634578160898 0.3440494880839114 0.3949752988748242 0.7386166840277465
1 0.4145567857771519 0.4214558982536676 0.2997890630137343 0.6529635305503259 0.4353548616845798 0.4198472573839662 0.7738206981825859
1 0.3404649357507481 0.3824609702910264 0.3274303741694798 0.5028169942501497 0.5999919342938057 0.3524380977496484 0.4685094213375894
0 0.5372219151557824 0.5937355454252558 0.5112910252386983 0.667021770125966 0.6051065817882544 0.5564233122362869 0.5872800325891099
0 0.5363419644428797 0.6613232410114677 0.6429266772356904 0.549656767625081 0.7682092950447417 0.5493044831223628 0.1368084081444253
0 0.7662730857243443 0.8432025643852378 0.7362186044331304 0.7882482087744314 0.6648673835423183 0.7759644866385373 0.5779357673430632
1 0.3543681570146101 0.3151215935913497 0.2456524188198068 0.6200930235679106 0.4119730676363067 0.3536685126582278 0.8487793422054871
1 0.2896037845449745 0.3169168698502004 0.2304712193549857 0.5159460995848808 0.5021806257892345 0.310779764416315 0.5426894721865666
1 0.4756253652525963 0.4895979202316258 0.4954896436372633 0.5643001647604454 0.6725744248578942 0.4764463431786216 0.2888833383135455
1 0.4591702869213167 0.4832457265215556 0.4627352066005397 0.5651760739721641 0.649861579383467 0.4604509493670886 0.8270972184681676
0 0.529478348882239 0.6045602184966401 0.5342947214563116 0.6186940791439703 0.6577807859222552 0.5535230485232068 0.4107958540757941
1 0.3834065305403978 0.4703882547781131 0.4343428745682597 0.4850355447221395 0.6917809608539682 0.3943600914205344 0.1869848132813817
1 0.2964674001056152 0.3657541529528056 0.367174268767884 0.3830252481795583 0.7251620879140057 0.3006727848101265 0.2706656346344773
0 0.6143055976060553 0.7069078850973868 0.6651699139612027 0.6454662688266579 0.718553559958089 0.6320059423347397 0.2031237010456478
1 0.439107410667136 0.512825807459728 0.4343379925257253 0.5827331839741544 0.6156973951509153 0.4510470639943741 0.2548343493512583
1 0.4377874845977821 0.5074346610172087 0.4096874206265238 0.598228658218615 0.5841371202861453 0.4560566104078762 0.5831425579812257
0 0.69534905826439 0.8141187989373501 0.7975700938190743 0.646084155807317 0.7855663644568915 0.7077643459915611 0.7803390192713723
1 0.4877686850906531 0.5862112092228707 0.553959914254184 0.5470611338881233 0.7211250164216622 0.4953420007032348 0.1649932843846498
0 0.3877182890336208 0.4214452629217329 0.4200790108956433 0.4933567616738091 0.6759694173852525 0.3866260548523207 0.2189949730126044
1 0.424852209118113 0.5327536801016167 0.4905296511571128 0.5096010405826684 0.7093878827329276 0.4463011779184248 0.1873442017954662
0 0.5934507657102622 0.6606314610115354 0.6385479732866299 0.6137843482423686 0.7245231495526537 0.599399947257384 0.5693384664596232
0 0.6531114240450625 0.753944574275174 0.6781153006800418 0.6948324039602576 0.69323226868841 0.6814861990154711 0.631553649359077
1 0.2701568737898257 0.2421058501836331 0.205465885698288 0.4949659052428798 0.4984862290488559 0.2760644866385373 0.7271188736546665
0 0.3367691427565569 0.5141565130827052 0.5928400127935101 0.2670482273354074 0.9112243585080964 0.338464099859353 0.7007561774819774
1 0.3276176553423693 0.3884910423565905 0.4334004776243786 0.3765707203859666 0.7696400144775887 0.3267751582278481 0.3364214417230758
1 0.4839848970251716 0.5372048887990615 0.4494353835937067 0.6302810885583422 0.5884373045717488 0.4971876230661041 0.2711580935878852
0 0.6497676113360323 0.682159145402627 0.5953713518475717 0.7591055192842264 0.5943133739692397 0.6566142405063291 0.4206720733194324
0 0.757209593381447 0.8247744346875303 0.7716158538284498 0.748797658257946 0.7105663070072507 0.7642755450070324 0.2362924913261531
1 0.2571336032388663 0.2355581919639151 0.2050593742899276 0.4612252087533754 0.5315110720745184 0.2606843002812939 0.5428009104855076
0 0.6428160007041014 0.7224370811359324 0.6752591430626947 0.6851282895337468 0.6980565848247786 0.6564384669479606 0.2563381108675551
1 0.3724951417004049 0.3712772741961505 0.294160718910631 0.5993057103764676 0.482482759802563 0.3787162447257384 0.6503493572739756
1 0.4340036965323006 0.4723630425487095 0.4248391651013877 0.5773471287814711 0.6129877521274865 0.4413795182841069 0.2620527651651559
0 0.7468261749691956 0.8703642352980238 0.8293982446522803 0.6876317724738976 0.7764296505763463 0.7630451300984529 0.8349314947635651
1 0.4085731209294138 0.4076584887651505 0.3985739390013249 0.5357807641941609 0.6272077074661497 0.4055217123769338 0.5105854093005012
1 0.4499308044358387 0.4340756864425096 0.3799043574109581 0.6342705825373474 0.5283812860761756 0.4492014416315049 0.602291754735559
1 0.4351476324590741 0.4870315824075117 0.3987267469326501 0.6071183502581732 0.5678562310522638 0.455265629395218 0.2563477797787868
1 0.4075171800739307 0.3998858336762302 0.3622919007640297 0.5718034639501111 0.5685279712737835 0.4100039381153305 0.6341044392458642
0 0.6730863052279529 0.6888809974681235 0.6405458678264381 0.7347221006877335 0.6427317112244592 0.6764766526019691 0.7330652540621239
1 0.3735510825558881 0.3678715508561623 0.3274674776927409 0.5600421624252268 0.5495412775320249 0.3773979430379747 0.6618845322531709
0 0.5859711846505896 0.7244067123819544 0.6779497994381273 0.5878933108339767 0.7622124868853569 0.610385794655415 0.1879480990478151
1 0.4902325470867805 0.5158356063972391 0.3918634088031069 0.7066655195543777 0.4733736134427971 0.5069430555555555 0.3572695808967037
1 0.2052165111776095 0.1753894461090993 0.1699880826011517 0.3890673217170969 0.5690032492902561 0.2087432137834036 0.4445503509451448
0 0.7046765358211583 0.8059658501610689 0.7329245276004519 0.7275586472814646 0.7028948591995163 0.7210352496483825 0.3713473517701171
1 0.2929475972540046 0.3593491048658479 0.3646964694469492 0.3907811676570223 0.7177048990652393 0.2977725210970464 0.6546121999681682
0 0.4736014786129202 0.5152177902966707 0.4913735935765511 0.5663980253139613 0.6683018080930698 0.4724914381153305 0.4554927725018853
1 0.1928092061256821 0.3774288468719987 0.371260863838639 0.2425442182996445 0.8275363445414814 0.2181470991561181 0.7347161796849632
1 0.36096778736138 0.3681778806441594 0.259530275662707 0.6257064370196126 0.4210424330167204 0.3818801687763713 0.6588375141763939
0 0.5614205597606055 0.7191211135518171 0.7281150647651105 0.5186653424941073 0.8271416753515911 0.6013334563994374 0.1436875926659586
0 0.5329101566625595 0.6434811825599175 0.6296034204246925 0.5363702115323571 0.7697349304984995 0.5395490506329114 0.2373364059794673
1 0.5498932054215807 0.5051113244136625 0.4224739782282453 0.7577783889295219 0.4546598032611571 0.5486892756680731 0.3420977481354528
0 0.6465117936982926 0.7949460348628227 0.7936543702370218 0.5825321999087048 0.819802782573004 0.668654729254571 0.5946682279290408
0 0.5776996479493047 0.6716039007402543 0.6643853697259324 0.5883734482614777 0.7549004637156306 0.5888535337552743 0.2844049936147834
1 0.4759773455377574 0.6047448865329603 0.6502486018939603 0.4395278270031215 0.8382276572204007 0.4910355485232068 0.2688488626020376
1 0.3350972364020418 0.3312897152529402 0.2790065334144999 0.5508277182672662 0.5146010152461434 0.3440888537271448 0.4012929531336079
1 0.4179885935574722 0.3990093856399778 0.3452294875759716 0.6146292757206779 0.5155700659449279 0.4174743143459916 0.7914658056609195
0 0.6193213166696004 0.7576566274031592 0.7427151384335926 0.5972491588008306 0.7883712724571902 0.6328848101265824 0.1065950271037735
1 0.1111497799683154 0.15122693880189 0.2018093985748094 0.1969710417387566 0.7623737045385216 0.1127708509142053 0.6598389839481997
0 0.4276680513994015 0.5513084669341826 0.5323576897134319 0.4754866567240433 0.7574869252854507 0.4506076300984529 0.1834278011070987
0 0.5924828199260693 0.6527321487877568 0.6090830565095529 0.6473660051670388 0.6845778119435221 0.6040579465541491 0.3825054392112786
0 0.5032558176377397 0.7012843727662342 0.7179626945801743 0.4484936228903873 0.8618872202122216 0.5278601090014065 0.4222471225710811
0 0.4700816757613096 0.6043067430855306 0.5832051391172153 0.4937129721676733 0.7728532009501878 0.480840682137834 0.1846823013694409
1 0.4068132195036085 0.4183985626052363 0.3741025380631342 0.5733183912734808 0.5768739509507113 0.4089492967651195 0.4435839514615352
0 0.5604526139764126 0.597447598553241 0.527184189239779 0.6684378736637945 0.6153899649508326 0.5666181786216596 0.560912747780582
0 0.786687942263686 0.8513814569257839 0.7119481809126038 0.8778157645378091 0.5870470640301726 0.8042640295358651 0.3628962317141114
1 0.4931363844393593 0.4883253866515034 0.3700590677014327 0.7244161462296627 0.4358140877269278 0.5014940752461322 0.4202418887095502
0 0.7056444816053512 0.8961056059733525 0.8139703393047232 0.6550397833307974 0.7879825355186069 0.7526744901547117 0.1878323998727382
1 0.3732870973420172 0.3627654635377708 0.3798511431473337 0.4944471598091302 0.6469436096523774 0.3692244725738396 0.6074824851482861
1 0.4910245027283929 0.5501891788187553 0.4165623129233984 0.6748723824911833 0.5240074720831742 0.5065036216596343 0.585648936428288
1 0.4177246083436015 0.4304482325458229 0.2993796223798533 0.6770131408294199 0.4107046127245021 0.4355789908579465 0.6180401168139776
1 0.3948458898081323 0.4072201841763277 0.3410494827580594 0.5783466471654585 0.5448108305486895 0.4010394866385373 0.4799328302581411
1 0.3660715014962154 0.3695242169822527 0.3522485628623606 0.5197876756469425 0.6051578783142614 0.3677303973277074 0.2639899888883625
0 0.593010790353811 0.758950270505758 0.7609817887801241 0.542315050091196 0.8281061896229056 0.6055520218002813 0.1199517266310987
0 0.5342300827319133 0.6062708955241922 0.5715448687281688 0.6018595584934939 0.693520855266694 0.5507985583684951 0.3054201263569712
0 0.5130232705509593 0.5813374877931123 0.485877878295631 0.6556805491299742 0.5954118873288988 0.5295299578059072 0.3360926987412001
1 0.3910621017426509 0.4524140603843443 0.4073388326979983 0.5185245742079505 0.6474464551896293 0.3990180907172996 0.6236061320863734
1 0.2683969723640204 0.2945601129923834 0.3135020695537246 0.389517748456662 0.6841028828830086 0.2705276195499297 0.2899134870593434
0 0.3682713782784721 0.4986535830912103 0.520981879669387 0.3850980055849786 0.8105414914150133 0.3721247362869198 0.599253750050608
1 0.299723217743355 0.3331378458886783 0.3529766381389837 0.408781395887107 0.6960874263468381 0.2996181434599156 0.2082870635231938
0 0.6514395176905474 0.7639032735008475 0.766264158802293 0.6057378359935942 0.794404372036335 0.659778164556962 0.6207131610698972
1 0.3317534236930118 0.342747996281402 0.2968702525171964 0.5223114953146646 0.5571984181454306 0.3369700246132208 0.2792485140909954
0 0.6321685970779792 0.7825531337552537 0.7739510975073814 0.565001146338915 0.821038435624641 0.643079676511955 0.5058874656008848
1 0.0836953177257525 0.0630672884261701 0.0921579095795069 0.2495708754368603 0.6338399644272941 0.0893050808720112 0.3917136841806769
1 0.1108857947544446 0.135523387776173 0.203688984950535 0.1952112792811118 0.7649852909374064 0.1111888888888888 0.247977780249216
0 0.7601134307340257 0.8860042966149186 0.84026030108696 0.7007135313647521 0.7739768391389116 0.7807103727144866 0.4553947723507579
0 0.6120177257525083 0.7054505223395513 0.6415740259841725 0.6504617952977007 0.7017834344693656 0.6250628867791842 0.2352841386005893
0 0.6038341841225137 0.6929996103305204 0.6635865048325613 0.6281160214754307 0.7290030461572612 0.6135497187060479 0.2790048247519878
1 0.1559392712550607 0.1390557682510195 0.1290075666287961 0.3503719310923762 0.5688744845413 0.1620753340365682 0.3825986868467159
1 0.30799475444464 0.3466659881095768 0.3236105013558516 0.4467867677005644 0.6445347666658057 0.3140315752461322 0.2629173952610562
0 0.6632308572434431 0.8000890235601997 0.7776827680858891 0.6169328867601681 0.7931969844173957 0.6841228023909987 0.1433036221741666
1 0.3658955113536349 0.3424787290137834 0.3058388901223033 0.5497438342399952 0.5399865144123209 0.3687850386779184 0.3132816067076984
1 0.3445127090301003 0.3963059164904636 0.3794600915403321 0.4680721718368175 0.6677260307603387 0.3519986638537271 0.421299733150232
1 0.3819986093997535 0.376061239870036 0.317407540846455 0.5927299566208694 0.5105967456139677 0.3909325070323488 0.3107236061074503
1 0.337473103326879 0.3164416638823922 0.1967559963475016 0.6290130618181414 0.3464188990470898 0.355514135021097 0.3926368193835213
1 0.3937899489526492 0.4654352517830235 0.4229685291369752 0.5127144664692709 0.6629840682303487 0.408773523206751 0.4114567815164246
1 0.4790571730329167 0.5008871639388837 0.5003039885151389 0.562851331801682 0.6767870211977308 0.4772373241912799 0.8709808011918415
1 0.4281960218271431 0.437455143735447 0.3195190242425623 0.6670813503825221 0.4413457375926576 0.4408521976090014 0.36235362552618
1 0.4124449040661855 0.4175379064254929 0.3498524563865007 0.5989164527003003 0.5339478315378284 0.4189683895921238 0.3669460306015052
1 0.4824889808132371 0.5652960232663802 0.5647324665757341 0.5203923755308173 0.7453753618524612 0.4844440400843882 0.7475614101961199
0 0.2934755676817461 0.3970345978693813 0.488842742726743 0.2919847095934264 0.8532837110373813 0.2902142580872011 0.8317646805154265
1 0.4256441647597254 0.4495839340999718 0.3502646635111512 0.6466971174867676 0.4905083979089168 0.4421704992967651 0.401154146899486
1 0.354016176729449 0.3601148487651441 0.3363093449267058 0.5230709449849013 0.5896227079652566 0.3608752285513361 0.3009576780037932
0 0.5237586692483717 0.6015873209381144 0.5640955227597522 0.5936733901233519 0.6947299876654295 0.5322544479606188 0.7052443549718226
0 0.5648523675409259 0.6728553247979003 0.6481483471956822 0.5872288718128615 0.7470573295759546 0.5761099507735584 0.427210551629939
0 0.3429287977468755 0.4660637032155267 0.4813530385400424 0.4063049226632617 0.7759669349744059 0.3542837201125176 0.1269303862224219
0 0.5367819397993311 0.6133624059451149 0.5766662940814552 0.5924055222638351 0.703209966430702 0.539373277074543 0.2055450258498419
0 0.6882214574898785 0.7317621724045285 0.7198207999687487 0.6859268238522845 0.7224290648413085 0.6912416315049226 0.8652535281456842
0 0.4330357507481077 0.4556509075445213 0.4237942452642853 0.5691868579628455 0.6188202020300734 0.436457858649789 0.4795246055483443
0 0.4441231297306812 0.4882249955636958 0.4729949817212317 0.5352688506298298 0.6794495551666634 0.4513986111111111 0.5063622255303434
0 0.6443999119873262 0.7420639416557915 0.6934629777952843 0.6675603756452343 0.7198433011834068 0.6567900140646976 0.2080060095780708
1 0.3046509417356099 0.3651627640406809 0.331935685754931 0.4408584527328772 0.6556005090889799 0.3166681786216596 0.7185386162757705
0 0.6130736666079916 0.6824390480021804 0.5429479791136994 0.7508446769925339 0.5622788679558748 0.6375428094233474 0.2687674143158999
1 0.3615837528604119 0.4396200783497239 0.4361432091201776 0.4480992810323271 0.7202997355780809 0.3737066983122362 0.5270407490577892
0 0.5883470515754269 0.6711127417745443 0.6020340380289531 0.6479597422837072 0.6798508545197789 0.5996636075949366 0.436560880430487
0 0.7494660271079036 0.8836229491099106 0.8925224036824475 0.637626936990015 0.831350084219917 0.7600569796061885 0.1607846859212652
0 0.4421872381622954 0.5157352153094316 0.4631244681252787 0.5509071586093411 0.6610700447939666 0.4582537798874824 0.6650764201185712
0 0.5549969195564161 0.7336841057982374 0.7999963062238963 0.4346549564202424 0.9003529845542139 0.5564233122362869 0.0290837905157199
1 0.3211940151381799 0.3647931056852546 0.3290406345320603 0.4755311433156053 0.6245643660749749 0.3253689697609001 0.2388437728524945
1 0.1704584580179545 0.1858602526815665 0.2205588829279885 0.2874330957538986 0.7016033731944025 0.1702488045007032 0.6202969062473825
0 0.4287239922548846 0.6500920082056717 0.6821167854759479 0.3604656209564226 0.8951573792772235 0.4448071026722925 0.0019215245481297
0 0.694997077979229 0.8566565815653795 0.849310794271893 0.608269917456892 0.8292772858220848 0.714092194092827 0.5719171159211455
1 0.2027526491814821 0.2005763292512888 0.2548732952891887 0.3145510098052964 0.7036416249522708 0.1995151019690576 0.6228696560342551
1 0.4718415771871149 0.5315022560439707 0.4636631201515689 0.6129724679463623 0.6130763869411312 0.481895323488045 0.5309315844893409
1 0.2875798979052983 0.3046032503079625 0.3247878872803862 0.4020240415095254 0.6819882097700689 0.2869624472573839 0.3769776079442553
1 0.3155623305756029 0.3098782138061652 0.2684084327461774 0.5222511206546876 0.5318858507747324 0.3218534985935302 0.7897393314265923
1 0.1863855659214927 0.1828715632665316 0.1521663490642507 0.3949042802913978 0.5465786414381537 0.1898475562587904 0.2936355262439699
0 0.3642236049991199 0.4531375852386877 0.4978509248763782 0.3867675238140263 0.7977013079391494 0.3702791139240506 0.1427475778384218
0 0.6222251540221793 0.7537281613844428 0.7002778209689863 0.6268751633322197 0.7493723034094931 0.6550322784810128 0.5270918795714209
1 0.2865239570498151 0.2618751596948596 0.1968847195356574 0.5436291522298001 0.4395758329674379 0.2941691631504922 0.3136149383254127
1 0.4230043126210174 0.4663012256287343 0.4376138430662756 0.5307556859158662 0.6590994904921892 0.4288995956399437 0.7320398578320161
0 0.3985416828023235 0.4589299737496513 0.4843877161793956 0.4499333996501542 0.7478487616914906 0.4165954465541491 0.399479458698196
0 0.4530986270022883 0.5223884211415315 0.5048740685315459 0.5347030765135717 0.7002120857849485 0.4608024964838256 0.256453810042632
1 0.2610053863756381 0.2665271505679194 0.2481224068726866 0.4313507148319759 0.5980297549350498 0.2640239978902953 0.3822589639147976
1 0.3754869741242739 0.3565294527720172 0.3659192583670533 0.5146474088726393 0.620050620742322 0.373970358649789 0.4399117317517294
1 0.3164422812885055 0.353139521288538 0.3684335102722446 0.4172239976814671 0.6999154732196021 0.3146467827004219 0.2300988162229578
1 0.2332869389192043 0.2335253932918569 0.2237380690263585 0.4052973013643827 0.6011225516017141 0.2381852848101265 0.3088455430105931
1 0.4558264742122865 0.5035166691890339 0.4440739244824814 0.5901978751575716 0.6168841943682599 0.4588689873417721 0.4640156719327971
0 0.522174757965147 0.6426363182366831 0.6287275819940297 0.5284021863415529 0.7743114879038141 0.5365609001406471 0.4431634357628846
0 0.5940667312092941 0.7323376083187512 0.6891848439224316 0.5783417218642498 0.773785611273253 0.6037063994374121 0.2840288893558578
1 0.4272280760429502 0.4118879669058966 0.3502228406801069 0.6337648653196981 0.5024733998390293 0.430042123769339 0.8599513594340162
0 0.6686865516634396 0.7923374779937559 0.7332429995084427 0.6613152525933521 0.7449922082092256 0.6850016701828411 0.5766353807223334
1 0.4067252244323183 0.3934703113987308 0.3097572174603743 0.6490539535554479 0.4492966991237359 0.41123435302391 0.3878670963089989
0 0.469553705333568 0.5092141454195502 0.4757095601050825 0.582502806982137 0.6454971872013648 0.4709094760900141 0.2609772217005247
0 0.5995224256292906 0.7397141778638016 0.6931222112263865 0.5952599726352733 0.7653555332101506 0.6105615682137834 0.301000286765153
1 0.3473285513113888 0.4215192268210967 0.3672789072128703 0.4855398320136315 0.6449985291356237 0.3601721343178621 0.2117459116664981
0 0.5842112832247844 0.701706724357155 0.6898255306376898 0.5681318902200898 0.7803344677601411 0.5953571554149086 0.1473975047415827
0 0.5812194508009153 0.6412422840462768 0.5896845859688072 0.6566494035419206 0.6659917196429607 0.5923690049226441 0.6181236955381834
0 0.6302327055095934 0.7231606059902758 0.7197247864655731 0.6156863089123276 0.7661745328464656 0.6330605836849508 0.6504426049094129
0 0.5187429501848265 0.6955922142016853 0.7563381526561996 0.418005849528169 0.8929390662443921 0.5201260724331926 0.104664686334325
1 0.1730983101566625 0.1579856922463719 0.194681128270402 0.3172127379068605 0.6565077945829806 0.1693699367088607 0.2299554213529971
1 0.4076931702165111 0.4835941142131125 0.4673244893175818 0.5056468181155445 0.6977296130909791 0.4139588431786216 0.8596516231858354
1 0.1999368069001936 0.2072717541283415 0.1639009892345704 0.4115160502226959 0.5412870732723749 0.2076885724331927 0.3688150803065363
0 0.5742678401689844 0.6367804400168974 0.5784054403669426 0.6493671073839076 0.6640382641831855 0.5899081751054852 0.7804094876074672
0 0.7337149093469459 0.8420671621305155 0.7778933468538708 0.7190650447874923 0.7324175802183366 0.7490711322081576 0.1653954455399454
0 0.7247394120753389 0.7486378659225603 0.6421616611705573 0.8181868904922274 0.5827580463352644 0.7387004922644164 0.3121636183615588
0 0.4363795634571378 0.5566891391861603 0.6001869986034566 0.4190619294357137 0.827638588637536 0.4377761603375527 0.1304354484838163
1 0.4223003520506953 0.3963217083469726 0.3731341035590698 0.5984420349774284 0.5542766098987896 0.4222202004219409 0.3577399160701749
1 0.406989209646189 0.3835962114043557 0.3551691634411612 0.5886356013903252 0.5477403158264337 0.4063126933895921 0.8325896516872922
1 0.418252578771343 0.4237950267137229 0.4164135733608519 0.5365464102110795 0.639616581376404 0.4171227672292545 0.275188226893113
1 0.2595094701637035 0.2333723089685548 0.1834617063222076 0.5045333822810216 0.4662713128045685 0.266045393811533 0.6806269792163697
0 0.6253049815173385 0.714052088753804 0.6480575412045432 0.6706289971789064 0.6919414805952147 0.6459799402250351 0.3245993131241076
1 0.1944811124801971 0.2138194123480596 0.2358041998847607 0.3335575882887868 0.6739566394124082 0.2012728375527426 0.3202006140331179
0 0.614569582819926 0.6577114178298971 0.5481346611021951 0.7397613193469174 0.5749892398149047 0.6336757911392406 0.4186717558534431
1 0.3145943847914099 0.322772748069986 0.2977327466982652 0.4841888695563044 0.5921135556022474 0.3239627812939522 0.3980076537529191
1 0.4686737546206653 0.457704976880449 0.3490407354477891 0.714569992471522 0.4244297485129757 0.4814558895921237 0.6393990694843685
0 0.678102024291498 0.7217612541339021 0.686464895291793 0.7058655553096826 0.6907107129270068 0.6791132559774965 0.2133725830713326
1 0.3624637035733146 0.3102689816840677 0.2652665129058196 0.5889187267694804 0.464247717196988 0.3625450773558368 0.7489419340641761
0 0.6685105615208591 0.8037271127888211 0.7555523065429202 0.6542901842629779 0.7605744876127266 0.695635970464135 0.1030360483712739
1 0.5506851610631931 0.5686701628933503 0.4858192937852188 0.7017740599314531 0.5579273871442642 0.5537867088607594 0.3473081441303459
0 0.5972345537757436 0.7139887601863748 0.6552320281782757 0.6293382905785962 0.7235931819213031 0.6272600562587904 0.5843031550887251
1 0.3348332511881711 0.3691494021022521 0.2882337565391765 0.5381523761664672 0.5349779495294784 0.34874685302391 0.3213338432054362
1 0.4572343953529308 0.4596639727945363 0.3955211978045945 0.629594406241446 0.5458081466801716 0.4632633263009845 0.8572519305220241
0 0.3468005808836472 0.4297511348799232 0.4131640858499871 0.4444694929222373 0.7084774566352939 0.3600842475386779 0.4608401720525353
1 0.2659331103678929 0.2807575469792919 0.1961940732517977 0.5196662908042521 0.463876079100407 0.2802830520393811 0.4531696117286701
1 0.2273912691427565 0.2479828379258952 0.2383669467457932 0.385534927466391 0.6309293227713484 0.2316816631504922 0.2472621169382234
1 0.2324069882063017 0.3194461451539361 0.3143946696637553 0.3333440526492893 0.7290177023075489 0.2415249824191279 0.3573044873050484
0 0.4610181834184123 0.5032527195873826 0.4092097941319131 0.6287744230305481 0.5578513147451518 0.4738976265822785 0.5435049383270519
0 0.707932353458898 0.7519802606951193 0.66801044904244 0.7779640209700891 0.6296465606652152 0.7301754746835443 0.7452085871698042
1 0.2543177609575778 0.2457121945578435 0.2132117343832909 0.4685850386852536 0.5320411361765903 0.2631451300984528 0.2778083379570356
1 0.2947954937511001 0.3089804951060433 0.292614901509504 0.4471830161268343 0.6203217595226445 0.2961026722925456 0.2419941991154946
1 0.4188685442703749 0.417569490138511 0.3470742487149521 0.6184640199133211 0.5137101306822267 0.4223959739803094 0.7932209588692389
0 0.3148583700052808 0.4348414303418057 0.4175969804711788 0.4107912365416039 0.736055795049279 0.3235233473980309 0.1669621369191735
1 0.3927340080971659 0.4456395150833533 0.4695987074648341 0.4531410417824575 0.7369662211469127 0.3900536392405063 0.1935591812793413
1 0.5608045942615736 0.5471371608362913 0.4721455063202544 0.7288185711067736 0.5241693876482575 0.5681122538677918 0.6394392200479575
0 0.6157135187466996 0.6968014192143784 0.6548512288605963 0.6382290947829434 0.7175328637773384 0.6203170007032348 0.2635234229514732
0 0.6517035029044183 0.6926405873070288 0.6322857773278167 0.7127017145066026 0.6531100104079482 0.6568779008438819 0.4822751649739682
1 0.2568696180249956 0.2290053772196227 0.1508498249274871 0.5271050844361528 0.4061688831664176 0.2657817334739803 0.7608514106239318
1 0.2707728392888576 0.2764752144616583 0.2880205740151764 0.4230236192949927 0.6374837625535842 0.2705276195499297 0.8386491091922041
0 0.4912004928709734 0.6385863516076827 0.5758861436844658 0.5391982877102263 0.7390229675706201 0.5160832805907173 0.2296646984966424
1 0.1778500440063369 0.1558260752980624 0.1672429100840856 0.352171890363111 0.6017894064398046 0.1756098980309423 0.3850677006876626
0 0.8489884527371941 0.8549352692058927 0.6901858253767249 0.9609187830244936 0.5088554553774051 0.8669273030942335 0.2990973139308856
1 0.3981017074458722 0.4012851855326039 0.3853815209302477 0.5448501502874925 0.6098167893259544 0.3985786568213783 0.5546033735023098
0 0.6441359267734553 0.7787355330148864 0.7430949613427652 0.6220922192165694 0.7738068975867661 0.6574052215189873 0.2264187302802857
1 0.4437711494455201 0.3860039860978075 0.2797383515903993 0.7163197454460654 0.3480411953015547 0.444982876230661 0.4574837488163458
1 0.3513763245907411 0.3866904484317726 0.3155360912082868 0.5651852890518448 0.5344129898314834 0.3707185478199719 0.5329010925432701
0 0.7487620665375814 0.86408068782135 0.7742251428283098 0.7419104983614139 0.7162989555054975 0.786862447257384 0.5253719605311491
1 0.380150712902658 0.386606010341867 0.3424498152916627 0.5672466070480063 0.5559268226299928 0.3885595639943741 0.7518440823523299
0 0.6032182186234818 0.6819796338908812 0.6311009056047293 0.6476276816538338 0.6975739787331621 0.6169773030942335 0.7324784003143189
1 0.4538905826439007 0.413831170963475 0.3103834207827805 0.7147104429963104 0.3838894409933552 0.4544746483825597 0.4016023582930204
1 0.3615837528604119 0.3696299257360275 0.2747209137430946 0.5885361420820473 0.4740293016901921 0.3774858298171589 0.3671112214917
1 0.408309135715543 0.4367000351680856 0.3551151355037811 0.5915291364100641 0.5451189586606905 0.418001635021097 0.4201876444787423
0 0.6838217039253653 0.8127723014578638 0.7834164015729833 0.6400101472522643 0.782485432292841 0.6964269514767932 0.5897557655039632
1 0.4470269670832599 0.4487073249223264 0.3714592375002848 0.6418728643932384 0.5141505131027763 0.4511349507735583 0.4955466469785738
1 0.2708608343601478 0.312713657756505 0.2833657091934229 0.4331559171652876 0.6251394454957876 0.2729884493670886 0.5985210432350715
0 0.7792083612040134 0.8843886930092067 0.8143508131529004 0.7478002053228525 0.7335998430082112 0.8011001054852321 0.444068216422374
1 0.2417344657630698 0.3545229201470097 0.3710146461601565 0.2951124347416023 0.7913342575070207 0.2547958860759494 0.1846310069759577
1 0.2490380566801619 0.211063088821658 0.1772369393561576 0.4839148003761458 0.4811846436342237 0.2534775843881856 0.5185101472738624
1 0.3746950184826615 0.382165275834964 0.3311423538430988 0.542097860195963 0.568691980574622 0.3765190752461322 0.3326086131007828
1 0.3158263157894737 0.3392207723311299 0.2967171191163689 0.4823472835463224 0.5929032429379872 0.3215019514767932 0.6022666811182973
0 0.4583783312797043 0.5521057945464969 0.594064917265379 0.4515126736506047 0.8049630814507466 0.4632633263009845 0.7741379695748648
1 0.2782524203485301 0.3071536351341746 0.316148787546348 0.4072157856254934 0.6716413166229105 0.2828317686357243 0.2376825202255896
0 0.4195725048406971 0.4731392606385474 0.4526850338393226 0.5126342317237751 0.6830668326400519 0.426878199718706 0.2345563481805943
1 0.3720551663439535 0.3863894363097429 0.301084431632849 0.5879061801693927 0.4999972083523261 0.3851319796061884 0.4607975632911755
1 0.0993584404154198 0.1136313626956224 0.1384333261498696 0.2344954817212921 0.685790782857809 0.1025759845288326 0.6067142164049993
1 0.3002511881710966 0.2952676848488247 0.2649508074885981 0.486427180634609 0.5622055872044363 0.3014637658227848 0.3381738089739216
1 0.307642774159479 0.3401394394123351 0.4074014855771891 0.3633057720662871 0.7640396202878905 0.3055065576652602 0.89471650334685
0 0.523846664319662 0.6239334424639966 0.5963498759062069 0.579654711838065 0.7234316153121791 0.5291784106891702 0.1809458407578926
1 0.3617597430029924 0.3111878099066659 0.2527606727498234 0.6123272534880293 0.4276478203690039 0.3600842475386779 0.802606357957983
1 0.2031046294666431 0.1562219997005393 0.1052569179034269 0.464688489906476 0.4231933975494203 0.2090947609001406 0.4376211830689395
0 0.5689001408202782 0.6159074731053596 0.5339589996646993 0.6863272031763424 0.6064001615291237 0.5950056082981716 0.6907934296768086
0 0.5134632459074107 0.5372366336534725 0.5054249256641721 0.6286152245850298 0.6307185533719728 0.5161711673699015 0.31722455593199
1 0.3506723640204189 0.3259567408532757 0.2610290627207531 0.5900833221842996 0.4588116812640875 0.3577991912798875 0.4476724259938556
1 0.3130984685794754 0.2351675852274055 0.201049427286962 0.5646754409364076 0.421806297611477 0.3106039908579465 0.82336911572904
1 0.2344308748459778 0.1750884339870696 0.1458677005211809 0.4694943128406437 0.4632814581458774 0.2328241912798875 0.4596109092873062
1 0.2754365780672416 0.2889472359931656 0.2839758017754658 0.4235341029331665 0.6339094066631811 0.2747461849507736 0.2567897637379686
1 0.2386546382679105 0.2834821256512824 0.2281636405837486 0.4331217578181954 0.579313153105736 0.2489074718706047 0.21563559993909
0 0.7659211054391832 0.9171687197285708 0.8349994120519423 0.7203696140850476 0.7601124699227048 0.7873018811533052 0.1548194593308987
1 0.2842360851962682 0.2538596645267644 0.1934407639971743 0.5428334777635772 0.4366986910835784 0.2965421061884669 0.4849296908066812
0 0.66551872909699 0.7110264979597837 0.6538813297437717 0.7218662701297401 0.66021998807728 0.6725217475386779 0.4444726718955889
1 0.4229163175497272 0.3633728054477975 0.2961247646222008 0.6693975129960601 0.4150159636008011 0.4220444268635724 0.8284929831624025
1 0.2214076042950185 0.2862013866573057 0.341832074176316 0.2907268512170113 0.7777595217369756 0.2232445323488044 0.1348202177874384
1 0.4306598838232706 0.4582805739360647 0.4062877289403522 0.5910019703000545 0.5875237378704821 0.4313604254571026 0.294660266954672
1 0.3590318957929941 0.3508003928284827 0.2969273724148483 0.5761239063942007 0.5072872472966209 0.3554262482419128 0.7817080715498317
0 0.6659587044534413 0.8231214462786541 0.8418033519973176 0.5865231238138675 0.8378288005589997 0.6795526898734177 0.4309555339937592
0 0.5402137475796515 0.6577853817292608 0.6128837266225459 0.5708644791067848 0.738565137352109 0.5678485935302391 0.7673271229513584
0 0.4842488822390424 0.6435074486069683 0.6473361380527171 0.4608111656904806 0.8244833288541694 0.5058884142053446 0.5119624916916784
1 0.3842864812533004 0.4130389998757351 0.3660370783268823 0.5439796430190349 0.5954855170362965 0.3928660161744022 0.3903716720776959
1 0.2585415243795106 0.3037637036506955 0.3214724921953077 0.3703921683407433 0.7048511063069655 0.2634966772151899 0.6054098966678364
1 0.2878438831191691 0.3111191636732694 0.3338474936113833 0.4073355816613424 0.6840847371731286 0.2868745604781997 0.2557856718885407
0 0.803231015666256 0.8671749248487668 0.7640638222320606 0.8229401239199415 0.6582455952599509 0.8232475738396625 0.8415311002586378
0 0.5556128850554479 0.6989241347837026 0.6572681653846029 0.5585842732674667 0.7699453509419159 0.5711882911392405 0.6010052979021969
1 0.3177622073578595 0.3264741658660366 0.2569768046824898 0.5375011242421365 0.5066364444326551 0.320007876230661 0.5036226460547623
0 0.4425392184474564 0.491783964368379 0.4904622789701387 0.5173208941448304 0.7037829521157594 0.4541231012658228 0.2829451518986574
1 0.3282336208414012 0.3222024686803377 0.2710535233912893 0.5408153753135044 0.5167223185223087 0.3392550808720113 0.4008648989617937
0 0.7176118113008273 0.7386211557954249 0.6749450649929848 0.7728010342579523 0.6377643231448059 0.728329852320675 0.7595867498108039
0 0.3921180425981341 0.573226919203177 0.6632864219514497 0.3111473089087521 0.9140728860032992 0.3968209212376933 0.1412361139691099
1 0.4046133427213519 0.3972141093811271 0.3436535642458828 0.6037090885376835 0.5241467055109075 0.4143982770745428 0.7084600054156734
1 0.2992832423869037 0.3468508172872899 0.3612894546969761 0.4004071127869313 0.708125709028389 0.3002333509142053 0.1921475202395222
1 0.2990192571730329 0.2606237356372136 0.2337874281138199 0.5031333256922923 0.5179185395505526 0.2997060302390998 0.7074154352429538
0 0.5247266150325647 0.6020678445718898 0.5441701170947989 0.624503233598545 0.659984442804799 0.5400763713080168 0.6928978108484266
1 0.2221115648653406 0.2023242299406123 0.2317983212505737 0.3670040377512455 0.6419982057981557 0.2221020042194093 0.5680544678240319
1 0.3004271783136771 0.3110398821079382 0.2787308607460602 0.4805034732067622 0.5795040320154353 0.3098130098452883 0.2730305847697953
0 0.6171214398873438 0.7270679624865158 0.6491996136880792 0.6664529772767092 0.6954411599103423 0.6498469585091421 0.2575637682760538
1 0.4039093821510297 0.4351898180333626 0.3965124151738192 0.5408325344273927 0.6215556677944852 0.4074552215189873 0.2535818156471328
0 0.6345444640028164 0.7415094541226522 0.6990223223639022 0.6461507268139759 0.7365670155295524 0.6569657876230661 0.4425239765827854
1 0.3134504488646365 0.3726397246735388 0.2897895007601233 0.5080476641337344 0.5640355122546437 0.329587535161744 0.3074818987672295
0 0.6825897729273015 0.6884955472561882 0.5540199633773565 0.8455993693320392 0.493412060445678 0.6948449894514768 0.4996497068176673
1 0.4206284456961802 0.3906770864933437 0.3058660668257446 0.6650287708239889 0.4295272971654221 0.4243294831223629 0.5137707419718461
1 0.3909741066713607 0.3614771381011393 0.2478892079742957 0.6753876325498817 0.355525253759182 0.4011273734177215 0.3901720664187105
0 0.6027782432670304 0.6749198683243697 0.5853223182296127 0.7021898506818735 0.6300370423835947 0.6145164732770746 0.3320106155230837
1 0.2991072522443231 0.2914341311105556 0.2432554986701911 0.5103167980647639 0.5199204998886608 0.3049792369901547 0.3256109434466991
0 0.5206788417532124 0.6031133299293463 0.6167223139325557 0.530406942814157 0.7668452262001076 0.5300572784810127 0.760467112372437
1 0.309666660799155 0.3197576314665075 0.270304943536022 0.5014793777702912 0.5530140872382918 0.3173712728551336 0.4452022649939491
1 0.3460966203133251 0.3721063466628758 0.3050927512883032 0.5388984798592353 0.5492551336454554 0.3557777953586498 0.7559697576109145
0 0.7510499383911283 0.8534250520711698 0.7704514866840068 0.7471518132508366 0.7109752833914694 0.77271267580872 0.5645498972021917
0 0.5355500088012674 0.6493264254477685 0.609499494737733 0.5696874909986019 0.7374718583318383 0.5501833509142053 0.2381884173268111
1 0.2773724696356275 0.2649905062447528 0.1647213351150927 0.5485819397968066 0.3983819309361778 0.2872261075949366 0.5186809100790042
0 0.6156255236754092 0.7132969801864424 0.7151792793965891 0.5902715957950172 0.7793305214654336 0.6243597925457102 0.3529344671880509
1 0.494720295722584 0.4816088522519743 0.355816196811714 0.755797146798172 0.3905715986566696 0.5077340365682138 0.38204133147216
1 0.3407289209646189 0.3272926030008273 0.2590215668306275 0.5727762903791612 0.4740523327835014 0.3469012306610408 0.3146465619898732
0 0.5908989086428447 0.64338079147211 0.5858634112771699 0.6654137387216843 0.6572594457191641 0.606870323488045 0.7071188127119493
0 0.608937898257349 0.6901588487142132 0.6623762464882954 0.6306801968369268 0.7266699266138428 0.615395341068917 0.3361038425710942
0 0.5395097870093293 0.6307661598078423 0.6133004903202284 0.5725872223650228 0.7376606435057823 0.5530836146272855 0.3974665224836501
1 0.3995976236578067 0.437835276281415 0.3834775243418504 0.5575137352176643 0.5977631525821973 0.4111464662447257 0.3784753059060508
0 0.3406409258933286 0.4334051771064466 0.4721043344282147 0.3692034230619334 0.795787982414686 0.3417159106891702 0.1496138158516957
1 0.222903520506953 0.2315452878552931 0.2535250378759517 0.3634907091826377 0.6618450759794187 0.2250901547116736 0.4048126007017755
1 0.2075043830311564 0.2213384308844773 0.2703550658393747 0.3120972565192846 0.7163558353268521 0.2068097046413502 0.2439373225133511
1 0.4170206477732793 0.4883991894094743 0.4742748905389876 0.4904289084262938 0.7131709142869509 0.4330302742616034 0.5247364344674831
0 0.6226651293786305 0.7565371781463389 0.7196689684459303 0.6050811821260025 0.7725879944211722 0.6393884317862166 0.231305463568696
1 0.4378754796690723 0.4231665752812197 0.3515279733842903 0.6430044126257544 0.4951104290992552 0.4479710267229254 0.4717193359866417
0 0.652583453617321 0.7421801246001081 0.6422425403418764 0.705003468717485 0.6647668842260598 0.6736642756680732 0.2310997943552094
0 0.5974985389896145 0.6273762283243632 0.5462602822385062 0.7232494853659496 0.5865798120007624 0.613286058368495 0.304545335710285
0 0.6057700756908996 0.6822435834925327 0.6014428226780429 0.6873459461231118 0.6514922505809534 0.6243597925457102 0.5784306844942418
1 0.2845880654814293 0.3435506415596836 0.3381319741395306 0.3942902064471582 0.6973663499374196 0.2961026722925456 0.3836140864058893
0 0.2846760605527196 0.4161016531901337 0.3840537680956551 0.3775891455713678 0.7397791551342737 0.3064733122362869 0.1450782770848006
1 0.4864487590212991 0.4958708323763649 0.4129896341967596 0.6697759667857053 0.5254287697051221 0.4977149437412095 0.647128298795029
1 0.2077683682450272 0.1656895399605027 0.1263038914732719 0.4564877045133921 0.4560095649114626 0.2158620428973277 0.6432461489956007
0 0.6210812180954057 0.7668284732070602 0.6933822613587164 0.638049559609854 0.7387082092953937 0.6506379395218003 0.3787471825794964
1 0.3563040485829959 0.3867062402882816 0.3799588735525917 0.474669374484776 0.6628472774943301 0.3573597573839662 0.3234142979187521
1 0.3407289209646189 0.3487516411585225 0.334899411042785 0.4878118257969758 0.618713770462508 0.3415401371308016 0.4221058581391883
1 0.4149967611336032 0.4210598127097977 0.3582085603882977 0.6096143658061689 0.5316049412275515 0.4246810302390998 0.7495468145956333
1 0.4416592677345538 0.501747820118627 0.4995119584813159 0.5083107705466866 0.7158023911755118 0.4472679324894514 0.1908320566724653
0 0.6675426157366661 0.7613053519637153 0.6774070790430584 0.7193133752968187 0.6763120921372174 0.68104676511955 0.2709003105816587
0 0.4297799331103679 0.505913969691944 0.5108833746870799 0.4858634719672449 0.738277946597662 0.4332939345991561 0.5672167140237585
1 0.3580639500088013 0.4659104577508317 0.5104877665070462 0.3649449440846622 0.8181232575412252 0.3593811533052039 0.4596359829045679
1 0.3421368421052632 0.3951600400451995 0.3529733834439608 0.5002129398369319 0.6222047258786549 0.355514135021097 0.6753751216190765
0 0.5546449392712551 0.6370232800960723 0.5134848524188849 0.6941368243250491 0.5853155445604683 0.5814710443037975 0.2446839591162551
0 0.3346572610455905 0.3822814587792806 0.3919096254724321 0.4276448228741782 0.7074061618404547 0.3389914205344584 0.6028517321877369
1 0.3246258229185002 0.320940409290757 0.2688302412211454 0.5421852445722454 0.5133339561581757 0.3416280239099859 0.344079219418533
0 0.6204652525963739 0.6185582490193793 0.5050024662501994 0.7997670583753027 0.4910286912441302 0.6233930379746835 0.3586969744022557
0 0.4549465234993839 0.542416523729835 0.5619264312617396 0.4848780939641469 0.767333764543031 0.4615934774964838 0.7132231732961405
1 0.3969577715190988 0.3886705538683363 0.3087267810161237 0.6359443905448671 0.4611064156519906 0.4092129571026723 0.359179764444432
1 0.1938651469811652 0.229681365363046 0.2704543340375732 0.2870883246692932 0.7362316688527314 0.2026790260196905 0.1837657213606519
1 0.4477309276535821 0.4822055588300664 0.4295443149612451 0.5913136942023568 0.6051571804023429 0.4519259317862166 0.3705605646036239
0 0.7804402922020771 0.9100034065496772 0.8405166083200135 0.7291499962139104 0.75763697634792 0.8043519163150492 0.1458376963161127
1 0.4155247315613448 0.4268364093642522 0.3887524085654666 0.5709710880458494 0.590575008777998 0.4194957102672292 0.3953536195597601
0 0.7875678929765887 0.8673650716924471 0.7942112485554401 0.7833070194973678 0.7010569081622468 0.8048792369901547 0.3663942471418963
1 0.4097170568561873 0.4340598945860005 0.4426525991659803 0.5025014572114279 0.6840864819529249 0.4114980133614627 0.2560867191755325
1 0.4626900897729273 0.5694410633172209 0.5537215078437564 0.5053284212245079 0.7493300797384261 0.4802254746835443 0.1274344806452781
1 0.2962914099630346 0.326479483532004 0.3324901230520822 0.4299806866925509 0.6648851802962391 0.2993544831223629 0.4445950901445726
1 0.297083365604647 0.3017254261712769 0.3003781628128794 0.4444377167854074 0.6287752176350154 0.2980361814345991 0.3711434852349958
0 0.5188309452561168 0.6127603817010555 0.5699844051994388 0.5800061559114047 0.7078210704759804 0.5311119198312236 0.2154082985852208
0 0.78800786833304 0.7805043820852934 0.6621969127925335 0.9103896412829162 0.5269079940163023 0.7962663326300985 0.7720288358875566
0 0.6521434782608696 0.7594519036620099 0.7458814684866222 0.6185763485570153 0.7772538845520498 0.6588114099859353 0.4892415335764376
1 0.3535762013729977 0.3720852371403994 0.3128197227421733 0.534704347559045 0.5597492862074093 0.3584143987341772 0.2873077974223427
0 0.5985544798450977 0.6600507074313453 0.6211475600204436 0.6609987622705255 0.6824418525170691 0.6094190400843882 0.1943366272943056
1 0.315298345361732 0.3834589189375628 0.4233774815666027 0.3791930460778615 0.7620711597218683 0.3133284810126582 0.1508227575153532
1 0.3516403098046118 0.3727874913308734 0.3621921443615778 0.4816655265306349 0.6444241476267295 0.3494499472573839 0.2809872793141764
0 0.6751981869389192 0.8228046423001153 0.8010840253005499 0.6228445192560196 0.8004556173253597 0.6828923874824192 0.1454607726579302
0 0.4282840168984334 0.5069172360044478 0.4483572658673707 0.5431895293767571 0.6568951356977268 0.4507834036568214 0.4437202994978864
0 0.6905973244147157 0.8430704284430193 0.7473379445093705 0.6983659103757526 0.7292815130127276 0.7058308368495078 0.8269738169400757
1 0.3204020594965675 0.3540794590336126 0.3438551926025515 0.453563187760244 0.653923775704875 0.3281813466947961 0.4008267149564213
1 0.3932619785249076 0.4384266651935397 0.4130212047384818 0.5160709798026228 0.6534184874759085 0.4014789205344585 0.2273548119913893
0 0.4247642140468227 0.5595299008024673 0.5527268730447578 0.4663657932890471 0.7745313301581297 0.4347880098452883 0.3637629922480798
0 0.3597358563633163 0.4854053434698651 0.530914069736024 0.3623814042459027 0.8296332209005004 0.3621935302390998 0.1188360326028785
1 0.3952858651645837 0.4368320099689112 0.3937688700042644 0.5313656288623179 0.6272363218548066 0.4025335618846694 0.3943480527916698
1 0.4562664495687379 0.4345615277422524 0.3144296576352515 0.7201009468481501 0.3827200895739722 0.4696790611814346 0.5500258814934604
1 0.2293271607111424 0.265117324521004 0.3465043516164421 0.2853420670698011 0.7843383884363576 0.2289571729957805 0.6995106906114613
0 0.6167694596021828 0.7257372568635386 0.7267256354598339 0.574927058200499 0.7939912081806055 0.6189986990154711 0.5868496840993762
1 0.2026646541101918 0.192307519813477 0.1563596981317568 0.4275371017703245 0.5178288578690302 0.2091826476793249 0.2875668914673803
1 0.3727591269142756 0.34605864619955 0.2835688021628519 0.6000993193937966 0.4713897988145689 0.3712458684950773 0.3503110785271007
1 0.551653106847386 0.6305602211076529 0.5382730979175551 0.6728797009505746 0.6197854142133065 0.5799769690576653 0.249901074185055
1 0.23847864812533 0.3058282471771648 0.2958303774573794 0.3619370149723353 0.6939277379151575 0.24653452883263 0.2498115957861995
0 0.3975737370181306 0.4808484260186455 0.4484075509054745 0.4918539092824347 0.6958127980069233 0.4134315225035162 0.4198377609960381
1 0.4346196620313325 0.44242909511162 0.3304860445917307 0.6716896846262915 0.4477654803746303 0.4473558192686357 0.3399058551231959
1 0.3229539165639852 0.3140074620004967 0.293318403838704 0.4956120729853177 0.5782676810518799 0.3215019514767932 0.300352797472336
1 0.3533122161591269 0.366477516665756 0.3782150079593212 0.4644082243796355 0.6697517201036746 0.3528775316455696 0.733266498519623
0 0.495688241506777 0.5570217350212081 0.4845761630212216 0.6089581885806296 0.6312608309326178 0.5054489803094234 0.2654113188394133
1 0.2905717303291674 0.2828062986492521 0.2463676380510894 0.5001679766033176 0.532570851322703 0.2905658052039381 0.77287724187817
0 0.5432935750748108 0.647837317835522 0.593373945512017 0.5964374373855085 0.7103209909679112 0.5551050105485232 0.5008504544887558
1 0.4077811652878014 0.4158639696355332 0.3716960165632009 0.5781818878959949 0.5707215084335096 0.4109706926863572 0.759832405708028
1 0.3270896849146277 0.3315378729980825 0.2677031403347147 0.5515113818511633 0.5033049618898768 0.3387277601969057 0.6691775133994481
0 0.822149955993663 0.8668793915340973 0.7570582539300166 0.8513298778479597 0.6348854364811501 0.8411764767932489 0.5050267686214177
1 0.5087115120577362 0.539792175004259 0.5151704589712456 0.6095136354524179 0.6518893624625582 0.507821923347398 0.2258159801868964
0 0.6434319662031333 0.783640838157663 0.7579095194132565 0.605479178239798 0.7906778713477072 0.6506379395218003 0.764064275110309
1 0.316266291145925 0.3592699844419097 0.3941919803572417 0.3913134179489247 0.7359357541993036 0.3172833860759494 0.5140814581700696
0 0.6062100510473508 0.703554854992893 0.6416112922421847 0.6641870209593626 0.6925113256766389 0.6279631504922644 0.7793244391114558
1 0.3480325118817109 0.4504763351341262 0.4476623884799812 0.4147861324638702 0.7511142915579742 0.3535806258790436 0.1701325565240424
0 0.6763421228656926 0.7297134207345681 0.6815615345050409 0.7192409257048463 0.6788378353701313 0.6891323488045007 0.7322679785851423
0 0.8033190107375462 0.8948541819157065 0.8267975805942308 0.772859978991772 0.724773002019463 0.81595297116737 0.1973964279994905
1 0.3277056504136595 0.3578390488725179 0.3428047397839101 0.4680062363528953 0.641288778333039 0.3354759493670886 0.3793066683921203
0 0.3919420524555536 0.4749820736083181 0.4414604043790915 0.4974144154663147 0.6871339143448891 0.412640541490858 0.7168881822924854
1 0.4406913219503608 0.4971275740999782 0.5034011562989319 0.5119534279921927 0.7155724291983786 0.4416431786216596 0.7958705683064105
0 0.6066500264038022 0.6973294795590741 0.6212577314469688 0.6679577362362933 0.6776740672460959 0.6197017932489451 0.2215187227239132
0 0.5936267558528429 0.6608954106131867 0.6156337811821463 0.6568945564375639 0.6819379601119395 0.6020365506329114 0.7144907839465934
0 0.4673538285513114 0.5110516407233537 0.4966434330228818 0.5574943517741981 0.678366046913251 0.4689759669479606 0.2456575693133257
0 0.8474045414539694 0.993400200773988 0.9937632725343194 0.6973675041565542 0.840441084869803 0.8608631153305204 0.2057477452260035
0 0.6995728216863228 0.7563471924440515 0.7264125337986308 0.7086051349464803 0.711506394361419 0.7032821202531645 0.8732190722020401
1 0.4129728744939271 0.4783931146142736 0.3921633289494672 0.5748501599493705 0.5899922523260822 0.4413795182841069 0.773124536573908
0 0.5036077979229009 0.5504795556088503 0.5566876741528776 0.5512298452788497 0.7198506292585507 0.5044822257383966 0.243180033720107
1 0.2531738250308044 0.25913478916636 0.2058250412940651 0.4650235692693483 0.5285208684598679 0.2607721870604781 0.8185874294253667
0 0.600930346769935 0.7140098697088512 0.6427911191879865 0.6428539526178644 0.7076001813537872 0.619262359353024 0.2240477165904664
1 0.3797107375462066 0.3571948055835057 0.2732008084326485 0.6233202080243644 0.4378108137256476 0.3834621308016878 0.3970914015038328
1 0.2443743179017778 0.2339952815936977 0.2221094196368987 0.4254778492230571 0.5811238855781856 0.2508409810126582 0.3462475137321906
1 0.4219483717655342 0.4283097251199897 0.3747066094593847 0.5961987985979152 0.5575519105321316 0.427932841068917 0.6497205502842163
0 0.3855184122513642 0.4542094977845879 0.4550261359692956 0.4709447346062487 0.7153735243016169 0.3912840541490858 0.4145221541365566
1 0.5007919556416124 0.5223777858095969 0.4229641352986942 0.7012484826282851 0.5062620146884003 0.5130951300984529 0.7718462737331152
0 0.5186549551135363 0.6099354119412573 0.5619949425919716 0.5854184264169727 0.6992507121172671 0.5413067862165963 0.4377921097539327
0 0.6985168808308396 0.7857160170160669 0.6546640838967794 0.777691540596772 0.6211062125189957 0.724726494374121 0.2891748805691571
0 0.4981521035029044 0.6208445231025472 0.6357338012350783 0.4864157412253502 0.8037358033421311 0.5173136954992967 0.5870176609470447
1 0.4091010913571554 0.4170467474597827 0.3583506278260473 0.5950729700700287 0.5447340602376586 0.4195835970464135 0.7862498377510793
1 0.4544185530716423 0.5040764743881405 0.4251936013893817 0.6074384948367354 0.5885709547041343 0.4585174402250351 0.344531527808352
0 0.6372723112128147 0.7398832151850057 0.6495564909973404 0.6903994739917898 0.6793434725550571 0.668303182137834 0.542498716039556
1 0.3812946488294315 0.3698834011471372 0.2781342751483623 0.63092725630078 0.4352236542439089 0.391723488045007 0.7320772224381316
1 0.3002511881710966 0.3145988509126214 0.2813829489854714 0.484628015767295 0.5780356253389912 0.310779764416315 0.6023877883284697
0 0.7272912691427565 0.7773045974454947 0.6958847963618252 0.7699921826428653 0.6528549236017503 0.7373821905766527 0.8206192118228216
0 0.672822320014082 0.7342966042328385 0.7144331405625889 0.6695006265600735 0.7299773311954342 0.677179746835443 0.5921800401454823
0 0.608937898257349 0.6715405721728253 0.672732035112163 0.6209199975289111 0.7386052672874206 0.6095069268635724 0.2176557468670968
1 0.1769700932934342 0.142588309867259 0.1569400102543401 0.3596203757167449 0.5855489960971939 0.1745552566807313 0.5597231439393877
1 0.3306094877662383 0.3475213266233528 0.305963056737427 0.5033368518486884 0.5819851088855678 0.3319604781997187 0.6633232334684683
1 0.1652667488118289 0.2103608346311839 0.2089301830806642 0.3150789703187267 0.669454758582369 0.1791253691983122 0.4930832050525741
0 0.669126527019891 0.7701233312686993 0.7036544043204953 0.6868125836664205 0.7130041133384384 0.6922083860759494 0.2135887405953077
0 0.4545945432142228 0.4489661179994033 0.444103867676692 0.5778997158009447 0.6267181222553486 0.4526290260196906 0.6873839093687708
1 0.3138024291497976 0.2664585043345229 0.2253515840839619 0.5539163587671413 0.458918112831653 0.3156135372714486 0.3422998119922089
1 0.4340916916035909 0.413556586029889 0.3011459453687819 0.6908991537434414 0.3984098474129163 0.4434009142053445 0.7642506065013324
0 0.6826777679985918 0.817962665724768 0.7914786066142121 0.6350802385037755 0.7890929133808801 0.7029305731364275 0.7310406823781298
1 0.2209676289385671 0.1811238237186011 0.1666064544723572 0.4390229041888929 0.5163430033946246 0.2214867967651195 0.3372960684899106
1 0.3668634571378278 0.377175371460889 0.3227476817052805 0.5619034496400435 0.5437590772875672 0.3759917545710267 0.5551995684016436
1 0.2770204893504664 0.3047616522972318 0.2814690356688271 0.4500660650214194 0.6088770509277454 0.2801072784810126 0.2486206809061942
1 0.292419626826263 0.3040805076292342 0.2526029827759638 0.4959128341204135 0.5423269620308832 0.3013758790436006 0.5084146567890728
0 0.6458958281992607 0.7575086996044316 0.6502808233746871 0.7065797239849367 0.6686249413113177 0.6703245780590716 0.2541680138755323
0 0.568548160535117 0.7117709711952105 0.7185557000133469 0.5310451665223874 0.8158184034305044 0.581295270745429 0.359104543592647
1 0.3789187819045942 0.3843091009267645 0.3103227207206034 0.6071485375881617 0.490395336178126 0.3925144690576653 0.3235794888089469
1 0.2795723464178842 0.2501371372082375 0.2528521296799669 0.4539030335436407 0.5815583357474282 0.2765039205344585 0.8259539926249149
0 0.4985040837880655 0.6364265735179804 0.6679790412354689 0.4612374425660549 0.8335191944624968 0.5044822257383966 0.1080396279937208
1 0.4396353810948776 0.4381838251143647 0.4160383070247113 0.5784575458829951 0.6054513502759747 0.4413795182841069 0.4990787494154465
1 0.3283216159126914 0.2535588135461277 0.1669602398213465 0.6437556005004154 0.2920431856558787 0.3305542897327707 0.4746536047256668
1 0.6312006512937863 0.6950325701439716 0.641627240247797 0.686638291555908 0.6771373729807987 0.6407946202531646 0.2002100811678971
1 0.3876302939623305 0.5016527466967868 0.5501045652648061 0.3872829327534087 0.8234054038961048 0.3871533755274261 0.1670199865067119
0 0.7606414011617673 0.8925782208816874 0.8704685902072679 0.6686342501894038 0.8055011715398808 0.7735915436005626 0.1502339372093316
1 0.4508107551487414 0.436325059146692 0.3388781129735307 0.6884657371850008 0.4397572900662381 0.4594841947960619 0.3420248216015871
1 0.2372467171272663 0.3214051410680235 0.3590752856728963 0.3064166365381872 0.7765172385221132 0.2463587552742616 0.7711805937767946
0 0.5084475268438655 0.6017563582593184 0.5987725081465036 0.5358432043030318 0.753821142933729 0.5155559599156119 0.7773321517581843
1 0.2882838584756205 0.2911648638429369 0.245270154889367 0.4864880319366384 0.5445623739057169 0.2916204465541491 0.3247697481695466
0 0.7035325998943848 0.8331647447356261 0.7664241270626687 0.6813739389672836 0.7496081976379332 0.7292087201125176 0.440219498112628
0 0.5834193275831719 0.6657902415654214 0.627656624596744 0.6212701705567777 0.7133754024790602 0.5931599859353024 0.3366230139402777
0 0.491728463298715 0.5878745106808958 0.6250505902919069 0.4884794424317739 0.7973041960575445 0.4956056610407876 0.8622574767026875
1 0.3170582467875374 0.3563024045493513 0.3582892768248656 0.4349573063621798 0.6791564321609093 0.320710970464135 0.6351401599066091
0 0.4696417004048583 0.5795211020117853 0.5599983499301728 0.5038889622261093 0.7537565860812714 0.4850592475386779 0.1632995861205994
1 0.2324949832775919 0.2381456393105056 0.2759827590034734 0.3529148164421962 0.6872145231714715 0.2306270218002812 0.3112798143230466
1 0.2849400457665904 0.2283928787850216 0.1665182522372366 0.5628200323069045 0.3846574930596227 0.2846773909985935 0.7285279126168636
1 0.3621117232881535 0.4046011531167192 0.3999028309791755 0.4674252096909589 0.6823001763976213 0.3667636427566807 0.4083646964805171
1 0.4084851258581236 0.4406338188527693 0.3699651697500219 0.5802951598758734 0.5674695878494358 0.4184410689170182 0.3520577099831481
0 0.7068764126034148 0.7661790733934736 0.6675399828768795 0.7785178790350358 0.6289469039669571 0.7192775140646976 0.5169300177468209
1 0.2627652878014433 0.2028574468098823 0.1675770045281863 0.5033581418603643 0.4506115651781183 0.2627056962025316 0.4894240957308791
0 0.4426272135187467 0.6343515558009692 0.6736928210829234 0.3792767761984085 0.881801089937657 0.4532442334739803 0.2081112204426591
1 0.4448270903010033 0.4573353185250228 0.4054205154515002 0.597864027048491 0.5810750317438933 0.4451586497890295 0.3305191449956407
1 0.426524115472628 0.3921713506301647 0.2810672435682499 0.6968084030290306 0.3703192416507802 0.4314483122362869 0.37774800712561
1 0.2848520506953001 0.2226902460299309 0.1574449761871433 0.564564701099555 0.3719551471876551 0.2889838431786216 0.4425774014143366
0 0.3885982397465235 0.5162263742751417 0.5227460871065507 0.4128118810826229 0.7936541167239883 0.4056095991561181 0.2123160496694619
1 0.2121681218095405 0.2051332467025084 0.2213292692399092 0.373096953107712 0.6282060704655096 0.2116434774964838 0.3590842224910753
1 0.2287991902834008 0.2463564378468557 0.2075775318291464 0.4318365719641064 0.562206634072314 0.2299239275668073 0.2620889826123116
0 0.75157790881887 0.790721713246651 0.6817996154459662 0.8268314296361421 0.6036409667594843 0.7654180731364275 0.4758794260140168
1 0.2727967259285337 0.2538756175246664 0.2171914127225435 0.491879647953267 0.5130317602974815 0.2750098452883263 0.3247749923247909
0 0.3714392008449216 0.4370959595705626 0.4451850773632999 0.4527732329986504 0.7224880383984185 0.3855714135021096 0.3351276102964016
1 0.384814451681042 0.4257593402937776 0.4042227876830725 0.5075869101496996 0.6539021404354027 0.3861866209563994 0.24346108766523
0 0.6423760253476501 0.7930661593726736 0.7541008752974572 0.6163923746726899 0.7824819427332487 0.6723459739803095 0.8304490530685184
1 0.2221115648653406 0.3056803193784371 0.2889169170244834 0.3407977810655002 0.7061108373197893 0.2373064170182841 0.1576221325492627
1 0.3654555359971836 0.3325095555975681 0.2213551440653413 0.6580087866755076 0.3434559139972594 0.3780131504922644 0.4299747130832278
1 0.3752229889104031 0.3639853038823987 0.3234080593254271 0.557979573383592 0.5478875752412292 0.3759917545710267 0.7907601390208614
0 0.5356380038725577 0.651744674331762 0.6393002960411737 0.5392921861945589 0.77286576336472 0.5475467475386779 0.1628656322741353
1 0.3752229889104031 0.3455993932296439 0.2943628354715532 0.5795052051142798 0.5016760354721865 0.3733551511954993 0.6619785992878652
0 0.4577623657806724 0.5453417234360477 0.4850337731414415 0.5652718790247065 0.6649347320424499 0.47372185302391 0.3603110270585337
1 0.4757133603238866 0.5257836702909781 0.4474640148183354 0.6170617389950137 0.5977258142945596 0.491123435302391 0.5867271019705413
0 0.7814962330575603 0.7936470740942566 0.6697373902215914 0.8836775084988374 0.5530451443186634 0.8044398030942335 0.6456879587812178
0 0.8811946488294314 0.8872718348118596 0.8142486157291813 0.8773740762358722 0.6519200705869707 0.8864381680731365 0.7527606623611189
0 0.580427495159303 0.7670924228087115 0.7338340521246016 0.5459715301562229 0.8140997953312917 0.614692246835443 0.3516232644971299
1 0.3776868509065305 0.4373600703136068 0.4526612745656554 0.4432666072625381 0.7338786588196368 0.3798587728551336 0.3712855690661454
0 0.4371715190987502 0.536692620310875 0.5374708155944099 0.4755581530319108 0.7602530991742749 0.4474437060478199 0.5292977023710453
0 0.3885102446752332 0.5107981653122441 0.5429199887365025 0.393614010255416 0.8159988136614268 0.3976997890295358 0.4456034428701364
1 0.2966433902481957 0.348133825057954 0.3240367036691006 0.4389719034892808 0.6513341735314218 0.3119222925457102 0.7507764051205651
0 0.4852168280232353 0.5848171750324644 0.5791608550817581 0.5172260423763929 0.7554036582088417 0.4974512834036568 0.4372719551056409
1 0.2603894208766062 0.2427658853291544 0.2266204269386399 0.4502848437234939 0.5618960632685983 0.2636724507735584 0.4868049679460648
1 0.3329853546910755 0.3923668151398125 0.359779438941101 0.4741900314606956 0.6487449203139278 0.3378488924050633 0.58893341640972
0 0.6578631578947369 0.7677049212433128 0.7169098007402657 0.6581857797576506 0.7384346278233567 0.6646998241912799 0.6187008803747567
1 0.3346572610455905 0.3137750961118635 0.2317599158493035 0.5877695427810238 0.4307430597273829 0.3396945147679325 0.3960192995160807
1 0.4593462770638972 0.4892651632551851 0.4886482746991246 0.5545957325725664 0.6753043073269583 0.455968723628692 0.2298708593496831
0 0.530798274951593 0.6208814244815326 0.5780080421046464 0.6014432911010211 0.6977313578707753 0.5363851265822784 0.196921668070032
1 0.2742926421404682 0.2965191089064708 0.2674891441369589 0.4548417006255987 0.5931178508529142 0.2917083333333333 0.5234216264198317
1 0.4163166872029572 0.4384213475275724 0.3487710839651418 0.628521008339329 0.5059933185997924 0.4345243495077355 0.2796097052834451
1 0.4035574018658687 0.5087440959763165 0.5366120643126174 0.4284134876240957 0.790727423093918 0.4053459388185654 0.7559014197128874
1 0.4394593909522971 0.4128543318394149 0.3243968356733845 0.6663260316100733 0.4469566004611329 0.4421704992967651 0.7994328246359378
0 0.5384538461538462 0.6472987833002847 0.604187832460358 0.5735287492992954 0.731968124942847 0.557477953586498 0.1677099206810373
0 0.5043997535645133 0.5870454382141704 0.5807755092826195 0.5325648602662817 0.7461615596286086 0.5089644514767933 0.4790793439921348
0 0.5635324414715719 0.64528693300931 0.6348050740102934 0.582616088909936 0.7428607852102427 0.5761099507735584 0.2302651542721123
1 0.3291135715543038 0.3617464053687579 0.3720301110073017 0.4352065901556111 0.6883964370053869 0.3256326300984529 0.2065899237822643
0 0.548661274423517 0.6908451499067851 0.7265129411400874 0.484433228048527 0.8456496015172847 0.5631905942334741 0.8228001248850357
1 0.358327935222672 0.3527858159310137 0.2979830327455263 0.5662033964758776 0.5176180884696546 0.3708064345991561 0.2918382559138449
1 0.2795723464178842 0.2585274472563333 0.1910767162672899 0.5259396946179128 0.4519512071056061 0.2895990506329113 0.5352845611017945
1 0.3688873437775039 0.3640908514947806 0.2770421622334278 0.5934194987900802 0.4715161208718105 0.3716853023909985 0.36585934330698
0 0.717171835944376 0.7720929625147211 0.690379967934841 0.7635891321909382 0.6538735260467458 0.7310543424753868 0.2548568008908979
1 0.4325077803203661 0.4540298251314492 0.3442063741955226 0.6659490077465855 0.4666555133156819 0.453507893811533 0.7252999711841589
0 0.3487364724520331 0.4200143273523412 0.4742412044455006 0.3781349007214228 0.7909922806669744 0.3527896448663853 0.5137677921345211
0 0.6033942087660623 0.6532495738005176 0.6140604616080759 0.6594034413209757 0.6792297129123478 0.6107373417721519 0.6743085915462715
0 0.5837713078683331 0.6344413115568421 0.5568105388899921 0.6777976936477522 0.6288771127751108 0.5989605133614627 0.2926922338194053
0 0.6479197148389368 0.7592354907712786 0.7502289273634627 0.6100876713642516 0.7843614195296669 0.6660181258790436 0.5371026441730452
0 0.5134632459074107 0.6275557398361089 0.5821758418162226 0.573075939349468 0.7197351248360451 0.5215322609001406 0.1884405580012231
1 0.3194341137123745 0.3623695391352938 0.3140670846097003 0.4863328055082239 0.6035320925002042 0.3336303270042194 0.6174322864451955
1 0.5382778560112657 0.5531672329018554 0.5556517047270881 0.6051506129849761 0.68136148486729 0.5367366736990155 0.3770783940528562
1 0.3712632107023411 0.3626968173043743 0.2815842518726378 0.6009274055195861 0.4686187395423155 0.3766069620253164 0.3606591078628726
1 0.3681833832071818 0.3759503745916868 0.3906819545097937 0.4795416095449184 0.6665200389652363 0.3650059071729957 0.8304739628059287
0 0.6144815877486358 0.6765251588809328 0.5498855242897648 0.7562628260834156 0.5632210490457984 0.6284904711673699 0.4227099192713887
1 0.2864359619785249 0.2712160428199647 0.2074270021843372 0.5261819876612416 0.4688127590556479 0.2924993143459916 0.2408365518453202
1 0.3535762013729977 0.3695770713591401 0.3527751725170661 0.5020845542962183 0.6204875136032791 0.3575355309423347 0.6979228587314047
1 0.2389186234817814 0.2177636702232851 0.191023013799412 0.460565853914153 0.5186813572774315 0.239767246835443 0.3124346756357474
1 0.3296415419820453 0.3464916331224054 0.2554456334089658 0.5722011423025384 0.4710582906532994 0.3431220991561181 0.3124677793657269
1 0.5314142404506249 0.6376199866741644 0.6021097096882355 0.5755541602608389 0.7294500587410362 0.543679729254571 0.2528486171920421
0 0.420892430910051 0.5495396178637758 0.5475867331950897 0.4596853371625941 0.77616932943076 0.4379519338959212 0.2602225549849028
0 0.6102578243267031 0.7201508070527646 0.7118511910009213 0.5978811861623792 0.773099912813364 0.6172409634317862 0.4061488770099581
0 0.7715527900017602 0.9418223860014902 0.9255258248884228 0.6493779112704298 0.8383906196533615 0.7795678445850914 0.2771187315424129
0 0.6335765182186235 0.6534028192652126 0.5678919617692155 0.748591113368551 0.5826414950448813 0.6436948839662446 0.2972821806969598
1 0.3423128322478437 0.3523792561966021 0.2715933145608376 0.5774268868849144 0.4818609202832135 0.3540200597749648 0.4610855001900567
1 0.2518538989614504 0.2621075255834928 0.1972790258376819 0.4766108964450883 0.5087881068772734 0.2648149789029536 0.527706101254407
0 0.5550849146277064 0.6140329152811779 0.599232884757493 0.5913338720492438 0.7171989129243542 0.5590599156118143 0.7730424327683648
0 0.5687241506776977 0.5271301677704643 0.391366579607861 0.8312464060873009 0.3525441229994716 0.5801527426160338 0.816616938092329
1 0.3100186410843161 0.3805812559422702 0.3993496955600334 0.3788978457667109 0.7481240879433239 0.320359423347398 0.6976524569766217
1 0.4310118641084315 0.4482321189545182 0.4463066452681917 0.5439840916781912 0.6548663057507579 0.4305694444444444 0.3532096214585241
1 0.2767565041365957 0.2501265018763027 0.2059964009870209 0.5105833998527676 0.4832602336797298 0.2819529008438818 0.3160655976230045
1 0.4494028340080971 0.507439978683176 0.4747608165059068 0.5448005795140377 0.6734824082638132 0.4573749120956399 0.7428446203135943
1 0.4706976412603414 0.5448613609436651 0.4817953515936546 0.5798919206995009 0.6516796399310604 0.4754795886075949 0.5102425726514066
0 0.6563672416828024 0.7572289581462711 0.7021321834582844 0.6712656320802952 0.7222036392916453 0.672170200421941 0.3254723010924285
0 0.4619861292026052 0.5927271225881777 0.6218149352348895 0.4535849544139725 0.8169755413913143 0.4762705696202531 0.3141087083176319
1 0.2573095933814469 0.2343331950947128 0.2413412497924717 0.4302611111000755 0.5932912819646521 0.2539170182841069 0.8009919775420021
0 0.6682465763069882 0.7616432654647304 0.713917271401459 0.6715698885904424 0.7283871388892186 0.6808709915611815 0.3587595765054843
0 0.4329477556768175 0.5112153603785905 0.5034519295412891 0.4970450178756661 0.7261286959210754 0.437864047116737 0.2307371282440973
0 0.6048021299067066 0.7814865388753208 0.813507847141969 0.5077362579928004 0.868093401947145 0.6135497187060479 0.1232894675642304
1 0.459962242562929 0.5469734411810545 0.4050541995266726 0.6490461684019245 0.5368487024269157 0.4768857770745429 0.2064003147942134
0 0.6014583171976765 0.7281345573664487 0.7360381315941105 0.5519748368068288 0.8116417495544686 0.6048489275668073 0.7667943495545101
1 0.2417344657630698 0.2008826590392859 0.1660804957566563 0.4754493197632681 0.4784020688153158 0.2431069444444444 0.7900157967358766
1 0.4790571730329167 0.5180427600564688 0.448779399811841 0.6222874835773898 0.594467961459179 0.4933206047819972 0.7319382523241582
1 0.2187677521563105 0.2311598376433578 0.222914142981311 0.3828242641141087 0.6207897094639732 0.2226293248945147 0.2589824761494824
0 0.7933755676817462 0.8897534122632823 0.7661670061558595 0.8032851533644352 0.6724627589509402 0.8142831223628693 0.6998164904141433
1 0.3113385671536701 0.3277784443005701 0.2577284764980289 0.5382810695206286 0.5065973613652213 0.3208867440225035 0.7059352724252562
0 0.571539992958986 0.6529645146763899 0.5841441186313222 0.6494475010100874 0.6676304168275093 0.5785707805907173 0.2068531148235865
1 0.2318790177785601 0.2053973574455527 0.1982368825829218 0.4176822095745556 0.5672389279603841 0.2296602672292545 0.3687942675654106
1 0.4147327759197324 0.45343327969475 0.3729093668677385 0.5834629229564552 0.5671440119394734 0.418001635021097 0.2945458788184062
1 0.2734126914275656 0.2570649279739234 0.2504377969119786 0.4434116653271669 0.5890570503553432 0.2728126758087201 0.3083566894139156
0 0.4795851434606583 0.5348393331505625 0.5315819331547234 0.5455068041550842 0.7088955058744527 0.4841803797468355 0.2350189810010505
1 0.2748206125682098 0.2379132734218724 0.187013717735451 0.513717956870362 0.4604304879589602 0.2765918073136427 0.6641187062670849
0 0.7691769230769231 0.8665571087481984 0.8318394286542073 0.7096377005127709 0.764854781408654 0.7798315049226442 0.230350863434386
1 0.2804522971307868 0.2810426061034196 0.2164621983026625 0.5080071495592762 0.4963209573218276 0.2895990506329113 0.3209370900852362
1 0.348384492166872 0.4054513351059209 0.3537507673501808 0.5065897749759745 0.6174617164807872 0.3577113045007032 0.2399770020248127
0 0.4371715190987502 0.6035516345181691 0.6256823265958521 0.4264934145561436 0.83487000298068 0.4443676687763713 0.5030103909299928
0 0.6451038725576483 0.7209534523310461 0.6549659568601536 0.7038070971658359 0.6733986588335977 0.659426617440225 0.2381141797541343
0 0.4833689315261397 0.5928484620570686 0.576277683495721 0.5211011422628102 0.7512783008588128 0.5009667545710267 0.6572788529098836
1 0.5698680866044711 0.5738817978241237 0.4957119393073275 0.7230324543514007 0.5481831409386978 0.5712761779184248 0.3584001879913998
0 0.4965681922196796 0.5825942295167257 0.6009663353266902 0.5040047862448547 0.7754965423413626 0.5108979606188467 0.6558878407313388
0 0.5613325646893152 0.680633136411395 0.6153621768824853 0.59232798848997 0.7257315840394707 0.5751431962025316 0.4342798367790774
1 0.2812442527723992 0.3427426786154347 0.34872535550007 0.3872222403320635 0.7099790141278649 0.2830075421940928 0.2312753096760414
1 0.3828785601126562 0.4068980625318217 0.3126739124051473 0.6022384889251915 0.4972697685749766 0.3911082805907173 0.2356826943991544
1 0.4554744939271255 0.399669420785499 0.3250331285503618 0.7034809151212761 0.4108361691211321 0.4547383087201125 0.8540431630319313
0 0.5119673296954762 0.678357336518769 0.61093872087686 0.5632138975229122 0.7425250895774624 0.5486892756680731 0.6072699329810414
1 0.3724071466291146 0.4089732413902257 0.4073505496000807 0.4799867932219065 0.6776458018133983 0.374673452883263 0.3207315847516011
0 0.5630924661151205 0.6353283949250292 0.5848682882739179 0.6365536979685823 0.677263346082081 0.5769009317862166 0.2314239487012464
0 0.724475426861468 0.7979187712799556 0.7923729968065054 0.6813982477119584 0.7624441936422863 0.7296481540084389 0.8263484514271955
0 0.5314142404506249 0.6589945867419541 0.6409619805851159 0.5390027055880376 0.7738930897086961 0.5414825597749648 0.1329811580952106
1 0.4525706565745467 0.4703511922577346 0.3715095225383886 0.6725520889798574 0.4861150423821986 0.4669545710267229 0.2640339086885334
0 0.5067756204893505 0.537748741000266 0.4928063103256322 0.6128019889722695 0.634066436844835 0.5113373945147679 0.4299350541591929
1 0.5073915859883824 0.4539400693755763 0.3647428488510256 0.7393944638472152 0.4159871080353409 0.5093159985935303 0.8709122994139632
1 0.3369451328991374 0.4175801254704456 0.3940178541735165 0.4447983759384277 0.6957437047269955 0.3527017580872011 0.2660506141396611
1 0.4025014610103855 0.4612797375416412 0.466275826581203 0.4829105155716339 0.7136629421894666 0.4055217123769338 0.6680477257040088
0 0.5750597958105967 0.6884109480248898 0.5894692878930423 0.6603135098797867 0.663233920697158 0.6106494549929676 0.3568625033458666
1 0.2588055095933814 0.279400414167871 0.314091494822372 0.3646143133809462 0.7043964166920874 0.2580476969057665 0.7430078446455725
0 0.7798243267030452 0.7882717195082464 0.6966343526255994 0.842708694164615 0.6021031178471532 0.7942449367088608 0.6412115806406722
0 0.5687241506776977 0.629388078615338 0.5282097436414953 0.6960217847618042 0.5946951317886383 0.5846349683544304 0.293179448617569
0 0.529478348882239 0.6459047491098783 0.6053936969663429 0.5599987879984537 0.7415951219461118 0.5496560302390998 0.6971241083357606
1 0.3922940327407146 0.3915483780050218 0.4145727178558988 0.503511302839885 0.6643429027355942 0.3873291490857946 0.4032250965814217
1 0.4474669424397113 0.4224327373777276 0.2770083134051896 0.7348361770189531 0.3248192230826094 0.4576385724331926 0.3677177408216711
1 0.2992832423869037 0.2960016838937098 0.3039824120812404 0.4534162231274053 0.6239062351358653 0.2982998417721518 0.4258780445583383
0 0.7527218447456433 0.7833187165131569 0.6485979833130959 0.8585241541069537 0.5568163113700727 0.767703129395218 0.2970422605945341
1 0.3039469811652878 0.2806254110370733 0.280472773522317 0.4803849482163864 0.5810872452024664 0.3055944444444444 0.5541689280162916
1 0.1732743002992431 0.2277803803504204 0.2999643283407175 0.2287212810172304 0.7982917414221683 0.1722702004219409 0.6973407574992899
0 0.6210812180954057 0.7353896263012152 0.6978769951853432 0.632860993107569 0.7443619937468544 0.6353456399437413 0.446578364106018
1 0.3907101214574899 0.3045239687426313 0.2274513505779867 0.6758885833470065 0.3308282447005672 0.3887353375527426 0.4517982651322914
1 0.3058828727336736 0.3481233508674122 0.3701142347820709 0.4066048893949368 0.7091788581133482 0.3043640295358649 0.1683800253933452
0 0.6225771343073402 0.7295814459337425 0.720349525175219 0.6005060539452205 0.7756856764712657 0.6329726969057665 0.1417856031107995
1 0.4060212638619961 0.4469649030403632 0.4324315549160609 0.5165463508095994 0.6665168983616033 0.4148377109704642 0.3820333013594422
1 0.3935259637387784 0.3809718626787798 0.3305654591502895 0.5919196651317047 0.523268383361523 0.3940085443037974 0.7917434181291635
0 0.6414960746347474 0.8074971768182682 0.8026384676434875 0.5599253851223766 0.8360302815451232 0.6537139767932489 0.1836528081430485
1 0.3251537933462418 0.3298429878270394 0.312701577312842 0.487013132597754 0.6018424477456077 0.3298511954992967 0.5074159729747405
0 0.5606286041189931 0.6722163991748555 0.6178127994999789 0.610382553914034 0.7150395734486328 0.5811194971870605 0.2276824078143053
0 0.4671778384087309 0.4537289741508124 0.4164685777067389 0.6236239878924592 0.5681231823610755 0.4665151371308016 0.5858124885199689
1 0.3836705157542686 0.3994899092737532 0.3531410002376402 0.5579989568270584 0.5730099616141464 0.3863623945147679 0.8090212708605462
0 0.765833110367893 0.8786436800677703 0.781449752105395 0.7576948176896591 0.7102703923538228 0.7881807489451477 0.1940903158776759
1 0.3895661855307164 0.4397573708165169 0.426709475596298 0.4921521283265841 0.6813492714087168 0.3923386954992968 0.5069277748974685
1 0.4180765886287625 0.4273116153320603 0.3216728186739673 0.6466184715481134 0.4634234832212844 0.427932841068917 0.4735865830133076
1 0.1495156310508713 0.1643378859564421 0.1820714633431753 0.297009787871721 0.6644434020518527 0.1582083157524613 0.3305157035187617
0 0.8613077627178314 0.9027323846170088 0.8193830598625593 0.8542651984876302 0.6698790890287939 0.8791435654008438 0.81128740144548
1 0.2339029044182362 0.187180322972609 0.175035300907916 0.4558362937083773 0.5076885466497365 0.231945323488045 0.449788114875219
1 0.5767317021651117 0.5740717835264113 0.4718169448576926 0.7521797513814459 0.5037907085851264 0.5877110056258791 0.8037217242265003
1 0.2943555183946488 0.2772619067420379 0.2366147816802143 0.5150220495258648 0.5090278396212652 0.3017274261603375 0.5193143057046022
1 0.3448646893152614 0.3737221114099807 0.3226676162077171 0.5328150973438178 0.5698048011286097 0.3504167018284106 0.802418879408
0 0.5341420876606231 0.6378365607062886 0.6200837629522082 0.5591071495990042 0.7501665271727029 0.5506227848101266 0.3804928307564355
1 0.3140664143636683 0.3588738988980398 0.3578959469313479 0.4392002150324042 0.6755189152418852 0.3250174226441631 0.8065121064560106
1 0.2416464706917796 0.2992332133879196 0.288784125467549 0.3651243203770675 0.6863672581024586 0.2453920007032348 0.3121092102508994
0 0.796631385319486 0.8154968801298543 0.7280470416391319 0.8420288437171375 0.6230865375876317 0.8085704817158931 0.3066405396102256
1 0.4378754796690723 0.4342974169992081 0.3625151728426007 0.6378029767880533 0.5098751046902781 0.4434888009845288 0.6090493404073656
1 0.5098554479845098 0.5831909360948179 0.5485301065474776 0.5800549322814387 0.6948112944039303 0.517401582278481 0.2797876788020478
1 0.3853424221087836 0.4107105067476145 0.3405804812052593 0.5718589133088794 0.5502196479167699 0.3962057137834036 0.5393592697265986
1 0.3804146981165288 0.3747042682000081 0.3356702855589592 0.5590137277567241 0.5574932859309808 0.383550017580872 0.2937713826407669
1 0.3519042950184826 0.3883220050353864 0.271975253021775 0.5939641417753463 0.4659488774982391 0.3680819444444445 0.3433391380096843
1 0.288459848618201 0.2692306197174336 0.2252663110743618 0.5116445639422051 0.5013563918135309 0.2962784458509142 0.6355183946036027
1 0.4833689315261397 0.4404647815315653 0.3044698026609199 0.7740561916627369 0.3145358399200312 0.4883110583684951 0.4131658844865051
1 0.3704712550607287 0.3878416425430039 0.3294272923007809 0.5517833855824281 0.5586308823580739 0.3808255274261603 0.3725336780142836
1 0.302363069882063 0.3487411669679807 0.2924738104802611 0.5002428094055522 0.573393115257382 0.3276540260196905 0.6393615409984017
0 0.6191453265270199 0.6888809974681235 0.6542286057027152 0.6608308253873789 0.7021512340503951 0.6305997538677919 0.8198704447818496
0 0.7036205949656751 0.8441159138004757 0.7889043055858483 0.6634534688406422 0.7713666485638637 0.7246386075949367 0.1543476492387651
1 0.2962034148917444 0.3022852313703836 0.2906438582036349 0.4677607656958836 0.6007833664093416 0.2962784458509142 0.616162217596972
1 0.3862223728216863 0.4153043255778195 0.3588105162327833 0.560495925659159 0.5754934811759935 0.3939206575246132 0.389375282581283
0 0.4942803203661327 0.5680681386492908 0.5531924571677838 0.5557892442719008 0.7146400188753134 0.5032518108298172 0.2298938025288769
1 0.518566960042246 0.5828001682169153 0.5479981266459844 0.5924979908220105 0.6856218881735413 0.5241688642756681 0.2058929427743295
1 0.3124825030804435 0.3112827221871133 0.2625516090524664 0.5231006556728374 0.5256932783222192 0.3179864803094233 0.4460139618978526
1 0.3614077627178313 0.3880158363887824 0.3462371411550619 0.5140263442782971 0.6053267729985292 0.3712458684950773 0.3037785418856607
1 0.4978001232177433 0.526955812783293 0.4540990360920221 0.6478690214130576 0.5775823315479502 0.5079098101265823 0.6462402338803808
0 0.6226651293786305 0.726064696174012 0.6322101056685341 0.6965329039227146 0.6644636414974882 0.6458041666666667 0.2002641615188538
0 0.5342300827319133 0.6255123058321161 0.5940676837561486 0.5781154757700203 0.7231643150474082 0.547898294655415 0.8207694896465405
0 0.6792459602182714 0.7266085483752167 0.6953220595923655 0.691000360739245 0.7056149709017221 0.6813104254571027 0.8504371507820846
0 0.6423760253476501 0.739904324707482 0.6919287145614886 0.6583923246470456 0.7249202614342586 0.6683910689170183 0.2519284318265227
1 0.4406033268790706 0.4431684118224724 0.3463313645759749 0.6678898941841613 0.4668439495336667 0.4547383087201125 0.3901930430396877
1 0.3439847386023587 0.4032652909691677 0.3204972228316953 0.5352853742209813 0.5657736618875732 0.3613146624472574 0.2378865506405623
1 0.5521810772751277 0.6553829247017764 0.6452310013119045 0.5717449958583438 0.7554169185352925 0.5537867088607594 0.6659303980241315
0 0.7064364372469635 0.7947769975416186 0.7641930336244698 0.6891147647797532 0.7437558572456702 0.7155862693389592 0.856315684931069
0 0.473865463826791 0.5486156331166031 0.5337742957221497 0.5406094659468462 0.7136566609822004 0.482598417721519 0.702938565462854
0 0.5488372645660976 0.6085890756031641 0.5272719032706462 0.6570170534450436 0.624214014291907 0.5583568213783404 0.3266406005529429
1 0.2194717127266326 0.2698748630064458 0.2484729375266531 0.3655181855930752 0.6562670149711111 0.2280783052039381 0.71510271131166
0 0.5944187114944552 0.6922498194291262 0.6572790686129296 0.6070055449724268 0.7392337369699956 0.6128466244725739 0.4311287549966717
1 0.3217219855659214 0.3593650578637499 0.2817777434917493 0.5302301086126981 0.536542319094711 0.3397824015471167 0.3062351008579023
1 0.3584159302939623 0.344685882673013 0.2362177088874203 0.6373517556450674 0.3832574817511879 0.3751128867791842 0.7228104723617893
1 0.419220524555536 0.4280456143769455 0.3794768532197 0.5912774694063706 0.5657736618875732 0.42758129395218 0.8453455676794447
1 0.310634606583348 0.3713987748064345 0.3195313920836494 0.4716860718784924 0.6204487794918045 0.3124496132208157 0.1984336235788979
0 0.7089882943143813 0.7752611634415019 0.6692910087992006 0.7780447323576373 0.6304184512470341 0.7301754746835443 0.6258293261502447
1 0.2844120753388488 0.2840735145634072 0.2164008473014808 0.5168571214277967 0.4873911743251063 0.2979482946554149 0.5425760673294092
1 0.3489124625946136 0.3507053194066425 0.3474664394652117 0.4893545572400719 0.6270737083778051 0.3471648909985935 0.8533009511850146
1 0.4328597606055272 0.4633971354449979 0.4919924738351558 0.4941158935826775 0.7213382285127524 0.4309209915611814 0.258656846884783
1 0.4084851258581236 0.367042478389437 0.2953613759045793 0.6456437385508534 0.4381416239749986 0.4096523909985935 0.6685234689125757
0 0.4239722584052103 0.5066055885504833 0.540546827860554 0.4431822416192544 0.7832098648642045 0.4263508790436006 0.8235441394103178
1 0.4296039429677873 0.4615332129527508 0.4069778870199585 0.5873116486493036 0.5911493902868922 0.4354911040787623 0.247244417914274
1 0.4202764654110192 0.4487495439672792 0.3813408170593156 0.5860010418857506 0.5718468914020295 0.4284601617440225 0.4768263237953118
0 0.5989064601302587 0.7019655174342319 0.6838438893898505 0.605308540385021 0.7543578371990264 0.6090674929676513 0.2184372898783456
1 0.4577623657806724 0.5083375362419048 0.4959980269998404 0.5446223153864215 0.6874148238920701 0.4584295534458509 0.2062821574213657
1 0.4363795634571378 0.4243599884374039 0.3394481728067919 0.6475555498232298 0.4795836336932719 0.4395338959212377 0.3597312201443382
1 0.4325957753916564 0.4740421358632435 0.3832812662319694 0.6072492679419128 0.55505687542363 0.4444555555555555 0.2934029807348564
1 0.458290336208414 0.487311485007065 0.3784400701201548 0.6671653982644375 0.4973936479405036 0.4788192862165963 0.4170565560382054
0 0.6335765182186235 0.6604097304548369 0.5971529719031079 0.7357727786520171 0.6131255897313829 0.6367518284106891 0.778903759532954
0 0.5633564513289914 0.664607463741172 0.5979616008815477 0.6243855030115899 0.6938073481092227 0.5824377988748242 0.4372550754809483
1 0.4825769758845274 0.4792908333143954 0.3726559888602057 0.7150722143141199 0.4472884575783615 0.4931448312236287 0.3458332254678927
0 0.4898805668016194 0.5359112456964626 0.5028431388372555 0.5852060029422643 0.6618506592747664 0.5144134317862167 0.789457294202361
1 0.3672154374229889 0.388971565990366 0.3382932442779154 0.5324501484123254 0.5830860649369415 0.3771342827004219 0.4624884755977524
1 0.2277432494279176 0.2900349403955748 0.2811785541380332 0.3671784887424422 0.6792223848372039 0.2375700773558368 0.189864510029896
1 0.335801196972364 0.3381171149308186 0.2842384556638139 0.5425215949805908 0.5272712571698617 0.3407491561181434 0.3135126772981493
0 0.4816970251716247 0.5316711322237818 0.4975205733315537 0.5936495580207293 0.651929841353829 0.4924417369901547 0.7762158022105585
1 0.4219483717655342 0.47357756522737 0.3761049891759742 0.6104843964325741 0.5462017690021842 0.4354032172995781 0.2684027816465713
1 0.1566432318253828 0.169417384944997 0.1724562805717689 0.3193749451374573 0.6366274246296313 0.1671727672292545 0.2171413280136034
0 0.7634572434430558 0.8374681867757361 0.7660176156543083 0.7582474047091325 0.7015168321165132 0.7684941104078762 0.2358151093190724
0 0.6135136419644429 0.7431675990561029 0.7723504384951186 0.5447829437580971 0.8315988898188487 0.6149559071729958 0.0950344507476137
0 0.4278440415419821 0.5148217047528008 0.4939651444885363 0.4981764072274979 0.719645792110482 0.4444555555555555 0.4182635311436463
1 0.379182767118465 0.3312421785420201 0.263165932738039 0.6217080457222949 0.428992347679921 0.3809134142053446 0.5611359521381665
0 0.5300943143812709 0.6026909783384257 0.5611667854433944 0.6021345809577575 0.6869489676864967 0.5411310126582278 0.3955753489986823
0 0.5434695652173913 0.6609113636110887 0.6873366653536771 0.5072259332353108 0.8154921296086234 0.5490408227848101 0.1600716446878947
1 0.3544561520859003 0.3824240689120409 0.3837199991210565 0.4818615852948759 0.6597907722474258 0.353756399437412 0.3344304654086154
1 0.3462726104559056 0.3453670273410106 0.3205924226611152 0.5196504027358371 0.5797221294899546 0.3485710794655415 0.2993709932826963
1 0.4619861292026052 0.4710587641141761 0.4297838605149306 0.6089036925059662 0.5909086106750229 0.4638785337552742 0.7810199400538714
1 0.1604270198908642 0.1265574806724614 0.1506272037879207 0.3378359273515767 0.6007666165232985 0.1580325421940928 0.6228024652951878
0 0.5692521211054392 0.6514438233511253 0.5539724448300222 0.6901849850681874 0.6175705907400673 0.5878867791842476 0.2165969191473068
0 0.527806442527724 0.6371605725628654 0.6187481988495607 0.5430039567376701 0.7598451696579339 0.5385822960618847 0.1568599273604771
1 0.312306512937863 0.3317860307432247 0.2525206389918844 0.5531537314832214 0.4870348902907314 0.3245779887482419 0.2766769114630825
0 0.6327845625770111 0.7294388358009821 0.7167752191010687 0.6232058139317765 0.760094673168784 0.6428160161744022 0.1548997604580768
1 0.4055812885055447 0.4157795315456277 0.3447930329734005 0.6050168354489218 0.523966295279985 0.409125070323488 0.4750011938904516
0 0.6351604295018483 0.7434421839896888 0.6964631556673948 0.6444565820788849 0.7362798247751052 0.6535382032348804 0.2357367747501111
0 0.5001759901425805 0.5980918418422533 0.5686561641605927 0.5567879682524675 0.7230104254693873 0.508876564697609 0.6743631635367823
0 0.4955122513641964 0.5877372182141027 0.5782233401804113 0.5284905240019403 0.7474558372813965 0.5015819620253165 0.6515696066473785
1 0.3833185354691075 0.3948326007347261 0.3097612858291529 0.5981927511839972 0.4983728183621058 0.391723488045007 0.3394781287110844
1 0.6520554831895793 0.6497858395590677 0.5789901463278068 0.7640746715617004 0.5787234175346355 0.6527472222222223 0.3147689802388567
1 0.1724823446576307 0.2239416700875769 0.2603953735997942 0.2677468257036147 0.7447894647969124 0.1794769163150492 0.432148415431981
1 0.248070110895969 0.2318145551229118 0.149650469811548 0.5281776879348491 0.4035935881872928 0.2637603375527426 0.3853805473239541
0 0.7184037669424397 0.7501903021022359 0.6373204650587427 0.8277432458824786 0.5721023271641866 0.7340424929676512 0.650274791941596
1 0.4075171800739307 0.3794829162079262 0.3455725324313854 0.5824187591002218 0.5450599851035803 0.4070157876230661 0.71267712563133
1 0.305002922020771 0.2390538322011692 0.228779917086335 0.5201567554762229 0.4963635299488538 0.3009364451476793 0.7311531039561789
1 0.3119545326527019 0.3387824677423072 0.2655576453756181 0.5224938903400687 0.529042208662959 0.3188653481012658 0.7560620219672434
1 0.2670770462946664 0.265254616987797 0.2398894930775065 0.4559395661530748 0.5684013002605826 0.2721974683544303 0.5119148026549256
0 0.5542049639148038 0.7066544096862771 0.6586639413451741 0.5717834449839081 0.7623911523364831 0.5854259493670886 0.471297017609626
0 0.5967945784192923 0.7289952135461921 0.6536753075488221 0.6503971308592515 0.7088019856773787 0.6247113396624472 0.1902488082813907
1 0.3830545502552367 0.3940776533087576 0.3802168081331567 0.5171351626250592 0.6287752176350154 0.3851319796061884 0.519840851667098
0 0.7086363140292202 0.8061031426278619 0.702279783877573 0.747868524017037 0.6718182372942405 0.7293844936708861 0.2285765362834547
1 0.3621117232881535 0.3767952389149211 0.2916467924749419 0.5867935387382907 0.4921320899872187 0.3735309247538678 0.3102622843258052
0 0.6460718183418412 0.7617223858886687 0.6864603387187609 0.6721283541952295 0.7129915509239061 0.669357823488045 0.4351915003923249
1 0.3165302763597958 0.3082677667250276 0.2567875441669081 0.5279045720387953 0.5157190701395196 0.3171954992967651 0.5996326402670071
0 0.3858703925365253 0.5589280376998009 0.5468999925452575 0.4205650995884564 0.8009919626346977 0.4074552215189873 0.1904182600477215
1 0.3113385671536701 0.3122068680756787 0.2855265012191271 0.4874684846385277 0.578991415711325 0.3130648206751055 0.3508748252158606
0 0.502991832423869 0.5645620242214952 0.5631783497022985 0.5532291998081926 0.7222654044964292 0.5090523382559774 0.4315509094938361
0 0.5690761309628587 0.5952615544164878 0.5267260909153056 0.6837310927973321 0.603219079004774 0.5793617616033755 0.5812661336828825
0 0.4129728744939271 0.4780921024922439 0.4887112530478178 0.4812975588661436 0.7284429718426956 0.4167712201125175 0.8312931981829956
1 0.3811186586868509 0.3442053590392375 0.2751575310804168 0.6249469873493758 0.4381880351175763 0.3812649613220816 0.7565669357893566
0 0.4563544446400281 0.46883050093247 0.4001085277046229 0.6279534865355453 0.5510602828225574 0.4607146097046413 0.7020500089086517
0 0.6094658686850907 0.6872652327210186 0.625008116521858 0.6691828651917736 0.6791124637100461 0.6226899437412096 0.50169541900249
1 0.37751086076395 0.3870601067871987 0.3261543709857513 0.5647725170344232 0.5441300174722298 0.3788041315049226 0.3529829756240604
0 0.5934507657102622 0.8205341600734565 0.8654867912704639 0.4594975401939288 0.9109050638054 0.6160105485232068 0.0374873854148243
0 0.4902325470867805 0.6168896298953871 0.6125022763658619 0.4915199420843515 0.7892230739536731 0.5024608298171589 0.205091898060766
1 0.3380890688259109 0.3455570130432981 0.2873475030844404 0.5480280817318598 0.5249409292741172 0.3502409282700421 0.4968766958524038
1 0.444387114944552 0.4337906273183819 0.3989575048097738 0.5962826875991465 0.5772689690965608 0.4434009142053445 0.2840454412208475
0 0.5945067065657454 0.650355957807323 0.5591726338028628 0.7190494744804456 0.5991834033362675 0.610385794655415 0.2490272668174772
0 0.5161030980461186 0.587557706702357 0.5521779687291455 0.5856982153017609 0.6930560459289984 0.5191593178621661 0.2333505202341131
1 0.2799243267030452 0.2909113884318273 0.2661447923577495 0.4513015212213694 0.5951693629372333 0.2812498066104079 0.2634636068057181
1 0.4507227600774511 0.4565433085786758 0.3754094608495802 0.6410360398298206 0.5183962602587397 0.4550898558368495 0.352777798050128
0 0.6332245379334623 0.766870692252013 0.800816163900165 0.5498577516905307 0.8407303693600053 0.6392126582278481 0.8252073560220109
0 0.7482340961098398 0.8699736285615141 0.8068987006937142 0.7156252779756459 0.7492062003728991 0.7711307137834037 0.6890023867810361
0 0.5160151029748283 0.6400066518451398 0.5783388818537243 0.5688349372474534 0.7204016307181763 0.5458768987341772 0.1585824684783711
1 0.228887185354691 0.3264213114891492 0.3918367203039191 0.2618075479687212 0.8252845317365637 0.2359881153305204 0.0666950358075344
