4 0.3320494071146245 0.375025 0.0001 0.0001 0.0457182551394707 0.0013993913618825 0.0286657107726639 0.0009787771420074 0.1485340399711553 0.1548502354535675 0.1775313764532299 0.111535227234911 0.8301578381097838 0.3059211864339931 0.301747475880854 0.1775313764532299 0.40481124156 0.2494477732294573
2 0.8497324110671937 0.025095 0.0001 0.0001 0.0229090830919388 0.0006206079266574 0.0286657308928614 0.0008357291345516 0.8793457927961518 0.8386680781083313 0.9402653907189588 0.8526184769222609 0.2724336221169084 0.6317383315821274 0.3434848323052385 0.9402653907189588 0.1895257972619999 0.1168804396275728
2 0.2569656126482214 0.4083516666666666 0.0001 0.0001 0.0286113644711673 0.0009162635954803 0.0224558040714655 0.0007081578320371 0.714390381028362 0.6523195838980518 0.8099527039068284 0.6718284435906954 0.1773033949476789 0.7587717425995779 0.2353470949810467 0.8099527039068284 0.268164196436 0.1254185406240129
0 0.6679505928853755 0.7416183333333334 0.0001 0.0001 0.0780311895697455 0.0014343616341695 0.05474745573504 0.0013871057422947 0.3563416764149241 0.3339068260405739 0.4197509453651624 0.3102483769275642 0.5652854564369199 0.5199960169377882 0.2258613189634815 0.4197509453651624 0.301386150716 0.1738614926899834
4 0.0514731225296442 0.4125175 0.0001 0.0001 0.0590235826914046 0.0054954631979198 0.0597154007690807 0.000837211963291 0.1250427361199918 0.1378358276947798 0.142192344313753 0.0943913493588043 0.8823861935224617 0.2435807044501134 0.3491762876711477 0.142192344313753 0.368874550336 0.2852834698347083
0 0.7667450592885375 0.6249750000000001 0.0001 0.0001 0.0723288862937557 0.0019221338022769 0.2348356152382847 0.0659602268284074 0.2892236753686654 0.2626082679295646 0.3387656749744795 0.2619338375072849 0.5578242532615386 0.4376595444814144 0.3662506708432587 0.3395018973563925 0.294747318748 0.1222362333611537
1 0.0672802371541502 0.2458841666666666 0.0001 0.5 0.3232292758753689 0.006045958470469 0.222415752653183 0.005111337613845 0.1467270117726417 0.1183907683804762 0.1767951341931138 0.1419266432806969 0.5913996255815389 0.3106261334639639 0.536994512808998 0.1767951341931138 0.4158523329 0.0890534917270269
0 0.6639988142292491 0.7207891666666667 0.3333666566686669 0.0001 0.0419167481335522 0.0006487672344427 0.0559894218733526 0.0014913865874925 0.3922240038861039 0.373607118102975 0.4572986711546489 0.3406398280403794 0.5802078459999963 0.5364632733190395 0.1841239454647139 0.4572986711546489 0.29564097998 0.1824076502879845
2 0.4387474308300395 0.275045 0.0001 0.0001 0.0324130014891065 0.0006788136259345 0.026181709193136 0.0006839197590991 0.7502727084995418 0.6847280160885577 0.8298309070005087 0.7279356904774532 0.1418627428184409 0.6905501429914697 0.3814279193011164 0.8298309070005087 0.25019277144 0.1040797250218684
3 0.0712320158102766 0.7207891666666667 0.0001 0.0001 0.019107603456972 0.0004470704254393 0.0187298117622725 0.0005497379366864 0.0992281192606698 0.0900333856563483 0.0729867446768281 0.1356925179852683 0.7387582162215358 0.0295058845324359 0.8405390960850921 0.1282039799099854 0.431165729608 0.8363192822264103
3 0.4585063241106719 0.9790708333333332 0.0001 0.0001 0.0780311895697455 0.0057643031898167 0.0597153962979256 0.0043309522749893 0.1077469475638094 0.0876027559765215 0.0950736347944504 0.1403681172168942 0.6604156836061496 0.0965512997843335 0.8120818021811629 0.1326213539578692 0.39597550906 0.9131592035379584
0 0.4308438735177866 0.7707791666666667 0.0001 0.5 0.1255501725519083 0.0019770705680564 0.1541064301899111 0.0036057029814532 0.3658930813072992 0.34200892497333 0.4307944003630751 0.3195996104578453 0.5522283466830813 0.5294059004116124 0.2239641330260787 0.4307944003630751 0.297670154064 0.1715673753954714
4 0.0870391304347826 0.3125375 0.0001 0.0001 0.0305121768216727 0.0007571648054931 0.0386016120186328 0.0010428837206461 0.1296893621363086 0.1354051834311603 0.1561807020914528 0.095949882436013 0.832023136553353 0.2894538877082712 0.3264104491331276 0.1561807020914528 0.4179320568719999 0.2523175514900936
4 0.6047221343873518 0.4875025 0.0001 0.0001 0.0172068448219592 0.0004024447968153 0.0075519231400047 0.0001320526762359 0.0416615300767321 0.0535739076454125 0.0479549338890358 0.0234780193023688 0.9029044762338468 0.1718303569888096 0.4440339795492677 0.0508998512461719 0.563699797492 0.3423581137519199
6 0.1660747035573122 0.5874825 0.0001 0.0001 0.0666266206528244 0.0018213220187908 0.0274237245141537 0.0006983167561513 0.0106839926335241 0.0073918963313767 0.0192419727604862 0.00477560414101 0.8077742557796916 0.1753590624975349 0.535097357605485 0.0192419727604862 0.648647494554 0.1865660483991393
4 0.5533490118577076 0.325035 0.0001 0.0001 0.043817499925827 0.0015972883057529 0.0373596235245451 0.0027603715323525 0.1666042731666699 0.1686238182230455 0.2018269535947941 0.1271205650204032 0.7947171678498449 0.3400319968241647 0.2827759067713404 0.2018269535947941 0.405040815636 0.2317552747863293
1 0.8892501976284585 0.2542158333333333 0.0001 0.0001 0.043817493083089 0.0009251886385369 0.0311496855252617 0.0011390406317452 0.0315938292227987 0.0114429501728926 0.0626795319390314 0.0180231486227545 0.6846645561538448 0.2882776535973079 0.4781827458934897 0.0626795319390314 0.841621432046 0.1389848170084706
3 0.9880446640316204 0.84993 0.3333666566686669 0.0001 0.0514205378872468 0.002149902606869 0.0621993799928335 0.0019163170136375 0.0865789636907502 0.0673474867689423 0.0766678897167313 0.1154315669413385 0.6734727765723021 0.1047849459713591 0.7855216429914866 0.1090620058242856 0.44106069022 0.92023004632885
2 0.5612525691699605 0.0959141666666666 0.0001 0.0001 0.0362144209079795 0.0010365265469713 0.0311496676406417 0.0007345084942027 0.8746991389000509 0.8289455302214387 0.9410016131008718 0.8471635901118132 0.2388582497969081 0.6564393114290629 0.3377933769393292 0.9410016131008718 0.199576136792 0.1153938959320376
5 0.7786003952569169 0.4625075 0.0001 0.0001 0.0514205344658778 0.0009849311905274 0.2559494598781702 0.0749322998777649 0.2523087782781961 0.2383019565475037 0.2916469787073124 0.2237497280218323 0.6566850904123019 0.3800240095275058 0.358662063688713 0.2916469787073124 0.291891270072 0.169422590567811
1 0.1897853754940711 0.5333266666666666 0.0001 0.0001 0.0058022824056391 0.0001784116080149 0.0075519258226977 0.0001641053640869 0.0031977538140202 0.0001 0.0089347573722624 0.0001 0.8115048523310763 0.1600680052930587 0.5559660477697453 0.0089347573722624 0.7777222444399999 0.1595166296875821
2 0.5612525691699605 0.0375925 0.0001 0.0001 0.0381153711396543 0.0008564245434591 0.0286657599553689 0.0007699510939917 0.8876064752094959 0.8516314655683264 0.9454190136530264 0.8596318827831058 0.302278384455375 0.6187997669476484 0.3339990733620564 0.9454190136530264 0.1815389849439999 0.1204885382829341
6 0.7983592885375494 0.5083316666666666 0.0001 0.0001 0.0020007605509793 0.0002371917203976 0.0013419875104335 0.0001981408812104 0.0021651692093468 0.0001 0.005989838027306 0.0001 0.8189660471126147 0.1506581228778463 0.5635546634614828 0.005989838027306 0.88881112222 0.1595166296875821
2 0.7232754940711463 0.0167633333333333 0.0001 0.0001 0.0153061128736244 0.0003539026299643 0.0174877307152763 0.0001854741659383 0.9813134541150568 0.9796447891275916 0.9947463770659324 0.9671707492713716 0.5093264913784619 0.4282496504214726 0.4307538999544296 0.9947463770659324 0.1051532491472 0.1202277897303277
1 0.8892501976284585 0.4125175 0.0001 0.0001 0.0115045634427307 0.0001896132331778 0.0112778868338057 0.0002522501969005 0.0117165761927056 0.0009102106953842 0.0295491914617438 0.0032170693104499 0.755545902381536 0.2200560010586117 0.5161258209372993 0.0295491914617438 0.97768224444 0.1491792545783451
0 0.7983592885375494 0.7124575000000001 0.0001 0.0001 0.1274509482937658 0.0026979639050762 0.0808291939906836 0.0013297014255141 0.3829307379135783 0.360643752518669 0.4514088589690069 0.3312885945100983 0.5578242532615386 0.5505781355811874 0.1841239454647139 0.4514088589690069 0.30676025568 0.1786590142891425
2 0.9090090909090908 0.0084316666666666 0.0001 0.0001 0.0438174349198166 0.0006788136259345 0.022455775008958 0.0008601951236252 0.8272002394181329 0.7770920970517998 0.8997728284103621 0.7972904474802666 0.2239358602338317 0.6752590466183586 0.3226161455558547 0.8997728284103621 0.215144712454 0.1162961010301837
0 0.1621229249011857 0.7916083333333334 0.0001 0.0001 0.0723288862937557 0.0021348819919848 0.0969749952311183 0.0035064916349863 0.4136501197090664 0.3833296732817639 0.4904290096441162 0.3609007580440916 0.4925388052184618 0.5976275317780734 0.1746381694471486 0.4904290096441162 0.30664727828 0.1682246746232008
2 0.8734430830039526 0.1125775 0.3333666566686669 0.0001 0.0191076205638168 0.0005069770436123 0.0472955158282039 0.0005965574626311 0.7910597869669959 0.7325304435431964 0.8710597579516954 0.7614442007312797 0.1773033949476789 0.7023124841011031 0.3264104491331276 0.8710597579516954 0.235813087952 0.1132571677059383
6 0.1660747035573122 0.5874825 0.0001 0.0001 0.0666266206528244 0.0018213220187908 0.0274237245141537 0.0006983167561513 0.0106839926335241 0.0073918963313767 0.0192419727604862 0.00477560414101 0.8077742557796916 0.1753590624975349 0.535097357605485 0.0192419727604862 0.648647494554 0.1865660483991393
1 0.1107498023715415 0.3083716666666666 0.0001 0.0001 0.0970387759198727 0.0030660076826647 0.0535054605342198 0.002300194913976 0.0284960778482595 0.0154940040144084 0.0450100138814726 0.0234780193023688 0.7350276146338451 0.2177035328366851 0.5407888180937093 0.0450100138814726 0.762910347412 0.1132804143583592
1 0.0001 0.2917083333333333 0.0001 0.0001 0.4163665687389059 0.2697350585932458 0.2062699201146633 0.1482047123738988 0.1487921858609507 0.1021865486392751 0.2025631759767071 0.1364717845238726 0.464559339476919 0.424720937502465 0.4819770580079541 0.2025631759767071 0.59526314356 0.101775335560366
2 0.3636636363636363 0.075085 0.0001 0.0001 0.0419167891899797 0.0013396567137808 0.0311497257656567 0.0012352044662215 0.8956089768833146 0.8678356634338384 0.9461551697742624 0.8674245060887136 0.3563720193415368 0.5858651906684401 0.3321019044990368 0.9461551697742624 0.166551043132 0.1253826048241332
4 0.1028462450592885 0.1625675 0.0001 0.0001 0.0362144551216692 0.0005667359477811 0.022455783951268 0.0004525795374372 0.1606669037614842 0.1580910823185662 0.1988820309368038 0.1224449728021832 0.7648723937599979 0.352970603803114 0.2922616657145225 0.1988820309368038 0.418762690712 0.2187899369553938
6 0.9722375494071148 0.4041858333333333 0.3333666566686669 0.0001 0.0248098844940636 0.0007166001122899 0.0472955314772464 0.0015072184761087 0.1012932863790329 0.0827414893249715 0.1363024989977724 0.0819230707143236 0.6734727765723021 0.3235646980984429 0.4326510688174492 0.1363024989977724 0.4560388939799999 0.1540171095390693
0 0.916912648221344 0.774945 0.0001 0.5 0.1331531865637454 0.0029089150690357 0.0448115500179161 0.001012235876902 0.3467902715225491 0.3233740609685094 0.4072350389773561 0.304793511157334 0.5615548800307585 0.5035286970398312 0.2562157475816642 0.4072350389773561 0.294697048804 0.1680761981702651
4 0.0159071146245059 0.3375325 0.0001 0.0001 0.0457182585608397 0.0005928725556448 0.0485375132646016 0.0010215145726258 0.1304637998056948 0.1370256178015041 0.1576531733595495 0.0951706088840028 0.8376190318840608 0.2929825900411612 0.3150275213269258 0.1576531733595495 0.42887432798 0.2511771898928853
6 0.7430343873517787 0.5416583333333334 0.0001 0.0001 0.0001 0.0001 0.0001 0.0001000000114629 0.0001 0.0001 0.0001 0.0001 0.8338884349969222 0.1318383580474214 0.5787318931375188 0.0001 0.0001 0.5110522054750354
6 0.2213996047430829 0.325035 0.0001 0.0001 0.0590235758486666 0.0014173265357787 0.1379606088292789 0.0034920411764806 0.1185890819051613 0.0948946523078983 0.1628067697893463 0.0943913493588043 0.6324362010769206 0.3717903495785273 0.3966051336102077 0.1628067697893463 0.477493022296 0.1535830769145537
2 0.4743134387351778 0.1833966666666666 0.0001 0.0001 0.0514205789436744 0.0030012228125242 0.0323917232020544 0.0009547372291067 0.7185207013251962 0.6563706698239115 0.8224686500510409 0.6671528513724753 0.1754381151384412 0.7999399894138824 0.1708438317211095 0.8224686500510409 0.27484039093 0.1332291808532489
0 0.4743134387351778 0.7416183333333334 0.0001 0.0001 0.0780311895697455 0.0023130013695016 0.1106368999641677 0.002990411197604 0.4327529434337086 0.3995338930229651 0.5139883909080383 0.3780446569604159 0.4664246192861567 0.6235046928053841 0.1594609380636741 0.5139883909080383 0.30544336911 0.1662826979552535
5 0.8102146245059288 0.3916883333333333 0.0001 0.0001 0.0096037877008732 0.0001634761716471 0.0137618676224628 0.0002095134441961 0.3498880222000937 0.333096608855402 0.4035539071895883 0.3086898578771673 0.6063220319323015 0.4717703442854685 0.2619072370963398 0.4035539071895883 0.2771503288499999 0.1767092495730196
5 0.9050573122529644 0.4416783333333333 0.0001 0.0001 0.1122448997418779 0.0010365280995209 0.0323916494279969 0.0007206975393965 0.2721860396722243 0.2447836429856049 0.3299309401308472 0.2369972802183232 0.5578242532615386 0.4729465678103143 0.3093360659610166 0.3299309401308472 0.335058874824 0.1575294017742002
6 0.9524786561264824 0.5708191666666667 0.0001 0.0001 0.0001 0.0001 0.0001 0.0001000000114629 0.0001 0.0001 0.0001 0.0001 0.8338884349969222 0.1318383580474214 0.5787318931375188 0.0001 0.0001 0.5110522054750354
2 0.1700264822134387 0.0375925 0.0001 0.0001 0.0210083518278778 0.0001634763531139 0.0323916360145319 0.0005060004314407 0.7936412458649496 0.748734670576294 0.8769496695283528 0.7474173890095903 0.2705682751569261 0.7187797510684719 0.2049925980653313 0.8769496695283528 0.22419437216 0.1364493877126182
4 0.4585063241106719 0.5666533333333333 0.0001 0.0001 0.0210083655133536 0.0002082826218914 0.0174878266215511 0.0005060004819237 0.0473407445311927 0.0398003263343138 0.0729867446768281 0.0273743555020933 0.7667376903569217 0.2659291843167695 0.4307538999544296 0.0729867446768281 0.64364921441 0.2117179192434412
0 0.0475213438735177 0.74995 0.0001 0.0001 0.1217486758100967 0.0055514751547011 0.1739782550376238 0.028968766589806 0.1764138239488404 0.1718646650880442 0.1981458085548909 0.1575120021064067 0.7462194059667682 0.2776915360125203 0.4326510688174492 0.1996182533187168 0.23716517748 0.1991503425454099
3 0.0593766798418972 0.9790708333333332 0.3333666566686669 0.0001 0.081832699997033 0.0011940279650554 0.0386016075474777 0.0013634097625811 0.0656691257074864 0.0697781164487691 0.0670969059869152 0.0601035795797792 0.8413496289390762 0.1541868294451833 0.535097357605485 0.0685693706289442 0.163418789708 0.3112215139300904
3 0.2332549407114624 0.7082916666666667 0.3333666566686669 0.0001 0.0571228137922849 0.001309779409054 0.0597154007690807 0.001606474608172 0.1369174609904712 0.1248724402347847 0.1186329961801694 0.1676424811350746 0.7070481438559965 0.0765552987257217 0.7969045707976883 0.1583894023675301 0.285733731826 0.8784895153782185
5 0.3399529644268774 0.5624875 0.0001 0.0001 0.032412913902061 0.000716600011475 0.1143628475618107 0.0034985661710345 0.3008402613192955 0.2690899616595621 0.370423568700121 0.2572582242488472 0.5186529743630809 0.5364632733190395 0.246729988638482 0.370423568700121 0.347484249252 0.1616235652724922
2 0.4189885375494071 0.0417583333333333 0.0001 0.0001 0.0229089517113706 0.0006206060010926 0.026181736020066 0.0003944226134937 0.8837342798926192 0.8443395692369496 0.9402653907189588 0.8604111002278689 0.2798947917169174 0.6117423411096332 0.3681478397062783 0.9402653907189588 0.184085085622 0.1131950983047449
3 0.2016407114624505 0.6624675 0.0001 0.0001 0.0191076082468885 0.0005591313582363 0.0212137856206394 0.0003810333212074 0.1774464075080219 0.1467481292289151 0.1679603860973462 0.2167363221609876 0.5652854564369199 0.1283096521152514 0.8576134963315865 0.2047718762527844 0.3491418576639999 0.9481250557280002
2 0.9248162055335968 0.10008 0.0001 0.0001 0.0153061128736244 0.000398711983678 0.0274237066295337 0.0005380565117465 0.6826384435534761 0.6053273955042738 0.8084802591430025 0.6227346025647824 0.0821731174153908 0.896391271201816 0.1101349232615945 0.8084802591430025 0.3195348802439999 0.1336952216843831
2 0.916912648221344 0.2917083333333333 0.0001 0.0001 0.0210084390727864 0.0004323174943008 0.0236978015078632 0.0004979881440115 0.6302347651955 0.5518535133804984 0.7716687424832934 0.5549383575989599 0.0914996843384405 0.9587318061162836 0.0001 0.7716687424832934 0.350068672264 0.1447571202581716
6 0.9801411067193676 0.5958141666666666 0.0001 0.5 0.144557803379832 0.0184109755825847 0.0386016142542103 0.0023890942506693 0.030044951096048 0.0187348465042694 0.0508998512461719 0.0188024158626994 0.7462194059667682 0.2388757680062601 0.4952571290656006 0.0508998512461719 0.8152808312200001 0.1592787249573187
3 0.1700264822134387 0.7332866666666666 0.0001 0.0001 0.049519786094972 0.0004470703447873 0.0187298162334275 0.0008409473416556 0.1061980652550911 0.0965150720944495 0.0847664220566537 0.1380303246144871 0.7331623180369214 0.0542068273279598 0.8063903297408703 0.130412673559995 0.3555549247939999 0.8532031496416067
3 0.1147015810276679 0.9999 0.0001 0.0001 0.0837334483679388 0.0019970197213846 0.1789462000716645 0.001257893383024 0.1441455459047419 0.1564706698239114 0.1178967671721887 0.1598498087356255 0.8730597021439997 0.0400920021172235 0.6868696560732853 0.151027105661656 0.231470356672 0.7270799727212695
3 0.8418288537549408 0.9374125 0.0001 0.0001 0.0172068448219592 0.0003576383264079 0.0845551415883266 0.0010829493046065 0.1157494701474661 0.0940844424146227 0.09728232844446 0.1559534550023864 0.6473585906399969 0.0706741239364581 0.8670992723491517 0.1473459407435497 0.419613140588 0.8982186555576362
5 0.6837577075098815 0.3541958333333333 0.6666333133373338 0.0001 0.0761304343561018 0.0007941406895747 0.0212137775725603 0.00073451008081 0.3844796132523505 0.3946726044957261 0.4042901295715012 0.3531080856446426 0.7816600765624608 0.3176835275436263 0.3321019044990368 0.4042901295715012 0.1746436042959999 0.2222787979076513
0 0.901105533596838 0.7666133333333334 0.0001 0.0001 0.1426570173738676 0.0023964781302434 0.0920070725528526 0.001720960367152 0.3325922475838032 0.3096004781990314 0.3903017717938014 0.2931045271050809 0.5690160496307676 0.4870614300724622 0.2751872825424116 0.3903017717938014 0.290320084372 0.1665142245426145
2 0.2530138339920948 0.2458841666666666 0.0001 0.0001 0.0229090830919388 0.0002792251860064 0.0249396849298083 0.0005060002655681 0.7843480077722078 0.7584572184631866 0.8467642205665374 0.7419625021991426 0.4048697980122997 0.616447319897957 0.2334499431924103 0.8467642205665374 0.186161590238 0.1465480524314356
0 0.4822169960474308 0.7166233333333334 0.0001 0.0001 0.038115206913944 0.0007571644022335 0.1416865899605844 0.0267357661297677 0.2249453000199938 0.2148058404749258 0.259252862599758 0.1980338901674547 0.6921257425415398 0.3494418802979889 0.3719421432835511 0.259252862599758 0.26648281278 0.180266272731401
6 0.8299735177865613 0.5958141666666666 0.0001 0.0001 0.003901521717805 0.0001298710854551 0.0087939134225544 0.0001454079646435 0.0019070229710541 0.0001 0.0052536083567186 0.0001 0.8208313453883069 0.1483056525386961 0.5654518169575573 0.0052536083567186 0.5555444888800001 0.1595166296875821
4 0.2332549407114624 0.5 0.0001 0.0001 0.0115045634427307 0.0001896132170475 0.0075519231400047 0.0001641053424513 0.0364986074018623 0.0527636962937576 0.0361752591596372 0.0211402175825341 0.9346145519569232 0.1388957701234837 0.4649026748358431 0.0479549338890358 0.58133293016 0.4067825871444134
6 0.3004351778656126 0.5166633333333334 0.0001 0.0001 0.0077030417249256 0.000129871078398 0.0050679497287534 0.0001213684556065 0.0055210692616597 0.0001 0.0155608257327626 0.0001 0.7947171678498449 0.1812402383454103 0.5388916663050728 0.0155608257327626 0.9999 0.1595166296875821
6 0.8102146245059288 0.5083316666666666 0.0001 0.0001 0.0020007605509793 0.0002371917203976 0.0013419875104335 0.0001981408812104 0.0026814614071343 0.0001 0.0074622980310876 0.0001 0.8152354488824611 0.1553630646147584 0.5597603547618948 0.0074622980310876 0.9999 0.1595166296875821
5 0.6639988142292491 0.5 0.0001 0.0001 0.0818326931542951 0.0019820786494633 0.2062699201146633 0.0016254552631706 0.2489528956507481 0.2237181493009574 0.3034266693392734 0.2151777750569672 0.5802078459999963 0.4517743432268568 0.3207189937672183 0.3034266693392734 0.338651086238 0.1603910562949292
6 0.525686561264822 0.3416983333333333 0.0001 0.0001 0.01340532686766 0.0003529691544797 0.0199717948909742 0.0004925632164028 0.1459525741032556 0.121631615245475 0.1959371082788136 0.1162108264665369 0.6193791081107679 0.4059011917270517 0.3548677601114401 0.1959371082788136 0.443391084048 0.1609117309553993
4 0.6047221343873518 0.4541758333333333 0.0001 0.0001 0.0153060834498513 0.0001298710501698 0.0100359012459688 0.0001854737548628 0.0416615300767321 0.0568147486768942 0.0450100138814726 0.0234780193023688 0.9252880639359984 0.1577155338952968 0.4440339795492677 0.0516360815793661 0.56943051112 0.3733509535896443
3 0.7311790513833992 0.8624275 0.0001 0.0001 0.0400159689703257 0.0008505107913193 0.0261817337844885 0.0005727765777925 0.0956140768035345 0.0778802299653179 0.0840301930486731 0.124782779431402 0.6809339629599971 0.0989037690648719 0.7874187947801231 0.1178967671721887 0.401366560634 0.9109757805919784
3 0.916912648221344 0.7207891666666667 0.0001 0.0001 0.0172068516646972 0.0001784115838193 0.0174878232681848 0.000666263755306 0.0827067614039275 0.0713985435272167 0.065624447970954 0.111535227234911 0.729431719806768 0.0694978866496595 0.7855216429914866 0.1053808541583147 0.40557443889 0.8683365860909701
4 0.098894466403162 0.2333866666666666 0.3333666566686669 0.0001 0.0343136896439185 0.0009961339448173 0.05474745573504 0.0023971078434435 0.1394989198884251 0.1426970797625371 0.1716415377633171 0.1021840147448475 0.8115048523310763 0.3188597616545896 0.2998502899434513 0.1716415377633171 0.43695181216 0.2386044267575991
0 0.3636636363636363 0.7666133333333334 0.0001 0.0001 0.0628251204896438 0.0013162951774213 0.0907650818231874 0.0016311230570827 0.4293970538363146 0.3987236758377932 0.5080985455920578 0.3749275697657811 0.4850776020430806 0.6105660964125524 0.1613580727779273 0.5080985455920578 0.305631741428 0.1691307737454348
1 0.2925316205533597 0.5 0.0001 0.0001 0.0077030420670625 0.0001298710915039 0.0075519251520245 0.0001320526661393 0.0037140459421083 0.0001 0.0104072167134372 0.0001 0.8077742557796916 0.1647729470299709 0.5521717407775959 0.0104072167134372 0.9999 0.1595166296875821
2 0.2925316205533597 0.1584016666666666 0.0001 0.0001 0.0286114958517355 0.0004920573847777 0.0261817650825735 0.0006048307108985 0.8881227669890865 0.8532518707710849 0.9483639031806782 0.8565148096152825 0.3097395876307562 0.6305621080572816 0.3074389141723802 0.9483639031806782 0.182461680368 0.1253693617853172
2 0.3636636363636363 0.075085 0.0001 0.0001 0.0419167891899797 0.0013396567137808 0.0311497257656567 0.0012352044662215 0.8956089768833146 0.8678356634338384 0.9461551697742624 0.8674245060887136 0.3563720193415368 0.5858651906684401 0.3321019044990368 0.9461551697742624 0.166551043132 0.1253826048241332
6 0.2332549407114624 0.4375124999999999 0.0001 0.0001 0.0248098998902239 0.0004928571897748 0.0174878165614523 0.0003482794005373 0.163248369629384 0.1410766672678822 0.2084530212926876 0.1364717845238726 0.628705607883073 0.3870814036071682 0.3757364468608239 0.2084530212926876 0.392170900134 0.1577403001046476
0 0.1423640316205533 0.6416383333333334 0.0001 0.0001 0.081832706839771 0.0082734679118588 0.3677283125671856 0.0173336489468861 0.2497273333201342 0.2245283737780257 0.284284688627506 0.2369972802183232 0.5802078459999963 0.3564992849637688 0.4743884423162168 0.284284688627506 0.27369187068 0.0964472363946513
0 0.2411584980237154 0.7957741666666667 0.0001 0.0001 0.087534999851654 0.0018222885313209 0.0336336490999721 0.0009152189525391 0.4216526492626692 0.3914317795064164 0.4963188218297583 0.3710312510995713 0.490673508621538 0.5893938612429773 0.1898153666818568 0.4963188218297583 0.2979199241 0.1651867315895639
2 0.5612525691699605 0.0542558333333333 0.0001 0.0001 0.0438174759762442 0.0010148001276168 0.0199717814775092 0.0009226911516386 0.889671628387967 0.8581131155469458 0.938792945955133 0.8666452886439504 0.3321231300061554 0.577631520133344 0.3700449914949146 0.938792945955133 0.169463040616 0.1167399694224384
4 0.57310790513834 0.5374924999999999 0.0001 0.0001 0.0362144551216692 0.0005667358268032 0.0224557772445355 0.0005166847241887 0.0442429924596589 0.0576249607577387 0.04869116422223 0.0265950882621484 0.9122309676123086 0.163596710801784 0.4478282916637322 0.0545809995991089 0.5370095965999999 0.3584354314279212
2 0.2253513833992095 0.1958941666666666 0.0001 0.0001 0.0191076205638168 0.000506975722937 0.0199718373669467 0.0007206975826676 0.8574033573138143 0.8208434750400606 0.910816164139056 0.8346952974405206 0.3078742574584602 0.5905701059400582 0.3738392950721875 0.910816164139056 0.18103610554 0.1140321456377659
3 0.8813466403162056 0.9624075 0.0001 0.0001 0.0647258551750737 0.0009363897192993 0.0497794950519568 0.0024612137008972 0.0819323307044874 0.0632964373025643 0.0715142866608668 0.1107559606963067 0.6790686663630734 0.1012562415212456 0.7855216429914866 0.1046446251503341 0.454556260566 0.9116326453880034
2 0.4624581027667984 0.1125775 0.0001 0.0001 0.0267106345756539 0.0006884867256955 0.0199717814775092 0.0008702655363813 0.8703106518035834 0.8265149370010936 0.938792945955133 0.8385916652005715 0.253780588996926 0.6658491631445344 0.3074389141723802 0.938792945955133 0.200032175566 0.121159183224546
3 0.4466509881422925 0.9624075 0.0001 0.0001 0.0932372689139542 0.0025732594922913 0.1044269686716168 0.0014851424945455 0.1678949956457008 0.1402664427908139 0.1488184120116464 0.2143985085183629 0.5895343457723015 0.080084004234447 0.9107337976365556 0.2025631759767071 0.37172056102 0.9131736382824222
1 0.4466509881422925 0.3791908333333333 0.0001 0.0001 0.0381152137566819 0.0013396501608117 0.0261817337844885 0.0007330404497584 0.0282379298674804 0.0073918963313767 0.0560534642411379 0.0188024158626994 0.6809339629599971 0.2718103548715861 0.5085372086604386 0.0560534642411379 0.89113945646 0.1223024485552336
1 0.320194071146245 0.4541758333333333 0.0001 0.0001 0.1939776031602799 0.0474157907875864 0.1329926682663932 0.0434165206512298 0.0486314760711534 0.0244063208615261 0.0847664220566537 0.0336084941229931 0.6510891838338445 0.3165073040187806 0.4667998300393561 0.0847664220566537 0.8228279215000001 0.1350551424587169
1 0.2095442687747035 0.4791708333333333 0.0001 0.0001 0.0229091241483664 0.0004136465429561 0.0112778868338057 0.0002201975782833 0.0099095535701488 0.0001 0.0243955817798116 0.0039963369010651 0.7630070921267683 0.2035887097431723 0.535097357605485 0.0243955817798116 0.9999 0.1367661632152472
3 0.3162422924901186 0.9082516666666668 0.3333666566686669 0.0001 0.0837334620534147 0.000891583742885 0.0460535318052713 0.0024211473236331 0.076253114159043 0.0543841189970674 0.0707780576528861 0.1029632882968577 0.6585503702215395 0.123604710801784 0.7703444116080121 0.09728232844446 0.4961427416059999 0.940310907520168
2 0.5493972332015811 0.0584216666666666 0.0001 0.0001 0.0343136468768065 0.0015786217196938 0.0249397408192459 0.0001854731094021 0.8922530872859207 0.8589233618997032 0.9432103465072876 0.8689830321525165 0.3190660706153752 0.5870414141932858 0.3681478397062783 0.9432103465072876 0.172569139272 0.1158504199025779
1 0.5059276679841896 0.3333666666666666 0.0001 0.5 0.9333734648813996 0.7584707349465334 0.5652043400501652 0.2726571344176832 0.3088427839029523 0.2804328928735242 0.3490729075904793 0.2931045271050809 0.5391712872923009 0.3976675211919557 0.4497254468672452 0.3490729075904793 0.348914953054 0.1216041090457556
2 0.2648691699604743 0.2875425 0.0001 0.0001 0.0400159689703257 0.0002680236919028 0.0386016500234503 0.0013313569780913 0.7742802692805661 0.7503550830709488 0.8438193045346148 0.7224808036670053 0.4216574841722998 0.6482056726523195 0.1651524105039665 0.8438193045346148 0.198112449588 0.158794523203499
2 0.6086739130434783 0.2875425 0.0001 0.0001 0.0343136468768065 0.0002792281298017 0.0323916941395469 0.0006021569603117 0.6715381493824369 0.6012763095784142 0.7908107629514671 0.6118248289438868 0.1344014892800011 0.862280471397762 0.1120320750502309 0.7908107629514671 0.309097508136 0.136972059738892
3 0.6402881422924901 0.6458041666666667 0.0001 0.0001 0.0609243310623104 0.0012052309209751 0.0547474624417725 0.0008585799574151 0.1183309360153659 0.0900333856563483 0.108325776816305 0.1559534550023864 0.600726125353844 0.1118423591060331 0.8481277203140212 0.1473459407435497 0.44622445726 0.9333231148637016
4 0.7311790513833992 0.4958341666666667 0.0001 0.0001 0.0172068516646972 0.0002232182296446 0.0087939134225544 0.0002095133360183 0.0372730464652377 0.0503330644263619 0.0413288661911423 0.0203609496412486 0.9122309676123086 0.1600680052930587 0.4535197470296414 0.0464824738852542 0.5879454074 0.3618332527825388
1 0.1265569169960474 0.5458241666666667 0.0001 0.0001 0.0647258620178117 0.0014882824881135 0.0199717989150137 0.0011161254070499 0.0269472004185035 0.0122531600661682 0.0479549338890358 0.0188024158626994 0.7238358300159966 0.2388757680062601 0.5180229744333741 0.0479549338890358 0.8135175839400001 0.1282625041904806
0 0.1739782608695652 0.8082716666666667 0.0001 0.0001 0.0666266480237761 0.0023129999580929 0.0746192649337102 0.0019244705884449 0.3504043279195764 0.3274251323105764 0.4094437525055688 0.3094691174023657 0.5634201766276823 0.4976475476572497 0.263804371810593 0.4094437525055688 0.287615015494 0.167865736239069
5 0.0712320158102766 0.3791908333333333 0.0001 0.0001 0.1331532755193385 0.0016128449535069 0.026181736020066 0.0005497379366864 0.4069383265743866 0.369556090512286 0.4867478314738745 0.3577836989030802 0.4459063735076812 0.6105660964125524 0.2011983286368248 0.4867478314738745 0.3170505972 0.1582322395528833
3 0.4031814229249011 0.6791308333333334 0.3333666566686669 0.0001 0.049519782673603 0.0012769739353026 0.0373596235245451 0.0010122351557169 0.1616994803507197 0.1507992005709822 0.1318851315759563 0.2034887699644966 0.7070481438559965 0.0271534163105093 0.8765850312923338 0.1922559632389104 0.328004645952 0.8523999736043154
2 0.6284328063241107 0.0792508333333333 0.0001 0.0001 0.0077030129854263 0.0003743824124832 0.0137618251464903 0.0005410881576644 0.7753128667796396 0.71227518891941 0.8548627330282568 0.7505344271103841 0.1511891754400013 0.6964312817879336 0.3624563672659858 0.8548627330282568 0.242901869912 0.1073333835623026
1 0.2293031620553359 0.4541758333333333 0.0001 0.0001 0.0742296620356132 0.0021022480043931 0.0323916673126169 0.0014484997273158 0.1330452656735946 0.0770700127801459 0.2194964564123972 0.0951706088840028 0.4048697980122997 0.577631520133344 0.2960560034405617 0.2194964564123972 0.68123014672 0.1365443045497595
1 0.1344604743083003 0.40002 0.0001 0.0001 0.3498398967655469 0.0151895914366416 0.2199317801361626 0.0127546931274983 0.0664435564069266 0.0535739076454125 0.0810852703906828 0.0632206527476024 0.7238358300159966 0.2177035328366851 0.5521717407775959 0.0810852703906828 0.6749209088200001 0.092618386856517
1 0.4229403162055336 0.5541558333333334 0.0001 0.0001 0.0134053251569755 0.0002530892838471 0.0050679499523111 0.0001534211218219 0.0068118001046258 0.0001 0.0192419727604862 0.0001 0.7853906764713828 0.1930025921583847 0.529405898824699 0.0192419727604862 0.9999 0.1595166296875821
6 0.5375418972332016 0.5416583333333334 0.0001 0.0001 0.0020007607904751 0.0002371917304791 0.0013419875104335 0.0001981408812104 0.0003581461476833 0.0001 0.000836229736848 0.0001 0.832023136553353 0.1341908285982939 0.5768347394707002 0.000836229736848 0.111188887778 0.1595166296875821
2 0.8536841897233202 0.1417383333333333 0.3333666566686669 0.0001 0.0305121402130248 0.0003090978230029 0.0348756890123423 0.0006983155301366 0.8470775217219991 0.8103107318436851 0.9100800080178204 0.8144343744502143 0.3097395876307562 0.6340908103901717 0.301747475880854 0.9100800080178204 0.190974247514 0.126237359896002
2 0.7311790513833992 0.1459041666666666 0.0001 0.0001 0.0229090386141423 0.0005032555217448 0.0236978573973007 0.0007223453464454 0.9446567656438968 0.9439954371531234 0.964560994364794 0.922752535530708 0.5279795077107582 0.4505981091158935 0.3757364468608239 0.964560994364794 0.110730779418 0.1363169237552851
4 0.1147015810276679 0.3791908333333333 0.0001 0.0001 0.0419167139198625 0.0002194842672173 0.029907692560019 0.0006769479687236 0.1413059480869387 0.148368563599259 0.1657516924473365 0.1084181610804938 0.8376190318840608 0.2823964724563737 0.3321019044990368 0.1657516924473365 0.381083228112 0.250035569451683
4 0.893201976284585 0.4375124999999999 0.0001 0.0001 0.0134053189985114 0.00025308930401 0.0050679506229844 0.0001534211723049 0.0377893368508392 0.0479024296422077 0.0450100138814726 0.0203609496412486 0.8917126865796924 0.1753590624975349 0.4497254468672452 0.0457462448772736 0.58001044471 0.3275718329069055
2 0.8220699604743084 0.2292208333333333 0.0001 0.0001 0.0362144619644071 0.0005667376414716 0.0249397967086834 0.0005380514273914 0.6514027002789373 0.5769700492396276 0.7775586275556802 0.588446797718728 0.1120179301169159 0.8905100900608819 0.0892662535865939 0.7775586275556802 0.325746017768 0.1376212539788476
6 0.9603822134387352 0.2958741666666666 0.0001 0.0001 0.0210083620919847 0.001128480530945 0.0609573825564358 0.0019271078903353 0.1082632323734541 0.0851721262966947 0.1488184120116464 0.0873779434979596 0.6398974042523018 0.3517943696921507 0.4212681410112475 0.1488184120116464 0.48160497974 0.1467205308431887
1 0.9248162055335968 0.2917083333333333 0.0001 0.0001 0.0476190171958524 0.0005219286103656 0.0174878239388581 0.0003136845682886 0.0243657387325713 0.0073918963313767 0.0494273945554242 0.0141268117216894 0.7089134337378459 0.2576955349539086 0.5028457413424613 0.0494273945554242 0.881140696612 0.1337122580397674
3 0.1858335968379446 0.674965 0.0001 0.0001 0.0400159689703257 0.0011785051911107 0.0323916807260819 0.0012842153420216 0.1340778422628301 0.1200111881670274 0.1090620058242856 0.1738766204573149 0.6939910559261498 0.043620715036231 0.8633049346231124 0.164279241057443 0.349685848844 0.8634542351912076
4 0.3834225296442687 0.3875225 0.0001 0.0001 0.0761304240919949 0.00375920877729 0.0336336602778596 0.0010535671407601 0.1304637998056948 0.1402664427908139 0.1539720084414432 0.095949882436013 0.860002614214153 0.2753390572044761 0.3207189937672183 0.1539720084414432 0.41002729814 0.2682394271097262
0 0.557300790513834 0.6333066666666667 0.0001 0.0001 0.051420513937664 0.0009849314425647 0.3950520102544093 0.0024398842180588 0.2819955834844487 0.2553163715981877 0.3218324077909248 0.2650509036617021 0.5596895498584624 0.38943389300133 0.4421368277606313 0.3218324077909248 0.2690244043599999 0.1094405709160114
6 0.8181181818181819 0.0959141666666666 0.0001 0.0001 0.0590235826914046 0.0018450870164151 0.0100359012459688 0.0004619255702163 0.1007770015693881 0.0786904398585935 0.1392474216557627 0.0811437971623134 0.6492238872369207 0.3400319968241647 0.4307538999544296 0.1392474216557627 0.4799620084 0.1481052256673228
1 0.2885798418972332 0.4916683333333333 0.0001 0.0001 0.0077030420670625 0.0001298710915039 0.0025839749761555 0.0001213684635395 0.0037140459421083 0.0001 0.0104072167134372 0.0001 0.8077742557796916 0.1647729470299709 0.5521717407775959 0.0104072167134372 0.9999 0.1595166296875821
0 0.8536841897233202 0.7666133333333334 0.0001 0.0001 0.1445578375935217 0.0034108432633699 0.0535054717121073 0.0016159506201465 0.3142638615285473 0.2893452308671412 0.368214881676179 0.2806362344337885 0.5615548800307585 0.4647129502058062 0.3188218419785819 0.368214881676179 0.29299810866 0.1554586873271418
0 0.3636636363636363 0.7457841666666667 0.0001 0.0001 0.1882753409407176 0.0019375505189376 0.0584734189817255 0.0024327822032849 0.3736374858809446 0.3452497499626398 0.4433103133769491 0.32661301631869 0.5186529743630809 0.5541068379140774 0.2182727118089358 0.4433103133769491 0.3036407797 0.1665408448969392
3 0.3794707509881422 0.7291208333333333 0.0001 0.0001 0.0400159860771705 0.0007968474690597 0.0261817471979535 0.0008251807924119 0.1087795241530449 0.1013763387459995 0.0781403543587602 0.1481607826029373 0.7480847075999978 0.0106861175847875 0.8614077828344759 0.1399836440376756 0.4426720378859999 0.8238587911907949
0 0.8773948616600791 0.6249750000000001 0.0001 0.0001 0.0476190274599593 0.0031655152236763 0.2013019527248476 0.0224727737746098 0.293095877655488 0.2626082679295646 0.3461279650542859 0.2658301631869006 0.529844804307682 0.4553030561458643 0.3662506708432587 0.3461279650542859 0.308454776708 0.1279784250625203
6 0.1463158102766798 0.5124974999999999 0.0001 0.0001 0.0058022817213653 0.0002840620232094 0.0075519251520245 0.0002520392502509 0.0073280918842166 0.0001 0.0207144334268745 0.0001 0.7816600765624608 0.1977075349539086 0.525611588417673 0.0207144334268745 0.9999 0.1595166296875821
6 0.7983592885375494 0.5083316666666666 0.0001 0.0001 0.0039015210335312 0.0001298710894877 0.0025839749761555 0.0001213684635395 0.0042303384186936 0.0001 0.0118796760546121 0.0001 0.8040436592283068 0.1694778877082712 0.5483774337854463 0.0118796760546121 0.9999 0.1595166296875821
5 0.9366715415019764 0.2583816666666667 0.0001 0.0001 0.0780311211423662 0.0015164667072628 0.0336336625134371 0.0006637765320404 0.3034217341571413 0.2828635517209364 0.3512815879883535 0.2720643095225468 0.5951302355630727 0.4329545974514436 0.3358962251506928 0.3512815879883535 0.274379413144 0.1591776817460737
1 0.2688209486166008 0.5333266666666666 0.0001 0.0001 0.0970387690771348 0.001887709241091 0.0472955270060914 0.0013035765664116 0.1260753196791733 0.1167703413020287 0.1495546343935593 0.1099766941577024 0.729431719806768 0.2741628336796304 0.4554169022331545 0.1583894023675301 0.386634497636 0.2252386590444922
2 0.6837577075098815 0.1625675 0.0001 0.0001 0.0343137341217151 0.0008663095460767 0.0212138066350679 0.0007869859626706 0.7489819442008349 0.6903994999252796 0.8335120851707506 0.7146881032139328 0.1903604879138314 0.7140748252107364 0.2941588516519253 0.8335120851707506 0.2473873326399999 0.1187468185175388
0 0.1344604743083003 0.7416183333333334 0.0001 0.0001 0.0875349451097505 0.0029974912494917 0.1007009875403113 0.0111822088167191 0.2226219800418894 0.211564993609927 0.2555717308119902 0.1980338901674547 0.6865298527507686 0.3423844862183265 0.389016526455662 0.2555717308119902 0.26302855377 0.1716297972729831
4 0.2964833992094862 0.2208891666666666 0.0001 0.0001 0.0761304240919949 0.0056410872083446 0.0646833390963888 0.0032304769227263 0.1647972449681563 0.1589013067956345 0.2069805500245909 0.1255620459700063 0.7406235161759969 0.3729666048617258 0.2846730927087432 0.2069805500245909 0.4248343861299999 0.2161953419918274
2 0.5454454545454545 0.0209291666666666 0.0001 0.0001 0.0229091275697353 0.0004584565015593 0.0212138625245054 0.0001454082502328 0.978732064916563 0.9820753969317294 0.9932739323021066 0.9585988243601302 0.5447671938707582 0.4329545974514436 0.3871193746670256 0.9932739323021066 0.1016061487092 0.1362700611895383
6 0.885298418972332 0.1042458333333333 0.0001 0.0001 0.0153060885819048 0.0003743834407952 0.0087939134225544 0.0003363545179223 0.0553432740847954 0.0365594816568839 0.0906562607465665 0.0359462958428278 0.6865298527507686 0.3141548146246187 0.4345482035317025 0.0906562607465665 0.634893675868 0.1573500416819471
4 0.3043869565217391 0.40002 0.0001 0.0001 0.0286114034747735 0.0007608983243348 0.0361176305593024 0.0014916204678291 0.1198798043841922 0.1337847709365054 0.1370387412578885 0.0881572030231581 0.8917126865796924 0.2424044809252677 0.3415876805166021 0.1377749702658691 0.3952744493 0.2907545904627185
6 0.3083387351778656 0.5958141666666666 0.0001 0.0001 0.0381152137566819 0.0016981027104266 0.0038259630231277 0.0001560921823882 0.0052629226748697 0.0033408428544557 0.0104072167134372 0.0016585346201579 0.8189660471126147 0.1577155338952968 0.5521717407775959 0.0104072167134372 0.28893112222 0.1888486850364268
4 0.0514731225296442 0.4125175 0.0001 0.0001 0.0590235826914046 0.0054954631979198 0.0597154007690807 0.000837211963291 0.1250427361199918 0.1378358276947798 0.142192344313753 0.0943913493588043 0.8823861935224617 0.2435807044501134 0.3491762876711477 0.142192344313753 0.368874550336 0.2852834698347083
1 0.4940723320158102 0.5416583333333334 0.0001 0.0001 0.0476190069317455 0.0014628690659162 0.0199717989150137 0.0006983164676772 0.0228168606058206 0.0033408428544557 0.0508998512461719 0.0117890093005141 0.6921257425415398 0.2718103548715861 0.4971542859765519 0.0508998512461719 0.952995822712 0.1322035251207661
0 0.0356660079051383 0.6707991666666666 0.0001 0.0001 0.1464585346438931 0.0045247260189989 0.1491384762135604 0.0054083228029872 0.3121987083500762 0.2942065048105876 0.3623250429862663 0.2759606492289743 0.6100526251261491 0.4458931726720401 0.2998502899434513 0.3623250429862663 0.278088521174 0.1665564881316369
6 0.2213996047430829 0.3416983333333333 0.0001 0.0001 0.01340532686766 0.0004928571292858 0.0050679454811561 0.0002241393598312 0.1250427361199918 0.0965150720944495 0.1797400502250364 0.0943913493588043 0.5969955321599965 0.4235447033915017 0.3491762876711477 0.1797400502250364 0.51190241904 0.1568206893902123
6 0.6165774703557312 0.3083716666666666 0.0001 0.0001 0.0419167344480763 0.0013513808827788 0.0050679524114464 0.0002241395112801 0.132012682114413 0.1062375981056531 0.1782676054612105 0.1076388875284836 0.6137832183199966 0.3847289565574767 0.3947079818215713 0.1782676054612105 0.459032655108 0.1483519758747169
6 0.3676154150197628 0.5166633333333334 0.0001 0.0001 0.0780311895697455 0.0013732542902703 0.0125198737629892 0.0003777897910993 0.0153306228318086 0.0057714750864463 0.0324941094814866 0.0063341386208998 0.7630070921267683 0.2177035328366851 0.5123315156525882 0.0324941094814866 0.887929438592 0.1567338962929784
3 0.1779300395256917 0.9332466666666668 0.0001 0.0001 0.0666266206528244 0.0019557412586274 0.0386016142542103 0.0026775683014181 0.0759949682692476 0.0551943259735844 0.0619433029310508 0.1107559606963067 0.6660115733969209 0.0824364777494324 0.8291561853532738 0.1046446251503341 0.52039532012 0.8998239334186776
3 0.8418288537549408 0.9790708333333332 0.0001 0.0001 0.0970387690771348 0.0020333816426719 0.0671673093778317 0.0015343340993384 0.1222031243622966 0.1038069684258263 0.1024359381263922 0.1606290752742299 0.6678768699938447 0.0659691811409342 0.8538191586055471 0.1517633346696367 0.39156934047 0.8858266959890495
2 0.9129608695652174 0.0834166666666666 0.0001 0.0001 0.0191075760860202 0.0004470712117956 0.0174878165614523 0.0003482794005373 0.801385622558811 0.7430631867395721 0.8784221142921789 0.774691682793712 0.1754381151384412 0.6905501429914697 0.3472791529568945 0.8784221142921789 0.23137378599 0.1107604604513388
2 0.9603822134387352 0.2833766666666666 0.0001 0.0001 0.0191075760860202 0.0002194837833058 0.0236977143203407 0.0004338836856571 0.6235229163012522 0.5364595181163656 0.7643064921598932 0.557276101107526 0.0336753723200003 0.954026795569607 0.0665003979741905 0.7643064921598932 0.362199095694 0.1348034575828667
1 0.3834225296442687 0.5541558333333334 0.0001 0.0001 0.0077030417249256 0.0001298711025936 0.0075519251520245 0.0001641053424513 0.0070699459944212 0.0001 0.0199782030936803 0.0001 0.7835253765169219 0.1953550635561467 0.527508743621186 0.0199782030936803 0.9999 0.1595166296875821
5 0.1226051383399209 0.3208691666666667 0.0001 0.0001 0.0286113644711673 0.0004524517034755 0.0249397698817534 0.0006193120433394 0.4688934098247377 0.4222197846184748 0.5633157543209444 0.4131116862646395 0.3619679427076805 0.6952550370908527 0.149975179120492 0.5633157543209444 0.320157595676 0.1532002708482973
3 0.1779300395256917 0.9457441666666666 0.0001 0.0001 0.0362144551216692 0.0009345048837653 0.0485375199713341 0.0014145017623018 0.092516319156044 0.0705883336339411 0.0840301930486731 0.1224449728021832 0.6529544804307683 0.1130185932169965 0.7931102501460322 0.1156880735221791 0.445520038172 0.9320475198523736
0 0.0870391304347826 0.7374525000000001 0.0001 0.0001 0.0571228377418677 0.0005928717894515 0.1652843624059402 0.0269414380313599 0.2133287140693637 0.2002220478121722 0.2504181277561257 0.186344885074984 0.6753380563815397 0.3600279978827764 0.3719421432835511 0.2504181277561257 0.284191330368 0.1729252484502419
5 0.0514731225296442 0.5624875 0.3333666566686669 0.0001 0.0305121723738931 0.0005779370688695 0.0249397519971334 0.0006342111871717 0.0739297941809386 0.0584351706510143 0.1039083961423534 0.0569865204387678 0.7033175439470745 0.2929825900411612 0.4516225918261284 0.1039083961423534 0.4878666871479999 0.1570802462371711
2 0.6758541501976284 0.0834166666666666 0.0001 0.0001 0.0248098588337963 0.0005219271283864 0.0150037926261495 0.0006128418227959 0.950852280938878 0.9537180871265648 0.9638247057222038 0.9328829794923468 0.5503630500861574 0.4188397563615308 0.4041937578391365 0.9638247057222038 0.100789363099 0.1331466174718346
4 0.4703616600790514 0.5208291666666667 0.0001 0.0001 0.021008367566175 0.0005219292454995 0.0224557772445355 0.0004205267024645 0.0437266971950952 0.0568147486768942 0.0479549338890358 0.0265950882621484 0.9103656676578477 0.1624204745735972 0.4516225918261284 0.0531085415831477 0.529535521714 0.3558608168362263
4 0.3122905138339921 0.3500299999999999 0.0001 0.0001 0.0419167344480763 0.001115617355108 0.0212137775725603 0.0004979870333864 0.1493084776405415 0.1556604599306358 0.1767951341931138 0.1138730338641298 0.8301578381097838 0.2988637711820954 0.3131303866126727 0.1767951341931138 0.390457842814 0.2479827977276845
3 0.2451102766798419 0.8707591666666666 0.0001 0.0001 0.1046418446736132 0.0154873386922134 0.0820711757780387 0.0044912166301493 0.0571502974043469 0.0479024296422077 0.0428013268575307 0.0811437971623134 0.7518153007938454 0.0765552987257217 0.7513728766472648 0.0766678897167313 0.486719936544 0.8623787292365657
3 0.1818818181818181 0.6832966666666667 0.0001 0.0001 0.045718231189888 0.0008952388176462 0.026181722606601 0.0007405522851925 0.1655716756675964 0.1362154079082286 0.1576531733595495 0.2019302439006938 0.5783425494030725 0.1330145933228576 0.8367447925078195 0.1907835118490168 0.35151695255 0.9525131844757516
0 0.1463158102766798 0.7874424999999999 0.0001 0.0001 0.1179471619614402 0.0022430033604297 0.0771032463930406 0.0009689768130813 0.3901588297977949 0.3574029202374629 0.4653971836163683 0.3414190945789838 0.4832123054461568 0.5846889671435943 0.2049925980653313 0.4653971836163683 0.3098644347199999 0.161898228247378
4 0.1502675889328063 0.4166833333333333 0.0001 0.0001 0.0248098885997063 0.0004771225230549 0.0199718002563602 0.0004098424169284 0.0421778218563229 0.0511432743196375 0.0508998512461719 0.0242572865423137 0.8823861935224617 0.1835927118603958 0.4459311364602191 0.052372312575167 0.5629062562320001 0.3137036521635337
5 0.7469861660079051 0.3916883333333333 0.0001 0.0001 0.0647258722819186 0.0024150110357335 0.0485374976155591 0.0013099897772709 0.3189104875448641 0.3006881547892071 0.3733684714799081 0.2782984418313813 0.6063220319323015 0.4682416631248137 0.2675987095366322 0.3733684714799081 0.296032641632 0.1760181274357732
3 0.7548897233201581 0.94991 0.3333666566686669 0.0001 0.0856342172670585 0.0025531616369727 0.0510214924883545 0.0010428825667499 0.1056817804454463 0.0892231757630727 0.0965460928104116 0.1310169187536424 0.6865298527507686 0.1130185932169965 0.7589614838018104 0.1237866058621015 0.3443352791719999 0.9277203359385144
2 0.0001 0.1417383333333333 0.0001 0.0001 0.0305122257472489 0.0005591321143481 0.0249397967086834 0.0004284412548853 0.8563707598147409 0.806259682377307 0.9277494777050848 0.827681891579676 0.2146093268861543 0.6764352807293219 0.3302047697847836 0.9277494777050848 0.21023221515 0.1150434337641315
1 0.1423640316205533 0.2708791666666666 0.0001 0.0001 0.0609243447477862 0.001026003688426 0.0410855890068081 0.00140614668837 0.0576665891839377 0.027647163351387 0.0884475670965569 0.0538694437642418 0.6081873117415391 0.2929825900411612 0.5483774337854463 0.0884475670965569 0.7229661978399999 0.08804457022737
1 0.0633284584980237 0.3625275 0.3333666566686669 0.0001 0.0248098844940636 0.0008181301314304 0.0150038507511645 0.0006266791513422 0.0106839926335241 0.0025306321590715 0.0192419727604862 0.00945120828202 0.7741988834596913 0.1753590624975349 0.5692461239497069 0.0192419727604862 0.91658336666 0.1042273958146479
4 0.4782652173913043 0.3333666666666666 0.0001 0.0001 0.0761304240919949 0.0021461686242788 0.0485375043222916 0.0010215142120332 0.1567947154145535 0.1605217192902894 0.1907835118490168 0.116990107031953 0.8096395557341526 0.3317983686335389 0.2808787549827039 0.1907835118490168 0.4207318567999999 0.2373948623098985
2 0.4782652173913043 0.0001 0.0001 0.0001 0.0343136896439185 0.000413651079627 0.0646833860435164 0.0037433205370221 0.9999 0.9982795947972416 0.9999 0.9999 0.5037306183753768 0.3682616578317549 0.5332002041094103 0.9999 0.092854455398 0.0878040638861857
6 0.5889150197628459 0.5874825 0.0001 0.0001 0.0039015200071206 0.0001298710723491 0.0460535385120038 0.0026775695274328 0.0096514076803534 0.0073918963313767 0.0155608257327626 0.0055548713809549 0.8152354488824611 0.1624204745735972 0.5483774337854463 0.0155608257327626 0.5370295925999999 0.1741265716659289
6 0.2095442687747035 0.5083316666666666 0.0001 0.0001 0.0533212999436285 0.0011156168510335 0.0112778888458255 0.0003484081176588 0.0375311916580384 0.0268369534581114 0.0597346092810411 0.0242572865423137 0.7480847075999978 0.247109417369121 0.4800799028044409 0.0597346092810411 0.63044530572 0.1673038218493582
0 0.106798023715415 0.7374525000000001 0.0001 0.0001 0.0495197621453892 0.0016084889429297 0.1143628475618107 0.0138078628461937 0.2089402339428422 0.1961709983457941 0.2415833465300195 0.186344885074984 0.6790686663630734 0.3376795391883557 0.4041937578391365 0.2415833465300195 0.27590772742 0.1613342661381038
0 0.3004351778656126 0.724955 0.0001 0.0001 0.1008403274035878 0.0078254047200092 0.1392025816743241 0.0232634010961633 0.2270104741083028 0.2131854061045819 0.2629340275178643 0.2019302439006938 0.6660115733969209 0.3576755402469674 0.3852222228783892 0.2629340275178643 0.270406307924 0.1610479882293008
5 0.2648691699604743 0.6083116666666666 0.0001 0.0001 0.1996798277447836 0.0145613401453477 0.0311496899964167 0.0012993036887719 0.1495666235303369 0.1232520350320262 0.1988820309368038 0.1224449728021832 0.6044567185476915 0.40354870233289 0.3738392950721875 0.1988820309368038 0.438894003644 0.1528187739797945
5 0.3794707509881422 0.4666733333333333 0.0001 0.0001 0.0533212862581526 0.0012052274932682 0.2956929977947206 0.0785222043845321 0.3682164152252956 0.350111023906086 0.4249045881774331 0.3250544622012637 0.5913996255815389 0.4905901324053522 0.246729988638482 0.4249045881774331 0.2806373813 0.1763498747896365
4 0.098894466403162 0.3416983333333333 0.0001 0.0001 0.0856342001602137 0.0003128312914371 0.0472955314772464 0.0066921646662903 0.1420803787863789 0.1378358276947798 0.1775313764532299 0.1084181610804938 0.7592764922178463 0.3353270497941938 0.3264104491331276 0.1775313764532299 0.4192493533599999 0.2206274463564327
3 0.0277624505928853 0.7832766666666666 0.0001 0.0001 0.0571228308991298 0.0008952388176462 0.0311496967031492 0.0006137184449532 0.1046491899163188 0.0973252819877251 0.0781403543587602 0.1395888576916957 0.7499500041969216 0.0295058845324359 0.8291561853532738 0.1318851315759563 0.408902803084 0.8308493700886345
5 0.9761893280632412 0.3833566666666667 0.0001 0.0001 0.0324128933738472 0.0006788131420229 0.0249397542327109 0.0007742501218041 0.2484365969012113 0.2245283737780257 0.2997454911690317 0.2167363221609876 0.5895343457723015 0.436483310370451 0.3358962251506928 0.2997454911690317 0.32394986707 0.1581383465755237
1 0.3676154150197628 0.5541558333333334 0.0001 0.0001 0.0153060834498513 0.0002194843115759 0.0112778868338057 0.0002201975566477 0.0081025309475919 0.0001 0.02292312177603 0.0001 0.7760641834141523 0.2047649470299709 0.519920129636887 0.02292312177603 0.9999 0.1595166296875821
2 0.7311790513833992 0.0709191666666666 0.0001 0.0001 0.0324128711349489 0.0004928588431393 0.0323916069520244 0.0010331125997177 0.8540474677164205 0.8095004927828241 0.9189147428614526 0.8269025969874483 0.253780588996926 0.6446769279749592 0.3415876805166021 0.9189147428614526 0.199573307358 0.115946394168674
4 0.4703616600790514 0.4041858333333333 0.3333666566686669 0.0001 0.0210083620919847 0.000745962252833 0.0212137775725603 0.0002095133432302 0.1529225200976768 0.1532298229589126 0.1871023469309105 0.1162108264665369 0.7872559747470753 0.3317983686335389 0.3036446276694905 0.1871023469309105 0.412151293256 0.2284788395618984
5 0.7193237154150197 0.3916883333333333 0.0001 0.0001 0.0723288452373281 0.0012500358892403 0.0174877866047138 0.0005701057263699 0.4570187128340423 0.4376137798826076 0.5220869033697577 0.4060982804037948 0.5540936768553772 0.5517543696921507 0.1860210801789671 0.5220869033697577 0.265032622876 0.1771270347177203
2 0.2688209486166008 0.025095 0.0001 0.0001 0.0210083942528529 0.0002082806963266 0.0150038507511645 0.0003243662575583 0.9082581742729104 0.8807990508938336 0.9535175261147458 0.8853476575168305 0.3545067395322993 0.5635167319740193 0.3700449914949146 0.9535175261147458 0.16067147928 0.1183779268735618
0 0.6600470355731225 0.7332866666666666 0.0001 0.0001 0.119847913753715 0.0022856149995401 0.0634413617801887 0.0012553977218924 0.4043568676764328 0.3833296732817639 0.4734956960780876 0.3507702930422355 0.5596895498584624 0.5588117531856955 0.1689466970068562 0.4734956960780876 0.299689730068 0.1809545918426875
5 0.0712320158102766 0.2125574999999999 0.0001 0.0001 0.3840536206231552 0.0009933205031589 0.0150038507511645 0.0003633380777316 0.4379158751695081 0.3922419966915883 0.530185415831477 0.383499529744052 0.3787556288676806 0.6776115465986379 0.1613580727779273 0.530185415831477 0.32939857711 0.154177167356749
4 0.1463158102766798 0.5624875 0.0001 0.0001 0.0172068414005903 0.0002232181691556 0.0150038507511645 0.0002923160549112 0.0357241676414924 0.0414207446624857 0.0450100138814726 0.0203609496412486 0.8618679108110768 0.1847689459713591 0.4649026748358431 0.0457462448772736 0.57141431428 0.2998420509781034
0 0.4387474308300395 0.774945 0.0001 0.0001 0.1445578375935217 0.003118218010052 0.1106368932574352 0.0023521130312595 0.3509206057592751 0.3258047125240252 0.4123886420332205 0.3094691174023657 0.5484977702769197 0.5094098993530006 0.2600100853077033 0.4123886420332205 0.296369224302 0.1634063401366756
6 0.8892501976284585 0.3292008333333333 0.0001 0.0001 0.0267106458661714 0.0007256903607374 0.0087939114105346 0.0002809628845937 0.0501803514099256 0.0373696915501595 0.0803490413827022 0.0304914265658947 0.729431719806768 0.2882776535973079 0.4326510688174492 0.0803490413827022 0.64098999636 0.1771151176612446
1 0.0475213438735177 0.30004 0.0001 0.0001 0.028611405185458 0.0006521858982428 0.015003848515587 0.0005561174898358 0.0259146140713435 0.0114429501728926 0.0398564061873607 0.0250365544835992 0.725701119897846 0.2047649470299709 0.5711432782995007 0.0398564061873607 0.74042810476 0.0791208097849539
3 0.1818818181818181 0.824935 0.0001 0.0001 0.0590235758486666 0.0014000676282904 0.0311496899964167 0.0007699506612807 0.0811578930351012 0.0697781164487691 0.0612070672970024 0.1130937532987138 0.729431719806768 0.0553830635561466 0.80828749860389 0.1068533055482083 0.464331755076 0.8569749483699367
3 0.2806762845849802 0.74995 0.3333666566686669 0.0001 0.0438174896617201 0.0006115424081069 0.0696513064862045 0.0034227931248354 0.1059399193652957 0.0884129658697971 0.0987547864604213 0.1302376381882263 0.6790686663630734 0.1224284756322089 0.7513728766472648 0.1230503636019855 0.35039972604 0.9382751553669672
4 0.5889150197628459 0.425015 0.0001 0.0001 0.0172068448219592 0.0003576380844521 0.0174878239388581 0.0002495791723935 0.0390800690877945 0.0519534842129131 0.0442737835482784 0.0211402175825341 0.9103656676578477 0.1659491821995459 0.4459311364602191 0.0472187028932348 0.57934922698 0.3528477418460745
2 0.4743134387351778 0.2958741666666666 0.0001 0.0001 0.0191076205638168 0.000447071816685 0.0137618533147668 0.0004195237214611 0.7425283318056803 0.6774361197571809 0.834248274422325 0.7068954728949189 0.1474585822461537 0.7470094014899447 0.2846730927087432 0.834248274422325 0.26214018148 0.1174751678840584
2 0.8813466403162056 0.2167233333333333 0.0001 0.0001 0.0267105887293097 0.0003987081728744 0.0150038784723255 0.0002282104426606 0.8380423807294309 0.7908656141942109 0.9115524527816462 0.8043038533411113 0.2407235463938319 0.6823164724563737 0.2941588516519253 0.9115524527816462 0.211541743192 0.1223405159976097
0 0.9248162055335968 0.7707791666666667 0.0001 0.0001 0.0571228137922849 0.0014441994554099 0.0497794950519568 0.0009281139589631 0.3294944899363126 0.3047392407150667 0.3880930847698595 0.2907666994356445 0.5578242532615386 0.4905901324053522 0.2808787549827039 0.3880930847698595 0.294278972436 0.1628365705604428
5 0.7430343873517787 0.2375524999999999 0.0001 0.0001 0.0571228137922849 0.0017325230373864 0.0249397542327109 0.0010695605748446 0.2690882959646257 0.279622712147834 0.2806035502136704 0.2463484646547633 0.8208313453883069 0.250638119702011 0.4003994371874805 0.2806035502136704 0.170514450292 0.2383284713695462
6 0.3715671936758893 0.3583616666666667 0.0001 0.0001 0.0210083620919847 0.0006383788327412 0.0174878165614523 0.0004284419832823 0.1366593081307299 0.1119090746504787 0.1841574441511233 0.1099766941577024 0.6193791081107679 0.3917863506371391 0.3776335986494604 0.1841574441511233 0.44750470116 0.1549930493260857
5 0.1581711462450593 0.375025 0.0001 0.0001 0.0590235484777149 0.0010365276559353 0.0460535072139188 0.0012215566146435 0.4487580025409141 0.414927888287098 0.5265042376612353 0.3983056150177516 0.4570981363015378 0.6105660964125524 0.1898153666818568 0.5265042376612353 0.289403667692 0.160326553128681
2 0.7469861660079051 0.1417383333333333 0.0001 0.0001 0.0229091275697353 0.0007720991732229 0.0174878433883824 0.0004925627115732 0.7595659465922834 0.6993118087513113 0.8408743421202184 0.7302735041200777 0.1754381151384412 0.7011362605762572 0.3302047697847836 0.8408743421202184 0.244340022224 0.1129541555643095
2 0.2293031620553359 0.3541958333333333 0.0001 0.0001 0.0210083518278778 0.0005219317658722 0.0137618810359278 0.0002736187463371 0.7778943256775934 0.7544061325373269 0.8489728877122762 0.7240393227174021 0.4235227639815374 0.6564393114290629 0.149975179120492 0.8489728877122762 0.19779400329 0.1609333830720947
1 0.2253513833992095 0.4083516666666666 0.0001 0.0001 0.0305121689525241 0.0003539040111285 0.0634413617801887 0.001309987830071 0.030044951096048 0.0106327388212377 0.0560534642411379 0.0211402175825341 0.6902604627323022 0.2635767160948428 0.5123315156525882 0.0560534642411379 0.86440950352 0.1277279486769043
3 0.7865039525691699 0.9957341666666668 0.0001 0.0001 0.0780311793056386 0.0015323237834449 0.0323916762549269 0.0008396466121608 0.0643783892885635 0.0479024296422077 0.04869116422223 0.0967291489746173 0.699586945716921 0.0718503601646449 0.8120818021811629 0.0913924897545472 0.56337762194 0.8791273632376422
2 0.2885798418972332 0.3208691666666667 0.0001 0.0001 0.0248098588337963 0.0004323186335092 0.0112779154491977 0.0002522503122901 0.7709243796831722 0.7406326153949159 0.8452917758027114 0.7201429830109748 0.3787556288676806 0.6705541313467405 0.1727409835097459 0.8452917758027114 0.20473436494 0.1519897832483345
3 0.5493972332015811 0.6249750000000001 0.0001 0.0001 0.0096037989913908 0.0004304013053302 0.0174878232681848 0.0005475911560719 0.1098121146821724 0.0908436028415203 0.0950736347944504 0.1434851903847173 0.6678768699938447 0.0871414163105093 0.8196704093357086 0.1355662766158595 0.390978988564 0.9046730172678276
6 0.6837577075098815 0.5874825 0.0001 0.0001 0.0001 0.0001 0.0001 0.0001000000114629 0.0001 0.0001 0.0001 0.0001 0.8338884349969222 0.1318383580474214 0.5787318931375188 0.0001 0.0001 0.5110522054750354
5 0.6995648221343873 0.0584216666666666 0.0001 0.0001 0.0248098588337963 0.0004304021420939 0.0348756577142572 0.0009951812189032 0.3124568472699256 0.2885350209738657 0.3645337233841405 0.27985697490859 0.5690160496307676 0.4553030561458643 0.3264104491331276 0.3645337233841405 0.28462478366 0.1554186393035487
6 0.6995648221343873 0.5124974999999999 0.0001 0.0001 0.0039015200071206 0.0002735352732086 0.0050679499523111 0.0002962817221106 0.0130073070356717 0.0073918963313767 0.0258680404583796 0.00477560414101 0.7909865696196915 0.19653129766711 0.5180229744333741 0.0258680404583796 0.8332666333400001 0.1757304060525239
3 0.9603822134387352 0.7582816666666666 0.0001 0.0001 0.0704281413442188 0.0023434089606485 0.0870391185765019 0.0027187248942385 0.112909858389771 0.0973252819877251 0.0943374057864697 0.1473815230777389 0.6902604627323022 0.0694978866496595 0.825361881776001 0.1392474216557627 0.378894805884 0.8840229403916341
6 0.794407509881423 0.5374924999999999 0.0001 0.0001 0.0248098844940636 0.0005946518682137 0.0100359001281801 0.0003482790110973 0.0073280918842166 0.0057714750864463 0.0126159050625927 0.0032170693104499 0.8208313453883069 0.1588917701234836 0.5483774337854463 0.0126159050625927 0.81475183704 0.2024042864238161
4 0.0870391304347826 0.5666533333333333 0.0001 0.0001 0.0115045644691414 0.000234419885052 0.0162458358918859 0.0004018291486874 0.0321101230933733 0.0300777952187827 0.0494273945554242 0.0156853469029198 0.8096395557341526 0.2224084692805384 0.4573140591441058 0.0508998512461719 0.69840511104 0.2489183202302029
2 0.6086739130434783 0.0375925 0.0001 0.0001 0.0210083942528529 0.0004304000350623 0.0137618810359278 0.0003363535371105 0.7786687912267636 0.7179466508804428 0.8585439111984985 0.7513137217026119 0.1661115482153915 0.698783781768213 0.3434848323052385 0.8585439111984985 0.240159518492 0.1107040474558248
6 0.6521434782608696 0.4125175 0.0001 0.5 0.0210083737246392 0.0003427020835208 0.0472955314772464 0.0017560558316921 0.2042936079265254 0.1678136156216662 0.2680876173215933 0.1715388138280962 0.5167876777661571 0.4858851642031461 0.3302047697847836 0.2680876173215933 0.43183853502 0.1448095049529052
0 0.9761893280632412 0.6208091666666666 0.0001 0.0001 0.1027410689317557 0.0090613323911303 0.0485375423271091 0.0028164658884687 0.3062613319749444 0.2707103668623206 0.3785220811618403 0.2634923635710876 0.490673508621538 0.5505781355811874 0.2524214781531577 0.3785220811618403 0.3540659726439999 0.1562610073505173
6 0.5454454545454545 0.425015 0.0001 0.0001 0.0324129262189893 0.0010835789819973 0.015003857457897 0.0004040778904552 0.2045517538163208 0.1815872056830405 0.2452645048220581 0.1832278119071609 0.6100526251261491 0.3753190624975349 0.4136795167823187 0.2452645048220581 0.327419053094 0.1418206232658578
6 0.6679505928853755 0.5499900000000001 0.0001 0.0001 0.0001 0.0001 0.0001 0.0001000000114629 0.0001 0.0001 0.0001 0.0001 0.8338884349969222 0.1318383580474214 0.5787318931375188 0.0001 0.0001 0.5110522054750354
5 0.8497324110671937 0.2792108333333333 0.0001 0.0001 0.0457182414539949 0.0004584521463552 0.0969750287647808 0.0046835267021848 0.2517924864986053 0.2285794232444037 0.3048991141030993 0.217515581686186 0.593264938966149 0.4458931726720401 0.3169246901899455 0.3048991141030993 0.339741938024 0.1663246594217174
4 0.57310790513834 0.5374924999999999 0.0001 0.0001 0.0362144551216692 0.0005667358268032 0.0224557772445355 0.0005166847241887 0.0442429924596589 0.0576249607577387 0.04869116422223 0.0265950882621484 0.9122309676123086 0.163596710801784 0.4478282916637322 0.0545809995991089 0.5370095965999999 0.3584354314279212
0 0.93271976284585 0.7541158333333333 0.3333666566686669 0.0001 0.0286114068961424 0.0006521864930508 0.0982170217300234 0.0026414508454348 0.3232989746413315 0.2998779521878278 0.3822032460799466 0.282974055089819 0.5690160496307676 0.4905901324053522 0.2694958613252686 0.3822032460799466 0.30271426504 0.1674309315235705
5 0.1305086956521739 0.0084316666666666 0.0001 0.0001 0.0077029698761774 0.000273533680333 0.0348756018248197 0.0004925627115732 0.4905776785074416 0.4424750538260539 0.5839302129268762 0.4372689559747792 0.3451802565476803 0.6952550370908527 0.1670495622926029 0.5839302129268762 0.31147441266 0.1493462444302847
4 0.8971537549407115 0.4291808333333333 0.0001 0.0001 0.0134053189985114 0.0001634760305062 0.0187298106444838 0.0001881448010054 0.0411452382971413 0.0511432743196375 0.0494273945554242 0.0226987527637645 0.8898473883039999 0.1812402383454103 0.4421368277606313 0.0494273945554242 0.56744680794 0.3177211101011297
1 0.4031814229249011 0.4750049999999999 0.0001 0.0001 0.0324129310089058 0.0009345046317281 0.0187298146685233 0.0005984937004597 0.012491015256081 0.0033408428544557 0.0258680404583796 0.0071134058608447 0.7667376903569217 0.1988837711820954 0.5388916663050728 0.0258680404583796 0.9237247381 0.1354867245335909
0 0.6363363636363636 0.7457841666666667 0.0001 0.0001 0.1046418207240305 0.0011715029908086 0.1367186158640362 0.0038632893944032 0.3997102277202239 0.3719867129002165 0.4639247388525424 0.3577836989030802 0.5149223979569195 0.5341108262693481 0.254318612867411 0.4639247388525424 0.279605457726 0.156547218120974
6 0.9643339920948616 0.5374924999999999 0.0001 0.0001 0.0058022813792284 0.0003811593519531 0.0137618622570768 0.000635744931581 0.0029396075757275 0.0017204213907684 0.0052536083567186 0.0016585346201579 0.8245619419396918 0.1436007118603958 0.5692461239497069 0.0052536083567186 0.24079260185 0.1595166296875821
5 0.3676154150197628 0.3875225 0.0001 0.0001 0.2262904896913893 0.001532324791594 0.0224558040714655 0.0004724191455575 0.3886099474890767 0.3565927176360836 0.4609798493248906 0.3421983681309939 0.4888082288123004 0.5705741048814464 0.2220669812374423 0.4609798493248906 0.303110765724 0.1610112971230247
0 0.802311067193676 0.6249750000000001 0.0001 0.0001 0.0438175649318373 0.0006115424081069 0.2062699201146633 0.0528159644008461 0.307293915534126 0.2771920605923181 0.3615888139782856 0.2782984418313813 0.5279795077107582 0.4647129502058062 0.3529706083228037 0.3615888139782856 0.30814267914 0.1353640627748238
5 0.3162422924901186 0.6124775 0.0001 0.0001 0.0970387861839796 0.0012537709807945 0.0323916807260819 0.0013714225620517 0.1467270117726417 0.1224418251387506 0.1922559632389104 0.1216657062635789 0.6193791081107679 0.3847289565574767 0.389016526455662 0.1922559632389104 0.4191757280879999 0.151408700860743
4 0.0159071146245059 0.375025 0.0001 0.0001 0.0799319413620203 0.0024299449497962 0.0398435982771429 0.0005380527976431 0.1180727901255705 0.1337847709365054 0.1318851315759563 0.0881572030231581 0.9047697778670764 0.225937182199546 0.3548677601114401 0.1340938053477628 0.37687672958 0.3077724324480407
0 0.5454454545454545 0.724955 0.0001 0.0001 0.0685273587596233 0.0007376086790867 0.0274237200429987 0.0014739722023524 0.4123593972300355 0.3808990144343518 0.4867478314738745 0.3632385857135281 0.4850776020430806 0.5858651906684401 0.2011983286368248 0.4867478314738745 0.296480272088 0.162961783576371
4 0.2648691699604743 0.4416783333333333 0.0001 0.0001 0.0153060803706193 0.0003090976213731 0.0361176350304574 0.0016518830921448 0.1387244891889849 0.1507992005709822 0.159861847131356 0.1045218213740663 0.8730597021439997 0.2659291843167695 0.3226161455558547 0.159861847131356 0.38130059463 0.2726963894470647
2 0.7035166007905139 0.375025 0.0001 0.0001 0.0153062008028068 0.0004883260233751 0.0137618251464903 0.0003377262985758 0.9405263756476028 0.9221197481589932 0.975604462614842 0.9196354272958556 0.4067350778215373 0.5223484851597149 0.3833250540153696 0.975604462614842 0.141178498656 0.1201837301905406
5 0.3992296442687747 0.1625675 0.0001 0.0001 0.0552220859495929 0.0011715016802148 0.0299077149157941 0.0007268738842126 0.424234122100515 0.38657050556297 0.5022087002760774 0.3772653974352175 0.4384451703323 0.6058612023131693 0.2163755600202994 0.5022087002760774 0.304813265156 0.1536278917607371
1 0.0672802371541502 0.4666733333333333 0.0001 0.0001 0.0248098885997063 0.0009699951996776 0.0137618622570768 0.00040182931456 0.007586237774012 0.0009102106953842 0.0177695140819181 0.0032170693104499 0.7853906764713828 0.1824164745735972 0.5464802819968101 0.0177695140819181 0.9813852037 0.1469593251565412
1 0.1897853754940711 0.4208491666666666 0.3333666566686669 0.0001 0.0457182551394707 0.0014890052301943 0.0348756487719472 0.001339369921799 0.0266890531347189 0.0082021076830316 0.0479549338890358 0.0219194855238196 0.6977216491199973 0.2400520021172235 0.5426859715897839 0.0479549338890358 0.86759121705 0.1022270759237293
0 0.3636636363636363 0.7457841666666667 0.0001 0.0001 0.1882753409407176 0.0019375505189376 0.0584734189817255 0.0024327822032849 0.3736374858809446 0.3452497499626398 0.4433103133769491 0.32661301631869 0.5186529743630809 0.5541068379140774 0.2182727118089358 0.4433103133769491 0.3036407797 0.1665408448969392
4 0.5375418972332016 0.2292208333333333 0.0001 0.0001 0.0894357413798219 0.0031655202644218 0.0659253365327865 0.0029019375043725 0.1980980996014903 0.184828045256143 0.2533630172837774 0.1520571223093648 0.6790686663630734 0.4435407150362311 0.2334499431924103 0.2533630172837774 0.43057168844 0.2013777746774175
1 0.3636636363636363 0.5666533333333333 0.0001 0.0001 0.1046418207240305 0.0037157241818846 0.0795871943187084 0.0024191168269084 0.053794400837007 0.0470922226656906 0.065624447970954 0.0476353058446825 0.7704682885870752 0.2012362372867985 0.5313030523207738 0.065624447970954 0.34950100582 0.1645321159281411
5 0.1739782608695652 0.574985 0.0001 0.0001 0.0856342241097964 0.0034492960858646 0.0150038418088545 0.0002923157808609 0.1172983594261304 0.098135499172897 0.1576531733595495 0.0928328092681898 0.664146276799997 0.352970603803114 0.3947079818215713 0.1576531733595495 0.453350551756 0.1637369293540645
1 0.0317142292490118 0.5 0.0001 0.0001 0.0001 0.0001 0.0001 0.0001000000114629 0.0001 0.0001 0.0001 0.0001 0.8338884349969222 0.1318383580474214 0.5787318931375188 0.0001 0.0001 0.5110522054750354
1 0.336001185770751 0.5208291666666667 0.0001 0.0001 0.1331532413056488 0.0043276419457378 0.0472955225349364 0.0018246007278386 0.0850300813820319 0.0487126409938625 0.1385111992738497 0.0632206527476024 0.555958973452301 0.4082536387767432 0.4155766856453383 0.1385111992738497 0.69571574902 0.1302114464618609
6 0.8339252964426878 0.3458641666666666 0.0001 0.0001 0.0590235690059287 0.0024934205367168 0.0274237245141537 0.0007944738836059 0.1090376770127863 0.0770700127801459 0.1650154700654236 0.0803645376371149 0.5783425494030725 0.4258971927856635 0.3643535361290055 0.1650154700654236 0.576644228088 0.148594714565917
3 0.6798059288537549 0.8665933333333333 0.0001 0.0001 0.0951380241275979 0.0036247887309341 0.0634413617801887 0.0048678360906598 0.0390800690877945 0.0300777952187827 0.0288129611285496 0.0585450535159765 0.7592764922178463 0.0918463591060331 0.7191212620916794 0.0553172352331573 0.56124129929 0.8716461205201474
4 0.2964833992094862 0.2917083333333333 0.3333666566686669 0.0001 0.0647258620178117 0.001787714864885 0.029907701502329 0.0018308431620598 0.1583435837833798 0.1629523562620126 0.1907835118490168 0.1193278996343601 0.8152354488824611 0.3247409322094062 0.2865702444973795 0.1907835118490168 0.409219329766 0.2413584920783147
3 0.6402881422924901 0.6458041666666667 0.0001 0.0001 0.0609243310623104 0.0012052309209751 0.0547474624417725 0.0008585799574151 0.1183309360153659 0.0900333856563483 0.108325776816305 0.1559534550023864 0.600726125353844 0.1118423591060331 0.8481277203140212 0.1473459407435497 0.44622445726 0.9333231148637016
4 0.098894466403162 0.3333666666666666 0.3333666566686669 0.0001 0.0685273792878371 0.0022955238952912 0.0572314260164828 0.0016598963243265 0.1376918916899114 0.144317514132881 0.1628067697893463 0.1045218213740663 0.8357537334404916 0.2847489512644179 0.3302047697847836 0.1628067697893463 0.394177828668 0.2505134098471868
5 0.0277624505928853 0.6291408333333334 0.3333666566686669 0.0001 0.0552220517359033 0.0021797737618864 0.007551926493371 0.0001961580331871 0.0584410268533238 0.0487126409938625 0.0796128123747215 0.0452975062288696 0.7480847075999978 0.247109417369121 0.4800799028044409 0.0796128123747215 0.484808358936 0.1678164063390941
6 0.7232754940711463 0.5583216666666667 0.0001 0.0001 0.0324129310089058 0.0005946520093546 0.0398436005127204 0.0007742499487197 0.0238494462559859 0.0171144259885285 0.0383839461835791 0.0149060796629749 0.7797947782867685 0.2071174152518975 0.5123315156525882 0.0383839461835791 0.656582447246 0.16923314293902
6 0.9287679841897232 0.4333466666666666 0.0001 0.0001 0.1502600861276081 0.0037928137132677 0.0100358940921208 0.0001534209847967 0.1028421686877511 0.0778802299653179 0.1473459407435497 0.0795852640851047 0.628705607883073 0.3694378919427183 0.4041937578391365 0.1473459407435497 0.53311927482 0.149910810784676
6 0.6639988142292491 0.5208291666666667 0.0001 0.0001 0.0096038041234442 0.0001634760809136 0.0187298117622725 0.000252250218536 0.0145561837684332 0.004961264463981 0.0324941094814866 0.00477560414101 0.7630070921267683 0.2212322457556926 0.5066400517494873 0.0324941094814866 0.877437727354 0.1595166296875821
0 0.9603822134387352 0.7624475 0.0001 0.0001 0.0590235690059287 0.0012527378296096 0.0510214924883545 0.0015694940378288 0.3467902715225491 0.324184270861785 0.4087075168715204 0.302455711541521 0.5671507530338437 0.5105861440500815 0.2391413644095532 0.4087075168715204 0.300892899386 0.1716951396685606
6 0.8773948616600791 0.2125574999999999 0.0001 0.0001 0.0115045654955521 0.0004005720187444 0.0100358994575068 0.0004619256567586 0.0450174315230342 0.0300777952187827 0.0759316673348183 0.0265950882621484 0.7163746318769212 0.2906301218192346 0.4421368277606313 0.0759316673348183 0.67033632592 0.1671834763635399
3 0.7390826086956521 0.7291208333333333 0.0001 0.0001 0.0305121504771317 0.000264290394854 0.0174878293042441 0.0002495792156646 0.1291730703567179 0.1119090746504787 0.1208416699519759 0.1543949289385836 0.6734727765723021 0.1224284756322089 0.7570643490875572 0.1458734893536561 0.301922303464 0.945335994544254
0 0.901105533596838 0.7666133333333334 0.0001 0.0001 0.1426570173738676 0.0023964781302434 0.0920070725528526 0.001720960367152 0.3325922475838032 0.3096004781990314 0.3903017717938014 0.2931045271050809 0.5690160496307676 0.4870614300724622 0.2751872825424116 0.3903017717938014 0.290320084372 0.1665142245426145
5 0.1107498023715415 0.2792108333333333 0.0001 0.0001 0.0229090830919388 0.0008049039916774 0.058473403332683 0.0017753065705207 0.4861891914109742 0.4351831574946772 0.5861388469422766 0.4286970170367258 0.3265272737907564 0.7258371663203697 0.1366950653768876 0.5861388469422766 0.325522362508 0.1509320186017136
4 0.6995648221343873 0.4875025 0.0001 0.0001 0.0153060803706193 0.0004435174056103 0.0199717948909742 0.0002495792156646 0.0414033820959529 0.0576249607577387 0.0428013268575307 0.0242572865423137 0.9327492553599994 0.1483056525386961 0.4516225918261284 0.052372312575167 0.563699797492 0.3899849488643417
4 0.0238106719367588 0.0959141666666666 0.0001 0.0001 0.0685273792878371 0.0038189495751011 0.0336336625134371 0.0015664093848041 0.1418222398665295 0.1329745464594371 0.184893673159104 0.1045218213740663 0.727566419852307 0.3717903495785273 0.2998502899434513 0.184893673159104 0.46635143106 0.2050444011862025
1 0.2253513833992095 0.4750049999999999 0.0001 0.0001 0.0742296620356132 0.0012196059171837 0.0236977702097782 0.0007524706699296 0.1294312162465133 0.0811210695384203 0.2032994049846877 0.0975084155132216 0.4589634328984615 0.5164672828465454 0.3396905287279656 0.2032994049846877 0.6384278089 0.1347491258760893
4 0.3320494071146245 0.1875625 0.0001 0.0001 0.0457182551394707 0.0005032598769489 0.0286657018303539 0.0014275146103755 0.1844163535024431 0.1702442525933894 0.2386384371241647 0.1403681172168942 0.6772033697661497 0.4353070550872526 0.2486271404271185 0.2386384371241647 0.44279964236 0.1983247255158536
3 0.8457806324110672 0.9332466666666668 0.0001 0.0001 0.0476190171958524 0.0011715011761403 0.0236977657386232 0.0004538520108988 0.0641202433987682 0.0495228523455174 0.0531085415831477 0.0897157431137726 0.7126440336467679 0.0941988283865715 0.7627558044534664 0.0847664220566537 0.482195901532 0.8989033156290472
6 0.8181181818181819 0.0959141666666666 0.0001 0.0001 0.0590235826914046 0.0018450870164151 0.0100359012459688 0.0004619255702163 0.1007770015693881 0.0786904398585935 0.1392474216557627 0.0811437971623134 0.6492238872369207 0.3400319968241647 0.4307538999544296 0.1392474216557627 0.4799620084 0.1481052256673228
5 0.4150367588932806 0.225055 0.6666333133373338 0.0001 0.076130413827888 0.0017690099691606 0.0510215059018195 0.0006969675990752 0.4226852467617428 0.3914317795064164 0.494110187814358 0.3764861238832073 0.4832123054461568 0.5741028495588067 0.2220669812374423 0.494110187814358 0.287367295048 0.1600803232434711
6 0.6956130434782608 0.0917483333333333 0.0001 0.0001 0.0571228137922849 0.0016904771715438 0.0969750287647808 0.0022447763804421 0.0610224927212236 0.0470922226656906 0.0869751090805956 0.046856037903397 0.718239928473845 0.2706341207606228 0.4724912854052654 0.0869751090805956 0.5470935794 0.1659410644798914
3 0.8892501976284585 0.924915 0.0001 0.0001 0.095138013863491 0.0014292648356428 0.0398436049838754 0.0008906325255493 0.081674184814692 0.0608658076227375 0.0729867446768281 0.1107559606963067 0.664146276799997 0.1094898866496595 0.7874187947801231 0.1046446251503341 0.473949341174 0.9267417945405771
1 0.9090090909090908 0.4708391666666666 0.0001 0.0001 0.1179471619614402 0.0151848995107885 0.0410855890068081 0.0047396257460043 0.0210098379832637 0.0106327388212377 0.0391201771793801 0.0117890093005141 0.755545902381536 0.2235847139776193 0.5104343604490751 0.0391201771793801 0.8952899262 0.1553973900169314
5 0.8181181818181819 0.225055 0.0001 0.0001 0.047618962453949 0.0013468585276021 0.5912860626567663 0.018517248601702 0.3953217615335945 0.3841398831750396 0.4271132221928334 0.3718105106247697 0.6305709044799968 0.377671520133344 0.389016526455662 0.4271132221928334 0.197190953924 0.1802596260351131
5 0.2095442687747035 0.5083316666666666 0.0001 0.0001 0.150260096391715 0.001819006098707 0.0286657018303539 0.0009788950557756 0.1495666235303369 0.1451277240261566 0.1709053087553364 0.1310169187536424 0.755545902381536 0.2694578866496595 0.4364453723947221 0.1709053087553364 0.270316565876 0.1915055004624658
5 0.3083387351778656 0.1375725 0.0001 0.0001 0.1673669412136743 0.0033279439704254 0.0472955583041765 0.0009140364252866 0.4090035076326416 0.3655050191702189 0.5007362555122514 0.3531080856446426 0.4030045014153759 0.6682016631248138 0.1518723138347452 0.5007362555122514 0.339948846634 0.1581308270807334
4 0.3241458498023715 0.4291808333333333 0.0001 0.0001 0.0476190171958524 0.0012388344455442 0.0435695592882509 0.0005300403010703 0.1384663363292435 0.1459379266275358 0.1635429987973269 0.1045218213740663 0.8413496289390762 0.2847489512644179 0.3245132973444911 0.1635429987973269 0.394984867228 0.2578302307544896
6 0.8062628458498023 0.2958741666666666 0.0001 0.0001 0.0419167241839694 0.0012576248323112 0.0559894375223951 0.0016634920091321 0.1061980652550911 0.0867925460832459 0.1436647957036465 0.0850401368687408 0.6660115733969209 0.3365033050773923 0.4193709892226111 0.1436647957036465 0.458159949684 0.1581189435934308
1 0.0198588932806324 0.2917083333333333 0.0001 0.5 0.1407562758456997 0.0089119740956707 0.1280247299390851 0.0206591201091087 0.087095255470341 0.0560045373252393 0.1252590638780628 0.0764681979306875 0.5913996255815389 0.3353270497941938 0.4971542859765519 0.1252590638780628 0.6281301688400001 0.1101421162815274
1 0.3636636363636363 0.4833366666666667 0.0001 0.0001 0.0381152137566819 0.0009412434026735 0.022455775008958 0.000668878484102 0.0266890531347189 0.0098225289279621 0.0450100138814726 0.0234780193023688 0.7089134337378459 0.225937182199546 0.554068895981109 0.0450100138814726 0.82718325026 0.0957072543258544
0 0.1739782608695652 0.7374525000000001 0.0001 0.0001 0.0837334723175216 0.0028630755381769 0.0696513109573595 0.0055382709874429 0.2324315238541138 0.2164262529695806 0.273977482515777 0.2034887699644966 0.6492238872369207 0.3859051800823225 0.3567649119000766 0.273977482515777 0.29990527695 0.1685257061836126
1 0.4624581027667984 0.4750049999999999 0.0001 0.0001 0.0115045634427307 0.000400571928011 0.0199717989150137 0.0003482790110973 0.0081025309475919 0.0001 0.0207144334268745 0.0024378020003709 0.7760641834141523 0.1941788294451833 0.536994512808998 0.0207144334268745 0.9999 0.1458788845334432
0 0.7193237154150197 0.7124575000000001 0.0001 0.0001 0.0970387690771348 0.0022120391701716 0.0795871943187084 0.0019475529838526 0.4110686677810586 0.3857603029615908 0.4860116488483678 0.3554459063006732 0.5279795077107582 0.5882176377181315 0.1537694485489985 0.4860116488483678 0.3088636049259999 0.1766945127059974
6 0.5454454545454545 0.4083516666666666 0.0001 0.0001 0.0305121607412386 0.0009412435538959 0.0063099424704383 0.0003810327009882 0.2050680455959115 0.1807769957897649 0.246000727203971 0.1847863590111813 0.600726125353844 0.3764952860223806 0.4212681410112475 0.246000727203971 0.3319877891639999 0.137400284896449
5 0.893201976284585 0.1375725 0.3333666566686669 0.0001 0.0191075979827816 0.0005069766806787 0.0361175992612174 0.0008198483207364 0.3333666852531893 0.3128413396478228 0.3844119264778208 0.2985593928753112 0.5858037357907676 0.4553030561458643 0.3093360659610166 0.3844119264778208 0.272032382644 0.1635331141191562
5 0.8813466403162056 0.4708391666666666 0.0001 0.0001 0.1084433516795318 0.0097222204928334 0.1652843400501651 0.0507245275329169 0.3008402613192955 0.2861043621264535 0.3490729075904793 0.2634923635710876 0.636166794270768 0.4341308209762892 0.2922616657145225 0.3490729075904793 0.29102360364 0.1785534224549329
1 0.2095442687747035 0.5374924999999999 0.3333666566686669 0.0001 0.0248098844940636 0.0005466636792863 0.0398435982771429 0.0008551109848363 0.0581828809635284 0.027647163351387 0.0928649477705085 0.0507523762071433 0.6044567185476915 0.3118023569888097 0.5218172831329618 0.0928649477705085 0.73442335595 0.1011183532722347
0 0.802311067193676 0.7624475 0.0001 0.0001 0.0894357550652977 0.0020411534639873 0.1143628408550782 0.0025640972499116 0.2861259316610668 0.2699001642609414 0.3299309401308472 0.2549204316464402 0.6305709044799968 0.4094298728877066 0.3377933769393292 0.3299309401308472 0.275459737036 0.1677737063508205
1 0.1186533596837944 0.3208691666666667 0.3333666566686669 0.0001 0.0305121668997027 0.0007123572664478 0.0485375087934466 0.0015343576099735 0.0367567512006739 0.0114429501728926 0.0670969059869152 0.0289328899819831 0.6473585906399969 0.2859251747892636 0.519920129636887 0.0670969059869152 0.851308884168 0.1087833200744947
6 0.6481916996047431 0.45001 0.0001 0.0001 0.0362144414361933 0.0016869024765094 0.0323916673126169 0.0006983161070847 0.2055843373755023 0.1694340281163211 0.2673514148178835 0.1746558869959193 0.5186529743630809 0.4764753124876746 0.3434848323052385 0.2673514148178835 0.4257283373039999 0.1438421588742205
6 0.3241458498023715 0.3541958333333333 0.0001 0.0001 0.0172068335314417 0.0005632122852535 0.0150038418088545 0.0004724187849649 0.1366593081307299 0.1110988647572031 0.1885748181990072 0.1060803544512749 0.6137832183199966 0.4129585858067142 0.3491762876711477 0.1885748181990072 0.4727699471 0.1609117309553993
0 0.5414936758893281 0.724955 0.0001 0.0001 0.1046417967744477 0.003101334436469 0.0435695548170959 0.0016536042004501 0.3979032134616023 0.3655050191702189 0.4712870620626873 0.3507702930422355 0.4832123054461568 0.577631520133344 0.2163755600202994 0.4712870620626873 0.298065075064 0.1604465964919408
2 0.8141664031620554 0.1958941666666666 0.0001 0.0001 0.0286113213619183 0.0005632133337286 0.0224558040714655 0.0004040788496315 0.8504334113193932 0.8030188355123082 0.9196510315040426 0.8214477803110589 0.2351276062400021 0.664672929033571 0.328307600921764 0.9196510315040426 0.20656134947 0.1167370489043726
0 0.7786003952569169 0.7166233333333334 0.0001 0.0001 0.0362144209079795 0.0012912790667794 0.0758612198941354 0.0012520576250958 0.3767352295885431 0.3565927176360836 0.4411016462312102 0.3273922828572944 0.5746119394215388 0.5294059004116124 0.2011983286368248 0.4411016462312102 0.2986619756599999 0.1795635188756509
0 0.6323845849802372 0.7457841666666667 0.0001 0.0001 0.1293517035074096 0.0022111495794168 0.1019429693276665 0.002788415248722 0.4051312983758729 0.3768479868436628 0.4712870620626873 0.3616800456229136 0.5093264913784619 0.5446969438541356 0.2429357021355924 0.4712870620626873 0.285958876788 0.1580894698593866
6 0.770696837944664 0.3500299999999999 0.0001 0.0001 0.0590235690059287 0.0012329745789732 0.0299077037379065 0.0010122350114798 0.0532781062694378 0.0495228523455174 0.0715142866608668 0.0375048324267394 0.7909865696196915 0.2318183633404802 0.4611083627213787 0.0715142866608668 0.51256333683 0.217446414722154
1 0.9248162055335968 0.3208691666666667 0.0001 0.0001 0.0210083655133536 0.0003427025371879 0.0212137887504479 0.0003377239979952 0.0194609605535076 0.0033408428544557 0.0428013268575307 0.0102304748206243 0.7163746318769212 0.2482856514800844 0.5104343604490751 0.0428013268575307 0.938404361588 0.1301185269905234
5 0.6205292490118577 0.2708791666666666 0.0001 0.0001 0.0286113966320356 0.0007636452382349 0.0733772674973125 0.002310676907084 0.2430155262455624 0.2326304800026781 0.2783948433115255 0.2151777750569672 0.6846645561538448 0.3588517743579308 0.3643535361290055 0.2783948433115255 0.2703558380199999 0.1784657733437832
6 0.7865039525691699 0.0834166666666666 0.0001 0.0001 0.0723288965578626 0.0013332002245798 0.113120850125413 0.0020316561509782 0.0785764271672014 0.0608658076227375 0.1097982282061986 0.062441386208998 0.6865298527507686 0.3000400052930588 0.4573140591441058 0.1097982282061986 0.5009436112400001 0.1464995281916169
2 0.5612525691699605 0.0542558333333333 0.0001 0.0001 0.0438174759762442 0.0010148001276168 0.0199717814775092 0.0009226911516386 0.889671628387967 0.8581131155469458 0.938792945955133 0.8666452886439504 0.3321231300061554 0.577631520133344 0.3700449914949146 0.938792945955133 0.169463040616 0.1167399694224384
2 0.8971537549407115 0.0375925 0.0001 0.0001 0.0362144209079795 0.0005946535719857 0.0187298117622725 0.0006428889193293 0.8713432493026569 0.8313761817769545 0.9314306558753266 0.8448257414021593 0.2798947917169174 0.6258571927856635 0.3453819840938749 0.9314306558753266 0.1889538816679999 0.1169491053712943
5 0.5454454545454545 0.4333466666666666 0.3333666566686669 0.0001 0.0723288862937557 0.0010662021613917 0.0162458191250547 0.0005665558007607 0.3258804335392853 0.3096004781990314 0.3733684714799081 0.2907666994356445 0.6175138115138441 0.436483310370451 0.3074389141723802 0.3733684714799081 0.26416207702 0.1718146794942228
0 0.4466509881422925 0.7582816666666666 0.0001 0.0001 0.108443327729949 0.0025854053700526 0.1007009875403113 0.00190376305566 0.4030661451974019 0.3727969155015957 0.480858052418571 0.3492117739918386 0.4962694319876817 0.5999799788277648 0.1670495622926029 0.480858052418571 0.31412948154 0.1696866121148016
4 0.5414936758893281 0.5083316666666666 0.0001 0.0001 0.0229091275697353 0.0005480661457264 0.026181736020066 0.000252250074299 0.0450174315230342 0.0568147486768942 0.052372312575167 0.0258158217235441 0.9010391796369228 0.1777115360125203 0.4364453723947221 0.0545809995991089 0.55818945978 0.3301715136002073
3 0.9208644268774704 0.6916283333333333 0.0001 0.0001 0.038115206913944 0.000577936564795 0.0199717989150137 0.0005060008425162 0.1134261641092537 0.0916538054428995 0.1024359381263922 0.1458229970139361 0.6473585906399969 0.1059611821995459 0.8101846333181432 0.1377749702658691 0.39641952024 0.9243086001616176
5 0.4861687747035573 0.6291408333333334 0.3333666566686669 0.0001 0.0476190103531145 0.0012388349496187 0.0448115500179161 0.0007410536098216 0.0700576058340079 0.0584351706510143 0.0965460928104116 0.0530901758229563 0.7312970214399976 0.2753390572044761 0.4516225918261284 0.0965460928104116 0.47993531374 0.1704405589596376
5 0.2095442687747035 0.4791708333333333 0.3333666566686669 0.0001 0.095138013863491 0.0028190271858019 0.0758612310720229 0.0017404496740206 0.1624739319599979 0.1532298229589126 0.1915197408569975 0.1403681172168942 0.718239928473845 0.3094498993530005 0.4098852132050459 0.1915197408569975 0.3058243429 0.1806072851770594
2 0.8220699604743084 0.0001 0.0001 0.0001 0.0286114068961424 0.0003576416028925 0.0485375132646016 0.002880566913982 0.986734608410058 0.9853162073372465 0.9947463770659324 0.9780804527582088 0.5093264913784619 0.40354870233289 0.4705941302017523 0.9947463770659324 0.099915862834 0.1079557896020678
5 0.7746486166007905 0.4666733333333333 0.0001 0.0001 0.0324129364830962 0.0010596103382573 0.0671673093778317 0.0012218440069166 0.3124568472699256 0.2998779521878278 0.3564352109224211 0.277519175292777 0.6473585906399969 0.4164873093118393 0.3093360659610166 0.3564352109224211 0.26332189509 0.1789981132919303
4 0.450602766798419 0.4958341666666667 0.0001 0.0001 0.0191075979827816 0.0004435174257732 0.0187298106444838 0.0005086713910411 0.0509547890793118 0.0624862201173923 0.0575259222570992 0.0328292296884106 0.8973085814067695 0.1753590624975349 0.4440339795492677 0.0597346092810411 0.481597411254 0.3336964278444506
5 0.2925316205533597 0.225055 0.0001 0.0001 0.0856342241097964 0.0012196064212582 0.0348756443007922 0.0007742505545152 0.4025498394779191 0.3679356488500458 0.4815942748004839 0.351549552567434 0.4664246192861567 0.6058612023131693 0.1879182148932204 0.4815942748004839 0.31481969347 0.1623277458181021
3 0.7035166007905139 0.5791508333333334 0.0001 0.0001 0.0362144311720864 0.0002978959357212 0.0386016142542103 0.001267249894623 0.132012682114413 0.098135499172897 0.1326213539578692 0.1637461414286471 0.5578242532615386 0.1659491821995459 0.8044931779522341 0.1547082507015592 0.424436875648 0.9796232123294693
2 0.7430343873517787 0.1167433333333333 0.0001 0.0001 0.0362144209079795 0.0006788143417203 0.0174877866047138 0.0005209762733113 0.8656640676069426 0.8305659427160936 0.9299582111115006 0.8300197122357065 0.3153354438461553 0.6446769279749592 0.2789816202684507 0.9299582111115006 0.1884530818479999 0.130358815132082
4 0.3083387351778656 0.3500299999999999 0.0001 0.0001 0.0571228137922849 0.003863757063739 0.0559894218733526 0.0052845183946273 0.1472432965822865 0.1540400255602919 0.1738502115351236 0.1123144937735153 0.8338884349969222 0.2941588241521245 0.3169246901899455 0.1738502115351236 0.388385447376 0.2499597366894895
1 0.21349604743083 0.2875425 0.3333666566686669 0.0001 0.0628250862759541 0.0044350410761764 0.0410855890068081 0.0008933032904297 0.0494059158315233 0.0211654776424755 0.0825577350327118 0.0414011686264639 0.6231097180923016 0.3023924629288678 0.5180229744333741 0.0825577350327118 0.775226913606 0.1052819378206445
4 0.2925316205533597 0.20006 0.0001 0.0001 0.0362144414361933 0.0008803811902249 0.0659253499462515 0.0019403564938271 0.1748649416401221 0.1629523562620126 0.2275950086305227 0.1302376381882263 0.6958563525230735 0.4258971927856635 0.2448328539242288 0.2275950086305227 0.459435534516 0.2028320919667085
2 0.0949426877470355 0.0292608333333333 0.0001 0.0001 0.0229090830919388 0.0001896135557855 0.0125198277100926 0.0003777891997275 0.7957064408630967 0.7471142362059501 0.8769496695283528 0.7552100123151984 0.2444541395876795 0.7093698993530005 0.246729988638482 0.8769496695283528 0.225780074956 0.1286235070787625
4 0.0040517786561264 0.325035 0.0001 0.0001 0.0419167378694453 0.0018773288340117 0.0572314260164828 0.0026214764694499 0.1322708280042084 0.1370256178015041 0.1583894023675301 0.0998462151290345 0.8245619419396918 0.2882776535973079 0.3358962251506928 0.1583894023675301 0.4025260286939999 0.2518622695789609
0 0.0159071146245059 0.8291008333333334 0.0001 0.5 0.074229679142458 0.001783607161428 0.0994589901039136 0.0019847134898849 0.357632405863901 0.3314761671931618 0.4263770395673267 0.3094691174023657 0.5391712872923009 0.5458731673789814 0.210684087580007 0.4263770395673267 0.31760288672 0.1718532504741964
4 0.2688209486166008 0.3083716666666666 0.3333666566686669 0.0001 0.106542599887257 0.0083742918939489 0.0882811025994346 0.0069085205649445 0.1495666235303369 0.1491787734925346 0.1863661179229299 0.1107559606963067 0.7835253765169219 0.3435607097431723 0.2884673792116328 0.1863661179229299 0.437416499204 0.2324483271510329
1 0.3952778656126482 0.4583416666666666 0.3333666566686669 0.0001 0.0229091275697353 0.000950145913598 0.0336336625134371 0.0007405522851925 0.0238494462559859 0.0082021076830316 0.0398564061873607 0.0219194855238196 0.718239928473845 0.2141748273279598 0.5635546634614828 0.0398564061873607 0.8434497962999999 0.0882208083865182
5 0.9919964426877472 0.2958741666666666 0.0001 0.0001 0.0362144209079795 0.0005219304048709 0.0174878293042441 0.0004418947903426 0.2711534630829888 0.2520755393169817 0.3210961589047411 0.2362180066663131 0.6156485149169204 0.4353070550872526 0.311233217749653 0.3210961589047411 0.30391542476 0.1706535721479948
0 0.984092885375494 0.7707791666666667 0.0001 0.0001 0.051420513937664 0.0016140893119256 0.0510214634258469 0.000978894695183 0.3331085463333399 0.3112209198612716 0.3895655494118884 0.2938837866302794 0.5764772528061488 0.4811802383454103 0.2770844684798143 0.3895655494118884 0.289179892456 0.167640285672052
6 0.6126256916996048 0.5958141666666666 0.0001 0.0001 0.0096038034391704 0.0004304014061451 0.0174878239388581 0.0004925634327583 0.0122328693662856 0.0073918963313767 0.0236593521092242 0.00477560414101 0.7965824644467686 0.1894738898254947 0.5237144349215983 0.0236593521092242 0.83882112222 0.1773407360741274
3 0.3320494071146245 0.8832566666666667 0.3333666566686669 0.0001 0.0609243310623104 0.0011555741344115 0.0435695637594059 0.0011902033797268 0.1028421686877511 0.0924640226280715 0.0766678897167313 0.1403681172168942 0.729431719806768 0.0306821292295168 0.8481277203140212 0.1326213539578692 0.423138315412 0.8411271263463197
1 0.3043869565217391 0.3666933333333333 0.0001 0.0001 0.0552220517359033 0.0081838616046651 0.0684093068142294 0.0107548435253488 0.0290123675368665 0.0082021076830316 0.0597346092810411 0.0164646148442053 0.6809339629599971 0.2859251747892636 0.4857713581703503 0.0597346092810411 0.910817760012 0.1324467841341504
0 0.6995648221343873 0.724955 0.0001 0.0001 0.0894357721721425 0.0019210878475986 0.0696513064862045 0.0017422112408115 0.3418854996164368 0.3209434385805789 0.402081449173627 0.2977801052964892 0.5802078459999963 0.5011762499901398 0.2410385161981897 0.402081449173627 0.300076152768 0.1743221792379968
6 0.9524786561264824 0.1917283333333333 0.0001 0.5 0.0837334483679388 0.0024730592520417 0.207511917551061 0.0020905904620055 0.1072306488142726 0.0827414893249715 0.1385111992738497 0.0975084155132216 0.6305709044799968 0.3070974099588387 0.5028457413424613 0.1385111992738497 0.466314408466 0.1131545635281409
5 0.5652043478260869 0.5333266666666666 0.0001 0.0001 0.188275310148397 0.0040765894338957 0.0311496967031492 0.00053003866398 0.4508231557193851 0.4222197846184748 0.5220869033697577 0.4022019266705556 0.4925388052184618 0.5799839883552707 0.2030954633510781 0.5220869033697577 0.275734732026 0.1643714370807578
2 0.3715671936758893 0.25005 0.0001 0.0001 0.036214376430183 0.0011940257471274 0.0497794816384918 0.0028137935369811 0.7365909414906566 0.7049832925880332 0.8114251486706543 0.6866344797705539 0.3806209086769182 0.664672929033571 0.1803296077386747 0.8114251486706543 0.212321177274 0.1513317603158349
2 0.4703616600790514 0.2625475 0.0001 0.0001 0.0115046065519797 0.00018961358603 0.0112779154491977 0.0001560923194133 0.7100018939318945 0.6498890125533956 0.8165787716047218 0.653905264108955 0.1922258012984413 0.8105261599292578 0.1366950653768876 0.8165787716047218 0.27682904312 0.1383415309429931
4 0.3004351778656126 0.2792108333333333 0.0001 0.0001 0.0761304480415776 0.0024598152982943 0.0448115500179161 0.0043309549433743 0.1715090381028362 0.175105511953043 0.2069805500245909 0.1302376381882263 0.8040436592283068 0.3423844862183265 0.2694958613252686 0.2069805500245909 0.401984567008 0.2407451664998924
6 0.3794707509881422 0.3292008333333333 0.0001 0.0001 0.0647258688605496 0.0026838490113322 0.0808291939906836 0.006235416850481 0.1405315034476066 0.1143397116222018 0.1922559632389104 0.1107559606963067 0.6081873117415391 0.4129585858067142 0.3548677601114401 0.1922559632389104 0.4652849444 0.1583216006918647
3 0.336001185770751 0.7332866666666666 0.0001 0.0001 0.038115200071206 0.0008259505152874 0.0323916762549269 0.0006411117028212 0.0958722226933299 0.0851721262966947 0.0685693706289442 0.1349132374198523 0.729431719806768 0.0236247139776193 0.8595106481202228 0.1274677376498693 0.463336414184 0.8369190626434582
4 0.4743134387351778 0.4666733333333333 0.0001 0.0001 0.0533212862581526 0.0025942358487247 0.0199717980207827 0.0008906328861419 0.0486314760711534 0.0576249607577387 0.0560534642411379 0.0320499582404221 0.8805208952467694 0.1788877722407072 0.4554169022331545 0.0560534642411379 0.4750049999999999 0.312879915007675
6 0.3755189723320158 0.5166633333333334 0.0001 0.0001 0.0134053251569755 0.0001634760204247 0.003825961905339 0.0001240395089609 0.0135236002092517 0.0073918963313767 0.0295491914617438 0.0024378020003709 0.7872559747470753 0.2118223548715861 0.4971542859765519 0.0295491914617438 0.927692214446 0.1868860968961525
4 0.4110849802371542 0.5333266666666666 0.0001 0.0001 0.0096038041234442 0.0002082827085922 0.0187298106444838 0.0004766188661779 0.0426941136359136 0.0551943259735844 0.0479549338890358 0.0250365544835992 0.9066350778215372 0.1671254163105093 0.4478282916637322 0.0501636209129777 0.53262137442 0.3489221895907863
5 0.557300790513834 0.3666933333333333 0.0001 0.0001 0.026710654077457 0.0005591330216823 0.0386016075474777 0.0010665750847749 0.3617627610104652 0.378468406630214 0.3711597910820339 0.3351849622701492 0.8338884349969222 0.2624004713977619 0.3681478397062783 0.3711597910820339 0.1466813978559999 0.2479599371207551
5 0.4703616600790514 0.4041858333333333 0.0001 0.0001 0.157863120667659 0.0036271880249474 0.0373596101110801 0.0012275538459216 0.4048731594560236 0.3841398831750396 0.4609798493248906 0.364797104763925 0.5615548800307585 0.4964712817879336 0.2675987095366322 0.4609798493248906 0.252507928316 0.1663188183855856
2 0.2569656126482214 0.125075 0.0001 0.0001 0.0210083942528529 0.0004304014767155 0.0087939787014174 0.0003363562920377 0.7647288992379211 0.6936403905416564 0.8541265106463438 0.7372869099809224 0.098960803575391 0.7411282521073631 0.3434848323052385 0.8541265106463438 0.2620932108759999 0.1074256987885231
3 0.4624581027667984 0.64997 0.3333666566686669 0.0001 0.0305121607412386 0.0006227436501732 0.0460535318052713 0.0008185139912265 0.1018095781586236 0.0940844424146227 0.0913924897545472 0.1201071591595585 0.7480847075999978 0.1059611821995459 0.7077383394077925 0.1134793732461018 0.248499320198 0.8980593194771798
0 0.7627932806324111 0.7166233333333334 0.0001 0.0001 0.026710654077457 0.0006884874717258 0.0659253275904765 0.0012719525264798 0.3816400014946554 0.3590233254402214 0.4492001586929297 0.3312885945100983 0.555958973452301 0.5458731673789814 0.193609704407896 0.4492001586929297 0.303160615752 0.1767534601740859
6 0.2095442687747035 0.5124974999999999 0.0001 0.0001 0.0077030420670625 0.0001298710915039 0.0013419875104335 0.0001133552926586 0.0037140459421083 0.0001 0.0104072167134372 0.0001 0.8077742557796916 0.1647729470299709 0.5521717407775959 0.0104072167134372 0.9999 0.1595166296875821
4 0.1107498023715415 0.2917083333333333 0.3333666566686669 0.0001 0.0894357311157149 0.0038824266742454 0.0609573736141258 0.0028057802326809 0.142854823425711 0.1467481292289151 0.1731139825271429 0.1068596209898793 0.8152354488824611 0.3106261334639639 0.3093360659610166 0.1731139825271429 0.412679797534 0.2481492840420265
3 0.2846280632411067 0.6374725 0.0001 0.0001 0.0324129262189893 0.0006788115592289 0.0423275775008958 0.0008551101915327 0.1614413414308703 0.1589013067956345 0.1267315086418887 0.2003716967966735 0.7648723937599979 0.0036287129190075 0.8557163103941837 0.1893110405809201 0.330378931 0.812889845657517
5 0.5889150197628459 0.6124775 0.0001 0.0001 0.0742296722997201 0.0017466439800249 0.0311496899964167 0.0004018290188741 0.0589573256028606 0.0511432743196375 0.0810852703906828 0.0429597017036725 0.7611417921723073 0.2518143538129743 0.4592112109327422 0.0810852703906828 0.50308583271 0.1848523756779286
6 0.6323845849802372 0.325035 0.0001 0.0001 0.1597638793026717 0.0052581168761817 0.0038259659293785 0.0003011290597631 0.0217842770466391 0.0211654776424755 0.0251318107877922 0.0188024158626994 0.8226966436639993 0.1530105932169965 0.5559660477697453 0.0251318107877922 0.09772357138 0.1937422983937882
1 0.8694913043478261 0.4166833333333333 0.0001 0.0001 0.0210083655133536 0.0003427025069435 0.0087939120812079 0.0002736186453712 0.009393261790558 0.0001 0.0266042707915738 0.0001 0.7667376903569217 0.2165272987257218 0.5104343604490751 0.0266042707915738 0.9999 0.1595166296875821
4 0.8615877470355732 0.5124974999999999 0.0001 0.0001 0.0096038061762656 0.0002082827428693 0.0150038507511645 0.0004205267024645 0.0331427087435386 0.0470922226656906 0.0347027984932489 0.0180231486227545 0.9196921623938468 0.1471294163105093 0.4667998300393561 0.0428013268575307 0.6036829592599999 0.3884467086421231
5 0.5454454545454545 0.3500299999999999 0.0001 0.0001 0.1236494207596335 0.0026452659359753 0.1578324068500616 0.0042286867816286 0.3266548781786175 0.3128413396478228 0.3733684714799081 0.2899874609506637 0.6343014976738444 0.4329545974514436 0.2960560034405617 0.3733684714799081 0.26461848572 0.1802613044937717
5 0.7786003952569169 0.4833366666666667 0.0001 0.0001 0.0837334620534147 0.0045209222724918 0.1913660626567662 0.0430399033542746 0.2840607575727578 0.2771920605923181 0.3196236942627121 0.2525826109904096 0.6958563525230735 0.3694378919427183 0.3358962251506928 0.3196236942627121 0.2490495901219999 0.1907439166307334
1 0.3755189723320158 0.45001 0.0001 0.0001 0.0115045620741832 0.0001896132432593 0.0125198737629892 0.0002495791723935 0.0101676994599442 0.0001 0.0280767307953554 0.0008792673100789 0.7611417921723073 0.2200560010586117 0.5104343604490751 0.0280767307953554 0.9999 0.1562731258220321
5 0.4703616600790514 0.3791908333333333 0.0001 0.0001 0.026710654077457 0.0002642918768331 0.0150038507511645 0.0002282115821331 0.442562487245933 0.4141176856857187 0.5110434682500481 0.3967470749271371 0.4962694319876817 0.5646929554988651 0.2239641330260787 0.5110434682500481 0.269425744076 0.1614219991721864
6 0.7904557312252964 0.5083316666666666 0.0001 0.0001 0.0210083655133536 0.0003427025069435 0.0050679499523111 0.0001534211218219 0.0052629226748697 0.0025306321590715 0.0118796760546121 0.0008792673100789 0.8133701522855374 0.1647729470299709 0.5464802819968101 0.0118796760546121 0.9628704074 0.175517745340485
1 0.0238106719367588 0.3292008333333333 0.0001 0.0001 0.0438174896617201 0.0009611444168828 0.0547474490283075 0.0015556643033618 0.0326264134789748 0.0187348465042694 0.0383839461835791 0.0398426320425523 0.727566419852307 0.1671254163105093 0.6299550426538517 0.0413288661911423 0.6653108712119999 0.0001
0 0.9919964426877472 0.7916083333333334 0.0001 0.0001 0.1578631104035521 0.0056398951728635 0.1242987443366245 0.0042794654264116 0.2809629999252673 0.260987862726806 0.3247773171967796 0.253361870515608 0.6063220319323015 0.4082536387767432 0.3643535361290055 0.3247773171967796 0.27541312636 0.1458488736926283
6 0.4861687747035573 0.3625275 0.0001 0.0001 0.0343136793798116 0.0011192896389741 0.0274237133362662 0.0010331128160732 0.1500829083399816 0.1232520350320262 0.2018269535947941 0.1208864397249745 0.600726125353844 0.4153110752008759 0.358662063688713 0.2018269535947941 0.44868596486 0.1555150835380692
5 0.3241458498023715 0.5499900000000001 0.0001 0.0001 0.0438174554480304 0.0012128611981586 0.0274237066295337 0.0004925633966991 0.3511787586190165 0.3136515422492021 0.4293219555992492 0.3040142446187296 0.4626940596676814 0.5893938612429773 0.2182727118089358 0.4293219555992492 0.34126035428 0.157066080046093
1 0.3241458498023715 0.4791708333333333 0.0001 0.0001 0.0248098803884208 0.0006383789335561 0.0212137856206394 0.0005140567688575 0.0780601353876107 0.038179903631004 0.1326213539578692 0.0585450535159765 0.5335753639261572 0.4117823622818685 0.4326510688174492 0.1326213539578692 0.73921699703 0.1227350880590626
0 0.0001 0.7416183333333334 0.0001 0.0001 0.0476189658753179 0.0005667353227287 0.2770632150949556 0.0611095861480243 0.1645390921084149 0.1540400255602919 0.19446465688892 0.142705923846113 0.7089134337378459 0.3141548146246187 0.4117823649936823 0.19446465688892 0.233150070662 0.1720455850518802
0 0.336001185770751 0.774945 0.3333666566686669 0.5 0.0552220859495929 0.0015635206545124 0.0286657308928614 0.000896090815182 0.4407554590474194 0.410066599759859 0.5154608356718643 0.3905129356048968 0.4813470256369191 0.594098840031301 0.1917125526192596 0.5154608356718643 0.2853755534759999 0.1639435979686922
2 0.2609173913043478 0.25005 0.0001 0.0001 0.0571228137922849 0.0009961347513366 0.0336336334509296 0.0003163544388994 0.8780550284974448 0.842719164034191 0.9336393230210652 0.8518391472630039 0.3097395876307562 0.6058612023131693 0.3472791529568945 0.9336393230210652 0.1797362455639999 0.1183334980728699
3 0.93271976284585 0.74995 0.0001 0.0001 0.0343136896439185 0.0004136463312448 0.0336336625134371 0.0008291981541612 0.0512129384540802 0.0389901149826589 0.0361752591596372 0.0788059975465004 0.7331623180369214 0.0718503601646449 0.7779330358369411 0.0744592026927893 0.53581253606 0.8672920476985784
6 0.8418288537549408 0.3042058333333333 0.0001 0.0001 0.0077030352243246 0.000374383168595 0.0100359048228928 0.0003482787947418 0.1198798043841922 0.0948946523078983 0.1650154700654236 0.095949882436013 0.6231097180923016 0.3764952860223806 0.3985023024732274 0.1650154700654236 0.477226785554 0.1497048974764445
1 0.1502675889328063 0.275045 0.3333666566686669 0.0001 0.06282509996143 0.0019258699019802 0.0535054650053748 0.0006582508837168 0.053794400837007 0.0235961109682504 0.0869751090805956 0.0476353058446825 0.6081873117415391 0.3035686970398311 0.5313030523207738 0.0869751090805956 0.76199649022 0.0968937399669999
5 0.8971537549407115 0.0459241666666666 0.0001 0.0001 0.0381151966498371 0.0009676764164504 0.0311496832896842 0.000803609279845 0.3462739936828503 0.3120311370464436 0.4168060425853753 0.3040142446187296 0.4869429322153766 0.5517543696921507 0.254318612867411 0.4168060425853753 0.3195100052199999 0.1546252990339965
5 0.6639988142292491 0.4416783333333333 0.0001 0.0001 0.0419167241839694 0.0007256899877223 0.0249397475259784 0.0010331127439547 0.2179753540255725 0.2002220478121722 0.258516640217845 0.191799764872026 0.6417626840615394 0.377671520133344 0.3776335986494604 0.258516640217845 0.30718852001 0.1604365928783357
2 0.6995648221343873 0.1334066666666666 0.0001 0.0001 0.0400159279138981 0.0012089645003057 0.0249397408192459 0.0006342084466682 0.8731502775011706 0.8435293228841922 0.9292219887295876 0.8409294087091376 0.3507761127630794 0.6070374258380151 0.3036446276694905 0.9292219887295876 0.1750125404939999 0.1299324027098763
5 0.7509379446640316 0.45001 0.0001 0.0001 0.0381151966498371 0.0014044052905542 0.0212138200485329 0.0006569006088038 0.2778652562176687 0.2642286731323231 0.3196236942627121 0.2463484646547633 0.6510891838338445 0.3976675211919557 0.3358962251506928 0.3196236942627121 0.27176290655 0.1743534321382191
4 0.0672802371541502 0.5583216666666667 0.0001 0.0001 0.0134053261833862 0.0001186694048439 0.0137618622570768 0.000369776688731 0.0274634921980942 0.0406105333108309 0.0266042707915738 0.0156853469029198 0.9159615691999992 0.1341908285982939 0.4914628254883277 0.0369114855171908 0.60050899418 0.4152222868235371
4 0.0514731225296442 0.2292208333333333 0.0001 0.0001 0.0533212862581526 0.0011156165485887 0.0336336625134371 0.0008291977935686 0.1302056539158994 0.1354051834311603 0.159125624749443 0.0943913493588043 0.8282925394983376 0.3012162394040221 0.311233217749653 0.159125624749443 0.437867259034 0.2476595098054604
1 0.1265569169960474 0.3625275 0.0001 0.0001 0.0210083655133536 0.0007166001122899 0.0299076947955965 0.0007627235641583 0.0142980385756324 0.0041510538415158 0.0236593521092242 0.0141268117216894 0.7592764922178463 0.1800640021172235 0.5768347394707002 0.0236593521092242 0.88325663334 0.0832302640416253
0 0.0909909090909091 0.8082716666666667 0.0001 0.0001 0.0761304343561018 0.0016999175804139 0.0535054717121073 0.0018952010737152 0.390933267467181 0.3630744113660811 0.4624522940887166 0.3414190945789838 0.5167876777661571 0.5670454025485564 0.1993011768481884 0.4624522940887166 0.3039508776679999 0.1689382209681254
5 0.1739782608695652 0.2333866666666666 0.0001 0.0001 0.0229091480979491 0.0004005708795359 0.0236977277338057 0.0005665557719133 0.451339461438868 0.4165482934898565 0.5331303053591289 0.3975263414657414 0.4496369331261565 0.6305621080572816 0.1651524105039665 0.5331303053591289 0.2981857209299999 0.1624930236422099
5 0.6798059288537549 0.6124775 0.3333666566686669 0.0001 0.0647258620178117 0.0038040147537042 0.026181736020066 0.0004445663990096 0.0584410268533238 0.0519534842129131 0.0781403543587602 0.0437389703462986 0.7704682885870752 0.2400520021172235 0.4686969749982393 0.0781403543587602 0.472980564968 0.191364358873868
4 0.3794707509881422 0.275045 0.0001 0.5 0.0419167241839694 0.0019669427023235 0.0994590057529561 0.0048331089353641 0.1756393723395622 0.1759157145544223 0.2143428732347358 0.1341339708812479 0.7797947782867685 0.3588517743579308 0.2675987095366322 0.2143428732347358 0.40764157538 0.2295229247704521
1 0.9050573122529644 0.4708391666666666 0.0001 0.0001 0.0096038034391704 0.0002082827025433 0.0063099379992833 0.0002095132927472 0.004746630895279 0.0001 0.0133521353957869 0.0001 0.800313062676922 0.1741828283865716 0.544583126793297 0.0133521353957869 0.9999 0.1595166296875821
5 0.5928667984189724 0.4916683333333333 0.0001 0.0001 0.2757102928932061 0.008307915358029 0.0162458332091929 0.0006969671303049 0.2233964177112755 0.2010322504135514 0.2725049979955449 0.1925790314106303 0.6081873117415391 0.4200159904724941 0.3434848323052385 0.2725049979955449 0.33843961854 0.1621347902107147
6 0.7825521739130435 0.4375124999999999 0.0001 0.0001 0.019107603456972 0.0003987108444695 0.0100358994575068 0.0001213684700302 0.0137817460990471 0.004961264463981 0.0324941094814866 0.0024378020003709 0.7686029903113826 0.2247609480885826 0.4952571290656006 0.0324941094814866 0.940652611848 0.1721839907528645
0 0.4743134387351778 0.7541158333333333 0.3333666566686669 0.0001 0.1160463827982137 0.0021760884728971 0.1329926682663932 0.0018952007131227 0.4239759831806657 0.3898113378441761 0.506626034567555 0.3686934514837583 0.4626940596676814 0.6282096610075903 0.1556666003376349 0.506626034567555 0.31264707808 0.166052245581434
1 0.2925316205533597 0.3625275 0.0001 0.0001 0.1350539965192926 0.0463143002005407 0.1044269463158418 0.0284345530341862 0.0385637752172199 0.0171144259885285 0.0693055996369249 0.0265950882621484 0.6734727765723021 0.2882776535973079 0.4895656685773764 0.0693055996369249 0.87207137084 0.1295430338702649
0 0.450602766798419 0.7666133333333334 0.0001 0.0001 0.1312524997774809 0.0030811982714851 0.0882811182484771 0.00132970113704 0.3981613523814516 0.3744173352881469 0.4646609943647938 0.3499910335170371 0.5429018636984623 0.5446969438541356 0.2087869357913705 0.4646609943647938 0.288402088048 0.1727429174861632
5 0.6323845849802372 0.2583816666666667 0.0001 0.0001 0.0286114068961424 0.0006096433576708 0.0137618383363976 0.0003810326577171 0.3057450401953537 0.3136515422492021 0.3233048724329537 0.2790777153833915 0.7909865696196915 0.2882776535973079 0.3700449914949146 0.3233048724329537 0.184439394746 0.2222832458230965
4 0.4229403162055336 0.4166833333333333 0.0001 0.0001 0.019107603456972 0.00026429090901 0.0572314193097503 0.0003777913416474 0.0266890531347189 0.0300777952187827 0.0369114855171908 0.0125682772417996 0.84881082288123 0.187121417369121 0.4743884423162168 0.0369114855171908 0.7155653783 0.269817430017566
0 0.6521434782608696 0.724955 0.0001 0.0001 0.0666266274955623 0.0003529688016275 0.0448115500179161 0.0002520388968702 0.3780259450976281 0.3541620879562568 0.4455189805226878 0.328950815934503 0.5484977702769197 0.5446969438541356 0.2030954633510781 0.4455189805226878 0.3025788421299999 0.1740164479933411
6 0.7232754940711463 0.3333666666666666 0.0001 0.0001 0.0419167241839694 0.000488324541396 0.0087939216941911 0.0001774607534604 0.1678949956457008 0.1297337214701274 0.2312761470443582 0.137251044049071 0.5167876777661571 0.4752990466183585 0.3472791529568945 0.2312761470443582 0.489992002 0.1413843079375666
6 0.7786003952569169 0.5708191666666667 0.3333666566686669 0.0001 0.0571228137922849 0.0009501458531091 0.0249397475259784 0.0008077040031228 0.012491015256081 0.0082021076830316 0.0214506630974619 0.0071134058608447 0.800313062676922 0.1777115360125203 0.5388916663050728 0.0214506630974619 0.612940367408 0.1677821825670462
0 0.557300790513834 0.7124575000000001 0.0001 0.0001 0.0856341898961068 0.0012089624840075 0.0510214701325794 0.002709621374382 0.2406922202073499 0.2301998357390586 0.2798672880753513 0.2089436497615385 0.6846645561538448 0.3764952860223806 0.3358962251506928 0.2798672880753513 0.2932490084699999 0.1849212260521025
0 0.5612525691699605 0.7291208333333333 0.0001 0.0001 0.0799319413620203 0.0024379013632095 0.0621993665793685 0.0019223574439046 0.3831888838033737 0.3582131228388421 0.4499363810748426 0.3359642217953477 0.5391712872923009 0.5423444968044441 0.2163755600202994 0.4499363810748426 0.29629214972 0.1705571279134742
6 0.770696837944664 0.3500299999999999 0.0001 0.0001 0.0590235690059287 0.0012329745789732 0.0299077037379065 0.0010122350114798 0.0532781062694378 0.0495228523455174 0.0715142866608668 0.0375048324267394 0.7909865696196915 0.2318183633404802 0.4611083627213787 0.0715142866608668 0.51256333683 0.217446414722154
4 0.6126256916996048 0.4666733333333333 0.0001 0.0001 0.0134053220777435 0.00025308930401 0.0087939134225544 0.0001454080079146 0.0426941136359136 0.0584351706510143 0.0450100138814726 0.0250365544835992 0.9290186537723087 0.1530105932169965 0.4478282916637322 0.0531085415831477 0.5557648448000001 0.3832127038688068
2 0.7904557312252964 0.1209091666666666 0.0001 0.0001 0.0362144619644071 0.0007011543206095 0.0336336334509296 0.0012138291881276 0.8628244419093554 0.8265149370010936 0.925540810559346 0.8300197122357065 0.3078742574584602 0.6364433103704511 0.2998502899434513 0.925540810559346 0.188565709318 0.1263158110537028
5 0.6916612648221344 0.3708591666666667 0.0001 0.0001 0.0666266069673485 0.0008803828032635 0.0323916807260819 0.0005701055460737 0.3860284885911229 0.3671254389567702 0.4433103133769491 0.3429776276561924 0.5802078459999963 0.4976475476572497 0.246729988638482 0.4433103133769491 0.2686667958959999 0.1743215078545334
3 0.9090090909090908 0.924915 0.0001 0.0001 0.0495197655667582 0.0008467773128037 0.026181731548911 0.0003484081897773 0.0878696861697811 0.0649168570891155 0.0788765833667409 0.1193278996343601 0.6473585906399969 0.1094898866496595 0.8044931779522341 0.1127431508641888 0.478225985674 0.929253641492277
0 0.1226051383399209 0.8124375 0.0001 0.5 0.0970387690771348 0.0018877072247928 0.1255407350662897 0.002125128522561 0.401775408778479 0.3679356488500458 0.4779131297605807 0.3531080856446426 0.4720205426523003 0.5917463400510214 0.2049925980653313 0.4779131297605807 0.305718993974 0.160936773558585
3 0.1423640316205533 0.64997 0.0001 0.0001 0.0305121723738931 0.0006675510077517 0.1690102943545407 0.0034227924757688 0.0981955357014883 0.0851721262966947 0.1112706994742952 0.0967291489746173 0.7126440336467679 0.2177035328366851 0.5635546634614828 0.1171605381642081 0.314543838652 0.0049833244057844
5 0.4782652173913043 0.4916683333333333 0.0001 0.0001 0.0780312100979593 0.0009699951996776 0.4434895525815185 0.0087141950382019 0.355567245715484 0.34200892497333 0.402081449173627 0.3188203228790234 0.6268403112861493 0.4388357680062602 0.2941588516519253 0.402081449173627 0.248142261624 0.1758234765851407
3 0.0791355731225296 0.8540958333333333 0.3333666566686669 0.0001 0.1312524655637913 0.0008057023046138 0.0187298117622725 0.0004445662187133 0.1154913242576707 0.0957048622011739 0.0928649477705085 0.1582912616316052 0.6604156836061496 0.0506781249950698 0.8860707902355158 0.1495546343935593 0.4267916446 0.8818755203838798
3 0.7746486166007905 0.9374125 0.0001 0.0001 0.0837334620534147 0.0069852832360476 0.0746192492846677 0.0055810055333208 0.1121354276903308 0.0957048622011739 0.1105344704663146 0.1294583786630279 0.6846645561538448 0.1506581228778463 0.7001497271309319 0.1230503636019855 0.2927702942319999 0.979308635607683
1 0.3162422924901186 0.4791708333333333 0.0001 0.5 0.0666266138100865 0.0012388354536933 0.0236977612674682 0.000305671285624 0.0207516913964737 0.0041510538415158 0.0435375532150843 0.0125682772417996 0.7126440336467679 0.2459331832581577 0.5180229744333741 0.0435375532150843 0.935619118748 0.126836687129212
1 0.802311067193676 0.4375124999999999 0.0001 0.0001 0.0362144482789313 0.0013732549959746 0.0236977635030457 0.0011390407759822 0.0153306228318086 0.0025306321590715 0.0339665674974479 0.0078926738021302 0.7406235161759969 0.2247609480885826 0.5237144349215983 0.0339665674974479 0.961327476048 0.1335535094198413
2 0.0317142292490118 0.3458641666666666 0.0001 0.0001 0.0210083518278778 0.000656348586151 0.0224558040714655 0.0005807885334765 0.7889946616683088 0.779522668396456 0.8452917758027114 0.7372869099809224 0.5167876777661571 0.5882176377181315 0.1651524105039665 0.8452917758027114 0.176854122104 0.1727912570955295
0 0.6995648221343873 0.724955 0.0001 0.0001 0.0894357721721425 0.0019210878475986 0.0696513064862045 0.0017422112408115 0.3418854996164368 0.3209434385805789 0.402081449173627 0.2977801052964892 0.5802078459999963 0.5011762499901398 0.2410385161981897 0.402081449173627 0.300076152768 0.1743221792379968
4 0.3122905138339921 0.4375124999999999 0.0001 0.0001 0.0514205344658778 0.0017466429718758 0.0348756532431022 0.0007303692088959 0.1513736377889585 0.1548502354535675 0.1826849728830266 0.1146523004027342 0.8096395557341526 0.3176835275436263 0.3036446276694905 0.1826849728830266 0.407382747156 0.2370870329919196
6 0.5612525691699605 0.325035 0.0001 0.0001 0.0913365000148345 0.0023087443591648 0.007551921127985 0.0001000000114629 0.1255590278995826 0.1021865486392751 0.1709053087553364 0.0998462151290345 0.6324362010769206 0.3788477754165425 0.3852222228783892 0.1709053087553364 0.459101121412 0.156388469501048
5 0.93271976284585 0.524995 0.0001 0.0001 0.3061224994807889 0.0088254345780011 0.0584733966259505 0.0012215574800657 0.2574717100139956 0.2545061689968085 0.2806035502136704 0.2354387401277087 0.7312970214399976 0.3035686970398311 0.406090909627773 0.2806035502136704 0.21451330876 0.1852676599192281
6 0.205592490118577 0.5124974999999999 0.0001 0.0001 0.0742296620356132 0.0004024447262448 0.0063099350930326 0.0001133552753501 0.0486314760711534 0.0341288519770571 0.0744592026927893 0.0351670293042235 0.718239928473845 0.2671054184277328 0.4781827458934897 0.0744592026927893 0.5872166531799999 0.1521207533774615
1 0.3162422924901186 0.5583216666666667 0.0001 0.5 0.1559623551899084 0.0046715944886572 0.1677683125671855 0.00450848115302 0.0938070555749668 0.0722087534204923 0.1333575763397822 0.0725718652376659 0.6548197770276919 0.3435607097431723 0.4193709892226111 0.1333575763397822 0.532721294432 0.1649004033270011
3 0.3636636363636363 0.9374125 0.3333666566686669 0.0001 0.0609243344836793 0.0028182688560583 0.0448115477823386 0.0007731061346848 0.0873533943901904 0.0697781164487691 0.0715142866608668 0.1208864397249745 0.6846645561538448 0.0765552987257217 0.8196704093357086 0.1142156155062178 0.447257130684 0.8915919161432115
6 0.6995648221343873 0.5291608333333333 0.0001 0.0001 0.0039015200071206 0.0002735352732086 0.0013419871527411 0.0001981408595749 0.0096514076803534 0.0073918963313767 0.0207144334268745 0.0001 0.8152354488824611 0.187121417369121 0.5085372086604386 0.0207144334268745 0.9999 0.2164798575190389
2 0.9248162055335968 0.1459041666666666 0.0001 0.0001 0.0400159279138981 0.0007286913886966 0.0299076724398215 0.0005300295554119 0.7990623304604906 0.7357712904081952 0.8806307814379177 0.772353939285146 0.1418627428184409 0.7117223781610448 0.3472791529568945 0.8806307814379177 0.2407736356439999 0.1090566570670403
3 0.3557600790513834 0.9832366666666666 0.0001 0.0001 0.0913365000148345 0.0013573827975562 0.0497794950519568 0.0011274369072908 0.0881278390295225 0.0697781164487691 0.0825577350327118 0.111535227234911 0.6790686663630734 0.1259571811409342 0.7456814212813554 0.1053808541583147 0.40185283336 0.9395778071318712
5 0.7272272727272727 0.3083716666666666 0.0001 0.0001 0.3175270512908653 0.0822492058277833 0.0634413506023012 0.0067268965814079 0.342659937285823 0.3282353349119557 0.3947191524677529 0.3008971924911241 0.6249749979015393 0.4623604608116443 0.2581128993703006 0.3947191524677529 0.278769994852 0.1830444071492803
3 0.8220699604743084 0.9915683333333334 0.0001 0.0001 0.0837334620534147 0.0025046227869322 0.0646833435675438 0.0028458450954562 0.0597317563023007 0.0584351706510143 0.0501636209129777 0.0710133251470514 0.8059089591827678 0.1000800052930587 0.6584123450949727 0.0670969059869152 0.309060025634 0.8328833262910706
4 0.3083387351778656 0.1917283333333333 0.0001 0.0001 0.0590235792700356 0.0017317067390702 0.0435695682305609 0.0015236723147783 0.186997819370343 0.175105511953043 0.2401108818879905 0.1419266432806969 0.6921257425415398 0.4306021080572816 0.2410385161981897 0.2401108818879905 0.44052124813 0.2026061378620939
6 0.1660747035573122 0.5416583333333334 0.0001 0.0001 0.0153060834498513 0.0002735353941864 0.0038259625760122 0.0002316697946298 0.0055210692616597 0.0001 0.0155608257327626 0.0001 0.7947171678498449 0.1812402383454103 0.5388916663050728 0.0155608257327626 0.9999 0.1595166296875821
0 0.7311790513833992 0.7374525000000001 0.0001 0.0001 0.0628250554836335 0.0013707827119674 0.0435695369324759 0.0010048138722873 0.3483391538312674 0.3290455375133349 0.4072350389773561 0.3040142446187296 0.5895343457723015 0.4964712817879336 0.2391413644095532 0.4072350389773561 0.294815105188 0.1764615929979499
6 0.5414936758893281 0.5541558333333334 0.0001 0.0001 0.0305121689525241 0.0009676766785692 0.0063099379992833 0.000485132586414 0.004746630895279 0.0041510538415158 0.0067260676978934 0.0032170693104499 0.8282925394983376 0.1424244756322089 0.5673489704536322 0.0067260676978934 0.370396285928 0.1914284424254516
3 0.7509379446640316 0.6416383333333334 0.0001 0.0001 0.0115045634427307 0.0002792265570891 0.0547474445571525 0.0009226854542761 0.0997444110402606 0.0876027559765215 0.0936011767784891 0.1177693735705573 0.718239928473845 0.1259571811409342 0.7058411944489092 0.116424295904092 0.31816502427 0.9463676423741476
0 0.0119553359683794 0.8291008333333334 0.0001 0.0001 0.161664682415481 0.0041516876692012 0.12802470758331 0.0016757649933842 0.3467902715225491 0.3225638437833374 0.4123886420332205 0.3001179329659256 0.555958973452301 0.5282296345422963 0.2220669812374423 0.4123886420332205 0.3143149444399999 0.1729377361826615
5 0.1107498023715415 0.0292608333333333 0.6666333133373338 0.0001 0.0267106345756539 0.0009139517483188 0.0386016231965203 0.0010300120806202 0.4761214877690624 0.4303218835512308 0.5706780775310892 0.4193458326002857 0.3656985023261557 0.6976075158988969 0.1423865548915632 0.5706780775310892 0.317192648784 0.1546078430639475
0 0.8062628458498023 0.6916283333333333 0.0001 0.0001 0.0970388340831451 0.0098118308326234 0.1901240652203686 0.0126245999848321 0.2262360155290787 0.2075139441435489 0.2673514148178835 0.2003716967966735 0.6324362010769206 0.3823764671633149 0.3795307504380968 0.2673514148178835 0.296405727 0.155011344525464
5 0.4980241106719367 0.4458441666666667 0.0001 0.0001 0.3954581382195419 0.0104133147574956 0.0187298207045825 0.0005984942774078 0.2394014698485351 0.2245283737780257 0.2761861629136512 0.2143985085183629 0.6548197770276919 0.3647329449127474 0.3852222228783892 0.2761861629136512 0.293990040234 0.162324304977852
2 0.2332549407114624 0.1708991666666666 0.0001 0.0001 0.0248098998902239 0.00070116040983 0.0174878165614523 0.0006342132786086 0.7781524924772268 0.7365815294690562 0.8563352440527595 0.7341697947326641 0.2985477576861551 0.6905501429914697 0.2220669812374423 0.8563352440527595 0.21843567413 0.1368088296343476
0 0.5375418972332016 0.7124575000000001 0.0001 0.0001 0.06282509996143 0.0039869745574348 0.080829178341641 0.0067482609696064 0.2435318180251531 0.2293896331376793 0.284284688627506 0.2136192489931644 0.6585503702215395 0.3847289565574767 0.3491762876711477 0.284284688627506 0.2857990187659999 0.1751717143034376
3 0.916912648221344 0.8332666666666667 0.3333666566686669 0.0001 0.0913365068575725 0.0062385084940241 0.0373596235245451 0.0013500542073351 0.1077469475638094 0.0908436028415203 0.1009634734843632 0.1310169187536424 0.6827992595569209 0.1247809459713591 0.7437842694927191 0.1237866058621015 0.335454385706 0.9398924342074172
2 0.8813466403162056 0.0959141666666666 0.0001 0.0001 0.0457182106616742 0.0010739640625201 0.0224558040714655 0.0005561169705825 0.8589522187126947 0.8127413031883413 0.9277494777050848 0.8292404106300728 0.2407235463938319 0.664672929033571 0.3226161455558547 0.9277494777050848 0.203979545934 0.1177253253625293
6 0.2293031620553359 0.5166633333333334 0.0001 0.0001 0.0058022817213653 0.0002840620232094 0.0013419875104335 0.0001981408812104 0.0034559000523129 0.0001 0.0096709863802431 0.0001 0.8096395557341526 0.1624204745735972 0.554068895981109 0.0096709863802431 0.9999 0.1595166296875821
2 0.1700264822134387 0.2833766666666666 0.0001 0.0001 0.0153060701065124 0.0004470703044614 0.0174878433883824 0.0003911326390634 0.7510471391989819 0.6847280160885577 0.8386657081048181 0.7209222846166083 0.1362667858769249 0.7293658686532596 0.3245132973444911 0.8386657081048181 0.25812748418 0.1119205775069584
3 0.9564304347826088 0.6458041666666667 0.0001 0.0001 0.021008367566175 0.0004323155788175 0.0162458332091929 0.000337724106173 0.0932907568254301 0.0819312794316959 0.0803490413827022 0.1177693735705573 0.725701119897846 0.0918463591060331 0.7532700284359012 0.1112706994742952 0.33054644749 0.8911016887228077
3 0.1621229249011857 0.7874424999999999 0.0001 0.0001 0.019107603456972 0.0005331306891956 0.0100358974454871 0.0002816317405277 0.053794400837007 0.0422309560141406 0.0391201771793801 0.0803645376371149 0.7368929162670748 0.074202826269348 0.7703444116080121 0.0759316673348183 0.51531683602 0.8647470847575457
0 0.3478565217391304 0.7666133333333334 0.3333666566686669 0.0001 0.0932372791780611 0.0019820785486484 0.0708932882735597 0.0014145019065388 0.4304296234556042 0.4019645008271029 0.507362323210145 0.375706857344603 0.4999999916061569 0.6023324576358091 0.1594609380636741 0.507362323210145 0.3002745130879999 0.1718461170248975
3 0.6916612648221344 0.924915 0.3333666566686669 0.0001 0.0495197689881272 0.0012576249331261 0.0584734100394155 0.0014718672072041 0.087095255470341 0.0754496002854911 0.0553172352331573 0.1317961852922467 0.725701119897846 0.0001 0.9012480386933736 0.1245228348700822 0.5548700238 0.8305779633235462
5 0.1542193675889328 0.025095 0.0001 0.0001 0.0438174349198166 0.0010603431114215 0.0323916941395469 0.0008997121741781 0.4916102760065151 0.4554384048265673 0.5736230001890795 0.4388275100922054 0.4272533907507573 0.6411482256420692 0.1708438317211095 0.5736230001890795 0.2862811823139999 0.1588241312142359
5 0.7430343873517787 0.4708391666666666 0.0001 0.0001 0.0438174759762442 0.0010596094309231 0.0286657443063264 0.0010749350627656 0.2690882959646257 0.2617980653281853 0.3063715588669252 0.2362180066663131 0.6977216491199973 0.3741428389726891 0.3264104491331276 0.3063715588669252 0.271519475246 0.1908858974486605
0 0.802311067193676 0.6916283333333333 0.0001 0.0001 0.060924365276 0.0108834630681451 0.1863980952669506 0.0198124105473491 0.2293337871164613 0.211564993609927 0.2695600952157578 0.2034887699644966 0.6380320908676917 0.3788477754165425 0.3795307504380968 0.2695600952157578 0.281133322092 0.1584349134359037
2 0.802311067193676 0.0584216666666666 0.0001 0.0001 0.0210083518278778 0.0004323140363494 0.0187298117622725 0.0004445645599875 0.714390381028362 0.6417868771611578 0.8327758230324314 0.657801631869006 0.1045567605169069 0.8681616948831665 0.132900795948381 0.8327758230324314 0.29962283345 0.1328269885894861
2 0.3992296442687747 0.0792508333333333 0.0001 0.0001 0.0324130014891065 0.000986985495923 0.0137618533147668 0.0006569008972778 0.8741828750002442 0.8394783171691922 0.9343755454029784 0.8424879978935932 0.3153354438461553 0.6270334374827445 0.3074389141723802 0.9343755454029784 0.1836286669239999 0.1256799773446693
6 0.3241458498023715 0.4416783333333333 0.0001 0.0001 0.06282509996143 0.0014896376421169 0.0162458392452522 0.0004538516430944 0.1193635126046015 0.1062375981056531 0.1524995570515496 0.0967291489746173 0.7051828439015356 0.3188597616545896 0.4079880614164094 0.1524995570515496 0.402222579396 0.1744979138595475
4 0.0830873517786561 0.2042258333333333 0.0001 0.0001 0.0172068448219592 0.0004024449782821 0.0286657107726639 0.0006261978828715 0.1389826281088343 0.1410766672678822 0.1709053087553364 0.1029632882968577 0.8040436592283068 0.3176835275436263 0.3093360659610166 0.1709053087553364 0.4304982231359999 0.2340984702120174
2 0.9643339920948616 0.0292608333333333 0.0001 0.0001 0.0343136896439185 0.0011305518740602 0.0261817941450811 0.0002522498940027 0.9611781165306932 0.958579229815877 0.9800217969063196 0.9422342340628452 0.5093264913784619 0.4494218855910477 0.3966051336102077 0.9800217969063196 0.111295416468 0.1291843976086915
4 0.0198588932806324 0.1667333333333333 0.0001 0.0001 0.0571228137922849 0.0021162970660018 0.0361176350304574 0.0016198308124846 0.1366593081307299 0.1370256178015041 0.1701690664952204 0.1006254816676389 0.7928518695741523 0.3247409322094062 0.3093360659610166 0.1701690664952204 0.4428720578739999 0.2288545625326158
3 0.6877094861660079 0.8374325 0.3333666566686669 0.0001 0.0343136930652875 0.0007720997277049 0.0410855890068081 0.0010705529255792 0.0858045190514181 0.0730189633137679 0.0597346092810411 0.1255620459700063 0.718239928473845 0.0271534163105093 0.8652021205605152 0.1186329961801694 0.49875754854 0.8424629948080764
2 0.3043869565217391 0.2542158333333333 0.0001 0.0001 0.0381152411276336 0.0011156189681466 0.0236978305703707 0.0006261992531233 0.8752154724993176 0.8410987296638471 0.9314306558753266 0.8471635901118132 0.3190660706153752 0.6082136493628609 0.3339990733620564 0.9314306558753266 0.179394393948 0.1215088733014692
1 0.1423640316205533 0.3833566666666667 0.0001 0.0001 0.0609243344836793 0.0022430027555402 0.065925343239519 0.0025676135322347 0.0269472004185035 0.0138735813110987 0.0413288661911423 0.0242572865423137 0.7350276146338451 0.2071174152518975 0.5578632029732585 0.0413288661911423 0.79901423519 0.0917851496246509
4 0.6995648221343873 0.4625075 0.0001 0.0001 0.019107603456972 0.0002194842672173 0.0174878210326073 0.0001854737981339 0.040887092407346 0.0535739076454125 0.0457462448772736 0.0234780193023688 0.9085003777759983 0.1647729470299709 0.4497254468672452 0.0494273945554242 0.549593239368 0.3528476126047578
2 0.916912648221344 0.2208891666666666 0.0001 0.0001 0.0343137341217151 0.000906522344841 0.0174878165614523 0.0002495782637002 0.6470142131824698 0.5631964227187716 0.7863933491471771 0.5790956483493173 0.0485977450953905 0.9528506355614668 0.0532203013049693 0.7863933491471771 0.3492404579399999 0.1369339587273428
2 0.9919964426877472 0.0667533333333333 0.0001 0.0001 0.0438174349198166 0.0007011519716221 0.022455717778174 0.0005166822433118 0.9500778502394378 0.9504772038020842 0.964560994364794 0.9328829794923468 0.5335753639261572 0.4258971927856635 0.4098852132050459 0.964560994364794 0.10454920598 0.1310275634154098
2 0.9366715415019764 0.0584216666666666 0.0001 0.0001 0.0134052515975428 0.0003529682471455 0.0212138348033444 0.0006969677793715 0.8104207635513793 0.7560265669076708 0.8865206930145751 0.7809258712097936 0.1996869205353919 0.6881976641834254 0.3264104491331276 0.8865206930145751 0.2250296650679999 0.1149031649740362
3 0.3636636363636363 0.9374125 0.3333666566686669 0.0001 0.0609243344836793 0.0028182688560583 0.0448115477823386 0.0007731061346848 0.0873533943901904 0.0697781164487691 0.0715142866608668 0.1208864397249745 0.6846645561538448 0.0765552987257217 0.8196704093357086 0.1142156155062178 0.447257130684 0.8915919161432115
5 0.6007703557312253 0.4375124999999999 0.0001 0.0001 0.1122448689495572 0.0025914552727266 0.0249397408192459 0.0007017884692335 0.2053261914857069 0.1823974082844198 0.2540992794220966 0.1754351465211177 0.6100526251261491 0.4141348199176775 0.3510734565341674 0.2540992794220966 0.355784688832 0.1601232246467837
6 0.9445750988142292 0.2167233333333333 0.0001 0.0001 0.0191076082468885 0.0006487671033833 0.0087939185643826 0.0003810327009882 0.0625713680599959 0.0462820113140357 0.0928649477705085 0.0460767699621116 0.7014522423138448 0.2918063559301979 0.4554169022331545 0.0928649477705085 0.5476909199079999 0.1549106202213641
1 0.4268920948616601 0.5624875 0.0001 0.0001 0.0020007605509793 0.0002371917203976 0.0013419875104335 0.0001981408812104 0.0003581461476833 0.0001 0.000836229736848 0.0001 0.832023136553353 0.1341908285982939 0.5768347394707002 0.000836229736848 0.111188887778 0.1595166296875821
5 0.1265569169960474 0.4041858333333333 0.0001 0.0001 0.1008402931898981 0.0047337529287951 0.1528644327535135 0.0122399472431933 0.2788978397768502 0.2626082679295646 0.3196236942627121 0.2510240919400127 0.6324362010769206 0.3929625847481024 0.3624563672659858 0.3196236942627121 0.266804288472 0.1618532455553287
3 0.9603822134387352 0.8332666666666667 0.0001 0.0001 0.0571228137922849 0.0014441988505204 0.0448115544890711 0.0017667396123986 0.0950977850239437 0.0786904398585935 0.0855026510646344 0.1208864397249745 0.6902604627323022 0.1083136514800844 0.7627558044534664 0.1142156155062178 0.3748315386999999 0.9207668174078558
3 0.2964833992094862 0.7791108333333333 0.0001 0.0001 0.0609243379050483 0.0013147472653124 0.0336336647490146 0.0005984935850701 0.1015514322688282 0.0884129658697971 0.0781403543587602 0.1388095911530914 0.7107787336923068 0.043620715036231 0.8462305685253848 0.1311489025679756 0.41159038546 0.856088319368142
4 0.7627932806324111 0.4458441666666667 0.0001 0.0001 0.0153060861869465 0.0002194842974618 0.0100359012459688 0.0002175264816578 0.0437266971950952 0.0551943259735844 0.0508998512461719 0.0250365544835992 0.8991738796824619 0.1765352997843335 0.4402396759719948 0.0516360815793661 0.54386242576 0.3304168706869148
4 0.1305086956521739 0.524995 0.0001 0.0001 0.0172068516646972 0.0002680249117632 0.0249397475259784 0.000441895259113 0.040887092407346 0.0568147486768942 0.0428013268575307 0.0234780193023688 0.9308839537267698 0.1506581228778463 0.4497254468672452 0.0516360815793661 0.573618403374 0.3861292876275957
6 0.0949426877470355 0.59998 0.0001 0.0001 0.1958783617952926 0.1006647567152127 0.4025039501612453 0.1094957569675028 0.100002556930056 0.0948946523078983 0.1237866058621015 0.0795852640851047 0.7667376903569217 0.2694578866496595 0.4250624445885204 0.142192344313753 0.64626879039 0.20936018836577
2 0.8892501976284585 0.30004 0.0001 0.0001 0.030512182638 0.0006227440534329 0.0236976852578332 0.0004659339243634 0.6317836265943805 0.5437514144477424 0.7746136651412838 0.5642895069683708 0.0243489396984399 0.965789200195946 0.0570146390310085 0.7746136651412838 0.362089357646 0.1352364495630139
3 0.1305086956521739 0.9624075 0.0001 0.0001 0.0552220517359033 0.0017520065266511 0.05474745573504 0.0008997125347707 0.1033584604673419 0.0827414893249715 0.1039083961423534 0.1224449728021832 0.6585503702215395 0.1588917701234836 0.7134298067257699 0.1156880735221791 0.353190787716 0.9869982925368104
0 0.3439047430830039 0.7041258333333333 0.0001 0.0001 0.051420513937664 0.0010445330956388 0.0857971077266392 0.0021832694578302 0.351436897538866 0.3298557401147142 0.4131248776672689 0.3063520652747602 0.5727466596123012 0.5105861440500815 0.2334499431924103 0.4131248776672689 0.30095801636 0.1738969920906119
1 0.1384122529644268 0.5583216666666667 0.0001 0.0001 0.0096038034391704 0.0002978959256397 0.0286657130082414 0.0015877781001134 0.0060373617382451 0.0025306321590715 0.0096709863802431 0.0055548713809549 0.8077742557796916 0.1506581228778463 0.5749375858038817 0.0096709863802431 0.2519014896279999 0.086242660934479
0 0.0909909090909091 0.6707991666666666 0.0001 0.0001 0.0400159826558015 0.0010203093599352 0.21868980505554 0.0040344579244445 0.293095877655488 0.2771920605923181 0.3336120652925473 0.2650509036617021 0.6305709044799968 0.3953150741422642 0.3605592154773495 0.3336120652925473 0.2498857428579999 0.1512380016151681
4 0.2688209486166008 0.3375325 0.3333666566686669 0.0001 0.0647258620178117 0.0046553387903259 0.0448115477823386 0.0008372112421058 0.1351104327919576 0.1475583391221907 0.1547082507015592 0.1021840147448475 0.8767903003741532 0.2576955349539086 0.3321019044990368 0.1547082507015592 0.376598815174 0.2746846244356417
5 0.4071332015810276 0.4916683333333333 0.0001 0.0001 0.6596638793026718 0.0292429901026339 0.0249397408192459 0.0008906328861419 0.2641835170885676 0.2415427815368134 0.3144700912068476 0.2323216529330739 0.593264938966149 0.4353070550872526 0.3339990733620564 0.3144700912068476 0.3206483775 0.1589453159293835
6 0.9406233201581028 0.3416983333333333 0.0001 0.0001 0.1179471380118574 0.0137062835375445 0.0236977612674682 0.0007223556377572 0.1005188556795927 0.0722087534204923 0.1517633346696367 0.0733511317762702 0.6063220319323015 0.4011962446970809 0.3757364468608239 0.1517633346696367 0.57698694953 0.1522827749917718
2 0.0277624505928853 0.0417583333333333 0.3333666566686669 0.0001 0.0210083942528529 0.0005466644152352 0.0460535474543138 0.0009788972914495 0.875473569599491 0.8273250958510948 0.9439465026285236 0.8479428145699823 0.222070563636908 0.6670254290138504 0.3377933769393292 0.9439465026285236 0.203641303596 0.1145119833990735
0 0.0909909090909091 0.7374525000000001 0.0001 0.0001 0.0590236134837252 0.0013284484146709 0.1478965324310228 0.0279030258931641 0.2135868669291051 0.1994118379188966 0.2518905725199515 0.186344885074984 0.6678768699938447 0.3659091684375931 0.3700449914949146 0.2518905725199515 0.290837610846 0.1689453376328377
4 0.7548897233201581 0.5458241666666667 0.3333666566686669 0.0001 0.0172068468747806 0.0002232181691556 0.0336336647490146 0.0004766186498224 0.0326264134789748 0.0495228523455174 0.0324941094814866 0.0164646148442053 0.9402104501415376 0.1388957701234837 0.4592112109327422 0.0450100138814726 0.6620045926 0.4095282735995055
3 0.5968185770750988 0.9832366666666666 0.0001 0.9999 0.0552220414717964 0.0013284489187454 0.1590743908729943 0.0032304850721182 0.1529225200976768 0.1540400255602919 0.1664879148292495 0.137251044049071 0.7928518695741523 0.2329945868653259 0.4573140591441058 0.1664879148292495 0.2158448823919999 0.2164015574226174
3 0.2174478260869565 0.9665733333333334 0.0001 0.0001 0.0761304240919949 0.0054170518822681 0.0572314260164828 0.0006983161070847 0.045275576715835 0.0373696915501595 0.0324941094814866 0.0663377259154255 0.7648723937599979 0.0812602415212456 0.7305041898978809 0.0626795319390314 0.525431852612 0.8523883754549848
1 0.0712320158102766 0.5583216666666667 0.0001 0.0001 0.0305121668997027 0.0017877161754788 0.0472955225349364 0.0032625307168752 0.0145561837684332 0.004961264463981 0.0236593521092242 0.0141268117216894 0.7630070921267683 0.1788877722407072 0.5749375858038817 0.0236593521092242 0.4576804356059999 0.0797272368982896
1 0.2648691699604743 0.4833366666666667 0.0001 0.0001 0.0362144414361933 0.0010835795163163 0.0286657107726639 0.0006969674187789 0.1142005948086939 0.0795006497518691 0.1753226828032203 0.0827023372529279 0.5578242532615386 0.4517743432268568 0.3434848323052385 0.1753226828032203 0.6014233112799999 0.1693503161379737
6 0.8734430830039526 0.2125574999999999 0.0001 0.0001 0.0096038041234442 0.0003529690032573 0.0150038507511645 0.0005022578556485 0.0447592828452605 0.0300777952187827 0.0759316673348183 0.0258158217235441 0.718239928473845 0.2918063559301979 0.4383425241833584 0.0759316673348183 0.680771908386 0.1696281513997241
5 0.205592490118577 0.1292408333333333 0.0001 0.0001 0.1122448586854503 0.0008181302524083 0.0137618600214993 0.000485132341211 0.1970655160423088 0.1783463588180418 0.2401108818879905 0.1692010001854715 0.6417626840615394 0.3847289565574767 0.3662506708432587 0.2401108818879905 0.337925791326 0.1651209024409754
2 0.4901205533596838 0.1459041666666666 0.3333666566686669 0.0001 0.0210083087186288 0.000716599950986 0.0485375423271091 0.0006637758108553 0.8682455265048963 0.8224638802428192 0.9343755454029784 0.8409294087091376 0.2407235463938319 0.6540868114487834 0.3396905287279656 0.9343755454029784 0.200183735248 0.115324021698082
4 0.5770596837944664 0.3375325 0.0001 0.0001 0.038115206913944 0.0005331317679151 0.0311496899964167 0.0017159898150206 0.1635065155191794 0.1661932031270113 0.1988820309368038 0.1232242323273816 0.800313062676922 0.3400319968241647 0.2770844684798143 0.1988820309368038 0.41437332876 0.2334475807288167
3 0.0870391304347826 0.9415783333333332 0.0001 0.0001 0.0571228137922849 0.0025643649961521 0.0398435982771429 0.0015957920534802 0.040887092407346 0.0308880072996272 0.0302854178192973 0.0616621196703937 0.7518153007938454 0.0906701239364581 0.7286070381092445 0.0582621512650798 0.5412575968300001 0.877044530319069
5 0.6086739130434783 0.5166633333333334 0.0001 0.0001 0.0818326281482848 0.0033895484326397 0.0187297840411115 0.0001881462678959 0.487479955709681 0.4643507428201843 0.5559534311107995 0.436489682422769 0.5186529743630809 0.5752790730836526 0.1841239454647139 0.5559534311107995 0.258351709326 0.171173592209588
0 0.6956130434782608 0.7457841666666667 0.0001 0.0001 0.0324129364830962 0.0009345053475139 0.0311496967031492 0.0007869861069077 0.3653767895277084 0.3452497499626398 0.4278495108354233 0.3180410563404191 0.5783425494030725 0.5176435169575087 0.2163755600202994 0.4278495108354233 0.297773793332 0.1777273186723657
0 0.6521434782608696 0.7124575000000001 0.0001 0.0001 0.1046418207240305 0.0043476295095462 0.0895230843867897 0.0018066352130246 0.407196465494236 0.3833296732817639 0.480858052418571 0.351549552567434 0.5391712872923009 0.581160222466234 0.1537694485489985 0.480858052418571 0.3112382599 0.1789700662477458
2 0.9445750988142292 0.1958941666666666 0.0001 0.0001 0.0362144209079795 0.0008803797284087 0.0224558040714655 0.0006128402361886 0.6462398173327597 0.5607657784551523 0.7856571665216703 0.5798749078745157 0.0374060158769063 0.9528506355614668 0.0646032632599373 0.7856571665216703 0.351360903766 0.1351948741420416
4 0.2925316205533597 0.40002 0.3333666566686669 0.0001 0.0400159655489567 0.0004472514486894 0.0398435982771429 0.0012111592886694 0.1165239078168523 0.1370256178015041 0.128940208917966 0.0834816037915322 0.9383451501870764 0.2188797669476484 0.3321019044990368 0.1311489025679756 0.399331557716 0.3210551332421356
1 0.442699209486166 0.4958341666666667 0.0001 0.0001 0.0096038020706228 0.0003529690335018 0.007551923810678 0.0003633395345255 0.0062955076280405 0.0001 0.0170332844113307 0.0008792673100789 0.7891212713439991 0.1847689459713591 0.5388916663050728 0.0170332844113307 0.9999 0.1546727994140335
1 0.1028462450592885 0.5124974999999999 0.0001 0.0001 0.038115206913944 0.0010893034541458 0.0361176417371899 0.0008665045559447 0.0607643468314282 0.0268369534581114 0.1053808541583147 0.0460767699621116 0.5802078459999963 0.3600279978827764 0.4686969749982393 0.1053808541583147 0.7727764338 0.1177887543152361
1 0.8418288537549408 0.4583416666666666 0.0001 0.0001 0.0096038034391704 0.0001634760708322 0.0025839749761555 0.0001534211362456 0.0081025309475919 0.0001 0.0221868921054426 0.0008792673100789 0.7760641834141523 0.2012362372867985 0.525611588417673 0.0221868921054426 0.9999 0.1530982373464438
3 0.2925316205533597 0.8957541666666667 0.0001 0.0001 0.0761304343561018 0.0007608027114753 0.0361176350304574 0.0008357291345516 0.1165239078168523 0.1119090746504787 0.086238880072615 0.1528364028747808 0.7648723937599979 0.0142148305037951 0.838641944296456 0.1444010379637625 0.404767880234 0.8169244910117767
4 0.5691561264822135 0.3791908333333333 0.0001 0.0001 0.0305121607412386 0.0007123581233745 0.0584734100394155 0.0011710938489461 0.1609250496512796 0.1613319218916687 0.1974095795469103 0.1216657062635789 0.7853906764713828 0.344736933268018 0.2846730927087432 0.1974095795469103 0.417779027484 0.2281580021893157
0 0.3320494071146245 0.7874424999999999 0.0001 0.0001 0.1540615862907887 0.0044595889015672 0.1354766318411036 0.0032211269739119 0.4084872158530508 0.3808990144343518 0.4815942748004839 0.3570044393778818 0.513057118147682 0.5788077436581898 0.1841239454647139 0.4815942748004839 0.300220933806 0.1705181205342494
3 0.9485268774703556 0.8624275 0.0001 0.0001 0.0609243344836793 0.0036247880252297 0.0373596190533901 0.0008372114584614 0.0589573256028606 0.0398003263343138 0.04869116422223 0.0881572030231581 0.6827992595569209 0.0965512997843335 0.7893159465687595 0.0832939574146247 0.56925204682 0.90741048263241
6 0.893201976284585 0.4083516666666666 0.0001 0.0001 0.0400159689703257 0.0010912036639533 0.0087939216941911 0.0003810327875304 0.1524062283180861 0.134594980829781 0.1907835118490168 0.1286791121244236 0.6622809802030731 0.3517943696921507 0.3985023024732274 0.1907835118490168 0.3671676117919999 0.1614691302913186
4 0.0593766798418972 0.4875025 0.0001 0.0001 0.0172068448219592 0.0001784115838193 0.0150038518689532 0.0003243687672825 0.0388219204100207 0.0503330644263619 0.0442737835482784 0.0219194855238196 0.9010391796369228 0.1671254163105093 0.4535197470296414 0.0472187028932348 0.561495638412 0.3455879448932374
5 0.2253513833992095 0.4083516666666666 0.0001 0.0001 0.0400159689703257 0.0007286916508153 0.0236977567963132 0.0004538520108988 0.2915470092866618 0.2634184705309438 0.3556989752883728 0.2502448183880025 0.5466324904676821 0.5082336652420373 0.263804371810593 0.3556989752883728 0.3349947076599999 0.1638388621483985
4 0.5849632411067194 0.2208891666666666 0.0001 0.0001 0.051420520780402 0.0012537707791647 0.0311496832896842 0.0004338823081935 0.1678949956457008 0.165382978649943 0.2113979439506778 0.1240035128927977 0.7630070921267683 0.3800240095275058 0.2505243263645212 0.2113979439506778 0.4463652291 0.2215358113978557
5 0.5770596837944664 0.4750049999999999 0.0001 0.0001 0.2186874654154453 0.0040557859750308 0.0299076858532865 0.0006481849423085 0.3013565391589942 0.2715205694636999 0.3645337233841405 0.2627130759922657 0.5317100841169197 0.5058811652617577 0.2827759067713404 0.3645337233841405 0.3246738222499999 0.1591677620554016
2 0.0791355731225296 0.3292008333333333 0.0001 0.0001 0.0229091699947105 0.000144806326242 0.0174878433883824 0.0005060004314407 0.7910597869669959 0.7722307720650792 0.8519178435006051 0.7435210212495394 0.4515022297230803 0.6105660964125524 0.1955068391221492 0.8519178435006051 0.179761290554 0.158942663964703
4 0.0870391304347826 0.425015 0.0001 0.0001 0.0248098803884208 0.001104414701633 0.0621993799928335 0.0021086317012578 0.1025840227979558 0.1248724402347847 0.1120069284822759 0.0710133251470514 0.9551328363470768 0.2012362372867985 0.3434848323052385 0.1215779122120919 0.45136902814 0.3472849203077129
3 0.3636636363636363 0.9165833333333332 0.0001 0.0001 0.0837334620534147 0.002549429267421 0.0597154007690807 0.002375740209912 0.0858045190514181 0.0641066471958399 0.0737229736848087 0.1193278996343601 0.6566850904123019 0.0941988283865715 0.8196704093357086 0.1127431508641888 0.485218916808 0.912423182631596
0 0.9801411067193676 0.674965 0.3333666566686669 0.0001 0.0571227727358574 0.0017599615286557 0.080829178341641 0.0016235553009538 0.3847377521721999 0.3541620879562568 0.4609798493248906 0.3328471346007128 0.4999999916061569 0.5882176377181315 0.1822267936760775 0.4609798493248906 0.3211205230519999 0.1683579106715169
2 0.7825521739130435 0.2292208333333333 0.0001 0.0001 0.0438175204540407 0.001686897435764 0.0323916360145319 0.0021727389289632 0.8543056345160538 0.8095004927828241 0.926277099201936 0.8198891911266035 0.2519152924000022 0.6787877807096013 0.2884673792116328 0.926277099201936 0.205861649438 0.1238160322197582
3 0.770696837944664 0.9582416666666668 0.0001 0.0001 0.0533212999436285 0.0012379471735323 0.0261817382556435 0.0009700839043695 0.0576665891839377 0.0430411680949851 0.0464824738852542 0.0834816037915322 0.7145093352799975 0.0918463591060331 0.7646529562421028 0.0788765833667409 0.50945780806 0.8932961727113479
1 0.3162422924901186 0.4625075 0.0001 0.5 0.2529011550593639 0.0655811583893169 0.1081529162692598 0.0305740857382265 0.0463081602750165 0.0244063208615261 0.07519543170077 0.0367255644854539 0.6678768699938447 0.2812202383454103 0.5066400517494873 0.07519543170077 0.80926953372 0.1167793460625681
1 0.2767245059288538 0.3500299999999999 0.0001 0.0001 0.0723288965578626 0.0037592077691409 0.0597153962979256 0.0026642143327794 0.0664435564069266 0.0349390596827638 0.1024359381263922 0.0585450535159765 0.5951302355630727 0.3200360169377881 0.5180229744333741 0.1024359381263922 0.69886181968 0.1006670660927092
3 0.1818818181818181 0.84993 0.0001 0.0001 0.106542599887257 0.0018992526489576 0.0758612467210654 0.0018362888309528 0.1198798043841922 0.1054273955042738 0.1039083961423534 0.150498596245562 0.6958563525230735 0.0836127139776193 0.7969045707976883 0.142192344313753 0.3417976767939999 0.891406782153173
4 0.3834225296442687 0.5166633333333334 0.0001 0.0001 0.0210083689347226 0.0002530892435211 0.0236977635030457 0.0003697765589176 0.0398545088481644 0.0543841189970674 0.0428013268575307 0.0226987527637645 0.9215574640270764 0.1553630646147584 0.4516225918261284 0.0494273945554242 0.56546310476 0.3788944325704247
5 0.0830873517786561 0.4750049999999999 0.0001 0.0001 0.0780311895697455 0.001921087444339 0.05474745573504 0.0010695602863706 0.4059057290753131 0.3663152217715982 0.4889565648802904 0.3554459063006732 0.4309839671569187 0.6258571927856635 0.1917125526192596 0.4889565648802904 0.323943698304 0.1564403170890107
1 0.5454454545454545 0.4583416666666666 0.0001 0.0001 0.0362144482789313 0.0005219293866404 0.026181736020066 0.000700987989802 0.0259146140713435 0.0057714750864463 0.0516360815793661 0.0180231486227545 0.6865298527507686 0.2612242372867986 0.519920129636887 0.0516360815793661 0.90732591852 0.1163603020738735
0 0.6837577075098815 0.7374525000000001 0.0001 0.0001 0.0989395379762544 0.0030038011538154 0.080829178341641 0.0017120218544525 0.351436897538866 0.3314761671931618 0.4109161972693947 0.3071313388267704 0.5839384391938438 0.500000026465294 0.2391413644095532 0.4109161972693947 0.294032081824 0.176187702114047
6 0.6086739130434783 0.1209091666666666 0.0001 0.0001 0.0647258620178117 0.0021896420292292 0.0013419871527411 0.0001981408595749 0.0088769686169781 0.0090123175763072 0.0104072167134372 0.0071134058608447 0.832023136553353 0.1412482404626338 0.5654518169575573 0.0104072167134372 0.116743336666 0.2474005236344455
1 0.2016407114624505 0.3791908333333333 0.0001 0.0001 0.0248098885997063 0.0006115421560697 0.0187298117622725 0.0005086716795151 0.0202353989198884 0.004961264463981 0.0420650965243365 0.0117890093005141 0.7219705300615358 0.2412282362281868 0.5161258209372993 0.0420650965243365 0.89965550291 0.1314319376754287
0 0.8615877470355732 0.6874625 0.0001 0.5 0.0723289273501832 0.0019730573281689 0.1143628475618107 0.0021492425732927 0.4203619198136923 0.3890011279509005 0.5014724778941644 0.3640178452387266 0.4832123054461568 0.6199759904724942 0.1480780273318556 0.5014724778941644 0.314499527516 0.1702163000982682
2 0.671902371541502 0.0167633333333333 0.0001 0.0001 0.0229091699947105 0.0006623174941273 0.0150038784723255 0.0006042565465716 0.7928668151655095 0.7300998721985403 0.8747409361219372 0.7653405334243013 0.1474585822461537 0.7117223781610448 0.3415876805166021 0.8747409361219372 0.241627704796 0.1100641686614241
0 0.8418288537549408 0.6249750000000001 0.0001 0.0001 0.1274509585578727 0.0008355794177923 0.2571914126030178 0.013746433739457 0.2819955834844487 0.2577470231537035 0.3291947044967989 0.2549204316464402 0.5764772528061488 0.424720937502465 0.3681478397062783 0.3291947044967989 0.2980965187739999 0.1419693850567654
0 0.7746486166007905 0.7124575000000001 0.0001 0.0001 0.076130413827888 0.0013693024466622 0.0771032150949555 0.0021379305682221 0.3893843921284088 0.3655050191702189 0.4580349266669004 0.3390812739229532 0.5447671938707582 0.5529306143892317 0.193609704407896 0.4580349266669004 0.300683341306 0.1750990370435221
1 0.3597118577075098 0.4583416666666666 0.0001 0.0001 0.0495197758308651 0.0019365252313156 0.0460535385120038 0.0015851406539859 0.1043910440265234 0.0697781164487691 0.1554444797095399 0.0834816037915322 0.5615548800307585 0.4011962446970809 0.4212681410112475 0.1554444797095399 0.59640281558 0.1358570428674278
4 0.4743134387351778 0.425015 0.0001 0.0001 0.0590235690059287 0.0016420953911311 0.0659253275904765 0.0012031460564877 0.1413059480869387 0.1459379266275358 0.1686966151053268 0.1076388875284836 0.8208313453883069 0.2965112923740512 0.3264104491331276 0.1686966151053268 0.39660963221 0.2449142731772887
6 0.901105533596838 0.3875225 0.0001 0.0001 0.0172068396899058 0.0006521857772649 0.0634413617801887 0.0015721134543281 0.1379500515195988 0.1192009782737518 0.1731139825271429 0.1185486401091616 0.6604156836061496 0.3329745921583847 0.4307538999544296 0.1731139825271429 0.375557223534 0.1500765753617948
0 0.984092885375494 0.6874625 0.0001 0.5 0.0552220859495929 0.0011715010753254 0.0771032150949555 0.0013226317919524 0.3741537776605353 0.3436293301760885 0.4484639363110166 0.3242751886492536 0.5037306183753768 0.5764552966084983 0.1974039909107856 0.4484639363110166 0.31817357256 0.1665891341525457
0 0.7509379446640316 0.7041258333333333 0.3333666566686669 0.0001 0.1217486894955725 0.0012960106128917 0.0497794950519568 0.0008997130396003 0.4188130514448661 0.3881909107657286 0.4999999668696615 0.3616800456229136 0.4888082288123004 0.6199759904724942 0.1423865548915632 0.4999999668696615 0.318046427994 0.1716429563888662
0 0.4822169960474308 0.7332866666666666 0.0001 0.0001 0.0913365068575725 0.0019649994949574 0.0771032150949555 0.0012939351866875 0.4090035076326416 0.3833296732817639 0.480858052418571 0.3570044393778818 0.5261141775384621 0.5729266048617259 0.1803296077386747 0.480858052418571 0.29859363933 0.1730904423514168
1 0.1265569169960474 0.5041658333333333 0.3333666566686669 0.0001 0.0362144482789313 0.0011062805133937 0.0386016120186328 0.0008198483207364 0.0137817460990471 0.004961264463981 0.0280767307953554 0.0071134058608447 0.7686029903113826 0.2035887097431723 0.529405898824699 0.0280767307953554 0.6768525224199999 0.1497754430938636
2 0.7074683794466403 0.3583616666666667 0.0001 0.0001 0.0324128711349489 0.0004323176152786 0.022455775008958 0.0005807901200838 0.936654291849862 0.9229300236793356 0.9638247057222038 0.9196354272958556 0.4403104501415376 0.4835326853951018 0.4117823649936823 0.9638247057222038 0.129923810044 0.1172464778918304
0 0.671902371541502 0.7332866666666666 0.0001 0.5 0.1008403410890637 0.0018450872180449 0.0597154119469682 0.0018534014001173 0.3372388666301741 0.3160821646371325 0.3984002842555207 0.2923252535530708 0.5802078459999963 0.504704920564677 0.2353470949810467 0.3984002842555207 0.3067641549 0.1756044209456128
1 0.4980241106719367 0.4541758333333333 0.0001 0.0001 0.0172068448219592 0.0005816711119487 0.0162458358918859 0.0005300400342318 0.0106839926335241 0.0009102106953842 0.0273404997995544 0.0024378020003709 0.7630070921267683 0.2141748273279598 0.5180229744333741 0.0273404997995544 0.9840301746 0.1530210282481503
5 0.4268920948616601 0.4166833333333333 0.0001 0.0001 0.049519782673603 0.0011975349124711 0.0336336759269021 0.0011615563919987 0.4028080062775525 0.3744173352881469 0.4749682071025904 0.3531080856446426 0.5093264913784619 0.5729266048617259 0.1974039909107856 0.4749682071025904 0.2989325415359999 0.1677797152328181
3 0.5493972332015811 0.9832366666666666 0.0001 0.0001 0.0856342309525343 0.0033148750313597 0.0597154007690807 0.0026642133952387 0.0566340056247561 0.0438513779882607 0.0391201771793801 0.0873779434979596 0.727566419852307 0.0612642425798574 0.8006988743749611 0.0825577350327118 0.56345420662 0.8665305813589522
6 0.93271976284585 0.3333666666666666 0.0001 0.0001 0.021008357644205 0.0001186694522269 0.0137618571152486 0.0002415659402118 0.0847719424621825 0.0551943259735844 0.1370387412578885 0.0577657799639663 0.6025914219507678 0.4023724682219266 0.3776335986494604 0.1370387412578885 0.634436777266 0.1505913250632003
1 0.2174478260869565 0.40002 0.0001 0.5 0.1559623791394911 0.0136166661407109 0.1516224934421308 0.0168208048277607 0.0556014220655746 0.0333186369794541 0.086238880072615 0.0445182382875841 0.6622809802030731 0.2918063559301979 0.4952571290656006 0.086238880072615 0.73054608156 0.1263893611121206
4 0.0277624505928853 0.2833766666666666 0.0001 0.0001 0.043817493083089 0.0024038067692199 0.0472955225349364 0.0004739478921539 0.1172983594261304 0.1264928746051286 0.1392474216557627 0.0850401368687408 0.860002614214153 0.2647529396196886 0.3377933769393292 0.1392474216557627 0.422352412624 0.267152960820044
3 0.57310790513834 0.9457441666666666 0.0001 0.0001 0.0704281413442188 0.0007011559437295 0.0597153962979256 0.0014462114790267 0.1240101595307563 0.1094784449706519 0.1097982282061986 0.1528364028747808 0.6939910559261498 0.0930225932169965 0.7836244912028503 0.1444010379637625 0.31529254888 0.9033872843662016
0 0.9999 0.6166433333333333 0.0001 0.0001 0.1217486655459898 0.0077021901499457 0.3317106551809531 0.110224968884837 0.2554065428956326 0.2285794232444037 0.3063715588669252 0.2268668082030613 0.5671507530338437 0.436483310370451 0.358662063688713 0.3063715588669252 0.294886400926 0.1221748185588372
2 0.3043869565217391 0.2042258333333333 0.0001 0.0001 0.0153061566671472 0.0003090980851217 0.0174878165614523 0.0003777893872357 0.7652451979874578 0.7260488227321623 0.8497091763548662 0.7123503597053668 0.3190660706153752 0.7176035169575088 0.1575637862750377 0.8497091763548662 0.223419157234 0.1473437257585233
2 0.6837577075098815 0.20006 0.0001 0.0001 0.028611451373939 0.0004524515824976 0.029907701502329 0.0006888478839095 0.8506915781190266 0.806259682377307 0.9196510315040426 0.8191099666684344 0.2556459359569082 0.6634966843364901 0.3093360659610166 0.9196510315040426 0.2033854547759999 0.1211172217580821
0 0.7865039525691699 0.7582816666666666 0.0001 0.0001 0.087534999851654 0.0021569605578156 0.1031849533505991 0.0026909935952659 0.2871585082503023 0.2731409965421474 0.3314033848946731 0.253361870515608 0.6454932940430731 0.4117823622818685 0.3188218419785819 0.3314033848946731 0.2799202847479999 0.1760652082011457
3 0.8062628458498023 0.8041058333333334 0.0001 0.0001 0.0533212759940457 0.0010662039357341 0.0423275707941633 0.0013780940293049 0.1325289738940038 0.1046171783191019 0.1134793732461018 0.1793314792141393 0.5988608287569203 0.0718503601646449 0.9145280841394452 0.1694328374872397 0.439354211584 0.9052765574322704
1 0.098894466403162 0.524995 0.0001 0.0001 0.0020007607904751 0.0001186694330721 0.002583975423271 0.0001213684649819 0.0019070229710541 0.0001 0.0052536083567186 0.0001 0.8208313453883069 0.1483056525386961 0.5654518169575573 0.0052536083567186 0.7777222444399999 0.1595166296875821
2 0.802311067193676 0.0042658333333333 0.0001 0.0001 0.0267106345756539 0.0006227443256331 0.0398436183973404 0.0006662622768765 0.88838086408926 0.842719164034191 0.9483639031806782 0.8674245060887136 0.2351276062400021 0.6293858845324359 0.3852222228783892 0.9483639031806782 0.192581116076 0.1077325042467203
3 0.1226051383399209 0.9540758333333332 0.0001 0.0001 0.0438174862403511 0.0016533591384409 0.051021485781622 0.0013297017861066 0.0847719424621825 0.0713985435272167 0.0619433029310508 0.1216657062635789 0.7145093352799975 0.0424444703391501 0.8443333996623651 0.1149518445141985 0.47068061505 0.8541065296608137
3 0.9919964426877472 0.7082916666666667 0.0001 0.0001 0.0343136793798116 0.0007376095360134 0.0460535250985388 0.0015694933166437 0.1136843099990491 0.0989457017742763 0.0921287187625278 0.150498596245562 0.6958563525230735 0.0553830635561466 0.842436264948112 0.142192344313753 0.38557833891 0.8704820423020938
2 0.450602766798419 0.2667133333333333 0.0001 0.0001 0.0324129583798575 0.0008803850211914 0.0236978305703707 0.000530039781817 0.878829459196885 0.8451497353788472 0.9358480564274811 0.8495014037544378 0.320931367212299 0.6129185752205967 0.3245132973444911 0.9358480564274811 0.1794173193619999 0.1233611531387033
5 0.3636636363636363 0.2333866666666666 0.0001 0.0001 0.0590235279495011 0.0015004301805431 0.0336336490999721 0.0009566974102816 0.4234596774611829 0.38657050556297 0.5029448895276518 0.3741483032271767 0.4440410769107574 0.6129185752205967 0.1993011768481884 0.5029448895276518 0.3030833912 0.156930326309789
6 0.8457806324110672 0.325035 0.6666333133373338 0.0001 0.0647258620178117 0.001699916370635 0.0522634630978221 0.001344494446955 0.1258171737893779 0.1054273955042738 0.1664879148292495 0.1021840147448475 0.6529544804307683 0.3564992849637688 0.4003994371874805 0.1664879148292495 0.431393404064 0.1581906809164975
5 0.1542193675889328 0.10008 0.0001 0.0001 0.0248098998902239 0.0003529681664936 0.0236977433828482 0.0005665549353385 0.4841239964128272 0.4505771673426026 0.5655244612230894 0.4294762765619243 0.4477716533169188 0.6364433103704511 0.1575637862750377 0.5655244612230894 0.2875309023199999 0.1629062769485325
1 0.5019758893280633 0.4375124999999999 0.0001 0.0001 0.0267106499718142 0.0008019704794627 0.0187298117622725 0.0007650930900112 0.0137817460990471 0.0017204213907684 0.0332303384894673 0.00477560414101 0.7462194059667682 0.2282896504214726 0.5123315156525882 0.0332303384894673 0.97014405238 0.1479287021702026
4 0.2767245059288538 0.3292008333333333 0.0001 0.0001 0.0951380343917048 0.0021909741974334 0.1143628475618107 0.0024612137008972 0.157827298973735 0.1605217192902894 0.1929921856208233 0.1177693735705573 0.8021783626313831 0.3376795391883557 0.2789816202684507 0.1929921856208233 0.42050230272 0.2387506876451054
3 0.6205292490118577 0.8665933333333333 0.3333666566686669 0.0001 0.0780311895697455 0.0036583943726162 0.0472955270060914 0.0030381623072244 0.1038747522469327 0.0835517065101434 0.0899200251125182 0.1380303246144871 0.6604156836061496 0.0894938877082712 0.8234647129129813 0.130412673559995 0.4260269575679999 0.906949493961838
6 0.6244810276679842 0.30004 0.0001 0.0001 0.0134053172878269 0.0003529686705681 0.0063099277156268 0.0002809625961196 0.1271078962684089 0.0973252819877251 0.1782676054612105 0.101404755219649 0.5876690323876914 0.4070774152518975 0.3852222228783892 0.1782676054612105 0.503809238 0.1454300311189726
1 0.1265569169960474 0.4416783333333333 0.0001 0.0001 0.0096038034391704 0.0001186694199661 0.0025839749761555 0.0001213684635395 0.007586237774012 0.0001 0.0207144334268745 0.0008792673100789 0.7797947782867685 0.19653129766711 0.529405898824699 0.0207144334268745 0.9999 0.1530982373464438
5 0.7509379446640316 0.375025 0.0001 0.0001 0.0381152411276336 0.0008857146013424 0.0249397542327109 0.0009555722172466 0.3140057156387518 0.2844839569236949 0.3785220811618403 0.2736228285729437 0.529844804307682 0.5152910381494645 0.2694958613252686 0.3785220811618403 0.322768443402 0.1595321554301738
0 0.4664098814229249 0.7541158333333333 0.3333666566686669 0.0001 0.0856342001602137 0.0022013188152201 0.1379606311850539 0.0017776069347199 0.4151990159576767 0.3833296732817639 0.4955826325781838 0.3601214915054874 0.4813470256369191 0.6152710752008761 0.1575637862750377 0.4955826325781838 0.3128330808719999 0.1689527060663488
1 0.1423640316205533 0.3875225 0.0001 0.0001 0.2681072070326208 0.0098922589505246 0.4944109780025479 0.0156909983715582 0.12994751499605 0.1086682350773763 0.1554444797095399 0.1232242323273816 0.6454932940430731 0.2847489512644179 0.5237144349215983 0.1554444797095399 0.60759177734 0.1040142651341847
0 0.0356660079051383 0.7457841666666667 0.0001 0.0001 0.0913365239644173 0.0071346374989109 0.0559894531714377 0.0020151462762242 0.229850071926106 0.2139956305816501 0.2725049979955449 0.199592437271475 0.6510891838338445 0.3906101271122934 0.3472791529568945 0.2725049979955449 0.30574410895 0.171996506920704
5 0.916912648221344 0.4708391666666666 0.3333666566686669 0.0001 0.0723289102433384 0.0016128457600262 0.0460535318052713 0.0004538528474735 0.2853514939916807 0.260987862726806 0.3409743619984214 0.2494655518493982 0.5746119394215388 0.4658891737306519 0.3036446276694905 0.3409743619984214 0.31713353061 0.1624419145760569
1 0.2688209486166008 0.5333266666666666 0.0001 0.0001 0.0970387690771348 0.001887709241091 0.0472955270060914 0.0013035765664116 0.1260753196791733 0.1167703413020287 0.1495546343935593 0.1099766941577024 0.729431719806768 0.2741628336796304 0.4554169022331545 0.1583894023675301 0.386634497636 0.2252386590444922
2 0.984092885375494 0.1084116666666666 0.0001 0.0001 0.0210083518278778 0.0003427004200748 0.0236977143203407 0.0007864609759575 0.6686985515646336 0.5842619455710044 0.8025904469573605 0.6071492717926961 0.0374060158769063 0.9316784003918918 0.0987520296041592 0.8025904469573605 0.3385190026599999 0.131981884654904
0 0.8773948616600791 0.6832966666666667 0.0001 0.0001 0.1293517445638372 0.0032500366285026 0.1603164173718995 0.0034818029439455 0.4033242841172513 0.3703663076974579 0.4823304971823969 0.3507702930422355 0.4776164492307577 0.6058612023131693 0.1765353212357851 0.4823304971823969 0.312871393208 0.1653988216256589
3 0.9524786561264824 0.7166233333333334 0.0001 0.0001 0.0514205310445089 0.0010445327629496 0.0485375132646016 0.0013967968837926 0.1072306488142726 0.0924640226280715 0.0825577350327118 0.1473815230777389 0.6977216491199973 0.0389157680062601 0.8670992723491517 0.1392474216557627 0.4202599911919999 0.8594790072734607
0 0.9722375494071148 0.6791308333333334 0.3333666566686669 0.0001 0.1065425759376742 0.0028023637919796 0.0708932882735597 0.0012146666282969 0.3917076981666212 0.360643752518669 0.4698145841685229 0.338302000370943 0.4944041353907579 0.5988037553029191 0.1708438317211095 0.4698145841685229 0.32305609586 0.1690913131823721
3 0.1818818181818181 0.9207491666666666 0.0001 0.0001 0.043817493083089 0.0013648450162868 0.022455775008958 0.0007450476772913 0.0886441308091132 0.0803108596451447 0.0597346092810411 0.1271205650204032 0.7480847075999978 0.0142148305037951 0.8557163103941837 0.1201054409439952 0.50096575681 0.8258239641574033
1 0.450602766798419 0.5291608333333333 0.0001 0.0001 0.0115045634427307 0.0001896132634223 0.0075519251520245 0.0002282107167109 0.0055210692616597 0.0001 0.0155608257327626 0.0001 0.7947171678498449 0.1812402383454103 0.5388916663050728 0.0155608257327626 0.9999 0.1595166296875821
2 0.1976889328063241 0.1875625 0.0001 0.0001 0.0305120953930914 0.000264290969499 0.0162458191250547 0.0001774609842396 0.8814109180948388 0.8475803796424666 0.938792945955133 0.8518391472630039 0.3190660706153752 0.6152710752008761 0.3226161455558547 0.938792945955133 0.179546783464 0.1237216021356279
4 0.1621229249011857 0.2167233333333333 0.3333666566686669 0.0001 0.0514205481513537 0.0012089634921566 0.0435695548170959 0.0018762515739141 0.1560202707752214 0.148368563599259 0.1966733372867942 0.1201071591595585 0.7312970214399976 0.3635567213879016 0.3093360659610166 0.1966733372867942 0.4226667897359999 0.2065989895957555
0 0.5849632411067194 0.724955 0.0001 0.0001 0.0533212862581526 0.0011767582703719 0.0684093068142294 0.0014886150730499 0.3439506597648539 0.3306659572998862 0.3947191524677529 0.302455711541521 0.6324362010769206 0.4564792902568277 0.2600100853077033 0.3947191524677529 0.27593402216 0.1832878675777036
2 0.2332549407114624 0.1708991666666666 0.0001 0.0001 0.0248098998902239 0.00070116040983 0.0174878165614523 0.0006342132786086 0.7781524924772268 0.7365815294690562 0.8563352440527595 0.7341697947326641 0.2985477576861551 0.6905501429914697 0.2220669812374423 0.8563352440527595 0.21843567413 0.1368088296343476
4 0.4703616600790514 0.5208291666666667 0.0001 0.0001 0.021008367566175 0.0005219292454995 0.0224557772445355 0.0004205267024645 0.0437266971950952 0.0568147486768942 0.0479549338890358 0.0265950882621484 0.9103656676578477 0.1624204745735972 0.4516225918261284 0.0531085415831477 0.529535521714 0.3558608168362263
0 0.6995648221343873 0.7166233333333334 0.3333666566686669 0.0001 0.0932372381216335 0.0025178459728084 0.1044269463158418 0.0027682772358318 0.3886099474890767 0.3622641941809091 0.4617160717068035 0.3359642217953477 0.5279795077107582 0.5741028495588067 0.1765353212357851 0.4617160717068035 0.312403386828 0.17448841378354
4 0.0040517786561264 0.2167233333333333 0.0001 0.0001 0.0419167207626004 0.0006675503322919 0.0336336602778596 0.0006048299608659 0.1260753196791733 0.125682664711853 0.1569169310994335 0.0936120758067941 0.7909865696196915 0.3094498993530005 0.3358962251506928 0.1569169310994335 0.435033735852 0.22842539743821
4 0.901105533596838 0.4708391666666666 0.0001 0.0001 0.0305121723738931 0.0001746776203839 0.0199718002563602 0.0003457371364229 0.0411452382971413 0.0519534842129131 0.0472187028932348 0.0242572865423137 0.8954432848098457 0.1706541228778463 0.4535197470296414 0.0501636209129777 0.54584622892 0.3368848279122403
3 0.3676154150197628 0.84993 0.0001 0.0001 0.106542599887257 0.0052378255570532 0.0361176417371899 0.0009146718615019 0.1198798043841922 0.1046171783191019 0.0950736347944504 0.1606290752742299 0.6902604627323022 0.0412682468143044 0.8708935417776581 0.1517633346696367 0.40441092164 0.864400768382526
1 0.0317142292490118 0.2875425 0.0001 0.0001 0.100840306875374 0.0139639180531489 0.3726962352454512 0.0516727417377284 0.1647972449681563 0.1264928746051286 0.2099254726825812 0.1536156694133852 0.5167876777661571 0.3870814036071682 0.4895656685773764 0.2099254726825812 0.5142508492600001 0.1029327167283721
3 0.336001185770751 0.7624475 0.0001 0.0001 0.0609243447477862 0.0013844568429304 0.0423275730297408 0.0003777898776416 0.117040213536335 0.0965150720944495 0.1105344704663146 0.1434851903847173 0.6548197770276919 0.1283096521152514 0.7665501080307393 0.1355662766158595 0.3521612936559999 0.9462944447920482
0 0.9722375494071148 0.6166433333333333 0.0001 0.0001 0.0875349759020712 0.0051930179676004 0.3515824129613408 0.1219455902363989 0.2494691944002849 0.2220977368063025 0.2982730464052058 0.2237497280218323 0.5652854564369199 0.424720937502465 0.3795307504380968 0.3012179558110607 0.289260076416 0.0831544312794318
6 0.5691561264822135 0.59998 0.0001 0.5 0.1692676724777353 0.0360087814599386 0.222415775008958 0.0876491959321782 0.0788345730569968 0.0568147486768942 0.116424295904092 0.0601035795797792 0.6566850904123019 0.3306221345225756 0.4383425241833584 0.116424295904092 0.747244911126 0.1517728760358895
5 0.5019758893280633 0.6249750000000001 0.0001 0.0001 0.0191075979827816 0.0003539042833288 0.0174878266215511 0.0002175263446326 0.0499222055201303 0.0406105333108309 0.0722505156688474 0.0351670293042235 0.753680602427075 0.250638119702011 0.4686969749982393 0.0722505156688474 0.54090951646 0.1759802781930229
2 0.7627932806324111 0.2542158333333333 0.0001 0.0001 0.0343136896439185 0.000503257598532 0.026181736020066 0.0009253539834826 0.6514027002789373 0.5777802153815252 0.7760861761657866 0.5892260923109557 0.117613803120001 0.883452706567337 0.09495769187812 0.7760861761657866 0.32345621582 0.137464267740513
6 0.6798059288537549 0.3416983333333333 0.0001 0.0001 0.0001 0.0001 0.0001 0.0001000000114629 0.0001 0.0001 0.0001 0.0001 0.8338884349969222 0.1318383580474214 0.5787318931375188 0.0001 0.0001 0.5110522054750354
3 0.770696837944664 0.9707391666666668 0.0001 0.0001 0.043817499925827 0.0006563488885957 0.0808291939906836 0.0051135711241829 0.0540525467268023 0.0487126409938625 0.0464824738852542 0.0671169854406239 0.7797947782867685 0.1083136514800844 0.6716924281046875 0.0634157543209443 0.38339522562 0.9039100570999952
2 0.7904557312252964 0.3375325 0.0001 0.0001 0.028611451373939 0.0003128315636374 0.0174878724508899 0.0003136847846442 0.6297184734159095 0.5461819857923986 0.7650426747854 0.5658480961528263 0.0560589986338303 0.92932591099773 0.0835747811463015 0.7650426747854 0.351249885974 0.1346071450581622
4 0.6086739130434783 0.5374924999999999 0.0001 0.0001 0.0153060834498513 0.0002194844083582 0.0150038518689532 0.0001641053424513 0.0349497299721062 0.0479024296422077 0.0369114855171908 0.0203609496412486 0.9122309676123086 0.1494818866496594 0.4705941302017523 0.0442737835482784 0.564140599314 0.3795202794504398
2 0.2609173913043478 0.25005 0.0001 0.0001 0.0571228137922849 0.0009961347513366 0.0336336334509296 0.0003163544388994 0.8780550284974448 0.842719164034191 0.9336393230210652 0.8518391472630039 0.3097395876307562 0.6058612023131693 0.3472791529568945 0.9336393230210652 0.1797362455639999 0.1183334980728699
3 0.4940723320158102 0.9415783333333332 0.0001 0.0001 0.0324129262189893 0.0003427026581658 0.0224557772445355 0.000452579256175 0.0403707985367714 0.0308880072996272 0.0280767307953554 0.062441386208998 0.755545902381536 0.0824364777494324 0.7380927970524266 0.0589983802730605 0.55380113762 0.863063825707228
3 0.2411584980237154 0.8832566666666667 0.0001 0.0001 0.0856342241097964 0.0058688538958236 0.0373596235245451 0.0018628968119717 0.0465663054678173 0.0357492717636083 0.0310216514655253 0.0733511317762702 0.7443541060123071 0.0683216525386961 0.7722415633966485 0.0693055996369249 0.5931311700399999 0.8545634900306053
1 0.3755189723320158 0.4958341666666667 0.0001 0.0001 0.019107603456972 0.0005591313380733 0.0274237245141537 0.0005727090460172 0.0168795002615646 0.0033408428544557 0.0332303384894673 0.0125682772417996 0.7350276146338451 0.2141748273279598 0.5464802819968101 0.0332303384894673 0.931130716608 0.1138927160769999
3 0.0909909090909091 0.84993 0.6666333133373338 0.0001 0.0286114068961424 0.000916262274805 0.0572314260164828 0.0010080025923258 0.1260753196791733 0.1038069684258263 0.1024359381263922 0.1723180733532946 0.6398974042523018 0.0483256514800844 0.9107337976365556 0.1628067697893463 0.425227637464 0.884343643487524
4 0.2846280632411067 0.3833566666666667 0.0001 0.0001 0.0438174759762442 0.0004323159619141 0.0249397408192459 0.0012111585674843 0.127882347877687 0.1402664427908139 0.1495546343935593 0.0928328092681898 0.8786555986498455 0.2659291843167695 0.3169246901899455 0.1495546343935593 0.4103242087459999 0.2765020762557109
6 0.7351308300395256 0.1042458333333333 0.0001 0.0001 0.0134053220777435 0.0003529691040722 0.0112778852689015 0.0003011290237038 0.0525036672060625 0.0349390596827638 0.086238880072615 0.0336084941229931 0.6958563525230735 0.3059211864339931 0.4383425241833584 0.086238880072615 0.64862716862 0.159030296291266
2 0.9406233201581028 0.0875825 0.0001 0.0001 0.0267106756320814 0.0003090980750402 0.0336336915759446 0.0009574082103426 0.8465611881227324 0.8038290016542059 0.9152335646912108 0.8136550798579866 0.2687029785600023 0.6611442372867986 0.2998502899434513 0.9152335646912108 0.20195732046 0.1234305574042346
1 0.2293031620553359 0.5416583333333334 0.3333666566686669 0.0001 0.081832699997033 0.0016533591384409 0.0485375132646016 0.0010216883061229 0.0883859849193179 0.0576249607577387 0.1230503636019855 0.0811437971623134 0.593264938966149 0.3188597616545896 0.5218172831329618 0.1230503636019855 0.585758274914 0.0995661147048037
6 0.3755189723320158 0.5416583333333334 0.0001 0.0001 0.0533212931008905 0.0008467770607664 0.0100359001281801 0.0001854737764984 0.0346915840823109 0.0227859003457852 0.0582621512650798 0.0211402175825341 0.7406235161759969 0.2529905985100553 0.4781827458934897 0.0582621512650798 0.66520665206 0.1627601839068919
3 0.6442399209486167 0.7957741666666667 0.3333666566686669 0.0001 0.0514205310445089 0.0019375497124183 0.0361176395016124 0.0006969671663641 0.1054236275857049 0.0876027559765215 0.0980185574524406 0.1302376381882263 0.6772033697661497 0.1212522404626338 0.7551671802245375 0.1230503636019855 0.354049315976 0.934485061439259
5 0.2016407114624505 0.0917483333333333 0.0001 0.0001 0.4752901377448347 0.0132303303044493 0.0063099424704383 0.0002809631009492 0.2497273333201342 0.2285794232444037 0.3019542046972444 0.2143985085183629 0.6081873117415391 0.4411882256420693 0.3093360659610166 0.3019542046972444 0.337302625984 0.1702531926195832
5 0.21349604743083 0.5583216666666667 0.0001 0.0001 0.1730692000118676 0.0031013331258752 0.022455775008958 0.0004040788496315 0.1867396734805475 0.1767259244476979 0.2209689409326293 0.1598498087356255 0.7051828439015356 0.3400319968241647 0.3738392950721875 0.2209689409326293 0.315375152356 0.18632315864666
2 0.0238106719367588 0.0292608333333333 0.0001 0.0001 0.0438175204540407 0.0008355722901783 0.0212138066350679 0.000369780323504 0.9663409646271406 0.9723528927962148 0.9778131297605808 0.946909791214036 0.5671507530338437 0.4153110752008759 0.3928108300329349 0.9778131297605808 0.0964329635532 0.1393388207241462
5 0.6442399209486167 0.30004 0.3333666566686669 0.0001 0.0856342241097964 0.0062272962631327 0.0348756577142572 0.0006662630124853 0.4619234638303165 0.4392341850853661 0.5279767486857382 0.4131116862646395 0.529844804307682 0.5576355084886147 0.2011983286368248 0.5279767486857382 0.260377214144 0.1706992597926806
3 0.3755189723320158 0.9374125 0.0001 0.0001 0.0590235758486666 0.0039720395344081 0.0386016142542103 0.0009146721499759 0.0974210980321022 0.0786904398585935 0.0825577350327118 0.1310169187536424 0.6734727765723021 0.0836127139776193 0.8196704093357086 0.1237866058621015 0.424250292972 0.9005603235859451
3 0.4466509881422925 0.9457441666666666 0.0001 0.0001 0.0571228274777608 0.0012445439970862 0.0323916762549269 0.0008702652479073 0.0950977850239437 0.0811210695384203 0.0707780576528861 0.1341339708812479 0.7070481438559965 0.0377395338952968 0.8595106481202228 0.1267315086418887 0.461466688204 0.8545794186032749
0 0.1463158102766798 0.7416183333333334 0.0001 0.0001 0.0343137101721323 0.000324033037578 0.1392026174435641 0.0241288066611519 0.2027447256178071 0.1921199415875198 0.233484814190097 0.1801107457527437 0.6958563525230735 0.3270934216035681 0.4041937578391365 0.233484814190097 0.27125345846 0.1671112522874623
1 0.3320494071146245 0.4708391666666666 0.0001 0.0001 0.0419167481335522 0.001042538099654 0.0535054717121073 0.0013107574788384 0.1023258769081604 0.0551943259735844 0.159861847131356 0.0865986699459494 0.4757511190584616 0.4317783633404802 0.4592112109327422 0.159861847131356 0.69108437548 0.1087790735740886
5 0.1976889328063241 0.2208891666666666 0.0001 0.0001 0.5988395687685751 0.0013162865073391 0.0150038641646295 0.0006042566186901 0.2788978397768502 0.2569367768009463 0.3321396072765861 0.2432314125271578 0.593264938966149 0.4529505985100553 0.3055417623837438 0.3321396072765861 0.3101394297099999 0.1702799472506005
6 0.9090090909090908 0.0792508333333333 0.0001 0.5 0.0248098844940636 0.000818130000371 0.0671673205557192 0.0021170276663864 0.0491477678507441 0.0349390596827638 0.0774041253507796 0.0328292296884106 0.7201052301070746 0.2788677701234837 0.4573140591441058 0.0774041253507796 0.61369565632 0.1674253926099972
6 0.8734430830039526 0.5 0.0001 0.0001 0.0001 0.0001 0.0001 0.0001000000114629 0.0001 0.0001 0.0001 0.0001 0.8338884349969222 0.1318383580474214 0.5787318931375188 0.0001 0.0001 0.5110522054750354
2 0.9643339920948616 0.1500699999999999 0.0001 0.0001 0.0286113213619183 0.0002232186530672 0.022455717778174 0.0004525788883706 0.9394937781485292 0.92941164449037 0.9660333728679428 0.9196354272958556 0.464559339476919 0.4811802383454103 0.3909136782442985 0.9660333728679428 0.125783838204 0.1245971365256896
2 0.4822169960474308 0.2375524999999999 0.0001 0.0001 0.032412913902061 0.0006788132730823 0.0162458759087232 0.0005140570789671 0.7484656803010281 0.6871586603521771 0.8371932368367214 0.7123503597053668 0.1717075051569075 0.7340708368554657 0.2808787549827039 0.8371932368367214 0.254208798074 0.1194322171107595
2 0.8260217391304348 0.1500699999999999 0.0001 0.0001 0.0172068448219592 0.0003128331565129 0.0150038507511645 0.0004525796311913 0.6769592270080318 0.6020865850987568 0.8047990809727609 0.6126041305495205 0.1008261169600009 0.9046249417369122 0.0778833087060091 0.8047990809727609 0.320133010594 0.1378943392025944
1 0.7746486166007905 0.3916883333333333 0.0001 0.0001 0.1274509585578727 0.0158905998394302 0.0820711668357287 0.0104850665596067 0.0290123675368665 0.0122531600661682 0.0553172352331573 0.017243880681469 0.7089134337378459 0.2647529396196886 0.4914628254883277 0.0553172352331573 0.8859712303120001 0.1408786554820905
1 0.0751837944664031 0.4416783333333333 0.0001 0.0001 0.0001 0.0001 0.0001 0.0001000000114629 0.0001 0.0001 0.0001 0.0001 0.8338884349969222 0.1318383580474214 0.5787318931375188 0.0001 0.0001 0.5110522054750354
6 0.5335901185770752 0.3375325 0.0001 0.0001 0.2757102244658269 0.0452389499111844 0.022455775008958 0.0002282104859317 0.107488801674014 0.0851721262966947 0.15029086340154 0.0834816037915322 0.6454932940430731 0.3623804872769383 0.3985023024732274 0.15029086340154 0.533542960066 0.1563480018627902
0 0.525686561264822 0.7332866666666666 0.0001 0.0001 0.0647258517537048 0.0016277024498688 0.0472955314772464 0.0013871050932281 0.4139082725688078 0.3841398831750396 0.4911652651563677 0.3601214915054874 0.4962694319876817 0.5999799788277648 0.1670495622926029 0.4911652651563677 0.307496278446 0.1697409941753388
2 0.6956130434782608 0.3083716666666666 0.0001 0.0001 0.0286114068961424 0.0002680258695048 0.0199717814775092 0.0004098420563358 0.6521772006778375 0.5777802153815252 0.7819759883514287 0.5853297245509048 0.1120179301169159 0.9081536758281548 0.0608089255338981 0.7819759883514287 0.328637759304 0.1403791126161316
2 0.2609173913043478 0.0875825 0.0001 0.0001 0.032412913902061 0.0011715032932534 0.0398436183973404 0.0010454170997598 0.8798620566959584 0.8394783171691922 0.9424741241253746 0.8510599298182406 0.2742989187138322 0.6399720021172235 0.328307600921764 0.9424741241253746 0.190686914992 0.1193425874183927
6 0.8062628458498023 0.3958541666666667 0.0001 0.0001 0.0267106448397608 0.0005591315598661 0.0087939216941911 0.0001981404701349 0.1219449854424472 0.1029967585325507 0.159125624749443 0.1006254816676389 0.664146276799997 0.3388557627132013 0.4174738203595915 0.159125624749443 0.4164176898059999 0.1556098325293446
0 0.7430343873517787 0.7332866666666666 0.0001 0.0001 0.0419167481335522 0.0011118766179189 0.0684093068142294 0.0018229251984333 0.3382714641292476 0.3217536411819581 0.3969278394916948 0.2915459870144664 0.6119179217230728 0.4929425794550436 0.2220669812374423 0.3969278394916948 0.305793419086 0.1841771653287654
5 0.3241458498023715 0.5083316666666666 0.3333666566686669 0.0001 0.0799319892611858 0.0022570081642934 0.026181722606601 0.000871514052073 0.3393040476884291 0.3031188136366192 0.4145973555614333 0.2938837866302794 0.4757511190584616 0.5729266048617259 0.2315527572550075 0.4145973555614333 0.33917732097 0.1565972026198258
6 0.4743134387351778 0.5124974999999999 0.0001 0.0001 0.0077030441198839 0.000129871098561 0.0187298117622725 0.0001560922472948 0.0117165761927056 0.004961264463981 0.0266042707915738 0.0024378020003709 0.7835253765169219 0.2059411811409342 0.5104343604490751 0.0266042707915738 0.93694964259 0.1731543916263077
2 0.2451102766798419 0.0084316666666666 0.0001 0.0001 0.0210084818398984 0.0002978936371413 0.026181736020066 0.0008291989474648 0.9219398994621194 0.8953828435565871 0.9638247057222038 0.901712317948174 0.3563720193415368 0.5505781355811874 0.389016526455662 0.9638247057222038 0.155893455076 0.1148641911639845
0 0.2411584980237154 0.7874424999999999 0.0001 0.0001 0.0780311690415317 0.0022508929335585 0.0845551840642991 0.0013871052374651 0.4255248515494919 0.3946726044957261 0.506626034567555 0.3686934514837583 0.4850776020430806 0.62115221399734 0.1442836896058164 0.506626034567555 0.312578171864 0.1708980732207863
4 0.3755189723320158 0.4333466666666666 0.0001 0.0001 0.0134053251569755 0.0002530892838471 0.0075519251520245 0.0002282106950754 0.0473407445311927 0.0568147486768942 0.0567896866230509 0.0281536234433788 0.8842514934769228 0.1882976535973079 0.4364453723947221 0.0575259222570992 0.5385725239520001 0.3078987028929237
1 0.2293031620553359 0.3666933333333333 0.0001 0.0001 0.0267106499718142 0.0009363904250037 0.0224557736676115 0.000356421421959 0.0142980385756324 0.0009102106953842 0.0369114855171908 0.0032170693104499 0.7368929162670748 0.2435807044501134 0.4971542859765519 0.0369114855171908 0.98601387778 0.1502267302733891
4 0.0672802371541502 0.5291608333333333 0.0001 0.0001 0.0305121668997027 0.0006675505339217 0.0187298106444838 0.0003163554485586 0.0401126547379598 0.0535739076454125 0.0435375532150843 0.0234780193023688 0.9140962675667696 0.1577155338952968 0.4554169022331545 0.04869116422223 0.54386242576 0.3663509921079034
1 0.4071332015810276 0.5124974999999999 0.0001 0.0001 0.0172068448219592 0.0002840619929649 0.0187298117622725 0.0003011288938905 0.012491015256081 0.0009102106953842 0.0258680404583796 0.00945120828202 0.7499500041969216 0.1988837711820954 0.5559660477697453 0.0258680404583796 0.97768224444 0.1044446555034112
0 0.8576359683794467 0.6957941666666666 0.3333666566686669 0.0001 0.0286113863679287 0.0006521857772649 0.0249397117567383 0.0004925632164028 0.4157153007673215 0.3825194415127994 0.4985275221058355 0.3593422179534772 0.4720205426523003 0.6270334374827445 0.1480780273318556 0.4985275221058355 0.3190325707259999 0.1685535685973446
2 0.3597118577075098 0.1875625 0.0001 0.0001 0.0153060263129896 0.0001298708586215 0.0187298117622725 0.0005086723285817 0.8783131952970782 0.8451497353788472 0.9321668782572397 0.8518391472630039 0.3246619436184603 0.5976275317780734 0.3453819840938749 0.9321668782572397 0.176125317894 0.1205113485361038
0 0.984092885375494 0.6208091666666666 0.0001 0.0001 0.0723289102433384 0.0012948444868422 0.0348756443007922 0.0020765816572715 0.2985169552810831 0.2658491002107707 0.3667424037820146 0.2572582242488472 0.513057118147682 0.5294059004116124 0.263804371810593 0.3667424037820146 0.3471728215499999 0.1581867701078231
0 0.7469861660079051 0.6291408333333334 0.0001 0.0001 0.0723288862937557 0.0041176578991979 0.3118388526890153 0.1119771891164906 0.2881910918094839 0.2553163715981877 0.3387656749744795 0.2658301631869006 0.5149223979569195 0.4423644809252678 0.4022966060505001 0.3402381329904408 0.2985112058199999 0.0923426664526763
0 0.1937371541501976 0.7832766666666666 0.0001 0.0001 0.1103441240000203 0.0031032151385917 0.1255407350662897 0.0034289865905864 0.3880936696493779 0.3582131228388421 0.4624522940887166 0.3375227408457446 0.5037306183753768 0.5799839883552707 0.1917125526192596 0.4624522940887166 0.312451987106 0.1677350514479139
4 0.2609173913043478 0.2208891666666666 0.0001 0.0001 0.0723288862937557 0.0022357825934055 0.0535054650053748 0.0025814134096374 0.1567947154145535 0.1605217192902894 0.1915197408569975 0.1162108264665369 0.8096395557341526 0.3353270497941938 0.2751872825424116 0.1915197408569975 0.426937295464 0.2381904684986398
4 0.0593766798418972 0.4416783333333333 0.0001 0.0001 0.0096038020706228 0.00025308930401 0.0112778888458255 0.0002522501969005 0.0411452382971413 0.0503330644263619 0.0494273945554242 0.0234780193023688 0.8842514934769228 0.1812402383454103 0.4478282916637322 0.0494273945554242 0.5535606857200001 0.3130458306460731
3 0.8260217391304348 0.9207491666666666 0.0001 0.0001 0.062825103382799 0.0013162951774213 0.0336336602778596 0.0013421702836466 0.0615387845008143 0.0479024296422077 0.0479549338890358 0.0889364765751683 0.7201052301070746 0.0812602415212456 0.7760358669739214 0.0840301930486731 0.4913899523539999 0.8805342976390024
6 0.0514731225296442 0.5166633333333334 0.0001 0.0001 0.0096038020706228 0.0001634760547018 0.0063099371050523 0.0001454079401232 0.0202353989198884 0.0122531600661682 0.0398564061873607 0.0071134058608447 0.7723335851839989 0.2306421186433992 0.4819770580079541 0.0398564061873607 0.8322086949699999 0.1823183562873495
3 0.893201976284585 0.8790908333333334 0.0001 0.0001 0.0723288965578626 0.0027286545844868 0.0584734189817255 0.0053379387405301 0.0651528269579497 0.0624862201173923 0.0508998512461719 0.0827023372529279 0.7947171678498449 0.0789077701234837 0.7039440392453963 0.0781403543587602 0.373718221408 0.830806099424417
4 0.3043869565217391 0.4041858333333333 0.0001 0.0001 0.0286114137388804 0.0005368645508079 0.0361176283237249 0.0009467245738731 0.1193635126046015 0.138646030296159 0.1318851315759563 0.0873779434979596 0.9290186537723087 0.2200560010586117 0.3396905287279656 0.1326213539578692 0.378863572132 0.3147536287619789
0 0.7153719367588932 0.7291208333333333 0.3333666566686669 0.0001 0.1255501725519083 0.0021606172153708 0.0398435759213679 0.0009951826612735 0.3377551514398188 0.3193230333778203 0.3969278394916948 0.2923252535530708 0.5988608287569203 0.4952950476769703 0.2315527572550075 0.3969278394916948 0.3045610456099999 0.1798829966967201
1 0.2609173913043478 0.5208291666666667 0.0001 0.0001 0.2300920514392112 0.0038385684587883 0.0597154007690807 0.0024057884603417 0.1082632323734541 0.0657270669823911 0.1679603860973462 0.0858194034073451 0.5055959149723006 0.4435407150362311 0.4098852132050459 0.1679603860973462 0.660780867394 0.1237460404936964
0 0.2846280632411067 0.7624475 0.0001 0.0001 0.1103441034718066 0.0024539476689753 0.1031849824131066 0.0025203226829622 0.4237178442608162 0.3898113378441761 0.5044174005521546 0.3702519915743728 0.464559339476919 0.6187997669476484 0.1689466970068562 0.5044174005521546 0.30929109941 0.1651976080016714
2 0.0514731225296442 0.0709191666666666 0.0001 0.0001 0.0191075329767713 0.0001746781597437 0.0274237066295337 0.0004098400370175 0.770149948983732 0.7138956014140648 0.8688510908059566 0.7185844359069544 0.1996869205353919 0.7870014247794034 0.1670495622926029 0.8688510908059566 0.25334789029 0.1352679710166216
3 0.1305086956521739 0.7707791666666667 0.0001 0.0001 0.0476190103531145 0.0021349665756932 0.0535054560630648 0.0009787782237851 0.109553968792377 0.0908436028415203 0.1002272444763826 0.137251044049071 0.6697421665907685 0.1130185932169965 0.7760358669739214 0.129676431299879 0.365258733644 0.9326417445712616
2 0.450602766798419 0.2917083333333333 0.0001 0.0001 0.024809945736568 0.0007522041474192 0.0162458759087232 0.0003810334293852 0.7383980115088463 0.6701442234258042 0.8276222067244314 0.7084539919453159 0.1269403364676785 0.7340708368554657 0.3264104491331276 0.8276222067244314 0.2642669760359999 0.1111994948826568
1 0.2490620553359683 0.4291808333333333 0.0001 0.0001 0.1768707412314758 0.0064716665611931 0.1975760051272046 0.0063516581904153 0.2079076573536067 0.1337847709365054 0.3129976265648186 0.1676424811350746 0.2556459359569082 0.6846689195060651 0.2751872825424116 0.3129976265648186 0.6292191909920001 0.1257820612002825
6 0.9603822134387352 0.3916883333333333 0.0001 0.0001 0.2034813860712366 0.0050636105393224 0.0336336535711271 0.0006839173936119 0.1583435837833798 0.1394562328975383 0.1959371082788136 0.1364717845238726 0.6529544804307683 0.3494418802979889 0.4117823649936823 0.1959371082788136 0.3645265801039999 0.1542878281361075
6 0.6402881422924901 0.5874825 0.0001 0.0001 0.0001 0.0001 0.0001 0.0001000000114629 0.0001 0.0001 0.0001 0.0001 0.8338884349969222 0.1318383580474214 0.5787318931375188 0.0001 0.0001 0.5110522054750354
5 0.6086739130434783 0.4833366666666667 0.0001 0.0001 0.0742296620356132 0.001823381163302 0.3441305177660547 0.0030887116151372 0.2546321121961925 0.2617980653281853 0.271768775613632 0.2292046008054684 0.8021783626313831 0.2741628336796304 0.3814279193011164 0.271768775613632 0.20459499282 0.229613360122975
4 0.0317142292490118 0.3375325 0.0001 0.0001 0.0476190069317455 0.0025382251017224 0.0559894330512401 0.0007330401901318 0.1330452656735946 0.1370256178015041 0.159861847131356 0.1006254816676389 0.8189660471126147 0.2918063559301979 0.3358962251506928 0.159861847131356 0.401044375084 0.2474355194974763
3 0.0870391304347826 0.8665933333333333 0.0001 0.0001 0.0514205310445089 0.0011137343342424 0.0386016142542103 0.0007699503439592 0.0932907568254301 0.0795006497518691 0.0796128123747215 0.1208864397249745 0.7089134337378459 0.0883176535973079 0.7760358669739214 0.1142156155062178 0.371939197284 0.8896004417294235
1 0.2925316205533597 0.4625075 0.0001 0.0001 0.0248098885997063 0.000342702456536 0.0187298117622725 0.0003804610031145 0.0112002844131149 0.0001 0.0295491914617438 0.0024378020003709 0.753680602427075 0.2224084692805384 0.5142286691486628 0.0295491914617438 0.9999 0.1495794662608908
1 0.5138312252964428 0.4750049999999999 0.0001 0.0001 0.0210083655133536 0.0004771224625659 0.0112778868338057 0.0003163555783719 0.0096514076803534 0.0001 0.0258680404583796 0.0016585346201579 0.7648723937599979 0.2118223548715861 0.519920129636887 0.0258680404583796 0.9999 0.1534835443161015
2 0.3043869565217391 0.0792508333333333 0.0001 0.0001 0.0229091275697353 0.0007720982658887 0.0212137775725603 0.0006569001760927 0.7874457305699685 0.7244283883618183 0.8688510908059566 0.7606648710720227 0.1474585822461537 0.7081936334836844 0.3472791529568945 0.8688510908059566 0.242388152676 0.1090506314004562
1 0.9445750988142292 0.2833766666666666 0.0001 0.0001 0.5570228787982953 0.0412959528114029 0.316806820078831 0.1121160605245211 0.2285593564170211 0.1775361489247661 0.3034266693392734 0.1980338901674547 0.408600374418461 0.5446969438541356 0.3453819840938749 0.3034266693392734 0.48906383767 0.1273069744607523
1 0.770696837944664 0.3416983333333333 0.0001 0.0001 0.0609243344836793 0.0026838488097024 0.0336336625134371 0.0007650929025031 0.0349497299721062 0.0146837926627535 0.0619433029310508 0.0258158217235441 0.6827992595569209 0.2694578866496595 0.5104343604490751 0.0619433029310508 0.80855807604 0.1200681515273126
2 0.0396177865612648 0.1625675 0.3333666566686669 0.0001 0.0609243207982035 0.0011118736942866 0.0249397698817534 0.0007568844887786 0.7616311415904305 0.6847280160885577 0.8636975341325659 0.7263771714270562 0.0597895918276779 0.801116212938728 0.2865702444973795 0.8636975341325659 0.279744129986 0.1129184883178152
1 0.3518083003952569 0.4375124999999999 0.0001 0.0001 0.043817499925827 0.0009611448503869 0.0299077059734841 0.0009187560771124 0.1307219456954902 0.0859823361899703 0.1959371082788136 0.1045218213740663 0.4832123054461568 0.4752990466183585 0.3814279193011164 0.1959371082788136 0.59608467922 0.1317261546936867
5 0.916912648221344 0.5958141666666666 0.0001 0.0001 0.1274509585578727 0.0118131993277527 0.0150038357727952 0.0005166849116968 0.2301082178159014 0.1832076108857991 0.3085802723951378 0.191799764872026 0.4365798737353762 0.5623404872769383 0.2884673792116328 0.3085802723951378 0.458793302988 0.1413465426177491
3 0.7548897233201581 0.6083116666666666 0.0001 0.0001 0.0362144619644071 0.0006115425089218 0.0174878293042441 0.0002175263951156 0.127882347877687 0.1013763387459995 0.1142156155062178 0.1676424811350746 0.6100526251261491 0.0965512997843335 0.8633049346231124 0.1583894023675301 0.418200433186 0.9203637019918308
2 0.3241458498023715 0.0709191666666666 0.0001 0.0001 0.0134053378160407 0.0002371902787444 0.0199717521914439 0.0004284427549503 0.7874457305699685 0.7252385472118197 0.8688510908059566 0.7598856536272593 0.1530544720369251 0.7081936334836844 0.3415876805166021 0.8688510908059566 0.241563117716 0.1102556807943652
3 0.21349604743083 0.824935 0.3333666566686669 0.0001 0.0628250896973231 0.00140584613723 0.0311496855252617 0.0008198482341942 0.0873533943901904 0.0754496002854911 0.0685693706289442 0.1185486401091616 0.7238358300159966 0.0624404788080442 0.8025960261635976 0.1120069284822759 0.407922299224 0.8633976543498275
6 0.3676154150197628 0.5208291666666667 0.0001 0.0001 0.0077030430934732 0.0001298710915039 0.0050679506229844 0.0001213684649819 0.0179120845177408 0.0073918963313767 0.0383839461835791 0.0063341386208998 0.755545902381536 0.2341708315624068 0.4933599772769642 0.0383839461835791 0.8470205320099999 0.1634028657272524
1 0.0751837944664031 0.2458841666666666 0.0001 0.0001 0.393557396691374 0.0089394501909009 0.1777042249910419 0.0050882200967216 0.1296893621363086 0.0997559189594483 0.1583894023675301 0.1278998315590075 0.5858037357907676 0.3000400052930588 0.5597603547618948 0.1583894023675301 0.476888843156 0.0764806446688078
0 0.6126256916996048 0.7374525000000001 0.0001 0.0001 0.1464585688575827 0.002432260769065 0.1118788750447903 0.0028027079119219 0.4270737338582102 0.4019645008271029 0.5014724778941644 0.3718105106247697 0.5242488809415383 0.5893938612429773 0.1556666003376349 0.5014724778941644 0.30028175164 0.1757388151304033
5 0.442699209486166 0.4666733333333333 0.3333666566686669 0.0001 0.0495197621453892 0.0007256906934266 0.0435695548170959 0.0013390655095569 0.4136501197090664 0.378468406630214 0.4889565648802904 0.367134897366332 0.4589634328984615 0.5905701059400582 0.220169846523189 0.4889565648802904 0.299203807272 0.1565715893406963
5 0.8220699604743084 0.4625075 0.0001 0.0001 0.0286113863679287 0.000178412061682 0.2559494151666202 0.0656049602171333 0.2734767551813092 0.260987862726806 0.3152063400930313 0.2408936199247507 0.6604156836061496 0.39649129766711 0.328307600921764 0.3152063400930313 0.282454137876 0.1778736970519782
6 0.9603822134387352 0.4041858333333333 0.0001 0.0001 0.2224889826854707 0.0052438652774214 0.0386016142542103 0.0006969674908974 0.1653135297778011 0.1459379266275358 0.2018269535947941 0.1450437304753318 0.6473585906399969 0.3459131673789813 0.4231652927998839 0.2018269535947941 0.365358673652 0.1494466162580663
5 0.9406233201581028 0.524995 0.0001 0.0001 0.0609243207982035 0.0014719175064211 0.0771032307439981 0.0008851275031204 0.2848352022120899 0.2909656506536925 0.30048172680308 0.2619338375072849 0.7853906764713828 0.2741628336796304 0.3985023024732274 0.30048172680308 0.17613068682 0.2159808853290239
5 0.1463158102766798 0.3833566666666667 0.0001 0.0001 0.030512182638 0.001160423633967 0.0435695682305609 0.0011069879914924 0.4056475901554637 0.3890011279509005 0.4609798493248906 0.3624593121615179 0.5895343457723015 0.4929425794550436 0.2448328539242288 0.4609798493248906 0.25706269718 0.1757651165775828
4 0.0514731225296442 0.2042258333333333 0.0001 0.0001 0.0191075880608116 0.0008915829766917 0.0236977567963132 0.0001454079761824 0.1348522938721082 0.1378358276947798 0.164279241057443 0.1006254816676389 0.8115048523310763 0.3047449523230297 0.3226161455558547 0.164279241057443 0.419264220386 0.2385726199660195
3 0.9643339920948616 0.6874625 0.0001 0.0001 0.0343137101721323 0.0006206061724779 0.022455775008958 0.0005022580359448 0.1289149314368685 0.1102886548639275 0.1127431508641888 0.1637461414286471 0.664146276799997 0.0847889438541356 0.8272590164902541 0.1547082507015592 0.352099556006 0.9025095511952976
4 0.4743134387351778 0.2042258333333333 0.0001 0.0001 0.0780311895697455 0.0024486133505236 0.0646833525098538 0.0021727395780298 0.1864815136508602 0.1799667713126967 0.233484814190097 0.142705923846113 0.729431719806768 0.4011962446970809 0.2505243263645212 0.233484814190097 0.42231573996 0.2129389811329528
4 0.4110849802371542 0.4125175 0.0001 0.0001 0.0172068448219592 0.0002232182296446 0.0435695637594059 0.0018121460049346 0.0295286614074411 0.0316982186512821 0.0420650965243365 0.0141268117216894 0.839484330495507 0.1988837711820954 0.4649026748358431 0.0420650965243365 0.70829163334 0.2526095361583358
2 0.4743134387351778 0.2125574999999999 0.0001 0.0001 0.0191076205638168 0.000309097742351 0.0249397698817534 0.0005060001934496 0.8741828750002442 0.848390625995224 0.9196510315040426 0.8495014037544378 0.3768903322707568 0.5564592849637688 0.358662063688713 0.9196510315040426 0.1617256584019999 0.1223275582967657
2 0.3794707509881422 0.2167233333333333 0.0001 0.0001 0.0248098588337963 0.0005466625703223 0.0075518965366325 0.0002520385723369 0.75930784949211 0.7017424530149307 0.8357207854468277 0.7326112476286438 0.1940910811076791 0.6776115465986379 0.3491762876711477 0.8357207854468277 0.2369426120019999 0.1111698868719199
0 0.0593766798418972 0.7457841666666667 0.0001 0.0001 0.1293517035074096 0.0070300919344644 0.1913660626567662 0.0532326399256734 0.2066169209346838 0.1904995072171759 0.2445282824401451 0.181669292856764 0.6566850904123019 0.3623804872769383 0.3871193746670256 0.2445282824401451 0.300429602064 0.1483946255092308
1 0.8892501976284585 0.2417183333333333 0.0001 0.5 0.6539616889318577 0.9999 0.4571514126030179 0.7498013637482175 0.1660879813870792 0.1402664427908139 0.19446465688892 0.1606290752742299 0.6025914219507678 0.3070974099588387 0.5313030523207738 0.19446465688892 0.5089920012400001 0.093287370124057
6 0.328097628458498 0.5124974999999999 0.0001 0.0001 0.0153060834498513 0.0002194842813314 0.0162458358918859 0.0002095133432302 0.0148143310522178 0.0073918963313767 0.0310216514655253 0.00477560414101 0.7779294816898447 0.2129985910997729 0.5047428965459743 0.0310216514655253 0.8739992851799999 0.1731543916263077
6 0.7311790513833992 0.325035 0.0001 0.0001 0.0210083737246392 0.0002978960163731 0.0236977657386232 0.0003056713721662 0.1580854378935844 0.1200111881670274 0.2224413923225228 0.1263413054952047 0.520518304535377 0.477651546598638 0.3396905287279656 0.2224413923225228 0.5094603075599999 0.1437804419493455
2 0.3557600790513834 0.0334266666666666 0.0001 0.0001 0.0343137341217151 0.0008663122680793 0.0323917232020544 0.0006620660251565 0.8829598073735031 0.8419088885138484 0.9439465026285236 0.8565148096152825 0.2687029785600023 0.6329145762792083 0.3453819840938749 0.9439465026285236 0.189588774664 0.116138795884704
3 0.7746486166007905 0.9082516666666668 0.0001 0.0001 0.0476190000890076 0.0016868999561367 0.026181727077756 0.0005086713910411 0.1237519997010689 0.1029967585325507 0.1186329961801694 0.1489400491415417 0.6510891838338445 0.1365432992550276 0.7570643490875572 0.1407198730456563 0.33574965664 0.9561131426066188
6 0.8773948616600791 0.5416583333333334 0.3333666566686669 0.0001 0.0723288965578626 0.0019221363226496 0.0174878232681848 0.0002175266691659 0.068766869415085 0.0438513779882607 0.1097982282061986 0.0491938410259129 0.6398974042523018 0.344736933268018 0.4326510688174492 0.1097982282061986 0.64019565526 0.1431907994225954
5 0.2885798418972332 0.4833366666666667 0.0001 0.0001 0.1654661723145547 0.0037797062629068 0.0373596235245451 0.0009994767417559 0.3155545979474701 0.287724789204901 0.3799945391778016 0.2736228285729437 0.5410365671015385 0.5152910381494645 0.2581128993703006 0.3799945391778016 0.317361115084 0.1651158334958266
6 0.9722375494071148 0.3375325 0.0001 0.0001 0.0305121668997027 0.000622743851803 0.0100358974454871 0.0001854738673677 0.0842556437126458 0.0551943259735844 0.1363024989977724 0.0569865204387678 0.6063220319323015 0.4011962446970809 0.3757364468608239 0.1363024989977724 0.63210037464 0.1522227197409686
2 0.3755189723320158 0.0084316666666666 0.0001 0.0001 0.0286113213619183 0.0005816731282468 0.0125199128855954 0.000249577982438 0.9185839401652656 0.8905215914888297 0.9594073051700492 0.9009329882889168 0.347045536356918 0.5446969438541356 0.4079880614164094 0.9594073051700492 0.1566369863399999 0.1105298402316534
3 0.5098794466403163 0.7416183333333334 0.0001 0.0001 0.0305121723738931 0.000443517708055 0.0261817427267985 0.0007650929025031 0.083739351933055 0.0689679138473899 0.0670969059869152 0.1154315669413385 0.7051828439015356 0.0718503601646449 0.8063903297408703 0.1090620058242856 0.439454741474 0.8793300371206627
2 0.7114201581027668 0.0667533333333333 0.0001 0.0001 0.0248098588337963 0.0005667366131595 0.011277887504479 0.0002843023539592 0.9624688808294 0.9666814016675964 0.9711870620626876 0.9476890507392344 0.555958973452301 0.4011962446970809 0.4269595963771568 0.9711870620626876 0.096343907368 0.1309598879622969
4 0.1107498023715415 0.4166833333333333 0.0001 0.0001 0.0134053220777435 0.0003427024262915 0.0137618622570768 0.0002095133288065 0.0377893368508392 0.0503330644263619 0.0420650965243365 0.0211402175825341 0.9085003777759983 0.1612442394040221 0.4554169022331545 0.0457462448772736 0.564140599314 0.3603503278438714
5 0.4743134387351778 0.3791908333333333 0.3333666566686669 0.0001 0.1008402760830533 0.0019700390306159 0.0274237200429987 0.0007206969768721 0.3602138856716928 0.3436293301760885 0.4131248776672689 0.3195996104578453 0.6044567185476915 0.4705941207606228 0.2657015235992294 0.4131248776672689 0.2694461199999999 0.1762197942435986
6 0.2964833992094862 0.325035 0.0001 0.0001 0.0362144585430381 0.0010603416496053 0.0733772764396225 0.001869259251398 0.1172983594261304 0.0940844424146227 0.1620705474074333 0.0920535427295855 0.636166794270768 0.3741428389726891 0.389016526455662 0.1620705474074333 0.473050710936 0.1565885921269074
3 0.434795652173913 0.9790708333333332 0.0001 0.0001 0.1084433619436387 0.002212039875876 0.1305087024561054 0.0030667125840271 0.1805441651555124 0.1540400255602919 0.1488184120116464 0.2393350587939186 0.593264938966149 0.022448479866656 0.9999 0.2261225241102906 0.388995145412 0.8826648323526516
3 0.6047221343873518 0.9915683333333334 0.0001 0.0001 0.119847913753715 0.0024257938959285 0.1019429693276665 0.0026516631153053 0.1255590278995826 0.107047815290825 0.1039083961423534 0.1660839340310542 0.6660115733969209 0.0577355349539086 0.868996407063405 0.1569169310994335 0.3984170506539999 0.882830126961346
5 0.3122905138339921 0.2542158333333333 0.0001 0.0001 0.0419167481335522 0.0011118759122145 0.0323916673126169 0.0009419556651032 0.411326813670854 0.3744173352881469 0.493373899171768 0.3593422179534772 0.4477716533169188 0.6223284586944208 0.1803296077386747 0.493373899171768 0.314643448726 0.1602172183316628
3 0.1502675889328063 0.9790708333333332 0.3333666566686669 0.0001 0.0780311895697455 0.0033895534733851 0.0410855890068081 0.0018548842288566 0.1072306488142726 0.0916538054428995 0.0869751090805956 0.1434851903847173 0.6921257425415398 0.0600880063516705 0.838641944296456 0.1355662766158595 0.39385993226 0.8753688746864746
3 0.2806762845849802 0.9332466666666668 0.3333666566686669 0.0001 0.0970387690771348 0.0018622594247116 0.1180888175152287 0.0023623543648907 0.1051654816959095 0.0876027559765215 0.0994910154684019 0.1278998315590075 0.6790686663630734 0.1294858874965488 0.7399899659154462 0.1208416699519759 0.347511333834 0.9451046022335856
2 0.3794707509881422 0.0417583333333333 0.0001 0.0001 0.032412913902061 0.000716598902511 0.0299076724398215 0.000726873235146 0.8839923769927925 0.8386680781083313 0.9468914584168524 0.8596318827831058 0.2388582497969081 0.642324449166915 0.3605592154773495 0.9468914584168524 0.1951884445059999 0.111946022940222
0 0.9761893280632412 0.7874424999999999 0.0001 0.0001 0.0476189829821627 0.0010603418512351 0.0398436049838754 0.0009419553045106 0.3214919464428178 0.3014984011419644 0.3748409493740725 0.2837532935747999 0.593264938966149 0.4635367160948428 0.2884673792116328 0.3748409493740725 0.286705247484 0.1689795949740588
2 0.9366715415019764 0.20006 0.0001 0.0001 0.028611451373939 0.0005632103899332 0.0236977702097782 0.0005907031918808 0.8483682511709761 0.7965371053228291 0.9211234100071912 0.8198891911266035 0.2052828774769078 0.6811402489315279 0.3321019044990368 0.9211234100071912 0.2142609192479999 0.1142283406703644
3 0.7865039525691699 0.974905 0.3333666566686669 0.0001 0.0514205310445089 0.0010297381750908 0.0236977545607357 0.0004659349700818 0.1123935666101802 0.0867925460832459 0.0994910154684019 0.150498596245562 0.6212444047076916 0.0965512997843335 0.851922023891294 0.142192344313753 0.445391283928 0.9193847745484024
4 0.3518083003952569 0.4166833333333333 0.0001 0.0001 0.0571228137922849 0.0015786175862825 0.029907692560019 0.0008372116026984 0.12994751499605 0.144317514132881 0.1473459407435497 0.0975084155132216 0.8917126865796924 0.2459331832581577 0.3358962251506928 0.1473459407435497 0.374336857656 0.2871806987948186
5 0.5533490118577076 0.025095 0.3333666566686669 0.9999 0.1274509688219796 0.0045855604569401 0.1118788750447903 0.0017724312054199 0.3109079719311532 0.2942065048105876 0.357907655686247 0.2767398877139551 0.6193791081107679 0.4306021080572816 0.3150275213269258 0.357907655686247 0.268232302812 0.1703170411869546
5 0.7074683794466403 0.4666733333333333 0.3333666566686669 0.0001 0.0590235484777149 0.0022245798391156 0.0249397542327109 0.0004739476974339 0.4007428112794055 0.3833296732817639 0.4543537816269972 0.3601214915054874 0.5858037357907676 0.4835326853951018 0.263804371810593 0.4543537816269972 0.25124356124 0.1717514519565551
1 0.5454454545454545 0.4875025 0.0001 0.0001 0.100840306875374 0.0080494437762372 0.0708932949802922 0.0090667362908816 0.0370148970904693 0.0179246351526145 0.0634157543209443 0.0273743555020933 0.6902604627323022 0.2671054184277328 0.5066400517494873 0.0634157543209443 0.80466335514 0.1249449802980884
6 0.6995648221343873 0.10008 0.0001 0.0001 0.0153060861869465 0.000447070727884 0.0087939082807261 0.0002809626393907 0.0940652014647622 0.0754496002854911 0.1274677376498693 0.0764681979306875 0.6753380563815397 0.3141548146246187 0.4459311364602191 0.1274677376498693 0.45929604242 0.149624247537901
5 0.2885798418972332 0.2208891666666666 0.0001 0.0001 0.0628250760118472 0.0013162961855704 0.0448115500179161 0.0009045156998342 0.3945473238642084 0.3622641941809091 0.4705508065504359 0.3445361467065893 0.4850776020430806 0.5893938612429773 0.1955068391221492 0.4705508065504359 0.31304069934 0.164086686569334
1 0.8457806324110672 0.4666733333333333 0.0001 0.0001 0.0115045634427307 0.000234419885052 0.0150038507511645 0.0001320526517156 0.0096514076803534 0.0001 0.0251318107877922 0.0024378020003709 0.7648723937599979 0.2082936525386961 0.525611588417673 0.0251318107877922 0.9999 0.1468493189760596
1 0.4150367588932806 0.40002 0.0001 0.0001 0.038115206913944 0.0008259500515388 0.0150038507511645 0.0004040784890389 0.1573110002241983 0.0948946523078983 0.2386384371241647 0.1310169187536424 0.3526414429353755 0.5588117531856955 0.3795307504380968 0.2386384371241647 0.63851309184 0.1158394092137777
4 0.1186533596837944 0.2125574999999999 0.0001 0.0001 0.0628251068041679 0.0009401247604461 0.0410855890068081 0.0007971463793306 0.1477595883618772 0.1499889760939139 0.180476279233017 0.1107559606963067 0.8021783626313831 0.3235646980984429 0.301747475880854 0.180476279233017 0.4194852061799999 0.2340858146337319
6 0.7153719367588932 0.5874825 0.0001 0.0001 0.0267106499718142 0.0010893034843903 0.0187298117622725 0.0008863527245324 0.0055210692616597 0.0025306321590715 0.0111434457214179 0.0024378020003709 0.8115048523310763 0.1600680052930587 0.5559660477697453 0.0111434457214179 0.705514448888 0.1595166296875821
1 0.9248162055335968 0.4541758333333333 0.0001 0.0001 0.0153060834498513 0.0004435174257732 0.0112778868338057 0.0003163555783719 0.0101676994599442 0.0001 0.0266042707915738 0.0024378020003709 0.7611417921723073 0.2129985910997729 0.5218172831329618 0.0266042707915738 0.9999 0.1491151542421749
5 0.1739782608695652 0.4583416666666666 0.0001 0.0001 0.0704281995074912 0.001364844814657 0.1478965033685153 0.0020316547086079 0.3831888838033737 0.3484906187033276 0.4550900040089101 0.3398605404615575 0.4720205426523003 0.5670454025485564 0.2448328539242288 0.4550900040089101 0.30723186134 0.1540535656611331
1 0.5493972332015811 0.4750049999999999 0.0001 0.0001 0.0229091231219557 0.0003240331787188 0.0597154007690807 0.0028244773898061 0.0274634921980942 0.0114429501728926 0.0516360815793661 0.017243880681469 0.7145093352799975 0.254166822034901 0.5028457413424613 0.0516360815793661 0.85312801027 0.1360441238695103
6 0.8260217391304348 0.5916483333333333 0.0001 0.0001 0.0001 0.0001 0.0001 0.0001000000114629 0.0001 0.0001 0.0001 0.0001 0.8338884349969222 0.1318383580474214 0.5787318931375188 0.0001 0.0001 0.5110522054750354
1 0.3518083003952569 0.4625075 0.3333666566686669 0.0001 0.0571228240563918 0.0015098077817251 0.0261817427267985 0.0005984938879679 0.112909858389771 0.0746393831003191 0.1679603860973462 0.0912742761909812 0.5335753639261572 0.422368479866656 0.4155766856453383 0.1679603860973462 0.5847270512 0.1338578139746372
0 0.8457806324110672 0.7124575000000001 0.0001 0.0001 0.0875349759020712 0.0015826861735549 0.0609573959699008 0.0015296266355413 0.3777678061777786 0.3541620879562568 0.4455189805226878 0.3281715564093045 0.5503630500861574 0.5458731673789814 0.1993011768481884 0.4455189805226878 0.304089219994 0.1746753772935164
2 0.6165774703557312 0.1917283333333333 0.0001 0.0001 0.0419166591779591 0.0005779364034911 0.0274236775670262 0.0006983140156478 0.8692780891542399 0.832996586979713 0.925540810559346 0.8432672223517623 0.3060089608615364 0.6070374258380151 0.3491762876711477 0.925540810559346 0.182136765364 0.1182610390125801
2 0.3597118577075098 0.1875625 0.0001 0.0001 0.0153060263129896 0.0001298708586215 0.0187298117622725 0.0005086723285817 0.8783131952970782 0.8451497353788472 0.9321668782572397 0.8518391472630039 0.3246619436184603 0.5976275317780734 0.3453819840938749 0.9321668782572397 0.176125317894 0.1205113485361038
2 0.328097628458498 0.225055 0.0001 0.0001 0.0248098588337963 0.0004771199119487 0.0448115500179161 0.0006128411737293 0.8759898613790817 0.8410987296638471 0.938792945955133 0.8417087033013654 0.3134701640369176 0.6399720021172235 0.2884673792116328 0.938792945955133 0.185720728428 0.1294137421997964
0 0.0949426877470355 0.7791108333333333 0.0001 0.0001 0.0970387690771348 0.001456741031688 0.0920070658461201 0.0025119493630467 0.3395621935782244 0.3120311370464436 0.4042901295715012 0.2970008668115084 0.535440660523081 0.5223484851597149 0.2524214781531577 0.4042901295715012 0.309682831048 0.1634909176684801
1 0.0751837944664031 0.524995 0.0001 0.0001 0.003901521717805 0.0001298710854551 0.0063099384463988 0.0001133552919374 0.0016488768721603 0.0001 0.0045173786861312 0.0001 0.8226966436639993 0.1459531821995459 0.5673489704536322 0.0045173786861312 0.66663336666 0.1595166296875821
2 0.7509379446640316 0.1500699999999999 0.0001 0.0001 0.0153061128736244 0.000488326678672 0.0249397117567383 0.0003777931878813 0.946205627042777 0.9407546267476063 0.9697146172988614 0.9250903141063036 0.4944041353907579 0.4682416631248137 0.3814279193011164 0.9697146172988614 0.118475240216 0.1312917695928528
6 0.8299735177865613 0.40002 0.3333666566686669 0.0001 0.0875349861661781 0.0023702035470956 0.0460535429831588 0.0021326739940694 0.1167820537066476 0.0859823361899703 0.1709053087553364 0.0889364765751683 0.5839384391938438 0.4188397563615308 0.3700449914949146 0.1709053087553364 0.54716396532 0.1485951677497548
4 0.320194071146245 0.4083516666666666 0.3333666566686669 0.0001 0.0248099135756998 0.0003427026581658 0.0299077059734841 0.0006769486899087 0.1240101595307563 0.1402664427908139 0.1392474216557627 0.0920535427295855 0.9066350778215372 0.2341708315624068 0.3396905287279656 0.1392474216557627 0.376048415276 0.2967866016206577
5 0.0672802371541502 0.1334066666666666 0.0001 0.0001 0.0647258722819186 0.0018866556244796 0.0348756755988772 0.0009821776019991 0.4510813294889645 0.4003440956243444 0.5471187293975056 0.3975263414657414 0.3395843331815367 0.698783781768213 0.1670495622926029 0.5471187293975056 0.33514807698 0.1484125682322907
3 0.6363363636363636 0.9415783333333332 0.3333666566686669 0.0001 0.0780311793056386 0.0012527371239053 0.0597154007690807 0.0019496364876841 0.0922581732662486 0.0795006497518691 0.0663606769789346 0.1317961852922467 0.7163746318769212 0.0295058845324359 0.8633049346231124 0.1245228348700822 0.472831374812 0.8451293606638827
0 0.3755189723320158 0.7582816666666666 0.0001 0.0001 0.045718231189888 0.0012246376900942 0.0410855733577656 0.001431970741156 0.4371414375001221 0.3995338930229651 0.5220869033697577 0.3827202632054477 0.4347145435630801 0.642324449166915 0.1613580727779273 0.5220869033697577 0.3103259424 0.1611044180094014
6 0.6639988142292491 0.524995 0.0001 0.0001 0.0514205515727226 0.0005816708095039 0.1888821124955209 0.036212681749268 0.1766719698386357 0.1362154079082286 0.2423195954162032 0.1458229970139361 0.4981347117969193 0.4882376641834255 0.3453819840938749 0.2423195954162032 0.5025680262919999 0.1396038493463319
0 0.5770596837944664 0.7582816666666666 0.0001 0.0001 0.2262905546973996 0.0037344154675964 0.1578324224991041 0.0040012692733799 0.3607301635113916 0.3395782952935032 0.4175422649672881 0.3203788769964496 0.5727466596123012 0.4894139088805064 0.2675987095366322 0.4175422649672881 0.2753114167059999 0.1619035657459122
6 0.6284328063241107 0.125075 0.0001 0.0001 0.0286114068961424 0.0009162618211379 0.0050679506229844 0.000224139468009 0.0050047767850744 0.0041510538415158 0.0081985270390682 0.0024378020003709 0.8264272410547685 0.1483056525386961 0.5597603547618948 0.0081985270390682 0.5370295925999999 0.2013563575449344
4 0.3755189723320158 0.2875425 0.3333666566686669 0.0001 0.0533212999436285 0.004296887349675 0.0559894419935501 0.0014702517525199 0.1813185958549526 0.175105511953043 0.2283312376385033 0.137251044049071 0.7331623180369214 0.4000200105861176 0.2486271404271185 0.2283312376385033 0.43248440582 0.2133617177306963
3 0.2964833992094862 0.9915683333333334 0.3333666566686669 0.0001 0.0704281481869567 0.0021797756773697 0.0522634787468646 0.0040745331722856 0.0932907568254301 0.0892231757630727 0.0869751090805956 0.103742554835462 0.7760641834141523 0.123604710801784 0.6508237345255504 0.0994910154684019 0.2033082402219999 0.9413145418750504
4 0.4229403162055336 0.4666733333333333 0.0001 0.0001 0.0210083689347226 0.0003427025371879 0.0150038518689532 0.0002923160549112 0.0470826007323811 0.0600555904375655 0.0531085415831477 0.0281536234433788 0.9085003777759983 0.1718303569888096 0.4383425241833584 0.0560534642411379 0.5244660058199999 0.34560161761747
2 0.4229403162055336 0.20006 0.0001 0.0001 0.0172068875890713 0.0002680253654303 0.0236977702097782 0.0003056715524625 0.8793457927961518 0.8500110603655677 0.9306943672327366 0.8518391472630039 0.3507761127630794 0.5858651906684401 0.3377933769393292 0.9306943672327366 0.1701569818 0.1235570292641566
5 0.4071332015810276 0.5666533333333333 0.0001 0.5 0.106542599887257 0.0023053323793931 0.1044269463158418 0.0019744643674544 0.3470484383221824 0.3193230333778203 0.4138611066752495 0.302455711541521 0.5317100841169197 0.5341108262693481 0.2372442296953 0.4138611066752495 0.309144348766 0.1658977938156738
1 0.4822169960474308 0.5499900000000001 0.0001 0.0001 0.0096038034391704 0.0004928572502637 0.0063099379992833 0.0001981408595749 0.0029396075757275 0.0001 0.0081985270390682 0.0001 0.8133701522855374 0.1577155338952968 0.5578632029732585 0.0081985270390682 0.7777222444399999 0.1595166296875821
4 0.2964833992094862 0.5166633333333334 0.0001 0.0001 0.0153060861869465 0.0002194843277063 0.0187298117622725 0.0001881448442765 0.0349497299721062 0.0503330644263619 0.0361752591596372 0.0188024158626994 0.9290186537723087 0.1459531821995459 0.4592112109327422 0.0457462448772736 0.61373384868 0.3948981498342484
0 0.4545545454545454 0.7207891666666667 0.0001 0.0001 0.0761304343561018 0.0022357829966651 0.23731961011108 0.0326147627121859 0.2210730977331711 0.2099445811152721 0.2518905725199515 0.1988131707328707 0.6865298527507686 0.3317983686335389 0.406090909627773 0.2540992794220966 0.25077130571 0.139195748908091
4 0.3320494071146245 0.375025 0.0001 0.0001 0.0457182551394707 0.0013993913618825 0.0286657107726639 0.0009787771420074 0.1485340399711553 0.1548502354535675 0.1775313764532299 0.111535227234911 0.8301578381097838 0.3059211864339931 0.301747475880854 0.1775313764532299 0.40481124156 0.2494477732294573
3 0.4031814229249011 0.9415783333333332 0.0001 0.0001 0.0343136930652875 0.0005480662162968 0.0125198737629892 0.000441895114876 0.05585956795537 0.0479024296422077 0.037647715850385 0.0827023372529279 0.7611417921723073 0.0577355349539086 0.7722415633966485 0.0781403543587602 0.52299460016 0.8377644519160122
4 0.4901205533596838 0.1875625 0.0001 0.0001 0.0913364829079897 0.0037741426913527 0.0609573736141258 0.0012351974707258 0.1996469749402626 0.1904995072171759 0.2496818921220773 0.1551741884637821 0.7070481438559965 0.4188397563615308 0.2448328539242288 0.2496818921220773 0.413957132016 0.2055870300859265
6 0.4229403162055336 0.5291608333333333 0.0001 0.0001 0.0096038000178015 0.0001634760244573 0.011277887504479 0.000188144865912 0.0223005688262298 0.0106327388212377 0.0442737835482784 0.0102304748206243 0.7462194059667682 0.2424044809252677 0.4895656685773764 0.0442737835482784 0.799543239368 0.1606185713660963
2 0.7746486166007905 0.1958941666666666 0.0001 0.0001 0.028611451373939 0.0007286913886966 0.0323916673126169 0.0008238512876305 0.8522404395179067 0.8054494068569644 0.9196510315040426 0.8245648534788822 0.2388582497969081 0.6564393114290629 0.3377933769393292 0.9196510315040426 0.204205840666 0.1153940134241438
0 0.5177830039525692 0.7124575000000001 0.0001 0.0001 0.030512182638 0.0007608034171797 0.0472955314772464 0.0013780940293049 0.3034217341571413 0.2933962584578303 0.3483366785824986 0.2650509036617021 0.6678768699938447 0.4188397563615308 0.2846730927087432 0.3483366785824986 0.28080744728 0.1892331024229955
5 0.1423640316205533 0.4708391666666666 0.0001 0.5 0.051420513937664 0.0011193487165106 0.05474745573504 0.001403472606038 0.3788003897369602 0.360643752518669 0.4322668451269009 0.3390812739229532 0.5876690323876914 0.477651546598638 0.2713929960395219 0.4322668451269009 0.25859109144 0.1703119051034594
1 0.3320494071146245 0.4583416666666666 0.0001 0.0001 0.0552220517359033 0.0011715016802148 0.0212137988105466 0.0006137183223517 0.1201379502739876 0.0649168570891155 0.193728414628804 0.0951706088840028 0.4141962809969186 0.512938591099773 0.3909136782442985 0.193728414628804 0.6961387644 0.1189858813842767
0 0.6956130434782608 0.7082916666666667 0.0001 0.0001 0.1464585688575827 0.0018450887302685 0.0572314349587928 0.0011714889141586 0.4226852467617428 0.3914317795064164 0.5014724778941644 0.3686934514837583 0.4832123054461568 0.6093898728877066 0.1651524105039665 0.5014724778941644 0.30703130146 0.1678807080903033
0 0.1818818181818181 0.7416183333333334 0.0001 0.0001 0.0780311690415317 0.0046889471540106 0.1317506842434606 0.0106346464849935 0.2066169209346838 0.1953607884525185 0.2423195954162032 0.1793314792141393 0.6902604627323022 0.3517943696921507 0.3700449914949146 0.2423195954162032 0.297453357432 0.182985006497354
4 0.4822169960474308 0.3875225 0.0001 0.0001 0.0780311793056386 0.002224580444005 0.0895231000358322 0.0015423717796959 0.1529225200976768 0.1499889760939139 0.1900472695889008 0.1162108264665369 0.7648723937599979 0.3459131673789813 0.3036446276694905 0.1900472695889008 0.42141112092 0.2208819846120024
1 0.0633284584980237 0.4125175 0.3333666566686669 0.0001 0.043817493083089 0.0013732548951597 0.0609573892631683 0.0022608835454212 0.027721637390895 0.0106327388212377 0.0428013268575307 0.0281536234433788 0.7070481438559965 0.2106461249950698 0.5806290468043375 0.0428013268575307 0.80659651843 0.0715225113606116
3 0.4031814229249011 0.7666133333333334 0.3333666566686669 0.0001 0.0704281413442188 0.0016869005610261 0.0460535385120038 0.002837831935393 0.0594736104125053 0.0462820113140357 0.0457462448772736 0.0865986699459494 0.7238358300159966 0.080084004234447 0.7741387322596681 0.0818214993986634 0.5016831633 0.8781348738482526
5 0.2411584980237154 0.5374924999999999 0.0001 0.0001 0.0837334723175216 0.0011156165485887 0.0311496899964167 0.000594145422915 0.1604087578716888 0.130543931363403 0.2136066110964167 0.132575451830851 0.5764772528061488 0.424720937502465 0.3681478397062783 0.2136066110964167 0.44436422938 0.1472861881957081
4 0.3715671936758893 0.3708591666666667 0.3333666566686669 0.0001 0.024809889626117 0.0002082827731138 0.0274237133362662 0.0009226854542761 0.1469851576624371 0.1580910823185662 0.17237776014523 0.1091974206056922 0.8637332107655379 0.2882776535973079 0.2960560034405617 0.17237776014523 0.40106169162 0.2631407396734627
1 0.0712320158102766 0.5083316666666666 0.0001 0.0001 0.0001 0.0001 0.0001 0.0001000000114629 0.0001 0.0001 0.0001 0.0001 0.8338884349969222 0.1318383580474214 0.5787318931375188 0.0001 0.0001 0.5110522054750354
4 0.770696837944664 0.4708391666666666 0.0001 0.0001 0.0077030376192829 0.0001298710461372 0.018729809526695 0.000380460880513 0.0434685533962836 0.0551943259735844 0.0494273945554242 0.0258158217235441 0.9010391796369228 0.1706541228778463 0.4478282916637322 0.0531085415831477 0.54209917848 0.3412787137731903
1 0.1937371541501976 0.4083516666666666 0.0001 0.0001 0.076130413827888 0.0013396514714055 0.0448115410756061 0.0043630060691382 0.0395963594733961 0.0187348465042694 0.0641519899549927 0.0336084941229931 0.6772033697661497 0.2588717690648719 0.5332002041094103 0.0641519899549927 0.76068215314 0.1058735609286116
3 0.802311067193676 0.6041458333333333 0.0001 0.0001 0.0172068550860661 0.0003811589285305 0.0448115410756061 0.0005022577691063 0.1653135297778011 0.1264928746051286 0.1686966151053268 0.1988131707328707 0.513057118147682 0.187121417369121 0.8158761057584357 0.1878385891910265 0.389056253188 0.9919189626477476
4 0.2609173913043478 0.2083916666666666 0.0001 0.0001 0.0362144551216692 0.0006115422770475 0.0187298117622725 0.0003804610031145 0.1655716756675964 0.165382978649943 0.2032994049846877 0.1255620459700063 0.7797947782867685 0.3517943696921507 0.2789816202684507 0.2032994049846877 0.415767679834 0.2255609734606945
0 0.0633284584980237 0.8041058333333334 0.0001 0.0001 0.0685274032374199 0.0013928083499711 0.0485375132646016 0.0006428889193293 0.3991939498805252 0.3711765102988372 0.4720232513142617 0.3484325004398285 0.513057118147682 0.5752790730836526 0.1898153666818568 0.4720232513142617 0.30271056578 0.1690876709270831
3 0.0751837944664031 0.6624675 0.0001 0.0001 0.0267106448397608 0.0008915828355508 0.0249397318769359 0.0005059999987296 0.1364011622409345 0.1102886548639275 0.1252590638780628 0.1730973398918989 0.6100526251261491 0.1106661228778463 0.8405390960850921 0.1635429987973269 0.387489386624 0.9314038813105778
4 0.6956130434782608 0.4791708333333333 0.0001 0.0001 0.0153060834498513 0.0002194844083582 0.0137618622570768 0.0004018294443733 0.0377893368508392 0.0560045373252393 0.037647715850385 0.0203609496412486 0.94767163988677 0.1400720052930588 0.4497254468672452 0.0508998512461719 0.62299129682 0.4081818073497787
0 0.0870391304347826 0.6707991666666666 0.0001 0.0001 0.0457182756676845 0.0010017159654998 0.2050279450340406 0.0043237084752194 0.2951610378039051 0.2771920605923181 0.3395018973563925 0.2650509036617021 0.6156485149169204 0.4141348199176775 0.3453819840938749 0.3395018973563925 0.26550095919 0.1541181527503143
0 0.9287679841897232 0.7582816666666666 0.0001 0.0001 0.091336458958407 0.0018002914239364 0.0907650818231874 0.0024623229557408 0.3424017844260816 0.3160821646371325 0.4057625743353271 0.3001179329659256 0.5429018636984623 0.5164672828465454 0.254318612867411 0.4057625743353271 0.3031833212099999 0.1643798965123969
1 0.2846280632411067 0.4416783333333333 0.0001 0.0001 0.0533212862581526 0.0010708109149452 0.0137618622570768 0.0006582508115983 0.009393261790558 0.0017204213907684 0.0236593521092242 0.0016585346201579 0.7779294816898447 0.2024124735149854 0.5218172831329618 0.0236593521092242 0.968160319206 0.1595166296875821
0 0.1621229249011857 0.7999400000000001 0.0001 0.0001 0.0324129364830962 0.0007522014859056 0.1354766474901461 0.0018757803515522 0.3800911400957751 0.3549722978495324 0.4447827912711134 0.3351849622701492 0.5391712872923009 0.5317583792196565 0.2334499431924103 0.4447827912711134 0.289835081392 0.1675497160428364
2 0.6126256916996048 0.0875825 0.0001 0.0001 0.0267105031950856 0.0002642921893593 0.058473376505753 0.000850564705915 0.9500778502394378 0.946426190795188 0.9697146172988614 0.9313245305760084 0.5055959149723006 0.4505981091158935 0.3985023024732274 0.9697146172988614 0.1131327449288 0.1282369076959377
5 0.7272272727272727 0.3791908333333333 0.0001 0.0001 0.3783513960386515 0.0744080077247734 0.0100359186834733 0.0002495789920972 0.3958380602831313 0.3727969155015957 0.4580349266669004 0.351549552567434 0.5484977702769197 0.5235247086845606 0.2372442296953 0.4580349266669004 0.274398159394 0.1696446506483378
3 0.6758541501976284 0.8624275 0.0001 0.0001 0.0875349861661781 0.002549429267421 0.0361176305593024 0.0018441992221354 0.104132898136728 0.0867925460832459 0.0913924897545472 0.1341339708812479 0.6809339629599971 0.0953750646147584 0.7931102501460322 0.1267315086418887 0.3864783688679999 0.9075286461219724
2 0.7390826086956521 0.1292408333333333 0.0001 0.0001 0.0267106756320814 0.0006487656919746 0.0373596525870526 0.001012232920043 0.75930784949211 0.6976913962566564 0.8364569746984022 0.735728320796467 0.1661115482153915 0.6811402489315279 0.3719421432835511 0.8364569746984022 0.24198566319 0.1064785781366741
1 0.2095442687747035 0.3333666666666666 0.0001 0.0001 0.0495197689881272 0.0016532966331974 0.0187298117622725 0.000284302995814 0.0228168606058206 0.0041510538415158 0.0531085415831477 0.0086719403407345 0.6977216491199973 0.2823964724563737 0.4743884423162168 0.0531085415831477 0.94472178785 0.1440197901540553
3 0.4545545454545454 0.9457441666666666 0.0001 0.0001 0.0400159655489567 0.000984930545312 0.0236977635030457 0.0017480407965476 0.0594736104125053 0.0543841189970674 0.037647715850385 0.0873779434979596 0.7797947782867685 0.0412682468143044 0.7798301876255773 0.0825577350327118 0.540531931992 0.8206817878572967
0 0.557300790513834 0.7124575000000001 0.3333666566686669 0.0001 0.0381152171780509 0.0009412436547108 0.0621993665793685 0.0015792927801476 0.3041961648565814 0.2942065048105876 0.3505453656064406 0.2642716301096919 0.6678768699938447 0.4258971927856635 0.2732901307537752 0.3505453656064406 0.286905507424 0.1913095739832528
6 0.0277624505928853 0.3416983333333333 0.0001 0.0001 0.0286114068961424 0.0005632122247646 0.0236977702097782 0.0007699510651443 0.1387244891889849 0.1102886548639275 0.1915197408569975 0.1099766941577024 0.593264938966149 0.4176635328366851 0.3624563672659858 0.1915197408569975 0.480249630864 0.1524973995004411
2 0.4545545454545454 0.10008 0.0001 0.0001 0.0286114068961424 0.0008881055277183 0.0199717814775092 0.0004925651636026 0.8726340136013638 0.829755776574196 0.936584278809394 0.8448257414021593 0.259376545938442 0.6446769279749592 0.3358962251506928 0.936584278809394 0.194913959414 0.1171790877766894
6 0.8734430830039526 0.3416983333333333 0.0001 0.0001 0.0590235792700356 0.0001634756877355 0.0038259630231277 0.0001240395226634 0.0171376454543654 0.0073918963313767 0.0361752591596372 0.0063341386208998 0.7611417921723073 0.2271134163105093 0.499051441180065 0.0361752591596372 0.87831942098 0.1627601839068919
2 0.3834225296442687 0.125075 0.0001 0.0001 0.0590237229675321 0.0008803807567208 0.0249398257711909 0.0007303651702592 0.9560151987347856 0.9529078116062224 0.975604462614842 0.9367793472523976 0.5074611947815382 0.4517743432268568 0.3947079818215713 0.975604462614842 0.1124987597512 0.130288957682713
1 0.21349604743083 0.3416983333333333 0.3333666566686669 0.0001 0.0286114113439221 0.000402444524615 0.0311496899964167 0.0013954621143598 0.0210098379832637 0.0041510538415158 0.0479549338890358 0.0086719403407345 0.7107787336923068 0.2659291843167695 0.4876685133738633 0.0479549338890358 0.93558306596 0.1445423782573962
6 0.6323845849802372 0.5291608333333333 0.0001 0.0001 0.0077030417249256 0.000273535303453 0.0050679499523111 0.0002962817221106 0.0086188227271827 0.0033408428544557 0.0214506630974619 0.0001 0.7947171678498449 0.1953550635561467 0.5161258209372993 0.0214506630974619 0.9999 0.1838926665861404
3 0.5691561264822135 0.5874825 0.0001 0.0001 0.0248098803884208 0.0012527371239053 0.0621993665793685 0.0008997121741781 0.1746067957503267 0.1435073042396054 0.1709053087553364 0.2081643691961225 0.5634201766276823 0.1553630646147584 0.8158761057584357 0.1966733372867942 0.3380214022 0.9694617900414084
3 0.8655395256916996 0.8707591666666666 0.3333666566686669 0.0001 0.0780311895697455 0.0012388354536933 0.051021485781622 0.0030942553652074 0.0450174315230342 0.0414207446624857 0.035439028826443 0.0585450535159765 0.7947171678498449 0.0965512997843335 0.6754867282670836 0.0553172352331573 0.4273683592339999 0.8441198013499353
5 0.3873743083003952 0.6041458333333333 0.0001 0.0001 0.0704281413442188 0.0027622590163901 0.0559894375223951 0.0038421499438458 0.1464688658828463 0.1224418251387506 0.193728414628804 0.1193278996343601 0.6212444047076916 0.3929625847481024 0.3738392950721875 0.193728414628804 0.43133433588 0.1570040609986593
2 0.6837577075098815 0.275045 0.0001 0.0001 0.0343137751781426 0.0004136429942713 0.0286656750034239 0.0010749295096402 0.947496321642024 0.9375138163420894 0.9763406849967547 0.9250903141063036 0.4626940596676814 0.4941188029798893 0.3719421432835511 0.9763406849967547 0.1274597029639999 0.1288426802103966
1 0.0712320158102766 0.3292008333333333 0.0001 0.0001 0.0476190103531145 0.0020005477391162 0.0249397519971334 0.0016278439725478 0.0238494462559859 0.0065816857089115 0.052372312575167 0.0102304748206243 0.7070481438559965 0.2741628336796304 0.4781827458934897 0.052372312575167 0.9042401358 0.1474845987937358
4 0.0238106719367588 0.4291808333333333 0.0001 0.0001 0.0400159655489567 0.0008953176549048 0.0472955314772464 0.0010188430865603 0.1012932863790329 0.1175805439034079 0.1134793732461018 0.0725718652376659 0.9140962675667696 0.2141748273279598 0.3643535361290055 0.1156880735221791 0.408662711112 0.3131036031931005
2 0.9919964426877472 0.25005 0.0001 0.0001 0.0248098588337963 0.0004323146109944 0.029907701502329 0.0006128419237618 0.6214577910025653 0.5307880269877475 0.76577896342799 0.5549383575989599 0.0094265333476774 0.9704940942953288 0.0646032632599373 0.76577896342799 0.370123440508 0.1334870424569626
2 0.336001185770751 0.0917483333333333 0.0001 0.0001 0.0400159279138981 0.0007160911986305 0.0137618251464903 0.0002415653560518 0.766019593837168 0.7057935389407904 0.865169978896392 0.7178052184621911 0.1735728017538313 0.7881776483042492 0.1917125526192596 0.865169978896392 0.258651819292 0.1306756577730573
6 0.442699209486166 0.4291808333333333 0.0001 0.0001 0.0324129364830962 0.0006115428113666 0.007551931858757 0.0001641055948661 0.1800278733759217 0.1532298229589126 0.2298036890283969 0.1528364028747808 0.5913996255815389 0.4129585858067142 0.3719421432835511 0.2298036890283969 0.393948344574 0.1497237297825935
3 0.8536841897233202 0.8207691666666667 0.0001 0.0001 0.0856342309525343 0.0022843219475205 0.0597154007690807 0.0018628979658679 0.1121354276903308 0.0924640226280715 0.0958098704284987 0.1481607826029373 0.6622809802030731 0.080084004234447 0.8367447925078195 0.1399836440376756 0.402149134088 0.8989326550863986
6 0.1976889328063241 0.5416583333333334 0.0001 0.0001 0.0191076068783409 0.0002194842672173 0.0050679506229844 0.0001534211326397 0.0050047767850744 0.0025306321590715 0.0118796760546121 0.0001 0.8152354488824611 0.1659491821995459 0.5426859715897839 0.0118796760546121 0.88881112222 0.1885838578292802
4 0.4229403162055336 0.4958341666666667 0.0001 0.0001 0.0324129364830962 0.0007011558227517 0.0224557772445355 0.0005807900263297 0.0463081602750165 0.0616760175160131 0.0479549338890358 0.0297121586246092 0.9252880639359984 0.1506581228778463 0.4554169022331545 0.0560534642411379 0.50101389718 0.3828051187173741
6 0.8299735177865613 0.5333266666666666 0.0001 0.0001 0.0115045634427307 0.0001896132634223 0.0063099384463988 0.0001454080050298 0.0364986074018623 0.0235961109682504 0.0634157543209443 0.0203609496412486 0.7331623180369214 0.2694578866496595 0.4592112109327422 0.0634157543209443 0.696565649006 0.167879583523002
3 0.0198588932806324 0.8582616666666666 0.0001 0.0001 0.0723288965578626 0.0052378264643874 0.0882811025994346 0.0091201580791546 0.1015514322688282 0.0835517065101434 0.0884475670965569 0.132575451830851 0.6772033697661497 0.0930225932169965 0.8006988743749611 0.1252590638780628 0.395360812024 0.9078181131022266
1 0.0633284584980237 0.4708391666666666 0.0001 0.0001 0.0400159689703257 0.0007160911986305 0.0323916762549269 0.000666263899543 0.0081025309475919 0.0017204213907684 0.0177695140819181 0.0039963369010651 0.7872559747470753 0.1800640021172235 0.5483774337854463 0.0177695140819181 0.95361295926 0.1469593251565412
6 0.6244810276679842 0.4375124999999999 0.3333666566686669 0.0001 0.0153060588159948 0.000447070727884 0.0460535318052713 0.0008960913921301 0.2079076573536067 0.1872586676440734 0.246000727203971 0.1871241516135883 0.6249749979015393 0.3635567213879016 0.4174738203595915 0.246000727203971 0.310324072774 0.1455666240846058
4 0.0909909090909091 0.30004 0.0001 0.0001 0.095138013863491 0.0050585994334682 0.080829178341641 0.001812145644342 0.1307219456954902 0.1394562328975383 0.1539720084414432 0.0975084155132216 0.8525414211113835 0.2741628336796304 0.3302047697847836 0.1547082507015592 0.399946944614 0.2665311086716362
1 0.2213996047430829 0.45001 0.0001 0.0001 0.0780311690415317 0.0021431888380209 0.0398435982771429 0.0013413947211612 0.1436292541251511 0.0892231757630727 0.2231776213305035 0.111535227234911 0.4123310011876809 0.5470493909038272 0.3377933769393292 0.2231776213305035 0.63559647528 0.1303528733884308
4 0.6956130434782608 0.4916683333333333 0.0001 0.0001 0.0153060803706193 0.0003539042833288 0.0249397475259784 0.0003136843230857 0.0447592828452605 0.0584351706510143 0.0494273945554242 0.0265950882621484 0.9140962675667696 0.1647729470299709 0.4440339795492677 0.0545809995991089 0.5418787225799999 0.3578482730199858
5 0.9366715415019764 0.3625275 0.0001 0.0001 0.0457182756676845 0.0013993907569931 0.0286657018303539 0.0005300406832984 0.368474554145145 0.34687019162488 0.4285857332173362 0.3250544622012637 0.5671507530338437 0.5070573993727212 0.2448328539242288 0.4285857332173362 0.285152618072 0.1710345822634865
5 0.901105533596838 0.3791908333333333 0.0001 0.0001 0.0305121607412386 0.0008259503136575 0.1777042026352669 0.0040131029116527 0.2982588163612336 0.2699001642609414 0.3608525650921019 0.2588167573260558 0.5429018636984623 0.5023524735149855 0.2770844684798143 0.3608525650921019 0.318307505768 0.1604928212433974
0 0.5375418972332016 0.7124575000000001 0.0001 0.0001 0.06282509996143 0.0039869745574348 0.080829178341641 0.0067482609696064 0.2435318180251531 0.2293896331376793 0.284284688627506 0.2136192489931644 0.6585503702215395 0.3847289565574767 0.3491762876711477 0.284284688627506 0.2857990187659999 0.1751717143034376
4 0.9406233201581028 0.4625075 0.0001 0.0001 0.0096038020706228 0.0001634760204247 0.0075519251520245 0.0002282106734398 0.0388219204100207 0.0511432743196375 0.0442737835482784 0.0211402175825341 0.9066350778215372 0.1671254163105093 0.4478282916637322 0.0479549338890358 0.58133293016 0.3510221209677141
5 0.3122905138339921 0.275045 0.0001 0.0001 0.0476189829821627 0.0011715010753254 0.0150038507511645 0.0005022582523003 0.4121012443702942 0.3727969155015957 0.4904290096441162 0.3663556238143219 0.4309839671569187 0.6046849576160885 0.2258613189634815 0.4904290096441162 0.3107277320259999 0.1513503744223583
4 0.5691561264822135 0.375025 0.3333666566686669 0.0001 0.0191075979827816 0.0002194843942441 0.0361176350304574 0.0005300393851651 0.1565365695247582 0.1572808724252906 0.193728414628804 0.1162108264665369 0.7891212713439991 0.3470894226621799 0.2770844684798143 0.193728414628804 0.432832716144 0.2300248846168793
1 0.4585063241106719 0.524995 0.0001 0.0001 0.0096038020706228 0.0004928572502637 0.0087939120812079 0.0002809627908396 0.0055210692616597 0.0001 0.0148245953995685 0.0008792673100789 0.7947171678498449 0.1777115360125203 0.544583126793297 0.0148245953995685 0.9999 0.1546727994140335
5 0.4387474308300395 0.1125775 0.0001 0.0001 0.3783512933975826 0.0112645746758354 0.0249397698817534 0.0008702648151962 0.4505650307394278 0.4246503924226126 0.5198781699633419 0.4014226531185454 0.511191821550758 0.5705741048814464 0.1993011768481884 0.5198781699633419 0.2717048981539999 0.1688440594373806
2 0.3122905138339921 0.1209091666666666 0.0001 0.0001 0.0210083518278778 0.0006788109543394 0.0162458459519847 0.0006569009693964 0.7716988452323423 0.7017424530149307 0.8548627330282568 0.7497551325181564 0.1045567605169069 0.7128986016858907 0.3833250540153696 0.8548627330282568 0.25410048974 0.1023991515054043
4 0.6916612648221344 0.4458441666666667 0.0001 0.0001 0.0134053251569755 0.000253089344336 0.0162458347740972 0.0002415659402118 0.0424359698371021 0.0560045373252393 0.0464824738852542 0.0250365544835992 0.9140962675667696 0.1612442394040221 0.4497254468672452 0.0508998512461719 0.53769086032 0.3636347760299382
1 0.4624581027667984 0.4083516666666666 0.0001 0.5 0.1217486655459898 0.0027771725658412 0.0895230843867897 0.0023241417218767 0.0927744650458393 0.0511432743196375 0.1480821830036658 0.0741303913014687 0.5167876777661571 0.4188397563615308 0.4383425241833584 0.1480821830036658 0.6945880746 0.1176059198135598
5 0.4387474308300395 0.3292008333333333 0.0001 0.0001 0.2529011892730535 0.0071021556410166 0.0286657018303539 0.0007345088908545 0.4544372539360884 0.4205993648319235 0.5287129710676511 0.4076567994541917 0.4552328564923001 0.5952750847283819 0.2163755600202994 0.5287129710676511 0.278389770912 0.1570966615628518
6 0.6521434782608696 0.5166633333333334 0.0001 0.0001 0.0153060834498513 0.0003743834004693 0.0050679497287534 0.000391132855419 0.0099095535701488 0.0057714750864463 0.0221868921054426 0.0008792673100789 0.8021783626313831 0.1930025921583847 0.5123315156525882 0.0221868921054426 0.97212775556 0.1953804236907774
0 0.893201976284585 0.7707791666666667 0.0001 0.0001 0.0894357550652977 0.0024801885799436 0.0795872211456384 0.0013226319361894 0.3289781842168299 0.3071698485192046 0.3858843712416467 0.2892081593450301 0.5783425494030725 0.4823564618702561 0.2732901307537752 0.3858843712416467 0.2925104062199999 0.1687320055373354
6 0.7983592885375494 0.2083916666666666 0.0001 0.0001 0.0058022844584605 0.000381159472931 0.0162458347740972 0.0004195236349189 0.0488896219609487 0.032508430002937 0.0818214993986634 0.0297121586246092 0.7051828439015356 0.3012162394040221 0.4364453723947221 0.0818214993986634 0.66622639807 0.1639127646831346
0 0.7865039525691699 0.7416183333333334 0.0001 0.0001 0.0381152171780509 0.0011975335010623 0.0708932882735597 0.000825181080886 0.3462739936828503 0.3290455375133349 0.4035539071895883 0.3016764520163226 0.6044567185476915 0.4882376641834255 0.2372442296953 0.4035539071895883 0.29385093806 0.1798553021288539
0 0.336001185770751 0.7582816666666666 0.0001 0.0001 0.1122449236914606 0.0017656228906713 0.0497794950519568 0.0014049410110748 0.4281063034774998 0.3914317795064164 0.507362323210145 0.3788239164856143 0.4440410769107574 0.6129185752205967 0.1993011768481884 0.507362323210145 0.299619044208 0.1570023657554142
0 0.4387474308300395 0.774945 0.0001 0.0001 0.1445578375935217 0.003118218010052 0.1106368932574352 0.0023521130312595 0.3509206057592751 0.3258047125240252 0.4123886420332205 0.3094691174023657 0.5484977702769197 0.5094098993530006 0.2600100853077033 0.4123886420332205 0.296369224302 0.1634063401366756
2 0.0830873517786561 0.1917283333333333 0.0001 0.0001 0.0305121402130248 0.0008467782201378 0.015003821688657 0.0004525796311913 0.8790876608462482 0.8443395692369496 0.9306943672327366 0.8565148096152825 0.3134701640369176 0.5870414141932858 0.3738392950721875 0.9306943672327366 0.175669968982 0.1145140311186369
1 0.8062628458498023 0.30004 0.0001 0.0001 0.840236137804173 0.6937812760356166 0.1863981176227256 0.0875396796435519 0.1624739319599979 0.144317514132881 0.1893110405809201 0.1512778557707605 0.6566850904123019 0.2988637711820954 0.4895656685773764 0.1893110405809201 0.50416006782 0.1214244300463573
1 0.3676154150197628 0.5541558333333334 0.0001 0.0001 0.0153060834498513 0.0002194843115759 0.0112778868338057 0.0002201975566477 0.0081025309475919 0.0001 0.02292312177603 0.0001 0.7760641834141523 0.2047649470299709 0.519920129636887 0.02292312177603 0.9999 0.1595166296875821
2 0.0317142292490118 0.2542158333333333 0.0001 0.0001 0.0267106345756539 0.0006675486184384 0.0336336334509296 0.0006368838271334 0.8744409721004175 0.8321864208378154 0.9351117677848912 0.8495014037544378 0.2631071055569172 0.6293858845324359 0.3567649119000766 0.9351117677848912 0.1913513620759999 0.1138958883638645
3 0.984092885375494 0.6707991666666666 0.0001 0.0001 0.0324129207447989 0.0006115420048473 0.029907701502329 0.0006128421112699 0.1121354276903308 0.0900333856563483 0.0994910154684019 0.1466022635525404 0.6454932940430731 0.0977275338952968 0.825361881776001 0.1385111992738497 0.409853492908 0.9168534406916768
2 0.328097628458498 0.1209091666666666 0.0001 0.0001 0.0400158834361015 0.0002680247202149 0.0274237066295337 0.0016278397896741 0.8881227669890865 0.856492681176602 0.9424741241253746 0.8596318827831058 0.3321231300061554 0.6023324576358091 0.3302047697847836 0.9424741241253746 0.1742737982719999 0.1235353100091149
4 0.3913260869565217 0.4166833333333333 0.0001 0.0001 0.0552220414717964 0.0010148019422852 0.0361176283237249 0.0006903030479874 0.1389826281088343 0.144317514132881 0.1650154700654236 0.1060803544512749 0.8264272410547685 0.2894538877082712 0.3321019044990368 0.1650154700654236 0.391722879756 0.24561402259204
3 0.4031814229249011 0.8540958333333333 0.0001 0.0001 0.0514205310445089 0.0006712844761859 0.018729809526695 0.0009574089315277 0.0494059158315233 0.0373696915501595 0.0332303384894673 0.0780267310078961 0.7350276146338451 0.0659691811409342 0.7855216429914866 0.0737229736848087 0.593104935288 0.8600533086880715
2 0.1107498023715415 0.1708991666666666 0.0001 0.0001 0.0134053378160407 0.0001186690358613 0.029907701502329 0.0002282113152946 0.876764333898198 0.842719164034191 0.9292219887295876 0.8526184769222609 0.3190660706153752 0.5905701059400582 0.3624563672659858 0.9292219887295876 0.17591418013 0.1168672637271032
1 0.2253513833992095 0.3500299999999999 0.0001 0.0001 0.0742296722997201 0.0017466425686162 0.0435695637594059 0.0005941457690839 0.0310775395341917 0.0090123175763072 0.0597346092810411 0.0219194855238196 0.671607463187692 0.276515301901557 0.5104343604490751 0.0597346092810411 0.8748424165199999 0.1193327852198267
2 0.5493972332015811 0.0959141666666666 0.0001 0.0001 0.0172068010284365 0.0002232180380962 0.0199717521914439 0.0002495796844349 0.7353002190116258 0.6652829713580467 0.8438193045346148 0.6866344797705539 0.1157484897353911 0.8258172245440163 0.1898153666818568 0.8438193045346148 0.283567655128 0.1272498061588419
2 0.9366715415019764 0.1833966666666666 0.0001 0.0001 0.024809945736568 0.0005946498619971 0.022455775008958 0.0005022583244189 0.7923505094460267 0.7365815294690562 0.8762134471464399 0.7559893139208319 0.1959563609169166 0.7211322510487516 0.2770844684798143 0.8762134471464399 0.2359464112819999 0.1217005868494493
6 0.6402881422924901 0.5 0.0001 0.0001 0.0058022824056391 0.0002840620232094 0.0063099371050523 0.0002809628341107 0.0109421385233195 0.0065816857089115 0.0243955817798116 0.0008792673100789 0.800313062676922 0.1988837711820954 0.5047428965459743 0.0243955817798116 0.97212775556 0.1970045338579677
2 0.9919964426877472 0.1042458333333333 0.0001 0.0001 0.0324128711349489 0.0002978997868507 0.022455775008958 0.000260258539447 0.9431079042450166 0.9375138163420894 0.9682421062743584 0.9204147569551128 0.4944041353907579 0.4752990466183585 0.3700449914949146 0.9682421062743584 0.120106223954 0.1338763609428143
3 0.8536841897233202 0.974905 0.3333666566686669 0.5 0.1084433516795318 0.0031412041116913 0.0485375132646016 0.0009962579482976 0.0679924387156448 0.0543841189970674 0.0472187028932348 0.1029632882968577 0.718239928473845 0.0483256514800844 0.8310533371419102 0.09728232844446 0.572751986692 0.8584012186150434
2 0.0198588932806324 0.1792308333333333 0.0001 0.0001 0.0210083087186288 0.0002082834788181 0.0212137775725603 0.0004979897738899 0.8140348199484067 0.7957269391809314 0.8776858256495889 0.7630027197816767 0.4477716533169188 0.6293858845324359 0.1689466970068562 0.8776858256495889 0.1812130101519999 0.1620751377899896
1 0.3122905138339921 0.3167033333333333 0.0001 0.5 0.834533947433359 0.5777657977909858 0.9999 0.9999 0.4701841044239847 0.4287014783484723 0.5235593481335835 0.4528543428541124 0.3974085948369184 0.498823781768213 0.4307538999544296 0.5235593481335835 0.306320013746 0.1045081683790509
6 0.6679505928853755 0.425015 0.0001 0.0001 0.0970387759198727 0.0007286903099771 0.0274237200429987 0.0005965579314015 0.1975818078218995 0.1775361489247661 0.2312761470443582 0.1808900263181597 0.6324362010769206 0.3400319968241647 0.4478282916637322 0.2312761470443582 0.302110205876 0.135706787248314
0 0.4822169960474308 0.7624475 0.0001 0.0001 0.087534999851654 0.0018992515399936 0.2037859028860929 0.0056627782628274 0.4239759831806657 0.3962930242822773 0.4963188218297583 0.3733690296751666 0.5074611947815382 0.5788077436581898 0.1898153666818568 0.4963188218297583 0.292424003504 0.1697200134421068
2 0.205592490118577 0.1750649999999999 0.0001 0.0001 0.0343137341217151 0.0005480658432817 0.0249397117567383 0.0004098418832514 0.7887364948686754 0.7608878700187024 0.862961311750653 0.735728320796467 0.3899473916615371 0.6740828019212776 0.1556666003376349 0.862961311750653 0.2005439731859999 0.1557213325380324
4 0.2767245059288538 0.425015 0.0001 0.0001 0.0248098827833791 0.0003427025371879 0.0162458347740972 0.0002095133432302 0.0383056307214138 0.0519534842129131 0.0420650965243365 0.0211402175825341 0.9159615691999992 0.1588917701234836 0.4516225918261284 0.0472187028932348 0.58001044471 0.3681814519825764
0 0.3873743083003952 0.7791108333333333 0.0001 0.0001 0.1730691555340711 0.0065864263897493 0.1267827213247999 0.0042776196251979 0.4066801737146452 0.378468406630214 0.4793855811504743 0.3562251798526833 0.5093264913784619 0.5764552966084983 0.1917125526192596 0.4793855811504743 0.29969431915 0.1693391543878943
1 0.205592490118577 0.5166633333333334 0.0001 0.0001 0.019107603456972 0.0003090976818621 0.0075519251520245 0.0001641053857225 0.0052629226748697 0.0001 0.0140883657289811 0.0008792673100789 0.7965824644467686 0.1753590624975349 0.5464802819968101 0.0140883657289811 0.88881112222 0.1522907812395731
0 0.9248162055335968 0.7707791666666667 0.0001 0.0001 0.0571228137922849 0.0014441994554099 0.0497794950519568 0.0009281139589631 0.3294944899363126 0.3047392407150667 0.3880930847698595 0.2907666994356445 0.5578242532615386 0.4905901324053522 0.2808787549827039 0.3880930847698595 0.294278972436 0.1628365705604428
4 0.5691561264822135 0.3292008333333333 0.0001 0.0001 0.0343136896439185 0.0006824867667273 0.0448115500179161 0.0003884733410266 0.1733160663013498 0.1726748749813199 0.2136066110964167 0.1310169187536424 0.7741988834596913 0.3659091684375931 0.2619072370963398 0.2136066110964167 0.4206143803 0.2247169605242404
4 0.557300790513834 0.3708591666666667 0.0001 0.0001 0.0229091275697353 0.0003688392257035 0.0311496899964167 0.0007544081554085 0.1549876802460938 0.1589013067956345 0.1885748181990072 0.1154315669413385 0.8115048523310763 0.3294458792393772 0.2827759067713404 0.1885748181990072 0.422010021116 0.2385879107243989
0 0.5217347826086957 0.7082916666666667 0.0001 0.0001 0.0818327171038779 0.002282169246774 0.1069109076549747 0.0021660920541228 0.2876748139697851 0.2755716553895596 0.3284584754888183 0.255699670131421 0.6585503702215395 0.3953150741422642 0.3321019044990368 0.3284584754888183 0.26566627612 0.175634381432668
0 0.1423640316205533 0.7416183333333334 0.0001 0.0001 0.0476190274599593 0.0015972872976038 0.1280247299390851 0.017325633695386 0.2091983798326376 0.1977914035485527 0.2408471440263097 0.186344885074984 0.6883951493476923 0.3329745921583847 0.4022966060505001 0.2408471440263097 0.2652952803339999 0.1669208479372358
2 0.6481916996047431 0.3666933333333333 0.0001 0.0001 0.0305122257472489 0.0005779371898474 0.0174878433883824 0.0004418947903426 0.6511446031787639 0.5761598101787667 0.7819759883514287 0.5837712055005079 0.1082873704984406 0.9128586122720084 0.0570146390310085 0.7819759883514287 0.330451486486 0.1404894041345852
2 0.525686561264822 0.1792308333333333 0.0001 0.0001 0.0210083942528529 0.0007522033711444 0.0274237066295337 0.0008238515039861 0.8669547622061894 0.8216536338900619 0.936584278809394 0.8354745920327484 0.2444541395876795 0.6705541313467405 0.3093360659610166 0.936584278809394 0.20276725844 0.1201960165079212
3 0.916912648221344 0.7207891666666667 0.0001 0.0001 0.0172068516646972 0.0001784115838193 0.0174878232681848 0.000666263755306 0.0827067614039275 0.0713985435272167 0.065624447970954 0.111535227234911 0.729431719806768 0.0694978866496595 0.7855216429914866 0.1053808541583147 0.40557443889 0.8683365860909701
5 0.5098794466403163 0.0875825 0.0001 0.0001 0.0381152171780509 0.0011555734287071 0.0187298267406418 0.0007033857933236 0.414682703268248 0.3954828070971054 0.4698145841685229 0.3741483032271767 0.5690160496307676 0.4941188029798893 0.263804371810593 0.4698145841685229 0.249050839872 0.1682401164428595
4 0.3478565217391304 0.2375524999999999 0.0001 0.0001 0.1388555343175318 0.0031655180464938 0.0535054560630648 0.0009787764208222 0.1234938538112735 0.1289235115768517 0.1524995570515496 0.0873779434979596 0.832023136553353 0.3000400052930588 0.3093360659610166 0.1524995570515496 0.462009639592 0.2485459038230429
4 0.6244810276679842 0.4166833333333333 0.0001 0.0001 0.0153060861869465 0.0001746776808729 0.0137618635984233 0.0002095133432302 0.0414033820959529 0.0560045373252393 0.0457462448772736 0.0226987527637645 0.9215574640270764 0.1624204745735972 0.4402396759719948 0.0508998512461719 0.58133293016 0.3645788150316902
1 0.2964833992094862 0.5291608333333333 0.0001 0.9999 0.1103441240000203 0.0040112873832733 0.1230567625492694 0.0018517520497321 0.1152331783678754 0.0722087534204923 0.164279241057443 0.1045218213740663 0.4999999916061569 0.3941388400313009 0.4952571290656006 0.164279241057443 0.60919800603 0.1015857536548823
3 0.3913260869565217 0.59998 0.0001 0.0001 0.0172068335314417 0.0005632126078612 0.0187298117622725 0.0003521284953728 0.1627320778497933 0.1459379266275358 0.1370387412578885 0.2058265765937154 0.6660115733969209 0.047149417369121 0.8860707902355158 0.19446465688892 0.31812613205 0.8751765065396178
1 0.8418288537549408 0.2833766666666666 0.0001 0.0001 0.043817493083089 0.0009699953206555 0.029907701502329 0.0004846320983596 0.0339171464129247 0.0146837926627535 0.0612070672970024 0.0234780193023688 0.6902604627323022 0.2706341207606228 0.500948596383578 0.0612070672970024 0.79160836666 0.1268561404650646
1 0.442699209486166 0.3541958333333333 0.0001 0.0001 0.0324129310089058 0.0006115421560697 0.0249397519971334 0.0003457369705503 0.0266890531347189 0.0082021076830316 0.0567896866230509 0.0125682772417996 0.6977216491199973 0.2823964724563737 0.4743884423162168 0.0567896866230509 0.8721477955520001 0.1441017828595258
6 0.885298418972332 0.3292008333333333 0.0001 0.0001 0.0134053251569755 0.0003529689024424 0.0125198768927977 0.0004284421780022 0.0460500150822158 0.0341288519770571 0.0744592026927893 0.0273743555020933 0.7368929162670748 0.2788677701234837 0.4402396759719948 0.0744592026927893 0.6511223194900001 0.1774642538468105
1 0.0198588932806324 0.4541758333333333 0.0001 0.0001 0.0115045613899094 0.0001896132432593 0.011277887504479 0.0001560921795034 0.0081025309475919 0.0017204213907684 0.0199782030936803 0.0016585346201579 0.7872559747470753 0.190650119702011 0.5313030523207738 0.0199782030936803 0.9999 0.1657450540777454
1 0.893201976284585 0.2417183333333333 0.0001 0.0001 0.1236494447092163 0.0464039075158835 0.0969750175868933 0.026351142235534 0.0772856977182245 0.0503330644263619 0.1061170831662954 0.0725718652376659 0.6231097180923016 0.2882776535973079 0.5407888180937093 0.1061170831662954 0.60426004382 0.0944798814317866
1 0.0238106719367588 0.5124974999999999 0.0001 0.0001 0.0020007607904751 0.0001186694330721 0.0013419875104335 0.0001133552926586 0.0003581461476833 0.0001 0.000836229736848 0.0001 0.832023136553353 0.1341908285982939 0.5768347394707002 0.000836229736848 0.111188887778 0.1595166296875821
2 0.4664098814229249 0.3083716666666666 0.0001 0.0001 0.0172068010284365 0.0004024431736952 0.0199717521914439 0.0005380545645467 0.7043227122361803 0.6474583682897761 0.8121614373132442 0.6437748201473166 0.216474606695392 0.8152311069592287 0.1044434508213021 0.8121614373132442 0.27551160666 0.1440837394289463
2 0.336001185770751 0.2333866666666666 0.0001 0.0001 0.0343136896439185 0.0007272921886596 0.0236977702097782 0.000594145422915 0.7587915158928433 0.7252385472118197 0.8320396404069246 0.7123503597053668 0.3601026461107567 0.6623204608116444 0.2049925980653313 0.8320396404069246 0.20776040961 0.1463064718767099
4 0.7153719367588932 0.5124974999999999 0.0001 0.0001 0.0210083689347226 0.0003427025371879 0.0162458358918859 0.0001454079761824 0.0411452382971413 0.0560045373252393 0.0442737835482784 0.0234780193023688 0.9234227639815376 0.1565392987257217 0.4478282916637322 0.052372312575167 0.5775859097139999 0.3757613041462613
6 0.2964833992094862 0.4375124999999999 0.0001 0.0001 0.0286113966320356 0.0005368649943935 0.0038259625760122 0.0001560921246934 0.1175564983459798 0.0989457017742763 0.1539720084414432 0.0967291489746173 0.6678768699938447 0.3341508156832304 0.4212681410112475 0.1539720084414432 0.420854662234 0.1550217006153872
6 0.6521434782608696 0.5958141666666666 0.0001 0.0001 0.003901521717805 0.0001298710915039 0.0100359001281801 0.0001534211326397 0.0050047767850744 0.0017204213907684 0.0126159050625927 0.0001 0.8096395557341526 0.1694778877082712 0.5426859715897839 0.0126159050625927 0.9999 0.1724214590838768
3 0.0040517786561264 0.974905 0.0001 0.0001 0.0647258551750737 0.0022805891747092 0.0708932882735597 0.0024638848263701 0.0447592828452605 0.0454717999623808 0.0398564061873607 0.0491938410259129 0.8245619419396918 0.1188997701234837 0.6090863524895913 0.0479549338890358 0.1911111701239999 0.8058978232852312
3 0.802311067193676 0.6041458333333333 0.0001 0.0001 0.0172068550860661 0.0003811589285305 0.0448115410756061 0.0005022577691063 0.1653135297778011 0.1264928746051286 0.1686966151053268 0.1988131707328707 0.513057118147682 0.187121417369121 0.8158761057584357 0.1878385891910265 0.389056253188 0.9919189626477476
5 0.6639988142292491 0.3791908333333333 0.0001 0.0001 0.0343136896439185 0.0004584522975776 0.0199718091986702 0.000313683919222 0.4059057290753131 0.3898113378441761 0.4617160717068035 0.3616800456229136 0.593264938966149 0.4952950476769703 0.2372442296953 0.4617160717068035 0.259808008008 0.1777800894125906
0 0.2372067193675889 0.774945 0.0001 0.0001 0.0495197621453892 0.0016277020466091 0.058473403332683 0.0014886155778795 0.3457577019032596 0.3225638437833374 0.4079712878635398 0.3016764520163226 0.5634201766276823 0.5117623675749273 0.2410385161981897 0.4079712878635398 0.302963985086 0.171621824594355
1 0.8536841897233202 0.2583816666666667 0.0001 0.0001 0.0305121668997027 0.0008915837025591 0.0386016142542103 0.0007223554214017 0.0339171464129247 0.0130633714178231 0.0641519899549927 0.0219194855238196 0.6790686663630734 0.2847489512644179 0.4895656685773764 0.0641519899549927 0.8224426385720001 0.1303482408425331
4 0.5770596837944664 0.4166833333333333 0.0001 0.0001 0.0134053251569755 0.0002530892536026 0.0100359012459688 0.0001854738240966 0.0395963594733961 0.0511432743196375 0.0464824738852542 0.0211402175825341 0.9010391796369228 0.1741828283865716 0.4421368277606313 0.04869116422223 0.59125159603 0.3362518475829263
3 0.57310790513834 0.7916083333333334 0.0001 0.0001 0.021008357644205 0.0004304012448412 0.0236977612674682 0.0006772816610818 0.0744460929304754 0.0632964373025643 0.0464824738852542 0.1146523004027342 0.7331623180369214 0.0153910646147584 0.868996407063405 0.108325776816305 0.5708373297 0.8315128480117743
2 0.1186533596837944 0.1292408333333333 0.3333666566686669 0.0001 0.0438174759762442 0.0007907675638689 0.0212137775725603 0.0006582495855836 0.8855413080911329 0.8532518707710849 0.9395292345977228 0.8580733356790853 0.3283925703876802 0.5999799788277648 0.3377933769393292 0.9395292345977228 0.17469862329 0.1225864605448476
4 0.5375418972332016 0.3458641666666666 0.6666333133373338 0.0001 0.0571228274777608 0.0009065190683565 0.0820711824847712 0.0021834248732251 0.1480177342516726 0.1507992005709822 0.1812125214931331 0.1099766941577024 0.8059089591827678 0.3259171874926048 0.2941588516519253 0.1812125214931331 0.4278257877299999 0.2379426440777043
3 0.2767245059288538 0.7041258333333333 0.3333666566686669 0.0001 0.0419167241839694 0.000667550130662 0.0671673250268742 0.0014462107578416 0.155762131855372 0.1337847709365054 0.142192344313753 0.1910204843066099 0.6324362010769206 0.103608710801784 0.8291561853532738 0.180476279233017 0.32741712348 0.9229175439791676
0 0.7351308300395256 0.7041258333333333 0.0001 0.0001 0.1388555343175318 0.0031088487765075 0.0746192492846677 0.002405787522801 0.4327529434337086 0.4003440956243444 0.5139883909080383 0.3772653974352175 0.4720205426523003 0.6235046928053841 0.1537694485489985 0.5139883909080383 0.306944188886 0.1679452616103113
6 0.4743134387351778 0.4208491666666666 0.0001 0.0001 0.0818326931542951 0.0018834919518282 0.0112778942112115 0.0003011289515853 0.1653135297778011 0.1418868771611578 0.2143428732347358 0.1356925179852683 0.6193791081107679 0.4059011917270517 0.3548677601114401 0.2143428732347358 0.409562411136 0.1610519158225618
5 0.8694913043478261 0.2417183333333333 0.0001 0.0001 0.0533212862581526 0.000913951546689 0.0162458459519847 0.0007160248295106 0.257729855903791 0.2674695418730109 0.2666151526795644 0.2385557992687201 0.8189660471126147 0.2353470656733702 0.4269595963771568 0.2666151526795644 0.154163241188 0.2357625612644545
4 0.1463158102766798 0.125075 0.3333666566686669 0.0001 0.0609243344836793 0.0017877157722192 0.0373596235245451 0.0013821071360619 0.1567947154145535 0.1516094104642577 0.1974095795469103 0.1185486401091616 0.7480847075999978 0.3635567213879016 0.2922616657145225 0.1974095795469103 0.43206069058 0.2136864659119534
0 0.2451102766798419 0.7999400000000001 0.0001 0.0001 0.1464585688575827 0.0039222101527207 0.0771032307439981 0.0030113275134831 0.4077127572738267 0.3825194415127994 0.4749682071025904 0.3601214915054874 0.529844804307682 0.5505781355811874 0.2125812222942601 0.4749682071025904 0.2871498085539999 0.1695460412021477
5 0.7469861660079051 0.3916883333333333 0.0001 0.0001 0.0647258722819186 0.0024150110357335 0.0485374976155591 0.0013099897772709 0.3189104875448641 0.3006881547892071 0.3733684714799081 0.2782984418313813 0.6063220319323015 0.4682416631248137 0.2675987095366322 0.3733684714799081 0.296032641632 0.1760181274357732
4 0.7430343873517787 0.4333466666666666 0.0001 0.0001 0.0058022844584605 0.0001336050015074 0.0075519231400047 0.000196157989916 0.0465663054678173 0.0600555904375655 0.052372312575167 0.0273743555020933 0.9122309676123086 0.1706541228778463 0.4364453723947221 0.0560534642411379 0.5385725239520001 0.3490566979107655
0 0.205592490118577 0.7791108333333333 0.0001 0.0001 0.0590236134837252 0.0019700403412097 0.1143628475618107 0.0012545639597673 0.3602138856716928 0.3322863989621264 0.4256407774290074 0.3172617827884089 0.5261141775384621 0.5305821345225757 0.2486271404271185 0.4256407774290074 0.299747198572 0.1631721951538073
6 0.557300790513834 0.4166833333333333 0.0001 0.0001 0.0381152171780509 0.000559131126362 0.0125198701860652 0.0003482787514707 0.2004214056397027 0.179156561419421 0.2379022147422517 0.1808900263181597 0.6231097180923016 0.3588517743579308 0.4269595963771568 0.2379022147422517 0.315520623256 0.1413436220996832
3 0.1897853754940711 0.9540758333333332 0.0001 0.5 0.1046418207240305 0.0017520075348002 0.0460535385120038 0.0013575823704004 0.1425966775359156 0.1110988647572031 0.1245228348700822 0.191799764872026 0.5708813462276913 0.0789077701234837 0.9316024673115564 0.1812125214931331 0.445819218324 0.9173719837096506
3 0.8062628458498023 0.6041458333333333 0.0001 0.0001 0.0742296620356132 0.0013881908255206 0.0448115500179161 0.0017987921084143 0.1273660560980962 0.098135499172897 0.1149518445141985 0.168421740660273 0.5913996255815389 0.1024324766908207 0.8727906935662947 0.159125624749443 0.440588764624 0.9266083570772222
2 0.4031814229249011 0.1167433333333333 0.0001 0.0001 0.0172067582613244 0.0004024416413086 0.0249397408192459 0.0004098409601344 0.8888971976885267 0.8500110603655677 0.9468914584168524 0.8635282154761272 0.2817600715261549 0.6199759904724942 0.3529706083228037 0.9468914584168524 0.184326557318 0.1161174291059806
2 0.8378770750988143 0.0125975 0.0001 0.0001 0.0362144619644071 0.0006788122951777 0.0373596816495601 0.0010615792911641 0.8155836813472869 0.7600776236659451 0.8887292938996371 0.7902770416194219 0.1903604879138314 0.6752590466183586 0.3567649119000766 0.8887292938996371 0.2229111288599999 0.1098362171910059
6 0.9959482213438736 0.5791508333333334 0.0001 0.0001 0.0001 0.0001 0.0001 0.0001000000114629 0.0001 0.0001 0.0001 0.0001 0.8338884349969222 0.1318383580474214 0.5787318931375188 0.0001 0.0001 0.5110522054750354
6 0.4901205533596838 0.574985 0.0001 0.0001 0.0001 0.0001 0.0001 0.0001000000114629 0.0001 0.0001 0.0001 0.0001 0.8338884349969222 0.1318383580474214 0.5787318931375188 0.0001 0.0001 0.5110522054750354
6 0.7430343873517787 0.5416583333333334 0.0001 0.0001 0.0001 0.0001 0.0001 0.0001000000114629 0.0001 0.0001 0.0001 0.0001 0.8338884349969222 0.1318383580474214 0.5787318931375188 0.0001 0.0001 0.5110522054750354
5 0.2451102766798419 0.0334266666666666 0.0001 0.0001 0.0837334723175216 0.0012960078908891 0.0323916807260819 0.0007390466237321 0.3150382922279873 0.2771920605923181 0.3895655494118884 0.2720643095225468 0.4720205426523003 0.5635167319740193 0.2505243263645212 0.3895655494118884 0.355255624666 0.1529234258771553
3 0.4664098814229249 0.6583016666666667 0.0001 0.0001 0.0400159826558015 0.0010912043898207 0.0224557683022255 0.0007627231675065 0.1810604499651572 0.1524196203575333 0.1657516924473365 0.2245289875470307 0.5783425494030725 0.1012562415212456 0.8879679249497691 0.2121341663325908 0.34781359337 0.9271529329889902
1 0.0119553359683794 0.3541958333333333 0.0001 0.0001 0.076130413827888 0.0030871092512148 0.0348756487719472 0.0017240018933061 0.024882030512162 0.0065816857089115 0.0516360815793661 0.0141268117216894 0.699586945716921 0.2659291843167695 0.499051441180065 0.0516360815793661 0.909983216954 0.1343252143572848
4 0.0870391304347826 0.3083716666666666 0.0001 0.0001 0.0495197758308651 0.0011604241380416 0.0398436049838754 0.000794474511037 0.1253008820097871 0.1378358276947798 0.1451372669717432 0.0920535427295855 0.8805208952467694 0.2565193008429453 0.3302047697847836 0.1451372669717432 0.399771529704 0.2782723130337149
2 0.3122905138339921 0.1209091666666666 0.0001 0.0001 0.0210083518278778 0.0006788109543394 0.0162458459519847 0.0006569009693964 0.7716988452323423 0.7017424530149307 0.8548627330282568 0.7497551325181564 0.1045567605169069 0.7128986016858907 0.3833250540153696 0.8548627330282568 0.25410048974 0.1023991515054043
3 0.4703616600790514 0.89992 0.0001 0.0001 0.0495197655667582 0.0012960096047426 0.0423275707941633 0.0006822657426462 0.0881278390295225 0.0689679138473899 0.0729867446768281 0.1224449728021832 0.6734727765723021 0.080084004234447 0.825361881776001 0.1156880735221791 0.458372757114 0.8957292160290284
0 0.106798023715415 0.8041058333333334 0.0001 0.0001 0.0685274032374199 0.0018782074359414 0.0721352700609149 0.0016025492696449 0.3896425449881501 0.3630744113660811 0.4587711159184748 0.3414190945789838 0.5261141775384621 0.5552830614389231 0.2087869357913705 0.4587711159184748 0.296890799966 0.169088040187988
4 0.2727727272727272 0.25005 0.3333666566686669 0.0001 0.0723289273501832 0.001922134810426 0.0634413617801887 0.0015984633231901 0.1588598895028626 0.1597115166889101 0.1966733372867942 0.1177693735705573 0.7891212713439991 0.3506181144089522 0.2713929960395219 0.1966733372867942 0.433582806096 0.2310920989857479
6 0.6837577075098815 0.4333466666666666 0.0001 0.0001 0.0837334483679388 0.0035351742577328 0.0820711668357287 0.0089465392505263 0.2055843373755023 0.1686238182230455 0.2658789302976514 0.1769936725849205 0.513057118147682 0.469417897235777 0.3605592154773495 0.2658789302976514 0.42150905133 0.1386600856118
3 0.4585063241106719 0.8874225 0.0001 0.0001 0.1046418309881374 0.0026805173810428 0.0684093135209619 0.002279080560661 0.1413059480869387 0.1127192918356506 0.1178967671721887 0.1933582909358287 0.5913996255815389 0.0530305910997729 0.9524711882097064 0.1826849728830266 0.441527916756 0.8977947943925917
4 0.1305086956521739 0.4333466666666666 0.0001 0.0001 0.0172068448219592 0.0004920578888523 0.0174878277393398 0.0005380532303542 0.0439848430848905 0.0535739076454125 0.052372312575167 0.0258158217235441 0.8861167934313836 0.1824164745735972 0.4440339795492677 0.0531085415831477 0.5418787225799999 0.3137571110718086
6 0.1818818181818181 0.325035 0.0001 0.0001 0.0191076082468885 0.0002735352732086 0.0808291850483736 0.002867850833588 0.0992281192606698 0.0746393831003191 0.1466097117355691 0.0725718652376659 0.6324362010769206 0.3823764671633149 0.3795307504380968 0.1466097117355691 0.54881503504 0.1573487324841935
4 0.1028462450592885 0.2375524999999999 0.0001 0.0001 0.0476190171958524 0.0015972884065678 0.0398435982771429 0.0037753738263415 0.1505992001195724 0.1491787734925346 0.1885748181990072 0.111535227234911 0.7760641834141523 0.3494418802979889 0.2865702444973795 0.1885748181990072 0.4403659292 0.2256599185986162
4 0.4743134387351778 0.2042258333333333 0.0001 0.0001 0.0780311895697455 0.0024486133505236 0.0646833525098538 0.0021727395780298 0.1864815136508602 0.1799667713126967 0.233484814190097 0.142705923846113 0.729431719806768 0.4011962446970809 0.2505243263645212 0.233484814190097 0.42231573996 0.2129389811329528
2 0.7588415019762845 0.10008 0.0001 0.0001 0.0096038318365328 0.0003875072332529 0.0162458191250547 0.0003056699947026 0.9513685448386848 0.956958897532082 0.9689783949169484 0.925869573631502 0.5690160496307676 0.4411882256420693 0.3491762876711477 0.9689783949169484 0.1034154287808 0.1507131475926381
2 0.2451102766798419 0.0917483333333333 0.0001 0.0001 0.0210083518278778 0.0004323140968383 0.0162458191250547 0.0001454078355513 0.7760873392987558 0.7130854352721673 0.8747409361219372 0.7310527285782469 0.1511891754400013 0.7881776483042492 0.2144783740828966 0.8747409361219372 0.259178233988 0.126614475987406
4 0.0514731225296442 0.4416783333333333 0.0001 0.0001 0.0115045603634987 0.000234419885052 0.0125198759985667 0.0001534211795167 0.0403707985367714 0.0462820113140357 0.0501636209129777 0.0242572865423137 0.8618679108110768 0.1882976535973079 0.4592112109327422 0.0501636209129777 0.54364206984 0.2838063590768342
5 0.2964833992094862 0.5124974999999999 0.3333666566686669 0.0001 0.0875349519524884 0.0015519003248704 0.0323916673126169 0.0004925639159523 0.3411110619470507 0.305549443316446 0.4182784873492011 0.2931045271050809 0.4794817458276815 0.5823364883355501 0.2125812222942601 0.4182784873492011 0.34114307774 0.16077226782546
3 0.4545545454545454 0.974905 0.3333666566686669 0.0001 0.0476190103531145 0.0006563484853361 0.0497794950519568 0.0029420023671478 0.0992281192606698 0.0811210695384203 0.0869751090805956 0.1294583786630279 0.6772033697661497 0.0965512997843335 0.7950074190090519 0.1223141412200726 0.389716841044 0.91311544612073
5 0.7193237154150197 0.5916483333333333 0.0001 0.0001 0.1711684653264376 0.0124666251099102 0.0671673294980292 0.0050681662461357 0.1952584878437951 0.1556604599306358 0.2570441954540191 0.1676424811350746 0.4981347117969193 0.4741228125073952 0.3681478397062783 0.2570441954540191 0.447755770936 0.1346173500868062
3 0.5296383399209487 0.8332666666666667 0.0001 0.0001 0.0647258449109669 0.0014385855772162 0.0485375043222916 0.000929275571847 0.1253008820097871 0.1054273955042738 0.108325776816305 0.1621875943246268 0.6566850904123019 0.080084004234447 0.842436264948112 0.1532357794334626 0.375577219534 0.9017210448866818
2 0.7627932806324111 0.1917283333333333 0.0001 0.0001 0.0210083087186288 0.00052192539437 0.026181736020066 0.0003804619334433 0.9477545581411174 0.947236320477604 0.9689783949169484 0.9243111247151636 0.5279795077107582 0.4576555455400261 0.3643535361290055 0.9689783949169484 0.111773080916 0.139265891695432
3 0.4861687747035573 0.7166233333333334 0.0001 0.0001 0.0609243379050483 0.0005331305883807 0.0510214790748895 0.0031263062746159 0.1268497503786134 0.1038069684258263 0.1134793732461018 0.1629668608632311 0.6343014976738444 0.0977275338952968 0.8367447925078195 0.1539720084414432 0.389904293546 0.9185856771656512
1 0.916912648221344 0.3583616666666667 0.0001 0.0001 0.0134053231041541 0.0002978958953953 0.0125198737629892 0.0002495791363342 0.0148143310522178 0.0009102106953842 0.0369114855171908 0.00477560414101 0.7331623180369214 0.2412282362281868 0.5047428965459743 0.0369114855171908 0.9840301746 0.1432377626958617
2 0.7114201581027668 0.4333466666666666 0.0001 0.0001 0.0077031002303349 0.0001298715401303 0.0323916941395469 0.0009867952782479 0.9255538861596868 0.8986236539621041 0.963088549600968 0.9102843129934742 0.3526414429353755 0.5305821345225757 0.4250624445885204 0.963088549600968 0.1522037931559999 0.1073029027530633
3 0.8339252964426878 0.94991 0.0001 0.0001 0.0666266138100865 0.0015635212594018 0.0522634742757096 0.0021341455723208 0.0723809188421663 0.0560045373252393 0.0641519899549927 0.0967291489746173 0.6977216491199973 0.1094898866496595 0.7532700284359012 0.0913924897545472 0.44597950626 0.9183098057005312
3 0.5652043478260869 0.6583016666666667 0.0001 0.0001 0.0381151966498371 0.0008857147324018 0.0311496765829517 0.0006357448955218 0.1193635126046015 0.098135499172897 0.1193692185620823 0.1395888576916957 0.6492238872369207 0.1600680052930587 0.7210184138803156 0.1318851315759563 0.325000186964 0.9868653082572928
6 0.6323845849802372 0.5958141666666666 0.0001 0.0001 0.0001 0.0001 0.0001 0.0001000000114629 0.0001 0.0001 0.0001 0.0001 0.8338884349969222 0.1318383580474214 0.5787318931375188 0.0001 0.0001 0.5110522054750354
2 0.6442399209486167 0.1417383333333333 0.0001 0.0001 0.0362144619644071 0.0007011585245912 0.022455775008958 0.0002602613881283 0.7105182275311612 0.6425971162220189 0.8254135727090312 0.6531260396507859 0.1381321328369072 0.8505180773575407 0.1272093064337054 0.8254135727090312 0.292544439412 0.1353587756300494
4 0.4782652173913043 0.3958541666666667 0.3333666566686669 0.0001 0.0552220517359033 0.0007011552178622 0.0361176417371899 0.0020685687135639 0.1606669037614842 0.1605217192902894 0.1981458085548909 0.1208864397249745 0.7816600765624608 0.3494418802979889 0.2808787549827039 0.1981458085548909 0.423361760714 0.2264185483431096
5 0.8181181818181819 0.225055 0.0001 0.0001 0.047618962453949 0.0013468585276021 0.5912860626567663 0.018517248601702 0.3953217615335945 0.3841398831750396 0.4271132221928334 0.3718105106247697 0.6305709044799968 0.377671520133344 0.389016526455662 0.4271132221928334 0.197190953924 0.1802596260351131
1 0.9090090909090908 0.4708391666666666 0.0001 0.0001 0.1179471619614402 0.0151848995107885 0.0410855890068081 0.0047396257460043 0.0210098379832637 0.0106327388212377 0.0391201771793801 0.0117890093005141 0.755545902381536 0.2235847139776193 0.5104343604490751 0.0391201771793801 0.8952899262 0.1553973900169314
5 0.4071332015810276 0.3833566666666667 0.3333666566686669 0.0001 0.0324129364830962 0.0006383791351859 0.0150038641646295 0.0005300319208991 0.4105523829714139 0.3808990144343518 0.4815942748004839 0.3632385857135281 0.4981347117969193 0.5693978707704831 0.2144783740828966 0.4815942748004839 0.287436891126 0.1634209930807648
5 0.7272272727272727 0.4125175 0.0001 0.0001 0.6311525168843258 0.3782529421557571 0.0286657018303539 0.0005300405174258 0.3532439396772716 0.3363374338447117 0.4006089712794626 0.3188203228790234 0.6044567185476915 0.4423644809252678 0.311233217749653 0.4006089712794626 0.249302979434 0.1699025122520514
2 0.6639988142292491 0.3625275 0.0001 0.0001 0.0248098588337963 0.0002530873784453 0.0373596235245451 0.0006448940736087 0.6436583654047519 0.564006669071529 0.7746136651412838 0.5806541673997142 0.0784425577969156 0.9116823252304568 0.0892662535865939 0.7746136651412838 0.33832074232 0.13532554214861
6 0.8497324110671937 0.5833166666666667 0.0001 0.0001 0.0058022817213653 0.0003811593721161 0.002583975423271 0.0002241394896446 0.0008744384360801 0.0001 0.0023086892768049 0.0001 0.8282925394983376 0.1388957701234837 0.5730404319663193 0.0023086892768049 0.2222777755559999 0.1595166296875821
0 0.3241458498023715 0.7791108333333333 0.0001 0.0001 0.0818326931542951 0.00160910734158 0.1081529274471473 0.0022702230370513 0.416747898266395 0.3873807081643493 0.4904290096441162 0.3663556238143219 0.4981347117969193 0.5835127224465134 0.1917125526192596 0.4904290096441162 0.29635463722 0.1668717530214731
0 0.2767245059288538 0.774945 0.0001 0.0001 0.0932373031276438 0.0019700396355054 0.101942984976709 0.0016480143666502 0.3865447734007676 0.3582131228388421 0.4609798493248906 0.3344056887181391 0.5149223979569195 0.5799839883552707 0.1803296077386747 0.4609798493248906 0.31477580225 0.1712782441069489
2 0.0949426877470355 0.125075 0.0001 0.0001 0.0343136896439185 0.000682482633316 0.0336336334509296 0.0005727754166844 0.790543523067189 0.7576469794023256 0.8695873794485465 0.7372869099809224 0.3545067395322993 0.6976075158988969 0.1537694485489985 0.8695873794485465 0.2083518213039999 0.1518918955393677
5 0.7983592885375494 0.4541758333333333 0.0001 0.0001 0.1141456138990941 0.0040429813726557 0.0957330425062706 0.0067803118790148 0.3444669515444447 0.3274251323105764 0.3932466745735885 0.3086898578771673 0.6063220319323015 0.4470694279552386 0.301747475880854 0.3932466745735885 0.2635139066799999 0.1694450819138357
5 0.7035166007905139 0.5083316666666666 0.0001 0.0001 0.0818326931542951 0.0024990908712594 0.0199718091986702 0.0006411112701101 0.2564391403947061 0.2334406826040574 0.3071077945009735 0.2245289875470307 0.593264938966149 0.4353070550872526 0.3339990733620564 0.3071077945009735 0.3134348205 0.1599904921360652
4 0.3952778656126482 0.2542158333333333 0.0001 0.0001 0.0856342309525343 0.0048831068892137 0.0398435982771429 0.0046407935986771 0.1846744993922385 0.1718646650880442 0.2371659923603387 0.1411473767420926 0.6865298527507686 0.4270734268966268 0.2524214781531577 0.2371659923603387 0.4369079209399999 0.2011822342436959
3 0.8457806324110672 0.7457841666666667 0.3333666566686669 0.0001 0.0476190171958524 0.0011502113861555 0.0584734189817255 0.0014290755434641 0.1387244891889849 0.1167703413020287 0.1134793732461018 0.186344885074984 0.6380320908676917 0.043620715036231 0.9202195565797376 0.1760589051851332 0.403541275604 0.8810530085028419
3 0.8339252964426878 0.6208091666666666 0.0001 0.0001 0.0495197621453892 0.0014044039799604 0.0323916717837719 0.0013780940293049 0.1622157860702025 0.1297337214701274 0.1554444797095399 0.2003716967966735 0.5578242532615386 0.1377195349539086 0.8500248721026575 0.1893110405809201 0.378239996872 0.9546011366932332
6 0.8694913043478261 0.0792508333333333 0.0001 0.0001 0.0362144517003002 0.0009611445176977 0.0373596235245451 0.0012776906359417 0.0592154714926559 0.0446615878815363 0.0869751090805956 0.0437389703462986 0.7145093352799975 0.2788677701234837 0.46300551963233 0.0869751090805956 0.51858268272 0.1652947571888285
6 0.4071332015810276 0.524995 0.0001 0.0001 0.0096038034391704 0.0002530892536026 0.0063099379992833 0.0002095132711116 0.0259146140713435 0.0154940040144084 0.0472187028932348 0.0133475437804039 0.753680602427075 0.2400520021172235 0.4857713581703503 0.0472187028932348 0.7318760155199999 0.1655497654128226
6 0.0751837944664031 0.5124974999999999 0.0001 0.0001 0.0229091275697353 0.0001896133591965 0.0137618635984233 0.0002736186381594 0.0207516913964737 0.0082021076830316 0.0428013268575307 0.00945120828202 0.7406235161759969 0.2424044809252677 0.4952571290656006 0.0428013268575307 0.82916695344 0.1530210282481503
2 0.3557600790513834 0.1792308333333333 0.0001 0.0001 0.0286114068961424 0.0005115751511114 0.01872984082478 0.0005747441366912 0.7667940593863382 0.7138956014140648 0.8423468531447212 0.7365076153886947 0.2239358602338317 0.6752590466183586 0.3226161455558547 0.8423468531447212 0.229727985216 0.1173287727198593
5 0.8220699604743084 0.2458841666666666 0.0001 0.5 0.0761304480415776 0.0019365247272411 0.1963340300465819 0.0025967172465037 0.2561809735950728 0.2455938528788805 0.2945918881131673 0.2253082470722291 0.6790686663630734 0.3764952860223806 0.3415876805166021 0.2945918881131673 0.27340337839 0.1819766388890544
6 0.7074683794466403 0.5416583333333334 0.0001 0.0001 0.0020007607904751 0.0002371917304791 0.0013419875104335 0.0001981408812104 0.0003581461476833 0.0001 0.000836229736848 0.0001 0.832023136553353 0.1341908285982939 0.5768347394707002 0.000836229736848 0.111188887778 0.1595166296875821
2 0.9959482213438736 0.2667133333333333 0.0001 0.0001 0.0229091699947105 0.000368838721629 0.0199717814775092 0.0003777911685629 0.6173274707057311 0.5251165358591292 0.7679875974433903 0.5455871380954906 0.0001 0.9999 0.0266601933384426 0.7679875974433903 0.378705923668 0.1364203000240655
6 0.2293031620553359 0.4375124999999999 0.0001 0.0001 0.1027410928813385 0.0029355899881861 0.0174878232681848 0.0004284424087815 0.1531806659874722 0.130543931363403 0.1959371082788136 0.1294583786630279 0.628705607883073 0.3729666048617258 0.3985023024732274 0.1959371082788136 0.3956840973539999 0.1510600849973613
6 0.4822169960474308 0.5874825 0.0001 0.0001 0.0001 0.0001 0.0001 0.0001000000114629 0.0001 0.0001 0.0001 0.0001 0.8338884349969222 0.1318383580474214 0.5787318931375188 0.0001 0.0001 0.5110522054750354
6 0.8694913043478261 0.5958141666666666 0.3333666566686669 0.5 0.144557803379832 0.0028630715055806 0.0286657130082414 0.0005300398899947 0.045275576715835 0.0316982186512821 0.0715142866608668 0.0304914265658947 0.725701119897846 0.2682816525386961 0.4686969749982393 0.0715142866608668 0.6247752399600001 0.160592622395235
1 0.3952778656126482 0.524995 0.0001 0.0001 0.015306084476262 0.0006059379460258 0.0187298117622725 0.0006839175017896 0.0081025309475919 0.0017204213907684 0.0177695140819181 0.0039963369010651 0.7872559747470753 0.1800640021172235 0.5483774337854463 0.0177695140819181 0.94991 0.1416925233010369
1 0.2293031620553359 0.3167033333333333 0.0001 0.5 0.3821528790949873 0.0856694463730833 0.2956929977947206 0.0506043348196724 0.1193635126046015 0.0892231757630727 0.1554444797095399 0.1099766941577024 0.5876690323876914 0.3329745921583847 0.5047428965459743 0.1554444797095399 0.652012751368 0.1051884141041898
5 0.4545545454545454 0.4750049999999999 0.0001 0.0001 0.0970387861839796 0.0008285381315502 0.0460535161562288 0.0005140564082649 0.4247504138801058 0.3833296732817639 0.506626034567555 0.3772653974352175 0.4123310011876809 0.6246809586747002 0.2125812222942601 0.506626034567555 0.3172422588599999 0.1510152197974182
0 0.893201976284585 0.7666133333333334 0.3333666566686669 0.0001 0.0856342241097964 0.0023567947609724 0.0783452281803957 0.0021832703232524 0.3328503795337066 0.3120311370464436 0.3880930847698595 0.2938837866302794 0.5839384391938438 0.4752990466183585 0.2789816202684507 0.3880930847698595 0.284538071006 0.1688218702139144
0 0.0119553359683794 0.7416183333333334 0.0001 0.0001 0.0704281721365395 0.004016845914082 0.2621593352812835 0.0827451760134445 0.1844163535024431 0.171054462486665 0.2187602340304842 0.1606290752742299 0.6827992595569209 0.3400319968241647 0.3966051336102077 0.2187602340304842 0.271518275486 0.1584077559748083
5 0.5652043478260869 0.10008 0.0001 0.0001 0.0799319242551755 0.0021496271805383 0.0460535474543138 0.0013483579799167 0.2621183499702045 0.2358713341595732 0.3144700912068476 0.2315423934078754 0.5690160496307676 0.4447169385610768 0.3434848323052385 0.3144700912068476 0.31974965728 0.1520698457263476
5 0.3241458498023715 0.2917083333333333 0.0001 0.0001 0.0153060475254772 0.0004470704859282 0.0162458191250547 0.0003810327875304 0.4144245573784526 0.378468406630214 0.493373899171768 0.364797104763925 0.4533675598953763 0.6082136493628609 0.1974039909107856 0.493373899171768 0.307457996104 0.1587688595706096
6 0.8299735177865613 0.4958341666666667 0.0001 0.0001 0.0001 0.0001 0.0001 0.0001000000114629 0.0001 0.0001 0.0001 0.0001 0.8338884349969222 0.1318383580474214 0.5787318931375188 0.0001 0.0001 0.5110522054750354
1 0.7667450592885375 0.3666933333333333 0.0001 0.0001 0.1046418207240305 0.004599333084069 0.062199373286101 0.0034548457650881 0.0470826007323811 0.0252165314839913 0.0766678897167313 0.0367255644854539 0.6678768699938447 0.2847489512644179 0.500948596383578 0.0766678897167313 0.7118554704300001 0.1218369448308702
2 0.7193237154150197 0.075085 0.0001 0.0001 0.0267106756320814 0.000712359736413 0.0174878433883824 0.0004098423448099 0.719811465623903 0.6474583682897761 0.8371932368367214 0.664035736124217 0.1045567605169069 0.8646329184474533 0.138592217165524 0.8371932368367214 0.29724585894 0.1321876301172696
4 0.2490620553359683 0.2625475 0.0001 0.0001 0.0457182414539949 0.0006824854561335 0.0311496967031492 0.0007544085160011 0.1475014494420278 0.1532298229589126 0.1782676054612105 0.1091974206056922 0.8264272410547685 0.3141548146246187 0.2922616657145225 0.1782676054612105 0.419219739284 0.250180470787676
1 0.1858335968379446 0.2833766666666666 0.0001 0.0001 0.0609243379050483 0.0019669428031384 0.0261817382556435 0.0010535665638119 0.0377893368508392 0.0130633714178231 0.0700418220188378 0.0273743555020933 0.6510891838338445 0.2953350688492054 0.500948596383578 0.0700418220188378 0.84238380954 0.1183267506690624
4 0.8892501976284585 0.5416583333333334 0.0001 0.0001 0.0172068414005903 0.0005368645709709 0.0174878210326073 0.0003777898776416 0.0377893368508392 0.0511432743196375 0.0413288661911423 0.0211402175825341 0.9140962675667696 0.1577155338952968 0.4554169022331545 0.0464824738852542 0.57405928518 0.3694353378096147
3 0.6205292490118577 0.7666133333333334 0.0001 0.0001 0.0837334552106768 0.0024635231698232 0.0634413617801887 0.0013421700672911 0.081674184814692 0.0689679138473899 0.0567896866230509 0.1201071591595585 0.7201052301070746 0.0318583527543626 0.8557163103941837 0.1134793732461018 0.5177131566600001 0.848628510567717
0 0.9208644268774704 0.7624475 0.0001 0.9999 0.0495198032018168 0.0020671594762182 0.0857971367891467 0.0023280354003767 0.3390458948286877 0.3136515422492021 0.399872742271482 0.2985593928753112 0.5503630500861574 0.5035286970398312 0.2675987095366322 0.399872742271482 0.298408986268 0.1632964178791269
3 0.6007703557312253 0.8041058333333334 0.3333666566686669 0.0001 0.081832706839771 0.0018058179964191 0.0746192492846677 0.0010969873173381 0.135368585651699 0.1119090746504787 0.1120069284822759 0.1824485523819625 0.628705607883073 0.0518543612232567 0.916425270076848 0.17237776014523 0.42038202678 0.8877671956133775
5 0.4268920948616601 0.2708791666666666 0.0001 0.0001 0.0514205549940916 0.000796847206941 0.0087939082807261 0.000336354532346 0.3609883303110249 0.3476804015181556 0.4079712878635398 0.3234959291240551 0.6268403112861493 0.4423644809252678 0.2884673792116328 0.4079712878635398 0.250755338904 0.1770519740465098
2 0.3043869565217391 0.2125574999999999 0.3333666566686669 0.0001 0.0229091275697353 0.000503258626844 0.0361175992612174 0.0007223559767142 0.7670522261859716 0.7349611242662977 0.8371932368367214 0.7224808036670053 0.3675637989230795 0.6493818961771654 0.2182727118089358 0.8371932368367214 0.2023384242239999 0.1442386108093711
3 0.7311790513833992 0.8624275 0.0001 0.0001 0.0400159689703257 0.0008505107913193 0.0261817337844885 0.0005727765777925 0.0956140768035345 0.0778802299653179 0.0840301930486731 0.124782779431402 0.6809339629599971 0.0989037690648719 0.7874187947801231 0.1178967671721887 0.401366560634 0.9109757805919784
6 0.8655395256916996 0.574985 0.0001 0.0001 0.003901521717805 0.0002735353336975 0.002583975423271 0.0002241394896446 0.0003581461476833 0.0001 0.000836229736848 0.0001 0.832023136553353 0.1341908285982939 0.5768347394707002 0.000836229736848 0.111188887778 0.1595166296875821
4 0.5810114624505929 0.4375124999999999 0.0001 0.0001 0.0172068414005903 0.0005816711522746 0.0261817427267985 0.0005407241034123 0.0426941136359136 0.0519534842129131 0.0508998512461719 0.0250365544835992 0.8842514934769228 0.1812402383454103 0.4478282916637322 0.0516360815793661 0.5447241033900001 0.3158062908942778
6 0.6798059288537549 0.2333866666666666 0.0001 0.0001 0.0381152137566819 0.0013513809835937 0.0050679506229844 0.0003482789678262 0.0052629226748697 0.0057714750864463 0.0074622980310876 0.0024378020003709 0.8357537334404916 0.1436007118603958 0.5578632029732585 0.0074622980310876 0.2315351837039999 0.2571543658064495
1 0.8971537549407115 0.4666733333333333 0.0001 0.0001 0.0058022817213653 0.0001784115838193 0.0100358990103913 0.0002495791507579 0.0050047767850744 0.0001 0.0133521353957869 0.0008792673100789 0.7984477627224611 0.1730065921583847 0.5483774337854463 0.0133521353957869 0.9999 0.1546727994140335
4 0.3162422924901186 0.3625275 0.3333666566686669 0.0001 0.0419167481335522 0.0005331310924552 0.0423275775008958 0.0024291623587776 0.1456944351834062 0.1532298229589126 0.1716415377633171 0.1107559606963067 0.839484330495507 0.2906301218192346 0.3169246901899455 0.1716415377633171 0.389168800674 0.2544335339671733
0 0.6639988142292491 0.7291208333333333 0.0001 0.9999 0.0799319653116031 0.0017735143792834 0.1230567737271569 0.0019165343788347 0.34472509743424 0.3258047125240252 0.4050263519534142 0.2985593928753112 0.593264938966149 0.5023524735149855 0.2258613189634815 0.4050263519534142 0.303487270408 0.1796583350052726
1 0.1344604743083003 0.2708791666666666 0.0001 0.5 0.2662064826112977 0.1938737552434239 0.175220241296134 0.1455790936824955 0.0943233403846116 0.0616760175160131 0.128940208917966 0.0889364765751683 0.5783425494030725 0.3200360169377881 0.535097357605485 0.128940208917966 0.63739341582 0.0875225863691462
1 0.93271976284585 0.524995 0.0001 0.0001 0.0134053231041541 0.0002082826722989 0.0075519251520245 0.0001320526877749 0.004746630895279 0.0001 0.0133521353957869 0.0001 0.800313062676922 0.1741828283865716 0.544583126793297 0.0133521353957869 0.9999 0.1595166296875821
0 0.2095442687747035 0.6874625 0.0001 0.0001 0.072328951299766 0.000794141455768 0.0597154119469682 0.0020411067051177 0.3532439396772716 0.3355272312433325 0.4153335845694139 0.3040142446187296 0.5988608287569203 0.512938591099773 0.2030954633510781 0.4153335845694139 0.30861153535 0.1835161547398535
4 0.0514731225296442 0.5291608333333333 0.0001 0.0001 0.0172068468747806 0.0002232181691556 0.0112778888458255 0.0001560921795034 0.0346915840823109 0.0495228523455174 0.0361752591596372 0.0188024158626994 0.9252880639359984 0.1471294163105093 0.4611083627213787 0.0450100138814726 0.6038152328 0.3897174931909357
0 0.3004351778656126 0.7291208333333333 0.0001 0.0001 0.0685273656023612 0.002788396491262 0.0522634675689771 0.0026642139721868 0.2437899639149485 0.2269589888740598 0.2879658204152738 0.2128399824545601 0.6398974042523018 0.4011962446970809 0.3415876805166021 0.2879658204152738 0.30341592468 0.1692103326858503
4 0.3715671936758893 0.5 0.0001 0.0001 0.019107603456972 0.0002642909997434 0.029907701502329 0.0006128428324551 0.0372730464652377 0.0503330644263619 0.0405926351953414 0.0211402175825341 0.9122309676123086 0.1565392987257217 0.4592112109327422 0.0479549338890358 0.59279453738 0.368251812969543
4 0.2925316205533597 0.3833566666666667 0.3333666566686669 0.0001 0.0476190274599593 0.0016420953911311 0.0423275707941633 0.0008906321649567 0.1322708280042084 0.1475583391221907 0.151027105661656 0.0975084155132216 0.8973085814067695 0.2529905985100553 0.3188218419785819 0.151027105661656 0.388407682928 0.2871244368605839
3 0.8734430830039526 0.9707391666666668 0.3333666566686669 0.0001 0.100840306875374 0.0007459624544628 0.051021485781622 0.0016518836690929 0.0723809188421663 0.0705883336339411 0.0648882189629733 0.0819230707143236 0.7984477627224611 0.1130185932169965 0.6451322706224497 0.0788765833667409 0.226536393662 0.9010236117448792
3 0.0277624505928853 0.8957541666666667 0.0001 0.0001 0.0989395379762544 0.0021013070988498 0.0249397475259784 0.0004284423582985 0.1255590278995826 0.1021865486392751 0.1046446251503341 0.1699802667240758 0.6324362010769206 0.0612642425798574 0.8974537009673343 0.1605980761393367 0.4244191192 0.8925709778633327
1 0.3755189723320158 0.4333466666666666 0.0001 0.0001 0.0685273758664681 0.0010739642641499 0.0746192492846677 0.0011199092490551 0.1031003145775465 0.0616760175160131 0.1517633346696367 0.0912742761909812 0.5149223979569195 0.38943389300133 0.4876685133738633 0.1517633346696367 0.61830403446 0.0983124403635563
3 0.2411584980237154 0.8832566666666667 0.0001 0.0001 0.0856342241097964 0.0058688538958236 0.0373596235245451 0.0018628968119717 0.0465663054678173 0.0357492717636083 0.0310216514655253 0.0733511317762702 0.7443541060123071 0.0683216525386961 0.7722415633966485 0.0693055996369249 0.5931311700399999 0.8545634900306053
2 0.7430343873517787 0.40002 0.0001 0.0001 0.0343136896439185 0.0013993956969236 0.0236977433828482 0.0004018318531317 0.931749471154128 0.9172585325507177 0.962352327219055 0.9118427619098124 0.4365798737353762 0.498823781768213 0.3909136782442985 0.962352327219055 0.133903393968 0.1220889150446924
4 0.0396177865612648 0.4041858333333333 0.0001 0.0001 0.0457182585608397 0.0009065195220235 0.0311496855252617 0.0007864612788553 0.1232357079214781 0.138646030296159 0.1399836440376756 0.0904950096523769 0.9010391796369228 0.2412282362281868 0.3339990733620564 0.1399836440376756 0.38877869871 0.292494514277349
3 0.8181181818181819 0.9540758333333332 0.3333666566686669 0.0001 0.0362144551216692 0.0009699956231002 0.0547474490283075 0.0037112674640583 0.098711834451025 0.0795006497518691 0.086238880072615 0.1302376381882263 0.6697421665907685 0.0953750646147584 0.8044931779522341 0.1230503636019855 0.4216366458059999 0.9126213078916516
6 0.8576359683794467 0.4333466666666666 0.0001 0.0001 0.032412913902061 0.0006383789335561 0.0087939145403431 0.0003810328308016 0.1601506119818934 0.1418868771611578 0.1952008858969006 0.1403681172168942 0.6566850904123019 0.3376795391883557 0.4269595963771568 0.1952008858969006 0.3391810502239999 0.1504068792412117
1 0.2727727272727272 0.3625275 0.3333666566686669 0.0001 0.0419167276053384 0.0018325228575974 0.0398435982771429 0.0010508957989316 0.0326264134789748 0.0090123175763072 0.0612070672970024 0.0250365544835992 0.6604156836061496 0.276515301901557 0.5218172831329618 0.0612070672970024 0.89076188199 0.1089905761496531
5 0.5296383399209487 0.3875225 0.0001 0.0001 0.0324129364830962 0.0002082838014258 0.0448115366044511 0.0006128429766921 0.4435950847450065 0.4246503924226126 0.507362323210145 0.3936299877325022 0.5615548800307585 0.5423444968044441 0.193609704407896 0.507362323210145 0.2672653262459999 0.1776151472802145
5 0.6126256916996048 0.1584016666666666 0.0001 0.0001 0.0362144209079795 0.000678813021045 0.0274236932160687 0.0004925638294101 0.2652160936778031 0.2601776455416341 0.2923832010892253 0.2408936199247507 0.7145093352799975 0.3247409322094062 0.389016526455662 0.2923832010892253 0.221242732606 0.1837955677527431
6 0.8418288537549408 0.5499900000000001 0.0001 0.0001 0.003901521717805 0.0002735353336975 0.0100358994575068 0.0002241395112801 0.004746630895279 0.0017204213907684 0.0118796760546121 0.0001 0.8115048523310763 0.1671254163105093 0.544583126793297 0.0118796760546121 0.88881112222 0.1775528093256358
4 0.1107498023715415 0.2292208333333333 0.0001 0.0001 0.0875349759020712 0.0022805885698198 0.0485375132646016 0.0038100979526597 0.157827298973735 0.1548502354535675 0.1981458085548909 0.1177693735705573 0.7630070921267683 0.3623804872769383 0.2789816202684507 0.1981458085548909 0.438258480774 0.2200839614427928
0 0.328097628458498 0.7874424999999999 0.0001 0.0001 0.1616646037239948 0.0028252493811549 0.0559894375223951 0.0012042481715986 0.3950636156437991 0.369556090512286 0.4653971836163683 0.3445361467065893 0.5317100841169197 0.5623404872769383 0.1917125526192596 0.4653971836163683 0.300857176532 0.1727800617762769
5 0.4268920948616601 0.3708591666666667 0.0001 0.0001 0.032412913902061 0.0005946534510078 0.0100359048228928 0.0003911331150456 0.3984195052411931 0.3760377769503871 0.4617160717068035 0.3523288120926324 0.5522283466830813 0.5294059004116124 0.2239641330260787 0.4617160717068035 0.279007087424 0.171321934385831
2 0.9287679841897232 0.1292408333333333 0.0001 0.0001 0.024809945736568 0.0005667360990035 0.0311497257656567 0.0011390451752115 0.9431079042450166 0.9342729330176088 0.9704507734200972 0.9211940164803112 0.4720205426523003 0.4858851642031461 0.3757364468608239 0.9704507734200972 0.125212332528 0.1279914331171242
4 0.93271976284585 0.5166633333333334 0.0001 0.0001 0.0191076068783409 0.0003090974298248 0.0150038518689532 0.0003564213282049 0.0290123675368665 0.0414207446624857 0.0317578784856857 0.0141268117216894 0.9103656676578477 0.1518343569888096 0.4686969749982393 0.037647715850385 0.64719275556 0.375458308789219
5 0.4624581027667984 0.4791708333333333 0.0001 0.0001 0.0229091275697353 0.0005032593728743 0.0410855934779631 0.0016305152422578 0.1433711082353558 0.1175805439034079 0.1900472695889008 0.1185486401091616 0.6100526251261491 0.38943389300133 0.3909136782442985 0.1900472695889008 0.4370905844 0.1487057613907669
1 0.5098794466403163 0.3791908333333333 0.0001 0.0001 0.2490996377893384 0.0744976725046142 0.211237865148704 0.0656691204519454 0.1002607028198513 0.0738291732070435 0.1340938053477628 0.0897157431137726 0.6193791081107679 0.3176835275436263 0.4971542859765519 0.1340938053477628 0.57511127474 0.1117562564042859
3 0.450602766798419 0.7124575000000001 0.0001 0.0001 0.0191076137210789 0.0011555742352264 0.0162458504231397 0.0009246170765199 0.1227194161418874 0.1127192918356506 0.0928649477705085 0.1637461414286471 0.725701119897846 0.0177435328366851 0.8727906935662947 0.1547082507015592 0.399466870648 0.8362694152196649
3 0.2767245059288538 0.7332866666666666 0.0001 0.0001 0.0685273792878371 0.0017463009068905 0.0795871876119759 0.0014485007369749 0.1302056539158994 0.107047815290825 0.1075895478083243 0.1762144060463162 0.6324362010769206 0.0542068273279598 0.9088366458479192 0.1664879148292495 0.4312286270259999 0.8894277283334581
3 0.8220699604743084 0.9915683333333334 0.0001 0.0001 0.0837334620534147 0.00375920877729 0.0621993799928335 0.0031343197231531 0.0734135024013478 0.0551943259735844 0.053844777217196 0.111535227234911 0.6846645561538448 0.0553830635561466 0.8538191586055471 0.1053808541583147 0.53330023862 0.8730586945426003
3 0.8497324110671937 0.6583016666666667 0.0001 0.0001 0.0286114068961424 0.0004920578888523 0.0435695592882509 0.0004018290188741 0.1157494701474661 0.0932742325213471 0.1039083961423534 0.1497193297069577 0.6417626840615394 0.1024324766908207 0.821567561124345 0.1414561153057723 0.40077629871 0.9215662672669253
2 0.2411584980237154 0.0625875 0.0001 0.0001 0.0267106345756539 0.0003743830173726 0.0100358907387546 0.0003911323866486 0.7822828127740609 0.7171364920304416 0.8673786460421308 0.753651465211178 0.1344014892800011 0.724660942795524 0.3339990733620564 0.8673786460421308 0.24874841037 0.1105484711227634
3 0.2806762845849802 0.74995 0.3333666566686669 0.0001 0.0438174896617201 0.0006115424081069 0.0696513064862045 0.0034227931248354 0.1059399193652957 0.0884129658697971 0.0987547864604213 0.1302376381882263 0.6790686663630734 0.1224284756322089 0.7513728766472648 0.1230503636019855 0.35039972604 0.9382751553669672
3 0.9366715415019764 0.8332666666666667 0.3333666566686669 0.0001 0.0362144619644071 0.0005946521303325 0.0361176417371899 0.0010048143771169 0.1431129623455604 0.1175805439034079 0.1274677376498693 0.1840070784457652 0.6119179217230728 0.0906701239364581 0.8708935417776581 0.1738502115351236 0.385305373514 0.9166272683874364
0 0.3043869565217391 0.7291208333333333 0.0001 0.0001 0.0970388101335624 0.0022395139548081 0.0795872010254409 0.0031343183529014 0.246113269953161 0.2277691987673354 0.2909107563253994 0.2159570556223832 0.628705607883073 0.4047249576160884 0.3472791529568945 0.2909107563253994 0.302325122884 0.1652692781863916
1 0.5493972332015811 0.4708391666666666 0.0001 0.0001 0.0343136896439185 0.0005480663574377 0.0249397519971334 0.0008585797410595 0.0176539372339562 0.0017204213907684 0.0405926351953414 0.0086719403407345 0.718239928473845 0.2459331832581577 0.5123315156525882 0.0405926351953414 0.973670676914 0.1304680827907539
0 0.9248162055335968 0.7666133333333334 0.0001 0.0001 0.0647258517537048 0.0022111472606739 0.0671672981999442 0.0013537467473032 0.3369807137704327 0.3120311370464436 0.3954553814757335 0.2985593928753112 0.5540936768553772 0.4917663559301979 0.2827759067713404 0.3954553814757335 0.290626952986 0.1617489293496996
1 0.1502675889328063 0.4708391666666666 0.0001 0.5 0.182573017136514 0.0049138463630401 0.1454125487361149 0.0033776695811062 0.053019961076637 0.0300777952187827 0.0855026510646344 0.0406218999838378 0.6585503702215395 0.3000400052930588 0.4857713581703503 0.0855026510646344 0.7720971696800001 0.1307558880969362
5 0.6402881422924901 0.2375524999999999 0.0001 0.0001 0.0628251204896438 0.0023291285288243 0.0348756577142572 0.000794474511037 0.3958380602831313 0.3792786092315933 0.4521450482205813 0.351549552567434 0.593264938966149 0.4952950476769703 0.2372442296953 0.4521450482205813 0.265099759446 0.1779943446603551
2 0.5019758893280633 0.0167633333333333 0.0001 0.0001 0.026710720109878 0.0003743855982343 0.0125198849408767 0.0005475904348868 0.9010300614788556 0.8629744186579775 0.9542537484966588 0.8798927707063828 0.2836253513353926 0.5999799788277648 0.3833250540153696 0.9542537484966588 0.178244593954 0.1111695679647748
1 0.4387474308300395 0.3791908333333333 0.0001 0.0001 0.019107603456972 0.0003090975709657 0.0348756487719472 0.0004418953456552 0.0235912996691959 0.0041510538415158 0.0508998512461719 0.0133475437804039 0.6921257425415398 0.2682816525386961 0.5028457413424613 0.0508998512461719 0.940652611848 0.129176240299611
6 0.8576359683794467 0.2208891666666666 0.0001 0.0001 0.0514205481513537 0.0012396000339612 0.0410855890068081 0.0015160882598656 0.05585956795537 0.0446615878815363 0.0832939574146247 0.0375048324267394 0.7387582162215358 0.276515301901557 0.4421368277606313 0.0832939574146247 0.57912647154 0.1811937554169449
0 0.4822169960474308 0.7291208333333333 0.0001 0.0001 0.1236494447092163 0.0031535567608304 0.211237865148704 0.0058205258261316 0.3609883303110249 0.3395782952935032 0.4219596522673074 0.3164825232632104 0.5708813462276913 0.5094098993530006 0.2372442296953 0.4219596522673074 0.2901894705 0.1729935952868181
0 0.9090090909090908 0.6208091666666666 0.0001 0.0001 0.0894357413798219 0.0084078935030347 0.2944510450698729 0.1009617281582817 0.2850933550718313 0.2488346778681902 0.3431830755266342 0.2580374978008574 0.4925388052184618 0.477651546598638 0.3681478397062783 0.3431830755266342 0.339650106394 0.118991621712889
5 0.8339252964426878 0.5874825 0.0001 0.0001 0.1711684482195928 0.0078067368233563 0.0535054560630648 0.0024532014783746 0.1851907842018833 0.148368563599259 0.2496818921220773 0.1520571223093648 0.520518304535377 0.4847089300921827 0.328307600921764 0.2496818921220773 0.463437743914 0.1475431434317462
3 0.6402881422924901 0.6916283333333333 0.3333666566686669 0.0001 0.0400159929199084 0.000805704361238 0.0559894375223951 0.000668935457727 0.1709927463232454 0.1548502354535675 0.142192344313753 0.2167363221609876 0.6678768699938447 0.0342108315624068 0.90504230812188 0.2047718762527844 0.32117467222 0.8677944607288435
1 0.1739782608695652 0.4791708333333333 0.0001 0.0001 0.23959582750743 0.0040016518975547 0.0572314260164828 0.0013960539909934 0.0710901893931894 0.0357492717636083 0.1142156155062178 0.0593243200545808 0.5671507530338437 0.3553230508528056 0.4895656685773764 0.1142156155062178 0.73638361382 0.0998567901752921
3 0.4545545454545454 0.974905 0.0001 0.0001 0.0780311895697455 0.0012721657698596 0.051021485781622 0.0011795499609142 0.1142005948086939 0.0989457017742763 0.0950736347944504 0.1489400491415417 0.6921257425415398 0.0671454184277328 0.8272590164902541 0.1407198730456563 0.384925999404 0.8799859284106659
2 0.5889150197628459 0.3458641666666666 0.0001 0.0001 0.0381151966498371 0.0007123535867036 0.0286656750034239 0.0004659361960965 0.6643100296184363 0.5899333637806594 0.7900745008131479 0.6016943849822483 0.1082873704984406 0.8916863771024331 0.0911634053752304 0.7900745008131479 0.32154089896 0.1372403277862888
4 0.5335901185770752 0.275045 0.6666333133373338 0.0001 0.0647258620178117 0.001608488640485 0.0684093135209619 0.004151990185756 0.1841582076126478 0.179156561419421 0.2283312376385033 0.1419266432806969 0.7406235161759969 0.3870814036071682 0.2619072370963398 0.2283312376385033 0.41323475652 0.2141542859092656
2 0.57310790513834 0.2125574999999999 0.0001 0.0001 0.030512182638 0.0003090958268677 0.0224558040714655 0.0003564207728924 0.6947712655241292 0.6247724329428884 0.8047990809727609 0.6445540446054857 0.128805616276916 0.8234647351498545 0.1803296077386747 0.8047990809727609 0.294624403336 0.1288432844555136
6 0.6758541501976284 0.5291608333333333 0.0001 0.0001 0.0837334620534147 0.0102561715347824 0.175220241296134 0.0358948287800058 0.0850300813820319 0.0600555904375655 0.1274677376498693 0.0639999192862067 0.6343014976738444 0.3553230508528056 0.4212681410112475 0.1274677376498693 0.61522704998 0.1464743680963252
5 0.7351308300395256 0.2667133333333333 0.0001 0.0001 0.0533213067863664 0.0010182628172876 0.1267827213247999 0.0035636908467168 0.2768326796284331 0.260987862726806 0.3196236942627121 0.2463484646547633 0.636166794270768 0.4023724682219266 0.3434848323052385 0.3196236942627121 0.2751042381499999 0.169245009641736
6 0.6284328063241107 0.4125175 0.0001 0.0001 0.0286113966320356 0.0007968472674299 0.0100358833613488 0.0002962816499921 0.2205568129235263 0.1986016134418283 0.2607253471199901 0.1988131707328707 0.6119179217230728 0.3764952860223806 0.4098852132050459 0.2607253471199901 0.30748261118 0.1439327452880227
6 0.8378770750988143 0.3125375 0.0001 0.0001 0.0286113966320356 0.0002840623558986 0.0087939082807261 0.0003363545179223 0.1196216654643428 0.0965150720944495 0.1635429987973269 0.0951706088840028 0.636166794270768 0.370614115467564 0.3947079818215713 0.1635429987973269 0.463487413978 0.1546128784399232
5 0.6916612648221344 0.3708591666666667 0.0001 0.0001 0.0666266069673485 0.0008803828032635 0.0323916807260819 0.0005701055460737 0.3860284885911229 0.3671254389567702 0.4433103133769491 0.3429776276561924 0.5802078459999963 0.4976475476572497 0.246729988638482 0.4433103133769491 0.2686667958959999 0.1743215078545334
1 0.2688209486166008 0.5208291666666667 0.0001 0.0001 0.106542599887257 0.0029329340194151 0.0621993799928335 0.0023839635954397 0.1356267315414944 0.1232520350320262 0.1709053087553364 0.1099766941577024 0.7051828439015356 0.3329745921583847 0.3852222228783892 0.1767951341931138 0.425307971394 0.2398602327413428
2 0.3083387351778656 0.1958941666666666 0.0001 0.0001 0.0362144619644071 0.0006383792360008 0.0236978305703707 0.0005907041366333 0.7603403772917238 0.702552699367688 0.8379294194622281 0.7326112476286438 0.1922258012984413 0.6834926959812194 0.3415876805166021 0.8379294194622281 0.238195741326 0.1123834964049876
3 0.4585063241106719 0.8874225 0.0001 0.0001 0.1046418309881374 0.0026805173810428 0.0684093135209619 0.002279080560661 0.1413059480869387 0.1127192918356506 0.1178967671721887 0.1933582909358287 0.5913996255815389 0.0530305910997729 0.9524711882097064 0.1826849728830266 0.441527916756 0.8977947943925917
6 0.984092885375494 0.3167033333333333 0.0001 0.0001 0.0248098803884208 0.0003427025371879 0.0137618571152486 0.0003697766021887 0.0778019964677613 0.0487126409938625 0.129676431299879 0.0507523762071433 0.6081873117415391 0.398843755302919 0.3776335986494604 0.129676431299879 0.65929703422 0.1520942505152429
0 0.794407509881423 0.7582816666666666 0.0001 0.0001 0.0381152411276336 0.0008564218214565 0.0758612198941354 0.0018951999919376 0.2907725716172756 0.2763818579909389 0.3358207721946924 0.2564789577102428 0.6417626840615394 0.4164873093118393 0.3150275213269258 0.3358207721946924 0.27843097267 0.1765358144398311
5 0.901105533596838 0.5666533333333333 0.0001 0.5 0.1388555103679491 0.014277566340203 0.0559894375223951 0.0010215145726258 0.1903537159376829 0.1524196203575333 0.2563079598199708 0.1567327355678024 0.511191821550758 0.4929425794550436 0.3245132973444911 0.2563079598199708 0.457413548994 0.14607680837846
5 0.9485268774703556 0.2458841666666666 0.0001 0.0001 0.0362144619644071 0.0008181308572977 0.0920070658461201 0.002086230970032 0.2786396938870548 0.2658491002107707 0.3203599298967604 0.2463484646547633 0.6566850904123019 0.3976675211919557 0.3302047697847836 0.3203599298967604 0.274096349768 0.1769697631414138
2 0.9445750988142292 0.0625875 0.0001 0.0001 0.0419167891899797 0.0011156097939899 0.0199717814775092 0.0002495815090333 0.9542081705362718 0.95533841941036 0.9711870620626876 0.9336622390175452 0.5373059906953771 0.4388357680062602 0.3852222228783892 0.9711870620626876 0.106180369682 0.136634269933858
2 0.8694913043478261 0.1625675 0.0001 0.0001 0.0153061128736244 0.0006487679099026 0.0323916673126169 0.0005965594819495 0.8509496752192 0.8013983573905864 0.926277099201936 0.8175514476180374 0.2202052166769257 0.694078813566007 0.2960560034405617 0.926277099201936 0.213865848278 0.1206966335874216
6 0.2174478260869565 0.5374924999999999 0.0001 0.0001 0.0324129275875368 0.0005667354437066 0.0063099371050523 0.000145407947335 0.0388219204100207 0.0268369534581114 0.0626795319390314 0.0250365544835992 0.7387582162215358 0.2553430667319819 0.4762855941048532 0.0626795319390314 0.63922584926 0.1632305551613652
5 0.5217347826086957 0.4041858333333333 0.0001 0.0001 0.026710620890178 0.000846776415551 0.501862917909384 0.0757657482874116 0.3178779179255745 0.3006881547892071 0.3674786327899953 0.2814154939589869 0.6137832183199966 0.4447169385610768 0.2979531381548149 0.3674786327899953 0.276030462868 0.17274976559749
4 0.4387474308300395 0.4291808333333333 0.0001 0.0001 0.024809893047486 0.0001634760002617 0.015003852986742 0.0001320526517156 0.0367567512006739 0.0479024296422077 0.0405926351953414 0.0219194855238196 0.8991738796824619 0.1588917701234836 0.4686969749982393 0.0442737835482784 0.5343846217 0.3582100647838371
6 0.7746486166007905 0.5541558333333334 0.0001 0.0001 0.0324129275875368 0.000818130000371 0.0087939120812079 0.0004538519243566 0.0050047767850744 0.0025306321590715 0.0111434457214179 0.0008792673100789 0.8152354488824611 0.1624204745735972 0.5483774337854463 0.0111434457214179 0.86103887778 0.1775528093256358
4 0.336001185770751 0.3208691666666667 0.3333666566686669 0.0001 0.0704281550296947 0.0020005473358566 0.0386016075474777 0.002549357019222 0.1475014494420278 0.1564706698239114 0.1745864537952396 0.1099766941577024 0.84881082288123 0.2965112923740512 0.2979531381548149 0.1745864537952396 0.40513702639 0.2571760850614912
6 0.7311790513833992 0.0042658333333333 0.0001 0.0001 0.0153060803706193 0.0003743833803063 0.0522634742757096 0.0015181268338637 0.0437266971950952 0.0284573739738523 0.07519543170077 0.0250365544835992 0.7145093352799975 0.2929825900411612 0.4402396759719948 0.07519543170077 0.68726413968 0.1656291061536125
6 0.8576359683794467 0.5666533333333333 0.0001 0.0001 0.0001 0.0001 0.0001 0.0001000000114629 0.0001 0.0001 0.0001 0.0001 0.8338884349969222 0.1318383580474214 0.5787318931375188 0.0001 0.0001 0.5110522054750354
5 0.4624581027667984 0.4166833333333333 0.0001 0.0001 0.0419167481335522 0.0011555736303369 0.0125198701860652 0.0002962816211447 0.4340436798526314 0.4116870268383065 0.4992637842441547 0.3858373223464591 0.5410365671015385 0.5470493909038272 0.2068897498539678 0.4992637842441547 0.26926375648 0.1729894830631047
0 0.6481916996047431 0.7291208333333333 0.0001 0.0001 0.0875349519524884 0.0016857365520897 0.0448115500179161 0.0009465184591639 0.3452414101236688 0.3290455375133349 0.4050263519534142 0.2970008668115084 0.6119179217230728 0.500000026465294 0.210684087580007 0.4050263519534142 0.30729574856 0.1852947502419772
6 0.7667450592885375 0.5208291666666667 0.0001 0.0001 0.0400159689703257 0.0006264777940673 0.0261817382556435 0.0004445660239933 0.0171376454543654 0.004961264463981 0.0383839461835791 0.0063341386208998 0.7443541060123071 0.2376995338952968 0.499051441180065 0.0383839461835791 0.91107296896 0.1534835443161015
1 0.8813466403162056 0.3500299999999999 0.0001 0.0001 0.0419167344480763 0.0005779373108253 0.0236977657386232 0.00062619795499 0.0246238832283774 0.0065816857089115 0.0479549338890358 0.017243880681469 0.7014522423138448 0.2494618855910477 0.5237144349215983 0.0479549338890358 0.8894723599459999 0.1167843982231303
1 0.1028462450592885 0.4208491666666666 0.0001 0.0001 0.0077030420670625 0.000447070667395 0.002583975423271 0.0002962817725936 0.0011325846046734 0.0001 0.003044919013653 0.0001 0.8264272410547685 0.1412482404626338 0.5711432782995007 0.003044919013653 0.2222777755559999 0.1595166296875821
1 0.3715671936758893 0.5416583333333334 0.0001 0.0001 0.0248098844940636 0.0003427025976769 0.0162458358918859 0.0002095133432302 0.0109421385233195 0.0009102106953842 0.0243955817798116 0.0063341386208998 0.7611417921723073 0.1988837711820954 0.544583126793297 0.0243955817798116 0.97768224444 0.1273580331731456
1 0.3043869565217391 0.3708591666666667 0.0001 0.0001 0.0533212862581526 0.0084639042500371 0.0572314260164828 0.006467798564432 0.0321101230933733 0.0106327388212377 0.0626795319390314 0.0203609496412486 0.6753380563815397 0.2859251747892636 0.4914628254883277 0.0626795319390314 0.8762567735919999 0.1282730281262697
4 0.1186533596837944 0.3958541666666667 0.0001 0.0001 0.0552220414717964 0.0008355761211448 0.0162458392452522 0.0009467245017546 0.133303404593444 0.1426970797625371 0.1569169310994335 0.0990669485904302 0.8562720176627683 0.276515301901557 0.3226161455558547 0.1569169310994335 0.403243225226 0.2618716570817298
1 0.1897853754940711 0.4375124999999999 0.0001 0.0001 0.0457182551394707 0.0004136467244229 0.0472955225349364 0.0010508963758797 0.0210098379832637 0.0065816857089115 0.0398564061873607 0.0149060796629749 0.727566419852307 0.2271134163105093 0.5332002041094103 0.0398564061873607 0.8754539941799999 0.1228224854014135
5 0.9801411067193676 0.3167033333333333 0.0001 0.0001 0.492396982566794 0.3300298645724431 0.2994189901039136 0.0448268234083077 0.2210730977331711 0.2058935097732051 0.2614615496236999 0.1925790314106303 0.6585503702215395 0.377671520133344 0.3605592154773495 0.2614615496236999 0.312519683564 0.1731142932489549
6 0.8102146245059288 0.2208891666666666 0.0001 0.0001 0.0020007587718674 0.0002371915792567 0.0063099371050523 0.0001981408812104 0.0398545088481644 0.0268369534581114 0.0685693706289442 0.0219194855238196 0.7312970214399976 0.2788677701234837 0.4459311364602191 0.0685693706289442 0.69794020404 0.172770947745761
3 0.2016407114624505 0.724955 0.0001 0.0001 0.0571228137922849 0.0015338117106831 0.0212137856206394 0.00078646192071 0.1343360020925175 0.1086682350773763 0.1208416699519759 0.1730973398918989 0.6137832183199966 0.0989037690648719 0.8557163103941837 0.1635429987973269 0.396478648412 0.922582725045959
4 0.0554249011857707 0.4666733333333333 0.0001 0.0001 0.015306084476262 0.0002194842974618 0.0100358990103913 0.0001854738673677 0.0318519744155995 0.0438513779882607 0.035439028826443 0.0164646148442053 0.9066350778215372 0.1565392987257217 0.4649026748358431 0.0398564061873607 0.61161787196 0.3677878148225963
5 0.9643339920948616 0.4125175 0.0001 0.0001 0.167366965163257 0.0035707066739509 0.0398436116906079 0.001404942164971 0.2378525945097628 0.2123751962113063 0.2945918881131673 0.2019302439006938 0.58207314259692 0.4600080031758353 0.3055417623837438 0.2945918881131673 0.353577610336 0.1638374186739521
4 0.9366715415019764 0.4458441666666667 0.0001 0.0001 0.0115045603634987 0.0002792264663557 0.0174878239388581 0.0001534211578812 0.0349497299721062 0.0454717999623808 0.0413288661911423 0.0180231486227545 0.8954432848098457 0.1706541228778463 0.4535197470296414 0.0442737835482784 0.617040047308 0.3352844175813088
6 0.9406233201581028 0.3416983333333333 0.0001 0.0001 0.1179471380118574 0.0137062835375445 0.0236977612674682 0.0007223556377572 0.1005188556795927 0.0722087534204923 0.1517633346696367 0.0733511317762702 0.6063220319323015 0.4011962446970809 0.3757364468608239 0.1517633346696367 0.57698694953 0.1522827749917718
5 0.9603822134387352 0.5124974999999999 0.3333666566686669 0.0001 0.072328951299766 0.0012379480808665 0.022455788422423 0.0006266789133511 0.3116824096005394 0.2707103668623206 0.3858843712416467 0.2720643095225468 0.4515022297230803 0.561164253165975 0.2751872825424116 0.3858843712416467 0.361312123124 0.1459288354631218
5 0.3083387351778656 0.0709191666666666 0.0001 0.0001 0.1464585346438931 0.0038925521204204 0.0187298117622725 0.0005747421894913 0.435076249471921 0.3898113378441761 0.524295603645835 0.383499529744052 0.3824861884861559 0.6623204608116444 0.1822267936760775 0.524295603645835 0.324590868844 0.1511055040886617
6 0.9129608695652174 0.574985 0.0001 0.0001 0.0001 0.0001 0.0001 0.0001000000114629 0.0001 0.0001 0.0001 0.0001 0.8338884349969222 0.1318383580474214 0.5787318931375188 0.0001 0.0001 0.5110522054750354
3 0.6323845849802372 0.6874625 0.0001 0.0001 0.01340532686766 0.0002530893342545 0.026181736020066 0.00038046083003 0.0907092979274763 0.0738291732070435 0.0781403543587602 0.1201071591595585 0.6883951493476923 0.0930225932169965 0.7893159465687595 0.1134793732461018 0.407752673156 0.9039152771064232
4 0.770696837944664 0.5124974999999999 0.0001 0.0001 0.0191076068783409 0.0003539042228398 0.0174878232681848 0.0003136844961701 0.0424359698371021 0.0543841189970674 0.0472187028932348 0.0258158217235441 0.9029044762338468 0.1647729470299709 0.4554169022331545 0.0516360815793661 0.52997640352 0.3488598029609064
4 0.2530138339920948 0.1792308333333333 0.0001 0.0001 0.0609243447477862 0.0017877154697744 0.0609573825564358 0.0032224636905446 0.1715090381028362 0.1661932031270113 0.2158153246246294 0.1294583786630279 0.7424888060578462 0.3847289565574767 0.263804371810593 0.2158153246246294 0.4321800667 0.2155172111245983
4 0.1147015810276679 0.1875625 0.0001 0.0001 0.0533212862581526 0.0005331305883807 0.0336336535711271 0.0010215139956777 0.1653135297778011 0.1613319218916687 0.2077167922847069 0.1240035128927977 0.753680602427075 0.3741428389726891 0.2694958613252686 0.2077167922847069 0.435972628036 0.217517531015517
5 0.1700264822134387 0.4750049999999999 0.0001 0.0001 0.0172068448219592 0.000312831432578 0.0100358974454871 0.00021752637348 0.1271078962684089 0.1086682350773763 0.164279241057443 0.1053010879126706 0.6660115733969209 0.3400319968241647 0.4136795167823187 0.164279241057443 0.39870971211 0.1578906060775211
3 0.1897853754940711 0.5708191666666667 0.0001 0.0001 0.0267106448397608 0.0003539033759946 0.1491384963337579 0.0242036123096219 0.1113609900209447 0.0876027559765215 0.1120069284822759 0.1333547113560495 0.6343014976738444 0.1612442394040221 0.7342984934751539 0.128940208917966 0.40372735838 0.9999
2 0.7548897233201581 0.1209091666666666 0.0001 0.0001 0.0419167036557556 0.0003090980750402 0.0299076724398215 0.000452581001443 0.8687617904047032 0.8346169921824717 0.9314306558753266 0.8339160028482929 0.320931367212299 0.6376195550675321 0.2846730927087432 0.9314306558753266 0.1858115902519999 0.1300052813848307
1 0.8971537549407115 0.3333666666666666 0.0001 0.0001 0.0248098885997063 0.0002978959357212 0.0249397519971334 0.0003777897910993 0.0184283762973315 0.0033408428544557 0.0413288661911423 0.0086719403407345 0.7238358300159966 0.2459331832581577 0.5066400517494873 0.0413288661911423 0.93972683704 0.1374717536661302
6 0.8457806324110672 0.3042058333333333 0.0001 0.0001 0.0115045634427307 0.0004005721094778 0.0087939216941911 0.0003363544458038 0.1193635126046015 0.0948946523078983 0.164279241057443 0.0951706088840028 0.6268403112861493 0.3753190624975349 0.3966051336102077 0.164279241057443 0.4750049999999999 0.1512080243435263
6 0.3518083003952569 0.5124974999999999 0.0001 0.0001 0.0191076068783409 0.0004435174963437 0.0236977612674682 0.0003697767320021 0.0186865228841215 0.0073918963313767 0.0405926351953414 0.0063341386208998 0.7499500041969216 0.2412282362281868 0.4876685133738633 0.0405926351953414 0.876027049546 0.1634028657272524
3 0.1305086956521739 0.6583016666666667 0.0001 0.0001 0.0286114068961424 0.0006096446682647 0.0361176395016124 0.0007345095759804 0.0894185684784994 0.0778802299653179 0.0648882189629733 0.1263413054952047 0.725701119897846 0.0353870656733702 0.8443333996623651 0.1193692185620823 0.46357653615 0.8455997151337693
5 0.3083387351778656 0.3875225 0.3333666566686669 0.0001 0.0324129583798575 0.0004771221601212 0.0336336625134371 0.0008292000292425 0.4552116497857986 0.435993374679849 0.5169332804356901 0.4076567994541917 0.555958973452301 0.5352870497941938 0.210684087580007 0.5169332804356901 0.254746380536 0.174045854589039
1 0.3676154150197628 0.4833366666666667 0.0001 0.0001 0.0267106499718142 0.0006059382081445 0.0174878239388581 0.0005965579674607 0.0192028153607069 0.0041510538415158 0.0369114855171908 0.0149060796629749 0.7238358300159966 0.2212322457556926 0.5464802819968101 0.0369114855171908 0.915260871212 0.1067216860887791
2 0.9050573122529644 0.0042658333333333 0.0001 0.0001 0.0305121402130248 0.0003743817269418 0.0361176573862324 0.0008036071379252 0.8297817401357628 0.7819533126600755 0.8968278726220333 0.8035246358963479 0.2388582497969081 0.6493818961771654 0.3491762876711477 0.8968278726220333 0.207733594974 0.11344784060955
2 0.9090090909090908 0.1584016666666666 0.0001 0.0001 0.0191076205638168 0.0004883249345741 0.015003906640602 0.0002923168265793 0.8413983051765548 0.7884350428495547 0.923332143413607 0.8043038533411113 0.1996869205353919 0.7234847192706781 0.2694958613252686 0.923332143413607 0.223934184208 0.1224090138954653
4 0.7904557312252964 0.5166633333333334 0.0001 0.0001 0.019107603456972 0.0003987107839806 0.0199718024919377 0.000153421067733 0.0385637752172199 0.0519534842129131 0.0428013268575307 0.0211402175825341 0.9140962675667696 0.1612442394040221 0.4497254468672452 0.0494273945554242 0.5994069146400001 0.3613036772558023
5 0.3043869565217391 0.4875025 0.0001 0.0001 0.0400159929199084 0.0009954324141933 0.0311496676406417 0.0009104796123593 0.348081007941472 0.3112209198612716 0.4256407774290074 0.3008971924911241 0.4682899158830804 0.5858651906684401 0.2182727118089358 0.4256407774290074 0.34026870265 0.1581660914971497
5 0.6679505928853755 0.4583416666666666 0.0001 0.0001 0.0742296722997201 0.0019498008409443 0.0609573892631683 0.0014886154336425 0.225719730719434 0.2091343566382038 0.2688238662077771 0.1956961045784534 0.6473585906399969 0.3917863506371391 0.3491762876711477 0.2688238662077771 0.31346441458 0.1712871231532526
3 0.885298418972332 0.9707391666666668 0.0001 0.0001 0.1160463827982137 0.0023130008654271 0.0671673205557192 0.0011963703779837 0.0855463731616227 0.0754496002854911 0.0619433029310508 0.1201071591595585 0.7368929162670748 0.0389157680062601 0.8272590164902541 0.1134793732461018 0.480153000194 0.8447133714699465
4 0.3755189723320158 0.3375325 0.3333666566686669 0.0001 0.1141456446914147 0.0031020443750564 0.0398436049838754 0.0005701055460737 0.1596343271722487 0.1589013067956345 0.1974095795469103 0.1201071591595585 0.7779294816898447 0.3506181144089522 0.2827759067713404 0.1974095795469103 0.4222385554 0.2286262418012926
4 0.2688209486166008 0.2667133333333333 0.3333666566686669 0.0001 0.0723288965578626 0.0015188766876564 0.0336336714557471 0.0016946196573411 0.1586017296731752 0.1605217192902894 0.19446465688892 0.1185486401091616 0.7965824644467686 0.3412082521073631 0.2789816202684507 0.19446465688892 0.42351649976 0.2354691499063526
6 0.6205292490118577 0.5958141666666666 0.0001 0.0001 0.0324129275875368 0.0011923770201097 0.0050679495051956 0.0003911328337834 0.004488484308489 0.0033408428544557 0.0081985270390682 0.0016585346201579 0.8245619419396918 0.1506581228778463 0.5578632029732585 0.0081985270390682 0.27782224444 0.1986651840701547
6 0.6165774703557312 0.3083716666666666 0.0001 0.0001 0.0419167344480763 0.0013513808827788 0.0050679524114464 0.0002241395112801 0.132012682114413 0.1062375981056531 0.1782676054612105 0.1076388875284836 0.6137832183199966 0.3847289565574767 0.3947079818215713 0.1782676054612105 0.459032655108 0.1483519758747169
2 0.7469861660079051 0.3541958333333333 0.0001 0.0001 0.0134053378160407 0.0002978962381659 0.0212138066350679 0.0004018297472711 0.6330743211936274 0.5542841211846363 0.7665151460534967 0.5666273556780248 0.0877690743569068 0.9210922828071042 0.0646032632599373 0.7665151460534967 0.34296956237 0.1384378576854075
5 0.2016407114624505 0.2958741666666666 0.0001 0.0001 0.1122448997418779 0.0005667366131595 0.029907701502329 0.0004525795374372 0.3129731390495164 0.3031188136366192 0.3520178103702664 0.2806362344337885 0.6660115733969209 0.3929625847481024 0.328307600921764 0.3520178103702664 0.24665572899 0.1800969330373394
0 0.7272272727272727 0.7374525000000001 0.0001 0.0001 0.0609243002699897 0.0012379466694577 0.0448115366044511 0.0009994753715041 0.3498880222000937 0.3282353349119557 0.4116524196513076 0.304793511157334 0.5727466596123012 0.5105861440500815 0.2334499431924103 0.4116524196513076 0.30046971404 0.1741217377049923
6 0.1621229249011857 0.5166633333333334 0.0001 0.0001 0.0134053251569755 0.0002530893140915 0.0100359001281801 0.0002175264600222 0.0168795002615646 0.0098225289279621 0.0339665674974479 0.0055548713809549 0.7797947782867685 0.2177035328366851 0.4952571290656006 0.0339665674974479 0.849665492912 0.1800288715387351
6 0.1739782608695652 0.4166833333333333 0.0001 0.0001 0.0172068335314417 0.0004524517639644 0.022455770537803 0.0006688783398649 0.1123935666101802 0.0892231757630727 0.1576531733595495 0.0865986699459494 0.6380320908676917 0.3753190624975349 0.3852222228783892 0.1576531733595495 0.48989862068 0.158463329740993
4 0.3478565217391304 0.40002 0.3333666566686669 0.0001 0.0495197758308651 0.0020565562681906 0.0423275864432058 0.0020765816572715 0.1317545431945637 0.1451277240261566 0.1517633346696367 0.0975084155132216 0.8842514934769228 0.2588717690648719 0.3226161455558547 0.1524995570515496 0.3946770088119999 0.2831391885446456
2 0.9564304347826088 0.125075 0.0001 0.0001 0.0343136896439185 0.0004584565015593 0.0063099565545766 0.0002095133720776 0.9425916403452096 0.9367035408217466 0.9667696615105328 0.9211940164803112 0.4925388052184618 0.4705941207606228 0.3795307504380968 0.9667696615105328 0.119608503518 0.1300042743096356
0 0.5849632411067194 0.7124575000000001 0.3333666566686669 0.0001 0.1065426409436846 0.0033349313509359 0.1565904250627064 0.0041739687352085 0.2778652562176687 0.2715205694636999 0.313733862198867 0.2455692051295649 0.7014522423138448 0.3694378919427183 0.3302047697847836 0.313733862198867 0.247840451998 0.1974696011830799
4 0.1107498023715415 0.4750049999999999 0.0001 0.0001 0.0134053189985114 0.0001634761010766 0.0150038507511645 0.0002282105724739 0.040887092407346 0.0527636962937576 0.0457462448772736 0.0242572865423137 0.9029044762338468 0.1647729470299709 0.4554169022331545 0.04869116422223 0.52975594762 0.3525599701090654
4 0.0435695652173913 0.1875625 0.6666333133373338 0.0001 0.0419167344480763 0.0003090973088469 0.0299077059734841 0.0008372112421058 0.1384663363292435 0.1418868771611578 0.1686966151053268 0.1029632882968577 0.8133701522855374 0.3094498993530005 0.3131303866126727 0.1686966151053268 0.422704422208 0.238770711656902
3 0.098894466403162 0.8332666666666667 0.0001 0.0001 0.0571228137922849 0.0015786186952465 0.0373596302312776 0.0014141594878406 0.1142005948086939 0.1005661288527239 0.09728232844446 0.1450437304753318 0.7033175439470745 0.0777315360125203 0.7988017225863248 0.1370387412578885 0.333888768892 0.8868648058847789
3 0.3478565217391304 0.874925 0.0001 0.0001 0.0476190103531145 0.0015972877008634 0.0323916762549269 0.0012432127222258 0.0981955357014883 0.0778802299653179 0.0825577350327118 0.1341339708812479 0.6622809802030731 0.080084004234447 0.8367447925078195 0.1267315086418887 0.446022337692 0.8999866432010379
6 0.1305086956521739 0.3416983333333333 0.0001 0.0001 0.0191076082468885 0.0003743831988395 0.0087939082807261 0.0003810326360816 0.1033584604673419 0.0762598101787667 0.1554444797095399 0.0741303913014687 0.6137832183199966 0.4059011917270517 0.3605592154773495 0.1554444797095399 0.5591669342460001 0.158121528419765
2 0.1542193675889328 0.1917283333333333 0.0001 0.0001 0.0400159279138981 0.0008285403091522 0.0311497257656567 0.0006772826707409 0.8612755805104751 0.8184127943169595 0.9211234100071912 0.8378123355413145 0.2631071055569172 0.6223284586944208 0.3681478397062783 0.9211234100071912 0.19254980234 0.1122413645257813
0 0.7074683794466403 0.7291208333333333 0.3333666566686669 0.0001 0.0514205789436744 0.0019127985433566 0.0435695548170959 0.0013848586015579 0.3460158408231089 0.3282353349119557 0.4064988099693754 0.2985593928753112 0.600726125353844 0.5035286970398312 0.2163755600202994 0.4064988099693754 0.306199987756 0.1823956996623356
6 0.9485268774703556 0.5583216666666667 0.0001 0.0001 0.0001 0.0001 0.0001 0.0001000000114629 0.0001 0.0001 0.0001 0.0001 0.8338884349969222 0.1318383580474214 0.5787318931375188 0.0001 0.0001 0.5110522054750354
3 0.916912648221344 0.8332666666666667 0.3333666566686669 0.0001 0.0913365068575725 0.0062385084940241 0.0373596235245451 0.0013500542073351 0.1077469475638094 0.0908436028415203 0.1009634734843632 0.1310169187536424 0.6827992595569209 0.1247809459713591 0.7437842694927191 0.1237866058621015 0.335454385706 0.9398924342074172
6 0.3755189723320158 0.3458641666666666 0.0001 0.0001 0.0248098998902239 0.0003875093705289 0.0100359048228928 0.0004098428929106 0.1410477882572514 0.1167703413020287 0.1907835118490168 0.111535227234911 0.6212444047076916 0.40354870233289 0.3567649119000766 0.1907835118490168 0.45155544085 0.1611115346741136
0 0.7904557312252964 0.7166233333333334 0.0001 0.0001 0.064725827804122 0.0020324083755428 0.0522634899247521 0.0013900961364233 0.3669256788063727 0.3460599598559154 0.4315306558753265 0.3180410563404191 0.5727466596123012 0.5282296345422963 0.2049925980653313 0.4315306558753265 0.30375895606 0.1783966712008105
6 0.557300790513834 0.4166833333333333 0.0001 0.0001 0.0381152171780509 0.000559131126362 0.0125198701860652 0.0003482787514707 0.2004214056397027 0.179156561419421 0.2379022147422517 0.1808900263181597 0.6231097180923016 0.3588517743579308 0.4269595963771568 0.2379022147422517 0.315520623256 0.1413436220996832
5 0.7509379446640316 0.45001 0.0001 0.0001 0.0381151966498371 0.0014044052905542 0.0212138200485329 0.0006569006088038 0.2778652562176687 0.2642286731323231 0.3196236942627121 0.2463484646547633 0.6510891838338445 0.3976675211919557 0.3358962251506928 0.3196236942627121 0.27176290655 0.1743534321382191
5 0.1423640316205533 0.2792108333333333 0.0001 0.0001 0.0343137101721323 0.0002792260731776 0.0572314461366803 0.0021727385683706 0.3054869012755043 0.2998779521878278 0.3439192979085472 0.2697264818531104 0.6977216491199973 0.3882576377181315 0.3036446276694905 0.3439192979085472 0.258964656712 0.194482767215596
0 0.794407509881423 0.7582816666666666 0.0001 0.0001 0.0381152411276336 0.0008564218214565 0.0758612198941354 0.0018951999919376 0.2907725716172756 0.2763818579909389 0.3358207721946924 0.2564789577102428 0.6417626840615394 0.4164873093118393 0.3150275213269258 0.3358207721946924 0.27843097267 0.1765358144398311
5 0.0119553359683794 0.4791708333333333 0.0001 0.0001 0.0400159929199084 0.0008505121119946 0.0212137923273719 0.0005300403010703 0.4030661451974019 0.3817092316195237 0.4668696283801941 0.3554459063006732 0.5578242532615386 0.5329346027445023 0.2125812222942601 0.4668696283801941 0.280782172336 0.1743485813926959
3 0.1028462450592885 0.9874025 0.3333666566686669 0.0001 0.0552220517359033 0.0007522013850907 0.0708932882735597 0.00134216963458 0.1067143570346818 0.1078580251841006 0.0855026510646344 0.1278998315590075 0.8077742557796916 0.0553830635561466 0.7286070381092445 0.1208416699519759 0.312264894532 0.8104073045939958
4 0.3715671936758893 0.1917283333333333 0.0001 0.0001 0.0628250760118472 0.0035389080386932 0.0472955158282039 0.0013393692727324 0.1833837699432616 0.1799667713126967 0.2283312376385033 0.1388095911530914 0.7518153007938454 0.3906101271122934 0.2448328539242288 0.2283312376385033 0.42570581181 0.2191653242343794
3 0.3676154150197628 0.8874225 0.0001 0.0001 0.0476190069317455 0.0019557410569976 0.0212137820437154 0.000497987393979 0.0938070555749668 0.0730189633137679 0.0788765833667409 0.1294583786630279 0.6604156836061496 0.0824364777494324 0.834847640719183 0.1223141412200726 0.457651411412 0.9018155588937448
3 0.106798023715415 0.6291408333333334 0.3333666566686669 0.0001 0.0400159689703257 0.0007286916508153 0.0323916717837719 0.0010575652468664 0.1751230805599715 0.1435073042396054 0.1731139825271429 0.2073851026575182 0.5596895498584624 0.163596710801784 0.8063903297408703 0.1959371082788136 0.3351597046539999 0.9758237861716194
6 0.8734430830039526 0.5583216666666667 0.0001 0.0001 0.0001 0.0001 0.0001 0.0001000000114629 0.0001 0.0001 0.0001 0.0001 0.8338884349969222 0.1318383580474214 0.5787318931375188 0.0001 0.0001 0.5110522054750354
4 0.0712320158102766 0.2167233333333333 0.0001 0.0001 0.0438174896617201 0.0016869004602112 0.0472955314772464 0.0023330019138714 0.1459525741032556 0.1435073042396054 0.1841574441511233 0.1076388875284836 0.7704682885870752 0.3494418802979889 0.2922616657145225 0.1841574441511233 0.447260380034 0.2212108953707327
1 0.21349604743083 0.4041858333333333 0.0001 0.0001 0.2186874756795521 0.0227908288856998 0.0758612400143329 0.0073893144958466 0.0605062009416328 0.0373696915501595 0.0936011767784891 0.0476353058446825 0.6548197770276919 0.3047449523230297 0.4819770580079541 0.0936011767784891 0.70544080362 0.1291100418901176
1 0.2648691699604743 0.4083516666666666 0.0001 0.0001 0.0514205344658778 0.003359682015923 0.0249397475259784 0.0014675805549285 0.0137817460990471 0.0025306321590715 0.0317578784856857 0.0055548713809549 0.7518153007938454 0.2212322457556926 0.5180229744333741 0.0317578784856857 0.96904197284 0.1507658511945167
3 0.1739782608695652 0.724955 0.3333666566686669 0.0001 0.0742296483501374 0.0038525541078193 0.0435695570526734 0.0020365160011926 0.1302056539158994 0.107047815290825 0.1134793732461018 0.1699802667240758 0.6324362010769206 0.0824364777494324 0.8633049346231124 0.1605980761393367 0.400891605644 0.9074750529370048
6 0.8457806324110672 0.5916483333333333 0.0001 0.5 0.6729692068546056 0.0082100210571872 0.0249397542327109 0.0029099509529098 0.0581828809635284 0.0389901149826589 0.0891838027306052 0.0437389703462986 0.6827992595569209 0.2941588241521245 0.4705941302017523 0.0891838027306052 0.76952278466 0.1512091824800007
4 0.098894466403162 0.2333866666666666 0.3333666566686669 0.0001 0.0343136896439185 0.0009961339448173 0.05474745573504 0.0023971078434435 0.1394989198884251 0.1426970797625371 0.1716415377633171 0.1021840147448475 0.8115048523310763 0.3188597616545896 0.2998502899434513 0.1716415377633171 0.43695181216 0.2386044267575991
0 0.885298418972332 0.7082916666666667 0.0001 0.0001 0.0400159689703257 0.0009698431707952 0.0410855733577656 0.0010585705789333 0.3857703357313815 0.3574029202374629 0.4558262263908231 0.338302000370943 0.5149223979569195 0.5588117531856955 0.2144783740828966 0.4558262263908231 0.300046418716 0.1664329871435405
2 0.3636636363636363 0.1459041666666666 0.0001 0.0001 0.0723289273501832 0.0017429106023242 0.0398436183973404 0.0014034757071341 0.8785713620967115 0.845959974439708 0.9343755454029784 0.8495014037544378 0.3283925703876802 0.6070374258380151 0.3264104491331276 0.9343755454029784 0.1772595110099999 0.1242621161774421
2 0.7390826086956521 0.1292408333333333 0.0001 0.0001 0.0267106756320814 0.0006487656919746 0.0373596525870526 0.001012232920043 0.75930784949211 0.6976913962566564 0.8364569746984022 0.735728320796467 0.1661115482153915 0.6811402489315279 0.3719421432835511 0.8364569746984022 0.24198566319 0.1064785781366741
3 0.3992296442687747 0.7999400000000001 0.0001 0.0001 0.0229091207269974 0.0008663112599302 0.0299076947955965 0.0007450476051728 0.0682505846054402 0.0543841189970674 0.0428013268575307 0.1084181610804938 0.7163746318769212 0.0259771821995459 0.868996407063405 0.1024359381263922 0.59180783476 0.8441902126906616
2 0.7232754940711463 0.1375725 0.0001 0.0001 0.0172068875890713 0.0002232180683407 0.022455775008958 0.0006448964102485 0.6901246534477042 0.6199111881670275 0.8047990809727609 0.6352028952360749 0.128805616276916 0.8446369703194295 0.1461808413944528 0.8047990809727609 0.300058666266 0.1326367520851256
5 0.1581711462450593 0.5791508333333334 0.0001 0.0001 0.0609243447477862 0.0020565552600415 0.0485375132646016 0.0011817773411785 0.1446618376843327 0.1183907683804762 0.193728414628804 0.1177693735705573 0.6063220319323015 0.4011962446970809 0.3757364468608239 0.193728414628804 0.441584355466 0.1527221786839947
6 0.9050573122529644 0.425015 0.0001 0.0001 0.038115206913944 0.0006059383089594 0.0125198849408767 0.0004925636130546 0.1505992001195724 0.1321643365661615 0.184893673159104 0.1317961852922467 0.6585503702215395 0.3317983686335389 0.4345482035317025 0.184893673159104 0.35011208358 0.1478953008428975
5 0.1305086956521739 0.4375124999999999 0.0001 0.0001 0.1977791033234605 0.0045412828514626 0.011277858889087 0.0003011298602786 0.4252667056596966 0.3825194415127994 0.506626034567555 0.3796031760108129 0.4030045014153759 0.6223284586944208 0.2258613189634815 0.506626034567555 0.313271983074 0.148204154020658
3 0.5691561264822135 0.9874025 0.0001 0.0001 0.0704281310801119 0.0018320956040142 0.0472955225349364 0.001093115707103 0.1875141111499337 0.1694340281163211 0.1664879148292495 0.2268668082030613 0.6492238872369207 0.0753790624975349 0.8576134963315865 0.2143428732347358 0.29171676498 0.8945965082033029
0 0.5691561264822135 0.724955 0.3333666566686669 0.0001 0.0951379899139083 0.0023758935405453 0.0497794816384918 0.0015072178991606 0.3922240038861039 0.3638846139674604 0.4631885164706295 0.3437568871813908 0.513057118147682 0.5646929554988651 0.2068897498539678 0.4631885164706295 0.302322173474 0.1667909855908235
2 0.098894466403162 0.3292008333333333 0.0001 0.0001 0.0210083942528529 0.000477124579679 0.0286657599553689 0.0003056714587084 0.7884783629187719 0.7706103595704243 0.850445398736779 0.7388454360447253 0.4589634328984615 0.6152710752008761 0.1803296077386747 0.850445398736779 0.181853052118 0.1621982863017677
4 0.0830873517786561 0.4375124999999999 0.0001 0.0001 0.0134053189985114 0.0002082826823804 0.0075519231400047 0.0001961580331871 0.0393382142805953 0.0495228523455174 0.0464824738852542 0.0219194855238196 0.8917126865796924 0.1753590624975349 0.4497254468672452 0.04869116422223 0.575381760632 0.3264849134333855
5 0.3873743083003952 0.3833566666666667 0.0001 0.0001 0.0343136896439185 0.0005032606633052 0.0187298698872875 0.0004125138452991 0.4492742664407209 0.4254606096077845 0.5176695359479415 0.3990848745429501 0.5261141775384621 0.5658691790237107 0.1917125526192596 0.5176695359479415 0.2716136864 0.171570346267297
6 0.8655395256916996 0.2083916666666666 0.0001 0.0001 0.0096038020706228 0.0002371917203976 0.0125198759985667 0.0002962817076869 0.0481151842915626 0.0333186369794541 0.0796128123747215 0.0289328899819831 0.7163746318769212 0.2941588241521245 0.4364453723947221 0.0796128123747215 0.65586107155 0.1687374437433892
1 0.4308438735177866 0.3375325 0.3333666566686669 0.0001 0.0647258517537048 0.0041624675049489 0.0510214924883545 0.0026455159496394 0.0519873775174555 0.0235961109682504 0.0840301930486731 0.0452975062288696 0.6212444047076916 0.2976875370711321 0.527508743621186 0.0840301930486731 0.7589606975 0.0994646015251343
2 0.4110849802371542 0.2125574999999999 0.0001 0.0001 0.028611451373939 0.0002680243371182 0.0261817650825735 0.000700987989802 0.8816690848944722 0.8573029566969446 0.9299582111115006 0.8526184769222609 0.3843514850830797 0.5717503707507626 0.3264104491331276 0.9299582111115006 0.162292834944 0.129131492591774
6 0.6679505928853755 0.3208691666666667 0.0001 0.0001 0.0248098803884208 0.000492856947819 0.0187298117622725 0.0004313614272181 0.155762131855372 0.1329745464594371 0.19446465688892 0.1364717845238726 0.6268403112861493 0.3541468273279598 0.4307538999544296 0.19446465688892 0.37863937698 0.1403998751497379
5 0.5770596837944664 0.0959141666666666 0.0001 0.0001 0.157863120667659 0.0042887304154082 0.0174878433883824 0.0006620643664307 0.331817809914417 0.2998779521878278 0.3976640618736077 0.2923252535530708 0.5074611947815382 0.525877155734252 0.2751872825424116 0.3976640618736077 0.31757869156 0.1547364633509525
0 0.6284328063241107 0.7332866666666666 0.3333666566686669 0.0001 0.0894357721721425 0.0020527539330922 0.1143628408550782 0.0026516617450536 0.3449832433240354 0.3258047125240252 0.4035539071895883 0.3008971924911241 0.5913996255815389 0.4941188029798893 0.2410385161981897 0.4035539071895883 0.29738133184 0.1769337434186012
6 0.8734430830039526 0.2125574999999999 0.0001 0.0001 0.0096038041234442 0.0003529690032573 0.0150038507511645 0.0005022578556485 0.0447592828452605 0.0300777952187827 0.0759316673348183 0.0258158217235441 0.718239928473845 0.2918063559301979 0.4383425241833584 0.0759316673348183 0.680771908386 0.1696281513997241
0 0.4071332015810276 0.74995 0.0001 0.0001 0.1103441034718066 0.0020899908269726 0.0845551550017916 0.0021938775140984 0.4397228894281298 0.4035849206136541 0.5250317928974094 0.383499529744052 0.4440410769107574 0.6446769279749592 0.1480780273318556 0.5250317928974094 0.311624602616 0.1642914081719179
0 0.3873743083003952 0.7207891666666667 0.0001 0.0001 0.0628250760118472 0.0034044902102653 0.1777041802794919 0.045788411991297 0.2197823682841942 0.2026526847838953 0.2570441954540191 0.1964753641036519 0.6454932940430731 0.3623804872769383 0.3985023024732274 0.2570441954540191 0.280493630056 0.1446237331485764
4 0.5335901185770752 0.5333266666666666 0.0001 0.0001 0.0229091275697353 0.0002792264663557 0.0174878210326073 0.0002495790353683 0.0372730464652377 0.0479024296422077 0.0428013268575307 0.0211402175825341 0.8954432848098457 0.1671254163105093 0.4592112109327422 0.0457462448772736 0.56678554022 0.3423778524257445
2 0.2451102766798419 0.0084316666666666 0.0001 0.0001 0.0400159689703257 0.0011193556727393 0.0212138066350679 0.0005941464974809 0.9885416366085712 0.9999 0.986647864604213 0.9780804527582088 0.5969955321599965 0.3564992849637688 0.4573140591441058 0.986647864604213 0.079889798848 0.1289063105781424
4 0.0198588932806324 0.3292008333333333 0.0001 0.0001 0.0666266274955623 0.0007011554698995 0.0299077059734841 0.0014141606417368 0.1263334585990227 0.1370256178015041 0.1466097117355691 0.0943913493588043 0.8674638073169226 0.2588717690648719 0.3396905287279656 0.1466097117355691 0.388482527956 0.2717233533935276
1 0.0198588932806324 0.2917083333333333 0.0001 0.5 0.1407562758456997 0.0089119740956707 0.1280247299390851 0.0206591201091087 0.087095255470341 0.0560045373252393 0.1252590638780628 0.0764681979306875 0.5913996255815389 0.3353270497941938 0.4971542859765519 0.1252590638780628 0.6281301688400001 0.1101421162815274
0 0.2609173913043478 0.7624475 0.0001 0.0001 0.1274509038159693 0.0016091078456545 0.1441705557708723 0.0029592520336049 0.4100360911918231 0.3776582040288347 0.480858052418571 0.3655763642891234 0.4794817458276815 0.5682216260734022 0.2353470949810467 0.480858052418571 0.286833461836 0.1564037938286005
0 0.5059276679841896 0.7374525000000001 0.0001 0.0001 0.125550196501491 0.0021274701807085 0.1031849533505991 0.0018362905617971 0.4257829974392874 0.3922419966915883 0.5036811450399031 0.3749275697657811 0.4664246192861567 0.6058612023131693 0.1879182148932204 0.5036811450399031 0.300170103974 0.1620846378659971
2 0.320194071146245 0.1667333333333333 0.0001 0.0001 0.0210083518278778 0.0005466619251069 0.0137618533147668 0.0006357446791663 0.8586941216125213 0.8151719839114424 0.9203871876252784 0.8339160028482929 0.259376545938442 0.6305621080572816 0.358662063688713 0.9203871876252784 0.195261329926 0.1135096078881848
1 0.8102146245059288 0.2875425 0.0001 0.0001 0.1673669309495674 0.0150504769440599 0.0857971367891467 0.0261508078250658 0.0700576058340079 0.0479024296422077 0.1002272444763826 0.0593243200545808 0.6585503702215395 0.2929825900411612 0.4971542859765519 0.1002272444763826 0.59774589691 0.1205996186769572
4 0.2609173913043478 0.4458441666666667 0.0001 0.0001 0.038115206913944 0.0004883249345741 0.051021485781622 0.0031904112666473 0.1472432965822865 0.1475583391221907 0.1812125214931331 0.1107559606963067 0.7891212713439991 0.3294458792393772 0.3055417623837438 0.1812125214931331 0.416900653194 0.2390161862357156
2 0.9761893280632412 0.0084316666666666 0.0001 0.0001 0.0267106756320814 0.0003090980044698 0.0249397698817534 0.0003136825850295 0.7257488489689807 0.6434072823639163 0.8511815548580149 0.6710491419850618 0.0336753723200003 0.9046249417369122 0.1461808413944528 0.8511815548580149 0.313196388196 0.1271752322406424
6 0.6284328063241107 0.125075 0.0001 0.0001 0.0286114068961424 0.0009162618211379 0.0050679506229844 0.000224139468009 0.0050047767850744 0.0041510538415158 0.0081985270390682 0.0024378020003709 0.8264272410547685 0.1483056525386961 0.5597603547618948 0.0081985270390682 0.5370295925999999 0.2013563575449344
0 0.5493972332015811 0.7374525000000001 0.0001 0.0001 0.0685273792878371 0.0022253645823653 0.0684092911651868 0.0019016266168401 0.4299133456159054 0.3971032341755529 0.507362323210145 0.3788239164856143 0.4701552460553765 0.6046849576160885 0.1860210801789671 0.507362323210145 0.295665045166 0.1629351800066328
4 0.2411584980237154 0.4666733333333333 0.0001 0.0001 0.0153060834498513 0.0003090975810472 0.011277887504479 0.000188144865912 0.0406289465175506 0.0551943259735844 0.0442737835482784 0.0226987527637645 0.9215574640270764 0.1588917701234836 0.4459311364602191 0.0501636209129777 0.57339801746 0.370464899315396
1 0.7983592885375494 0.3416983333333333 0.0001 0.0001 0.0913365068575725 0.0065969600354899 0.0771032240372655 0.0085191699926378 0.0473407445311927 0.0235961109682504 0.0788765833667409 0.0367255644854539 0.6548197770276919 0.2941588241521245 0.499051441180065 0.0788765833667409 0.76013906178 0.119507076366931
2 0.5493972332015811 0.0584216666666666 0.0001 0.0001 0.0343136468768065 0.0015786217196938 0.0249397408192459 0.0001854731094021 0.8922530872859207 0.8589233618997032 0.9432103465072876 0.8689830321525165 0.3190660706153752 0.5870414141932858 0.3681478397062783 0.9432103465072876 0.172569139272 0.1158504199025779
5 0.5059276679841896 0.6083116666666666 0.0001 0.0001 0.0837334620534147 0.0036695943040887 0.0497794950519568 0.0013393696333249 0.1614413414308703 0.1329745464594371 0.2121341663325908 0.1349132374198523 0.5858037357907676 0.4129585858067142 0.3776335986494604 0.2121341663325908 0.430252912208 0.1469327551559763
4 0.1502675889328063 0.4166833333333333 0.0001 0.0001 0.0248098885997063 0.0004771225230549 0.0199718002563602 0.0004098424169284 0.0421778218563229 0.0511432743196375 0.0508998512461719 0.0242572865423137 0.8823861935224617 0.1835927118603958 0.4459311364602191 0.052372312575167 0.5629062562320001 0.3137036521635337
2 0.1581711462450593 0.3416983333333333 0.0001 0.0001 0.0248098143559998 0.0002530885983057 0.0236977433828482 0.0011069846019223 0.7827991115235977 0.7576469794023256 0.8482366653303632 0.7365076153886947 0.4104657045907571 0.6305621080572816 0.2049925980653313 0.8482366653303632 0.1883755373599999 0.1516238456915965
5 0.3755189723320158 0.4666733333333333 0.0001 0.0001 0.0438174896617201 0.0002530897576771 0.0410855890068081 0.0015984623135309 0.1508573529793138 0.1078580251841006 0.2268587464922036 0.111535227234911 0.4888082288123004 0.5317583792196565 0.2846730927087432 0.2268587464922036 0.5595342907599999 0.1502240447395354
1 0.0001 0.2917083333333333 0.0001 0.0001 0.4163665687389059 0.2697350585932458 0.2062699201146633 0.1482047123738988 0.1487921858609507 0.1021865486392751 0.2025631759767071 0.1364717845238726 0.464559339476919 0.424720937502465 0.4819770580079541 0.2025631759767071 0.59526314356 0.101775335560366
3 0.7232754940711463 0.774945 0.0001 0.0001 0.1046418207240305 0.0033817219696438 0.1019429693276665 0.002080404515392 0.0834812060432596 0.0649168570891155 0.0634157543209443 0.1224449728021832 0.6790686663630734 0.0553830635561466 0.8595106481202228 0.1156880735221791 0.515183932606 0.8743146348030366
2 0.2846280632411067 0.0834166666666666 0.0001 0.0001 0.0191076205638168 0.0005591314590512 0.0199718091986702 0.0003482790543685 0.884250543792426 0.842719164034191 0.9483639031806782 0.854956220430827 0.2649723853661548 0.6482056726523195 0.3245132973444911 0.9483639031806782 0.192517138874 0.1191604410847664
0 0.7786003952569169 0.724955 0.0001 0.0001 0.0457182961958983 0.0013392891426235 0.0559894375223951 0.0012947419764889 0.350146161119943 0.3314761671931618 0.4064988099693754 0.3079105983519689 0.593264938966149 0.4847089300921827 0.254318612867411 0.4064988099693754 0.285597329112 0.1741561461074927
1 0.8536841897233202 0.4333466666666666 0.0001 0.0001 0.0400159689703257 0.0004472514486894 0.0125198737629892 0.0003777898776416 0.0132654529254671 0.0017204213907684 0.0310216514655253 0.0055548713809549 0.7499500041969216 0.2200560010586117 0.5218172831329618 0.0310216514655253 0.9628704074 0.1390044214056024
2 0.5968185770750988 0.0292608333333333 0.0001 0.0001 0.0267106345756539 0.0005591331729047 0.0125199128855954 0.000296280928807 0.7815084169243507 0.7090343493463075 0.8644336902538019 0.762223418176043 0.0840384308000007 0.7140748252107364 0.4022966060505001 0.8644336902538019 0.25471746632 0.0989939617172757
4 0.3478565217391304 0.1750649999999999 0.0001 0.0001 0.0723288862937557 0.0018325229584123 0.0634413617801887 0.0022715681194314 0.1888048336289646 0.1661932031270113 0.2540992794220966 0.1411473767420926 0.6175138115138441 0.4894139088805064 0.2220669812374423 0.2540992794220966 0.47477764548 0.1858538616057282
5 0.0870391304347826 0.0584216666666666 0.0001 0.0001 0.0381151521720405 0.0008564195027136 0.0137618533147668 0.0005665562046243 0.4910939424072484 0.4424750538260539 0.5898200251125182 0.432593370769965 0.3414496297784604 0.7211322510487516 0.1291064582223419 0.5898200251125182 0.31822696188 0.1534700662930733
1 0.1621229249011857 0.5291608333333333 0.0001 0.0001 0.0153060861869465 0.0012948437811378 0.0100359001281801 0.0009547380224104 0.0021651692093468 0.0009102106953842 0.0045173786861312 0.0008792673100789 0.8245619419396918 0.1436007118603958 0.5692461239497069 0.0045173786861312 0.092674071482 0.1595166296875821
5 0.7074683794466403 0.4375124999999999 0.0001 0.0001 0.1008403479318016 0.0017244336491084 0.029907692560019 0.0006888453092786 0.2313989402949323 0.2123751962113063 0.2761861629136512 0.2019302439006938 0.628705607883073 0.4011962446970809 0.3529706083228037 0.2761861629136512 0.309498627896 0.1639279883031677
4 0.1265569169960474 0.3875225 0.3333666566686669 0.0001 0.0533213067863664 0.0010708098362256 0.0684093291700044 0.0037353088914477 0.140789642367456 0.1475583391221907 0.1650154700654236 0.1084181610804938 0.8357537334404916 0.2812202383454103 0.3358962251506928 0.1650154700654236 0.380390486688 0.2499887908088691
0 0.3992296442687747 0.6999599999999999 0.3333666566686669 0.0001 0.06282509996143 0.0016436357421219 0.05474745573504 0.0014570431026842 0.3429180762056724 0.3274251323105764 0.3961916171097819 0.3008971924911241 0.6175138115138441 0.4682416631248137 0.2562157475816642 0.3961916171097819 0.282730292634 0.1803290470852309
3 0.7825521739130435 0.8707591666666666 0.0001 0.0001 0.0400159723916946 0.0009401237422155 0.0199717989150137 0.0004418950283337 0.0463081602750165 0.0389901149826589 0.0332303384894673 0.0671169854406239 0.7686029903113826 0.080084004234447 0.7286070381092445 0.0634157543209443 0.5038993199799999 0.8519248187426652
4 0.1621229249011857 0.20006 0.0001 0.0001 0.0628250862759541 0.0036285220078199 0.0460535318052713 0.0007223559767142 0.1521480893982367 0.1516094104642577 0.1907835118490168 0.111535227234911 0.7816600765624608 0.352970603803114 0.2751872825424116 0.1907835118490168 0.44515312157 0.228934859994841
3 0.2451102766798419 0.8707591666666666 0.0001 0.0001 0.1046418446736132 0.0154873386922134 0.0820711757780387 0.0044912166301493 0.0571502974043469 0.0479024296422077 0.0428013268575307 0.0811437971623134 0.7518153007938454 0.0765552987257217 0.7513728766472648 0.0766678897167313 0.486719936544 0.8623787292365657
3 0.2925316205533597 0.9540758333333332 0.0001 0.0001 0.0837334620534147 0.0020671587705138 0.0472955314772464 0.0010814083483459 0.1475014494420278 0.1240622376334055 0.1186329961801694 0.2003716967966735 0.6249749979015393 0.0283296504214726 0.9581626094268494 0.1893110405809201 0.41723410649 0.8762045624679823
5 0.6481916996047431 0.3541958333333333 0.0001 0.0001 0.0818327410534606 0.001686905097697 0.0386016075474777 0.000978780603696 0.4673445484258575 0.4449056762139844 0.5316578605953028 0.4201250921254842 0.529844804307682 0.5505781355811874 0.2125812222942601 0.5316578605953028 0.254644210974 0.1692615928132825
5 0.4110849802371542 0.2417183333333333 0.0001 0.0001 0.085634265166224 0.0016436357421219 0.0410855733577656 0.0011615559592876 0.4151990159576767 0.3898113378441761 0.4852753867100486 0.364797104763925 0.5261141775384621 0.5658691790237107 0.1917125526192596 0.4852753867100486 0.289694599494 0.1715232655019247
0 0.3399529644268774 0.7707791666666667 0.3333666566686669 0.0001 0.0457182106616742 0.0009763112133847 0.0497794950519568 0.0013035764221746 0.4293970538363146 0.4011542982257237 0.5014724778941644 0.3796031760108129 0.5018652882030807 0.5788077436581898 0.1955068391221492 0.5014724778941644 0.287568714756 0.1671802872920886
0 0.2530138339920948 0.6874625 0.0001 0.0001 0.0989395379762544 0.0015826863751847 0.0336336625134371 0.0009430980223441 0.3467902715225491 0.3298557401147142 0.4042901295715012 0.3016764520163226 0.6063220319323015 0.4894139088805064 0.2334499431924103 0.4042901295715012 0.2948280426 0.1811170666408356
6 0.794407509881423 0.4916683333333333 0.0001 0.0001 0.0077030430934732 0.000648766931998 0.0771032307439981 0.0028437351241305 0.0161050618951839 0.0179246351526145 0.0170332844113307 0.0133475437804039 0.8413496289390762 0.1400720052930588 0.5578632029732585 0.0177695140819181 0.096641527832 0.326187843035408
3 0.2016407114624505 0.6624675 0.0001 0.0001 0.0191076082468885 0.0005591313582363 0.0212137856206394 0.0003810333212074 0.1774464075080219 0.1467481292289151 0.1679603860973462 0.2167363221609876 0.5652854564369199 0.1283096521152514 0.8576134963315865 0.2047718762527844 0.3491418576639999 0.9481250557280002
2 0.7825521739130435 0.0584216666666666 0.0001 0.0001 0.0343136896439185 0.0009513215162489 0.0286656750034239 0.0006582515327834 0.7223929245218568 0.6498890125533956 0.8408743421202184 0.6655942621880199 0.1026914135569247 0.8705141419328581 0.1310036441597446 0.8408743421202184 0.297568314436 0.1330464134899189
4 0.3518083003952569 0.375025 0.3333666566686669 0.0001 0.030512182638 0.0004883237046322 0.0386016142542103 0.0014595685487615 0.1400152116680158 0.148368563599259 0.1657516924473365 0.1045218213740663 0.8469455246055377 0.2882776535973079 0.3131303866126727 0.1657516924473365 0.40405684247 0.2559055254261388
1 0.2253513833992095 0.4708391666666666 0.3333666566686669 0.0001 0.038115206913944 0.0012500369982043 0.0125198759985667 0.0004418951581471 0.0081025309475919 0.0009102106953842 0.0185057430898988 0.0039963369010651 0.7816600765624608 0.1835927118603958 0.5483774337854463 0.0185057430898988 0.9840301746 0.1449316296049015
4 0.3676154150197628 0.2333866666666666 0.0001 0.0001 0.0875349861661781 0.0034903694910974 0.0348756532431022 0.0009547379502918 0.1655716756675964 0.1670034130202869 0.2040356472448037 0.1232242323273816 0.7909865696196915 0.3553230508528056 0.2619072370963398 0.2040356472448037 0.4299107906459999 0.2307209414225818
3 0.8694913043478261 0.7666133333333334 0.0001 0.0001 0.0419167344480763 0.0015204477871944 0.065925343239519 0.001200754318133 0.1028421686877511 0.0851721262966947 0.0825577350327118 0.1411473767420926 0.6790686663630734 0.0589117690648719 0.8538191586055471 0.1333575763397822 0.43450125237 0.8792664906758498
6 0.0633284584980237 0.3458641666666666 0.0001 0.0001 0.0590235792700356 0.0032999387985541 0.0236977657386232 0.0007864626707426 0.1397570657782204 0.1151499215154774 0.1900472695889008 0.1099766941577024 0.6193791081107679 0.4059011917270517 0.3548677601114401 0.1900472695889008 0.4577802856319999 0.1612186706902892
5 0.4624581027667984 0.0417583333333333 0.0001 0.0001 0.1654662031068754 0.0047113559894824 0.0286657174793964 0.0008665053492483 0.4593419700826327 0.4327525059391613 0.5250317928974094 0.4146702053150364 0.5037306183753768 0.5552830614389231 0.2315527572550075 0.5250317928974094 0.25710828806 0.1632490517757825
1 0.2648691699604743 0.40002 0.3333666566686669 0.0001 0.038115206913944 0.0032663345682806 0.0249397475259784 0.0019483709520235 0.012491015256081 0.0017204213907684 0.0302854178192973 0.0039963369010651 0.755545902381536 0.2200560010586117 0.5161258209372993 0.0302854178192973 0.9813852037 0.1507658511945167
5 0.7035166007905139 0.2417183333333333 0.0001 0.0001 0.0248098803884208 0.0005946520799251 0.0212137775725603 0.0006357444267515 0.2835444797330591 0.2982575469850693 0.295328136999351 0.2564789577102428 0.8450802263298453 0.2553430667319819 0.3681478397062783 0.295328136999351 0.178754351982 0.2561345175409254
5 0.6600470355731225 0.275045 0.0001 0.0001 0.0305121607412386 0.0013844577502645 0.0348756443007922 0.0012432116404481 0.4151990159576767 0.3954828070971054 0.4727595134525809 0.3725897701499681 0.5652854564369199 0.5058811652617577 0.2486271404271185 0.4727595134525809 0.255377674252 0.1701782326558922
4 0.1305086956521739 0.4875025 0.0001 0.0001 0.0153060834498513 0.0002194843115759 0.0150038478449137 0.0004525794292595 0.0395963594733961 0.0543841189970674 0.0435375532150843 0.0211402175825341 0.9234227639815376 0.1600680052930587 0.4421368277606313 0.0494273945554242 0.59742321146 0.3704647700740792
0 0.656095256916996 0.7416183333333334 0.0001 0.0001 0.1293517035074096 0.0023559577956 0.0845551415883266 0.0012138019273298 0.407196465494236 0.3744173352881469 0.4801217637759811 0.3609007580440916 0.4776164492307577 0.577631520133344 0.2220669812374423 0.4801217637759811 0.295563975384 0.1583533571296845
5 0.7272272727272727 0.4458441666666667 0.0001 0.0001 0.4942977925223411 0.1838818585779995 0.026181736020066 0.0008612503617029 0.3839633214727598 0.3655050191702189 0.4396291749631136 0.3421983681309939 0.5839384391938438 0.4894139088805064 0.2562157475816642 0.4396291749631136 0.2656044184939999 0.1741659483060586
4 0.2688209486166008 0.20006 0.0001 0.0001 0.0438174759762442 0.0010596078178845 0.0460535250985388 0.001171093560472 0.1663461203069286 0.165382978649943 0.2047718762527844 0.1263413054952047 0.7741988834596913 0.3553230508528056 0.2789816202684507 0.2047718762527844 0.415318199748 0.2258274287727399
2 0.6837577075098815 0.1625675 0.0001 0.0001 0.0343137341217151 0.0008663095460767 0.0212138066350679 0.0007869859626706 0.7489819442008349 0.6903994999252796 0.8335120851707506 0.7146881032139328 0.1903604879138314 0.7140748252107364 0.2941588516519253 0.8335120851707506 0.2473873326399999 0.1187468185175388
5 0.328097628458498 0.2125574999999999 0.0001 0.0001 0.0248098803884208 0.0005946515960135 0.0212137641590953 0.0006569007025579 0.4255248515494919 0.3898113378441761 0.505153589803729 0.3749275697657811 0.4515022297230803 0.6140948410899126 0.1898153666818568 0.505153589803729 0.30321806426 0.1596259644846004
4 0.57310790513834 0.2542158333333333 0.0001 0.0001 0.032412913902061 0.0006115419040324 0.0373596190533901 0.0005166836856821 0.1828674642237789 0.1734850994583881 0.2349573053363968 0.1364717845238726 0.7107787336923068 0.424720937502465 0.2315527572550075 0.2349573053363968 0.450935794804 0.2076093377852722
1 0.2293031620553359 0.3666933333333333 0.0001 0.0001 0.0267106499718142 0.0009363904250037 0.0224557736676115 0.000356421421959 0.0142980385756324 0.0009102106953842 0.0369114855171908 0.0032170693104499 0.7368929162670748 0.2435807044501134 0.4971542859765519 0.0369114855171908 0.98601387778 0.1502267302733891
0 0.4466509881422925 0.7207891666666667 0.0001 0.0001 0.0248098998902239 0.0004323160224031 0.2099958677123063 0.0209796472328214 0.2174590483060898 0.2075139441435489 0.246000727203971 0.1964753641036519 0.6958563525230735 0.3200360169377881 0.4155766856453383 0.246000727203971 0.232396411424 0.148449813229924
5 0.6165774703557312 0.0375925 0.0001 0.0001 0.0457182551394707 0.0008663110583004 0.1106368776083926 0.0033303115173798 0.2474039994021378 0.2334406826040574 0.283548466245593 0.2221911809178119 0.6585503702215395 0.3635567213879016 0.3833250540153696 0.283548466245593 0.26200545843 0.1677733370899156
6 0.7351308300395256 0.5124974999999999 0.3333666566686669 0.0001 0.1027410620890178 0.0021611061676782 0.0249397609394434 0.0003777894305068 0.1862233677610648 0.148368563599259 0.2482094142279129 0.1567327355678024 0.513057118147682 0.4729465678103143 0.3548677601114401 0.2482094142279129 0.457760019686 0.1390285576411125
6 0.6679505928853755 0.2125574999999999 0.0001 0.0001 0.0001 0.0001 0.0001 0.0001000000114629 0.0001 0.0001 0.0001 0.0001 0.8338884349969222 0.1318383580474214 0.5787318931375188 0.0001 0.0001 0.5110522054750354
3 0.0198588932806324 0.6791308333333334 0.0001 0.0001 0.0647258551750737 0.0011156155404397 0.0646833435675438 0.0030061090179051 0.1330452656735946 0.1102886548639275 0.1178967671721887 0.1707595472894919 0.6343014976738444 0.0906701239364581 0.8481277203140212 0.1613343183994527 0.381891066512 0.9130461257781316
6 0.9485268774703556 0.5166633333333334 0.0001 0.0001 0.0077030430934732 0.0001298710814225 0.0038259625760122 0.0001560921896 0.0011325846046734 0.0001 0.003044919013653 0.0001 0.8264272410547685 0.1412482404626338 0.5711432782995007 0.003044919013653 0.333366673332 0.1595166296875821
5 0.1700264822134387 0.1625675 0.0001 0.0001 0.0400159929199084 0.001068149088828 0.0236978015078632 0.0003810328740727 0.4539209551865517 0.4181687132764077 0.5323941227336221 0.4045397473265861 0.4421757467384614 0.6152710752008761 0.1974039909107856 0.5323941227336221 0.290207126968 0.157269291035884
4 0.2569656126482214 0.375025 0.3333666566686669 0.0001 0.0248098998902239 0.000432315508247 0.0497795017586893 0.0005701062672588 0.1327871197837992 0.1435073042396054 0.1561807020914528 0.0975084155132216 0.8655985073624616 0.2753390572044761 0.3150275213269258 0.1561807020914528 0.41028449669 0.2664014980940227
6 0.8615877470355732 0.5083316666666666 0.0001 0.0001 0.0286114068961424 0.0004024452504823 0.0100359048228928 0.000121368480848 0.068766869415085 0.0454717999623808 0.1105344704663146 0.046856037903397 0.6510891838338445 0.3482656567731432 0.4155766856453383 0.1105344704663146 0.62724399611 0.1520730012286257
3 0.0633284584980237 0.9082516666666668 0.0001 0.0001 0.0723289102433384 0.0021013073004796 0.05474745573504 0.0012645314594058 0.0956140768035345 0.0819312794316959 0.0737229736848087 0.1317961852922467 0.7089134337378459 0.049501888766883 0.838641944296456 0.1245228348700822 0.43986442952 0.8635124944912459
5 0.7825521739130435 0.4541758333333333 0.0001 0.0001 0.119847906910977 0.0042110061533596 0.1863981176227256 0.0390119618192222 0.2742511998206414 0.2585572330469792 0.3166788047350603 0.2440106860791679 0.6380320908676917 0.4000200105861176 0.3453819840938749 0.3166788047350603 0.2727970496799999 0.1675132599207726
0 0.0238106719367588 0.7999400000000001 0.3333666566686669 0.5 0.1331532105133281 0.0029803724747266 0.1218147807619142 0.0020804041547995 0.3764770836987477 0.3476804015181556 0.4484639363110166 0.3273922828572944 0.5149223979569195 0.5658691790237107 0.2030954633510781 0.4484639363110166 0.31493337073 0.1686444907028784
3 0.1384122529644268 0.9665733333333334 0.3333666566686669 0.0001 0.0647258620178117 0.001966942198249 0.0448115500179161 0.000612842255507 0.0930326109356347 0.0722087534204923 0.0803490413827022 0.1263413054952047 0.6604156836061496 0.0930225932169965 0.8177732575470721 0.1193692185620823 0.4522381542799999 0.908563331962038
5 0.2372067193675889 0.3875225 0.6666333133373338 0.0001 0.0476190274599593 0.0008355730462901 0.0323916673126169 0.0006342110429347 0.3997102277202239 0.3849501003602115 0.4521450482205813 0.3577836989030802 0.6044567185476915 0.477651546598638 0.254318612867411 0.4521450482205813 0.2522520994919999 0.1778410006773096
0 0.8773948616600791 0.6249750000000001 0.0001 0.0001 0.0476190274599593 0.0031655152236763 0.2013019527248476 0.0224727737746098 0.293095877655488 0.2626082679295646 0.3461279650542859 0.2658301631869006 0.529844804307682 0.4553030561458643 0.3662506708432587 0.3461279650542859 0.308454776708 0.1279784250625203
2 0.6086739130434783 0.0667533333333333 0.0001 0.0001 0.0362145098635726 0.0003426989481772 0.0323916941395469 0.0002816305794197 0.9585966576327392 0.9666814016675964 0.9711870620626876 0.9360000175931404 0.5839384391938438 0.4188397563615308 0.3700449914949146 0.9711870620626876 0.098552595542 0.1507347997093334
1 0.4980241106719367 0.5499900000000001 0.0001 0.0001 0.0514205344658778 0.0002232181389112 0.0199717989150137 0.0005380532303542 0.0292705134266619 0.0065816857089115 0.0626795319390314 0.0156853469029198 0.6678768699938447 0.2988637711820954 0.4781827458934897 0.0626795319390314 0.9152929248 0.1321548666042546
6 0.916912648221344 0.3916883333333333 0.0001 0.0001 0.2148859139317302 0.0024322601641756 0.0212137887504479 0.000635744643107 0.1059399193652957 0.0924640226280715 0.1311489025679756 0.0920535427295855 0.7070481438559965 0.2776915360125203 0.4724912854052654 0.1311489025679756 0.353797386372 0.1482413990182914
5 0.2648691699604743 0.4875025 0.0001 0.0001 0.7299920685460561 0.0061040661675733 0.0299077171513716 0.0007090006810948 0.2481784579813619 0.2342508852054366 0.2901745339434864 0.2167363221609876 0.6585503702215395 0.3917863506371391 0.3377933769393292 0.2901745339434864 0.316213804592 0.1784075308283313
4 0.4980241106719367 0.4583416666666666 0.0001 0.0001 0.057122806949547 0.0009065200765055 0.0448115544890711 0.001862895730194 0.161183188571129 0.1580910823185662 0.1996182533187168 0.1232242323273816 0.7611417921723073 0.3541468273279598 0.2941588516519253 0.1996182533187168 0.41554119514 0.218876797190974
4 0.1344604743083003 0.2125574999999999 0.0001 0.0001 0.0267106756320814 0.0006227446583223 0.0274237356920412 0.0008585807507187 0.1480177342516726 0.1516094104642577 0.180476279233017 0.1099766941577024 0.8115048523310763 0.3223884745735972 0.2941588516519253 0.180476279233017 0.4231363758 0.2390750329962845
2 0.4071332015810276 0.125075 0.0001 0.0001 0.0134053378160407 0.0004304013658191 0.0187298117622725 0.0005232608507681 0.7815084169243507 0.7219977368063026 0.8570714664346725 0.7575478329712287 0.1735728017538313 0.6787877807096013 0.3681478397062783 0.8570714664346725 0.234545731474 0.107457858056421
6 0.802311067193676 0.5 0.0001 0.0001 0.0039015210335312 0.0002735353336975 0.0025839749761555 0.0002241394896446 0.0016488768721603 0.0001 0.0045173786861312 0.0001 0.8226966436639993 0.1459531821995459 0.5673489704536322 0.0045173786861312 0.66663336666 0.1595166296875821
1 0.9406233201581028 0.4666733333333333 0.0001 0.0001 0.0172068448219592 0.0001784115535748 0.011277887504479 0.0002201975350122 0.0106839926335241 0.0001 0.0280767307953554 0.0024378020003709 0.757411202335997 0.2177035328366851 0.5180229744333741 0.0280767307953554 0.9999 0.1478179071141515
4 0.5533490118577076 0.2375524999999999 0.0001 0.0001 0.0495197689881272 0.0011156175567378 0.0485375132646016 0.0007330412430621 0.1895792643284047 0.1767259244476979 0.2445282824401451 0.1434851903847173 0.6846645561538448 0.4400119915311059 0.2334499431924103 0.2445282824401451 0.44566316954 0.2007851780634283
5 0.0830873517786561 0.3167033333333333 0.0001 0.0001 0.0647258928101324 0.0013693023458473 0.026181736020066 0.0005497387948968 0.4464347104425937 0.4068257893543419 0.5323941227336221 0.3928507282073038 0.41792685740308 0.6493818961771654 0.1670495622926029 0.5323941227336221 0.309737830046 0.1577244051011511
6 0.8102146245059288 0.2083916666666666 0.0001 0.0001 0.019107603456972 0.0005069764084784 0.0112778852689015 0.0004313615930906 0.0494059158315233 0.0341288519770571 0.0810852703906828 0.0304914265658947 0.7126440336467679 0.2953350688492054 0.4383425241833584 0.0810852703906828 0.645861951774 0.1671834763635399
2 0.2964833992094862 0.0334266666666666 0.0001 0.0001 0.032412913902061 0.0005466625703223 0.0199717814775092 0.000520977549809 0.7964808715625368 0.7365815294690562 0.8769496695283528 0.7676782769328674 0.1661115482153915 0.7058411546756402 0.3321019044990368 0.8769496695283528 0.236785983334 0.112252996244285
6 0.93271976284585 0.30004 0.0001 0.0001 0.024809889626117 0.0005219289934622 0.1305086912782179 0.015188791011869 0.0690250222748264 0.0438513779882607 0.1127431508641888 0.046856037903397 0.6380320908676917 0.3576755402469674 0.4136795167823187 0.1127431508641888 0.6765457837800001 0.150140474282926
2 0.1700264822134387 0.0917483333333333 0.0001 0.0001 0.0400158834361015 0.0010445321580601 0.0236977143203407 0.0007160237982158 0.877538729747908 0.8362374265528154 0.9395292345977228 0.850280628212607 0.2687029785600023 0.6364433103704511 0.3396905287279656 0.9395292345977228 0.191276527046 0.1169497096164114
3 0.5928667984189724 0.7332866666666666 0.0001 0.0001 0.0419167310267073 0.0008467772019073 0.0460535385120038 0.0008505661482853 0.0811578930351012 0.0681577039541143 0.0641519899549927 0.111535227234911 0.718239928473845 0.0694978866496595 0.7969045707976883 0.1053808541583147 0.42837687749 0.8730351961213806
1 0.2293031620553359 0.4541758333333333 0.0001 0.0001 0.0742296620356132 0.0021022480043931 0.0323916673126169 0.0014484997273158 0.1330452656735946 0.0770700127801459 0.2194964564123972 0.0951706088840028 0.4048697980122997 0.577631520133344 0.2960560034405617 0.2194964564123972 0.68123014672 0.1365443045497595
3 0.9801411067193676 0.8166033333333333 0.6666333133373338 0.0001 0.0932372791780611 0.0010365275551204 0.0199718024919377 0.0002962816211447 0.0847719424621825 0.0697781164487691 0.0685693706289442 0.1162108264665369 0.7033175439470745 0.074202826269348 0.8044931779522341 0.1097982282061986 0.432402782148 0.8832106671084133
0 0.0119553359683794 0.7916083333333334 0.0001 0.9999 0.0932372586498473 0.0017925268612944 0.116846806665366 0.0023533964523113 0.3744119235503307 0.3436293301760885 0.4455189805226878 0.3281715564093045 0.5018652882030807 0.561164253165975 0.2239641330260787 0.4455189805226878 0.308897608124 0.1627340167364052
2 0.3083387351778656 0.1542358333333333 0.0001 0.0001 0.036214376430183 0.0011044185325995 0.0224557470642393 0.0003564216960093 0.7520797018483254 0.6912097462780369 0.8555989554101696 0.6998820670340743 0.1735728017538313 0.8058211917270518 0.1632552245665638 0.8555989554101696 0.2659460601519999 0.1338965528004766
6 0.1779300395256917 0.5958141666666666 0.3333666566686669 0.0001 0.1084433516795318 0.0083780230537217 0.0361176395016124 0.0009787773583629 0.0445011376524597 0.0705883336339411 0.0310216514655253 0.0336084941229931 0.9999 0.0777315360125203 0.4971542859765519 0.0641519899549927 0.561914574608 0.5102252391997019
3 0.4387474308300395 0.7916083333333334 0.0001 0.0001 0.0970387759198727 0.00140584613723 0.0696512975438945 0.0013871055259392 0.1485340399711553 0.121631615245475 0.1348300476078789 0.1886826987176087 0.600726125353844 0.1012562415212456 0.8652021205605152 0.1782676054612105 0.38193551762 0.92528534560879
3 0.434795652173913 0.9332466666666668 0.0001 0.0001 0.0552220414717964 0.0014180612748336 0.0609573736141258 0.0019403580804343 0.1090376770127863 0.0859823361899703 0.1053808541583147 0.1349132374198523 0.6398974042523018 0.1400720052930588 0.7627558044534664 0.1274677376498693 0.38811808086 0.9593301436099502
4 0.0672802371541502 0.5583216666666667 0.0001 0.0001 0.0134053261833862 0.0001186694048439 0.0137618622570768 0.000369776688731 0.0274634921980942 0.0406105333108309 0.0266042707915738 0.0156853469029198 0.9159615691999992 0.1341908285982939 0.4914628254883277 0.0369114855171908 0.60050899418 0.4152222868235371
5 0.2016407114624505 0.325035 0.0001 0.0001 0.1787714930237506 0.0028438340046932 0.0162458459519847 0.0004538517729077 0.2017121420586256 0.1840178207790747 0.2445282824401451 0.1730973398918989 0.6473585906399969 0.3847289565574767 0.3605592154773495 0.2445282824401451 0.331161414472 0.1672264281206123
2 0.9564304347826088 0.1542358333333333 0.0001 0.0001 0.0419167891899797 0.0003090966636315 0.0286657867822989 0.0010108354796226 0.940010111747796 0.9302219200107124 0.9682421062743584 0.9180769082454588 0.4664246192861567 0.4894139088805064 0.3757364468608239 0.9682421062743584 0.1270421065 0.1286275185949565
2 0.9485268774703556 0.2708791666666666 0.0001 0.0001 0.0286113644711673 0.0003128348300404 0.029907701502329 0.0006128419237618 0.6279114033977198 0.5437514144477424 0.7724050311258834 0.5549383575989599 0.0523283550769242 0.9728465413450204 0.0171743831721109 0.7724050311258834 0.36022216116 0.1404453781639713
6 0.6126256916996048 0.3125375 0.0001 0.0001 0.0780311793056386 0.0004928573712416 0.0063099350930326 0.0002809626682381 0.1425966775359156 0.1159601314087531 0.1893110405809201 0.1185486401091616 0.6044567185476915 0.38943389300133 0.3966051336102077 0.1893110405809201 0.444708920428 0.1454368120919532
5 0.7193237154150197 0.2292208333333333 0.0001 0.0001 0.043817499925827 0.0009345053475139 0.0572314349587928 0.001465534192131 0.2936121624651328 0.3031188136366192 0.3041628917211864 0.2728435690477453 0.8059089591827678 0.2518143538129743 0.4136795167823187 0.3041628917211864 0.1520786581879999 0.2284248603314393
0 0.9999 0.6166433333333333 0.0001 0.0001 0.1217486655459898 0.0077021901499457 0.3317106551809531 0.110224968884837 0.2554065428956326 0.2285794232444037 0.3063715588669252 0.2268668082030613 0.5671507530338437 0.436483310370451 0.358662063688713 0.3063715588669252 0.294886400926 0.1221748185588372
0 0.9406233201581028 0.6791308333333334 0.0001 0.0001 0.0685274032374199 0.0015570766663601 0.0311496832896842 0.0007160244040114 0.4033242841172513 0.3679356488500458 0.4852753867100486 0.3499910335170371 0.4608287630707576 0.6199759904724942 0.1708438317211095 0.4852753867100486 0.32029679783 0.1637715559561904
4 0.2688209486166008 0.2917083333333333 0.0001 0.0001 0.0628250862759541 0.0023291281255646 0.0410855890068081 0.0008291977935686 0.1384663363292435 0.148368563599259 0.1635429987973269 0.1021840147448475 0.858137314259692 0.2847489512644179 0.3074389141723802 0.1635429987973269 0.410327878012 0.2639196451985514
0 0.2213996047430829 0.7832766666666666 0.0001 0.0001 0.1312524997774809 0.0027694285694406 0.1429285717479396 0.0026001862190824 0.3831888838033737 0.3493008213047068 0.4587711159184748 0.3351849622701492 0.4776164492307577 0.5846889671435943 0.210684087580007 0.4587711159184748 0.317042468826 0.1611348988186407
0 0.9801411067193676 0.6957941666666666 0.0001 0.0001 0.0780311895697455 0.0018834919518282 0.116846806665366 0.0036580620313233 0.3343992618424249 0.3112209198612716 0.3903017717938014 0.2970008668115084 0.5671507530338437 0.4788277912957189 0.2903645139258861 0.3903017717938014 0.2899052273599999 0.1581502300628263
2 0.3597118577075098 0.1375725 0.3333666566686669 0.0001 0.0248098998902239 0.0006788138779718 0.026181709193136 0.0008563854631925 0.8630825390095288 0.8273250958510948 0.9152335646912108 0.8409294087091376 0.31160488422768 0.5858651906684401 0.3776335986494604 0.9152335646912108 0.17849216443 0.1137136413227187
2 0.5968185770750988 0.0292608333333333 0.0001 0.0001 0.0267106345756539 0.0005591331729047 0.0125199128855954 0.000296280928807 0.7815084169243507 0.7090343493463075 0.8644336902538019 0.762223418176043 0.0840384308000007 0.7140748252107364 0.4022966060505001 0.8644336902538019 0.25471746632 0.0989939617172757
3 0.7153719367588932 0.774945 0.3333666566686669 0.0001 0.0742296722997201 0.0007968473279188 0.0535054605342198 0.0012419820919253 0.0896767073983488 0.0762598101787667 0.0847664220566537 0.1076388875284836 0.7126440336467679 0.1294858874965488 0.7058411944489092 0.1016997024923438 0.3221045862 0.9521860025294396
4 0.893201976284585 0.4458441666666667 0.0001 0.0001 0.0020007587718674 0.000118669391738 0.0236977657386232 0.0001774605226811 0.0393382142805953 0.0511432743196375 0.0442737835482784 0.0226987527637645 0.9029044762338468 0.1647729470299709 0.4554169022331545 0.0472187028932348 0.54562577302 0.3497813069767086
2 0.5691561264822135 0.0917483333333333 0.0001 0.0001 0.030512182638 0.0003743805574889 0.0199717814775092 0.00054759173302 0.8682455265048963 0.8257046906483362 0.9336393230210652 0.8385916652005715 0.2631071055569172 0.6505581197020112 0.3226161455558547 0.9336393230210652 0.1963579505579999 0.1193776168505967
4 0.9445750988142292 0.5583216666666667 0.0001 0.0001 0.0134053261833862 0.0002530893745805 0.0112778888458255 0.000188144865912 0.0284960778482595 0.0389901149826589 0.0332303384894673 0.0133475437804039 0.8973085814067695 0.1612442394040221 0.4667998300393561 0.0361752591596372 0.65552443889 0.3500065309518067
1 0.1976889328063241 0.4333466666666666 0.0001 0.0001 0.0229091275697353 0.0005928729185784 0.0311496899964167 0.0005941450262632 0.0189446680769223 0.0041510538415158 0.037647715850385 0.0133475437804039 0.725701119897846 0.225937182199546 0.536994512808998 0.037647715850385 0.917905832114 0.115206781360782
2 0.656095256916996 0.1917283333333333 0.0001 0.0001 0.0324130014891065 0.0004771215048243 0.0174878724508899 0.0006021587632745 0.6872850277501171 0.6126192918356507 0.8055353696153507 0.6328650465264208 0.098960803575391 0.8611041949423283 0.149975179120492 0.8055353696153507 0.30885103744 0.1309816911402715
1 0.4624581027667984 0.5083316666666666 0.0001 0.0001 0.0077030417249256 0.0001298710854551 0.0050679497287534 0.0001213684606548 0.0052629226748697 0.0001 0.0148245953995685 0.0001 0.7965824644467686 0.1788877722407072 0.5407888180937093 0.0148245953995685 0.9999 0.1595166296875821
3 0.2253513833992095 0.8582616666666666 0.0001 0.0001 0.0476190103531145 0.0011715011761403 0.0373596212889676 0.0010735257227907 0.0832230601534643 0.0713985435272167 0.0597346092810411 0.1193278996343601 0.725701119897846 0.0389157680062601 0.838641944296456 0.1127431508641888 0.486601110314 0.8478587526423175
6 0.794407509881423 0.2167233333333333 0.0001 0.0001 0.0134053299468921 0.0004304016077749 0.0100359048228928 0.0002962818158647 0.0424359698371021 0.0292675853255071 0.0700418220188378 0.0258158217235441 0.729431719806768 0.2741628336796304 0.4554169022331545 0.0700418220188378 0.653504662926 0.167879583523002
5 0.1502675889328063 0.025095 0.0001 0.0001 0.0381151966498371 0.0011975337026922 0.0199718373669467 0.0006822659157306 0.496256929902616 0.4619200912646685 0.5787765966188764 0.4411653097080183 0.4384451703323 0.6446769279749592 0.1537694485489985 0.5787765966188764 0.28491692522 0.1627449770714455
3 0.6007703557312253 0.8207691666666667 0.0001 0.0001 0.0837334620534147 0.0025494272511228 0.0435695570526734 0.00232499012406 0.1175564983459798 0.0948946523078983 0.1061170831662954 0.1512778557707605 0.6398974042523018 0.1047849459713591 0.8196704093357086 0.1429285666956659 0.39692981816 0.9278624006793744
5 0.7469861660079051 0.5208291666666667 0.0001 0.0001 0.0780311895697455 0.0016420940805373 0.0634413617801887 0.000540723778879 0.0339171464129247 0.0211654776424755 0.0567896866230509 0.0219194855238196 0.7350276146338451 0.2494618855910477 0.4895656685773764 0.0567896866230509 0.709709419726 0.1545635821091214
1 0.0198588932806324 0.4458441666666667 0.0001 0.0001 0.0020007607904751 0.0002371917304791 0.0013419876669239 0.0001981408884223 0.0003581461476833 0.0001 0.000836229736848 0.0001 0.832023136553353 0.1341908285982939 0.5768347394707002 0.000836229736848 0.111188887778 0.1595166296875821
0 0.8418288537549408 0.7624475 0.0001 0.0001 0.0419167241839694 0.0011339561918988 0.0721352834743799 0.001322632296782 0.3142638615285473 0.2933962584578303 0.3674786327899953 0.277519175292777 0.5895343457723015 0.461184226700681 0.2960560034405617 0.3674786327899953 0.29201385555 0.1674720034069454
3 0.4545545454545454 0.7999400000000001 0.0001 0.0001 0.1046418207240305 0.002064286150504 0.065925320883744 0.0013667396906674 0.1361430163511391 0.1127192918356506 0.1171605381642081 0.1785522196889409 0.628705607883073 0.0730265963928318 0.8822765037326261 0.1686966151053268 0.393889166412 0.9005187313803861
0 0.7390826086956521 0.7457841666666667 0.0001 0.0001 0.0666266274955623 0.0010835789819973 0.0460535474543138 0.0008960910315376 0.3408529230272014 0.3225638437833374 0.3976640618736077 0.2977801052964892 0.5988608287569203 0.4847089300921827 0.2486271404271185 0.3976640618736077 0.292349008506 0.177658703282404
1 0.8892501976284585 0.3042058333333333 0.0001 0.0001 0.1046418446736132 0.0041064582701702 0.0398436005127204 0.0020445290891373 0.0318519744155995 0.0114429501728926 0.0597346092810411 0.0219194855238196 0.6827992595569209 0.2729865889825494 0.5047428965459743 0.0597346092810411 0.847659724146 0.1240450914728911
0 0.4624581027667984 0.7041258333333333 0.0001 0.0001 0.0666266274955623 0.0015940681767525 0.0696513064862045 0.0008851275031204 0.3385296100190429 0.3217536411819581 0.3910379941757143 0.2985593928753112 0.6100526251261491 0.4635367160948428 0.2713929960395219 0.3910379941757143 0.278866415564 0.1760247573474745
6 0.6363363636363636 0.3458641666666666 0.0001 0.0001 0.3289316031009415 0.0396829041899394 0.0125198795754907 0.0002816319568833 0.1072306488142726 0.0778802299653179 0.1576531733595495 0.0819230707143236 0.5969955321599965 0.398843755302919 0.389016526455662 0.1576531733595495 0.599573721272 0.151399469338121
5 0.57310790513834 0.4750049999999999 0.3333666566686669 0.0001 0.034313602056873 0.0005480689080549 0.0485375132646016 0.0015023069169206 0.483349607533063 0.4611098740794965 0.5507998744374089 0.432593370769965 0.5261141775384621 0.5693978707704831 0.1860210801789671 0.5507998744374089 0.2576478801199999 0.1720799598852074
5 0.5335901185770752 0.1417383333333333 0.0001 0.0001 0.0419167241839694 0.0016569913987882 0.0460535318052713 0.001200754318133 0.3700234294839173 0.3509212265074653 0.4226958879013557 0.3320678680621085 0.5839384391938438 0.4717703442854685 0.2846730927087432 0.4226958879013557 0.259415446536 0.1676555260766717
2 0.3439047430830039 0.3333666666666666 0.0001 0.0001 0.0362144619644071 0.0009345029682821 0.0162458191250547 0.0006569016545222 0.7311698638650617 0.6750055484125247 0.8180512163685477 0.6920893595675959 0.2127440470769168 0.7211322510487516 0.2600100853077033 0.8180512163685477 0.25025405918 0.1249251409167443
2 0.450602766798419 0.1167433333333333 0.0001 0.0001 0.0248098998902239 0.0001634756171651 0.0274236216775887 0.0004418955187396 0.8857994051913062 0.848390625995224 0.9439465026285236 0.8588525531238486 0.2929519182584423 0.6199759904724942 0.3415876805166021 0.9439465026285236 0.183305331604 0.1189601506130411
6 0.8141664031620554 0.4333466666666666 0.0001 0.0001 0.0362144482789313 0.0004323156796324 0.0038259630231277 0.0001240395226634 0.0086188227271827 0.0033408428544557 0.0192419727604862 0.0024378020003709 0.7947171678498449 0.1847689459713591 0.5332002041094103 0.0192419727604862 0.933246673332 0.1643604767457174
2 0.2174478260869565 0.0875825 0.0001 0.0001 0.0324129583798575 0.0005219295076182 0.0187297840411115 0.000572778979339 0.780992118174814 0.7236181420090612 0.8784221142921789 0.7318320301838805 0.1884951913169077 0.7834727224465133 0.1841239454647139 0.8784221142921789 0.251470095924 0.1324466330728712
5 0.7588415019762845 0.4750049999999999 0.0001 0.0001 0.1730692239614504 0.0026717500125035 0.0435695682305609 0.0014549131545305 0.261085745501185 0.2358713341595732 0.3152063400930313 0.2276460747416656 0.5764772528061488 0.4529505985100553 0.3226161455558547 0.3152063400930313 0.3218610349199999 0.1584604931458601
3 0.450602766798419 0.7166233333333334 0.0001 0.0001 0.0362144311720864 0.0008784946408375 0.105668932574352 0.0008357300720923 0.1384663363292435 0.1062375981056531 0.1259952862599757 0.1824485523819625 0.5671507530338437 0.1047849459713591 0.8936594144644447 0.17237776014523 0.4499518516319999 0.931809329784138
2 0.0791355731225296 0.3292008333333333 0.0001 0.0001 0.0229091699947105 0.000144806326242 0.0174878433883824 0.0005060004314407 0.7910597869669959 0.7722307720650792 0.8519178435006051 0.7435210212495394 0.4515022297230803 0.6105660964125524 0.1955068391221492 0.8519178435006051 0.179761290554 0.158942663964703
1 0.1028462450592885 0.3958541666666667 0.0001 0.0001 0.0210083655133536 0.0005219290237067 0.0286657130082414 0.0005300400342318 0.0153306228318086 0.0025306321590715 0.0324941094814866 0.00945120828202 0.7406235161759969 0.2177035328366851 0.535097357605485 0.0324941094814866 0.95162925608 0.1293588733862483
6 0.6244810276679842 0.5291608333333333 0.0001 0.0001 0.0058022817213653 0.0002680248512743 0.007551926493371 0.0001961580331871 0.0186865228841215 0.0082021076830316 0.0391201771793801 0.0071134058608447 0.755545902381536 0.2341708315624068 0.4933599772769642 0.0391201771793801 0.826786469632 0.1622994134359456
0 0.4664098814229249 0.7707791666666667 0.0001 0.0001 0.0913364829079897 0.0022674557141019 0.0311496967031492 0.0010784607204954 0.3718304437425389 0.3452497499626398 0.4352118009152297 0.3297300754597014 0.5317100841169197 0.5235247086845606 0.254318612867411 0.4352118009152297 0.29362698286 0.1620696324455895
1 0.0356660079051383 0.3458641666666666 0.0001 0.0001 0.0153060861869465 0.0002194843277063 0.0162458385745789 0.0002415659834829 0.0158469146113993 0.0009102106953842 0.0398564061873607 0.00477560414101 0.725701119897846 0.250638119702011 0.4971542859765519 0.0398564061873607 0.98601387778 0.1435187702444769
6 0.4664098814229249 0.5916483333333333 0.0001 0.0001 0.1730692000118676 0.0056845622263336 0.0013419863479332 0.0001981407802445 0.0235912996691959 0.0219756889941303 0.0258680404583796 0.0226987527637645 0.8152354488824611 0.1483056525386961 0.5711432782995007 0.0258680404583796 0.085099826634 0.13814629263183
0 0.7430343873517787 0.7207891666666667 0.0001 0.5 0.0571227932640712 0.0009501458531091 0.0621993665793685 0.0015477025637982 0.3527276478976808 0.3347170286419532 0.4131248776672689 0.3055727987361559 0.5969955321599965 0.504704920564677 0.2182727118089358 0.4131248776672689 0.30098506095 0.1813224092731231
1 0.3557600790513834 0.4541758333333333 0.0001 0.0001 0.0476190274599593 0.0010365279583801 0.0137618703051558 0.0006569007891001 0.1175564983459798 0.0819312794316959 0.1709053087553364 0.0951706088840028 0.5503630500861574 0.4153110752008759 0.4098852132050459 0.1709053087553364 0.5621457683600001 0.1366181735153224
5 0.2569656126482214 0.6208091666666666 0.0001 0.0001 0.1027410928813385 0.0041774055524229 0.0621993799928335 0.0004098424169284 0.1593761743125073 0.1329745464594371 0.2091892436746005 0.1317961852922467 0.600726125353844 0.4082536387767432 0.3700449914949146 0.2091892436746005 0.42602869722 0.1520759217466915
2 0.5928667984189724 0.1917283333333333 0.0001 0.0001 0.0362144619644071 0.0008803785690373 0.0361175992612174 0.0004018279226727 0.7001923222398861 0.6288234897011628 0.8099527039068284 0.6515674504663305 0.117613803120001 0.8234647351498545 0.1917125526192596 0.8099527039068284 0.29455584705 0.1269987926664551
5 0.2609173913043478 0.0959141666666666 0.0001 0.0001 0.0381152171780509 0.0013331996196904 0.0125198849408767 0.000520977838283 0.3782841118972614 0.337147636446091 0.4661334457546874 0.3242751886492536 0.4291186873476811 0.642324449166915 0.1670495622926029 0.4661334457546874 0.347500635974 0.15949569930811
4 0.5454454545454545 0.3125375 0.3333666566686669 0.0001 0.049519782673603 0.0013844568429304 0.0274237200429987 0.0010508958710501 0.1846744993922385 0.1767259244476979 0.2320123694262712 0.1419266432806969 0.7201052301070746 0.4023724682219266 0.2581128993703006 0.2320123694262712 0.42151060102 0.2081190856798752
0 0.557300790513834 0.7166233333333334 0.3333666566686669 0.0001 0.0343136896439185 0.00097631091094 0.0348756443007922 0.0011714901401733 0.3010984002391449 0.2933962584578303 0.3446555202904601 0.2619338375072849 0.6846645561538448 0.4117823622818685 0.2789816202684507 0.3446555202904601 0.281583692 0.1942044116316613
3 0.450602766798419 0.7957741666666667 0.3333666566686669 0.0001 0.0552220517359033 0.0003427022750692 0.0535054650053748 0.0019724093504354 0.1056817804454463 0.0851721262966947 0.0928649477705085 0.1388095911530914 0.6585503702215395 0.0953750646147584 0.8158761057584357 0.1311489025679756 0.409949943614 0.9140731242775412
4 0.4980241106719367 0.4458441666666667 0.6666333133373338 0.0001 0.0590235690059287 0.0016420938789075 0.0771032150949555 0.0069485874470382 0.1586017296731752 0.1572808724252906 0.1922559632389104 0.1240035128927977 0.7741988834596913 0.3306221345225756 0.3188218419785819 0.1922559632389104 0.3904203203199999 0.2244735168804037
6 0.3676154150197628 0.5374924999999999 0.0001 0.0001 0.0058022817213653 0.0001336049642059 0.007551923810678 0.0001320526762359 0.0212679845700537 0.0130633714178231 0.0405926351953414 0.0086719403407345 0.7704682885870752 0.2294658845324359 0.4857713581703503 0.0405926351953414 0.797823993286 0.1777490211428208
2 0.9208644268774704 0.0667533333333333 0.3333666566686669 0.0001 0.028611451373939 0.0007286905418513 0.0460535765168213 0.0010784599271917 0.855080023395818 0.8135515787086838 0.9189147428614526 0.8261233725292791 0.2742989187138322 0.6399720021172235 0.328307600921764 0.9189147428614526 0.1954770367759999 0.1192140510543206
1 0.1265569169960474 0.5 0.0001 0.0001 0.015306084476262 0.0009139528169569 0.022455775008958 0.0008900188691249 0.0052629226748697 0.0017204213907684 0.0118796760546121 0.0016585346201579 0.8077742557796916 0.1647729470299709 0.5521717407775959 0.0118796760546121 0.40742591852 0.1595166296875821
4 0.1344604743083003 0.5041658333333333 0.0001 0.0001 0.0172068396899058 0.0001784117088298 0.0050679486109646 0.0002175264600222 0.0375311916580384 0.0519534842129131 0.0405926351953414 0.0203609496412486 0.9215574640270764 0.1553630646147584 0.4516225918261284 0.0472187028932348 0.593235319206 0.3753684273280534
1 0.2016407114624505 0.3791908333333333 0.0001 0.0001 0.0248098885997063 0.0006115421560697 0.0187298117622725 0.0005086716795151 0.0202353989198884 0.004961264463981 0.0420650965243365 0.0117890093005141 0.7219705300615358 0.2412282362281868 0.5161258209372993 0.0420650965243365 0.89965550291 0.1314319376754287
4 0.5414936758893281 0.4375124999999999 0.0001 0.0001 0.0210083655133536 0.0002530893342545 0.0100359012459688 0.0002495791363342 0.045275576715835 0.0551943259735844 0.0545809995991089 0.0258158217235441 0.8879820917070762 0.187121417369121 0.4345482035317025 0.0553172352331573 0.5591592657800001 0.3111360132460237
2 0.5493972332015811 0.0334266666666666 0.3333666566686669 0.0001 0.036214376430183 0.0006563483845212 0.0423275551451208 0.0015316805707826 0.7688592195347552 0.71227518891941 0.862961311750653 0.7224808036670053 0.1978216407261541 0.7646529660849825 0.2049925980653313 0.862961311750653 0.24994482104 0.1309936081967473
1 0.3913260869565217 0.4166833333333333 0.0001 0.0001 0.1274509585578727 0.0212225854341313 0.0920070725528526 0.0141604387157595 0.0341752923027201 0.0163042146368737 0.0604708382890218 0.0234780193023688 0.699586945716921 0.2659291843167695 0.499051441180065 0.0604708382890218 0.86459146712 0.1390263252910966
2 0.5414936758893281 0.1584016666666666 0.0001 0.0001 0.0362145098635726 0.0010365296722335 0.0398436474598479 0.0008702653200258 0.8646314701078691 0.8248945245064386 0.9306943672327366 0.8315782593397268 0.2836253513353926 0.6529105667517026 0.2979531381548149 0.9306943672327366 0.1946834255299999 0.1244340239132513
6 0.7430343873517787 0.5458241666666667 0.0001 0.0001 0.0001 0.0001 0.0001 0.0001000000114629 0.0001 0.0001 0.0001 0.0001 0.8338884349969222 0.1318383580474214 0.5787318931375188 0.0001 0.0001 0.5110522054750354
1 0.1818818181818181 0.4833366666666667 0.0001 0.0001 0.0400159826558015 0.001068149663473 0.0236977702097782 0.0004538516430944 0.1227194161418874 0.0657270669823911 0.1996182533187168 0.095949882436013 0.4011391712430798 0.5294059004116124 0.3776335986494604 0.1996182533187168 0.701436044732 0.1205965638821986
0 0.0672802371541502 0.8041058333333334 0.0001 0.0001 0.0875349759020712 0.0013147467612378 0.0621993665793685 0.0009281137426076 0.4035824369769927 0.3752275451814226 0.4771768742483294 0.3523288120926324 0.5093264913784619 0.5799839883552707 0.1860210801789671 0.4771768742483294 0.3025647149559999 0.1688911066335798
5 0.6363363636363636 0.6166433333333333 0.0001 0.0001 0.0742296620356132 0.0010681495626581 0.0497795017586893 0.0011496941947949 0.1820930265543927 0.1840178207790747 0.1959371082788136 0.1653046674924499 0.7891212713439991 0.2412282362281868 0.4478282916637322 0.1959371082788136 0.202904990888 0.2085009350246963
1 0.0672802371541502 0.3292008333333333 0.0001 0.0001 0.0362144482789313 0.0004771225230549 0.0150038507511645 0.0002602634074466 0.0197191071402976 0.0041510538415158 0.0457462448772736 0.0071134058608447 0.7201052301070746 0.2612242372867986 0.4857713581703503 0.0457462448772736 0.92606117072 0.1477796046875633
3 0.2451102766798419 0.6999599999999999 0.0001 0.0001 0.0229091309911043 0.0003240332392078 0.0348756532431022 0.0005060006261607 0.0824486224840781 0.0713985435272167 0.0626795319390314 0.1138730338641298 0.7312970214399976 0.0565593008429452 0.8044931779522341 0.1075895478083243 0.419778207568 0.8542248274270688
4 0.0475213438735177 0.3833566666666667 0.0001 0.0001 0.0476190103531145 0.0007011556715293 0.0510214924883545 0.001651883957567 0.1126517194699216 0.1289235115768517 0.1267315086418887 0.0819230707143236 0.9103656676578477 0.225937182199546 0.3491762876711477 0.128940208917966 0.398923139416 0.3064127298733324
4 0.9090090909090908 0.4666733333333333 0.0001 0.0001 0.0229091292804198 0.0001896132936668 0.0087939134225544 0.0002095133360183 0.0406289465175506 0.0519534842129131 0.0457462448772736 0.0242572865423137 0.8991738796824619 0.1659491821995459 0.4573140591441058 0.04869116422223 0.531739680794 0.3451511528826872
6 0.5612525691699605 0.4291808333333333 0.0001 0.0001 0.0514205344658778 0.0009162616699155 0.0087939082807261 0.0003810328740727 0.1895792643284047 0.1678136156216662 0.2283312376385033 0.1692010001854715 0.6231097180923016 0.3623804872769383 0.4212681410112475 0.2283312376385033 0.331921642396 0.1423916852552577
6 0.9287679841897232 0.1125775 0.3333666566686669 0.0001 0.0457182551394707 0.0016028598416848 0.065925343239519 0.0017544811960861 0.1007770015693881 0.0738291732070435 0.1458734893536561 0.0788059975465004 0.6156485149169204 0.3717903495785273 0.4136795167823187 0.1458734893536561 0.54722300351 0.1429498398975733
0 0.4585063241106719 0.7082916666666667 0.3333666566686669 0.0001 0.06282509996143 0.0013528844363278 0.0671673406759167 0.0015818948160854 0.3269130310383588 0.3136515422492021 0.3770496363980145 0.2860911212442362 0.6380320908676917 0.4494218855910477 0.2657015235992294 0.3770496363980145 0.283329882692 0.1839058592711967
0 0.5059276679841896 0.7207891666666667 0.3333666566686669 0.0001 0.076130413827888 0.0010182633919326 0.0808291939906836 0.0014115668273095 0.3152964311478368 0.3047392407150667 0.3608525650921019 0.2767398877139551 0.6604156836061496 0.424720937502465 0.2827759067713404 0.3608525650921019 0.27586313634 0.1870768033689374
4 0.0514731225296442 0.5124974999999999 0.0001 0.0001 0.0134053220777435 0.0001634760849462 0.0087939134225544 0.0001454080079146 0.0370148970904693 0.0495228523455174 0.0413288661911423 0.0203609496412486 0.9085003777759983 0.1612442394040221 0.4554169022331545 0.0464824738852542 0.5872841396799999 0.3578708885719511
0 0.2174478260869565 0.7707791666666667 0.0001 0.0001 0.0818327410534606 0.0015323235818151 0.0994590124596886 0.0032661652735591 0.3491135915006535 0.3233740609685094 0.4123886420332205 0.3063520652747602 0.5447671938707582 0.5176435169575087 0.2505243263645212 0.4123886420332205 0.29800320744 0.1661703587172365
1 0.1739782608695652 0.325035 0.0001 0.0001 0.0267106448397608 0.0004435176274031 0.0174878239388581 0.000441895114876 0.0161050618951839 0.0009102106953842 0.0428013268575307 0.0024378020003709 0.7238358300159966 0.2635767160948428 0.4781827458934897 0.0428013268575307 0.98601387778 0.1545635821091214
3 0.2213996047430829 0.6916283333333333 0.0001 0.0001 0.0324129464050662 0.0006563487172104 0.0323916717837719 0.0013393710756952 0.1366593081307299 0.1151499215154774 0.1223141412200726 0.1723180733532946 0.6417626840615394 0.0953750646147584 0.8329504889305466 0.1628067697893463 0.3590186019199999 0.9161082554010384
0 0.2451102766798419 0.7916083333333334 0.0001 0.0001 0.0723289273501832 0.0018483202513536 0.0559894531714377 0.0012947419764889 0.429655192756164 0.4003440956243444 0.506626034567555 0.375706857344603 0.4944041353907579 0.6023324576358091 0.1651524105039665 0.506626034567555 0.29925320739 0.1696337910208169
3 0.3122905138339921 0.7999400000000001 0.0001 0.0001 0.0476190069317455 0.0008489210410233 0.0435695592882509 0.0012007536690664 0.0865789636907502 0.0730189633137679 0.0597346092810411 0.1278998315590075 0.7126440336467679 0.0236247139776193 0.8765850312923338 0.1208416699519759 0.51444171108 0.8445196941253359
4 0.3439047430830039 0.4333466666666666 0.0001 0.0001 0.0571228274777608 0.0019370706399719 0.0932490699892503 0.0031369917140482 0.153696957767063 0.1556604599306358 0.1856298955410169 0.1177693735705573 0.7984477627224611 0.3212122510487514 0.3093360659610166 0.1856298955410169 0.39738292752 0.2392176684130885
4 0.3873743083003952 0.40002 0.3333666566686669 0.0001 0.0533212999436285 0.0021461688259086 0.0746192492846677 0.001734684880709 0.12994751499605 0.1418868771611578 0.1524995570515496 0.0943913493588043 0.8749250004196922 0.2706341207606228 0.3131303866126727 0.1532357794334626 0.4138026129259999 0.2810414173440112
4 0.1265569169960474 0.574985 0.0001 0.0001 0.0191076068783409 0.0003539040111285 0.0162458385745789 0.000209513206205 0.038047485528613 0.0300777952187827 0.0575259222570992 0.0250365544835992 0.7667376903569217 0.2341708315624068 0.4819770580079541 0.0575259222570992 0.57832323222 0.1777601996774867
1 0.9999 0.2583816666666667 0.0001 0.0001 0.2281912585905088 0.008029634957262 0.211237887504479 0.00899223426135 0.2419829496563268 0.1499889760939139 0.3799945391778016 0.1840070784457652 0.1213444466769071 0.8505180773575407 0.1442836896058164 0.3799945391778016 0.65110257344 0.1324655493019531
6 0.7865039525691699 0.5666533333333333 0.0001 0.0001 0.0077030420670625 0.0006487669017535 0.0100359012459688 0.0005965579314015 0.0021651692093468 0.0017204213907684 0.003044919013653 0.0016585346201579 0.8301578381097838 0.1365432992550276 0.5749375858038817 0.003044919013653 0.111188887778 0.1595166296875821
2 0.4545545454545454 0.1792308333333333 0.0001 0.0001 0.0210083942528529 0.0005466644152352 0.0386016231965203 0.0007699504881962 0.7587915158928433 0.7057935389407904 0.8357207854468277 0.7271563888718194 0.2258011736184416 0.6799640254066822 0.3131303866126727 0.8357207854468277 0.232272526206 0.1189089240547821
0 0.9445750988142292 0.7541158333333333 0.0001 0.0001 0.0818326760474503 0.0007522023932398 0.0982170217300234 0.0018162036809324 0.3204593698535823 0.2958269173052424 0.3851481488597337 0.2751813476233407 0.5615548800307585 0.5176435169575087 0.2334499431924103 0.3851481488597337 0.325642948386 0.1725778578616809
5 0.6402881422924901 0.5833166666666667 0.0001 0.0001 0.1312524655637913 0.0112456567582087 0.0348756532431022 0.0017240037683874 0.2125542833699235 0.1686238182230455 0.283548466245593 0.1793314792141393 0.4626940596676814 0.5223484851597149 0.3264104491331276 0.283548466245593 0.45745616047 0.1384972415527471
0 0.6047221343873518 0.7416183333333334 0.0001 0.0001 0.0533212862581526 0.0011555733278922 0.0323916673126169 0.000720697222075 0.4177804678856845 0.3898113378441761 0.4963188218297583 0.3609007580440916 0.5074611947815382 0.6070374258380151 0.1442836896058164 0.4963188218297583 0.31292912166 0.1743607166487972
2 0.1937371541501976 0.1625675 0.0001 0.0001 0.0267106345756539 0.0007608037196244 0.0174878724508899 0.0004619269476799 0.8651477688574057 0.8248945245064386 0.9336393230210652 0.8300197122357065 0.2798947917169174 0.664672929033571 0.2827759067713404 0.9336393230210652 0.1972225875959999 0.1269739011245488
3 0.1384122529644268 0.9665733333333334 0.3333666566686669 0.0001 0.0647258620178117 0.001966942198249 0.0448115500179161 0.000612842255507 0.0930326109356347 0.0722087534204923 0.0803490413827022 0.1263413054952047 0.6604156836061496 0.0930225932169965 0.8177732575470721 0.1193692185620823 0.4522381542799999 0.908563331962038
0 0.5098794466403163 0.7416183333333334 0.3333666566686669 0.0001 0.0856342001602137 0.0010912047225099 0.0472955314772464 0.0021265559642826 0.4087453547729002 0.3776582040288347 0.4860116488483678 0.3562251798526833 0.4888082288123004 0.5988037553029191 0.1765353212357851 0.4860116488483678 0.308023532974 0.1672942042812447
5 0.7390826086956521 0.2583816666666667 0.0001 0.0001 0.0362144414361933 0.001036528059195 0.0510215059018195 0.001537688547719 0.2801885622558811 0.2601776455416341 0.3299309401308472 0.2463484646547633 0.6063220319323015 0.436483310370451 0.3188218419785819 0.3299309401308472 0.29713648082 0.1661350271624739
6 0.901105533596838 0.3875225 0.0001 0.0001 0.0172068396899058 0.0006521857772649 0.0634413617801887 0.0015721134543281 0.1379500515195988 0.1192009782737518 0.1731139825271429 0.1185486401091616 0.6604156836061496 0.3329745921583847 0.4307538999544296 0.1731139825271429 0.375557223534 0.1500765753617948
3 0.6521434782608696 0.8790908333333334 0.0001 0.0001 0.0533212931008905 0.0009412434026735 0.0261817337844885 0.0005497378357205 0.0731553634814985 0.0632964373025643 0.0442737835482784 0.1130937532987138 0.7424888060578462 0.0106861175847875 0.8670992723491517 0.1068533055482083 0.587642008092 0.8250056652075984
4 0.3913260869565217 0.4708391666666666 0.0001 0.0001 0.0096037989913908 0.0001634760305062 0.0224557736676115 0.0004205267024645 0.0494059158315233 0.0600555904375655 0.0582621512650798 0.0297121586246092 0.8917126865796924 0.1859451800823224 0.4326510688174492 0.0597346092810411 0.53116656544 0.3168408424576509
3 0.6284328063241107 0.8291008333333334 0.0001 0.0001 0.0552220517359033 0.0012388344455442 0.0274237200429987 0.0008265273171623 0.1219449854424472 0.1005661288527239 0.1061170831662954 0.1590705281702095 0.6473585906399969 0.0847889438541356 0.8443333996623651 0.15029086340154 0.403957272388 0.9116082238145214
2 0.9524786561264824 0.1917283333333333 0.0001 0.0001 0.0419167891899797 0.0008915813535717 0.0224558040714655 0.0003243685076559 0.6477887135813699 0.5575249315901535 0.7908107629514671 0.582212686450111 0.003830643556906 0.9704940942953288 0.0702946844770802 0.7908107629514671 0.359371061414 0.132692661543042
1 0.1384122529644268 0.5583216666666667 0.0001 0.0001 0.0096038034391704 0.0002978959256397 0.0286657130082414 0.0015877781001134 0.0060373617382451 0.0025306321590715 0.0096709863802431 0.0055548713809549 0.8077742557796916 0.1506581228778463 0.5749375858038817 0.0096709863802431 0.2519014896279999 0.086242660934479
4 0.0712320158102766 0.1833966666666666 0.0001 0.0001 0.0495197929377099 0.0029526885999695 0.0286657174793964 0.000722356813289 0.1467270117726417 0.1499889760939139 0.1767951341931138 0.111535227234911 0.8096395557341526 0.3106261334639639 0.3150275213269258 0.1767951341931138 0.40480989183 0.2367222367870694
5 0.2213996047430829 0.1292408333333333 0.0001 0.0001 0.0799319653116031 0.0009763089954567 0.0224557470642393 0.0006042571451552 0.261085745501185 0.2391121737326756 0.3166788047350603 0.2229704614832279 0.5988608287569203 0.4600080031758353 0.2884673792116328 0.3166788047350603 0.33469486764 0.1704002927364189
0 0.7193237154150197 0.724955 0.0001 0.0001 0.0989395208694096 0.0015362590934079 0.1292666826639327 0.0041072255037459 0.3134894238591611 0.2966371271985181 0.3645337233841405 0.2751813476233407 0.6175138115138441 0.4505981091158935 0.2846730927087432 0.3645337233841405 0.2857829919719999 0.1745232250161184
0 0.5928667984189724 0.6333066666666667 0.0001 0.0001 0.0704281413442188 0.0024038084830734 0.4062298977588883 0.0303817947054783 0.2788978397768502 0.2520755393169817 0.3181512494988862 0.2627130759922657 0.5596895498584624 0.3859051800823225 0.4478282916637322 0.3188874718807991 0.2638937307 0.0885018998580663
0 0.5928667984189724 0.6333066666666667 0.0001 0.0001 0.0704281413442188 0.0024038084830734 0.4062298977588883 0.0303817947054783 0.2788978397768502 0.2520755393169817 0.3181512494988862 0.2627130759922657 0.5596895498584624 0.3859051800823225 0.4478282916637322 0.3188874718807991 0.2638937307 0.0885018998580663
3 0.1621229249011857 0.9707391666666668 0.3333666566686669 0.0001 0.038115206913944 0.0015826863751847 0.0249397519971334 0.0010080019432591 0.0894185684784994 0.0697781164487691 0.0774041253507796 0.1208864397249745 0.6697421665907685 0.0953750646147584 0.8044931779522341 0.1142156155062178 0.446046232912 0.9124951717234612
5 0.2174478260869565 0.40002 0.0001 0.0001 0.0381151966498371 0.0003090973088469 0.105668954930127 0.0146652704681253 0.3473065772420318 0.337147636446091 0.3866206068756951 0.3149240042128136 0.6529544804307683 0.4023724682219266 0.3264104491331276 0.3866206068756951 0.230508529076 0.1767964455003315
4 0.3004351778656126 0.4708391666666666 0.0001 0.0001 0.0172068468747806 0.0002232181691556 0.0137618622570768 0.000145407947335 0.0357241676414924 0.0503330644263619 0.037647715850385 0.0195816824013037 0.9234227639815376 0.1494818866496594 0.4592112109327422 0.0457462448772736 0.5958802801080001 0.3847197918983227
3 0.5138312252964428 0.8207691666666667 0.0001 0.0001 0.0476190171958524 0.0005219291144401 0.0137618600214993 0.000273618558829 0.112909858389771 0.0932742325213471 0.0994910154684019 0.1458229970139361 0.6622809802030731 0.0941988283865715 0.8139789539697992 0.1377749702658691 0.3831908665 0.9125387948639968
0 0.8813466403162056 0.7457841666666667 0.0001 0.0001 0.0989395379762544 0.0022535176497078 0.0671673406759167 0.0014341381188178 0.3310433513351929 0.3096004781990314 0.3888293137778401 0.2899874609506637 0.5802078459999963 0.4870614300724622 0.263804371810593 0.3888293137778401 0.29566227572 0.171006216312157
0 0.7074683794466403 0.6999599999999999 0.0001 0.0001 0.0780312032552214 0.0026278439099647 0.101942984976709 0.0053459539920301 0.2474039994021378 0.2285794232444037 0.2923832010892253 0.217515581686186 0.6249749979015393 0.4059011917270517 0.3491762876711477 0.2923832010892253 0.3012055868359999 0.1627384646518503
6 0.7232754940711463 0.5583216666666667 0.0001 0.0001 0.0248098885997063 0.000716600011475 0.0050679499523111 0.0002962817221106 0.0039721925288982 0.0025306321590715 0.0081985270390682 0.0008792673100789 0.8226966436639993 0.1530105932169965 0.5559660477697453 0.0081985270390682 0.5277722444399999 0.1886297636735916
1 0.4782652173913043 0.4666733333333333 0.0001 0.0001 0.0210083655133536 0.000477122361751 0.0112778868338057 0.0002522501536294 0.0083606768373873 0.0001 0.0221868921054426 0.0016585346201579 0.7741988834596913 0.2000600074102823 0.529405898824699 0.0221868921054426 0.9999 0.1514132326991211
1 0.3913260869565217 0.4333466666666666 0.3333666566686669 0.0001 0.0267106499718142 0.0002642910501509 0.0162458392452522 0.0003377239979952 0.0192028153607069 0.0025306321590715 0.0413288661911423 0.0117890093005141 0.7126440336467679 0.2424044809252677 0.5237144349215983 0.0413288661911423 0.95427422698 0.1213367137968613
2 0.6600470355731225 0.0084316666666666 0.3333666566686669 0.0001 0.0457181661838776 0.000548067103468 0.029907701502329 0.0003884755262175 0.9090326049723504 0.8726969082096994 0.9638247057222038 0.8845684330586614 0.2929519182584423 0.6093898728877066 0.358662063688713 0.9638247057222038 0.177255471818 0.1157342873479925
6 0.7351308300395256 0.3125375 0.0001 0.0001 0.0362144517003002 0.0011715013777701 0.0684093068142294 0.0019334232363728 0.0468244548425857 0.0341288519770571 0.0722505156688474 0.0320499582404221 0.7312970214399976 0.2647529396196886 0.4686969749982393 0.0722505156688474 0.59420685486 0.1662171037908772
5 0.7904557312252964 0.4750049999999999 0.0001 0.0001 0.0343136896439185 0.0005480658432817 0.222415752653183 0.0749242940016715 0.2985169552810831 0.2852941595250742 0.3431830755266342 0.2634923635710876 0.6473585906399969 0.4164873093118393 0.3093360659610166 0.3431830755266342 0.270683892396 0.1798881831339751
3 0.6205292490118577 0.7291208333333333 0.0001 0.0001 0.0305121668997027 0.0004435176274031 0.0336336602778596 0.0014061455344737 0.0842556437126458 0.0681577039541143 0.0715142866608668 0.1130937532987138 0.6958563525230735 0.0906701239364581 0.7855216429914866 0.1068533055482083 0.4288787270999999 0.900373964321086
5 0.6363363636363636 0.6166433333333333 0.0001 0.0001 0.0742296620356132 0.0010681495626581 0.0497795017586893 0.0011496941947949 0.1820930265543927 0.1840178207790747 0.1959371082788136 0.1653046674924499 0.7891212713439991 0.2412282362281868 0.4478282916637322 0.1959371082788136 0.202904990888 0.2085009350246963
3 0.6244810276679842 0.7041258333333333 0.3333666566686669 0.0001 0.0533212999436285 0.0009811969458184 0.0733772674973125 0.0025493590385403 0.14827589408136 0.1321643365661615 0.1201054409439952 0.1933582909358287 0.6753380563815397 0.0318583527543626 0.9012480386933736 0.1826849728830266 0.35888982768 0.8658646528861709
5 0.8813466403162056 0.4708391666666666 0.0001 0.0001 0.0533213067863664 0.0014044035767008 0.0423275707941633 0.0009555722172466 0.3034217341571413 0.2682797590581828 0.3733684714799081 0.2627130759922657 0.4944041353907579 0.5388157521270839 0.2675987095366322 0.3733684714799081 0.34805209566 0.1539096881849218
3 0.9208644268774704 0.6249750000000001 0.0001 0.0001 0.0305121723738931 0.0006059386114042 0.0361176417371899 0.001113278023932 0.1327871197837992 0.1102886548639275 0.1127431508641888 0.1754351465211177 0.636166794270768 0.0671454184277328 0.8841736555212627 0.1657516924473365 0.395619500276 0.8958784645729471
5 0.4031814229249011 0.225055 0.0001 0.0001 0.043817499925827 0.001192375608701 0.0274237066295337 0.000756884084915 0.4193293432244568 0.3922419966915883 0.4896927541318648 0.3702519915743728 0.513057118147682 0.5682216260734022 0.2011983286368248 0.4896927541318648 0.28708799092 0.1683276312773166
1 0.0672802371541502 0.3167033333333333 0.0001 0.0001 0.0533212931008905 0.0020786067066618 0.0423275707941633 0.0013598781190148 0.020493546203673 0.0090123175763072 0.037647715850385 0.0133475437804039 0.7480847075999978 0.2188797669476484 0.525611588417673 0.037647715850385 0.8626980058879999 0.1368409553330723
5 0.57310790513834 0.3583616666666667 0.0001 0.0001 0.3460384137092112 0.004735373730083 0.0137618533147668 0.0005140559755538 0.3343992618424249 0.3355272312433325 0.3601163360841212 0.3055727987361559 0.7350276146338451 0.3341508156832304 0.3529706083228037 0.3601163360841212 0.19717572697 0.2020924120204701
2 0.0633284584980237 0.0292608333333333 0.0001 0.0001 0.0419167036557556 0.0014044035767008 0.0286657018303539 0.0010048135116947 0.8757317363991244 0.8313761817769545 0.9410016131008718 0.8479428145699823 0.2481846992061546 0.6517343432268567 0.3358962251506928 0.9410016131008718 0.1971660788999999 0.1162478789129235
1 0.5493972332015811 0.4750049999999999 0.0001 0.0001 0.0229091231219557 0.0003240331787188 0.0597154007690807 0.0028244773898061 0.0274634921980942 0.0114429501728926 0.0516360815793661 0.017243880681469 0.7145093352799975 0.254166822034901 0.5028457413424613 0.0516360815793661 0.85312801027 0.1360441238695103
1 0.0080035573122529 0.3333666666666666 0.0001 0.5 0.0761304240919949 0.0051930199838986 0.022455775008958 0.0015103176970729 0.0393382142805953 0.0138735813110987 0.0707780576528861 0.0304914265658947 0.6454932940430731 0.2918063559301979 0.5123315156525882 0.0707780576528861 0.82968250031 0.1109161710610929
1 0.4861687747035573 0.425015 0.0001 0.0001 0.0134053231041541 0.0004928573107527 0.0063099379992833 0.0003363545179223 0.0068118001046258 0.0001 0.0185057430898988 0.0008792673100789 0.7853906764713828 0.1894738898254947 0.535097357605485 0.0185057430898988 0.9999 0.1546727994140335
5 0.0791355731225296 0.5666533333333333 0.3333666566686669 0.0001 0.0666266206528244 0.0017317075455895 0.0299076947955965 0.0007090010416874 0.0437266971950952 0.0422309560141406 0.0560534642411379 0.0320499582404221 0.8096395557341526 0.2012362372867985 0.4914628254883277 0.0575259222570992 0.464076466144 0.2451270681660203
4 0.336001185770751 0.2625475 0.3333666566686669 0.0001 0.0457182619822086 0.0016682320594838 0.0150038641646295 0.0001961580331871 0.1562784236349628 0.1580910823185662 0.1915197408569975 0.116990107031953 0.7965824644467686 0.3376795391883557 0.2846730927087432 0.1915197408569975 0.422221718768 0.2346653192701843
4 0.1265569169960474 0.4416783333333333 0.0001 0.0001 0.0172068448219592 0.0002232181389112 0.022455775008958 0.0003243686807403 0.0450174315230342 0.0535739076454125 0.0545809995991089 0.0265950882621484 0.8786555986498455 0.1882976535973079 0.4421368277606313 0.0545809995991089 0.5385725239520001 0.3040552675490466
5 0.9564304347826088 0.4541758333333333 0.0001 0.0001 0.1521608516053587 0.0044952769760044 0.0348756308873272 0.0014225372069854 0.3336248241730387 0.3266149297091971 0.3733684714799081 0.2977801052964892 0.6790686663630734 0.4011962446970809 0.301747475880854 0.3733684714799081 0.24537223574 0.1903432517643499
2 0.9208644268774704 0.1958941666666666 0.0001 0.0001 0.0400160134481222 0.0004920568807032 0.0224558040714655 0.0004846328483922 0.6493375749802502 0.564006669071529 0.7871296112854962 0.5845505071061416 0.0374060158769063 0.9457931356206288 0.0759861569173726 0.7871296112854962 0.34889287747 0.1340173179009597
3 0.6363363636363636 0.89992 0.0001 0.0001 0.0476190103531145 0.0011044150746482 0.0708932882735597 0.0063102066328781 0.0974210980321022 0.0738291732070435 0.0958098704284987 0.1216657062635789 0.6398974042523018 0.1471294163105093 0.7513728766472648 0.1156880735221791 0.425516159748 0.9654195748385986
5 0.3241458498023715 0.30004 0.3333666566686669 0.0001 0.0267106756320814 0.0008915828355508 0.0373596101110801 0.0023436876417778 0.3475647161618813 0.3355272312433325 0.3947191524677529 0.3086898578771673 0.6398974042523018 0.4400119915311059 0.2789816202684507 0.3947191524677529 0.260653218932 0.1823220488963983
1 0.4861687747035573 0.375025 0.0001 0.5 0.1160463827982137 0.0283020331436827 0.1441705557708723 0.0430078351364231 0.0710901893931894 0.0422309560141406 0.1031721605083051 0.064779185824811 0.6119179217230728 0.3023924629288678 0.529405898824699 0.1031721605083051 0.700047352526 0.1001588455954855
4 0.5414936758893281 0.4375124999999999 0.0001 0.0001 0.0210083655133536 0.0002530893342545 0.0100359012459688 0.0002495791363342 0.045275576715835 0.0551943259735844 0.0545809995991089 0.0258158217235441 0.8879820917070762 0.187121417369121 0.4345482035317025 0.0553172352331573 0.5591592657800001 0.3111360132460237
4 0.1265569169960474 0.574985 0.0001 0.0001 0.0191076068783409 0.0003539040111285 0.0162458385745789 0.000209513206205 0.038047485528613 0.0300777952187827 0.0575259222570992 0.0250365544835992 0.7667376903569217 0.2341708315624068 0.4819770580079541 0.0575259222570992 0.57832323222 0.1777601996774867
2 0.4901205533596838 0.1459041666666666 0.3333666566686669 0.0001 0.0210083087186288 0.000716599950986 0.0485375423271091 0.0006637758108553 0.8682455265048963 0.8224638802428192 0.9343755454029784 0.8409294087091376 0.2407235463938319 0.6540868114487834 0.3396905287279656 0.9343755454029784 0.200183735248 0.115324021698082
2 0.8339252964426878 0.1542358333333333 0.0001 0.0001 0.0191075760860202 0.0003539046966699 0.0125198558783691 0.0001534209487375 0.8530148702173469 0.8184127943169595 0.9152335646912108 0.8191099666684344 0.3227966470215365 0.6317383315821274 0.2922616657145225 0.9152335646912108 0.187424987508 0.128597893799633
3 0.9643339920948616 0.9457441666666666 0.3333666566686669 0.0001 0.057122810370916 0.0026592783009572 0.0522634742757096 0.0018599807720297 0.0623132221702005 0.0462820113140357 0.0435375532150843 0.0975084155132216 0.7033175439470745 0.0565593008429452 0.8329504889305466 0.0921287187625278 0.596995557008 0.8679030737886385
2 0.9761893280632412 0.1750649999999999 0.0001 0.0001 0.0248101188578376 0.0003875124252207 0.0187298117622725 0.0006048354779322 0.9394937781485292 0.9350832085379516 0.9660333728679428 0.9141806106194664 0.5037306183753768 0.4811802383454103 0.3510734565341674 0.9660333728679428 0.12119452625 0.1388560456601863
3 0.6679505928853755 0.724955 0.0001 0.0001 0.0210083620919847 0.0005466639615681 0.0323916807260819 0.0008551109127178 0.0749623847100661 0.0592453878361863 0.0648882189629733 0.1006254816676389 0.7014522423138448 0.1012562415212456 0.7627558044534664 0.0950736347944504 0.4351981629599999 0.9076401629152464
4 0.4229403162055336 0.425015 0.0001 0.0001 0.0153060834498513 0.0003090975810472 0.0100358994575068 0.0001854738558287 0.0385637752172199 0.0503330644263619 0.0442737835482784 0.0211402175825341 0.9029044762338468 0.1683016514800843 0.4497254468672452 0.0457462448772736 0.56612432249 0.3450009308327466
0 0.6639988142292491 0.7457841666666667 0.0001 0.0001 0.106542599887257 0.0019241864946339 0.0646833592165864 0.0016102227515134 0.3664093939967279 0.34200892497333 0.4307944003630751 0.3211581505484598 0.5484977702769197 0.527053400431333 0.2315527572550075 0.4307944003630751 0.29709918828 0.1695144693947803
4 0.4466509881422925 0.4583416666666666 0.0001 0.0001 0.0153060834498513 0.0002194843115759 0.0137618644926543 0.0001774605731641 0.0447592828452605 0.0584351706510143 0.0494273945554242 0.0265950882621484 0.9140962675667696 0.1647729470299709 0.4440339795492677 0.0531085415831477 0.52821305626 0.3575866248135384
4 0.5691561264822135 0.3791908333333333 0.0001 0.0001 0.0305121607412386 0.0007123581233745 0.0584734100394155 0.0011710938489461 0.1609250496512796 0.1613319218916687 0.1974095795469103 0.1216657062635789 0.7853906764713828 0.344736933268018 0.2846730927087432 0.1974095795469103 0.417779027484 0.2281580021893157
3 0.0119553359683794 0.8207691666666667 0.3333666566686669 0.0001 0.0799319413620203 0.0018782078392011 0.0547474490283075 0.001322632441019 0.1031003145775465 0.0884129658697971 0.0810852703906828 0.1403681172168942 0.699586945716921 0.0506781249950698 0.8462305685253848 0.1326213539578692 0.42941167049 0.8656462854146929
0 0.0554249011857707 0.7416183333333334 0.0001 0.0001 0.0514205002521882 0.0010297363604224 0.0448115500179161 0.0021834227817882 0.2239127025209202 0.2067037342502733 0.2673514148178835 0.1941375574744331 0.6436279974461494 0.3929625847481024 0.3510734565341674 0.2673514148178835 0.3153995574739999 0.1689853185180845
1 0.3834225296442687 0.4791708333333333 0.0001 0.0001 0.0362144482789313 0.0008181301314304 0.0212137865148704 0.0004538518161788 0.0194609605535076 0.0041510538415158 0.0347027984932489 0.0180231486227545 0.7219705300615358 0.209469888766883 0.5673489704536322 0.0347027984932489 0.908912931054 0.0853087665368594
5 0.1226051383399209 0.6124775 0.0001 0.0001 0.0324129310089058 0.0009699949577218 0.0187298117622725 0.0005407240312938 0.0556014220655746 0.0462820113140357 0.0788765833667409 0.0398426320425523 0.7518153007938454 0.2565193008429453 0.4611083627213787 0.0788765833667409 0.52057408436 0.1782416991128662
2 0.8102146245059288 0.0792508333333333 0.0001 0.0001 0.0267106345756539 0.0006059364438836 0.0187297840411115 0.0004950097287679 0.8597266912318109 0.8224638802428192 0.925540810559346 0.8245648534788822 0.302278384455375 0.6505581197020112 0.2827759067713404 0.925540810559346 0.192571388022 0.1284459093681009
5 0.8536841897233202 0.275045 0.0001 0.0001 0.0533212862581526 0.0028630745300278 0.0373596235245451 0.0004846320983596 0.2804467011757305 0.2715205694636999 0.3196236942627121 0.2471277241799618 0.6827992595569209 0.3859051800823225 0.3226161455558547 0.3196236942627121 0.269237991634 0.1867629651689609
2 0.1344604743083003 0.2333866666666666 0.3333666566686669 0.0001 0.091336458958407 0.0012445444003459 0.0857971077266392 0.0014996690380821 0.7394305393084599 0.671764701547526 0.8320396404069246 0.705336953844522 0.1306708960861536 0.7505381038228346 0.2960560034405617 0.8320396404069246 0.266486482046 0.1153828181048912
0 0.106798023715415 0.7374525000000001 0.0001 0.0001 0.0495197621453892 0.0016084889429297 0.1143628475618107 0.0138078628461937 0.2089402339428422 0.1961709983457941 0.2415833465300195 0.186344885074984 0.6790686663630734 0.3376795391883557 0.4041937578391365 0.2415833465300195 0.27590772742 0.1613342661381038
6 0.984092885375494 0.5 0.0001 0.0001 0.0001 0.0001 0.0001 0.0001000000114629 0.0001 0.0001 0.0001 0.0001 0.8338884349969222 0.1318383580474214 0.5787318931375188 0.0001 0.0001 0.5110522054750354
3 0.9248162055335968 0.9915683333333334 0.0001 0.5 0.0552220620000101 0.0025457097013628 0.0597154074758132 0.0011857766011811 0.1593761743125073 0.144317514132881 0.1407198730456563 0.1933582909358287 0.6790686663630734 0.080084004234447 0.8196704093357086 0.1826849728830266 0.286652298076 0.8941821303296791
6 0.6956130434782608 0.4958341666666667 0.0001 0.0001 0.0020007604141245 0.0002371917002346 0.0050679506229844 0.000296281750958 0.0083606768373873 0.004961264463981 0.0192419727604862 0.0001 0.8077742557796916 0.1859451800823224 0.5180229744333741 0.0192419727604862 0.9999 0.1986651840701547
6 0.8181181818181819 0.5958141666666666 0.0001 0.5 0.3992597239169466 0.1269923987494837 0.0212137829379464 0.0005941446945181 0.0607643468314282 0.0430411680949851 0.0921287187625278 0.0445182382875841 0.6921257425415398 0.2965112923740512 0.4573140591441058 0.0921287187625278 0.7714624366520001 0.1641289333737699
1 0.5493972332015811 0.4708391666666666 0.0001 0.0001 0.0343136896439185 0.0005480663574377 0.0249397519971334 0.0008585797410595 0.0176539372339562 0.0017204213907684 0.0405926351953414 0.0086719403407345 0.718239928473845 0.2459331832581577 0.5123315156525882 0.0405926351953414 0.973670676914 0.1304680827907539
4 0.3478565217391304 0.325035 0.0001 0.0001 0.0590235690059287 0.0030311000164361 0.065925343239519 0.0036070929936667 0.1526643811778274 0.1556604599306358 0.1841574441511233 0.1162108264665369 0.8059089591827678 0.3188597616545896 0.3055417623837438 0.1841574441511233 0.40046451108 0.2405912182717298
4 0.5217347826086957 0.2333866666666666 0.0001 0.0001 0.0476190171958524 0.0015076752439603 0.0472955314772464 0.0009867916723223 0.1893211254085554 0.1832076108857991 0.2379022147422517 0.1434851903847173 0.7312970214399976 0.4094298728877066 0.2353470949810467 0.2379022147422517 0.4293222883699999 0.2142410286527397
5 0.1423640316205533 0.2792108333333333 0.0001 0.0001 0.0343137101721323 0.0002792260731776 0.0572314461366803 0.0021727385683706 0.3054869012755043 0.2998779521878278 0.3439192979085472 0.2697264818531104 0.6977216491199973 0.3882576377181315 0.3036446276694905 0.3439192979085472 0.258964656712 0.194482767215596
4 0.0277624505928853 0.3791908333333333 0.0001 0.0001 0.0647258620178117 0.001966942198249 0.0435695592882509 0.0024531992427007 0.1250427361199918 0.1354051834311603 0.1451372669717432 0.0936120758067941 0.8655985073624616 0.2576955349539086 0.3434848323052385 0.1451372669717432 0.390351114164 0.2681730105006072
0 0.4861687747035573 0.74995 0.0001 0.0001 0.1198479377032977 0.0028609308018082 0.0733772674973125 0.0021194141400897 0.4164897314667616 0.3857603029615908 0.4955826325781838 0.3616800456229136 0.4888082288123004 0.6093898728877066 0.1594609380636741 0.4955826325781838 0.313648217812 0.1694053024436279
5 0.3122905138339921 0.30004 0.3333666566686669 0.0001 0.0571228137922849 0.0018922674863751 0.0336336915759446 0.000508671246804 0.34472509743424 0.333096608855402 0.3888293137778401 0.3086898578771673 0.6436279974461494 0.424720937502465 0.2998502899434513 0.3888293137778401 0.2497291041919999 0.1797890030118411
2 0.7548897233201581 0.1667333333333333 0.0001 0.0001 0.024809945736568 0.0004928582584128 0.0212137496278416 0.0006569011352689 0.7580170851934032 0.6944505566835538 0.8416105976324698 0.72949420952785 0.1530544720369251 0.7117223781610448 0.3358962251506928 0.8416105976324698 0.250186642666 0.1110020577906511
6 0.6323845849802372 0.5166633333333334 0.0001 0.0001 0.0020007607904751 0.0002371917304791 0.002583975423271 0.0002241394896446 0.0088769686169781 0.0057714750864463 0.0199782030936803 0.0001 0.8096395557341526 0.187121417369121 0.5142286691486628 0.0199782030936803 0.9999 0.2052010853019786
3 0.4308438735177866 0.7416183333333334 0.0001 0.0001 0.0343137033293944 0.0007720994756676 0.0274237267497312 0.0009555723614836 0.0901930061478855 0.0795006497518691 0.0612070672970024 0.1310169187536424 0.7312970214399976 0.0142148305037951 0.8727906935662947 0.1237866058621015 0.508137212232 0.831782861656176
1 0.0791355731225296 0.4625075 0.0001 0.0001 0.015306084476262 0.0005069763782339 0.0100359001281801 0.000391132855419 0.0039721925288982 0.0001 0.0081985270390682 0.0032170693104499 0.8059089591827678 0.1530105932169965 0.5730404319663193 0.0081985270390682 0.5555444888800001 0.1007424624556514
0 0.4110849802371542 0.7416183333333334 0.0001 0.0001 0.0704281310801119 0.0016240015345686 0.0994590057529561 0.0025920817569822 0.4281063034774998 0.4011542982257237 0.4999999668696615 0.3772653974352175 0.511191821550758 0.577631520133344 0.1879182148932204 0.4999999668696615 0.285558026974 0.1693358646089235
2 0.6521434782608696 0.1833966666666666 0.0001 0.0001 0.0476189829821627 0.0009251946269424 0.0261817650825735 0.0006048307108985 0.8651477688574057 0.8305659427160936 0.923332143413607 0.8354745920327484 0.3190660706153752 0.6152710752008761 0.3226161455558547 0.923332143413607 0.1826865153919999 0.1236338858861319
4 0.5770596837944664 0.2417183333333333 0.0001 0.0001 0.0704281413442188 0.0030311002180659 0.0423275931499383 0.0019483715289716 0.1789952758768482 0.171054462486665 0.2283312376385033 0.1341339708812479 0.7219705300615358 0.4106061281709051 0.2429357021355924 0.2283312376385033 0.44487097801 0.2103748334094526
5 0.5968185770750988 0.3625275 0.0001 0.0001 0.2395958754065955 0.0040189793591809 0.0236977702097782 0.0006569008251593 0.2006795654693901 0.1815872056830405 0.246000727203971 0.1707595472894919 0.6380320908676917 0.39649129766711 0.3510734565341674 0.246000727203971 0.346428750394 0.1681531051460001
5 0.7825521739130435 0.3583616666666667 0.3333666566686669 0.0001 0.0932372586498473 0.001364844814657 0.011277887504479 0.0002316697946298 0.3333666852531893 0.3355272312433325 0.3586438780681599 0.3040142446187296 0.7424888060578462 0.3317983686335389 0.3491762876711477 0.3586438780681599 0.1994116296999999 0.2027568298804589
0 0.8062628458498023 0.7457841666666667 0.0001 0.0001 0.0438174759762442 0.0011062791725554 0.0361176283237249 0.0009104792517668 0.3449832433240354 0.3266149297091971 0.402081449173627 0.3016764520163226 0.5969955321599965 0.4870614300724622 0.246729988638482 0.402081449173627 0.290830282312 0.1774419471312383
1 0.5177830039525692 0.3333666666666666 0.0001 0.5 0.6482593617062851 0.1901435532122828 0.7477765324310227 0.6414952958833274 0.2985169552810831 0.2617980653281853 0.3490729075904793 0.27985697490859 0.4850776020430806 0.4447169385610768 0.4288567481657933 0.3490729075904793 0.398844155216 0.1172762873176063
1 0.336001185770751 0.5374924999999999 0.0001 0.0001 0.1863745172996946 0.0049075870678006 0.0684093135209619 0.0020316560067411 0.0692831681646218 0.0438513779882607 0.1002272444763826 0.0608828531317894 0.636166794270768 0.2965112923740512 0.5142286691486628 0.1002272444763826 0.6279184111999999 0.1052314497841951
0 0.2490620553359683 0.7707791666666667 0.0001 0.0001 0.0913365068575725 0.0024951650378978 0.0771032307439981 0.0017422100147968 0.3478228690216226 0.3233740609685094 0.4072350389773561 0.3079105983519689 0.5540936768553772 0.498823781768213 0.2713929960395219 0.4072350389773561 0.29003910058 0.1646411989563606
4 0.0870391304347826 0.5458241666666667 0.0001 0.0001 0.0134053251569755 0.0002082826722989 0.0212137865148704 0.0003697765589176 0.0352078758619016 0.0479024296422077 0.0383839461835791 0.0195816824013037 0.9103656676578477 0.1553630646147584 0.46300551963233 0.0435375532150843 0.574720512908 0.3717885267781559
5 0.7351308300395256 0.4541758333333333 0.0001 0.0001 0.0761303932996742 0.0022004231755708 0.0286657308928614 0.0005665555122866 0.4185549055550707 0.414927888287098 0.459507378056794 0.3780446569604159 0.6753380563815397 0.4270734268966268 0.263804371810593 0.459507378056794 0.222863608366 0.1933238250810375
1 0.5414936758893281 0.524995 0.3333666566686669 0.0001 0.0571228274777608 0.0018922651676322 0.0224557772445355 0.0002282103921776 0.0532781062694378 0.0227859003457852 0.0921287187625278 0.0414011686264639 0.6063220319323015 0.3306221345225756 0.4895656685773764 0.0921287187625278 0.779810486708 0.1148046898045387
1 0.8813466403162056 0.2583816666666667 0.0001 0.0001 0.0514205344658778 0.001388190321446 0.0522634742757096 0.000869263377529 0.0406289465175506 0.0171144259885285 0.0707780576528861 0.0312706945071802 0.6585503702215395 0.2859251747892636 0.5085372086604386 0.0707780576528861 0.78987211398 0.1156675350471417
4 0.5493972332015811 0.4750049999999999 0.0001 0.0001 0.0096038068605394 0.0001634761010766 0.0150038518689532 0.0003243687672825 0.0432104054155044 0.0535739076454125 0.0508998512461719 0.0250365544835992 0.8917126865796924 0.1788877722407072 0.4440339795492677 0.0516360815793661 0.54562577302 0.3227596583636572
4 0.8971537549407115 0.5499900000000001 0.0001 0.0001 0.0172068468747806 0.0004472512067336 0.015003852986742 0.0003243685941981 0.0370148970904693 0.0487126409938625 0.0413288661911423 0.0211402175825341 0.9029044762338468 0.1612442394040221 0.4611083627213787 0.0450100138814726 0.55642611252 0.3575047093171662
4 0.3320494071146245 0.2458841666666666 0.0001 0.0001 0.0438174896617201 0.0008355760203299 0.0410855890068081 0.0009253547046677 0.1650553838880057 0.1678136156216662 0.1996182533187168 0.1255620459700063 0.800313062676922 0.3365033050773923 0.2827759067713404 0.1996182533187168 0.406033417076 0.2341730944839767
4 0.1344604743083003 0.3541958333333333 0.3333666566686669 0.0001 0.0723289102433384 0.0011156165485887 0.0634413550734562 0.0028805682121152 0.1516317836787539 0.1516094104642577 0.1841574441511233 0.116990107031953 0.7853906764713828 0.3235646980984429 0.3188218419785819 0.1841574441511233 0.399519370146 0.2295879314742979
6 0.8260217391304348 0.4291808333333333 0.0001 0.0001 0.043817493083089 0.0014180614764634 0.0137618571152486 0.000145407997818 0.112909858389771 0.0835517065101434 0.1657516924473365 0.0850401368687408 0.5951302355630727 0.4117823622818685 0.3700449914949146 0.1657516924473365 0.54619795856 0.1515835123300315
0 0.2332549407114624 0.7707791666666667 0.0001 0.0001 0.049519782673603 0.0011555752433755 0.0994589901039136 0.0015396958222826 0.3565998292746655 0.3306659572998862 0.4197509453651624 0.3141447446876151 0.5410365671015385 0.5188197828268248 0.2524214781531577 0.4197509453651624 0.2977291622599999 0.1654135920618541
4 0.1107498023715415 0.3708591666666667 0.0001 0.0001 0.0761304343561018 0.0014740713161316 0.0597154119469682 0.0027283193248108 0.1438874069848925 0.1524196203575333 0.1694328374872397 0.1084181610804938 0.8469455246055377 0.2882776535973079 0.3131303866126727 0.1694328374872397 0.394351813864 0.2559765074428091
3 0.7746486166007905 0.9374125 0.0001 0.0001 0.0837334620534147 0.0069852832360476 0.0746192492846677 0.0055810055333208 0.1121354276903308 0.0957048622011739 0.1105344704663146 0.1294583786630279 0.6846645561538448 0.1506581228778463 0.7001497271309319 0.1230503636019855 0.2927702942319999 0.979308635607683
1 0.9208644268774704 0.4625075 0.0001 0.0001 0.0590235758486666 0.0080046345737459 0.0311496855252617 0.0055623088089066 0.0158469146113993 0.0041510538415158 0.0347027984932489 0.0071134058608447 0.7480847075999978 0.225937182199546 0.5142286691486628 0.0347027984932489 0.960225366514 0.1462889487683146
0 0.5454454545454545 0.7332866666666666 0.0001 0.0001 0.0704281550296947 0.0012329743773434 0.0410855890068081 0.0008715148453766 0.4213945033728739 0.3914317795064164 0.4955826325781838 0.3710312510995713 0.4925388052184618 0.5870414141932858 0.1917125526192596 0.4955826325781838 0.292733701552 0.1655900652052145
1 0.3439047430830039 0.5208291666666667 0.0001 0.0001 0.0628250896973231 0.0012592494645657 0.0460535318052713 0.0016235562384945 0.05585956795537 0.0300777952187827 0.0877113380885763 0.046856037903397 0.6380320908676917 0.2976875370711321 0.5104343604490751 0.0877113380885763 0.69504868246 0.106095352455753
6 0.2174478260869565 0.5416583333333334 0.0001 0.0001 0.0058022824056391 0.0002840619929649 0.0075519258226977 0.0001 0.0013907307035671 0.0001 0.0037811490155438 0.0001 0.8245619419396918 0.1436007118603958 0.5692461239497069 0.0037811490155438 0.5555444888800001 0.1595166296875821
0 0.2846280632411067 0.7916083333333334 0.0001 0.5 0.0248098998902239 0.0007522018891653 0.0994589901039136 0.0018708921587623 0.409261653522437 0.3857603029615908 0.4786493190121552 0.3577836989030802 0.5410365671015385 0.561164253165975 0.1841239454647139 0.4786493190121552 0.294228592514 0.175740443235302
0 0.0949426877470355 0.8207691666666667 0.0001 0.0001 0.1958783720593995 0.00498101832859 0.1416865989028944 0.0026622105199044 0.3878355167896364 0.3517314291088446 0.4661334457546874 0.3390812739229532 0.4608287630707576 0.5988037553029191 0.2049925980653313 0.4661334457546874 0.320631140948 0.1594848228960026
3 0.2253513833992095 0.9207491666666666 0.0001 0.0001 0.0856342412166412 0.0015674156385119 0.0572314260164828 0.0006983161070847 0.1025840227979558 0.0819312794316959 0.0899200251125182 0.1356925179852683 0.6585503702215395 0.0953750646147584 0.8158761057584357 0.1282039799099854 0.423498463368 0.9143608120916176
1 0.098894466403162 0.4541758333333333 0.0001 0.0001 0.0267106458661714 0.0013844566413005 0.0187298117622725 0.0008612510107695 0.009393261790558 0.0009102106953842 0.0221868921054426 0.0039963369010651 0.7723335851839989 0.1953550635561467 0.5388916663050728 0.0221868921054426 0.9840301746 0.1453549033094157
0 0.9919964426877472 0.6874625 0.0001 0.5 0.0647258517537048 0.0012576260420901 0.1131208568321455 0.0021590881205262 0.3689908459247357 0.337957853631263 0.444046535758862 0.3188203228790234 0.5018652882030807 0.5788077436581898 0.1955068391221492 0.444046535758862 0.3204563559119999 0.1666936685578005
2 0.8971537549407115 0.0375925 0.0001 0.0001 0.0362144209079795 0.0005946535719857 0.0187298117622725 0.0006428889193293 0.8713432493026569 0.8313761817769545 0.9314306558753266 0.8448257414021593 0.2798947917169174 0.6258571927856635 0.3453819840938749 0.9314306558753266 0.1889538816679999 0.1169491053712943
3 0.2648691699604743 0.6707991666666666 0.0001 0.0001 0.0362144414361933 0.0011715007728806 0.0522634832180196 0.0013257783226609 0.2099728105320778 0.179156561419421 0.1996182533187168 0.2502448183880025 0.5540936768553772 0.1318383580474214 0.8633049346231124 0.2364297567262904 0.312332171074 0.9504393480955882
0 0.6877094861660079 0.7374525000000001 0.0001 0.0001 0.1027410449821729 0.0026943391050322 0.0522634630978221 0.0010372323697549 0.38886811428871 0.3622641941809091 0.4580349266669004 0.3406398280403794 0.5261141775384621 0.5552830614389231 0.2087869357913705 0.4580349266669004 0.29633459123 0.168702582157051
5 0.3597118577075098 0.2458841666666666 0.3333666566686669 0.0001 0.0381151966498371 0.0014719159941975 0.0174878009124098 0.0005727086133061 0.4260411363591366 0.3898113378441761 0.5103072127377967 0.3710312510995713 0.4477716533169188 0.6364433103704511 0.1575637862750377 0.5103072127377967 0.314401857054 0.1634716153939069
4 0.4743134387351778 0.425015 0.0001 0.0001 0.0590235690059287 0.0016420953911311 0.0659253275904765 0.0012031460564877 0.1413059480869387 0.1459379266275358 0.1686966151053268 0.1076388875284836 0.8208313453883069 0.2965112923740512 0.3264104491331276 0.1686966151053268 0.39660963221 0.2449142731772887
4 0.1305086956521739 0.30004 0.0001 0.0001 0.049519782673603 0.000443517708055 0.0547474624417725 0.0004098431741728 0.1356267315414944 0.1426970797625371 0.1620705474074333 0.1006254816676389 0.839484330495507 0.2906301218192346 0.3169246901899455 0.1620705474074333 0.4100912353499999 0.2581073778481901
5 0.2688209486166008 0.2375524999999999 0.0001 0.0001 0.0286113644711673 0.0009698428280245 0.0174878165614523 0.0005209769007424 0.3924821358360074 0.3590233254402214 0.4705508065504359 0.3414190945789838 0.4776164492307577 0.5988037553029191 0.1879182148932204 0.4705508065504359 0.316063154728 0.1636883547604859
2 0.2490620553359683 0.0334266666666666 0.0001 0.0001 0.0324129583798575 0.0002530908968856 0.0373597397745751 0.0003243676710811 0.960403616131793 0.9593895053362198 0.9704507734200972 0.94924763992369 0.520518304535377 0.4070774152518975 0.4535197470296414 0.9704507734200972 0.10159454703 0.1151706777150365
4 0.21349604743083 0.4875025 0.0001 0.0001 0.0115045654955521 0.00014480666498 0.0087939134225544 0.0002095132711116 0.0352078758619016 0.0503330644263619 0.0361752591596372 0.0195816824013037 0.9271533538178478 0.1447769459713591 0.46300551963233 0.0457462448772736 0.593896556932 0.3954734247548813
3 0.2332549407114624 0.7082916666666667 0.3333666566686669 0.0001 0.0571228137922849 0.001309779409054 0.0597154007690807 0.001606474608172 0.1369174609904712 0.1248724402347847 0.1186329961801694 0.1676424811350746 0.7070481438559965 0.0765552987257217 0.7969045707976883 0.1583894023675301 0.285733731826 0.8784895153782185
3 0.7865039525691699 0.84993 0.0001 0.0001 0.0533213067863664 0.0010662040869565 0.105668932574352 0.0020075718130737 0.1606669037614842 0.1248724402347847 0.1495546343935593 0.2066058431323197 0.535440660523081 0.1165472997843335 0.9069394599105164 0.1952008858969006 0.4207827966099999 0.9409136420244548
0 0.9919964426877472 0.7916083333333334 0.0001 0.0001 0.1578631104035521 0.0056398951728635 0.1242987443366245 0.0042794654264116 0.2809629999252673 0.260987862726806 0.3247773171967796 0.253361870515608 0.6063220319323015 0.4082536387767432 0.3643535361290055 0.3247773171967796 0.27541312636 0.1458488736926283
2 0.4980241106719367 0.1917283333333333 0.3333666566686669 0.0001 0.032412913902061 0.0008181312101499 0.0361176573862324 0.0008960918248412 0.8661803315067493 0.8240842854455778 0.9299582111115006 0.8378123355413145 0.2668376651753925 0.642324449166915 0.3321019044990368 0.9299582111115006 0.1948154991099999 0.1180976074929966
0 0.2372067193675889 0.7957741666666667 0.0001 0.0001 0.0780311690415317 0.0019940404392012 0.0423275707941633 0.0008238511433935 0.429655192756164 0.4011542982257237 0.5036811450399031 0.3780446569604159 0.4999999916061569 0.5882176377181315 0.1822267936760775 0.5036811450399031 0.293568334592 0.1680528172411514
1 0.1897853754940711 0.3500299999999999 0.0001 0.0001 0.057122810370916 0.0060592811606601 0.0671673250268742 0.0024718974816037 0.0362404594210831 0.0163042146368737 0.0626795319390314 0.0273743555020933 0.6846645561538448 0.2671054184277328 0.5123315156525882 0.0626795319390314 0.794048918452 0.1205662844879983
2 0.3162422924901186 0.2333866666666666 0.0001 0.0001 0.0286113644711673 0.0005632161263015 0.0199718091986702 0.0005209771170979 0.8566288917646443 0.8192230406697167 0.9174422318369496 0.8269025969874483 0.302278384455375 0.6258571927856635 0.3226161455558547 0.9174422318369496 0.1886123599859999 0.122121695342294
0 0.6798059288537549 0.7457841666666667 0.3333666566686669 0.0001 0.0799319242551755 0.0026856183129807 0.0348756577142572 0.0009689769573183 0.3516950434286613 0.3274251323105764 0.4131248776672689 0.3094691174023657 0.5540936768553772 0.5094098993530006 0.254318612867411 0.4131248776672689 0.29216697492 0.1671868836346167
5 0.6837577075098815 0.2667133333333333 0.0001 0.0001 0.0514205344658778 0.000828537224216 0.0535054560630648 0.0008814380642483 0.2866422164707116 0.2942065048105876 0.3026904337052251 0.2619338375072849 0.7947171678498449 0.276515301901557 0.3852222228783892 0.3026904337052251 0.18179580357 0.221974996890453
4 0.5849632411067194 0.275045 0.0001 0.0001 0.0723288965578626 0.0040728554513055 0.05474745573504 0.0044484806419011 0.170734607403396 0.171054462486665 0.2091892436746005 0.1294583786630279 0.7816600765624608 0.3564992849637688 0.2694958613252686 0.2091892436746005 0.41575350267 0.2274698173547219
6 0.7983592885375494 0.30004 0.0001 0.0001 0.0134053378160407 0.0002371921539017 0.0050679524114464 0.0003911328770545 0.1191053736847521 0.0940844424146227 0.1650154700654236 0.0943913493588043 0.6231097180923016 0.3800240095275058 0.3928108300329349 0.1650154700654236 0.48185547963 0.1512307506737631
2 0.1423640316205533 0.0584216666666666 0.0001 0.0001 0.0457182106616742 0.0008362479819412 0.022455690057013 0.0006481849134611 0.8785713620967115 0.8338068333324704 0.9424741241253746 0.8526184769222609 0.2444541395876795 0.6458531938442754 0.3491762876711477 0.9424741241253746 0.1961538613839999 0.1140665204710932
1 0.1818818181818181 0.45001 0.3333666566686669 0.0001 0.0780311793056386 0.0023931955968145 0.029907701502329 0.0010969876779307 0.0305612456636172 0.0154940040144084 0.0450100138814726 0.0297121586246092 0.7201052301070746 0.2082936525386961 0.5711432782995007 0.0450100138814726 0.73287971474 0.076796681649627
5 0.7469861660079051 0.2917083333333333 0.0001 0.0001 0.0419167036557556 0.0007571638981589 0.0410855890068081 0.0003484069998218 0.2992913859805232 0.287724789204901 0.3417106108846052 0.2650509036617021 0.6585503702215395 0.4059011917270517 0.3150275213269258 0.3417106108846052 0.2672978897319999 0.1803250691382101
5 0.8971537549407115 0.1292408333333333 0.3333666566686669 0.0001 0.0704281550296947 0.0016678315218513 0.0969750399426683 0.0017090321093906 0.3106498260413579 0.2885350209738657 0.3586438780681599 0.2806362344337885 0.58207314259692 0.4353070550872526 0.3453819840938749 0.3586438780681599 0.271617855566 0.1551969820531
1 0.0633284584980237 0.4041858333333333 0.0001 0.0001 0.043817493083089 0.0007522018891653 0.026181736020066 0.0007583488263313 0.0130073070356717 0.0041510538415158 0.0221868921054426 0.0117890093005141 0.7686029903113826 0.1788877722407072 0.5692461239497069 0.0221868921054426 0.8758507148200001 0.0975048331954063
5 0.5335901185770752 0.4916683333333333 0.3333666566686669 0.0001 0.0666266274955623 0.0032103291644684 0.0448115410756061 0.0023757414359267 0.1722834757722223 0.1394562328975383 0.2312761470443582 0.1411473767420926 0.5522283466830813 0.4553030561458643 0.3434848323052385 0.2312761470443582 0.449757370536 0.1483294845286923
3 0.8339252964426878 0.9332466666666668 0.0001 0.0001 0.049519782673603 0.0015673743043993 0.0435695749372934 0.0017333896322211 0.1805441651555124 0.1540400255602919 0.159125624749443 0.228425334266864 0.593264938966149 0.0718503601646449 0.9202195565797376 0.2158153246246294 0.35191047383 0.906501060162032
6 0.9919964426877472 0.524995 0.0001 0.0001 0.0305121668997027 0.0006487668009386 0.0137618622570768 0.0006137184449532 0.0052629226748697 0.0025306321590715 0.0118796760546121 0.0008792673100789 0.8133701522855374 0.1647729470299709 0.5464802819968101 0.0118796760546121 0.74995 0.1740837877547224
2 0.3992296442687747 0.2583816666666667 0.0001 0.0001 0.0134053378160407 0.0001634773713445 0.0361176283237249 0.0009787770698889 0.8749573056996842 0.8419088885138484 0.9314306558753266 0.8456050710614162 0.3265272737907564 0.6093898728877066 0.3245132973444911 0.9314306558753266 0.178699842886 0.1237652924145101
1 0.0830873517786561 0.5083316666666666 0.0001 0.0001 0.0001 0.0001 0.0001 0.0001000000114629 0.0001 0.0001 0.0001 0.0001 0.8338884349969222 0.1318383580474214 0.5787318931375188 0.0001 0.0001 0.5110522054750354
5 0.7509379446640316 0.40002 0.0001 0.0001 0.0704281310801119 0.0016387504532738 0.2311096676406417 0.0022715539120844 0.2037773022070427 0.1961709983457941 0.2379022147422517 0.1746558869959193 0.7163746318769212 0.3435607097431723 0.3567649119000766 0.2379022147422517 0.311589949548 0.1959788445563118
1 0.2885798418972332 0.4916683333333333 0.0001 0.0001 0.0077030420670625 0.0001298710915039 0.0025839749761555 0.0001213684635395 0.0037140459421083 0.0001 0.0104072167134372 0.0001 0.8077742557796916 0.1647729470299709 0.5521717407775959 0.0104072167134372 0.9999 0.1595166296875821
3 0.1976889328063241 0.9415783333333332 0.3333666566686669 0.0001 0.0875349861661781 0.0026563346064366 0.0522634742757096 0.0009865331995728 0.098711834451025 0.0811210695384203 0.086238880072615 0.1286791121244236 0.6809339629599971 0.0953750646147584 0.7931102501460322 0.1215779122120919 0.398005143052 0.9102618649861486
6 0.7153719367588932 0.1167433333333333 0.0001 0.0001 0.188275310148397 0.0058845467445194 0.0137618600214993 0.0007345095759804 0.0664435564069266 0.0535739076454125 0.0950736347944504 0.0484145744873086 0.7238358300159966 0.2847489512644179 0.4440339795492677 0.0950736347944504 0.5760058957799999 0.1692798040897278
1 0.1463158102766798 0.4375124999999999 0.0001 0.0001 0.0324129310089058 0.0003427025371879 0.0274237245141537 0.0008906327419049 0.0197191071402976 0.0041510538415158 0.037647715850385 0.0156853469029198 0.7201052301070746 0.2224084692805384 0.5483774337854463 0.037647715850385 0.91261586032 0.1048219730098543
6 0.4822169960474308 0.3458641666666666 0.0001 0.0001 0.0172068674029944 0.0001784117794002 0.0187298117622725 0.0001240395168939 0.1495666235303369 0.1232520350320262 0.2018269535947941 0.1193278996343601 0.6044567185476915 0.4176635328366851 0.3510734565341674 0.2018269535947941 0.4521917635599999 0.1584137984259791
0 0.7272272727272727 0.7291208333333333 0.0001 0.0001 0.0742296620356132 0.0019740611422153 0.0671673093778317 0.0010735259391462 0.3362062691311006 0.3209434385805789 0.3903017717938014 0.2931045271050809 0.6212444047076916 0.4705941207606228 0.2486271404271185 0.3903017717938014 0.290469034576 0.1827418481914893
5 0.1463158102766798 0.3458641666666666 0.3333666566686669 0.0001 0.0476190719377558 0.0011502103780064 0.0199717814775092 0.0006620649433788 0.4748307931698154 0.4457158788153637 0.5478549517794186 0.424800698370516 0.4813470256369191 0.594098840031301 0.1917125526192596 0.5478549517794186 0.26730489833 0.1638569055789779
1 0.0672802371541502 0.2292208333333333 0.0001 0.0001 0.2966185865578116 0.0092637495730642 0.2447715053063661 0.0039143870914864 0.27812340907741 0.2358713341595732 0.3284584754888183 0.2650509036617021 0.4533675598953763 0.4388357680062602 0.4705941302017523 0.3284584754888183 0.35019866626 0.1030810085508554
3 0.5177830039525692 0.8832566666666667 0.0001 0.0001 0.0723289034006005 0.0008259500515388 0.0398435982771429 0.0007742501218041 0.1152331783678754 0.0965150720944495 0.0891838027306052 0.1606290752742299 0.6678768699938447 0.0342108315624068 0.90504230812188 0.1517633346696367 0.433138634948 0.8668092726346185
0 0.7509379446640316 0.6291408333333334 0.0001 0.0001 0.0894357550652977 0.0020005462268926 0.316806820078831 0.1522139752141653 0.2856096398814761 0.2545061689968085 0.3321396072765861 0.2658301631869006 0.5279795077107582 0.422368479866656 0.4212681410112475 0.3358207721946924 0.2981643752 0.0820913794880365
6 0.8773948616600791 0.2125574999999999 0.0001 0.0001 0.0115045654955521 0.0004005720187444 0.0100358994575068 0.0004619256567586 0.0450174315230342 0.0300777952187827 0.0759316673348183 0.0265950882621484 0.7163746318769212 0.2906301218192346 0.4421368277606313 0.0759316673348183 0.67033632592 0.1671834763635399
6 0.0356660079051383 0.524995 0.0001 0.0001 0.019107603456972 0.0001746777464026 0.0063099379992833 0.0001133552861679 0.0065536535178358 0.0009102106953842 0.0177695140819181 0.0001 0.7928518695741523 0.187121417369121 0.5313030523207738 0.0177695140819181 0.9999 0.1659350555978938
1 0.3794707509881422 0.4666733333333333 0.0001 0.0001 0.0134053231041541 0.0001186694693654 0.0038259623524545 0.0001560921795034 0.0081025309475919 0.0001 0.02292312177603 0.0001 0.7760641834141523 0.2047649470299709 0.519920129636887 0.02292312177603 0.9999 0.1595166296875821
1 0.4071332015810276 0.5333266666666666 0.0001 0.0001 0.0115045634427307 0.0006206058700332 0.0075519251520245 0.0004724183522539 0.004746630895279 0.0001 0.0118796760546121 0.0016585346201579 0.800313062676922 0.1671254163105093 0.5559660477697453 0.0118796760546121 0.9999 0.1500609992654434
0 0.1463158102766798 0.7957741666666667 0.0001 0.0001 0.0742296380860305 0.0011785040821467 0.1863981399785006 0.0019117542916953 0.3997102277202239 0.3663152217715982 0.4742319847206775 0.3523288120926324 0.4757511190584616 0.5835127224465134 0.2144783740828966 0.4742319847206775 0.302553037292 0.1596256455774553
5 0.4743134387351778 0.40002 0.0001 0.0001 0.0533212862581526 0.0009811977120117 0.2944510450698729 0.0041306312785645 0.3764770836987477 0.360643752518669 0.4271132221928334 0.3375227408457446 0.6044567185476915 0.4635367160948428 0.2770844684798143 0.4271132221928334 0.252718736146 0.1747551208643843
6 0.9564304347826088 0.3458641666666666 0.0001 0.0001 0.0229091241483664 0.0004136463917337 0.0050679497287534 0.0001213684606548 0.0083606768373873 0.0017204213907684 0.0214506630974619 0.0008792673100789 0.7853906764713828 0.19653129766711 0.5237144349215983 0.0214506630974619 0.97768224444 0.1634028657272524
6 0.7904557312252964 0.0959141666666666 0.0001 0.0001 0.1464585688575827 0.0031830005614497 0.0100359048228928 0.000391132999656 0.0958722226933299 0.0713985435272167 0.1385111992738497 0.0741303913014687 0.6343014976738444 0.3588517743579308 0.4155766856453383 0.1385111992738497 0.54484892842 0.1480231490389195
1 0.2648691699604743 0.3833566666666667 0.0001 0.0001 0.0229091292804198 0.0006824861013489 0.0249397475259784 0.000794474849994 0.015072475548024 0.0009102106953842 0.037647715850385 0.00477560414101 0.7312970214399976 0.2435807044501134 0.5028457413424613 0.037647715850385 0.98755676914 0.1442308059766088
5 0.5493972332015811 0.2583816666666667 0.0001 0.0001 0.0590235484777149 0.000934505287025 0.0174878165614523 0.0008238504222084 0.3227826758917948 0.333096608855402 0.3387656749744795 0.2954423056806762 0.8021783626313831 0.2847489512644179 0.3643535361290055 0.3387656749744795 0.1762203688799999 0.2288044605416579
5 0.6956130434782608 0.2708791666666666 0.0001 0.0001 0.0476190274599593 0.0014677950839875 0.335436625134371 0.008380206272911 0.2079076573536067 0.2091343566382038 0.2217051699406099 0.191799764872026 0.7760641834141523 0.247109417369121 0.4516225918261284 0.2217051699406099 0.200721397694 0.1915367197935149
3 0.9445750988142292 0.7457841666666667 0.0001 0.0001 0.0533212862581526 0.0008564235050655 0.029907701502329 0.0008900188691249 0.1402733505878652 0.1159601314087531 0.116424295904092 0.1886826987176087 0.6212444047076916 0.0506781249950698 0.9259110290200302 0.1782676054612105 0.40932693824 0.889079867776473
4 0.57310790513834 0.4708391666666666 0.0001 0.0001 0.0172068414005903 0.0002680248210298 0.0087939093985149 0.0001774606135504 0.0421778218563229 0.0543841189970674 0.04869116422223 0.0234780193023688 0.9047697778670764 0.1730065921583847 0.4402396759719948 0.0508998512461719 0.5634793615879999 0.3390554945724157
0 0.7746486166007905 0.6249750000000001 0.0001 0.0001 0.0685273656023612 0.0057008241751892 0.2571914126030178 0.0719540757482056 0.2954191906636465 0.2690899616595621 0.3424468398925858 0.2705057694319323 0.5578242532615386 0.4270734268966268 0.3833250540153696 0.3431830755266342 0.275084872024 0.1089663559912101
3 0.9050573122529644 0.6291408333333334 0.0001 0.0001 0.0571228137922849 0.0011837276050136 0.0212137820437154 0.0005140566967389 0.1209124018832657 0.1005661288527239 0.1053808541583147 0.1567327355678024 0.6548197770276919 0.0859651800823224 0.834847640719183 0.1480821830036658 0.382545335632 0.905551673590994
2 0.8734430830039526 0.1792308333333333 0.0001 0.0001 0.0400161468815118 0.0002680247202149 0.022455775008958 0.0007089998445201 0.9363960553507686 0.9302219200107124 0.964560994364794 0.911063502384614 0.4925388052184618 0.4882376641834255 0.3510734565341674 0.964560994364794 0.124387627502 0.1364949242960248
3 0.0396177865612648 0.6333066666666667 0.0001 0.0001 0.0362144414361933 0.0010365281600099 0.0559894419935501 0.0010464367112922 0.1382081974093942 0.1273030844984042 0.1105344704663146 0.1777729531503366 0.7145093352799975 0.0318583527543626 0.8614077828344759 0.1679603860973462 0.344297826664 0.8470260693018088
2 0.0672802371541502 0.0084316666666666 0.0001 0.0001 0.0305122257472489 0.0003090974298248 0.0249398257711909 0.0002175247436016 0.9776994674174896 0.9796447891275916 0.988120309368039 0.9632744516453794 0.535440660523081 0.4129585858067142 0.4288567481657933 0.988120309368039 0.099140342969 0.1262850281219049
3 0.5810114624505929 0.6583016666666667 0.3333666566686669 0.0001 0.0362144414361933 0.0008803813918547 0.0410855800644981 0.0019830934917344 0.1366593081307299 0.1102886548639275 0.1237866058621015 0.1754351465211177 0.6081873117415391 0.1024324766908207 0.8557163103941837 0.1657516924473365 0.39614207574 0.9252541766315006
1 0.0514731225296442 0.3500299999999999 0.0001 0.0001 0.0457182551394707 0.0008049038908625 0.0249397519971334 0.0005475912642497 0.0158469146113993 0.004961264463981 0.0258680404583796 0.0156853469029198 0.753680602427075 0.1835927118603958 0.5768347394707002 0.0258680404583796 0.8739992851799999 0.082588102543449
0 0.8062628458498023 0.7457841666666667 0.0001 0.0001 0.0438174759762442 0.0011062791725554 0.0361176283237249 0.0009104792517668 0.3449832433240354 0.3266149297091971 0.402081449173627 0.3016764520163226 0.5969955321599965 0.4870614300724622 0.246729988638482 0.402081449173627 0.290830282312 0.1774419471312383
4 0.3755189723320158 0.3042058333333333 0.0001 0.0001 0.0514205481513537 0.0013881900190013 0.0361176283237249 0.0017480437534066 0.1663461203069286 0.1718646650880442 0.1988820309368038 0.1263413054952047 0.8189660471126147 0.3270934216035681 0.2789816202684507 0.1988820309368038 0.398811311786 0.2426889894723641
5 0.0909909090909091 0.0167633333333333 0.0001 0.0001 0.028611451373939 0.0007968468641703 0.0249397408192459 0.0004925625384888 0.4885124835092946 0.4449056762139844 0.579512779244383 0.4333726443219752 0.3768903322707568 0.6834926959812194 0.1537694485489985 0.579512779244383 0.302309775954 0.1543828624653549
5 0.6007703557312253 0.2792108333333333 0.0001 0.0001 0.321328534347201 0.0058164678480504 0.0659253365327865 0.0026368992297436 0.2112635539209466 0.1977914035485527 0.2482094142279129 0.1847863590111813 0.6734727765723021 0.3588517743579308 0.3757364468608239 0.2482094142279129 0.3002480183879999 0.1723762749767886
2 0.0080035573122529 0.0417583333333333 0.0001 0.0001 0.0153061128736244 0.0007123571152254 0.0274237066295337 0.0001854732933043 0.9072255767738366 0.8807990508938336 0.949100191823268 0.8869061765672275 0.3619679427076805 0.5470493909038272 0.389016526455662 0.949100191823268 0.156748574018 0.1154096230896683
1 0.2648691699604743 0.3833566666666667 0.0001 0.0001 0.0229091292804198 0.0006824861013489 0.0249397475259784 0.000794474849994 0.015072475548024 0.0009102106953842 0.037647715850385 0.00477560414101 0.7312970214399976 0.2435807044501134 0.5028457413424613 0.037647715850385 0.98755676914 0.1442308059766088
4 0.2925316205533597 0.2333866666666666 0.0001 0.0001 0.049519782673603 0.0011156165485887 0.0410855890068081 0.001213831351683 0.1552458400757812 0.1645727687566674 0.184893673159104 0.1146523004027342 0.84881082288123 0.3106261334639639 0.2751872825424116 0.184893673159104 0.4148527328599999 0.2551256463950281
5 0.1818818181818181 0.4583416666666666 0.0001 0.0001 0.0305121607412386 0.0011339564943435 0.109394880171995 0.0024141273076081 0.3741537776605353 0.34200892497333 0.4433103133769491 0.3312885945100983 0.4925388052184618 0.5517543696921507 0.2486271404271185 0.4433103133769491 0.3007120955539999 0.1568582700795773
2 0.8536841897233202 0.05009 0.0001 0.0001 0.0362144209079795 0.000716599950986 0.026181709193136 0.0004950096494376 0.8674710261059962 0.8159821500533401 0.938792945955133 0.8401501842509684 0.2015522339200018 0.6787877807096013 0.3396905287279656 0.938792945955133 0.21021956768 0.1131651210331032
3 0.8773948616600791 0.724955 0.0001 0.0001 0.0172068448219592 0.0004524520664091 0.0535054560630648 0.0016006244986598 0.0904511520376809 0.0843619091115227 0.0648882189629733 0.1232242323273816 0.7630070921267683 0.0306821292295168 0.8139789539697992 0.116424295904092 0.445428946394 0.8196955255495302
4 0.0040517786561264 0.1375725 0.0001 0.0001 0.074229679142458 0.0025083548540392 0.0535054784188398 0.0012031453353026 0.1307219456954902 0.1264928746051286 0.1672241438372301 0.095949882436013 0.7630070921267683 0.3376795391883557 0.3188218419785819 0.1672241438372301 0.457689883716 0.2166966304547912
3 0.7074683794466403 0.8874225 0.0001 0.0001 0.1274509585578727 0.0038376184799031 0.080829178341641 0.0041519945128667 0.1059399193652957 0.0851721262966947 0.0884475670965569 0.1442644499099158 0.6566850904123019 0.0730265963928318 0.8538191586055471 0.1363024989977724 0.44338592508 0.8968048394757764
5 0.7351308300395256 0.3958541666666667 0.0001 0.0001 0.1388555343175318 0.0125301122905453 0.1565904250627064 0.0384990939009876 0.2628927876395907 0.2488346778681902 0.3034266693392734 0.2331009124582723 0.6529544804307683 0.3882576377181315 0.3491762876711477 0.3034266693392734 0.270952778608 0.1736522056798483
4 0.3439047430830039 0.3208691666666667 0.0001 0.0001 0.0286113966320356 0.0005816710514597 0.0646833525098538 0.0018201582274571 0.1544713954364491 0.1556604599306358 0.1885748181990072 0.116990107031953 0.7928518695741523 0.3317983686335389 0.2979531381548149 0.1885748181990072 0.413325478372 0.2334708273812376
4 0.106798023715415 0.5 0.0001 0.0001 0.0077030400142412 0.0001746776808729 0.0174878239388581 0.0002495790786394 0.0362404594210831 0.0487126409938625 0.0398564061873607 0.0203609496412486 0.9085003777759983 0.1577155338952968 0.4611083627213787 0.0442737835482784 0.56612432249 0.3642473395881296
0 0.4308438735177866 0.7124575000000001 0.0001 0.0001 0.0818327171038779 0.0019086431544478 0.0572314349587928 0.0012241310291909 0.3232989746413315 0.3112209198612716 0.3733684714799081 0.2814154939589869 0.6473585906399969 0.448245662066202 0.2581128993703006 0.3733684714799081 0.287688200854 0.1871016949108438
2 0.9880446640316204 0.0542558333333333 0.0001 0.0001 0.0400159689703257 0.001074542034392 0.0361175992612174 0.0004018297472711 0.8478519524214394 0.8078800875800657 0.9130249638061492 0.8159929005140171 0.2873559613169263 0.6446769279749592 0.3074389141723802 0.9130249638061492 0.196037334694 0.1236783314714103
0 0.9287679841897232 0.7624475 0.0001 0.0001 0.0913364829079897 0.0020479281250403 0.05474742890811 0.0013960536304009 0.3493717304205029 0.3225638437833374 0.4138611066752495 0.3063520652747602 0.5373059906953771 0.5235247086845606 0.2486271404271185 0.4138611066752495 0.30070721653 0.1645718953983489
3 0.0040517786561264 0.974905 0.0001 0.0001 0.0647258551750737 0.0022805891747092 0.0708932882735597 0.0024638848263701 0.0447592828452605 0.0454717999623808 0.0398564061873607 0.0491938410259129 0.8245619419396918 0.1188997701234837 0.6090863524895913 0.0479549338890358 0.1911111701239999 0.8058978232852312
4 0.3794707509881422 0.4375124999999999 0.0001 0.0001 0.0248098885997063 0.0002978959357212 0.0125198737629892 0.0002495791363342 0.0463081602750165 0.0551943259735844 0.0560534642411379 0.0273743555020933 0.8805208952467694 0.1894738898254947 0.4383425241833584 0.0567896866230509 0.54650749664 0.3039395546091258
5 0.7430343873517787 0.2833766666666666 0.0001 0.0001 0.0932372791780611 0.0024486137537833 0.0299077149157941 0.0006448955808856 0.2887073835890746 0.2771920605923181 0.3291947044967989 0.2564789577102428 0.6622809802030731 0.3941388400313009 0.3302047697847836 0.3291947044967989 0.26558149308 0.1779481702626582
6 0.6798059288537549 0.5874825 0.0001 0.0001 0.0001 0.0001 0.0001 0.0001000000114629 0.0001 0.0001 0.0001 0.0001 0.8338884349969222 0.1318383580474214 0.5787318931375188 0.0001 0.0001 0.5110522054750354
0 0.0040517786561264 0.7457841666666667 0.0001 0.0001 0.0875349656379643 0.0015636841762944 0.0559894375223951 0.0022395166330748 0.2208149518433757 0.2042730972785502 0.2658789302976514 0.1886826987176087 0.6492238872369207 0.4000200105861176 0.3339990733620564 0.2658789302976514 0.329041468546 0.1739537407778576
4 0.3122905138339921 0.4375124999999999 0.0001 0.0001 0.0514205344658778 0.0017466429718758 0.0348756532431022 0.0007303692088959 0.1513736377889585 0.1548502354535675 0.1826849728830266 0.1146523004027342 0.8096395557341526 0.3176835275436263 0.3036446276694905 0.1826849728830266 0.407382747156 0.2370870329919196
1 0.0791355731225296 0.4625075 0.0001 0.0001 0.015306084476262 0.0005069763782339 0.0100359001281801 0.000391132855419 0.0039721925288982 0.0001 0.0081985270390682 0.0032170693104499 0.8059089591827678 0.1530105932169965 0.5730404319663193 0.0081985270390682 0.5555444888800001 0.1007424624556514
1 0.1739782608695652 0.325035 0.0001 0.0001 0.0267106448397608 0.0004435176274031 0.0174878239388581 0.000441895114876 0.0161050618951839 0.0009102106953842 0.0428013268575307 0.0024378020003709 0.7238358300159966 0.2635767160948428 0.4781827458934897 0.0428013268575307 0.98601387778 0.1545635821091214
6 0.6679505928853755 0.5333266666666666 0.0001 0.0001 0.0362144482789313 0.0006115425089218 0.0162458358918859 0.0003056712207173 0.0292705134266619 0.0138735813110987 0.0567896866230509 0.0149060796629749 0.718239928473845 0.2706341207606228 0.4724912854052654 0.0567896866230509 0.78611801495 0.1539456911231478
4 0.1542193675889328 0.2583816666666667 0.3333666566686669 0.0001 0.0476190274599593 0.0011940285699448 0.0361176484439224 0.0019083051517075 0.1438874069848925 0.144317514132881 0.1775313764532299 0.1076388875284836 0.7909865696196915 0.3270934216035681 0.3074389141723802 0.1775313764532299 0.426987765368 0.2298323486241566
6 0.3518083003952569 0.5124974999999999 0.0001 0.0001 0.0134053231041541 0.0001186694371047 0.0212137856206394 0.0002095136317042 0.0148143310522178 0.0073918963313767 0.0310216514655253 0.00477560414101 0.7779294816898447 0.2129985910997729 0.5047428965459743 0.0310216514655253 0.881405173706 0.1731543916263077
4 0.7390826086956521 0.5083316666666666 0.0001 0.0001 0.0115045634427307 0.000368839830593 0.011277887504479 0.0001560921578679 0.0465663054678173 0.0608658076227375 0.0516360815793661 0.0273743555020933 0.9178268657969232 0.1671254163105093 0.4364453723947221 0.0560534642411379 0.5385725239520001 0.3558254517122906
1 0.2253513833992095 0.4875025 0.3333666566686669 0.0001 0.1008403171394809 0.001870783627691 0.0547474490283075 0.0013131416447493 0.114975039448026 0.0738291732070435 0.1716415377633171 0.0943913493588043 0.513057118147682 0.4306021080572816 0.4231652927998839 0.1716415377633171 0.61336202306 0.1222707928249333
5 0.6402881422924901 0.2375524999999999 0.0001 0.0001 0.0628251204896438 0.0023291285288243 0.0348756577142572 0.000794474511037 0.3958380602831313 0.3792786092315933 0.4521450482205813 0.351549552567434 0.593264938966149 0.4952950476769703 0.2372442296953 0.4521450482205813 0.265099759446 0.1779943446603551
5 0.1028462450592885 0.1917283333333333 0.3333666566686669 0.0001 0.0248098998902239 0.000430398714387 0.0162458459519847 0.0003810307826358 0.4905776785074416 0.4376137798826076 0.5971823483226631 0.4279177575115274 0.31160488422768 0.7587717425995779 0.0987520296041592 0.5971823483226631 0.335419552674 0.1537417583961335
6 0.2372067193675889 0.3375325 0.0001 0.0001 0.0438174896617201 0.0011715018818446 0.0125198701860652 0.0005475909397163 0.120396110103675 0.0940844424146227 0.1709053087553364 0.0920535427295855 0.6137832183199966 0.4023724682219266 0.3662506708432587 0.1709053087553364 0.499694791054 0.1565885921269074
5 0.4624581027667984 0.4791708333333333 0.0001 0.0001 0.0229091275697353 0.0005032593728743 0.0410855934779631 0.0016305152422578 0.1433711082353558 0.1175805439034079 0.1900472695889008 0.1185486401091616 0.6100526251261491 0.38943389300133 0.3909136782442985 0.1900472695889008 0.4370905844 0.1487057613907669
0 0.557300790513834 0.724955 0.3333666566686669 0.0001 0.0780312100979593 0.0018834934640518 0.0696513064862045 0.0009419550881551 0.3333666852531893 0.3201332359791997 0.3858843712416467 0.2899874609506637 0.636166794270768 0.4623604608116443 0.246729988638482 0.3858843712416467 0.2891865411259999 0.1857796737330201
2 0.4861687747035573 0.075085 0.0001 0.0001 0.0343137341217151 0.0008169024780421 0.0236977143203407 0.0007544153961072 0.8953508100836811 0.869456068636597 0.9468914584168524 0.8643074399342964 0.3694291290953756 0.5905701059400582 0.311233217749653 0.9468914584168524 0.1656830167719999 0.1298527598465279
0 0.0356660079051383 0.8166033333333333 0.0001 0.0001 0.0894357071661322 0.0014173270398532 0.069651317664092 0.0022697787148946 0.3633116224093454 0.3355272312433325 0.4300581779811622 0.3188203228790234 0.5261141775384621 0.5376395180161205 0.2372442296953 0.4300581779811622 0.29932499303 0.1647268507017067
1 0.7904557312252964 0.3125375 0.0001 0.5 0.3251300516172264 0.2246148320269141 0.196334052402357 0.0762144119785413 0.0935489096851715 0.0641066471958399 0.1318851315759563 0.0811437971623134 0.600726125353844 0.3376795391883557 0.483874213211467 0.1318851315759563 0.63091921092 0.1143355773940594
0 0.6798059288537549 0.7291208333333333 0.0001 0.5 0.1103441240000203 0.0022324379579929 0.1230567625492694 0.0026292931786845 0.3726048814119251 0.3517314291088446 0.4366842456790556 0.3242751886492536 0.5708813462276913 0.527053400431333 0.2087869357913705 0.4366842456790556 0.29834243958 0.1773327801800859
2 0.3083387351778656 0.2125574999999999 0.0001 0.0001 0.0191076205638168 0.0004883227972981 0.0199717521914439 0.0005380515139336 0.768084823685045 0.7341508779135404 0.8423468531447212 0.7209222846166083 0.3545067395322993 0.6693779078218947 0.1993011768481884 0.8423468531447212 0.208071027474 0.1454589006078998
0 0.1858335968379446 0.7957741666666667 0.0001 0.5 0.1160463827982137 0.0017382787621566 0.1081528939134848 0.0030510873870683 0.4043568676764328 0.3792786092315933 0.4705508065504359 0.3577836989030802 0.5317100841169197 0.5446969438541356 0.220169846523189 0.4705508065504359 0.2845585968999999 0.1676490807954228
1 0.1779300395256917 0.3208691666666667 0.0001 0.0001 0.0514205344658778 0.0014778042905728 0.0348756532431022 0.0010188430865603 0.0230750078896052 0.004961264463981 0.0508998512461719 0.0110097427619098 0.7014522423138448 0.2706341207606228 0.4895656685773764 0.0508998512461719 0.929487625292 0.1390143914500343
0 0.9959482213438736 0.7541158333333333 0.0001 0.0001 0.0742296620356132 0.0021246815395176 0.0572314193097503 0.0012138006291966 0.3313015181348263 0.3087902974733412 0.3925104389395402 0.2876496402946332 0.5727466596123012 0.5035286970398312 0.2448328539242288 0.3925104389395402 0.30751140542 0.1719642805144598
0 0.7035166007905139 0.6291408333333334 0.0001 0.0001 0.0666266274955623 0.0014180617789082 0.3143228475618106 0.0043763552058366 0.2809629999252673 0.2528857492102573 0.3262497619606055 0.2595960168512543 0.5503630500861574 0.4153110752008759 0.4098852132050459 0.3262497619606055 0.289693789656 0.1180917664568649
5 0.6284328063241107 0.2583816666666667 0.3333666566686669 0.0001 0.032412913902061 0.0004323162038699 0.0174878165614523 0.0005701057624292 0.4100360911918231 0.3938624018943469 0.4646609943647938 0.367134897366332 0.5913996255815389 0.4905901324053522 0.246729988638482 0.4646609943647938 0.2534135071639999 0.175879553888923
4 0.5928667984189724 0.5291608333333333 0.0001 0.0001 0.0153060834498513 0.0001746776959951 0.0100358974454871 0.0001534211326397 0.038047485528613 0.0511432743196375 0.0420650965243365 0.0211402175825341 0.9122309676123086 0.1600680052930587 0.4535197470296414 0.0464824738852542 0.56744680794 0.3632604461799074
3 0.4031814229249011 0.8540958333333333 0.0001 0.0001 0.0305121668997027 0.0007571636965291 0.0485375043222916 0.000925356147038 0.1015514322688282 0.0795006497518691 0.0906562607465665 0.1341339708812479 0.6492238872369207 0.103608710801784 0.8120818021811629 0.1267315086418887 0.4317094208479999 0.921862800558132
1 0.4980241106719367 0.2917083333333333 0.0001 0.0001 0.8326330006230532 0.4458812060641408 0.4944109780025479 0.1898411673539557 0.2967099340525154 0.2545061689968085 0.3431830755266342 0.2876496402946332 0.4477716533169188 0.424720937502465 0.499051441180065 0.3431830755266342 0.36697291074 0.0953851077555181
4 0.2293031620553359 0.4166833333333333 0.0001 0.0001 0.0096037989913908 0.00025308930401 0.0112778852689015 0.0001881448226409 0.038047485528613 0.0470922226656906 0.0464824738852542 0.0203609496412486 0.8842514934769228 0.1812402383454103 0.4478282916637322 0.0479549338890358 0.6011702119100001 0.3127611304884091
2 0.3676154150197628 0.0084316666666666 0.0001 0.0001 0.0362143319523865 0.0006115412487355 0.0373595676351076 0.0009974721355772 0.9869927055102312 0.983695802134488 0.9932739323021066 0.9819768205182596 0.4962694319876817 0.3953150741422642 0.4971542859765519 0.9932739323021066 0.10017143171 0.0999532008406395
2 0.4031814229249011 0.2208891666666666 0.0001 0.0001 0.0229091275697353 0.0008049032859731 0.029907643377314 0.000762722951151 0.7582752519930366 0.702552699367688 0.8364569746984022 0.7279356904774532 0.2071481740738316 0.685845164203146 0.3226161455558547 0.8364569746984022 0.23684944064 0.1157009195898604
3 0.6600470355731225 0.824935 0.0001 0.0001 0.0457182551394707 0.0007720992236304 0.0162458258317872 0.0006137187117917 0.1570528543344029 0.1289235115768517 0.1385111992738497 0.2034887699644966 0.5895343457723015 0.080084004234447 0.9107337976365556 0.1922559632389104 0.390359812424 0.9121016403063766
6 0.2253513833992095 0.4166833333333333 0.0001 0.0001 0.1103441137359135 0.0035799808390365 0.0460535385120038 0.0007864607235427 0.1348522938721082 0.1135294944370299 0.1738502115351236 0.1138730338641298 0.6436279974461494 0.3506181144089522 0.4193709892226111 0.1738502115351236 0.409244394752 0.1495594590336808
3 0.4189885375494071 0.8957541666666667 0.0001 0.0001 0.0533212999436285 0.0032215284910514 0.0795872010254409 0.0019483699423643 0.0548269843961885 0.0422309560141406 0.0435375532150843 0.0788059975465004 0.729431719806768 0.0906701239364581 0.7513728766472648 0.0744592026927893 0.52687592374 0.8902827687432988
5 0.2806762845849802 0.0875825 0.3333666566686669 0.5 0.1350540067833995 0.0028252512966382 0.0510214924883545 0.001521519072345 0.3929984345855441 0.3541620879562568 0.4823304971823969 0.3351849622701492 0.4403104501415376 0.6529105667517026 0.138592217165524 0.4823304971823969 0.34444041814 0.1651878393722785
0 0.2016407114624505 0.7707791666666667 0.0001 0.0001 0.049519782673603 0.0014385862829206 0.1516224576728908 0.0031204434722455 0.3212338075229685 0.2950166855362778 0.3785220811618403 0.285311847692226 0.5503630500861574 0.4823564618702561 0.301747475880854 0.3785220811618403 0.294086370964 0.1576229590598281
4 0.2688209486166008 0.2625475 0.6666333133373338 0.0001 0.133153227620173 0.0101217469517556 0.0485375199713341 0.0018869364363983 0.1645390921084149 0.1645727687566674 0.2025631759767071 0.1240035128927977 0.7816600765624608 0.352970603803114 0.2751872825424116 0.2025631759767071 0.42026754968 0.2313237094960418
5 0.656095256916996 0.1750649999999999 0.0001 0.0001 0.0438174759762442 0.0005946524831847 0.0212137641590953 0.0003810328740727 0.2819955834844487 0.2690899616595621 0.3225686367989054 0.2510240919400127 0.6548197770276919 0.3929625847481024 0.3396905287279656 0.3225686367989054 0.2646105873 0.1745951301850509
3 0.3320494071146245 0.8915883333333334 0.0001 0.0001 0.0514205344658778 0.0011137343342424 0.0361176417371899 0.001030011070961 0.112909858389771 0.1054273955042738 0.0847664220566537 0.1497193297069577 0.7462194059667682 0.0236247139776193 0.842436264948112 0.1414561153057723 0.401171009752 0.8284513394185715
6 0.5059276679841896 0.5208291666666667 0.0001 0.0001 0.0685273792878371 0.0016682336725223 0.0187298117622725 0.0001881448442765 0.0432104054155044 0.0268369534581114 0.0707780576528861 0.0297121586246092 0.7070481438559965 0.2741628336796304 0.4781827458934897 0.0707780576528861 0.65771255118 0.1459378320015316
2 0.4387474308300395 0.10008 0.0001 0.0001 0.0381151966498371 0.0013396523787397 0.0323916673126169 0.0006983175710905 0.8891553644881601 0.856492681176602 0.9446827912711137 0.8604111002278689 0.3246619436184603 0.6082136493628609 0.328307600921764 0.9446827912711137 0.176147943368 0.1231521850357133
0 0.8062628458498023 0.7457841666666667 0.0001 0.0001 0.0438174759762442 0.0011062791725554 0.0361176283237249 0.0009104792517668 0.3449832433240354 0.3266149297091971 0.402081449173627 0.3016764520163226 0.5969955321599965 0.4870614300724622 0.246729988638482 0.402081449173627 0.290830282312 0.1774419471312383
1 0.0040517786561264 0.3208691666666667 0.0001 0.0001 0.1236494310237404 0.0073773433428279 0.0559894330512401 0.0043229399082297 0.0543106905256139 0.0260267428356462 0.0884475670965569 0.0452975062288696 0.6212444047076916 0.3082736440698021 0.5104343604490751 0.0884475670965569 0.75465235934 0.1091465217436193
3 0.3478565217391304 0.874925 0.0001 0.0001 0.0476190103531145 0.0015972877008634 0.0323916762549269 0.0012432127222258 0.0981955357014883 0.0778802299653179 0.0825577350327118 0.1341339708812479 0.6622809802030731 0.080084004234447 0.8367447925078195 0.1267315086418887 0.446022337692 0.8999866432010379
0 0.557300790513834 0.7124575000000001 0.0001 0.0001 0.0856341898961068 0.0012089624840075 0.0510214701325794 0.002709621374382 0.2406922202073499 0.2301998357390586 0.2798672880753513 0.2089436497615385 0.6846645561538448 0.3764952860223806 0.3358962251506928 0.2798672880753513 0.2932490084699999 0.1849212260521025
2 0.0593766798418972 0.1667333333333333 0.0001 0.0001 0.0248098998902239 0.0005466645362131 0.01872984082478 0.0006211639385674 0.8571451905141809 0.8070698412273083 0.9329031668998296 0.823785523819625 0.2146093268861543 0.6976075158988969 0.2960560034405617 0.9329031668998296 0.2138704673539999 0.1198933232734375
2 0.2609173913043478 0.0875825 0.0001 0.0001 0.032412913902061 0.0011715032932534 0.0398436183973404 0.0010454170997598 0.8798620566959584 0.8394783171691922 0.9424741241253746 0.8510599298182406 0.2742989187138322 0.6399720021172235 0.328307600921764 0.9424741241253746 0.190686914992 0.1193425874183927
6 0.7311790513833992 0.3292008333333333 0.0001 0.0001 0.152160827655776 0.0015673741027694 0.0150038507511645 0.0004399699256035 0.0700576058340079 0.0551943259735844 0.0994910154684019 0.0530901758229563 0.7089134337378459 0.2894538877082712 0.4516225918261284 0.0994910154684019 0.53392161432 0.1641104367593526
3 0.9366715415019764 0.6291408333333334 0.6666333133373338 0.0001 0.0324129364830962 0.0008181305044456 0.0597154074758132 0.0006266796705955 0.1325289738940038 0.1151499215154774 0.1149518445141985 0.1676424811350746 0.671607463187692 0.0789077701234837 0.8291561853532738 0.1583894023675301 0.340062153968 0.8956567737533252
5 0.1502675889328063 0.5291608333333333 0.0001 0.0001 0.0381151966498371 0.0006059380670036 0.0535054717121073 0.0012817721831673 0.3808655707952152 0.3582131228388421 0.4425740909950362 0.3367434813205461 0.555958973452301 0.5176435169575087 0.2391413644095532 0.4425740909950362 0.280954577848 0.1703827696280236
6 0.1344604743083003 0.4208491666666666 0.3333666566686669 0.0001 0.0305121768216727 0.0003987112477291 0.0125198768927977 0.0002175264600222 0.112909858389771 0.0884129658697971 0.1583894023675301 0.0881572030231581 0.628705607883073 0.3764952860223806 0.3928108300329349 0.1583894023675301 0.4925274948 0.1529845217723267
0 0.0040517786561264 0.6666333333333333 0.0001 0.0001 0.0666266274955623 0.0013286120372678 0.0820711757780387 0.0023551045071657 0.3191686543444974 0.2990677495864485 0.3733684714799081 0.2806362344337885 0.593264938966149 0.4670654078416152 0.2827759067713404 0.3733684714799081 0.28802525343 0.169833561170358
5 0.0435695652173913 0.5958141666666666 0.0001 0.0001 0.1103441034718066 0.0031767181795961 0.0522634742757096 0.0024077938598239 0.137433745800116 0.1086682350773763 0.1893110405809201 0.1099766941577024 0.5913996255815389 0.4129585858067142 0.3719421432835511 0.1893110405809201 0.479719376936 0.151437536780497
0 0.3913260869565217 0.7624475 0.0001 0.0001 0.0590235690059287 0.0027152933830006 0.0721352991234224 0.0011822221681648 0.4291389079465192 0.3995338930229651 0.505153589803729 0.3764861238832073 0.4925388052184618 0.5976275317780734 0.1746381694471486 0.505153589803729 0.295948498464 0.1681904844203261
3 0.3518083003952569 0.7416183333333334 0.0001 0.0001 0.0305121668997027 0.0008857146013424 0.0236977612674682 0.0006969675990752 0.0899348602580902 0.0762598101787667 0.0626795319390314 0.1317961852922467 0.7107787336923068 0.022448479866656 0.8803793177952234 0.1245228348700822 0.497095720972 0.8443188497622532
6 0.7825521739130435 0.5541558333333334 0.0001 0.0001 0.0115045634427307 0.0006206058700332 0.0075519251520245 0.0003633395633729 0.0031977538140202 0.0009102106953842 0.0074622980310876 0.0008792673100789 0.8171007488369221 0.1530105932169965 0.5616575099654079 0.0074622980310876 0.74069255186 0.1595166296875821
2 0.3952778656126482 0.1292408333333333 0.0001 0.0001 0.0381153266618577 0.0007123576898704 0.0261817941450811 0.0006368806539188 0.9554989348349788 0.9512873334845 0.9770768411179908 0.9352208282020004 0.4999999916061569 0.461184226700681 0.3871193746670256 0.9770768411179908 0.1153794355008 0.131114625066029
1 0.0672802371541502 0.3167033333333333 0.0001 0.0001 0.0533212931008905 0.0020786067066618 0.0423275707941633 0.0013598781190148 0.020493546203673 0.0090123175763072 0.037647715850385 0.0133475437804039 0.7480847075999978 0.2188797669476484 0.525611588417673 0.037647715850385 0.8626980058879999 0.1368409553330723
5 0.6639988142292491 0.3791908333333333 0.0001 0.0001 0.0343136896439185 0.0004584522975776 0.0199718091986702 0.000313683919222 0.4059057290753131 0.3898113378441761 0.4617160717068035 0.3616800456229136 0.593264938966149 0.4952950476769703 0.2372442296953 0.4617160717068035 0.259808008008 0.1777800894125906
5 0.1621229249011857 0.1917283333333333 0.0001 0.0001 0.0476190719377558 0.0010835780141741 0.0224557470642393 0.0003633395850085 0.4580512754833858 0.4335627158324369 0.5265042376612353 0.4084360589793901 0.5186529743630809 0.5682216260734022 0.1955068391221492 0.5265042376612353 0.266822784772 0.1702071357139925
3 0.8102146245059288 0.924915 0.0001 0.0001 0.0476190171958524 0.0016533593400707 0.0386016231965203 0.0006969673827197 0.186997819370343 0.1597115166889101 0.1664879148292495 0.2346594806025103 0.5858037357907676 0.0777315360125203 0.9183224218654844 0.2217051699406099 0.345786008968 0.9120946747029436
5 0.5928667984189724 0.325035 0.0001 0.0001 0.2871148447032825 0.0047146179566699 0.0162458332091929 0.000381033148123 0.2210730977331711 0.1994118379188966 0.271768775613632 0.1879034321790044 0.6137832183199966 0.4270734268966268 0.3264104491331276 0.271768775613632 0.3513022654959999 0.1675486753984681
6 0.6798059288537549 0.3292008333333333 0.0001 0.0001 0.0229091275697353 0.0003688394878223 0.0187297983488075 0.0003484081897773 0.1640228003288242 0.1264928746051286 0.2283312376385033 0.1317961852922467 0.5223836011323008 0.4788277912957189 0.3358962251506928 0.2283312376385033 0.49671945624 0.1447383383057824
6 0.6126256916996048 0.2833766666666666 0.0001 0.5 0.0666266138100865 0.0025732587865869 0.1069109233040171 0.002615164729338 0.0989699733708744 0.0770700127801459 0.1363024989977724 0.0803645376371149 0.6510891838338445 0.3341508156832304 0.4383425241833584 0.1363024989977724 0.48504689122 0.1458459196053892
0 0.4110849802371542 0.7582816666666666 0.0001 0.0001 0.1103441034718066 0.0020206850130641 0.0646833592165864 0.0016702547784223 0.4190711903647154 0.3873807081643493 0.4977913328542611 0.3655763642891234 0.4813470256369191 0.6082136493628609 0.1689466970068562 0.4977913328542611 0.308503666928 0.1673431481357281
1 0.5889150197628459 0.5541558333333334 0.0001 0.0001 0.0191076082468885 0.0001746777111173 0.0137618622570768 0.0002095133937131 0.0176539372339562 0.0009102106953842 0.0435375532150843 0.0063341386208998 0.7126440336467679 0.2600480031758352 0.4952571290656006 0.0435375532150843 0.98601387778 0.1397498752496262
2 0.7114201581027668 0.3167033333333333 0.0001 0.0001 0.0419167891899797 0.0005779323305688 0.0174878433883824 0.0002495780257092 0.9438823349444566 0.9326524913553688 0.9704507734200972 0.9250903141063036 0.4552328564923001 0.4823564618702561 0.3985023024732274 0.9704507734200972 0.126645465844 0.1228458663305272
5 0.4229403162055336 0.4875025 0.0001 0.0001 0.2414965792997048 0.0045042590802994 0.0373596101110801 0.0008601957726918 0.3713141659028401 0.337957853631263 0.4447827912711134 0.3250544622012637 0.4850776020430806 0.5717503707507626 0.2239641330260787 0.4447827912711134 0.31296486451 0.1599309739920329
4 0.2530138339920948 0.2667133333333333 0.0001 0.0001 0.0210083620919847 0.0004323161837069 0.0162458332091929 0.0002415657599155 0.1487921858609507 0.1540400255602919 0.1797400502250364 0.1107559606963067 0.8226966436639993 0.3153310699078173 0.2941588516519253 0.1797400502250364 0.417062570804 0.2441497352583173
5 0.916912648221344 0.6166433333333333 0.0001 0.0001 0.0856342172670585 0.0006264780360231 0.0286657130082414 0.0012351988409775 0.0463081602750165 0.0373696915501595 0.0670969059869152 0.0328292296884106 0.757411202335997 0.2424044809252677 0.4781827458934897 0.0670969059869152 0.54165836666 0.1754539303422868
0 0.7667450592885375 0.6249750000000001 0.0001 0.0001 0.0723288862937557 0.0019221338022769 0.2348356152382847 0.0659602268284074 0.2892236753686654 0.2626082679295646 0.3387656749744795 0.2619338375072849 0.5578242532615386 0.4376595444814144 0.3662506708432587 0.3395018973563925 0.294747318748 0.1222362333611537
4 0.3122905138339921 0.3500299999999999 0.0001 0.0001 0.0419167344480763 0.001115617355108 0.0212137775725603 0.0004979870333864 0.1493084776405415 0.1556604599306358 0.1767951341931138 0.1138730338641298 0.8301578381097838 0.2988637711820954 0.3131303866126727 0.1767951341931138 0.390457842814 0.2479827977276845
5 0.7430343873517787 0.1542358333333333 0.0001 0.0001 0.0248098803884208 0.0004928572805082 0.1044269463158418 0.0032047283059045 0.2933540235452835 0.2828635517209364 0.3306671625127602 0.2634923635710876 0.6678768699938447 0.3800240095275058 0.3472791529568945 0.3306671625127602 0.2452914718959999 0.1748135144411154
3 0.6244810276679842 0.8291008333333334 0.0001 0.0001 0.0514205310445089 0.0014778026775342 0.0348756487719472 0.0016598969012746 0.0904511520376809 0.0689679138473899 0.0796128123747215 0.1224449728021832 0.6566850904123019 0.1012562415212456 0.80828749860389 0.1156880735221791 0.4604444127 0.9187077850330608
3 0.2806762845849802 0.8790908333333334 0.3333666566686669 0.0001 0.081832699997033 0.0027622600245392 0.0361176350304574 0.0017480410129031 0.1043910440265234 0.0851721262966947 0.0869751090805956 0.1411473767420926 0.6678768699938447 0.0730265963928318 0.842436264948112 0.1333575763397822 0.42545581182 0.8938956006520773
4 0.0672802371541502 0.5291608333333333 0.0001 0.0001 0.0305121668997027 0.0006675505339217 0.0187298106444838 0.0003163554485586 0.0401126547379598 0.0535739076454125 0.0435375532150843 0.0234780193023688 0.9140962675667696 0.1577155338952968 0.4554169022331545 0.04869116422223 0.54386242576 0.3663509921079034
2 0.3597118577075098 0.2125574999999999 0.0001 0.0001 0.0647257867476945 0.0014216067335445 0.0423275283181907 0.0006193126851942 0.8607592469112084 0.8192230406697167 0.923332143413607 0.8331367783901238 0.2724336221169084 0.6352670762594879 0.3377933769393292 0.923332143413607 0.193752621728 0.1177215656151342
3 0.8141664031620554 0.6707991666666666 0.0001 0.0001 0.0343137033293944 0.0004005722607002 0.0373596391735876 0.0007627233478028 0.1325289738940038 0.1200111881670274 0.108325776816305 0.1699802667240758 0.7051828439015356 0.047149417369121 0.8462305685253848 0.1605980761393367 0.343780890072 0.8608184340675736
2 0.1384122529644268 0.0417583333333333 0.0001 0.0001 0.034313602056873 0.0009065131202768 0.029907701502329 0.0004525791696328 0.9051603817756898 0.8799888045410762 0.9446827912711137 0.8861269591224642 0.3712944256922994 0.5352870497941938 0.3985023024732274 0.9446827912711137 0.153566240612 0.1141162028473864
1 0.93271976284585 0.3958541666666667 0.0001 0.0001 0.0324129275875368 0.0002530894955584 0.0187298117622725 0.0004445662187133 0.0168795002615646 0.0033408428544557 0.0405926351953414 0.00477560414101 0.7350276146338451 0.2494618855910477 0.4895656685773764 0.0405926351953414 0.94038810476 0.1530210282481503
6 0.1542193675889328 0.5458241666666667 0.0001 0.0001 0.0096038041234442 0.0002371917506421 0.0050679506229844 0.0002241394896446 0.0086188227271827 0.0009102106953842 0.0236593521092242 0.0001 0.7779294816898447 0.2059411811409342 0.5161258209372993 0.0236593521092242 0.9999 0.1659350555978938
2 0.2016407114624505 0.2292208333333333 0.3333666566686669 0.0001 0.0400159279138981 0.0003576390522753 0.0410856158337381 0.0016305192808945 0.7962227047629034 0.779522668396456 0.8533903545251079 0.7505344271103841 0.464559339476919 0.594098840031301 0.2087869357913705 0.8533903545251079 0.17419342435 0.1587453779339765
1 0.0040517786561264 0.4291808333333333 0.0001 0.0001 0.0286114068961424 0.0002232182699705 0.0063099384463988 0.0001454079617587 0.0122328693662856 0.0057714750864463 0.0258680404583796 0.0039963369010651 0.7853906764713828 0.2000600074102823 0.5180229744333741 0.0258680404583796 0.881405173706 0.1708236335792794
6 0.9366715415019764 0.2083916666666666 0.0001 0.0001 0.0229091231219557 0.0005752460165103 0.0162458347740972 0.000453851902721 0.061280638611019 0.0430411680949851 0.0950736347944504 0.0429597017036725 0.6883951493476923 0.3082736440698021 0.4421368277606313 0.0950736347944504 0.58880493546 0.1549106202213641
3 0.4861687747035573 0.7916083333333334 0.0001 0.0001 0.0666266377596692 0.0020757509227417 0.0460535385120038 0.0010423567506739 0.1247845972001424 0.1021865486392751 0.0987547864604213 0.1738766204573149 0.6380320908676917 0.0365632997843335 0.9316024673115564 0.164279241057443 0.439729616488 0.8764514301674824
5 0.5770596837944664 0.3167033333333333 0.0001 0.0001 0.2338935516023919 0.0067729334668591 0.0348756755988772 0.0013226315755968 0.3021309837983263 0.2763818579909389 0.3637975010022275 0.2611545359016512 0.5596895498584624 0.498823781768213 0.2657015235992294 0.3637975010022275 0.3197420588 0.1669030562754552
4 0.1226051383399209 0.425015 0.0001 0.0001 0.0172068468747806 0.000178411487037 0.0063099384463988 0.0002095133288065 0.042952259525709 0.0527636962937576 0.0516360815793661 0.0242572865423137 0.8879820917070762 0.1835927118603958 0.4402396759719948 0.052372312575167 0.5634793615879999 0.3137571110718086
5 0.5493972332015811 0.4375124999999999 0.3333666566686669 0.0001 0.0609243447477862 0.0013331999221351 0.0125198701860652 0.0004619253250134 0.326396739258768 0.3087902974733412 0.3748409493740725 0.2915459870144664 0.6081873117415391 0.4411882256420693 0.3093360659610166 0.3748409493740725 0.264610347348 0.1688776621797248
2 0.6521434782608696 0.225055 0.0001 0.0001 0.0267106345756539 0.0008915861624428 0.0162458191250547 0.0003377238321227 0.6785080953768583 0.6037069903015154 0.8025904469573605 0.6180590103465623 0.1008261169600009 0.8869814406585798 0.1063406367587049 0.8025904469573605 0.3165107051999999 0.1352211755892211
2 0.7114201581027668 0.0167633333333333 0.0001 0.0001 0.0286114958517355 0.0003128311805407 0.0323916360145319 0.0009867919607963 0.9779576342171228 0.9764039058031112 0.9910652651563676 0.9640536410365192 0.511191821550758 0.4258971927856635 0.4326510688174492 0.9910652651563676 0.104718282158 0.1198768408094105
5 0.0396177865612648 0.2125574999999999 0.0001 0.0001 0.0305122257472489 0.0006059385105892 0.0162458759087232 0.0003810324413616 0.4655375202273438 0.4189789231696833 0.5611070871752055 0.4084360589793901 0.3638332225169181 0.6999600158791763 0.1404894031029267 0.5611070871752055 0.32279574794 0.1544705451456778
0 0.2727727272727272 0.6916283333333333 0.0001 0.0001 0.0742296380860305 0.0011785065017045 0.0373596101110801 0.0009465184591639 0.34472509743424 0.3282353349119557 0.4042901295715012 0.2970008668115084 0.6100526251261491 0.498823781768213 0.2144783740828966 0.4042901295715012 0.3060006576299999 0.1849843360976641
6 0.6323845849802372 0.5666533333333333 0.0001 0.0001 0.0001 0.0001 0.0001 0.0001000000114629 0.0001 0.0001 0.0001 0.0001 0.8338884349969222 0.1318383580474214 0.5787318931375188 0.0001 0.0001 0.5110522054750354
1 0.2332549407114624 0.5041658333333333 0.0001 0.0001 0.003901521717805 0.0001298710915039 0.0050679499523111 0.0001213684649819 0.0026814614071343 0.0001 0.0074622980310876 0.0001 0.8152354488824611 0.1553630646147584 0.5597603547618948 0.0074622980310876 0.88881112222 0.1595166296875821
2 0.1700264822134387 0.2833766666666666 0.0001 0.0001 0.0153060701065124 0.0004470703044614 0.0174878433883824 0.0003911326390634 0.7510471391989819 0.6847280160885577 0.8386657081048181 0.7209222846166083 0.1362667858769249 0.7293658686532596 0.3245132973444911 0.8386657081048181 0.25812748418 0.1119205775069584
6 0.2213996047430829 0.4458441666666667 0.0001 0.0001 0.0970388101335624 0.0056448199811559 0.0274237267497312 0.0007303686535834 0.135368585651699 0.1135294944370299 0.1760589051851332 0.1130937532987138 0.6398974042523018 0.3588517743579308 0.4098852132050459 0.1760589051851332 0.41872855754 0.1506569192275765
3 0.7311790513833992 0.674965 0.0001 0.0001 0.0495197758308651 0.0009363912819304 0.0472955314772464 0.0015316861239081 0.1196216654643428 0.0989457017742763 0.1031721605083051 0.1567327355678024 0.6529544804307683 0.0812602415212456 0.8443333996623651 0.1480821830036658 0.396453973348 0.9025928027447616
3 0.450602766798419 0.7166233333333334 0.0001 0.0001 0.026710654077457 0.0004883238760176 0.0448115410756061 0.0011577377888704 0.1263334585990227 0.1021865486392751 0.1149518445141985 0.1614083347994283 0.6268403112861493 0.107137417369121 0.8291561853532738 0.1524995570515496 0.392385757154 0.9278467574446768
6 0.7272272727272727 0.3042058333333333 0.0001 0.0001 0.0210083737246392 0.0005946517169914 0.0112778734203407 0.0004313614272181 0.1622157860702025 0.1362154079082286 0.2077167922847069 0.1388095911530914 0.6025914219507678 0.3882576377181315 0.4003994371874805 0.2077167922847069 0.404118640108 0.1443322016641721
1 0.0633284584980237 0.3083716666666666 0.3333666566686669 0.0001 0.0305121689525241 0.0008259501725167 0.0249397475259784 0.0006193128005838 0.012491015256081 0.0033408428544557 0.02292312177603 0.0102304748206243 0.7667376903569217 0.1847689459713591 0.5616575099654079 0.02292312177603 0.9128804074 0.1119778800855614
3 0.9722375494071148 0.774945 0.0001 0.0001 0.0115045572842666 0.0001448066155807 0.0137618600214993 0.000145407997818 0.0419196759665275 0.0300777952187827 0.0266042707915738 0.0694547920698428 0.7387582162215358 0.0683216525386961 0.7779330358369411 0.065624447970954 0.617036058106 0.8593251093990579
1 0.1581711462450593 0.2667133333333333 0.0001 0.5 0.5266106722107126 0.0193922000323882 0.5950120549659593 0.0229713694391836 0.3834470296931691 0.3460599598559154 0.4337392898907268 0.3655763642891234 0.4533675598953763 0.4635367160948428 0.4307538999544296 0.4337392898907268 0.29784228963 0.1154807393830313
4 0.0396177865612648 0.4041858333333333 0.0001 0.0001 0.0457182585608397 0.0009065195220235 0.0311496855252617 0.0007864612788553 0.1232357079214781 0.138646030296159 0.1399836440376756 0.0904950096523769 0.9010391796369228 0.2412282362281868 0.3339990733620564 0.1399836440376756 0.38877869871 0.292494514277349
5 0.9919964426877472 0.2708791666666666 0.0001 0.0001 0.0590235484777149 0.0012527364182009 0.0125198558783691 0.0003482793572662 0.2949028919141097 0.2626082679295646 0.3586438780681599 0.2580374978008574 0.5167876777661571 0.5070573993727212 0.2960560034405617 0.3586438780681599 0.3349090248 0.1520295962877154
0 0.7627932806324111 0.6957941666666666 0.0001 0.0001 0.0419167241839694 0.0011604262551546 0.1789462000716645 0.009170904270607 0.2347548577721102 0.2164262529695806 0.2776586209296125 0.2066058431323197 0.6324362010769206 0.3929625847481024 0.3624563672659858 0.2776586209296125 0.29700355741 0.157945122414751
2 0.1858335968379446 0.2917083333333333 0.0001 0.0001 0.0210083518278778 0.0003427045736491 0.0199718373669467 0.0004098417967092 0.787187633469795 0.7706103595704243 0.8541265106463438 0.7310527285782469 0.4682899158830804 0.6387957785923779 0.132900795948381 0.8541265106463438 0.193141164044 0.169739768900518
1 0.0040517786561264 0.3541958333333333 0.0001 0.0001 0.1312524655637913 0.0134859833030223 0.0522634742757096 0.0055169010461189 0.0364986074018623 0.0154940040144084 0.0648882189629733 0.0265950882621484 0.6772033697661497 0.276515301901557 0.5047428965459743 0.0648882189629733 0.824718903228 0.1198551047697822
3 0.93271976284585 0.74995 0.0001 0.0001 0.0343136896439185 0.0004136463312448 0.0336336625134371 0.0008291981541612 0.0512129384540802 0.0389901149826589 0.0361752591596372 0.0788059975465004 0.7331623180369214 0.0718503601646449 0.7779330358369411 0.0744592026927893 0.53581253606 0.8672920476985784
2 0.9248162055335968 0.0459241666666666 0.0001 0.0001 0.0400159689703257 0.0004920512350683 0.022455775008958 0.0004525760541131 0.9593710186327196 0.963440518343116 0.9800217969063196 0.9321037199671482 0.555958973452301 0.4576555455400261 0.3358962251506928 0.9800217969063196 0.109732609092 0.1508207703618246
4 0.6916612648221344 0.5041658333333333 0.0001 0.0001 0.0172068448219592 0.0002232182296446 0.0212137865148704 0.0003377239042412 0.0401126547379598 0.0543841189970674 0.0413288661911423 0.0250365544835992 0.9196921623938468 0.1471294163105093 0.4667998300393561 0.0501636209129777 0.52997640352 0.3891930235354386
4 0.57310790513834 0.4708391666666666 0.0001 0.0001 0.0172068414005903 0.0002680248210298 0.0087939093985149 0.0001774606135504 0.0421778218563229 0.0543841189970674 0.04869116422223 0.0234780193023688 0.9047697778670764 0.1730065921583847 0.4402396759719948 0.0508998512461719 0.5634793615879999 0.3390554945724157
1 0.3399529644268774 0.5166633333333334 0.0001 0.0001 0.0134053231041541 0.0003427025472694 0.0075519251520245 0.0002282106950754 0.0068118001046258 0.0001 0.0185057430898988 0.0008792673100789 0.7853906764713828 0.1894738898254947 0.535097357605485 0.0185057430898988 0.9999 0.1556304440016717
0 0.7904557312252964 0.74995 0.0001 0.0001 0.0343137101721323 0.0008663114918045 0.0659253275904765 0.0008357293509072 0.3429180762056724 0.3258047125240252 0.3961916171097819 0.302455711541521 0.6063220319323015 0.4682416631248137 0.2675987095366322 0.3961916171097819 0.2789304227599999 0.1755295449048547
0 0.7548897233201581 0.6291408333333334 0.0001 0.0001 0.0818326931542951 0.0023141945139467 0.3341946276979734 0.1584535823896477 0.2819955834844487 0.2512653367156024 0.3277222266026345 0.2627130759922657 0.5317100841169197 0.4176635328366851 0.4250624445885204 0.3336120652925473 0.30785258717 0.0790782272887864
3 0.1305086956521739 0.6374725 0.0001 0.0001 0.0305121723738931 0.0005069764084784 0.0286657130082414 0.0004538520108988 0.0790927189467922 0.0673474867689423 0.0685693706289442 0.101404755219649 0.727566419852307 0.1000800052930587 0.7380927970524266 0.0958098704284987 0.3679494154 0.8956068899619928
1 0.1226051383399209 0.3500299999999999 0.0001 0.0001 0.0438174862403511 0.0011492218878262 0.0497795017586893 0.0023330019138714 0.0220424215424452 0.0057714750864463 0.0494273945554242 0.0086719403407345 0.7145093352799975 0.2682816525386961 0.4800799028044409 0.0494273945554242 0.91951318058 0.1498549181113461
0 0.9919964426877472 0.7666133333333334 0.0001 0.0001 0.0894357721721425 0.0022084712297361 0.0833131575653939 0.001690367405596 0.3323341016940078 0.3096004781990314 0.3895655494118884 0.2931045271050809 0.5708813462276913 0.4847089300921827 0.2770844684798143 0.3895655494118884 0.288830502348 0.1666876261066298
3 0.6442399209486167 0.6957941666666666 0.6666333133373338 0.0001 0.0476190069317455 0.0009699972462202 0.0559894419935501 0.0011497255663479 0.1660879813870792 0.1475583391221907 0.1399836440376756 0.2112814353505398 0.6529544804307683 0.0459731832581577 0.9012480386933736 0.1996182533187168 0.329246437544 0.8786858782566827
1 0.2372067193675889 0.45001 0.0001 0.0001 0.028611405185458 0.0009401241051492 0.0236977612674682 0.0007864612788553 0.0086188227271827 0.0009102106953842 0.0214506630974619 0.0024378020003709 0.7779294816898447 0.1953550635561467 0.5332002041094103 0.0214506630974619 0.9840301746 0.1530210282481503
6 0.7351308300395256 0.325035 0.0001 0.0001 0.1027410689317557 0.001718629533182 0.0249397475259784 0.0008702651757888 0.0589573256028606 0.0462820113140357 0.086238880072615 0.0421804351650682 0.727566419852307 0.276515301901557 0.4535197470296414 0.086238880072615 0.548535291 0.167994641864046
3 0.450602766798419 0.6041458333333333 0.0001 0.0001 0.0134053172878269 0.0004928572200193 0.0236977567963132 0.0005665564498273 0.1691857320646237 0.125682664711853 0.17237776014523 0.2073851026575182 0.4794817458276815 0.187121417369121 0.8500248721026575 0.1959371082788136 0.417344114484 0.9883084302273312
6 0.9761893280632412 0.5916483333333333 0.0001 0.0001 0.0096038034391704 0.0001634760547018 0.002583975423271 0.0001213684649819 0.0026814614071343 0.0001 0.0074622980310876 0.0001 0.8152354488824611 0.1553630646147584 0.5597603547618948 0.0074622980310876 0.88881112222 0.1595166296875821
4 0.0791355731225296 0.1750649999999999 0.0001 0.0001 0.0305121723738931 0.0006227435493583 0.026181736020066 0.0004125132034443 0.150341054229777 0.1524196203575333 0.1819487505011137 0.1146523004027342 0.800313062676922 0.3188597616545896 0.311233217749653 0.1819487505011137 0.40415672249 0.2320626509204703
0 0.6758541501976284 0.7166233333333334 0.0001 0.0001 0.0989395619258372 0.0017958585923988 0.0907650818231874 0.0023158999461283 0.3927402817258026 0.3679356488500458 0.4639247388525424 0.3406398280403794 0.5373059906953771 0.5658691790237107 0.1803296077386747 0.4639247388525424 0.305510445692 0.1757672314354926
0 0.8418288537549408 0.6249750000000001 0.0001 0.0001 0.1274509585578727 0.0008355794177923 0.2571914126030178 0.013746433739457 0.2819955834844487 0.2577470231537035 0.3291947044967989 0.2549204316464402 0.5764772528061488 0.424720937502465 0.3681478397062783 0.3291947044967989 0.2980965187739999 0.1419693850567654
1 0.3834225296442687 0.40002 0.0001 0.0001 0.1597638793026717 0.0038637565596645 0.0882811182484771 0.0124536343962855 0.0607643468314282 0.0357492717636083 0.0965460928104116 0.046856037903397 0.6417626840615394 0.3176835275436263 0.4743884423162168 0.0965460928104116 0.697186424826 0.1283391090436571
2 0.3715671936758893 0.1500699999999999 0.0001 0.0001 0.0248098143559998 0.0004323156796324 0.0336336334509296 0.0004445655768585 0.7466586869522445 0.6798667640208003 0.8533903545251079 0.696765000879657 0.1344014892800011 0.8199360010586118 0.1803296077386747 0.8533903545251079 0.27600190858 0.1298622095687756
3 0.2885798418972332 0.84993 0.0001 0.0001 0.0153060885819048 0.0001746777111173 0.0112778888458255 0.0001881448226409 0.0483733280903742 0.0373696915501595 0.0295491914617438 0.0788059975465004 0.7424888060578462 0.0530305910997729 0.7988017225863248 0.0744592026927893 0.6036829592599999 0.8452597265478925
3 0.8694913043478261 0.7916083333333334 0.3333666566686669 0.0001 0.0495197689881272 0.0012379467702726 0.05474745573504 0.0007017883249965 0.1335615574531853 0.107047815290825 0.1171605381642081 0.1762144060463162 0.6081873117415391 0.0847889438541356 0.8841736555212627 0.1664879148292495 0.416778377654 0.912161359865448
0 0.4624581027667984 0.7124575000000001 0.3333666566686669 0.0001 0.0609243447477862 0.0014044047864797 0.0559894822339452 0.0011283739431262 0.3137475697489565 0.3039290235298948 0.3601163360841212 0.2736228285729437 0.6660115733969209 0.4282496504214726 0.2713929960395219 0.3601163360841212 0.28191837505 0.1903529532553964
5 0.794407509881423 0.25005 0.0001 0.0001 0.032412913902061 0.0006788127690078 0.0174878165614523 0.0004284419400111 0.2675394066859615 0.2763818579909389 0.2791310656934383 0.2463484646547633 0.8096395557341526 0.250638119702011 0.4117823649936823 0.2791310656934383 0.166113720614 0.2297561801702314
1 0.9208644268774704 0.4125175 0.0001 0.0001 0.0286114068961424 0.000312831432578 0.011277887504479 0.0005086715785492 0.0127491611458764 0.0009102106953842 0.0324941094814866 0.0032170693104499 0.7480847075999978 0.2294658845324359 0.5085372086604386 0.0324941094814866 0.9840301746 0.1497628378693379
6 0.6600470355731225 0.1209091666666666 0.0001 0.0001 0.0001 0.0001 0.0001 0.0001000000114629 0.0001 0.0001 0.0001 0.0001 0.8338884349969222 0.1318383580474214 0.5787318931375188 0.0001 0.0001 0.5110522054750354
5 0.3518083003952569 0.1042458333333333 0.0001 0.0001 0.0324128711349489 0.0004304021420939 0.0249397117567383 0.0009821752220882 0.4626978945297565 0.4124972586072711 0.5618433095571186 0.4053190208785963 0.3395843331815367 0.7164272722604277 0.138592217165524 0.5618433095571186 0.3328484869899999 0.1521002929664137
6 0.5375418972332016 0.3375325 0.0001 0.0001 0.2529011653234707 0.0075400408621237 0.0174878277393398 0.0003482787947418 0.0695413140544171 0.0519534842129131 0.1031721605083051 0.0507523762071433 0.6902604627323022 0.3094498993530005 0.4383425241833584 0.1031721605083051 0.60841491268 0.159128989660389
3 0.3439047430830039 0.8332666666666667 0.6666333133373338 0.0001 0.0476190171958524 0.000986984427285 0.0547474490283075 0.001149694627506 0.0754786764896569 0.0649168570891155 0.0508998512461719 0.111535227234911 0.7368929162670748 0.0318583527543626 0.838641944296456 0.1053808541583147 0.524323064414 0.8368127490720254
1 0.450602766798419 0.4166833333333333 0.0001 0.0001 0.0191076082468885 0.0005069765294563 0.0435695458747859 0.0008512746405539 0.1258171737893779 0.0705883336339411 0.1996182533187168 0.1006254816676389 0.4123310011876809 0.5152910381494645 0.389016526455662 0.1996182533187168 0.679477137392 0.1194143918798057
4 0.2925316205533597 0.574985 0.0001 0.0001 0.0172068448219592 0.0002232182296446 0.0236977657386232 0.00046593457343 0.0525036672060625 0.0406105333108309 0.0788765833667409 0.0359462958428278 0.7350276146338451 0.2706341207606228 0.4554169022331545 0.0788765833667409 0.57869260833 0.1722333877911858
3 0.8971537549407115 0.7124575000000001 0.3333666566686669 0.0001 0.0305121566355959 0.000794141455768 0.0174878187970298 0.0005727090965002 0.117040213536335 0.1062375981056531 0.0847664220566537 0.1614083347994283 0.7219705300615358 0.0048049470299709 0.8974537009673343 0.1524995570515496 0.444369298366 0.8327152286564163
1 0.5177830039525692 0.4708391666666666 0.0001 0.0001 0.0077030417249256 0.0001746777111173 0.0050679497287534 0.0001534211110041 0.007586237774012 0.0001 0.0214506630974619 0.0001 0.7797947782867685 0.2000600074102823 0.5237144349215983 0.0214506630974619 0.9999 0.1595166296875821
0 0.336001185770751 0.7582816666666666 0.0001 0.0001 0.1122449236914606 0.0017656228906713 0.0497794950519568 0.0014049410110748 0.4281063034774998 0.3914317795064164 0.507362323210145 0.3788239164856143 0.4440410769107574 0.6129185752205967 0.1993011768481884 0.507362323210145 0.299619044208 0.1570023657554142
5 0.1621229249011857 0.1917283333333333 0.0001 0.0001 0.0476190719377558 0.0010835780141741 0.0224557470642393 0.0003633395850085 0.4580512754833858 0.4335627158324369 0.5265042376612353 0.4084360589793901 0.5186529743630809 0.5682216260734022 0.1955068391221492 0.5265042376612353 0.266822784772 0.1702071357139925
5 0.893201976284585 0.5041658333333333 0.0001 0.0001 0.2281913099110433 0.0014936953413791 0.029907701502329 0.0008291538012759 0.2703790323835486 0.2423529841381927 0.3262497619606055 0.2377765397435217 0.5540936768553772 0.4635367160948428 0.328307600921764 0.3262497619606055 0.325803226324 0.153620607250159
1 0.3043869565217391 0.3666933333333333 0.0001 0.0001 0.0552220517359033 0.0081838616046651 0.0684093068142294 0.0107548435253488 0.0290123675368665 0.0082021076830316 0.0597346092810411 0.0164646148442053 0.6809339629599971 0.2859251747892636 0.4857713581703503 0.0597346092810411 0.910817760012 0.1324467841341504
4 0.0870391304347826 0.3083716666666666 0.0001 0.0001 0.0495197758308651 0.0011604241380416 0.0398436049838754 0.000794474511037 0.1253008820097871 0.1378358276947798 0.1451372669717432 0.0920535427295855 0.8805208952467694 0.2565193008429453 0.3302047697847836 0.1451372669717432 0.399771529704 0.2782723130337149
2 0.8102146245059288 0.0625875 0.0001 0.0001 0.0419166181215315 0.0016084823899606 0.0423274992556832 0.0011150047574813 0.9552406983358852 0.958579229815877 0.9726594405658362 0.9321037199671482 0.5522283466830813 0.4411882256420693 0.3662506708432587 0.9726594405658362 0.1052065104928 0.1447172904342042
3 0.9643339920948616 0.9915683333333334 0.0001 0.0001 0.0685273792878371 0.0013993927732912 0.0336336602778596 0.000540724507276 0.1028421686877511 0.0786904398585935 0.1016997024923438 0.1271205650204032 0.6343014976738444 0.1506581228778463 0.7513728766472648 0.1201054409439952 0.4062309075699999 0.9715466203257852
4 0.0870391304347826 0.1833966666666666 0.0001 0.0001 0.0761304001424121 0.0038040130398508 0.0398435893348329 0.000666263899543 0.1635065155191794 0.1580910823185662 0.2062443210166102 0.1232242323273816 0.7443541060123071 0.3753190624975349 0.2770844684798143 0.2062443210166102 0.435083205956 0.213769784599764
2 0.4387474308300395 0.0792508333333333 0.0001 0.0001 0.0191076633309288 0.0003743822915053 0.0274237356920412 0.0006193128005838 0.7895109255681154 0.7349611242662977 0.8622250231080631 0.7637819442398458 0.2052828774769078 0.6670254290138504 0.3548677601114401 0.8622250231080631 0.2254386832479999 0.1106881860215014
2 0.4110849802371542 0.225055 0.0001 0.0001 0.0324128711349489 0.000716602168914 0.0336336915759446 0.0009832678896739 0.8574033573138143 0.8143617375586851 0.9277494777050848 0.8230063063748618 0.2631071055569172 0.6717303548715862 0.2884673792116328 0.9277494777050848 0.202424586988 0.1243367908031612
6 0.8971537549407115 0.3292008333333333 0.0001 0.0001 0.06282509996143 0.0023265671244377 0.0497795017586893 0.0018774064797763 0.1175564983459798 0.0940844424146227 0.1620705474074333 0.0928328092681898 0.6343014976738444 0.3729666048617258 0.3928108300329349 0.1620705474074333 0.4755535102759999 0.154760700293982
1 0.3122905138339921 0.3167033333333333 0.0001 0.5 0.834533947433359 0.5777657977909858 0.9999 0.9999 0.4701841044239847 0.4287014783484723 0.5235593481335835 0.4528543428541124 0.3974085948369184 0.498823781768213 0.4307538999544296 0.5235593481335835 0.306320013746 0.1045081683790509
1 0.8892501976284585 0.4125175 0.0001 0.0001 0.0115045634427307 0.0001896132331778 0.0112778868338057 0.0002522501969005 0.0117165761927056 0.0009102106953842 0.0295491914617438 0.0032170693104499 0.755545902381536 0.2200560010586117 0.5161258209372993 0.0295491914617438 0.97768224444 0.1491792545783451
2 0.5138312252964428 0.0167633333333333 0.3333666566686669 0.0001 0.0305122257472489 0.0011604178875172 0.0423275551451208 0.0016599039688889 0.9072255767738366 0.8726969082096994 0.963088549600968 0.8798927707063828 0.3060089608615364 0.6140948410899126 0.3377933769393292 0.963088549600968 0.17655860122 0.1208156363063131
2 0.2253513833992095 0.0584216666666666 0.0001 0.0001 0.026710720109878 0.0006059377645589 0.0087939216941911 0.0003363544458038 0.7822828127740609 0.7130854352721673 0.8703236018304594 0.754430794870435 0.1064220571138307 0.7387757521270838 0.3396905287279656 0.8703236018304594 0.255458937996 0.1087434231121809
2 0.4703616600790514 0.1667333333333333 0.0001 0.0001 0.0362144209079795 0.0008181285889623 0.0460534893292988 0.000635744643107 0.8672129290058228 0.8257046906483362 0.9351117677848912 0.8339160028482929 0.2705682751569261 0.6623204608116444 0.2960560034405617 0.9351117677848912 0.197629256246 0.1241154860290309
2 0.5414936758893281 0.0417583333333333 0.0001 0.0001 0.0229090830919388 0.0008663116127824 0.022455775008958 0.0004724169820021 0.8873483014399165 0.8475803796424666 0.9483639031806782 0.8596318827831058 0.2761642320984421 0.6340908103901717 0.3358962251506928 0.9483639031806782 0.187915289428 0.1183974137785876
1 0.2609173913043478 0.5208291666666667 0.0001 0.0001 0.2300920514392112 0.0038385684587883 0.0597154007690807 0.0024057884603417 0.1082632323734541 0.0657270669823911 0.1679603860973462 0.0858194034073451 0.5055959149723006 0.4435407150362311 0.4098852132050459 0.1679603860973462 0.660780867394 0.1237460404936964
3 0.1700264822134387 0.6083116666666666 0.0001 0.0001 0.0286114298193145 0.0004024449782821 0.0659253365327865 0.0055943635405963 0.1694438779544191 0.1402664427908139 0.1605980761393367 0.2066058431323197 0.5783425494030725 0.1294858874965488 0.842436264948112 0.1952008858969006 0.350073171364 0.9481737645982716
3 0.4031814229249011 0.8957541666666667 0.0001 0.0001 0.0590235690059287 0.0018213212122715 0.0361176305593024 0.0013634087529219 0.0940652014647622 0.0746393831003191 0.0788765833667409 0.1286791121244236 0.6697421665907685 0.0812602415212456 0.8272590164902541 0.1215779122120919 0.442467548792 0.8977444574174216
3 0.5691561264822135 0.6624675 0.0001 0.0001 0.043817499925827 0.0006788122951777 0.0274237200429987 0.0007206971932276 0.1144587476684352 0.0932742325213471 0.1120069284822759 0.137251044049071 0.6510891838338445 0.1471294163105093 0.7399899659154462 0.129676431299879 0.346749296272 0.9704587105616568
1 0.9524786561264824 0.2917083333333333 0.0001 0.0001 0.7661064312907633 0.1910845192445759 0.3391625950877891 0.0800634202717654 0.2923214399861019 0.2415427815368134 0.368214881676179 0.2603752763764527 0.3899473916615371 0.5646929554988651 0.3321019044990368 0.368214881676179 0.420191634866 0.1292933967139782
5 0.1858335968379446 0.5333266666666666 0.0001 0.0001 0.0837334723175216 0.0017958581891391 0.0410856024202731 0.0008563854631925 0.3362062691311006 0.310410709967996 0.4006089712794626 0.2923252535530708 0.5484977702769197 0.5199960169377882 0.2429357021355924 0.4006089712794626 0.31085603636 0.1679353251350526
4 0.4980241106719367 0.4541758333333333 0.3333666566686669 0.0001 0.0571228137922849 0.0009513262545496 0.0721352700609149 0.0030061072870608 0.1650553838880057 0.1613319218916687 0.2018269535947941 0.1294583786630279 0.755545902381536 0.3470894226621799 0.311233217749653 0.2018269535947941 0.3948838874279999 0.2148226985008617
0 0.9880446640316204 0.674965 0.3333666566686669 0.0001 0.074229679142458 0.0019497998327952 0.0535054448851773 0.0009919477132684 0.3958380602831313 0.3638846139674604 0.4742319847206775 0.3429776276561924 0.4869429322153766 0.6011562235248458 0.1746381694471486 0.4742319847206775 0.3184028267 0.1672704708758128
4 0.1344604743083003 0.1292408333333333 0.3333666566686669 0.0001 0.0362144619644071 0.000253088850343 0.0311496899964167 0.0004659341046596 0.1575691461139936 0.1459379266275358 0.2062443210166102 0.116990107031953 0.7033175439470745 0.4023724682219266 0.2751872825424116 0.2062443210166102 0.462759609568 0.2017972214961902
6 0.8220699604743084 0.3458641666666666 0.0001 0.0001 0.0343136964866565 0.0008663110583004 0.0137618622570768 0.000453851902721 0.0636039516191774 0.0430411680949851 0.1009634734843632 0.0437389703462986 0.671607463187692 0.3259171874926048 0.4307538999544296 0.1009634734843632 0.61968895742 0.1536512559052642
3 0.2451102766798419 0.7916083333333334 0.0001 0.0001 0.0495197758308651 0.001026003688426 0.0212137829379464 0.0004979873218605 0.0543106905256139 0.0454717999623808 0.0369114855171908 0.0811437971623134 0.755545902381536 0.0612642425798574 0.7722415633966485 0.0766678897167313 0.5431926297459999 0.8438883419009207
3 0.4743134387351778 0.9415783333333332 0.0001 0.0001 0.0457182448753638 0.0012649717187863 0.0348756443007922 0.000666263755306 0.0522455227102563 0.0446615878815363 0.0339665674974479 0.0788059975465004 0.7648723937599979 0.0565593008429452 0.7703444116080121 0.0744592026927893 0.5572233130480001 0.8364159950143163
3 0.3676154150197628 0.9790708333333332 0.0001 0.0001 0.0799319413620203 0.0017325235414609 0.0609573892631683 0.0006569007025579 0.1591180353926579 0.1378358276947798 0.130412673559995 0.2097229163001428 0.636166794270768 0.0318583527543626 0.9410882262547384 0.1981458085548909 0.374824800048 0.8734170958199613
4 0.4071332015810276 0.4625075 0.0001 0.0001 0.0153060861869465 0.0001298710340395 0.0112778852689015 0.0002201974845292 0.0447592828452605 0.0592453878361863 0.0479549338890358 0.0273743555020933 0.9196921623938468 0.1577155338952968 0.4497254468672452 0.053844777217196 0.520057717654 0.3713843875023492
6 0.8773948616600791 0.5791508333333334 0.0001 0.0001 0.0001 0.0001 0.0001 0.0001000000114629 0.0001 0.0001 0.0001 0.0001 0.8338884349969222 0.1318383580474214 0.5787318931375188 0.0001 0.0001 0.5110522054750354
0 0.2490620553359683 0.6874625 0.0001 0.0001 0.0799319242551755 0.0010264260625677 0.022455788422423 0.000762724112259 0.3540183843166037 0.3355272312433325 0.4131248776672689 0.3086898578771673 0.593264938966149 0.498823781768213 0.2315527572550075 0.4131248776672689 0.294096858866 0.1785697370730941
5 0.7588415019762845 0.5958141666666666 0.0001 0.0001 0.0590235587418218 0.0026726467611168 0.0448115500179161 0.0014462114790267 0.1962910714029766 0.1572808724252906 0.2621977985098837 0.1637461414286471 0.5018652882030807 0.4941188029798893 0.3321019044990368 0.2621977985098837 0.4535424633659999 0.143289710991344
5 0.5928667984189724 0.375025 0.0001 0.0001 0.3289315688872519 0.0066900592768269 0.011277887504479 0.0003521288343298 0.2174590483060898 0.1986016134418283 0.2614615496236999 0.1886826987176087 0.6343014976738444 0.3941388400313009 0.358662063688713 0.2614615496236999 0.327322182472 0.16555995365688
1 0.8655395256916996 0.4541758333333333 0.0001 0.0001 0.0134053251569755 0.0001634760547018 0.0087939120812079 0.000145407986279 0.0070699459944212 0.0001 0.0199782030936803 0.0001 0.7835253765169219 0.1953550635561467 0.527508743621186 0.0199782030936803 0.9999 0.1595166296875821
1 0.0317142292490118 0.2875425 0.0001 0.0001 0.100840306875374 0.0139639180531489 0.3726962352454512 0.0516727417377284 0.1647972449681563 0.1264928746051286 0.2099254726825812 0.1536156694133852 0.5167876777661571 0.3870814036071682 0.4895656685773764 0.2099254726825812 0.5142508492600001 0.1029327167283721
1 0.1265569169960474 0.5458241666666667 0.0001 0.0001 0.003901521717805 0.0001298710915039 0.002583975423271 0.0001213684649819 0.0003581461476833 0.0001 0.000836229736848 0.0001 0.832023136553353 0.1341908285982939 0.5768347394707002 0.000836229736848 0.111188887778 0.1595166296875821
5 0.8655395256916996 0.4166833333333333 0.0001 0.0001 0.0875349656379643 0.0017690087593816 0.0510214790748895 0.001252058778992 0.2063587680749424 0.1856382551494186 0.2533630172837774 0.1762144060463162 0.6249749979015393 0.4059011917270517 0.3491762876711477 0.2533630172837774 0.349355254976 0.1644969857884176
6 0.4387474308300395 0.4541758333333333 0.3333666566686669 0.0001 0.0457182551394707 0.0011412110343621 0.0497794950519568 0.0013320489552206 0.150341054229777 0.1281132870997835 0.1900472695889008 0.1294583786630279 0.6324362010769206 0.3576755402469674 0.4193709892226111 0.1900472695889008 0.38677289995 0.1455816798587731
0 0.0119553359683794 0.7916083333333334 0.0001 0.9999 0.0932372586498473 0.0017925268612944 0.116846806665366 0.0023533964523113 0.3744119235503307 0.3436293301760885 0.4455189805226878 0.3281715564093045 0.5018652882030807 0.561164253165975 0.2239641330260787 0.4455189805226878 0.308897608124 0.1627340167364052
6 0.525686561264822 0.5708191666666667 0.0001 0.0001 0.003901521717805 0.0002735353336975 0.0013419875104335 0.0001981408812104 0.0003581461476833 0.0001 0.000836229736848 0.0001 0.832023136553353 0.1341908285982939 0.5768347394707002 0.000836229736848 0.111188887778 0.1595166296875821
1 0.0514731225296442 0.3292008333333333 0.3333666566686669 0.0001 0.1008403171394809 0.0025549267043951 0.0746192492846677 0.002415791802881 0.0349497299721062 0.0187348465042694 0.04869116422223 0.0359462958428278 0.7107787336923068 0.2059411811409342 0.5844233543087185 0.04869116422223 0.72524354228 0.0680416230869822
6 0.4743134387351778 0.5958141666666666 0.0001 0.0001 0.0153060834498513 0.0002194843418204 0.0584734100394155 0.0042481504864252 0.0130073070356717 0.0114429501728926 0.0199782030936803 0.0071134058608447 0.8189660471126147 0.1683016514800843 0.535097357605485 0.0199782030936803 0.5343846217 0.1911503218257292
5 0.5493972332015811 0.2583816666666667 0.0001 0.0001 0.0590235484777149 0.000934505287025 0.0174878165614523 0.0008238504222084 0.3227826758917948 0.333096608855402 0.3387656749744795 0.2954423056806762 0.8021783626313831 0.2847489512644179 0.3643535361290055 0.3387656749744795 0.1762203688799999 0.2288044605416579
0 0.5375418972332016 0.7124575000000001 0.0001 0.0001 0.06282509996143 0.0039869745574348 0.080829178341641 0.0067482609696064 0.2435318180251531 0.2293896331376793 0.284284688627506 0.2136192489931644 0.6585503702215395 0.3847289565574767 0.3491762876711477 0.284284688627506 0.2857990187659999 0.1751717143034376
0 0.4110849802371542 0.7582816666666666 0.0001 0.0001 0.1103441034718066 0.0020206850130641 0.0646833592165864 0.0016702547784223 0.4190711903647154 0.3873807081643493 0.4977913328542611 0.3655763642891234 0.4813470256369191 0.6082136493628609 0.1689466970068562 0.4977913328542611 0.308503666928 0.1673431481357281
3 0.0356660079051383 0.8832566666666667 0.3333666566686669 0.0001 0.0514205378872468 0.0011785048886659 0.0795872099677509 0.0022267378816933 0.1049073358061142 0.1005661288527239 0.0855026510646344 0.1294583786630279 0.7704682885870752 0.0636167086845605 0.7532700284359012 0.1223141412200726 0.33069921693 0.8317964907404835
5 0.0751837944664031 0.4625075 0.0001 0.0001 0.0533212657299388 0.0012960109153364 0.0398435893348329 0.0011714911498324 0.4234596774611829 0.3760377769503871 0.518405725199516 0.3679141639049364 0.3712944256922994 0.6870213983141094 0.1537694485489985 0.518405725199516 0.3423944074239999 0.1538051705642537
4 0.2925316205533597 0.2667133333333333 0.0001 0.0001 0.0970387998694555 0.0047486889599708 0.0497795017586893 0.0027817398870692 0.1810604499651572 0.1702442525933894 0.2305399246624453 0.1388095911530914 0.7014522423138448 0.4117823622818685 0.2619072370963398 0.2305399246624453 0.42967736734 0.2029543844645707
6 0.7865039525691699 0.0084316666666666 0.0001 0.0001 0.0609243344836793 0.0019730564208347 0.0063099350930326 0.0002809628341107 0.0648946810681543 0.0446615878815363 0.1053808541583147 0.0414011686264639 0.6734727765723021 0.3412082521073631 0.4041937578391365 0.1053808541583147 0.63271270215 0.1629174890523717
1 0.5217347826086957 0.3791908333333333 0.0001 0.5 0.7547019136943766 0.3777490188343788 0.6682892330401718 0.3520597971825863 0.3070357696443306 0.2731409965421474 0.3490729075904793 0.2946630461554778 0.5018652882030807 0.4059011917270517 0.4743884423162168 0.3490729075904793 0.39791202168 0.1053994299267432
6 0.9564304347826088 0.3458641666666666 0.0001 0.0001 0.0229091241483664 0.0004136463917337 0.0050679497287534 0.0001213684606548 0.0083606768373873 0.0017204213907684 0.0214506630974619 0.0008792673100789 0.7853906764713828 0.19653129766711 0.5237144349215983 0.0214506630974619 0.97768224444 0.1634028657272524
6 0.6323845849802372 0.5541558333333334 0.0001 0.0001 0.0001 0.0001 0.0001 0.0001000000114629 0.0001 0.0001 0.0001 0.0001 0.8338884349969222 0.1318383580474214 0.5787318931375188 0.0001 0.0001 0.5110522054750354
4 0.0040517786561264 0.1375725 0.0001 0.0001 0.074229679142458 0.0025083548540392 0.0535054784188398 0.0012031453353026 0.1307219456954902 0.1264928746051286 0.1672241438372301 0.095949882436013 0.7630070921267683 0.3376795391883557 0.3188218419785819 0.1672241438372301 0.457689883716 0.2166966304547912
2 0.6442399209486167 0.1584016666666666 0.0001 0.0001 0.0400159279138981 0.0005368660227056 0.0336336334509296 0.0003163559245408 0.8796039595957852 0.848390625995224 0.9395292345977228 0.8448257414021593 0.3377190533722991 0.6270334374827445 0.2846730927087432 0.9395292345977228 0.17947721738 0.1310931911489593
3 0.9050573122529644 0.7041258333333333 0.3333666566686669 0.0001 0.0381152137566819 0.0006227437509881 0.0435695592882509 0.0010108296380231 0.09664665339277 0.0705883336339411 0.0869751090805956 0.1317961852922467 0.6231097180923016 0.1083136514800844 0.8310533371419102 0.1245228348700822 0.48688557341 0.9286388556548218
5 0.9050573122529644 0.4416783333333333 0.0001 0.0001 0.1122448997418779 0.0010365280995209 0.0323916494279969 0.0007206975393965 0.2721860396722243 0.2447836429856049 0.3299309401308472 0.2369972802183232 0.5578242532615386 0.4729465678103143 0.3093360659610166 0.3299309401308472 0.335058874824 0.1575294017742002
4 0.3715671936758893 0.4083516666666666 0.0001 0.0001 0.0343136896439185 0.0005928727976006 0.0435695592882509 0.0020685678481417 0.120396110103675 0.1402664427908139 0.1326213539578692 0.0881572030231581 0.9327492553599994 0.2188797669476484 0.3377933769393292 0.1355662766158595 0.385020430514 0.3211843409896711
4 0.1463158102766798 0.4208491666666666 0.0001 0.0001 0.0191076082468885 0.0004883241078919 0.0224557772445355 0.0001641052919684 0.0434685533962836 0.0511432743196375 0.053844777217196 0.0250365544835992 0.8730597021439997 0.1918263559301979 0.4421368277606313 0.053844777217196 0.5591592657800001 0.2972178983575598
0 0.2727727272727272 0.774945 0.0001 0.5 0.0932372791780611 0.0021321057510277 0.1180888175152287 0.0024623222345557 0.3824144461339875 0.3565927176360836 0.4506726034567554 0.3344056887181391 0.5335753639261572 0.5494018697118713 0.210684087580007 0.4506726034567554 0.298744289194 0.1697367644595192
6 0.4822169960474308 0.5874825 0.0001 0.0001 0.0001 0.0001 0.0001 0.0001000000114629 0.0001 0.0001 0.0001 0.0001 0.8338884349969222 0.1318383580474214 0.5787318931375188 0.0001 0.0001 0.5110522054750354
2 0.8892501976284585 0.30004 0.0001 0.0001 0.030512182638 0.0006227440534329 0.0236976852578332 0.0004659339243634 0.6317836265943805 0.5437514144477424 0.7746136651412838 0.5642895069683708 0.0243489396984399 0.965789200195946 0.0570146390310085 0.7746136651412838 0.362089357646 0.1352364495630139
3 0.4308438735177866 0.6791308333333334 0.0001 0.0001 0.0134053220777435 0.0001634760002617 0.0386016120186328 0.0002095131629339 0.0940652014647622 0.0795006497518691 0.0832939574146247 0.1193278996343601 0.7033175439470745 0.1024324766908207 0.7589614838018104 0.1127431508641888 0.359323720884 0.910165219336589
0 0.6402881422924901 0.7041258333333333 0.0001 0.0001 0.0609243447477862 0.0012948439827676 0.2050279450340406 0.0462157754797045 0.2117798387305914 0.2002220478121722 0.2408471440263097 0.191799764872026 0.6865298527507686 0.3212122510487514 0.4231652927998839 0.2408471440263097 0.238542731914 0.138922025870054
6 0.9366715415019764 0.3125375 0.0001 0.0001 0.0153060701065124 0.0001298710340395 0.0075519179981765 0.0001320526199835 0.083739351933055 0.0551943259735844 0.1355662766158595 0.0562072468867577 0.6100526251261491 0.4000200105861176 0.3738392950721875 0.1355662766158595 0.62947719938 0.1538154930850037
4 0.0475213438735177 0.5458241666666667 0.0001 0.0001 0.0134053220777435 0.0001634760708322 0.0286657107726639 0.0002095130691798 0.0321101230933733 0.0454717999623808 0.0347027984932489 0.0164646148442053 0.9159615691999992 0.1518343569888096 0.46300551963233 0.0420650965243365 0.6301326682599999 0.3807478201903735
2 0.885298418972332 0.0459241666666666 0.0001 0.0001 0.0286114068961424 0.0003576416028925 0.0162458191250547 0.0001774617126366 0.96169445012996 0.9699222120731136 0.974131951590339 0.9391171258279928 0.5839384391938438 0.4188397563615308 0.3700449914949146 0.974131951590339 0.095264953202 0.1487898521695606
0 0.0672802371541502 0.824935 0.0001 0.5 0.0894357721721425 0.000818131109335 0.101942984976709 0.0020271634561118 0.3400784923277612 0.3136515422492021 0.4028176848076753 0.2985593928753112 0.5429018636984623 0.512938591099773 0.2600100853077033 0.4028176848076753 0.303021643552 0.1641180905308356
2 0.205592490118577 0.2792108333333333 0.3333666566686669 0.0001 0.0419168336677763 0.0011339564943435 0.0597153694709956 0.0017515689784252 0.7448516239040007 0.6798667640208003 0.8327758230324314 0.71312957715013 0.1474585822461537 0.7293658686532596 0.3131303866126727 0.8327758230324314 0.2582300236679999 0.1135793478454478
0 0.8062628458498023 0.7624475 0.0001 0.0001 0.0552220414717964 0.0013100907254922 0.120572790032249 0.0022949344454235 0.2879329459196885 0.2707103668623206 0.334348294300528 0.2549204316464402 0.6231097180923016 0.422368479866656 0.3245132973444911 0.334348294300528 0.280603518074 0.1690548570603084
6 0.885298418972332 0.1958941666666666 0.0001 0.0001 0.0115045689169211 0.0005250730172879 0.0100359012459688 0.0003482789678262 0.0581828809635284 0.0406105333108309 0.0936011767784891 0.0375048324267394 0.6939910559261498 0.3153310699078173 0.4250624445885204 0.0936011767784891 0.622197795552 0.1638523401714267
6 0.7232754940711463 0.5583216666666667 0.0001 0.0001 0.0248098885997063 0.000716600011475 0.0050679499523111 0.0002962817221106 0.0039721925288982 0.0025306321590715 0.0081985270390682 0.0008792673100789 0.8226966436639993 0.1530105932169965 0.5559660477697453 0.0081985270390682 0.5277722444399999 0.1886297636735916
5 0.3873743083003952 0.574985 0.0001 0.0001 0.125550196501491 0.004715079688952 0.0472955225349364 0.0012432116404481 0.1490503247808002 0.121631615245475 0.1988820309368038 0.1224449728021832 0.5969955321599965 0.4059011917270517 0.3776335986494604 0.1988820309368038 0.44518306558 0.1515620616283751
6 0.1581711462450593 0.5333266666666666 0.0001 0.0001 0.0020007607904751 0.0001186694330721 0.002583975423271 0.0001213684649819 0.0091351145067734 0.0001 0.0258680404583796 0.0001 0.7686029903113826 0.2141748273279598 0.5123315156525882 0.0258680404583796 0.9999 0.1595166296875821
5 0.3992296442687747 0.6124775 0.6666333133373338 0.0001 0.0780311690415317 0.0022403674538256 0.0410855890068081 0.0008563843092963 0.2742511998206414 0.2593674356483585 0.3144700912068476 0.2455692051295649 0.6436279974461494 0.38943389300133 0.3567649119000766 0.3144700912068476 0.264199009632 0.1671071568483354
5 0.6600470355731225 0.2458841666666666 0.0001 0.0001 0.0286114068961424 0.0007160917027051 0.0087939216941911 0.0001774609842396 0.3837051755829644 0.3760377769503871 0.4300581779811622 0.3414190945789838 0.6585503702215395 0.4447169385610768 0.2524214781531577 0.4300581779811622 0.249879174172 0.1908097793484951
3 0.9919964426877472 0.7624475 0.0001 0.0001 0.0742296620356132 0.0008881066366823 0.0460535474543138 0.0015616070130443 0.1294312162465133 0.1094784449706519 0.1016997024923438 0.1777729531503366 0.6548197770276919 0.0295058845324359 0.9259110290200302 0.1679603860973462 0.422506131874 0.8679790576121114
0 0.3043869565217391 0.7916083333333334 0.0001 0.0001 0.0970387861839796 0.002777876556349 0.1118788638669028 0.0030363651138883 0.3935147193951888 0.3752275451814226 0.4550900040089101 0.3453154062317877 0.58207314259692 0.5199960169377882 0.2087869357913705 0.4550900040089101 0.280473694044 0.1804871914600399
5 0.8536841897233202 0.5708191666666667 0.0001 0.0001 0.0704281413442188 0.0026726492814895 0.0236977567963132 0.0004659349700818 0.2027447256178071 0.1564706698239114 0.2754499339056706 0.1699802667240758 0.4496369331261565 0.5282296345422963 0.3302047697847836 0.2754499339056706 0.48377404584 0.1354179412977634
1 0.4150367588932806 0.5208291666666667 0.0001 0.0001 0.0115045620741832 0.0002792265066817 0.0087939120812079 0.0001774606308589 0.0050047767850744 0.0009102106953842 0.0126159050625927 0.0008792673100789 0.8040436592283068 0.1694778877082712 0.5483774337854463 0.0126159050625927 0.9628704074 0.1595166296875821
4 0.901105533596838 0.4708391666666666 0.0001 0.0001 0.0305121723738931 0.0001746776203839 0.0199718002563602 0.0003457371364229 0.0411452382971413 0.0519534842129131 0.0472187028932348 0.0242572865423137 0.8954432848098457 0.1706541228778463 0.4535197470296414 0.0501636209129777 0.54584622892 0.3368848279122403
0 0.0159071146245059 0.8291008333333334 0.0001 0.5 0.074229679142458 0.001783607161428 0.0994589901039136 0.0019847134898849 0.357632405863901 0.3314761671931618 0.4263770395673267 0.3094691174023657 0.5391712872923009 0.5458731673789814 0.210684087580007 0.4263770395673267 0.31760288672 0.1718532504741964
4 0.8536841897233202 0.5583216666666667 0.0001 0.0001 0.0191076068783409 0.00026429090901 0.0162458358918859 0.0001454079761824 0.0370148970904693 0.0462820113140357 0.0435375532150843 0.0211402175825341 0.8861167934313836 0.1718303569888096 0.4611083627213787 0.0464824738852542 0.564140599314 0.3316303627278764
2 0.9445750988142292 0.0209291666666666 0.0001 0.0001 0.0153060701065124 0.000264290394854 0.0373596235245451 0.0009333681532049 0.7146485478279954 0.6385460667556407 0.828358462236683 0.6663735567802476 0.0803078376061531 0.8458131303275699 0.193609704407896 0.828358462236683 0.299641399736 0.124592420056859
0 0.4545545454545454 0.7207891666666667 0.0001 0.0001 0.0761304343561018 0.0022357829966651 0.23731961011108 0.0326147627121859 0.2210730977331711 0.2099445811152721 0.2518905725199515 0.1988131707328707 0.6865298527507686 0.3317983686335389 0.406090909627773 0.2540992794220966 0.25077130571 0.139195748908091
1 0.1147015810276679 0.3333666666666666 0.0001 0.0001 0.1160463827982137 0.0066156289402919 0.0733772674973125 0.0066200465141957 0.0437266971950952 0.0179246351526145 0.0803490413827022 0.0297121586246092 0.6417626840615394 0.3176835275436263 0.4743884423162168 0.0803490413827022 0.822956035872 0.1279029951304049
6 0.557300790513834 0.4208491666666666 0.0001 0.0001 0.0362144551216692 0.0005946512330798 0.0125198701860652 0.0003482787514707 0.2011958502790349 0.179156561419421 0.2401108818879905 0.1808900263181597 0.6175138115138441 0.3659091684375931 0.4212681410112475 0.2401108818879905 0.321785280074 0.1417651669917792
2 0.4189885375494071 0.0417583333333333 0.0001 0.0001 0.0229089517113706 0.0006206060010926 0.026181736020066 0.0003944226134937 0.8837342798926192 0.8443395692369496 0.9402653907189588 0.8604111002278689 0.2798947917169174 0.6117423411096332 0.3681478397062783 0.9402653907189588 0.184085085622 0.1131950983047449
2 0.7588415019762845 0.2292208333333333 0.3333666566686669 0.0001 0.0476190719377558 0.0015524821277088 0.0199717814775092 0.0005380554660281 0.6630193350191894 0.5883129950373824 0.7871296112854962 0.6024736094404174 0.1064220571138307 0.883452706567337 0.1063406367587049 0.7871296112854962 0.320699707232 0.1357990689053614
2 0.4229403162055336 0.2667133333333333 0.3333666566686669 0.0001 0.0229091275697353 0.0005752443228198 0.2484974976155591 0.0073225269836173 0.8135185211988699 0.7722307720650792 0.8813670038198306 0.7801465696041598 0.2892213082769086 0.6493818961771654 0.2979531381548149 0.8813670038198306 0.203049162048 0.1257640513388763
0 0.4189885375494071 0.74995 0.0001 0.0001 0.1274509482937658 0.0031238242263126 0.0646833167406138 0.0021093727189757 0.4324947975439132 0.3971032341755529 0.5176695359479415 0.375706857344603 0.4515022297230803 0.642324449166915 0.1442836896058164 0.5176695359479415 0.3147197634599999 0.1659425750926841
0 0.9406233201581028 0.6208091666666666 0.0001 0.0001 0.06282509996143 0.0010297361587926 0.1329926302615757 0.0034147812629054 0.314780153308138 0.2763818579909389 0.3866206068756951 0.2751813476233407 0.4682899158830804 0.5505781355811874 0.2751872825424116 0.3866206068756951 0.352155454824 0.1480016983372632
2 0.0712320158102766 0.0709191666666666 0.0001 0.0001 0.0400159689703257 0.0013884364106383 0.0249397698817534 0.0009555729384317 0.7773780617777867 0.7009322868730331 0.8695873794485465 0.7520929461607809 0.0579243120184402 0.7575955190747322 0.358662063688713 0.8695873794485465 0.267590971104 0.1038594273229331
6 0.3518083003952569 0.5124974999999999 0.0001 0.0001 0.0134053231041541 0.0001186694371047 0.0212137856206394 0.0002095136317042 0.0148143310522178 0.0073918963313767 0.0310216514655253 0.00477560414101 0.7779294816898447 0.2129985910997729 0.5047428965459743 0.0310216514655253 0.881405173706 0.1731543916263077
5 0.0238106719367588 0.5958141666666666 0.0001 0.5 0.1046417967744477 0.0039633540275747 0.0857971256112592 0.0016708681463727 0.3535020855670669 0.3249945026307496 0.4241683326651816 0.3055727987361559 0.5242488809415383 0.5541068379140774 0.2125812222942601 0.4241683326651816 0.32138083098 0.1698086360592785
3 0.3518083003952569 0.9415783333333332 0.0001 0.0001 0.0837334620534147 0.0014385860812908 0.0609573736141258 0.002031655429793 0.1549876802460938 0.1281132870997835 0.130412673559995 0.2066058431323197 0.5988608287569203 0.0506781249950698 0.9486768504836672 0.1952008858969006 0.413763010848 0.8937893206498175
4 0.3122905138339921 0.4708391666666666 0.0001 0.0001 0.0191076068783409 0.0002642908787655 0.0100358994575068 0.000121368480848 0.0357241676414924 0.0487126409938625 0.0398564061873607 0.0188024158626994 0.9122309676123086 0.1600680052930587 0.4535197470296414 0.0450100138814726 0.60844390688 0.3637327140926649
6 0.6284328063241107 0.3500299999999999 0.0001 0.0001 0.1103441137359135 0.0036733108456997 0.0050679506229844 0.000391132855419 0.015072475548024 0.0154940040144084 0.0170332844113307 0.0125682772417996 0.832023136553353 0.1447769459713591 0.5597603547618948 0.0170332844113307 0.101270241904 0.237646698247028
0 0.8971537549407115 0.74995 0.0001 0.0001 0.049519782673603 0.0007256900885372 0.0522634630978221 0.0009600632533872 0.3431762151255217 0.3209434385805789 0.4013452201656463 0.302455711541521 0.5708813462276913 0.4917663559301979 0.2657015235992294 0.4013452201656463 0.289624543508 0.1685601985090458
4 0.5335901185770752 0.2458841666666666 0.0001 0.0001 0.0343136896439185 0.000413646603445 0.0386016142542103 0.0016839360208716 0.181576741744748 0.1783463588180418 0.2253863017283777 0.1380303246144871 0.753680602427075 0.3847289565574767 0.2524214781531577 0.2253863017283777 0.421297203708 0.2181310412243917
3 0.6639988142292491 0.7832766666666666 0.0001 0.0001 0.043817499925827 0.0005466638809161 0.0286657174793964 0.0008512744241984 0.1012932863790329 0.0811210695384203 0.0965460928104116 0.1255620459700063 0.6622809802030731 0.1330145933228576 0.7513728766472648 0.1186329961801694 0.378497735314 0.9531876730876916
3 0.8457806324110672 0.8665933333333333 0.0001 0.0001 0.0875349861661781 0.0023559592070087 0.0721352767676474 0.0018968089559556 0.0922581732662486 0.0754496002854911 0.0678331349948959 0.1341339708812479 0.6883951493476923 0.0365632997843335 0.8803793177952234 0.1267315086418887 0.494596160984 0.8611955165898045
6 0.1660747035573122 0.524995 0.0001 0.0001 0.0058022817213653 0.0001784116130556 0.0311496855252617 0.0013634094019885 0.0117165761927056 0.004961264463981 0.0251318107877922 0.0039963369010651 0.7835253765169219 0.1988837711820954 0.5218172831329618 0.0251318107877922 0.917905832114 0.1634028657272524
0 0.2648691699604743 0.7791108333333333 0.0001 0.5 0.0989395379762544 0.0030038016578899 0.0684093068142294 0.0021702833657247 0.4048731594560236 0.3752275451814226 0.4764406187360779 0.3570044393778818 0.4999999916061569 0.5705741048814464 0.210684087580007 0.4764406187360779 0.291342659816 0.1644692576513783
6 0.9524786561264824 0.325035 0.0001 0.0001 0.0172068448219592 0.00058167132366 0.0212137887504479 0.000497987393979 0.0127491611458764 0.0057714750864463 0.0273404997995544 0.0039963369010651 0.7816600765624608 0.2047649470299709 0.5142286691486628 0.0273404997995544 0.8962170407400001 0.1682674417498208
4 0.2213996047430829 0.4416783333333333 0.0001 0.0001 0.0153060861869465 0.0003090975709657 0.0087939134225544 0.0001454079256995 0.0442429924596589 0.0560045373252393 0.0494273945554242 0.0273743555020933 0.9010391796369228 0.1671254163105093 0.4535197470296414 0.0531085415831477 0.51035947769 0.3459008431563651
0 0.9801411067193676 0.7874424999999999 0.0001 0.0001 0.0875349519524884 0.002743212358125 0.0559894375223951 0.0009700841207251 0.3158127298973735 0.2966371271985181 0.369687346318208 0.2767398877139551 0.600726125353844 0.4647129502058062 0.2789816202684507 0.369687346318208 0.292825803128 0.1725664946965625
6 0.9248162055335968 0.3125375 0.0001 0.0001 0.0096038041234442 0.0001186694280313 0.0063099384463988 0.0001454079906061 0.0860626649412134 0.0568147486768942 0.1399836440376756 0.0569865204387678 0.6044567185476915 0.4106061281709051 0.3624563672659858 0.1399836440376756 0.630902154332 0.1551932223057049
6 0.893201976284585 0.3875225 0.0001 0.5 0.0172068396899058 0.0006521862410135 0.069651290837162 0.0016178559191332 0.1369174609904712 0.1183907683804762 0.1731139825271429 0.1162108264665369 0.6622809802030731 0.3376795391883557 0.4212681410112475 0.1731139825271429 0.38031554168 0.1538374641088443
1 0.3715671936758893 0.3500299999999999 0.0001 0.0001 0.0248098885997063 0.0009251887796777 0.0249397475259784 0.0002816318703411 0.045275576715835 0.0171144259885285 0.0832939574146247 0.0320499582404221 0.6249749979015393 0.3247409322094062 0.4800799028044409 0.0832939574146247 0.8168456182 0.1212645904283032
4 0.0870391304347826 0.1833966666666666 0.0001 0.0001 0.0761304001424121 0.0038040130398508 0.0398435893348329 0.000666263899543 0.1635065155191794 0.1580910823185662 0.2062443210166102 0.1232242323273816 0.7443541060123071 0.3753190624975349 0.2770844684798143 0.2062443210166102 0.435083205956 0.213769784599764
0 0.7469861660079051 0.7374525000000001 0.0001 0.0001 0.0685274032374199 0.0016762125676603 0.0510214790748895 0.0013848589621505 0.3465321395726456 0.3258047125240252 0.4094437525055688 0.2993386594139155 0.5802078459999963 0.5152910381494645 0.2182727118089358 0.4094437525055688 0.309274322766 0.1779512250574168
0 0.770696837944664 0.6249750000000001 0.0001 0.0001 0.095138013863491 0.0056858869342345 0.2634013103619061 0.0678807428212679 0.2925795858758973 0.2666593319797353 0.3395018973563925 0.2673886822372974 0.5615548800307585 0.4258971927856635 0.3814279193011164 0.3402381329904408 0.2821685150119999 0.1101876025111742
5 0.0830873517786561 0.3167033333333333 0.0001 0.0001 0.0647258928101324 0.0013693023458473 0.026181736020066 0.0005497387948968 0.4464347104425937 0.4068257893543419 0.5323941227336221 0.3928507282073038 0.41792685740308 0.6493818961771654 0.1670495622926029 0.5323941227336221 0.309737830046 0.1577244051011511
1 0.7904557312252964 0.4541758333333333 0.3333666566686669 0.0001 0.1350539965192926 0.0149944712378029 0.0833131575653939 0.0070367350203552 0.0261727613551281 0.0106327388212377 0.0508998512461719 0.0149060796629749 0.718239928473845 0.2565193008429453 0.4952571290656006 0.0508998512461719 0.8929752892199999 0.1450993747632375
4 0.5928667984189724 0.5499900000000001 0.0001 0.0001 0.0134053172878269 0.0001634760305062 0.0112778852689015 0.0001240394916524 0.0395963594733961 0.0551943259735844 0.0428013268575307 0.0211402175825341 0.9290186537723087 0.1565392987257217 0.4421368277606313 0.0501636209129777 0.6011702119100001 0.3772928372476802
1 0.885298418972332 0.3333666666666666 0.0001 0.0001 0.0229091275697353 0.0004584531545043 0.0150038507511645 0.0003243687240114 0.0256564688785428 0.0082021076830316 0.0531085415831477 0.0133475437804039 0.7051828439015356 0.2694578866496595 0.4876685133738633 0.0531085415831477 0.86773948739 0.1388144702392139
4 0.0870391304347826 0.3208691666666667 0.0001 0.0001 0.068527386130575 0.0033260770799452 0.065925343239519 0.0008505669415889 0.1436292541251511 0.1370256178015041 0.1812125214931331 0.1099766941577024 0.7424888060578462 0.3459131673789813 0.3264104491331276 0.1812125214931331 0.424919249154 0.2114226951499881
5 0.336001185770751 0.0375925 0.0001 0.0001 0.0324130014891065 0.0011284811358345 0.0435695548170959 0.0008665052771298 0.4544372539360884 0.4116870268383065 0.5412288840815251 0.40298119320916 0.393678018430757 0.6552630455597468 0.1822267936760775 0.5412288840815251 0.309594458726 0.1530317032452187
2 0.6363363636363636 0.0125975 0.0001 0.0001 0.0324129583798575 0.0006383815547437 0.0137619103219931 0.0006137195772138 0.7858968691710883 0.7219977368063026 0.8659062012783049 0.7614442007312797 0.1418627428184409 0.7011362605762572 0.3643535361290055 0.8659062012783049 0.242345961116 0.1067169696199486
3 0.7865039525691699 0.9957341666666668 0.0001 0.0001 0.0780311793056386 0.0015323237834449 0.0323916762549269 0.0008396466121608 0.0643783892885635 0.0479024296422077 0.04869116422223 0.0967291489746173 0.699586945716921 0.0718503601646449 0.8120818021811629 0.0913924897545472 0.56337762194 0.8791273632376422
6 0.1423640316205533 0.4958341666666667 0.0001 0.0001 0.0267106458661714 0.0010708103100557 0.0286657107726639 0.0007864615168464 0.0114584303029103 0.0082021076830316 0.0199782030936803 0.0055548713809549 0.8077742557796916 0.1753590624975349 0.535097357605485 0.0199782030936803 0.855484418894 0.1821039331937191
2 0.0238106719367588 0.1542358333333333 0.0001 0.0001 0.0210083518278778 0.0002082825916469 0.029907643377314 0.0003564222585337 0.8070648739539854 0.783573717862834 0.8776858256495889 0.753651465211178 0.4141962809969186 0.6611442372867986 0.1518723138347452 0.8776858256495889 0.1971746771799999 0.1601609228282548
0 0.7074683794466403 0.6291408333333334 0.0001 0.0001 0.1065425348812467 0.0059099258896477 0.2894831223916073 0.0068764400869459 0.2892236753686654 0.2601776455416341 0.3350845431867117 0.2681679417624959 0.5410365671015385 0.4200159904724941 0.4117823649936823 0.3350845431867117 0.291148208714 0.1190697875326179
2 0.5533490118577076 0.0834166666666666 0.0001 0.0001 0.0495197621453892 0.0004883215875191 0.0274237356920412 0.0009547374454623 0.8839923769927925 0.8540621098319457 0.9358480564274811 0.8565148096152825 0.3451802565476803 0.5893938612429773 0.3377933769393292 0.9358480564274811 0.170783736424 0.1231996854157504
1 0.7825521739130435 0.3708591666666667 0.0001 0.0001 0.0818326931542951 0.0015524821277088 0.0547474490283075 0.0044484794880049 0.0424359698371021 0.0203552670200102 0.0766678897167313 0.0273743555020933 0.6678768699938447 0.3059211864339931 0.4667998300393561 0.0766678897167313 0.7737607369 0.1373858837211585
6 0.6402881422924901 0.5083316666666666 0.0001 0.0001 0.0039015208282491 0.000273535303453 0.0050679495051956 0.0002962817221106 0.0109421385233195 0.0073918963313767 0.0236593521092242 0.0008792673100789 0.8059089591827678 0.1953550635561467 0.5047428965459743 0.0236593521092242 0.97212775556 0.2051425574485547
6 0.7074683794466403 0.5458241666666667 0.0001 0.0001 0.0058022824056391 0.0003811593721161 0.0025839749761555 0.0002241394896446 0.0008744384360801 0.0001 0.0023086892768049 0.0001 0.8282925394983376 0.1388957701234837 0.5730404319663193 0.0023086892768049 0.2222777755559999 0.1595166296875821
3 0.9090090909090908 0.7791108333333333 0.3333666566686669 0.0001 0.0343136793798116 0.000234419885052 0.0249397475259784 0.0009867907347816 0.1103284064617631 0.0908436028415203 0.0943374057864697 0.1458229970139361 0.664146276799997 0.0812602415212456 0.8329504889305466 0.1377749702658691 0.40092306935 0.901275397328249
1 0.098894466403162 0.2958741666666666 0.0001 0.0001 0.0533212862581526 0.000577937572944 0.0472955225349364 0.0032625307168752 0.0390800690877945 0.0130633714178231 0.0678331349948959 0.0336084941229931 0.6417626840615394 0.2788677701234837 0.536994512808998 0.0678331349948959 0.8435382786 0.0994970461310042
1 0.9445750988142292 0.2667133333333333 0.0001 0.0001 0.9999 0.755972823789495 0.2286256727678464 0.0715667776995215 0.2652160936778031 0.2172364774466489 0.3358207721946924 0.2362180066663131 0.41792685740308 0.5329346027445023 0.3548677601114401 0.3358207721946924 0.46491886763 0.1276608103305621
1 0.1423640316205533 0.4541758333333333 0.0001 0.0001 0.028611405185458 0.0004472513075485 0.0236977635030457 0.0004338819259654 0.0135236002092517 0.0017204213907684 0.0295491914617438 0.0078926738021302 0.7480847075999978 0.2118223548715861 0.536994512808998 0.0295491914617438 0.9628704074 0.1253281388406631
0 0.5810114624505929 0.7541158333333333 0.3333666566686669 0.0001 0.1369547756825191 0.0022984941041327 0.1106368999641677 0.0028886519762023 0.4051312983758729 0.3776582040288347 0.4771768742483294 0.3546666397620688 0.5149223979569195 0.5729266048617259 0.1917125526192596 0.4771768742483294 0.29934783846 0.1696457248618792
4 0.0475213438735177 0.574985 0.0001 0.0001 0.0305121689525241 0.0008915836420701 0.0224557736676115 0.0009974748039622 0.0385637752172199 0.0300777952187827 0.0582621512650798 0.0258158217235441 0.7630070921267683 0.2353470656733702 0.483874213211467 0.0582621512650798 0.58814576732 0.1738318007563136
3 0.9129608695652174 0.6832966666666667 0.0001 0.0001 0.0400159792344325 0.0007286913886966 0.0634413617801887 0.0016634927303172 0.1072306488142726 0.0908436028415203 0.0899200251125182 0.1411473767420926 0.6865298527507686 0.074202826269348 0.821567561124345 0.1333575763397822 0.387434857532 0.8873955009434403
0 0.6007703557312253 0.7541158333333333 0.0001 0.0001 0.1160464067477964 0.0018961109539562 0.1665263151307878 0.0030819314652854 0.3726048814119251 0.3452497499626398 0.4307944003630751 0.3367434813205461 0.5261141775384621 0.498823781768213 0.2998502899434513 0.4307944003630751 0.272766295832 0.1478009378971135
1 0.1581711462450593 0.275045 0.3333666566686669 0.0001 0.0609243447477862 0.0007571633940844 0.0361176350304574 0.0012351991294516 0.0349497299721062 0.0090123175763072 0.0678331349948959 0.0250365544835992 0.6436279974461494 0.2976875370711321 0.5047428965459743 0.0678331349948959 0.89153007832 0.1157950811206053
2 0.205592490118577 0.0709191666666666 0.0001 0.0001 0.0153060701065124 0.000506975722937 0.0398436183973404 0.0007206966739743 0.7778943256775934 0.7033628582176893 0.8659062012783049 0.7552100123151984 0.0709813881969066 0.7375995074300028 0.3776335986494604 0.8659062012783049 0.261886072312 0.1017458618263218
5 0.2846280632411067 0.3916883333333333 0.0001 0.0001 0.0723289102433384 0.0012052274932682 0.026181736020066 0.0004766188661779 0.4087453547729002 0.3890011279509005 0.4661334457546874 0.3663556238143219 0.5671507530338437 0.5035286970398312 0.2505243263645212 0.4661334457546874 0.259096060426 0.169948619511402
2 0.9959482213438736 0.0875825 0.0001 0.0001 0.0172068010284365 0.0006916748862882 0.029907616550384 0.0005022570984041 0.8140348199484067 0.7576469794023256 0.8835757372262464 0.7933941568676802 0.1847645477600016 0.6576155455400262 0.3909136782442985 0.8835757372262464 0.2208040803539999 0.104664969986933
5 0.7786003952569169 0.4833366666666667 0.0001 0.0001 0.0837334620534147 0.0045209222724918 0.1913660626567662 0.0430399033542746 0.2840607575727578 0.2771920605923181 0.3196236942627121 0.2525826109904096 0.6958563525230735 0.3694378919427183 0.3358962251506928 0.3196236942627121 0.2490495901219999 0.1907439166307334
4 0.0001 0.4333466666666666 0.3333666566686669 0.0001 0.0628250896973231 0.0025083565678926 0.0497795084654218 0.0036792130929612 0.1154913242576707 0.1143397116222018 0.1444010379637625 0.0858194034073451 0.7891212713439991 0.2976875370711321 0.3567649119000766 0.1451372669717432 0.42555274243 0.2512251434567602
0 0.2490620553359683 0.7291208333333333 0.0001 0.0001 0.0742296722997201 0.0020602892426317 0.1528644774650635 0.0387474960213469 0.2146194574582326 0.2010322504135514 0.2511543501380387 0.1886826987176087 0.671607463187692 0.3576755402469674 0.3795307504380968 0.2511543501380387 0.276771134704 0.1675880688231844
3 0.9761893280632412 0.574985 0.0001 0.0001 0.0400159826558015 0.0008953181993053 0.0236977567963132 0.000562092602366 0.1325289738940038 0.1054273955042738 0.1311489025679756 0.1598498087356255 0.6044567185476915 0.1565392987257217 0.7722415633966485 0.151027105661656 0.363744036644 0.9712262864908
0 0.0317142292490118 0.6666333333333333 0.0001 0.0001 0.051420513937664 0.0011137334269082 0.0621993665793685 0.001284214837192 0.320201223963787 0.2990677495864485 0.3792583035437533 0.277519175292777 0.5858037357907676 0.4905901324053522 0.2524214781531577 0.3792583035437533 0.307980981486 0.1735607296829571
6 0.8418288537549408 0.4041858333333333 0.0001 0.0001 0.0229091275697353 0.0004681236229962 0.0150038507511645 0.0003150160058462 0.1180727901255705 0.0989457017742763 0.1554444797095399 0.0967291489746173 0.664146276799997 0.3388557627132013 0.4174738203595915 0.1554444797095399 0.421690395054 0.1556137433380191
0 0.5770596837944664 0.7124575000000001 0.0001 0.0001 0.0780312100979593 0.0018190079133754 0.065925343239519 0.0012520585626365 0.303938025936732 0.2942065048105876 0.3483366785824986 0.2658301631869006 0.6697421665907685 0.4164873093118393 0.2865702444973795 0.3483366785824986 0.2787137161099999 0.1889279250696972
5 0.3676154150197628 0.2875425 0.0001 0.0001 0.0742296141364477 0.0012975831238383 0.0187298267406418 0.0004645772885975 0.4066801737146452 0.373607118102975 0.4779131297605807 0.3624593121615179 0.4757511190584616 0.5693978707704831 0.2372442296953 0.4779131297605807 0.29087543328 0.1558314226414469
5 0.3083387351778656 0.0709191666666666 0.0001 0.0001 0.1464585346438931 0.0038925521204204 0.0187298117622725 0.0005747421894913 0.435076249471921 0.3898113378441761 0.524295603645835 0.383499529744052 0.3824861884861559 0.6623204608116444 0.1822267936760775 0.524295603645835 0.324590868844 0.1511055040886617
2 0.6758541501976284 0.2042258333333333 0.0001 0.0001 0.0286114068961424 0.0004920553382351 0.0236977702097782 0.0003377224474472 0.8620499693902393 0.8313761817769545 0.9167060757157136 0.8323574767844901 0.347045536356918 0.5976275317780734 0.3226161455558547 0.9167060757157136 0.1759085812499999 0.1261167626413849
1 0.4031814229249011 0.4750049999999999 0.0001 0.0001 0.0324129310089058 0.0009345046317281 0.0187298146685233 0.0005984937004597 0.012491015256081 0.0033408428544557 0.0258680404583796 0.0071134058608447 0.7667376903569217 0.1988837711820954 0.5388916663050728 0.0258680404583796 0.9237247381 0.1354867245335909
6 0.2095442687747035 0.5083316666666666 0.0001 0.0001 0.0533212999436285 0.0011156168510335 0.0112778888458255 0.0003484081176588 0.0375311916580384 0.0268369534581114 0.0597346092810411 0.0242572865423137 0.7480847075999978 0.247109417369121 0.4800799028044409 0.0597346092810411 0.63044530572 0.1673038218493582
6 0.7390826086956521 0.3208691666666667 0.0001 0.0001 0.0229091275697353 0.0005752460165103 0.0075519231400047 0.0003150158976684 0.0512129384540802 0.0373696915501595 0.0810852703906828 0.0328292296884106 0.7219705300615358 0.2871014194863445 0.4421368277606313 0.0810852703906828 0.61788626803 0.1693568789113286
4 0.3952778656126482 0.2875425 0.0001 0.0001 0.1217486655459898 0.001966942198249 0.0671673250268742 0.0028885824539561 0.1730579273815004 0.1775361489247661 0.2091892436746005 0.1302376381882263 0.8096395557341526 0.3459131673789813 0.2581128993703006 0.2091892436746005 0.41211198112 0.2390662043037405
6 0.5019758893280633 0.5541558333333334 0.0001 0.0001 0.0001 0.0001 0.0001 0.0001000000114629 0.0001 0.0001 0.0001 0.0001 0.8338884349969222 0.1318383580474214 0.5787318931375188 0.0001 0.0001 0.5110522054750354
3 0.1463158102766798 0.9582416666666668 0.0001 0.0001 0.0704281550296947 0.0006788123657481 0.0348756577142572 0.0011274370515279 0.100002556930056 0.0795006497518691 0.0928649477705085 0.1271205650204032 0.6604156836061496 0.1212522404626338 0.7722415633966485 0.1201054409439952 0.39992111978 0.9380759223241968
0 0.656095256916996 0.7416183333333334 0.0001 0.0001 0.1293517035074096 0.0023559577956 0.0845551415883266 0.0012138019273298 0.407196465494236 0.3744173352881469 0.4801217637759811 0.3609007580440916 0.4776164492307577 0.577631520133344 0.2220669812374423 0.4801217637759811 0.295563975384 0.1583533571296845
1 0.1858335968379446 0.30004 0.0001 0.0001 0.0780311895697455 0.004151264750659 0.0522634742757096 0.0013180012786083 0.0437266971950952 0.0163042146368737 0.0788765833667409 0.0328292296884106 0.6305709044799968 0.3106261334639639 0.4971542859765519 0.0788765833667409 0.827284789948 0.1174528779530727
5 0.1818818181818181 0.3541958333333333 0.0001 0.0001 0.0324129364830962 0.000678812466563 0.0187298117622725 0.0006428882197798 0.431720359874527 0.3971032341755529 0.5103072127377967 0.3811617090880215 0.4570981363015378 0.6105660964125524 0.1898153666818568 0.5103072127377967 0.297261415828 0.160404551102544
6 0.9090090909090908 0.3333666666666666 0.0001 0.0001 0.0172068414005903 0.0003811592309752 0.0125198715274117 0.0002241394463735 0.0419196759665275 0.0333186369794541 0.0648882189629733 0.0258158217235441 0.7611417921723073 0.2518143538129743 0.4592112109327422 0.0648882189629733 0.62062681981 0.1862856115264681
2 0.2569656126482214 0.125075 0.0001 0.0001 0.0210083942528529 0.0004304014767155 0.0087939787014174 0.0003363562920377 0.7647288992379211 0.6936403905416564 0.8541265106463438 0.7372869099809224 0.098960803575391 0.7411282521073631 0.3434848323052385 0.8541265106463438 0.2620932108759999 0.1074256987885231
5 0.2569656126482214 0.6208091666666666 0.0001 0.0001 0.1027410928813385 0.0041774055524229 0.0621993799928335 0.0004098424169284 0.1593761743125073 0.1329745464594371 0.2091892436746005 0.1317961852922467 0.600726125353844 0.4082536387767432 0.3700449914949146 0.2091892436746005 0.42602869722 0.1520759217466915
6 0.6758541501976284 0.5374924999999999 0.0001 0.0001 0.1027410689317557 0.0005250721704427 0.015003848515587 0.0004040783231663 0.0225587154130198 0.0195450571267346 0.0332303384894673 0.0141268117216894 0.8059089591827678 0.1882976535973079 0.5161258209372993 0.0332303384894673 0.656053443068 0.2000067592913506
0 0.8457806324110672 0.7582816666666666 0.0001 0.0001 0.0685273587596233 0.0006206069789972 0.1081529162692598 0.0010341452647008 0.3152964311478368 0.2982575469850693 0.3667424037820146 0.2767398877139551 0.6156485149169204 0.4529505985100553 0.2827759067713404 0.3667424037820146 0.289284211588 0.1753407015211807
1 0.9643339920948616 0.2583816666666667 0.0001 0.0001 0.2814125516913994 0.0064251178982662 0.2398035826281004 0.0056393540256696 0.3253641556995866 0.2342508852054366 0.4646609943647938 0.2650509036617021 0.1008261169600009 0.8763953230737923 0.1234150199308158 0.4646609943647938 0.5490225935199999 0.133188595722885
1 0.442699209486166 0.4875025 0.0001 0.0001 0.0077030420670625 0.0001746777161581 0.0087939120812079 0.0002095133143827 0.0052629226748697 0.0001 0.0148245953995685 0.0001 0.7965824644467686 0.1788877722407072 0.5407888180937093 0.0148245953995685 0.9999 0.1595166296875821
6 0.0830873517786561 0.4291808333333333 0.3333666566686669 0.0001 0.0324129262189893 0.001272166475564 0.026181731548911 0.0003944224908922 0.2125542833699235 0.1783463588180418 0.2702963308498061 0.1840070784457652 0.529844804307682 0.4588317796509895 0.3605592154773495 0.2702963308498061 0.40055609276 0.1405898766698863
4 0.770696837944664 0.4916683333333333 0.0001 0.0001 0.028611405185458 0.0005368646112969 0.0150038507511645 0.0002282106734398 0.0442429924596589 0.0576249607577387 0.04869116422223 0.0265950882621484 0.9122309676123086 0.163596710801784 0.4478282916637322 0.0545809995991089 0.540115435308 0.3544885023231576
1 0.0672802371541502 0.3292008333333333 0.0001 0.0001 0.0362144482789313 0.0004771225230549 0.0150038507511645 0.0002602634074466 0.0197191071402976 0.0041510538415158 0.0457462448772736 0.0071134058608447 0.7201052301070746 0.2612242372867986 0.4857713581703503 0.0457462448772736 0.92606117072 0.1477796046875633
4 0.2253513833992095 0.4625075 0.0001 0.0001 0.0096038041234442 0.0002082826924618 0.0125198768927977 0.0001854737981339 0.0393382142805953 0.0511432743196375 0.0442737835482784 0.0226987527637645 0.9029044762338468 0.1647729470299709 0.4554169022331545 0.0479549338890358 0.55157698254 0.3491150847736619
2 0.4071332015810276 0.2375524999999999 0.0001 0.0001 0.0343136896439185 0.0006824887830255 0.0199718091986702 0.0006983162513217 0.7373654140097727 0.6936403905416564 0.8276222067244314 0.6827381891579676 0.2966824778769175 0.7387757521270838 0.1461808413944528 0.8276222067244314 0.239195631308 0.1468267772762752
4 0.3755189723320158 0.3042058333333333 0.0001 0.0001 0.0514205481513537 0.0013881900190013 0.0361176283237249 0.0017480437534066 0.1663461203069286 0.1718646650880442 0.1988820309368038 0.1263413054952047 0.8189660471126147 0.3270934216035681 0.2789816202684507 0.1988820309368038 0.398811311786 0.2426889894723641
4 0.7390826086956521 0.5083316666666666 0.0001 0.0001 0.0115045634427307 0.000368839830593 0.011277887504479 0.0001560921578679 0.0465663054678173 0.0608658076227375 0.0516360815793661 0.0273743555020933 0.9178268657969232 0.1671254163105093 0.4364453723947221 0.0560534642411379 0.5385725239520001 0.3558254517122906
5 0.4466509881422925 0.5583216666666667 0.3333666566686669 0.0001 0.0742296380860305 0.001423029131092 0.0224557602541465 0.0006042569071641 0.4260411363591366 0.3825194415127994 0.5088347679739708 0.3796031760108129 0.3974085948369184 0.6293858845324359 0.220169846523189 0.5088347679739708 0.3171765520039999 0.1474726649526734
5 0.2925316205533597 0.3292008333333333 0.3333666566686669 0.0001 0.1426570686944021 0.0031263129431499 0.0634413617801887 0.0020983170952178 0.3362062691311006 0.3006881547892071 0.4072350389773561 0.2946630461554778 0.4813470256369191 0.5517543696921507 0.2600100853077033 0.4072350389773561 0.3276660336879999 0.1532280829082695
1 0.0514731225296442 0.4541758333333333 0.0001 0.0001 0.0115045620741832 0.0002344198548075 0.0100358994575068 0.000313684452899 0.0112002844131149 0.0001 0.0258680404583796 0.0063341386208998 0.753680602427075 0.2047649470299709 0.5426859715897839 0.0258680404583796 0.9999 0.12236804271961
0 0.1621229249011857 0.7374525000000001 0.0001 0.0001 0.0628250862759541 0.0019258680873118 0.0311496899964167 0.0013634087529219 0.2146194574582326 0.2010322504135514 0.2526267949018645 0.1871241516135883 0.671607463187692 0.3647329449127474 0.3681478397062783 0.2526267949018645 0.30178685056 0.1726005841919177
4 0.7193237154150197 0.4166833333333333 0.0001 0.0001 0.0229091275697353 0.0004136463312448 0.0236977612674682 0.0004659346599722 0.0398545088481644 0.0503330644263619 0.0464824738852542 0.0226987527637645 0.8935779865341533 0.1730065921583847 0.4516225918261284 0.04869116422223 0.56612432249 0.332285347650204
5 0.4268920948616601 0.4958341666666667 0.0001 0.0001 0.038115206913944 0.0008467768591366 0.21868980505554 0.0157951259649165 0.0909674438172717 0.0722087534204923 0.1252590638780628 0.0725718652376659 0.6753380563815397 0.3176835275436263 0.4402396759719948 0.1252590638780628 0.54811447518 0.1523033864640988
4 0.3043869565217391 0.2417183333333333 0.0001 0.0001 0.051420520780402 0.0012537699726454 0.0361176283237249 0.0011390406317452 0.1697020238442145 0.1605217192902894 0.2158153246246294 0.1294583786630279 0.7163746318769212 0.3929625847481024 0.2770844684798143 0.2158153246246294 0.43156089056 0.2070492025617395
5 0.9287679841897232 0.4416783333333333 0.0001 0.0001 0.0267106756320814 0.0005069767411676 0.0286657174793964 0.0006357451984195 0.3199430850439376 0.2885350209738657 0.3873568358836757 0.2782984418313813 0.5149223979569195 0.5305821345225757 0.2600100853077033 0.3873568358836757 0.3305107846239999 0.1586631334597073
1 0.3755189723320158 0.5083316666666666 0.0001 0.0001 0.0020007605509793 0.0001186694290395 0.0050679499523111 0.0001213684649819 0.0034559000523129 0.0001 0.0096709863802431 0.0001 0.8096395557341526 0.1624204745735972 0.554068895981109 0.0096709863802431 0.9999 0.1595166296875821
1 0.2095442687747035 0.3333666666666666 0.0001 0.0001 0.0495197689881272 0.0016532966331974 0.0187298117622725 0.000284302995814 0.0228168606058206 0.0041510538415158 0.0531085415831477 0.0086719403407345 0.6977216491199973 0.2823964724563737 0.4743884423162168 0.0531085415831477 0.94472178785 0.1440197901540553
3 0.6165774703557312 0.7207891666666667 0.0001 0.0001 0.0438174896617201 0.0008803824403298 0.029907701502329 0.0007090010416874 0.1356267315414944 0.1110988647572031 0.1208416699519759 0.1746558869959193 0.6212444047076916 0.0930225932169965 0.8576134963315865 0.1650154700654236 0.38823265794 0.9171460967433822
1 0.1739782608695652 0.4041858333333333 0.0001 0.5 0.8725490859199236 0.0129996718421277 0.6099158900680813 0.0115891865651454 0.3473065772420318 0.3047392407150667 0.4050263519534142 0.32661301631869 0.4291186873476811 0.4905901324053522 0.4117823649936823 0.4050263519534142 0.359003284984 0.1148534993823295
3 0.4189885375494071 0.8291008333333334 0.0001 0.0001 0.0324129310089058 0.0007011555707144 0.0410855912423856 0.0005727764912503 0.1054236275857049 0.0819312794316959 0.0943374057864697 0.1395888576916957 0.6380320908676917 0.103608710801784 0.8234647129129813 0.1318851315759563 0.435781986172 0.924221471372652
0 0.4624581027667984 0.7041258333333333 0.0001 0.0001 0.0666266274955623 0.0015940681767525 0.0696513064862045 0.0008851275031204 0.3385296100190429 0.3217536411819581 0.3910379941757143 0.2985593928753112 0.6100526251261491 0.4635367160948428 0.2713929960395219 0.3910379941757143 0.278866415564 0.1760247573474745
4 0.5533490118577076 0.2125574999999999 0.0001 0.0001 0.0647258620178117 0.002235781988516 0.0758612310720229 0.0046968877384378 0.1908700007473276 0.1734850994583881 0.2496818921220773 0.1450437304753318 0.6529544804307683 0.4588317796509895 0.2353470949810467 0.2496818921220773 0.45031523894 0.1940907631958907
6 0.8892501976284585 0.5 0.0001 0.0001 0.0001 0.0001 0.0001 0.0001000000114629 0.0001 0.0001 0.0001 0.0001 0.8338884349969222 0.1318383580474214 0.5787318931375188 0.0001 0.0001 0.5110522054750354
6 0.5889150197628459 0.5874825 0.0001 0.0001 0.0039015200071206 0.0001298710723491 0.0460535385120038 0.0026775695274328 0.0096514076803534 0.0073918963313767 0.0155608257327626 0.0055548713809549 0.8152354488824611 0.1624204745735972 0.5483774337854463 0.0155608257327626 0.5370295925999999 0.1741265716659289
5 0.2293031620553359 0.5333266666666666 0.0001 0.0001 0.2357943205015115 0.0071196934025424 0.0373596235245451 0.0006769482932569 0.1142005948086939 0.0908436028415203 0.1569169310994335 0.0912742761909812 0.636166794270768 0.3635567213879016 0.406090909627773 0.1569169310994335 0.48272850499 0.155517198395979
3 0.6679505928853755 0.8957541666666667 0.0001 0.0001 0.0533212862581526 0.0015362604040017 0.0535054605342198 0.001030011070961 0.0829649142636689 0.0738291732070435 0.0531085415831477 0.1232242323273816 0.7443541060123071 0.0083336493628608 0.868996407063405 0.116424295904092 0.5483200340600001 0.8253445963645203
6 0.8141664031620554 0.4333466666666666 0.0001 0.0001 0.0362144482789313 0.0004323156796324 0.0038259630231277 0.0001240395226634 0.0086188227271827 0.0033408428544557 0.0192419727604862 0.0024378020003709 0.7947171678498449 0.1847689459713591 0.5332002041094103 0.0192419727604862 0.933246673332 0.1643604767457174
3 0.8181181818181819 0.9540758333333332 0.3333666566686669 0.0001 0.0362144551216692 0.0009699956231002 0.0547474490283075 0.0037112674640583 0.098711834451025 0.0795006497518691 0.086238880072615 0.1302376381882263 0.6697421665907685 0.0953750646147584 0.8044931779522341 0.1230503636019855 0.4216366458059999 0.9126213078916516
3 0.1858335968379446 0.7541158333333333 0.0001 0.0001 0.0419167378694453 0.0011156165485887 0.0646833435675438 0.0035830576242324 0.0695413140544171 0.0632964373025643 0.0494273945554242 0.0967291489746173 0.7686029903113826 0.0518543612232567 0.7741387322596681 0.0913924897545472 0.476240532844 0.8313788230878888
5 0.4189885375494071 0.5624875 0.0001 0.0001 0.0647258620178117 0.0011156171534782 0.0472955225349364 0.0010508949335095 0.1490503247808002 0.1224418251387506 0.1966733372867942 0.1240035128927977 0.6025914219507678 0.3953150741422642 0.389016526455662 0.1966733372867942 0.432799522784 0.1476708405664889
6 0.5968185770750988 0.59998 0.0001 0.0001 0.0172068448219592 0.0007160910373267 0.2410455800644981 0.0951575292912971 0.0509547890793118 0.0389901149826589 0.0729867446768281 0.0390633641012669 0.7350276146338451 0.2494618855910477 0.4895656685773764 0.0729867446768281 0.5 0.1559630305848642
3 0.9208644268774704 0.6374725 0.0001 0.0001 0.0172068516646972 0.0003128315636374 0.0671673250268742 0.0059015377053294 0.0953559309137391 0.0851721262966947 0.0994910154684019 0.1006254816676389 0.7331623180369214 0.1741828283865716 0.6128806594817408 0.1120069284822759 0.299190100014 0.9936292113132948
6 0.7430343873517787 0.40002 0.0001 0.0001 0.0913365068575725 0.0008049042437147 0.0187298117622725 0.000621164154923 0.1937096194749688 0.171054462486665 0.2327485918081841 0.1738766204573149 0.6156485149169204 0.3647329449127474 0.4250624445885204 0.2327485918081841 0.33244081854 0.1415403038852926
2 0.0277624505928853 0.1167433333333333 0.3333666566686669 0.0001 0.0476190719377558 0.0012388344455442 0.0410855890068081 0.0006048288790882 0.7902853562675557 0.7479245117262927 0.8747409361219372 0.7404039831487457 0.2892213082769086 0.7234847192706781 0.1784324559500383 0.8747409361219372 0.223008999282 0.1421005062471717
2 0.6679505928853755 0.1042458333333333 0.0001 0.0001 0.0381151966498371 0.0004435199864719 0.0410856158337381 0.0011497259269405 0.7182626042250226 0.6531298594183943 0.8298309070005087 0.6616979715754334 0.1549198189969074 0.836403342128804 0.132900795948381 0.8298309070005087 0.2846965693 0.1363621078623733
5 0.8339252964426878 0.2375524999999999 0.3333666566686669 0.0001 0.0989395379762544 0.0022004221674217 0.0410855890068081 0.0007756762221214 0.2646998018982123 0.273951228311112 0.2761861629136512 0.2432314125271578 0.8133701522855374 0.2494618855910477 0.4098852132050459 0.2761861629136512 0.167974028478 0.23248825768252
1 0.1739782608695652 0.4041858333333333 0.0001 0.5 0.8725490859199236 0.0129996718421277 0.6099158900680813 0.0115891865651454 0.3473065772420318 0.3047392407150667 0.4050263519534142 0.32661301631869 0.4291186873476811 0.4905901324053522 0.4117823649936823 0.4050263519534142 0.359003284984 0.1148534993823295
3 0.6205292490118577 0.5833166666666667 0.0001 0.0001 0.01340532686766 0.0004928571292858 0.0994590057529561 0.0030152953298142 0.1325289738940038 0.1110988647572031 0.1215779122120919 0.1645254079672514 0.6436279974461494 0.1106661228778463 0.8063903297408703 0.1554444797095399 0.3526354787999999 0.9315478594943084
3 0.4150367588932806 0.7582816666666666 0.0001 0.0001 0.0362144551216692 0.001060342052865 0.0199718024919377 0.0005475913724274 0.1007770015693881 0.0851721262966947 0.0832939574146247 0.1341339708812479 0.6939910559261498 0.0718503601646449 0.8177732575470721 0.1267315086418887 0.38888557733 0.8820007837535676
1 0.4743134387351778 0.4541758333333333 0.0001 0.0001 0.0324129310089058 0.0003529688016275 0.0162458358918859 0.0007345092875063 0.0246238832283774 0.0082021076830316 0.0435375532150843 0.0203609496412486 0.7126440336467679 0.2282896504214726 0.5464802819968101 0.0435375532150843 0.83987911058 0.1025497428162498
1 0.8141664031620554 0.3583616666666667 0.0001 0.0001 0.0305121668997027 0.0007571639485664 0.0174878232681848 0.0004418953456552 0.0184283762973315 0.0041510538415158 0.0391201771793801 0.0102304748206243 0.729431719806768 0.2353470656733702 0.5180229744333741 0.0391201771793801 0.915260871212 0.1302061257479134
5 0.6521434782608696 0.2292208333333333 0.0001 0.0001 0.0267106106260711 0.0007608023082157 0.1180887884527212 0.0036766931278909 0.2902562728677389 0.2958269173052424 0.3071077945009735 0.266609422712099 0.7797947782867685 0.2812202383454103 0.3928108300329349 0.3071077945009735 0.178938985048 0.217566004901576
4 0.1502675889328063 0.2042258333333333 0.3333666566686669 0.0001 0.0533213067863664 0.0012500371998341 0.0547474624417725 0.0014996328345887 0.157827298973735 0.1556604599306358 0.1988820309368038 0.1162108264665369 0.7686029903113826 0.3659091684375931 0.2675987095366322 0.1988820309368038 0.4466462428859999 0.2241383790400502
1 0.2806762845849802 0.4166833333333333 0.0001 0.0001 0.0172068448219592 0.0004024447262448 0.0212137865148704 0.0011069879193739 0.0091351145067734 0.0001 0.0236593521092242 0.0024378020003709 0.7686029903113826 0.2035887097431723 0.529405898824699 0.0236593521092242 0.9999 0.1519469489833682
3 0.0119553359683794 0.9874025 0.0001 0.0001 0.1141456549555216 0.0019283079089184 0.0721352834743799 0.0010080015105481 0.1364011622409345 0.1135294944370299 0.1105344704663146 0.1855656255497856 0.6324362010769206 0.0400920021172235 0.9316024673115564 0.1753226828032203 0.422166209872 0.8811689564269748
5 0.3004351778656126 0.5166633333333334 0.0001 0.0001 0.1008402931898981 0.002087148854695 0.0398435759213679 0.0007911792214723 0.3302689206357528 0.2990677495864485 0.402081449173627 0.2837532935747999 0.513057118147682 0.5541068379140774 0.2239641330260787 0.402081449173627 0.33469276806 0.1647089919015796
6 0.7430343873517787 0.5541558333333334 0.0001 0.0001 0.0001 0.0001 0.0001 0.0001000000114629 0.0001 0.0001 0.0001 0.0001 0.8338884349969222 0.1318383580474214 0.5787318931375188 0.0001 0.0001 0.5110522054750354
3 0.3122905138339921 0.7207891666666667 0.0001 0.0001 0.1179471380118574 0.0120484357950805 0.0932490699892503 0.0043229357974745 0.1229775690016287 0.0989457017742763 0.1134793732461018 0.1559534550023864 0.628705607883073 0.1153710635561467 0.8139789539697992 0.1473459407435497 0.398373309404 0.9347409928155151
1 0.3873743083003952 0.4958341666666667 0.0001 0.0001 0.019107603456972 0.0005591313985623 0.0125198737629892 0.0004925635048768 0.0096514076803534 0.0009102106953842 0.0221868921054426 0.00477560414101 0.7704682885870752 0.1941788294451833 0.5426859715897839 0.0221868921054426 0.97768224444 0.1352404107254481
