0 0.6805549586132787 0.0495150559347612 0.0420308621499786 0.1773397793882536 0.1068278569283744
0 0.7348452393910453 0.0474860841824062 0.0430175852786557 0.2590821543680622 0.1438124654374545
0 0.6980476593391851 0.0354094914800748 0.0271602312882783 0.1271393532303407 0.0957782806677902
0 0.7388796694450743 0.0461664277444979 0.0403195143369982 0.2955416485089556 0.1125582980147663
0 0.6456886393590179 0.0629961711490107 0.0572587744444546 0.345800289099989 0.1858215095102733
0 0.7389054950717545 0.0389495566447927 0.0289567813684455 0.1474663131741084 0.0834990383066821
0 0.6610809185141415 0.0629095686958142 0.0620274220670815 0.3369800536745108 0.1458044855001795
0 0.7337876629861484 0.0537944417968246 0.0430512235318131 0.3365016427237774 0.178570240600502
0 0.7425040397371798 0.0487067663715942 0.0394838832230143 0.2370741070572474 0.1058470908217853
0 0.6690575470466291 0.0655428465353423 0.0594248647786057 0.256335990549581 0.1567496075810055
0 0.6200949452769445 0.0554658816720046 0.051389313886438 0.2610674163651907 0.1868753573793516
0 0.7304934208240067 0.0430612226534388 0.0421475354998969 0.2204730242939377 0.1118233171019713
0 0.7153137820990417 0.05578892256335 0.0485781809088273 0.2988084023530873 0.1242526223174251
0 0.6974442742261961 0.0486828009324561 0.042792430893438 0.1891181682170365 0.1529628521212052
0 0.579651137276399 0.0604558325219144 0.0580034420183948 0.1950968450733539 0.1208569571362266
0 0.8061921265794512 0.0595096205268714 0.0474629782762536 0.259948736979554 0.1491805909195791
0 0.7363017806246955 0.0632983960437659 0.0589549250168323 0.2313560123157277 0.1125705288388148
0 0.7830498644999421 0.0307879315312114 0.0181504817342291 0.2075598786999359 0.0692984387707237
0 0.769852242114237 0.0274747315962612 0.011380776519535 0.1033336238506858 0.0432422167197923
0 0.7639425927033998 0.0420652540849363 0.0251353559959868 0.3143076444583182 0.1523781998099735
0 0.7233666328605899 0.0608265816077613 0.0535087732666163 0.3261565758001713 0.1267940433229581
0 0.7402195155910384 0.0477541393864331 0.0354745498142014 0.2428534252934966 0.1034927449976278
0 0.6797495856024552 0.0360146957501575 0.0250330153729454 0.0805582570282357 0.1301155593449701
0 0.690310626594919 0.0356458334430909 0.0224608544305815 0.1809426623086955 0.0708840291910485
0 0.7366591384994373 0.0426316337246964 0.0350489153771905 0.1219640246850841 0.0916418135598621
0 0.6798535863497221 0.0368284241205901 0.0278507398759551 0.1034055536648396 0.0627275635674966
0 0.7138854006883956 0.0336571844857638 0.0213546453555101 0.1693619673254455 0.1353479482391615
0 0.7302750499118704 0.0285038039524981 0.0183358037796877 0.1111888889330058 0.0906525734388697
0 0.672584985731492 0.0584408821108767 0.0513208599635582 0.340056264388297 0.1910735060135389
0 0.6418228365787553 0.0568844065881702 0.052308436934551 0.276433198769437 0.1418801624796689
0 0.7556874987498176 0.0490790276517439 0.0441055578786912 0.2379511780063963 0.1284056877027136
0 0.6469452601414494 0.0470714624092399 0.0431538430620001 0.2268401708650149 0.213598317032515
0 0.6418848245196931 0.0689637216674853 0.0680132851102807 0.3012256426698523 0.1183563655076633
0 0.7380761964122353 0.0679043148390274 0.0643733992216749 0.3313078765209504 0.1410666838633121
0 0.6988647327886514 0.0474365970580461 0.0440166423687368 0.2097657253413537 0.136844141870397
0 0.6527124384784587 0.0482747850789497 0.0442895329888681 0.1496682207910222 0.1398202932554993
0 0.6520085852789633 0.0618942295834003 0.0525551995006459 0.3347763802332258 0.1752045582852553
0 0.7216855527414834 0.0556977620498369 0.0490742473000555 0.2761384904641364 0.1704524763766863
0 0.675169231813838 0.0606106672004654 0.0545538357251544 0.2803768823523699 0.1380024718993492
0 0.6765057853192293 0.0604104693486405 0.0685212933144931 0.269377155829643 0.156221352259294
0 0.7093078414984619 0.0391633898796684 0.0341524951065349 0.1544725023469812 0.1389289831561898
0 0.6699627073594272 0.0492511246240855 0.0531376638426452 0.1561321393552018 0.1012588350459385
0 0.7223686163742334 0.0486522389267231 0.0485541980801873 0.1902256003655302 0.1484348265468487
0 0.6664801584501415 0.0450983308217416 0.0507672158107592 0.1572500309227027 0.1850249121026296
0 0.6897881053741175 0.0516067404494536 0.0506209494362063 0.2095859537132015 0.1493821498992514
0 0.7003521013423906 0.0544539923394463 0.0584248550320595 0.2150387492912429 0.1587953892640877
0 0.6914657455675363 0.0498564452878653 0.0514661334695971 0.2014832506710652 0.1319245768024303
0 0.7015106444211834 0.0484013297382597 0.0446140474619248 0.2317512567370526 0.1536301390408229
0 0.7439413013492652 0.0538485332272114 0.0440309000331223 0.2489650371460529 0.1381452986358261
0 0.7179776068745711 0.053418046750644 0.0432629812178683 0.3174171699198537 0.2328978985707126
0 0.669240429883035 0.0584453372297439 0.055793148346562 0.2728312288709876 0.1703422421310624
0 0.7226452756434171 0.0472435726606244 0.0410418379337443 0.1566443284800097 0.1192883897416396
0 0.7049302431267792 0.041367889273946 0.0389988413438267 0.1597263018799704 0.1215093979214373
0 0.6797415252881569 0.0463541837682818 0.0454685993486422 0.2068012826280421 0.1194028524343385
0 0.7057600981967331 0.0520911352788217 0.0476076095550753 0.2503915686610947 0.1702830468744454
0 0.7723880264842148 0.0474622570185184 0.0498013063997886 0.1838543799044841 0.0973231469240461
0 0.6940791611941757 0.0423068223327978 0.0386436147079022 0.1965705937950337 0.1257323435179393
0 0.6444592068633317 0.0582296400214006 0.0542705815340197 0.2360892613959556 0.1174889203389604
0 0.7562416742693536 0.055752265419226 0.0490098722776236 0.221456712679836 0.1170346874993361
0 0.7327152631526684 0.0540183835009773 0.0487251615814679 0.2315090710525514 0.1344690678271429
1 0.7404804535379369 0.0703670021847546 0.037012450238643 0.4333972173928995 0.1332359797840206
1 0.6155584633601091 0.0692142272885167 0.0373081588330676 0.4099507217672037 0.1449236136449485
1 0.6067376440064656 0.0670087514804468 0.0357119800767524 0.4257898037342944 0.1513319632989457
1 0.6817309467957032 0.0633112032764243 0.0324679603770051 0.3971092415504577 0.1781448852206145
1 0.6320615128486956 0.0686216453837224 0.036703607262303 0.4439468551095966 0.1253178976362709
1 0.6818131815304621 0.0583457568793213 0.0304368659902321 0.3371691262551194 0.2606155550423649
1 0.6190526930700221 0.0734515463553498 0.0369944631495398 0.4295906000702461 0.2209731044824795
1 0.7098961948017051 0.0653522019733344 0.0348166356241031 0.3990358530847558 0.1024591965747312
1 0.656958377594762 0.0573183927853412 0.0352714844708526 0.3513694714567169 0.1879364236711115
1 0.6941031763049411 0.0591155564440449 0.0324719823589488 0.3325368482618194 0.1104521363918576
1 0.7034972293265133 0.0455890780565215 0.0275692020399724 0.2320447766645217 0.1747257794100161
1 0.727575959079284 0.0282685874172288 0.0217413688526149 0.1063115168463787 0.090184159471698
1 0.6950448136857424 0.0480909266851744 0.0315623470038388 0.264581014972854 0.1663420921665276
1 0.7222692196505642 0.0500539156242942 0.0293823056982614 0.2948231727291127 0.3424849398433717
1 0.5869325740651593 0.0555816688055184 0.0261246963786468 0.2831016429289093 0.2897914591894761
1 0.6970627970501075 0.0403929308647337 0.0206775580345506 0.1480965550432954 0.098758276124725
1 0.6766213141270042 0.0311133467731486 0.0120754071401005 0.0870123638320468 0.0853004288828768
1 0.7217932667101518 0.0498657424076258 0.0256265909775199 0.2706961120851971 0.2361025114334496
1 0.8376704463313076 0.0502078755603329 0.0236839799150674 0.2419710866501646 0.0109577744263702
1 0.6860088009599454 0.030117864852698 0.0122978467134077 0.0794516946230229 0.0474521650095556
1 0.7684763149335789 0.0338977468749989 0.0190972593531019 0.1367522008023501 0.0385286109071464
1 0.7233899655503222 0.0275081756161667 0.0118229969244695 0.0605827014945135 0.0519951407302469
1 0.7542020699955942 0.0468881148544685 0.0237199541968797 0.2375961574416229 0.1742675327653004
1 0.7093125426211354 0.0474260998014892 0.0290408770855189 0.2873914747422242 0.077949665173034
1 0.6594577181722625 0.0631330589125109 0.0332090405958499 0.4370604349400993 0.1066718021769673
1 0.787473916596924 0.0331183247962308 0.0176295087704238 0.1427741621936402 0.0644112975463372
1 0.5802056095481671 0.0662581968860774 0.0397428980313413 0.4235563839875248 0.1832306793255323
1 0.771168640469879 0.0620114691555242 0.0367066688820911 0.3853511197981756 0.1921529823909735
1 0.6993069836217289 0.051651249780274 0.0285000365073975 0.2451971373954985 0.1484612244445053
1 0.713432150384723 0.0577134215040264 0.0304183649315694 0.3719395720621819 0.1577395990128217
1 0.6757267905270179 0.0555614817736784 0.0324698799357496 0.3698700868468593 0.2193309454868107
1 0.6692850714559182 0.0382759819895752 0.0195829121187151 0.2014570362790241 0.1283982540631148
1 0.6500572637031884 0.0478984768084272 0.027908388096029 0.2662038878406053 0.1904320827502361
1 0.697896279697896 0.058794416649752 0.0308619966758176 0.3925694009953909 0.1266198923997772
1 0.7375293775114476 0.0346194339849695 0.0181799152381187 0.2118223530073519 0.10430271983913
1 0.7541660964244843 0.0562230537330276 0.0304454711356032 0.4264773353677391 0.1671038668508992
1 0.746123998021838 0.0454133629491552 0.0253168993585865 0.281187204094722 0.1012452568962727
1 0.5111657118499574 0.0599403417538219 0.0319169506055433 0.3908657364348076 0.0558653602811008
1 0.5802714187195909 0.0586542876451035 0.0317662012480154 0.4190515549174609 0.12737889398638
1 0.7596222958784927 0.0542493233761679 0.0319580640713966 0.332410799874747 0.1193497712801742
1 0.9999 0.0502078755603329 0.0298355816128336 0.2575223056276717 0.0064881542708484
1 0.6218659473228166 0.0413872553145298 0.0205002562272229 0.244618102646336 0.1063080678913995
1 0.5369795713223693 0.0538369307501468 0.0305293712770702 0.3584397904817076 0.1136803138780689
1 0.8146003239556692 0.051747474747515 0.028756353242646 0.3449841258565613 0.1749657971226083
1 0.6850801088497596 0.0610085392508939 0.0330337827585546 0.4558064001914895 0.1383576074737423
1 0.6080312344437852 0.0517010213070904 0.0284400276911142 0.3609498918254406 0.1610871181445562
1 0.5958319236601671 0.0594454705679557 0.0289182374978504 0.4440817872132293 0.1261300793295476
1 0.7610608083230553 0.0485995442784364 0.024377769579304 0.3188763549580489 0.1427018549209056
1 0.7139306134002251 0.0489248762665486 0.0243746860727645 0.2551032270906482 0.1037063308275827
1 0.7723998049294184 0.0554040227521207 0.0261302308840391 0.4204976099622101 0.2586427383463119
1 0.728955181628017 0.0354854585169341 0.0151467155066405 0.1726784771292572 0.1204306993017853
1 0.7659392066340664 0.0502078755603329 0.0295118131024249 0.328660860524779 0.1397414155845216
1 0.734479948849105 0.0576721822241038 0.0312694135847258 0.4158233158178276 0.0806774039164907
1 0.7784299264728933 0.0538323486143482 0.0281807647789776 0.3586603751259967 0.1640103820004502
1 0.7619409361667928 0.0545642413615482 0.0265095960035527 0.3927306795109875 0.0870717049971417
1 0.7678918499573743 0.0557990514708059 0.0290005996676639 0.4433881064954502 0.0686292453703454
1 0.7564363410059677 0.0497459958099517 0.0243315169358849 0.3671749432690733 0.2546853802636205
1 0.781480655062752 0.0402279738027783 0.0210013265449593 0.2522755417970249 0.1732331958525222
1 0.712478326524399 0.0437300120612374 0.0226479206817594 0.3005363155654575 0.153923199961943
1 0.6146667147207912 0.0550576129393348 0.0286052612732804 0.4547911727423477 0.1555806701496496
1 0.6659524757043069 0.0555689798140761 0.0289567813684455 0.3114552565496647 0.1449773866362203
1 0.6666368970876182 0.0480909266851744 0.0256265909775199 0.3604250524788361 0.1420128396527587
1 0.6726602931563376 0.0511868598289194 0.0263867431301403 0.2612194964340252 0.1138348010402994
1 0.5475683708677238 0.0653344373853151 0.0358576759064364 0.4865553646964049 0.1090756208702308
1 0.6180227855377459 0.0450117283685451 0.0220921180743829 0.2521731274908004 0.1743423644987707
1 0.506119832907076 0.0515935148114763 0.0308068871440599 0.4174682471963306 0.1676597156772207
1 0.6495646828187825 0.0639076986883436 0.0363164394382452 0.4354500101282978 0.1224959538038867
1 0.7249270711964263 0.0472767155926676 0.0296114341800601 0.3065175536082775 0.1682610170516392
1 0.8110035843511543 0.0438157897126697 0.0254415803973683 0.292831608319248 0.1122311506690355
1 0.6794782291429157 0.0560874162780117 0.0328287884671745 0.3238800255085847 0.129128727110967
1 0.6611473348275396 0.0497354985533949 0.0279812710555746 0.3349174438185366 0.2914990625259142
1 0.7513505701624144 0.0486474709997949 0.0274116930370088 0.2637910833932468 0.1313558913633909
1 0.6909251491901108 0.0604558325219144 0.0329113824617168 0.3340100386616502 0.0784616483965422
1 0.7011745910655891 0.0436405228596011 0.0232387982132554 0.3327968230187969 0.1198026750643024
1 0.6382458048136401 0.0620435441638496 0.0335203756184145 0.3817587408989606 0.128886109930639
1 0.7415137098973299 0.0551565871880551 0.0306218765639083 0.3914329541766338 0.1729081939045217
1 0.6518908106459335 0.0476976595181222 0.0223889058734324 0.3036868400621791 0.3064620946622525
1 0.6109571629006241 0.0491550614302271 0.0270168910493426 0.392928851870837 0.0691588482732004
1 0.7174394183360274 0.0484116765374879 0.0212377289460957 0.3607436747869263 0.1812771517251818
1 0.6421244770399591 0.0467084294865028 0.0243447319750117 0.3431249122465052 0.1100350313132109
1 0.6405458909959421 0.038083532112828 0.0170943384667819 0.2071706116377828 0.1345820022816956
1 0.7108116514350487 0.0442950184170297 0.021495751365086 0.2886475627134842 0.1831091232263311
1 0.8159214578005115 0.0484758264964036 0.0285405075711986 0.3594324214802719 0.1647867379024713
1 0.7268894435198363 0.0371387780989521 0.0164433386834673 0.2014386542087895 0.0789734557541634
1 0.6017225705636556 0.0474815020466076 0.0205901919252782 0.3545060306279196 0.2231498769936871
1 0.6574280136402387 0.0450838970795421 0.0218627820440182 0.3126133260479897 0.2522497708567465
1 0.7452240957876487 0.0381935034874649 0.0183186731683758 0.2372442723996478 0.0843787190266677
1 0.726914960938776 0.04445499832053 0.0212325897620546 0.3095172627142321 0.126658816062565
1 0.7105973161350656 0.0381969401037477 0.0188158890997003 0.2342072941687474 0.0848139648025236
1 0.6848195947566923 0.0495837137245707 0.0244715249428361 0.3235814514349479 0.1347762811291162
1 0.6487249918306429 0.0459039960419018 0.0201912044719967 0.284604086693671 0.169772779700819
1 0.7120424853213301 0.0507852252483093 0.0230364428942499 0.3670425924692647 0.0683769009475091
1 0.7437502960115123 0.0424177206423588 0.0196528339562181 0.2335546942127732 0.096002581157259
1 0.6945631924504008 0.0352323129067195 0.0145985374080954 0.1760807499866432 0.1411784153006525
1 0.8049728905777324 0.040825943130716 0.0244934011910893 0.3144331495453575 0.0521693356422581
1 0.6407357005967604 0.0447444368249505 0.0237919027540288 0.2399613152701734 0.0606886872555958
1 0.6925273024890435 0.0449842355537533 0.0260274472291189 0.2692605610616747 0.1538628971271385
1 0.5448049048206841 0.041675930158518 0.0249790539567024 0.2880732819388755 0.1169814790931387
1 0.7651960632208695 0.0374454087491762 0.0161180210378668 0.2143167353112932 0.1028180979021854
1 0.779133325816034 0.0406014182456435 0.0192591436083063 0.2359785365183096 0.1051520459664669
1 0.8124183222506394 0.0369288327368752 0.0179856541318734 0.2415740342507388 0.1192711848451496
1 0.617538294970162 0.0391227615511856 0.0156545208569304 0.1967732885155373 0.159655582791707
1 0.7482502921323376 0.0400544844939291 0.0192182073603848 0.2026765905987328 0.1093883298374418
1 0.5900000178790793 0.0369288327368752 0.0232954577025769 0.2431622438484417 0.1772316650297868
1 0.7279525540265576 0.0424548940525738 0.023926806297874 0.3306815736100919 0.1395341207450111
1 0.5473619382324161 0.0396231313000101 0.0172086097068924 0.291602636578379 0.1278320281273512
1 0.798014704249562 0.0405627395693221 0.0200273002703834 0.3051102034961258 0.0958581900256827
1 0.6468120478463564 0.0453173841060861 0.0228459908273991 0.2771219020383368 0.2301803665646236
1 0.5212233759590793 0.0462241627132956 0.0241372558296397 0.3168154639419118 0.1154428973752913
1 0.683710505655543 0.0380048026309167 0.0170025751990914 0.2404671002706557 0.0915593795395202
1 0.6216634941131185 0.0440561150998579 0.0233490469728187 0.3374690344248183 0.1104839529774928
1 0.7336519572086071 0.0454653602744887 0.0226201690970031 0.2911299551599448 0.1678937789273354
1 0.7632309284833009 0.0431064743982229 0.0181151615360369 0.2448166288460489 0.0810173912606613
1 0.7028184375076011 0.0351540170144238 0.0133713532845951 0.138774226939948 0.0777370583277211
1 0.6564030287038091 0.0416631001782818 0.0205758022151434 0.2195376260826117 0.2204765087255711
1 0.765355679918595 0.0789104028971986 0.043233430930677 0.4574823056938472 0.1483979983903065
1 0.64007727176326 0.0808234465272459 0.0462038785423323 0.4433832690737172 0.1197199247664426
1 0.5973524280917988 0.0746158313527022 0.0465710642804795 0.4882576698157479 0.1379495629059425
1 0.6329588534128832 0.079075359959154 0.0482222248872026 0.4811545232924776 0.0690165303532111
1 0.7545195708816913 0.0805116933419153 0.0472480100368955 0.4761674409294357 0.1211212964046926
1 0.7722814236999148 0.0779206605832012 0.0423006692635705 0.4036045009163826 0.1405577034556005
1 0.7263829660120716 0.0642203085451414 0.0344645962301488 0.3615875933165819 0.1987724613102008
1 0.6443223658994033 0.0777359086830487 0.0453635193720372 0.4498941931494306 0.2015457223603993
1 0.7367181049135141 0.0448553628472965 0.0210803414793555 0.2173896829161102 0.1135184763777712
1 0.67777063388459 0.0538644235649386 0.0390090227626661 0.2452798566453788 0.1100472100099205
1 0.7376654269542574 0.0494100832537228 0.0286759016761401 0.1996308625902814 0.1757277674122637
1 0.6913500585646377 0.0567964543491382 0.0339303010015615 0.3465671451852988 0.2479335628073613
1 0.6430871849202251 0.0471479222140578 0.0204462948109799 0.2299271638675845 0.1173409061656894
1 0.8076963341858483 0.0460220903225038 0.0282976811883921 0.2611619526224075 0.1175766795885839
1 0.6865068673966377 0.0573624834799028 0.0324574717018493 0.2950022355525565 0.1435882995463962
1 0.7323613942986531 0.0532666004796768 0.0278171949393577 0.3270275953398759 0.1843085956518123
1 0.6103750321207434 0.0442419288038215 0.0278929705503811 0.2636986762633467 0.1809246090387257
1 0.6135152293265133 0.0745720323929379 0.0411674794771398 0.4058213768131762 0.1655223619107568
1 0.8169868883205457 0.0738792127673662 0.0408437109667311 0.3964906454266719 0.1757742424483334
1 0.6443019096334186 0.0478984768084272 0.0291880445920161 0.2856468505869932 0.1406393939586668
1 0.6700992793916454 0.0697552864494211 0.0398030264412371 0.3503096699125846 0.1108702025683144
1 0.7485179260969684 0.0569195656830588 0.0315353662924796 0.2503257308880806 0.1535466536580511
1 0.6151880974822029 0.0386608818008044 0.0187422500176509 0.1912946619657219 0.1694861395774381
1 0.6117423529411765 0.0533486578629246 0.0278282168482994 0.3644485167930168 0.1983846863559024
1 0.5967410912190964 0.04905317618438 0.0204462948109799 0.1427079867937359 0.1054924459854034
1 0.7479822599523955 0.0553144340153981 0.029433662079545 0.3402986032688491 0.1897619695834059
1 0.7248824034395227 0.0461215850519678 0.0223071779013771 0.2001135400013973 0.094981662945816
1 0.5922159169805967 0.056191317802174 0.0266861970139396 0.3326915439795105 0.0874122861202518
1 0.5313245640198111 0.0642887929568395 0.0344402893092299 0.3888804744376791 0.0473586979313147
1 0.7785420966345439 0.0601277929369705 0.0275692020399724 0.2991225684097479 0.0740619129942116
1 0.7266722956196556 0.0596379204447028 0.0301593501232424 0.3315284611652395 0.0787486321387414
1 0.6037756301509292 0.0464551025884861 0.0233602114046587 0.2466033646434645 0.102272531640623
1 0.6512205951847229 0.0612173368417911 0.0322359343936761 0.3197385911030995 0.1602615377448673
1 0.7852536851310213 0.0570742128961661 0.0278698442254339 0.3701386558030223 0.2019451694307736
1 0.8515352484683514 0.064064268071767 0.0340445722481474 0.4226299283888649 0.1587105794891725
1 0.7424715300937766 0.0602051412252233 0.0311136152062116 0.2784023857692979 0.086093135968451
1 0.6187391246964977 0.0614450719065986 0.0304436346688092 0.4167871247827175 0.1592937378027649
1 0.6771283720472224 0.0608757231883332 0.0300121826167451 0.2710732227263879 0.1176954523689694
1 0.5946565000706837 0.066758566634902 0.0380736914743999 0.4478501085672565 0.1034848645705192
1 0.7606980630861041 0.0574247466600382 0.0298355816128336 0.4222990513893434 0.0756883601328065
1 0.6952261413004331 0.0419004550435905 0.0200745605979636 0.1539455500860331 0.1171585513192677
1 0.5974067315682318 0.0615074337557957 0.0333662001619356 0.3700677536266537 0.1153110850305267
1 0.7703693312417936 0.0594454705679557 0.0331380204190029 0.3688072698221042 0.23913195158773
1 0.804975911559093 0.0414260829470707 0.0209234273557022 0.143160765828298 0.0743776923000097
1 0.6361701200506871 0.063331478065417 0.0342521161517932 0.3912899376890965 0.1321545699678145
1 0.6256372601557443 0.0445255391363468 0.0240929506667615 0.1668097640011361 0.0971268993113608
1 0.5416300117694527 0.0678747760124114 0.0300298427190789 0.3902039824357647 0.1505474753404194
1 0.7105041032042284 0.0435799011423636 0.0244610243400484 0.1860396386510622 0.0834595144129191
1 0.6903285080988918 0.0438858964769911 0.0239106178723535 0.2221846420787831 0.1107511487730226
1 0.7048143111941891 0.0617782753648867 0.0332832787079218 0.3345898186781665 0.1074279964891757
1 0.6352244416027281 0.0629817374068112 0.0359871833105999 0.366860610119528 0.1732383533288727
1 0.7208093579558194 0.048981007473383 0.0261608090196943 0.1977493756641256 0.1474847702781675
1 0.6536200519066735 0.0649524983387558 0.0349411619792414 0.3763580526249085 0.2344447361474949
1 0.7524825370059403 0.0690799934860622 0.0363109518210086 0.4423171098603898 0.2209061041789744
1 0.762853547469913 0.0701585148038448 0.0380017429237261 0.4473354109977397 0.2894265487808255
1 0.7372303565432907 0.0522325539094682 0.0294319797718896 0.217069193005884 0.1118869369858808
1 0.8044623239987724 0.0494205805102796 0.0297767146115298 0.3066725799382663 0.1274178445432971
1 0.7230635179117341 0.0589621080398297 0.033201268208989 0.3945130782388688 0.1547426966029121
1 0.7623831548153452 0.0580742650590117 0.0343683407585561 0.3663808384702219 0.2144946208158996
1 0.603434895310677 0.0522045432120064 0.0276771248789338 0.2447008218962164 0.0921805037399304
1 0.8534672293265132 0.0697552864494211 0.0403349318696954 0.4908851265474959 0.1250353455483341
1 0.7666606860433349 0.0622359940405967 0.0305910414726125 0.3558663027002992 0.1813824421782155
1 0.7215621954570913 0.0669510165116492 0.0364188746793961 0.3507193271374824 0.1141364566480571
1 0.8015310430917509 0.0775357607719719 0.0406494498604858 0.4530264953895083 0.203736884189102
1 0.770395452529705 0.042023094682816 0.0202177523307589 0.1277212050662771 0.0857714774526328
1 0.7825120638122012 0.0606680934603848 0.0289785473217179 0.2729178177935527 0.095737195573005
1 0.6342046525578584 0.0514365941107677 0.0277684442017182 0.241063295889223 0.1108184358407729
1 0.6964653878942881 0.0496882608411541 0.0246552854462937 0.2211258356803145 0.2506826289149035
1 0.5629456351236146 0.0567030595500676 0.0309687713992643 0.3175764810408111 0.1809659398219242
1 0.6511129859521364 0.0638168325077014 0.0364497097447904 0.4179031141383481 0.1828330270709819
1 0.6273722188064519 0.0558550771958523 0.0265371899130445 0.3317628323952923 0.2031375623759289
1 0.7504386314613197 0.0499259140807815 0.0231117378968211 0.2287206170506565 0.1219021353217363
1 0.6201871190294698 0.0509628713017071 0.029312570940679 0.3068738827254085 0.1412959193935998
1 0.5468959897698209 0.056327782252883 0.0323609759940219 0.3424253437048704 0.0743676166475676
1 0.6360955212308951 0.0591790014589916 0.025925454216901 0.3130078332091843 0.1308945688862753
1 0.6919479624893436 0.066806679089655 0.0329113824617168 0.3642301379733326 0.1259624463679323
1 0.6846519128351645 0.0798350306164217 0.0442120395139314 0.4820020327640335 0.1377880010545016
1 0.7667450591397645 0.0730919177173129 0.0356928482717039 0.4390534594439875 0.2400382411422262
1 0.7015333694234407 0.0488246419521344 0.02864843041016 0.2437219774172404 0.1319360469889498
1 0.6397353755526003 0.0726485463545541 0.040213214400646 0.4712688473185149 0.0706043766224537
1 0.6729444699668952 0.0526531212874563 0.0271502074993759 0.2570357218165241 0.2493754223118537
1 0.8459665984654731 0.0594454705679557 0.0308068871440599 0.3101317485515789 0.067167169401795
1 0.6209677279574424 0.0584266181672205 0.0342350242826214 0.3763460751422275 0.1080432669044198
1 0.6880810294321978 0.0661042369500387 0.0391601147126056 0.4292915853346215 0.0991848283891968
1 0.7576948688578891 0.0534179398254818 0.0256006894966872 0.2912320543389149 0.190007696517233
1 0.7509125349566308 0.0437126915705981 0.022689548058894 0.224907287093963 0.097581846282751
1 0.6275566203160443 0.0631538320120192 0.0329985509167889 0.4124490976241785 0.1734431999721405
1 0.8126910724637681 0.0597918803807415 0.0319724537815314 0.3817335312480162 0.1157943945125379
1 0.7245325881991748 0.0496305258723565 0.0228870112745594 0.241792922091599 0.0655669407176031
1 0.6575189305597818 0.0580213413183688 0.0347352784252706 0.2496474330390617 0.0790240883926772
1 0.7595541197807194 0.0459243133815665 0.0214489327807862 0.2369545643737396 0.1105194105555363
1 0.6652908911508407 0.0519760089797607 0.0300379369318391 0.3648918919723755 0.1198985192258528
1 0.6251616214235771 0.0648387615471888 0.0347236964486089 0.3950783655781044 0.1744358748759213
1 0.7671515278723818 0.0539606485321796 0.0273043005308675 0.3164184115424861 0.1935123558755483
1 0.7565157495030179 0.0536719736881914 0.0314544241648774 0.3776306564539505 0.2697043296390933
1 0.734710583156324 0.0626039129582732 0.0322924132201689 0.3759568080800743 0.1902891485650044
1 0.8732416197783461 0.0696453150747841 0.0366347203314174 0.4532911969891254 0.1193075156200004
1 0.4855466739817303 0.0585382067560684 0.0342295828347743 0.3511604964922362 0.0576440657421249
1 0.7240082886469837 0.0564762436259633 0.031685687388448 0.3276682295262147 0.2039558959256499
1 0.6141854546067315 0.0578750794166598 0.0340963752098128 0.3736601324596933 0.1865735386820155
1 0.6603564895840681 0.057112015559806 0.0329113824617168 0.351574092741638 0.1505977607827486
1 0.6110376531250196 0.064872557634934 0.0326199908023489 0.3611309234332071 0.1188272838868353
1 0.7045153071365458 0.0659246170535277 0.0346921092689649 0.308514127694441 0.0509482733251033
1 0.7437610325509019 0.0586115210443164 0.0315263727220265 0.4145418239708244 0.1086406173331849
1 0.7212287752320548 0.074961743432322 0.0391439262870852 0.4754875290624131 0.1315194445302811
1 0.6169962617446136 0.0686830655755784 0.0326131746334066 0.4235703156297651 0.1096990274942805
1 0.7657643982949702 0.0590780662420561 0.0317487591713965 0.3504686627960438 0.2155409327710293
1 0.8542816920109395 0.0767659612072483 0.0434338590500011 0.4800554698760674 0.0591880290008338
1 0.6921647601782507 0.0584282353814315 0.0333970352273299 0.3819793256094251 0.205838052766751
1 0.8526688305386394 0.0568473969720618 0.0307421334419781 0.3528810568897476 0.0820976275729279
1 0.7186263427109975 0.0591567957239674 0.0296736973576293 0.3751490789575397 0.1972111960231162
1 0.7572917849554167 0.04905317618438 0.0233896449085483 0.2386623166549503 0.173959289501214
1 0.638495157422486 0.0447008477895328 0.0209444002121069 0.234844505101649 0.2987429526703318
1 0.5765405285592499 0.0647378427269845 0.0352317234313949 0.4663056923256934 0.1361225248485735
1 0.7280532719522591 0.054220455891769 0.0258208520837652 0.3130765538473197 0.2005035878109919
1 0.5971875402234543 0.0531523589690126 0.0285405075711986 0.3152051958996327 0.1631396920326669
1 0.7687344222787655 0.045184933274938 0.0228421817880047 0.272411770606136 0.0826648860260663
1 0.7145919126569685 0.059974707801179 0.0315083855811204 0.3725020629613683 0.1067500819805868
1 0.6755698255068644 0.0584624156953941 0.0319969551837191 0.3735170505246855 0.1595181173775835
1 0.7581069360613812 0.0534410338130009 0.0296413205065884 0.2792940121961818 0.0747512612768406
1 0.7130204137544893 0.0693386999552666 0.0400260582648543 0.4632661104236836 0.1529046026308281
1 0.6108671896968183 0.0477902237419316 0.0261931858707352 0.2873425952095405 0.1889996060389736
1 0.7580962207965081 0.0544067823977255 0.0265095960035527 0.3065823407144671 0.1569517632142867
1 0.772324040920716 0.0561257098620912 0.0328142519085941 0.4175344225962348 0.2341739935209509
1 0.5978857556760444 0.0679737502611316 0.0389843546455969 0.4852885784791194 0.1250374786808082
1 0.6195362633783871 0.0677345625415036 0.0344238439410196 0.4216089365329881 0.1935420262968747
1 0.771330642095468 0.0547545043531472 0.0296736973576293 0.3544279068625103 0.1009025833971128
1 0.6801429923273657 0.0611294071771319 0.0334509966241468 0.4488243574955861 0.1892342927729451
1 0.5548739335038363 0.0634869183837906 0.0353396462897824 0.4041008164156648 0.2465668802521959
1 0.6658566105503972 0.0582676772044838 0.0322314685898584 0.3513457876119681 0.1226231335869371
1 0.6057388834575277 0.0703649103313652 0.037732717905348 0.4575014869643865 0.1354850711843346
1 0.7865013695254699 0.040777830675963 0.024871131117741 0.222614782178161 0.1067221775006271
1 0.8026741223244604 0.0709036412719178 0.0352649304896502 0.4751884671437282 0.1545893022622327
1 0.7384201278849857 0.043884521807384 0.0264899736697848 0.2466033646434645 0.1134462476255216
1 0.6857258482523445 0.0667410711495723 0.0350453112508864 0.4065673540304131 0.0967615933481978
1 0.7785745664564161 0.0683836990813934 0.0361550633053411 0.4077772275508697 0.1835404512749356
1 0.7721796093183564 0.0578708805255841 0.0308951876492533 0.3215018854562563 0.0509869901777847
1 0.7479356262119556 0.0650265175709727 0.0362030289626211 0.422188759034111 0.1883915620316037
1 0.6228724943448389 0.0682500533095961 0.0354205884173845 0.4374366741174488 0.2212534440331846
1 0.7553809160547519 0.0585668949733891 0.0302719652550453 0.383759073946365 0.1781612948557793
1 0.6314154745118772 0.0682981657643492 0.0372314701171403 0.4248357750302825 0.1742765408294008
1 0.6759835515771525 0.0623322190078378 0.0325552371002671 0.3363702946136283 0.1650551441893538
1 0.5944924877305235 0.0662667502062349 0.0369225145341124 0.4149829932594028 0.1400250465039516
1 0.6427962842714134 0.0683129696454335 0.0394075070732071 0.5207392007886286 0.1397646049039325
1 0.6618033814606785 0.062620893851826 0.0335049580857174 0.4546147049872111 0.2064636415204181
1 0.678407275976566 0.0612261385377843 0.0321087773546371 0.3829943467898454 0.1635326432444894
1 0.720275809443901 0.0602794200915949 0.0340445722481474 0.4484383343515363 0.1541663787887945
1 0.6710243024659641 0.0733480510544279 0.0394320802613489 0.4275269079817819 0.1301108519140879
1 0.7759607106109325 0.0699339899187723 0.0406278653147098 0.5500175732046151 0.0801787406334526
1 0.7327011428741347 0.0560566789311784 0.0294836593194742 0.359475579355529 0.1985042550364285
1 0.6817607687585064 0.0502078755603329 0.0304831186336511 0.272411770606136 0.0835099165029453
1 0.4860726922421142 0.0652189674477199 0.0319724537815314 0.4320268351752734 0.0655466327112945
1 0.6984709442134425 0.0727245133914134 0.0400342896907092 0.4904597132907577 0.0950096520688198
1 0.7259091099752976 0.0573010288780054 0.0337670564005838 0.2983147128260242 0.1328447114036777
1 0.695521362858121 0.0723781035786275 0.0387500079543391 0.4624234021759169 0.1642124444305606
1 0.8328215535928526 0.0659246170535277 0.0392248684146873 0.4582911161224161 0.1419062957799755
1 0.6714344620544656 0.0674617489368183 0.039449015815084 0.4654148696652167 0.1517489671253473
1 0.6247645123872736 0.0648019926859002 0.0368505659834386 0.4346517927268686 0.1625562261294464
1 0.837400537084399 0.0529502865782209 0.0262741279983374 0.2748933481025468 0.100976091249492
1 0.7742235514115057 0.0663736668236727 0.0323794770332585 0.39228378069011 0.2503803182019254
1 0.8212729631762116 0.0612599981339951 0.0329345087931393 0.3765907572936902 0.1775425298007412
1 0.6302991084350418 0.0542493233761679 0.0262741279983374 0.2505738886377217 0.2412458086367995
1 0.6508649616368287 0.0647378427269845 0.0373362187490517 0.3797813569508398 0.2187225963173113
1 0.7517399232736574 0.0582907711920028 0.0277310862951768 0.3026870160623468 0.0838189491512549
1 0.6928287182040715 0.0562123123152877 0.0311738247913483 0.3154919559438262 0.1992151239886913
1 0.7908320908635225 0.0576309430019162 0.0318244453187052 0.3545638027446671 0.1576995017183314
1 0.6783531808812958 0.0684906156988313 0.0418959586255595 0.367787065718188 0.1721755018674019
1 0.6218131297895447 0.0658629343985036 0.0351902146895179 0.3868188562200725 0.2060754461616871
1 0.5990821973969515 0.0631020185725614 0.0336992191919626 0.3811600110934539 0.1094301701398249
1 0.7432829003362865 0.0620847834437721 0.0326569929455757 0.3823574707044672 0.1451880116205522
1 0.9012513379758158 0.0583549211509185 0.0308068871440599 0.3768953742401446 0.143323881384225
1 0.6345762894517579 0.0537516081080037 0.0254926178019155 0.3228648082504544 0.1427823638070763
1 0.5135522762148338 0.0750339121433191 0.0469953126644973 0.5152754882548649 0.0905173978586445
1 0.7920464239074101 0.0585602010656368 0.0336560500356569 0.3210727479803624 0.1758814533083041
1 0.3913260869565217 0.053094624000215 0.0301593501232424 0.3167492885420075 0.0448170798959394
1 0.6148309447156215 0.0628873629607901 0.0336709931827326 0.3840318537755746 0.2175945755889941
1 0.7192802575284706 0.0638576376783936 0.0350192858962216 0.3768017224833229 0.1505646621584328
1 0.7630142900805184 0.0582082926898926 0.0261816227114993 0.3199635222800052 0.2045092233474806
1 0.6013248101998431 0.0595416955351967 0.0356634148001911 0.3873363817953042 0.1168003008169706
1 0.5776352060846376 0.0598895857303175 0.0332476036270654 0.397177851477149 0.1729821939003059
1 0.749890335890878 0.0641797380093623 0.0359224296085181 0.3792188660516533 0.1316711672826325
1 0.6409426700044876 0.055064405285209 0.0349968325500247 0.3472678259368798 0.2235562096639053
1 0.7149991014501483 0.0735492986434554 0.0436651222994732 0.450943545928795 0.0833713410831356
1 0.7489794532786087 0.0704151146395077 0.0431100905395923 0.4121080398040834 0.2374687185821741
1 0.6499595132998055 0.066710454122414 0.0387931770458911 0.3896525207919543 0.1698266257086942
1 0.6959524385694663 0.0646780272208513 0.032848670573369 0.4485217988025949 0.1823518401171088
1 0.7062975786757238 0.0570255154707092 0.0304624525608608 0.3331804995169907 0.157182018421759
1 0.7774130842213266 0.0539194092522571 0.027754212620124 0.3022852368202813 0.1554125767298745
1 0.7660321893637237 0.062717118819067 0.0380017429237261 0.3995420666371279 0.1886424276606078
1 0.7581467123159624 0.0521083183025003 0.0260313016155308 0.2553716051307824 0.1355292786172828
1 0.7154832112584348 0.0450694633373427 0.0245689471790098 0.2481915742411674 0.1548330294482468
1 0.6268856722477613 0.0549228980313853 0.0337208037377386 0.3138816879015469 0.1739442482725756
1 0.6590727383379369 0.0573670116912405 0.0310400004715542 0.3491222941751841 0.2029658945921946
1 0.7045058367036453 0.0605680949355832 0.0320659869038826 0.3740645376739778 0.1455733301378888
1 0.6179330649006377 0.0580780633848739 0.0301082287784712 0.314781441130767 0.1595328823824313
1 0.8173846492298584 0.0614180820211201 0.0335049580857174 0.3468039493539292 0.1404820217782044
1 0.5773076385336744 0.0467437774324744 0.0210938318317974 0.2161626806874931 0.078151626095373
1 0.6927850808974731 0.048849405692686 0.0252266416403708 0.2652881834282908 0.1265080880097151
1 0.7549858057320102 0.0514656730783573 0.0312231609413067 0.2921462202393571 0.1185709686511859
1 0.6911217568172413 0.0494785917409029 0.0251835393293117 0.2704265086090074 0.1457436150778681
1 0.6911144362015209 0.0656370482383368 0.0349935488897922 0.4193782061544706 0.1172150855263415
1 0.775296089802094 0.0523007681792474 0.0266248772201053 0.280904280238461 0.1119075917412032
1 0.6596012278789019 0.0510003162972152 0.0305910414726125 0.2957548185305625 0.1033698243886743
1 0.6710013478080272 0.0516042562292162 0.0267861340119365 0.3338163858830881 0.162815584617909
1 0.5748665241261721 0.0544571692638394 0.0293823056982614 0.3533575197690585 0.1301409814520618
1 0.6226130908906394 0.0546823356421502 0.0298086009014744 0.3117861335491861 0.1372305597890836
1 0.7301354274412686 0.0495780395318372 0.0294529461011211 0.2793902672932356 0.0989455126069959
1 0.9160634032395568 0.0554040227521207 0.0243315169358849 0.365719084471179 0.051903165401015
1 0.6813646487144757 0.0665099854935855 0.036724656035948 0.4202034970369825 0.1380916615205956
1 0.7402758908780904 0.0527647098763042 0.0274766967531343 0.3294171507810385 0.0972729935248657
1 0.7153354526489751 0.0495171178814368 0.0241118168780256 0.2831534560832461 0.1657003569696517
1 0.7274530420137356 0.0570879593612969 0.0303212343784468 0.4000200000661753 0.116288138277972
1 0.6329579800667007 0.0560338587806163 0.02768693604258 0.3838872397477081 0.1833751816748744
1 0.9895013981244672 0.0471286772437036 0.024763208285255 0.2682206619675897 0.0168667923408665
1 0.740576718543659 0.0633510714085729 0.0351491942553084 0.4422684514858926 0.1281463976313833
1 0.8258938874680307 0.0471767896984567 0.0210938318317974 0.2734044016047003 0.1163990635941249
1 0.7582681068898209 0.0597341454119439 0.0276575025451658 0.3578381959431391 0.245317969836931
1 0.7644597429270044 0.0483988465572518 0.0241372558296397 0.299984853921647 0.1991381392555871
1 0.7264674302070725 0.0546715642022265 0.0299177318308295 0.3464096953798146 0.1522505253921378
1 0.5499167643857732 0.0686830655755784 0.0311555609254963 0.423851628048863 0.1364321955457317
1 0.7943646648893979 0.0616529840740143 0.031149700857916 0.3800051855132322 0.271490369927746
1 0.708264137169405 0.0649004297107358 0.0349153979057645 0.4007235890942314 0.1389928312888514
1 0.753515640625214 0.0548266730641443 0.028756353242646 0.3086979481982609 0.2379265165229338
1 0.6348442959931799 0.0584427053234563 0.0303979163923658 0.3383433663741651 0.1831141583695273
1 0.8219645797101449 0.0716852839530558 0.0346921092689649 0.4408281633625434 0.1868101334299047
1 0.7691257200990281 0.0606001699439085 0.0256265909775199 0.2796910645956075 0.2020354070287282
1 0.8342383393009378 0.0678747760124114 0.0326199908023489 0.4862906630967877 0.2198599348713296
1 0.6393583120204603 0.055740810050862 0.0272993949458066 0.2864188969412683 0.2121288827407046
1 0.6154998007897698 0.0777667006471625 0.0391169455562999 0.4762320023113363 0.2082122575738534
1 0.7584242705698482 0.0472767155926676 0.018653115368218 0.1707561755325793 0.1580180409623007
1 0.6738948386275191 0.0819621083990361 0.0466209553243372 0.5624254606866687 0.1071818155492246
1 0.6507688090041944 0.0706101651879243 0.0370984968358266 0.4240786330966263 0.1108021341015337
1 0.659617488155608 0.0553036141358357 0.0324961141858573 0.3295527898364683 0.2160719917258872
1 0.8231547623591613 0.0538819190502683 0.0274514680373647 0.3566951663264766 0.0955467358836152
1 0.56030336743393 0.053094624000215 0.021336658214604 0.2431291561484896 0.233726601244683
1 0.6211749646603786 0.0602152701326792 0.0305910414726125 0.2766028792446824 0.0504003770289877
1 0.7986692322095141 0.0666885848090531 0.0316310251687889 0.3661402006283243 0.1403847890235602
1 0.7124397427337494 0.0617187849643628 0.0315218759400377 0.383517509715044 0.1796810021968995
1 0.744480789815325 0.0555483601741148 0.0272454335295636 0.2743970326032646 0.1723919340672553
1 0.7264325001782779 0.0588459151449551 0.0300846343101594 0.3850626628843779 0.130594219528303
1 0.7203992190963341 0.0431064743982229 0.0294470594003431 0.3024554021626818 0.148332711645303
1 0.7711991503087195 0.0512800964341755 0.0268291597323168 0.255111630373805 0.0992862178519434
1 0.7441966751918159 0.04905317618438 0.0249790539567024 0.3061612245573218 0.2699479288703774
1 0.7063804996500187 0.0503361754781643 0.0208779861603501 0.2402799375120882 0.1875732183247174
1 0.7700233421414355 0.0504116460520269 0.0207129277045711 0.2241815821149082 0.1151493887723199
1 0.6615476781358705 0.0816734335550479 0.0461858913884754 0.4985661997790327 0.200479376770187
1 0.7403099846547314 0.0809228789606786 0.0424193843624691 0.4868421247405983 0.2746886023019973
1 0.7548930581130366 0.0518244546866669 0.0229069354900864 0.1894278191261617 0.128218331889721
1 0.6827916358260324 0.0672396913556374 0.0453764701124536 0.5066726862673079 0.190883870970984
1 0.7489543067999591 0.0475310724825277 0.0234485119098521 0.2167642752260616 0.0986276860893986
1 0.6803761599385644 0.0582907711920028 0.0337208037377386 0.4610116603333506 0.0603375059614728
1 0.7824538512797135 0.042023094682816 0.0202939331574993 0.2276071321692106 0.06050264007517
1 0.7175431392415754 0.0436920719306368 0.0161910515322471 0.2029276007066359 0.1728624038063529
1 0.6622502374083546 0.0750339121433191 0.0371203730970305 0.5582894981926507 0.1615984276733151
1 0.6098715663208321 0.073272995594991 0.0374117647563984 0.4416553558613469 0.1465890971333725
1 0.5857628951406649 0.0537874436257867 0.0291232908899344 0.2818086773925446 0.16908569895743
1 0.6298640827551101 0.0626126460073885 0.0316024326277036 0.4125334530608215 0.1850468324151946
1 0.6289758596850469 0.0644972803377494 0.0349349356517714 0.4714342858182755 0.0927829086679993
1 0.6344715375504042 0.0606001699439085 0.0249790539567024 0.2796910645956075 0.1645734360259737
1 0.6059847945041842 0.0624233794636159 0.0340445722481474 0.3523795170411691 0.2359702604780127
1 0.6915520961030109 0.048849405692686 0.0273025691463812 0.270076168233217 0.1523769637660037
1 0.745071748974104 0.0498999557459904 0.027353356368525 0.2581178842268103 0.1404392182699203
1 0.6856605622158296 0.0573571844489966 0.0315646432348683 0.3690841739669375 0.155416239761415
1 0.753887616274878 0.072782248360211 0.0368721505939683 0.4721511859618469 0.1581234490851361
1 0.7311387587382778 0.0529791540626197 0.0226479206817594 0.2507062394375303 0.1115984573934776
1 0.696443754983884 0.0647339937098197 0.0328272026490105 0.3909186767547311 0.1257622528562354
1 0.6089296163682865 0.0695490901075431 0.0457002386228623 0.4441369333577577 0.149555422323457
1 0.6699398885310963 0.0844158445729359 0.0482903867061323 0.5134556647574972 0.1598073502611383
1 0.7014354253674068 0.0903988635019858 0.0473086370502973 0.608262598550637 0.0935042794903572
1 0.6955675852912395 0.0606386599423519 0.0332243586668606 0.3429988638594328 0.1242444097062945
1 0.7951100481273454 0.0567511720048207 0.03123857849343 0.3129993491920395 0.112332919843672
1 0.6928670499735243 0.0576041931784379 0.0318044441757801 0.4010782102904662 0.176808113984073
1 0.7119373472056743 0.0407325483316454 0.0173990617737433 0.2443066890230836 0.1582110324688726
1 0.7496687263427111 0.0610909171786885 0.0327171213554715 0.3055987336581354 0.2584649093155465
1 0.6521125560237068 0.0547625231052286 0.0270655621334532 0.2985633082597601 0.203274447554
1 0.7776816346266736 0.0559401331601745 0.0311769082978877 0.3585343267389242 0.2251075025950024
1 0.6490850657520069 0.0733018630793898 0.0409428237601818 0.5107917672844593 0.186412164259021
1 0.6526944778769241 0.0905244978540428 0.0478404033230498 0.5619796179589983 0.1307260478434533
1 0.7098454621710621 0.0707717129999722 0.0399295410587978 0.4842119769862134 0.0908063733634638
1 0.7260701504291355 0.0731918917047529 0.0410441390860552 0.3857922890867539 0.1449473635887782
1 0.7676872872975278 0.0468592473700696 0.0212233392359609 0.1663546630041422 0.095105884182979
1 0.6881124126172208 0.0488154439633153 0.0246362402428463 0.2498342811997781 0.113074873235209
1 0.7331843853367433 0.0529214190938221 0.0273101872316454 0.3117530458492339 0.1663393646162985
1 0.6909972708924672 0.0727689249191966 0.036086804420612 0.3833319216662927 0.1674260944234999
1 0.7903327615933435 0.0520889180828149 0.0290522707001366 0.2870984400127873 0.0919935935645798
1 0.6556234540446445 0.0639949861092099 0.0375153706797292 0.4358120680497985 0.1744568741444035
1 0.5655879028132993 0.0649302926037317 0.040358058201118 0.470607093319472 0.1021106431628542
1 0.6852534279726923 0.058373249694113 0.0314081715214583 0.3877933071818981 0.1778690145032295
1 0.7725919203605387 0.0663736668236727 0.0395023842622509 0.4975972028613165 0.2092293104409103
1 0.8430741266407775 0.0652189674477199 0.0327494982065124 0.3882187204386362 0.1455971379583962
1 0.6170609820971867 0.0759576716440813 0.0387068387980334 0.3859687568418905 0.1257113220825617
1 0.68231789707185 0.0626978737909779 0.0311522402196708 0.3715866366180841 0.1810069948923844
1 0.7913824620630862 0.0783825403335823 0.0423330461146113 0.4731879339157391 0.0930361188773839
1 0.7162823955669224 0.0714014203372224 0.038523369997053 0.4633553724353526 0.0939859328433736
1 0.7838634729307008 0.049275233765561 0.0239330326123932 0.2310775977173916 0.1056988059824179
1 0.6572665166025439 0.0791057467969917 0.0429396860570217 0.4499359881423267 0.2117004274450756
1 0.6364359882304382 0.0758586973953611 0.0382998155463063 0.4720724057364705 0.1868407970814571
1 0.7020567672634271 0.0818466384614409 0.0438871349645733 0.4978051826801335 0.1125750623202562
1 0.6902590577121228 0.0587348863543647 0.0300597290456071 0.3447805092465616 0.1547868117270311
1 0.6557099022246957 0.0715698140154605 0.0410055952219355 0.4912869057895613 0.2062073250071377
1 0.7122407043567195 0.0640472871782142 0.0339112557722126 0.4477765803524934 0.1754580668214444
1 0.5811005711849957 0.0600228202559321 0.0295118131024249 0.3991376614228434 0.1601787208824399
1 0.7001304688832055 0.0491397786375765 0.0227126743838412 0.2354858974595445 0.245656819578589
1 0.64034523739215 0.0873507054675711 0.051204303299811 0.5719657475282618 0.0405302824552581
1 0.5179757252065446 0.0525172743122386 0.0278282168482994 0.2910732333791447 0.1498828067335928
1 0.557419602341538 0.0587398209621478 0.0267058193477075 0.2920438059331326 0.1355834706075932
1 0.632941105556515 0.0679359071830136 0.0362157258037716 0.4643982837674657 0.1279470543191383
1 0.756136626706769 0.0753838210416239 0.0402059851030845 0.4264801334621733 0.1913572713397349
1 0.7810676179595022 0.0630539061178083 0.028702391826403 0.3473554109977397 0.1847341668874327
1 0.7522707011889104 0.0575034761419495 0.0288642760816074 0.3316086738233224 0.1537014073979594
1 0.7360989270176844 0.0459226578890712 0.0190073236550467 0.1668840662033765 0.1168679736014757
1 0.6551831561030929 0.0748540819183167 0.0410400951526065 0.4648194579604366 0.1417408429037682
1 0.6997241250701859 0.058187144313087 0.0297442622900492 0.3281857551014463 0.1852980270980252
1 0.6537593312575073 0.0808074090230833 0.0455203672138011 0.5154593088248602 0.1380542621352984
1 0.681874886902179 0.0734037483252368 0.0432434070155271 0.4741299601889442 0.1547729113588639
1 0.7880541337613095 0.0650265175709727 0.0398724054355048 0.4255920653527175 0.1913042424406726
1 0.6090191395342404 0.0645838827909458 0.0407789572646493 0.4351370789707748 0.1202291518846722
1 0.6503706018755329 0.0823662531806196 0.0453117164103718 0.5131578754579278 0.2315460999678274
1 0.7169135362870996 0.0519200159904416 0.0187046435151718 0.2167559773603168 0.1423364989384945
1 0.6816682087916796 0.0538082923581042 0.0267957550457628 0.2837075436992758 0.1546888838134392
1 0.6910115433656198 0.0698689730693001 0.0405899464533226 0.4317514024404569 0.1422902616695268
1 0.5648975038363171 0.0845024470261324 0.0468658052603338 0.5348634066265335 0.1067726128090555
1 0.6072749761093401 0.0871582555908239 0.0482903867061323 0.5298340762338078 0.13056380099023
1 0.6842484514463972 0.0674000662817941 0.0351238006377611 0.394248034644785 0.1538881710929327
1 0.5165780988917306 0.074961743432322 0.0380107365006545 0.4501754385990238 0.1633107783027179
1 0.7480038137652377 0.0762527614781876 0.0388651255965649 0.4643939585433279 0.2239950161969517
1 0.6119858801509701 0.0656313600737409 0.0358946780496632 0.3733765236218679 0.2600562177727593
1 0.6520799700102439 0.0609970978543923 0.0345909316094621 0.3750043202702491 0.1556125274278275
1 0.6312240011347587 0.0638718181950199 0.0325336525544911 0.4022258467737685 0.0978243197934895
1 0.7407872975277068 0.0721471637034369 0.0385773313938698 0.4464530723544077 0.1424583194434011
1 0.796778576827144 0.083116807774989 0.0418150164979573 0.4649821843276077 0.1647747221036956
1 0.8175562211149259 0.0495417028167901 0.027220528258536 0.2404439620420791 0.0937854836138613
1 0.7375058424410571 0.0440545433808023 0.0194068274867254 0.2101372363525554 0.1187314748601335
1 0.5507144927536232 0.0767659612072483 0.0450527016020448 0.4722614783170792 0.1115807433610923
1 0.5101428985507246 0.0789310225371599 0.0472381390473039 0.4840903310499703 0.1056979484365886
1 0.6350653524039147 0.0685267000543298 0.0377274390540469 0.4259111252787272 0.2156034096224952
1 0.758155743075519 0.0517047080889929 0.0251948996281498 0.2526816976815138 0.1176776943860826
1 0.6388757285223666 0.0493196452933441 0.0264733701600832 0.3011726175130662 0.2358337302896744
1 0.6664688251332858 0.0744565624553427 0.0414552736798349 0.4369311675830494 0.1420878162695679
1 0.6383535018717954 0.0561788868283072 0.0285575480194557 0.3135798351677219 0.1556291090959868
1 0.7046905115089513 0.0541049859541737 0.0304831186336511 0.2580186211269539 0.1377328541628907
1 0.6324758651534732 0.0478733746254885 0.0253168993585865 0.2267795166110754 0.2545937083333875
1 0.6996248238090912 0.0657321671767806 0.0384334342925223 0.3907922082200446 0.1500861588042873
1 0.7939951979961944 0.04905317618438 0.0256265909775199 0.1579283287717216 0.1202462879807407
1 0.7376984013640239 0.0538460950217441 0.0265722005950161 0.2673803394091649 0.1940575430001548
1 0.6492455072463768 0.042124979928663 0.0249790539567024 0.2300595146673931 0.1475106393644135
1 0.7403812068268849 0.0525172743122386 0.0210938318317974 0.2022658467075931 0.2214356922613115
1 0.7498221483375959 0.0611775196318849 0.0282167390607899 0.328660860524779 0.0972309351308958
1 0.6443587327763205 0.0636793682605378 0.0364188746793961 0.3882187204386362 0.178473313199632
1 0.7467759092162455 0.0593171706501242 0.0323417897311099 0.3421410345989633 0.1193896656868849
1 0.9041305814151748 0.0606001699439085 0.0359871833105999 0.3452047105008504 0.0721928045331426
1 0.5837002216538789 0.0554040227521207 0.0282167390607899 0.272411770606136 0.15699227554716
1 0.7231464596150453 0.0567030595500676 0.0342064565033517 0.3812703034486862 0.1061358244072023
1 0.663084615767843 0.0673491887261805 0.0386889757122697 0.411882130687118 0.1494226973669732
1 0.5432138618925831 0.076650491269653 0.0408437109667311 0.4496294915498134 0.1390346453359205
1 0.7368489944677921 0.0425579921946453 0.0186655680037318 0.125833259818143 0.1403345143772117
1 0.7857072010934015 0.0460220903225038 0.0253837645947133 0.2255926751738538 0.0832955931605798
1 0.6402555167550418 0.047716155839136 0.0258310763501292 0.2602912236588839 0.1606886690316421
1 0.8056798384011457 0.0644684128533505 0.0358576759064364 0.3434179747034347 0.1120386194928603
1 0.6663473852828917 0.0693349120216987 0.0391413152235561 0.3951564639983357 0.1999791223895646
1 0.8088725694799659 0.0646416177597435 0.0367642277355809 0.3563221776847704 0.1555515044563922
1 0.6872637476015687 0.0530121454981048 0.0275044483378907 0.2370268388955514 0.1481040078649769
1 0.6971367576344006 0.047609801964439 0.0264967188492434 0.2255306357364436 0.1141513662807175
1 0.6286572656160954 0.0658708138938402 0.0371569275979149 0.3778014316688364 0.1176774090272314
1 0.9110857118499576 0.0542493233761679 0.0353396462897824 0.3637338224740504 0.0423234768634313
1 0.6604585718063358 0.0697974847649103 0.0359118882886025 0.4078866648537598 0.1481180363795188
1 0.8013466115796352 0.0443556491986573 0.0248613199540948 0.2546647315529277 0.1850250729563541
1 0.7677339417669837 0.0624284439750788 0.0311306556544686 0.3688348428612806 0.1600795515588285
1 0.5655111918158569 0.0484758264964036 0.0282167390607899 0.2882938665831647 0.1543497863391585
1 0.7045626598465473 0.0585433616804925 0.0295118131024249 0.3650573304721362 0.1426301001697028
1 0.6069692242114236 0.0549916301260997 0.0317319400318671 0.3369327855128147 0.1835318544802072
1 0.6886744335238875 0.0660468651341949 0.0443685115252084 0.20261545260262 0.1100242016030386
1 0.7284213418188712 0.0492152392810245 0.0259219587408336 0.2520483230027199 0.1000046611748436
1 0.7128821588534561 0.0420298123773754 0.0203822526873304 0.1244479396289703 0.0869489503524362
1 0.761162184122271 0.0523209754183266 0.0307939364036435 0.2554443980706772 0.2158745658820282
1 0.7157018107352499 0.0475214321283777 0.0240143559450395 0.2853092209834901 0.142635678880946
1 0.6229932992327366 0.0602816322069244 0.0321912766145133 0.4163774940279796 0.1946849801023786
1 0.7205727575104383 0.0596231166213534 0.0333638281690746 0.4058315576337499 0.1359983503726997
1 0.7290032287600613 0.0580167747132768 0.0345604068438082 0.3414472937277456 0.1677957412013715
1 0.7236979114509532 0.0556221326470751 0.0309220048380886 0.3772336040545248 0.1498841522066453
1 0.6701909098257459 0.0510466666229856 0.0263474340779984 0.2052624685987914 0.1311788990530719
1 0.5968946026760511 0.0531908489674561 0.0301053887069994 0.3292674683792934 0.1694329549351746
1 0.742480621949381 0.0534410338130009 0.0312817476238343 0.2567943762287246 0.1043050498545188
1 0.7375972857685115 0.0391299784222853 0.0182608573657209 0.1612784583918761 0.0855592856457029
1 0.7036436972819643 0.0578840020674126 0.0324257296961036 0.276795890849795 0.164721208343724
1 0.6856662125092448 0.0384177872135728 0.0189808162932497 0.1645110395903742 0.1497471385627918
1 0.6331852868213198 0.0667410711495723 0.036090200558025 0.4787286196894094 0.0901255551832327
1 0.6691706281939914 0.0504003254370801 0.0233602114046587 0.1439212024365893 0.0712095757292006
1 0.4763900596760443 0.0593011331459615 0.0363109518210086 0.3208852510360254 0.1357166936484655
1 0.7322954973016607 0.0508127180631011 0.0289876164662167 0.3098481397137536 0.1968118216499375
1 0.9047783631713556 0.0600228202559321 0.0372822573522349 0.3544692664874505 0.1240017886291923
1 0.6612635635123614 0.0531307083557135 0.027407317784768 0.3361055930140111 0.2040521268260599
1 0.673869940897064 0.0650596985503604 0.043958587307628 0.354332351835012 0.1152019237392941
1 0.659953478778653 0.0591888707322928 0.0336368637727449 0.3472144818808416 0.1197074058366365
1 0.6756585904272259 0.0617349606860408 0.0358532101026186 0.2892066306901107 0.0842969889170449
1 0.6781561455818311 0.049275233765561 0.0309397152540489 0.1620176291383557 0.0907794806393774
1 0.7310043163397238 0.0513067023821116 0.026399457746182 0.1671715378316451 0.0970350542621471
1 0.790827663582063 0.0544592687382447 0.0270982660230664 0.1874064614262783 0.1133400856366007
1 0.6865923985904724 0.0675283661996256 0.043487820446818 0.3914447711839702 0.2116659224047155
1 0.7649063408529785 0.043362157806726 0.0233139587612396 0.2471705823852907 0.0877624288410298
1 0.7572833024237885 0.0592530206912085 0.0344762636169436 0.3564177643441098 0.1728297274390343
1 0.6621877721545438 0.0608888447878967 0.0308068871440599 0.3652227689718968 0.2239045284388759
1 0.5357442253838623 0.0744040761148234 0.0535884168882307 0.3733593351573214 0.1422239006286196
1 0.6646023343287979 0.0681968763433801 0.0450867825115097 0.418520087773679 0.1388919366525346
1 0.5592805541346973 0.0549710104861384 0.0321019611856949 0.3519876889910397 0.1453668774487558
1 0.6322085012115533 0.0531111196890901 0.0321944664466315 0.3437110371603643 0.1660892874132945
1 0.639723344540699 0.0502078755603329 0.0291880445920161 0.1784427027420502 0.1005403701310769
1 0.8010102287417834 0.0551913149449918 0.0318633949165714 0.3551310204864933 0.1677278407430482
1 0.7158433162733232 0.0546036061602388 0.0322785622090325 0.3270666349876462 0.1403246733616759
1 0.6812233521030656 0.0657849965784844 0.0391740811795928 0.2628747276826463 0.0763177759658157
1 0.6247509490646752 0.0717030485410751 0.0517771245204963 0.2855959464179494 0.2031282336903656
1 0.7423979022647432 0.1037758857429164 0.0895919871236985 0.2331668812888575 0.0760044363600152
1 0.7389121398124467 0.1077119044827846 0.0907688152717601 0.3188669013389447 0.1033907457855559
1 0.6313307773881943 0.1040588555636978 0.0866716719577022 0.3273373525266932 0.2079956511051516
1 0.6405072401087398 0.0835353862987719 0.0589423706985801 0.4212237011408988 0.1143475448374552
1 0.6135541938764604 0.0629882981777255 0.0381358288679027 0.4340301449906917 0.1612627729031341
1 0.7118581661823019 0.0643403918531534 0.0381550246496089 0.4371885163678077 0.1291571073806569
1 0.7339940143418926 0.0483314890744095 0.0261269604918401 0.2236675726371996 0.119584963955964
1 0.6383453990084638 0.0784650188356925 0.0629987275983078 0.2215134344606361 0.081148576224795
1 0.7621241806699813 0.0589569439355456 0.0350905935795058 0.3255048029705206 0.155432596694307
1 0.7370400941771186 0.0517536828155049 0.0253028224671112 0.2719314652522298 0.1759787123821439
1 0.6711711539082149 0.0700636843670401 0.0446937408791361 0.238367404529418 0.0922576427469603
1 0.4763900596760443 0.0689717404195666 0.0411674794771398 0.2757205406013504 0.0732680740554636
1 0.6394594696195055 0.0991821904220438 0.0856786111899413 0.2330805655383431 0.076536139049179
1 0.6737017292946224 0.0740909076722026 0.0612195425767062 0.2298168715123523 0.1076463685159549
1 0.6990835859231646 0.0568018167153052 0.0356122934359938 0.2082216326989788 0.087848557769802
1 0.675922016947069 0.0650601962835264 0.0436281201562463 0.2987164920680896 0.1552097759568935
1 0.7387370636326411 0.0614661944758731 0.0363109518210086 0.2512356426367646 0.1440563766661932
1 0.6397257589255856 0.0525172743122386 0.0281944101971099 0.2713620918467517 0.1722373055990523
1 0.7915176245222028 0.052679653911982 0.0374441416074392 0.1214698193869541 0.1283075802819867
1 0.7445821972535652 0.0671481602990945 0.0417044614015802 0.2277675862054996 0.0940261217439962
1 0.7221132059831543 0.0717972548051322 0.0513710931659777 0.1639643273550147 0.131085452557464
1 0.7268738345706393 0.0685434865542427 0.0440778381786577 0.2377896740312122 0.1435429810856572
1 0.6422460139894288 0.0632648608026097 0.0378052680179141 0.373100186798738 0.2255809853709433
1 0.784492896415536 0.0575801869784118 0.0368837730416939 0.2868685502469913 0.1219484933907014
1 0.6992497131684774 0.0608567697795714 0.0332531381259824 0.317153693756292 0.1005145030251587
1 0.5756989883246649 0.0736226129317034 0.0492976665450723 0.2320447766645217 0.1207421701169354
1 0.65528010571185 0.0491109111531777 0.0287347686774439 0.2505738886377217 0.1683414755352728
1 0.7687412721276182 0.0787341987746466 0.0604758560861064 0.2172455508436813 0.2826591396286743
1 0.6536707403517817 0.0857796859288748 0.0645581024872318 0.2346377718950155 0.2069971956883342
1 0.7652732406211766 0.0930104819524995 0.0675595186864152 0.2451996440534714 0.2159749060904359
1 0.7493969340283307 0.0584240057176174 0.029943504451795 0.1477814341417896 0.1250219250583157
1 0.6665231444292311 0.069382883372188 0.0514103377946614 0.2145183222556025 0.138288229307573
1 0.5598572250008116 0.0722803982290515 0.0469953126644973 0.3626139310859644 0.0946705264866603
1 0.642354975517572 0.049226381090773 0.0274828637726885 0.2194714506827074 0.0927906289440802
1 0.6806604873072395 0.0542493233761679 0.031639434745029 0.3351838642579909 0.0508290343372192
1 0.6751981035148986 0.0886894873644481 0.0715266427182946 0.2406763505909754 0.0905957147774404
1 0.804906416441289 0.0652189674477199 0.0429482062843879 0.3868952124405505 0.1378902812175983
1 0.5039378312020459 0.0473211271204508 0.0346921092689649 0.109620286841593 0.116735871681678
1 0.6004081856500869 0.0956380791329777 0.068080736904867 0.2343195560362315 0.2592241215195956
1 0.6229859197029701 0.0720874378597103 0.0504786152302122 0.2589028613865776 0.1007022010515757
1 0.7666324296667553 0.0841710985346568 0.0704474143286809 0.2177739078098431 0.1177908455907097
1 0.6147014658254459 0.0818551917815983 0.0568282822494673 0.2643726850199961 0.1398368906385182
1 0.7382573227372686 0.0567992845173087 0.0302133115394854 0.1856117043762894 0.0944004356434966
1 0.7136565190740459 0.0580227159879759 0.0332351509721255 0.2755078339398935 0.1279486124538465
1 0.7574373653816744 0.0416138834845156 0.0245438241542328 0.1691022077708686 0.1062631186020958
1 0.6670026823984451 0.042221204895904 0.0234141728209017 0.244618102646336 0.1587025390387995
1 0.7279925124782813 0.0872159905596216 0.0636693909505479 0.2495812576391574 0.1440997524253369
1 0.6375587928488047 0.1117108107487408 0.0803605096913308 0.3076240491763362 0.0936389035812241
1 0.4944597612958226 0.0985127994736052 0.0675006516786359 0.2638089686185789 0.5139527948549547
1 0.7211067107836726 0.0407590550331701 0.0207621665297154 0.1713006016725737 0.1057852433312782
1 0.638941610245347 0.0966845254424349 0.0688676742709447 0.2775587461689527 0.1051598388119803
1 0.7223882609355841 0.0664698917909138 0.0481824638477448 0.1770089023887322 0.1151409845165612
1 0.67639064763526 0.125043392247994 0.1047186127781912 0.231603607309768 0.1369910480821912
1 0.6681342810291834 0.1291937540225123 0.1302287250846718 0.2398585642635143 0.1096086735680367
1 0.6743187748292856 0.1431513897092055 0.1434234527234456 0.2272442561212408 0.1188665388393035
1 0.6968306784362284 0.1224178258373083 0.11674430032616 0.2176752612661875 0.105854581890891
1 0.6382973518764196 0.1379650281327491 0.1152025455023558 0.2451695642901466 0.4523023157282606
1 0.7400762426315841 0.1379650281327491 0.1183631428782038 0.2313593885846308 0.1356721638692528
1 0.6980422250639386 0.1194898381175036 0.0910278300800871 0.1711634087525788 0.104064021535921
1 0.631942915601023 0.0665180042456668 0.0384154471386655 0.2844887810886682 0.0844260560802748
1 0.6171853943794032 0.0824432331197715 0.0693713141904147 0.1851337709472418 0.1063110325699151
1 0.5085234441602728 0.1425838256365605 0.119519458996057 0.2671177386137932 0.6489203818236866
1 0.8968187777086855 0.0842715071509418 0.0657738862682047 0.2247654826750503 0.0810457544739792
1 0.6924973970646753 0.1180377161837652 0.1138486044529416 0.2361556727111606 0.0912391807169529
1 0.6366772690694766 0.058579446035991 0.0354907382397219 0.2254272366740931 0.1816584921472092
1 0.7349086729081126 0.1107746071105388 0.1020359594339846 0.190889980336792 0.0705807382796791
1 0.7054661449275362 0.0833188801657807 0.0674251056712893 0.1678215510574123 0.2026417680129739
1 0.7098022710838123 0.1012508366057271 0.0851705634212169 0.2303302322064402 0.1088956474638398
1 0.5161519266837169 0.0953133199334909 0.0757297679632737 0.2715845781073325 0.060148437771787
1 0.6865411340969139 0.1016253064216381 0.0891225769177007 0.256313331960303 0.1368976672568093
1 0.6984769207161126 0.2555134246047488 0.223772919347674 0.3463958676991275 0.1481398760096953
1 0.5526951786173435 0.2412006509058918 0.2253455092368725 0.3438496904390842 0.1745722360975791
1 0.7357584654731458 0.1899265000506272 0.1515725415265231 0.3223741975338718 0.0730061662462762
1 0.7383666393861893 0.0447807884933545 0.0229069354900864 0.2655295290160904 0.1977707996148733
1 0.8087984779755703 0.1153488472480358 0.1017680130827757 0.194347617849877 0.2455478063647724
1 0.6438985229782097 0.1118627448801943 0.1014906650768079 0.2239644120550787 0.1349660120578667
1 0.6437413588504006 0.2222580825773068 0.1842731610778067 0.3134405185467932 0.1442724390557958
1 0.7492836303167947 0.0668315648241958 0.0461691447212894 0.176058106419181 0.1006537752009547
1 0.7918194820925762 0.0834579689594964 0.0755458085882464 0.1434299002532531 0.1246903274049121
1 0.6664335558032259 0.1100918681837241 0.0968556632674446 0.1810897187382216 0.2315304265674424
1 0.7298727160724843 0.1026895338313158 0.0927781034155073 0.2043887011256059 0.1152684135653914
1 0.6757337489304552 0.0418807166124579 0.0235594535664045 0.2099523739170639 0.1944199725690943
1 0.6684708804307042 0.0515200339578434 0.0275692020399724 0.3541083097907795 0.1677915007445666
1 0.9073353964194374 0.1094824435451573 0.0934021325113358 0.2346917926606931 0.0739254961956116
1 0.5959293347622847 0.118010379542064 0.1181636783587203 0.2405234997772583 0.0676489616971669
1 0.7238280040291083 0.1236580212335156 0.1194404910793238 0.2380328433468577 0.0968572913487784
1 0.4494133589087809 0.1147988719026952 0.1041404547516414 0.225179078924452 0.1608227114810627
1 0.6719928750213129 0.0993287870133669 0.0904061945401023 0.2558943907900263 0.1148434857446692
1 0.7321342970161977 0.0931165043707406 0.0864432679726992 0.1655517348406953 0.1598408526806856
1 0.7268219618441056 0.1159369169340787 0.1019363383239725 0.2063890831428061 0.1868914313808911
1 0.6952721057118499 0.2144638617896251 0.1755314112967705 0.3030178930618682 0.2096470403449263
1 0.7885334802598737 0.0744565624553427 0.0696591083931097 0.169839900754493 0.1860323773722305
1 0.7448060760835054 0.089220218778664 0.0815306204198459 0.202675503932491 0.1087595302696751
1 0.6586781189655788 0.2134053873809133 0.2103904875625278 0.3279991065257361 0.0685059674719235
1 0.7049707181674066 0.1010012213733844 0.0709843004176422 0.2491118740056022 0.2027347106109728
1 0.6707709158814663 0.1234671359744228 0.1071622942037076 0.2554083692712517 0.1652431920949802
1 0.4108163626211955 0.139119727508702 0.1354920388644731 0.2207949586807931 0.0840420648936326
1 0.6944933318473111 0.0871582555908239 0.0828256944614809 0.1863286045860361 0.1094307403464751
1 0.673679380687659 0.1344834345772958 0.1284476209576017 0.211851253127998 0.1012616594405863
1 0.4099071952259164 0.1189124884295272 0.1167134652607657 0.2080010480546897 0.2506988233970325
1 0.6494175117132821 0.0442694216186132 0.0056454486190156 0.2567187472097162 0.1999376536861154
1 0.7488291984591988 0.0549599075897588 0.0363856676211408 0.2234674267283987 0.143158209713734
1 0.7543345600481228 0.0505814547566153 0.0296260843425354 0.27599302753824 0.1483816861106128
1 0.6859330849552805 0.0569917343940559 0.0275692020399724 0.4447986873568005 0.2012571354470044
1 0.6554502178377766 0.1324501358199693 0.1281128148549046 0.2348916974925122 0.1014856601978567
1 0.6235387996589941 0.0473211271204508 0.0269216650191549 0.1903542747248216 0.1267466688347671
1 0.6072993954359216 0.1655334757336233 0.1632551886320233 0.2388829012992395 0.1005598052599859
1 0.6893397885763 0.1734142989745015 0.1625159171783388 0.2561326222296817 0.0838213863598723
1 0.568017084398977 0.1095786684546634 0.0991220428403058 0.2079459018439858 0.0666645641165195
1 0.632624791133845 0.1483573225163247 0.1382980325997644 0.2684412466118789 0.3168576134874247
1 0.6082193295367638 0.0777763231612071 0.0430561291427754 0.2641398456181003 0.1531965075515513
1 0.7206833751778754 0.0951916640981337 0.084071432398485 0.2218726723174699 0.0868080981944444
1 0.5797794373401535 0.1015919977902345 0.0893010646696559 0.2221184666788788 0.125203619752875
1 0.7083769013810196 0.0551153479081325 0.029107102464414 0.2856468505869932 0.1682214985878073
1 0.643815075050503 0.0634869183837906 0.036033435973445 0.3358456182570337 0.4643663986653723
1 0.6940076722723137 0.1068723417922739 0.0950209750633796 0.2036445008502072 0.121483613542117
1 0.8158666644646958 0.0727245133914134 0.0392248684146873 0.2128539106922788 0.1185052657818132
1 0.6469829203998773 0.0963958505984467 0.0670689603098397 0.3789541644520362 0.1272226649022428
1 0.6907035396419438 0.0864077009964546 0.0687525565639652 0.1885675389274059 0.1483010487586596
1 0.7176947398105372 0.0633680522443908 0.042157830237715 0.1568578443342565 0.1502794617333799
1 0.6274597983543869 0.0819621083990361 0.0379297943730524 0.4708056195191848 0.1409855974879952
1 0.7095394844359693 0.1521678304569692 0.154659134680671 0.2349785527048866 0.0971282385240222
1 0.6886083221452276 0.0873682009529008 0.0716605864633414 0.2439563486472931 0.1782371274213792
1 0.7015019687824041 0.1065257132794262 0.0935002441477987 0.2056949356237561 0.254481924257656
1 0.5017899232736573 0.0601671576779262 0.0385773313938698 0.1703362162537752 0.1011055876966888
1 0.647626052855925 0.054393660798162 0.0295657745186679 0.1604374793734842 0.1090734234090432
1 0.6799786117744177 0.0911172249045486 0.0722492564763797 0.2813927177549107 0.1699699038321518
1 0.8007053703735653 0.0731195421100986 0.0631496572754699 0.1099337492552264 0.0818778855425837
1 0.6291519412221381 0.1593029103316327 0.165818355984508 0.248092311141311 0.0722044195391194
1 0.9510511945287364 0.0847847068800025 0.0676445487799835 0.1523401839203266 0.0515980549644409
1 0.6081056832509599 0.1039013965421402 0.0735443305180147 0.1751339327468359 0.052345920650249
1 0.6740450241683752 0.1141932823094308 0.1002622710951379 0.1656967452592072 0.1605039324896636
1 0.6918096934052991 0.1109707226959248 0.0838473639976049 0.1726780901355186 0.1253914903872204
1 0.6702354150235226 0.1361099373055367 0.1395506451783037 0.1943898893056524 0.1162783461318164
1 0.5169616538789429 0.1204520876167093 0.0899486016904734 0.1826338113805965 0.2420570529323185
1 0.6282210114692036 0.1204520876167093 0.0899486016904734 0.1826338113805965 0.188475345868943
1 0.6529061020397885 0.0633957579280125 0.0395315964703637 0.2832784678326792 0.1798433810932716
1 0.7423215174765558 0.0711368017494782 0.0457002386228623 0.3440466410025254 0.1192159542687179
1 0.604227366690919 0.0624284439750788 0.0352317234313949 0.3786232874525148 0.1628508633915144
1 0.7343596180010774 0.0623491999013906 0.0317591474718387 0.3449516869402298 0.1394645863884698
1 0.7024361006228406 0.0505254178887199 0.0284271885925556 0.1840676117339145 0.0951170842783359
1 0.6607060593492242 0.0662539723606756 0.0393038363314205 0.3603766314754984 0.1611125506004578
1 0.7150402769133232 0.0544316443454591 0.0288472356333503 0.2731954266402196 0.1317046923801274
1 0.6842521172092618 0.051008715465006 0.0282167390607899 0.2796483708084298 0.1848465580933462
1 0.7466463490465063 0.0466283074948791 0.0268137421801935 0.2574340717831911 0.0822788038687682
1 0.7586649099003854 0.0881797204411622 0.0651761598023933 0.2704265086090074 0.1093293803970012
1 0.6804413128729753 0.0709924643274841 0.0508805347894023 0.1612370987669359 0.1244128091825407
1 0.6169219842245729 0.0623322190078378 0.0417901112528312 0.3312060681828629 0.1669629356075576
1 0.7255993317387348 0.0542768161909596 0.0329653438585336 0.3460870491441824 0.15419413857706
1 0.7132106772116625 0.0709036412719178 0.0522254193860433 0.2931806653555082 0.2573083914143163
1 0.684516885114653 0.0423800879504671 0.0266957800114412 0.0673295894436292 0.1216135035634984
1 0.7305368442944381 0.0428597886381971 0.0252586722145144 0.0416701830187513 0.0595579548835537
1 0.6351696482669121 0.0366813971728095 0.016098546245409 0.200658729871682 0.1105878987240525
1 0.7714788589252854 0.0627940987582189 0.0395702214708721 0.3483811296962562 0.1664571534931632
1 0.6712549340456812 0.0564945721691578 0.0318141669570984 0.2925585034364741 0.375384891730922
1 0.690451605725081 0.0383722069568162 0.0167229569412793 0.0173056039751143 0.0804154708740939
1 0.7191967086831849 0.0327854996751932 0.0165610726860749 0.080580964322608 0.0610495341848674
1 0.6873703083823359 0.0357019646499253 0.0157030861334918 0.1137066177856826 0.0758144515021324
1 0.6238877257336471 0.0615239294446708 0.0349942932335976 0.4153506343993934 0.142309745795579
1 0.7299547746106053 0.0501029028792945 0.0291586110881265 0.1982351632528616 0.1131105255880762
1 0.4637753623188406 0.0606001699439085 0.0353396462897824 0.3809394264491648 0.0001
1 0.7128120194996487 0.0338272565195448 0.0138504525999861 0.0963236483199566 0.1046044901781383
1 0.6811777651779438 0.0577855902150234 0.042543495646377 0.0335185769516643 0.1034488808002085
1 0.6331037988766445 0.1727939837310354 0.1885950942137396 0.2429406332207524 0.078456418095233
1 0.7211808050155704 0.0574797323473567 0.0368505659834386 0.1111013552904316 0.1456592937412284
1 0.6527579021204843 0.1231518846850677 0.111934025332874 0.2031355805254529 0.1336203772572744
1 0.6466671171111067 0.0905593701216064 0.0750748725907665 0.206525136059187 0.2006828318179284
1 0.6160171877605592 0.1602151968548655 0.1170289320227991 0.2002805847104645 0.1229746705223848
1 0.7309802564979231 0.045330790050371 0.0262230066535662 0.1542016089137212 0.1261493747495226
1 0.4785209207161125 0.135078279692867 0.1363554215373119 0.1923395367219502 0.0650898553420611
1 0.6828690248805047 0.0860234648486917 0.0708425381163449 0.1194781395010166 0.1860319326289302
1 0.7683761725108269 0.0957757342519481 0.0770218441675172 0.1610655328883718 0.1632101242442909
1 0.8479635195128798 0.154130819396089 0.1101764248570484 0.2020767741269844 0.4562470437272616
1 0.7216494286122558 0.0973720964397282 0.0806554643584021 0.195239222438879 0.1537003534802678
1 0.6483890453931321 0.1235534916683627 0.0961334104464949 0.148994649784643 0.1727103152682879
1 0.7198558553952464 0.0422858130395321 0.0201919052689374 0.0506296446695619 0.0807484308013958
1 0.6176844110778381 0.1869572731086348 0.1431083075930504 0.3262974533664329 0.4223774202322891
1 0.8049783024874614 0.1213181121486739 0.1017121909235758 0.1639944071183396 0.2109679335685013
1 0.6773747685892584 0.1642371882171555 0.169185548492759 0.2224997630464644 0.1134235656533229
1 0.6806417242745779 0.1230455790768046 0.1226646388392078 0.1579493368141752 0.1762859585831116
1 0.6921150290863906 0.0511763331275285 0.0354545319194936 0.0666382972607343 0.1166470554480487
1 0.8850039727195226 0.0600228202559321 0.0366347203314174 0.2320447766645217 0.0575933884376364
1 0.6539835679357273 0.1532385517227322 0.122109607079327 0.2816161671322617 0.2438993190718383
1 0.6443924856151954 0.1435126055970045 0.1409444882359851 0.2393384565903537 0.1083764461370578
1 0.5609852429667519 0.0451199814350407 0.0267597807639505 0.1618161335160984 0.0827766367556326
1 0.8061450673486786 0.0707037894834959 0.0664214232890222 0.1418807942949323 0.1240445982701045
1 0.6520866551179676 0.0552115728753735 0.0344762636169436 0.1340316565914156 0.2201684778037327
1 0.0001 0.113138991549763 0.1013884224131671 0.2181479426846217 0.0001
1 0.7110208077539847 0.1069879967704442 0.1108275197700268 0.1847293657329573 0.1348027022796542
1 0.715142457871168 0.0412956958523823 0.0237546203179271 0.1004038584366075 0.0851114811418398
1 0.5932659905726309 0.0682706729495574 0.0458852492094893 0.2300910267310736 0.112775628964044
1 0.6819135443353863 0.068105715887602 0.0472497021806383 0.2128302766114308 0.0927158733574088
1 0.7373337239645626 0.111013294960807 0.1106599751994624 0.17593104554849 0.2328564372136408
1 0.6524770043129889 0.0282685874172288 0.0312291938947962 0.0874371419372966 0.173555778095448
1 0.8204272602278739 0.0934041294775261 0.078842360700113 0.1673132036792704 0.1262078089214397
1 0.596500994115983 0.1243652354569778 0.110453940704612 0.1903542747248216 0.2874486186866865
1 0.7805892991837408 0.1777577450753391 0.1816332024395306 0.2477741602005944 0.2199470738311735
1 0.6996632723156352 0.0475219444107558 0.0272032028551376 0.1180216854554002 0.1000972450779803
1 0.8516773060528559 0.1206445374934565 0.13813614834456 0.181420595737743 0.2114271893499472
1 0.7084859403702232 0.0881205050900297 0.0696591083931097 0.1735677815937094 0.0985236555720317
1 0.8101681329923274 0.079075359959154 0.0664214232890222 0.188369012727693 0.1411263729242542
1 0.712178607861197 0.0709924643274841 0.0644407218326257 0.0613900983503651 0.120447383308176
1 0.6466852920943087 0.1810205740212918 0.1800021722046959 0.2364376968466845 0.212311847400333
1 0.5036650809889173 0.0802300593351069 0.0618886641432997 0.1539578047774644 0.1466994417663022
1 0.8141242395496537 0.077315818080433 0.0638004401403579 0.1937260689135722 0.1786737086408853
1 0.0001 0.1217992368694093 0.111749014746247 0.1969718147152502 0.0001
1 0.9999 0.1217992368694093 0.111749014746247 0.1969718147152502 0.0448170798959394
1 0.6244849019607843 0.042124979928663 0.0204462948109799 0.0416250634399393 0.0586470396409974
1 0.6113227371027861 0.0781871296921653 0.0608426428119413 0.1914741661129077 0.157306943314115
1 0.659078266984757 0.0686060856364265 0.0449663633541871 0.1211348064249387 0.1068788261587367
1 0.6901858002778788 0.0411550324528626 0.0190864670672632 0.1031350976509729 0.0810320405121537
1 0.6559767490322114 0.1122913930753551 0.0979440765811764 0.2296230386043514 0.2480517104429697
1 0.6755464208110759 0.4380219088185336 0.4384776944115194 0.566892300180208 0.2676813685511576
1 0.4783504518329071 0.1408517765726313 0.1234046811209619 0.2128539106922788 0.140884181003356
1 0.7764554042184894 0.1184709857167685 0.110453940704612 0.1776252419313811 0.2397794638480392
1 0.6547857459505542 0.4275058966529251 0.4274233123947767 0.5569659901945649 0.1792532780255268
1 0.6786798008980187 0.4481942604528351 0.4506267222858191 0.5598335908350255 0.3669973809215762
1 0.3794707510129378 0.3423468176764028 0.3422721941572759 0.4266004523831219 0.0001
1 0.6594054526854219 0.329876064416112 0.3127445060079981 0.4103213040066676 0.2875697813394662
1 0.525901799759779 0.415541928131577 0.4045076967064294 0.5238047620276591 0.3265578252235456
1 0.6294926498783701 0.4058071708990562 0.3812862996615301 0.4993933922778364 0.2943420463832048
1 0.6124242284739982 0.3284904251649686 0.3094636517476049 0.4085125097646757 0.2797393807613841
1 0.6783942876114168 0.0705541062075359 0.0427023820641898 0.2350471790430771 0.1614939092926065
1 0.676397412386046 0.1703447231141818 0.164775101902608 0.2211442177505491 0.2932764500596069
1 0.8369743648763853 0.1382537029767373 0.1172530794231957 0.1804279647391788 0.1670191828587416
1 0.3913260869565217 0.1321915312529849 0.107863792621342 0.1916777827229073 0.2013268595317274
1 0.9999 0.131036831877032 0.111749014746247 0.2452798566453788 0.0128763085416969
1 0.6856179024459949 0.0690294753883643 0.0536811324044379 0.1893947314262095 0.1288049606320025
1 0.2783052173913043 0.1321915312529849 0.107863792621342 0.1916777827229073 0.0001
1 0.3913260869565217 0.1108295927978573 0.111749014746247 0.2241037286760074 0.0863400826564546
1 0.4823564705882353 0.0848488568389183 0.0592985160600297 0.2750587866023075 0.0228542970415688
1 0.6931412446717817 0.382183946146776 0.3565180086152609 0.4649821843276077 0.1496684385463843
1 0.6609226257459506 0.3925762405303515 0.3610507677609833 0.4848348042988935 0.4784337134508882
1 0.4174930605285593 0.1206445374934565 0.1149866998503345 0.1794353337406145 0.1092024001160085
1 0.9754377152600172 0.1206445374934565 0.1149866998503345 0.1794353337406145 0.0955489443324282
1 0.6225668215444843 0.0949442285340681 0.077855076998637 0.1874047425864412 0.1262683489484122
1 0.7929848695652173 0.0973965900383609 0.0874447919198149 0.2056334392878529 0.1664736275848046
1 0.7211811765013605 0.0953891896291928 0.0804679955917367 0.2205743740365039 0.1910250824626535
1 0.6971971068920579 0.1548310094677774 0.1532878257818067 0.223104057739875 0.2187567365940626
1 0.7791703107449345 0.0559172224811814 0.0424625535187748 0.0772311050289621 0.0667602869031387
1 0.7288401372246207 0.0701157481453227 0.0461798956489386 0.364738708164046 0.1881889572471957
1 0.6696770833362388 0.0869723294191411 0.0728638678585312 0.232975718756769 0.1247639175367183
1 0.8107553036506461 0.1018485976258974 0.0995177599013883 0.1728177937501859 0.2862010662652564
1 0.6956812310315431 0.1006682382894722 0.108122807429669 0.1571342239728702 0.261230994360408
1 0.557760540107949 0.099475048915076 0.0836171286483996 0.2283683655293168 0.1253903644750301
1 0.601131792511018 0.0991382616163347 0.0795880093573934 0.1812551572379823 0.0824658437875321
1 0.8159299812446718 0.1079428443579752 0.103460540879783 0.1468108615878016 0.1908706522188775
1 0.8052444603279386 0.0649880275725293 0.0389658536063603 0.3234991793322447 0.1423150066322657
1 0.5493507416879795 0.0676108447017358 0.0407049530429493 0.334522110258948 0.1767664046388524
1 0.6214671968757306 0.0987327421651441 0.0842441088942005 0.2139568340460754 0.1912674574680531
1 0.6763297943352089 0.0930600523884196 0.0881498877941221 0.1417521199356408 0.1509481204452457
1 0.6489772285002422 0.0861290670140949 0.0758247869629252 0.2776482587868611 0.2532137913751376
1 0.7512482211904381 0.0836941574629654 0.0676054909657303 0.2377547682944985 0.1166573007698683
1 0.7852228529014289 0.163849539124447 0.1661421244949168 0.2247103365305218 0.2760684904496713
1 0.8066037835666223 0.0829331056120392 0.0662448222656846 0.2601994013209927 0.1597404906247903
1 0.7575023066619198 0.0399488157023718 0.0211436423738527 0.201145955319507 0.1364481353960314
1 0.7144661540796999 0.0463396326508909 0.0209967012786748 0.2555701313304953 0.1089515057403102
1 0.7300305882598465 0.0444673701160537 0.0237579841432428 0.1921126496649249 0.1273125178694287
1 0.7520604789621415 0.0483870034408373 0.0227375796548688 0.2138719937422773 0.1675559242045866
1 0.7143813096709021 0.0583549211509185 0.0294398645452758 0.2990657511378456 0.188997819272224
1 0.6436352792010094 0.0616617484154827 0.02947003651981 0.3288316357396649 0.1879732297885215
1 0.7291223551431475 0.0561738223168443 0.0291417919485971 0.1783796785485139 0.1591713212191833
1 0.6947804374496573 0.0697140471694985 0.0366655553968117 0.4121836688230919 0.1324488656552736
1 0.580148786405265 0.0647990767813011 0.0380475283886108 0.3467086968803592 0.1406873809430893
1 0.785477812709156 0.0652911361587169 0.0337477844685239 0.4110768065109668 0.1286547159707863
1 0.7690332965073078 0.0674994987152267 0.0357929222043546 0.3318041920202325 0.1350288730290489
1 0.6394227372573026 0.0565650666237947 0.0290350550736893 0.390538495442634 0.1569890766150273
1 0.656618514464191 0.0635360545372754 0.0382742289627268 0.3190443077259535 0.1688442629468266
1 0.576959560712184 0.0675283661996256 0.035177762034578 0.3655536459714183 0.1300404597561912
1 0.7477975671455754 0.039998643289843 0.0230048557210813 0.1795563862820466 0.069323939707639
1 0.6862747122342301 0.0445065473915657 0.025268132982928 0.1949747357107853 0.1084327030982363
1 0.5687390373026155 0.0606913303996866 0.0344876238769294 0.281606668249184 0.1135427818993779
1 0.652711708053388 0.0527097241889857 0.0264899736697848 0.2607207832676538 0.1009539654938857
1 0.6030877786609378 0.0600869702148478 0.0305190929154634 0.2990289869973765 0.1997177540600054
1 0.6980126491218279 0.0590187338621418 0.0374511800758407 0.237223721033629 0.0949541684575973
1 0.7483413967040272 0.0577813450205027 0.0303688473935406 0.24508522314739 0.1557687957991134
1 0.724550136402387 0.0740235501893603 0.0418959586255595 0.3995512576722452 0.1619277691583933
1 0.737569697629954 0.0641364367827641 0.0350968199069758 0.3015289465640218 0.1619095447124817
1 0.7511892373203478 0.0503361754781643 0.0253244070323133 0.2001335282809384 0.1407387301408677
1 0.6447688459972855 0.0710426686356266 0.039027791946983 0.3718475019635935 0.1412019931476062
1 0.720494901507601 0.0637829951394535 0.0366845308864234 0.2440411888849158 0.1073350779745183
1 0.7129656002351578 0.0360890513463027 0.0196221567862509 0.1531757318574728 0.1022646752329745
1 0.6305280238704177 0.0619280742262543 0.0349511240772919 0.2910070579792403 0.136387944034519
1 0.7107756091308849 0.042141475617538 0.0206313053911315 0.2379816554176992 0.1282088815098188
1 0.7003130096908439 0.0545526765854183 0.0300056972679915 0.2793770118312315 0.1483699710022586
1 0.7531557619930027 0.0756112618312955 0.0395846112328098 0.4227769848183909 0.1676537020604347
1 0.6871314375641807 0.0639439869060169 0.0408841820305322 0.2578807557325451 0.1036625433518962
1 0.4770719352088662 0.0548266730641443 0.0295118131024249 0.2988819305678504 0.103155402668733
1 0.7520337810802797 0.059878482833938 0.033882687992943 0.2125230336927574 0.0789429687989581
1 0.6127516945618824 0.0621947548184091 0.0408282934340339 0.2548595335996601 0.1332934950838274
1 0.7434585367450298 0.0403929308647337 0.0227375796548688 0.167956447095452 0.1338609748226298
1 0.6943005809081944 0.0551286713491469 0.0312551820031315 0.1970328997048676 0.1368367025453409
1 0.617353061026919 0.0582186024810058 0.0315353662924796 0.2419710866501646 0.0835815535843463
1 0.7937262891970673 0.0570719218571342 0.0313824756077283 0.2732941092494681 0.0478518455222514
1 0.7370545870324433 0.0566857390594284 0.0315321286073755 0.1704619495135933 0.0992238187443151
1 0.7288544757033248 0.0634869183837906 0.0366347203314174 0.2955731605726361 0.1646627938473221
1 0.4763900596760443 0.047609801964439 0.0243315169358849 0.3041759625601932 0.0510052129116709
1 0.6898852890025575 0.0535200395567379 0.0297162984750342 0.328730518868331 0.0652570569755
1 0.7461833348307043 0.0480716817148201 0.0266626502108279 0.3204551109366476 0.2032583716360143
1 0.6251052619560374 0.0732812434394285 0.0504642610180569 0.2514483492982214 0.1254296873974598
1 0.7491032567823496 0.0697590354696199 0.0501446972892929 0.2206445600626948 0.1583293583339852
1 0.867922990622336 0.0651612324789222 0.0482903867061323 0.1799647369398488 0.0617845680682376
1 0.6276877498905098 0.0615550175314395 0.0302340659363253 0.3554618974860147 0.1728166015706909
1 0.6636829833679113 0.0594454705679557 0.0363900952202744 0.1973541614849584 0.0937408631867395
1 0.6846485689175515 0.0711896081149295 0.0507699796930252 0.2312216192769027 0.1065856028507351
1 0.76335245179526 0.0427023296166394 0.0206152175151597 0.2045675997678825 0.120975933187681
1 0.681632450693238 0.0631982435398024 0.0285405075711986 0.4103874794065719 0.1288415176113959
1 0.7402385388274031 0.0507745335981125 0.0298475730401044 0.143480033148011 0.1148672514033584
1 0.7242518158567774 0.0637755932277788 0.0301593501232424 0.3604250524788361 0.1365634957521684
1 0.7774823371369411 0.0679242631367716 0.0474393380594513 0.2388135746929671 0.116515739590634
1 0.6953797700399796 0.0404537045404091 0.016186182830895 0.1971111313361789 0.1189008496158923
1 0.647463832484665 0.0586073823130781 0.0300966852525578 0.312479907905156 0.1024059801194594
1 0.7246225444924671 0.0691382835765848 0.0579162735633226 0.1428861513523014 0.1292285684045262
1 0.64591493911985 0.0801607773725497 0.0609303093524898 0.2980878257689989 0.1377178651254728
1 0.9999 0.0608888447878967 0.0392248684146873 0.2452798566453788 0.0256526170833939
1 0.6504799174334528 0.0719496493152268 0.0506760493973668 0.2676575905777953 0.1338335815227747
1 0.5363355777393487 0.0647137864707405 0.0273263756571658 0.3833382846956951 0.0795637028109055
1 0.735590892106203 0.0482609987189554 0.0235936259145721 0.2906177003891401 0.1729048145709124
1 0.6590241075204364 0.0976637557774584 0.0921832392575889 0.2322913124551111 0.1986540044879256
1 0.7183771957558126 0.0648192638131412 0.0383946927353501 0.2463827799991754 0.149763016447995
1 0.6406600745996658 0.0749289394622806 0.0727790594816388 0.1597932718479014 0.1854483866182552
1 0.6118938809585813 0.0817055085633733 0.0614569727745035 0.3257197316695553 0.2016108274901769
1 0.6872125305665473 0.0795876561359531 0.0627094856970953 0.2194714506827074 0.125601189919643
1 0.7112371204930129 0.0361349769159076 0.0171276675792903 0.1604926255180127 0.1491217559548631
1 0.779756484228474 0.0363514830488988 0.0174028708131377 0.2239052024762945 0.1097103777112628
1 0.694010788716249 0.0826425562290841 0.0721567512154431 0.2177934316042522 0.1354092935568614
1 0.6730610695920068 0.0866578858419994 0.0734148231138512 0.2513679934365732 0.1091152570677459
1 0.5712389462915601 0.0912574383754565 0.0826098488094597 0.2490518544399231 0.2636305274326158
1 0.60760468911348 0.0707037894834959 0.0482903867061323 0.2260338445286075 0.0873138392968884
1 0.7219931866158704 0.0511280266255453 0.0265371899130445 0.3567440458591602 0.164837910212258
1 0.6793858415542233 0.058310016162357 0.0283246618997513 0.3746637927136335 0.1473013357059109
1 0.7432576180280307 0.0535145146666338 0.0269805320204587 0.3578682756402886 0.1187692655837613
1 0.7489371355375414 0.075932011683609 0.0580034420183948 0.1856117043762894 0.1242497056139481
1 0.7814038622402455 0.0794478436344035 0.0646041419808897 0.2322155518794076 0.1088180147163663
1 0.6323358319210501 0.0759351409189179 0.0523493382867024 0.2864377273498373 0.1582929664244982
1 0.6389127478177936 0.0733499755341429 0.0527152229934673 0.2040305240604325 0.1210960939223448
1 0.6669086899474986 0.068728347919896 0.0451669728486307 0.2096229941359653 0.0998457429332846
1 0.5692956010230179 0.0774876483172189 0.0554132939351248 0.2229456591776824 0.1565445807917873
1 0.6072939267941483 0.062717118819067 0.0269525001169261 0.3556667260984636 0.1270376362299695
1 0.7792370979986224 0.0746490123320898 0.0510963804414235 0.2653530612609538 0.1189434964866336
1 0.7265533247041909 0.0697800299827336 0.0447721022479418 0.2770661070440124 0.126924304176695
1 0.7415229452195465 0.0777991132895853 0.0603209429554533 0.2837660760390172 0.0861207372666091
1 0.5670113179880647 0.0770546360512366 0.0657738862682047 0.2552061666310218 0.1162327090938239
1 0.6036531560317272 0.0532870738769622 0.0295118131024249 0.3212345101057814 0.1413763831794015
1 0.7372131809168695 0.0532870738769622 0.0285620921364008 0.2978672411247097 0.2476001041568555
1 0.6505808470133198 0.0711368017494782 0.0605396287048478 0.2234419746769645 0.1051369080850543
1 0.7411286051434067 0.0561207327036361 0.0334640218313205 0.3651257877983552 0.1586948020257544
1 0.7555206798099643 0.0527557448480843 0.0246271316633429 0.2478117850183148 0.1118349792525266
1 0.6658355613254493 0.0694883164318677 0.0585828172202825 0.2178693094427643 0.1258170028518214
1 0.8161500410261279 0.0721996500439562 0.0629482701538179 0.2328268495845133 0.0815943732511784
1 0.7487141005967605 0.0632343278953009 0.0462668335160776 0.2403167016525574 0.115550949746824
1 0.7094399638837035 0.0743603374881016 0.0488659751762761 0.3173375143262874 0.0952858209213646
1 0.6785723067660222 0.0460141596739849 0.0226023796167725 0.294685973919507 0.1405891723339987
1 0.6147362676616402 0.0515602974590583 0.0248282576656912 0.3183266199627725 0.1777997426359473
1 0.6511276430030897 0.0798339706023946 0.0465962491320912 0.4697991378770698 0.1234859702772676
1 0.5675724153625099 0.0857350214641933 0.0458508286021033 0.4915600716860541 0.0952848330571881
1 0.739670726342711 0.0732585618527916 0.0385287661173085 0.3410191164569043 0.2394877177368311
1 0.7083940922814528 0.0641086795995502 0.0368837730416939 0.3077138012168414 0.2462210925278289
1 0.7452552340429804 0.0496444379213778 0.0240662608096059 0.2698604298781644 0.1378079883115843
1 0.6176235294117647 0.0775778592059652 0.0413091282004437 0.3911966134343291 0.2023883560656774
1 0.6148824006798295 0.0559958061822965 0.0265655196577053 0.3419290282055882 0.1878617535579443
1 0.7512452274840989 0.0855545064447261 0.0425105192408086 0.4816240719013048 0.1495350107651676
1 0.7448164596841194 0.0575007136968975 0.0330221453527238 0.2571217702845982 0.15370078091167
1 0.7451292403550283 0.087362026082518 0.0440623508414697 0.4863918725475062 0.1676706706590982
1 0.6546345234133879 0.0461478035405282 0.0226813419452612 0.2640010907601414 0.1945370223365098
1 0.7367407382716998 0.0719333304685613 0.0421028107006524 0.4917709665974122 0.0948675901860538
1 0.7440417034302199 0.0533832988442032 0.0300121826167451 0.2485284671801188 0.1606379461285084
1 0.602814045456041 0.0652550518032184 0.0346111671413627 0.302728375687287 0.1697994387462221
1 0.7491007960299265 0.0598303703791849 0.0385773313938698 0.2699853392542538 0.1814512127670321
1 0.7387612331200273 0.044750989801644 0.024080857446671 0.1629235041214701 0.1352586536605404
1 0.6037379944400204 0.0422899369906184 0.0181799152381187 0.2188569648453606 0.1840436214646933
1 0.7595376118468202 0.0802640210644775 0.0448622495675708 0.4596881523352649 0.2126617792481386
1 0.7280762484302132 0.0752849337417666 0.0451653167079462 0.321611741847954 0.131040593979951
1 0.5847152861195567 0.0744565624553427 0.0415206814590613 0.4242542336893224 0.1021222139628034
1 0.7796286996626225 0.0675013029330017 0.0348641112901195 0.3282576041816122 0.1273661245770449
1 0.6389605511111475 0.0683943907315902 0.0379297943730524 0.3820974959474897 0.1217023661112462
1 0.7080288606535584 0.0621878815858437 0.0328574210648999 0.2485886266405931 0.2320734787708915
1 0.7612719748110623 0.0549710104861384 0.027461279201011 0.2022658467075931 0.1873345628221419
1 0.7723087750912873 0.0547247878182973 0.0277977445201934 0.3101317485515789 0.1427842288925972
1 0.6822028248479318 0.057232296783291 0.0285944689874416 0.3073192940556468 0.1618647137317951
1 0.6200385050753418 0.0554040227521207 0.0314544241648774 0.2168244346865359 0.2302927955884104
1 0.61727264335408 0.0459354878693074 0.0218061225546967 0.1966740254156809 0.1260823547705024
1 0.6426824552429667 0.054393660798162 0.0312115977820708 0.2749760673524271 0.1945439546337614
1 0.7895514255133027 0.0548606347935149 0.0257789526310006 0.3301790020208536 0.1327859294606421
1 0.9999 0.0669510165116492 0.0372822573522349 0.3504987424931933 0.0607874655730606
1 0.8391478431372549 0.0705594520615018 0.0426244377739792 0.2992128075673718 0.0809518026753686
1 0.610183780216798 0.0497130043744667 0.0263666332851755 0.3238395099508703 0.100241280900416
1 0.6333350779653675 0.0591247207156421 0.0316702698363248 0.2344712080164039 0.3399190895776837
1 0.7092723741517476 0.0399752736178479 0.0218378105364287 0.1369915586134873 0.1633070006038083
1 0.7078240814300427 0.0722734589476818 0.0394879303293944 0.343033330191491 0.1639312154571363
1 0.6671169227342131 0.0696068250763407 0.0421603695541421 0.2926614429768475 0.231541300100353
1 0.7913044991421654 0.0551153479081325 0.0307349385869108 0.2111259974799086 0.1116671404645807
1 0.6801279616086207 0.060347281254305 0.0332204342039923 0.2852147962979978 0.1747009476322606
1 0.7186831658538994 0.0592255278186818 0.0294809780046537 0.3974202522316999 0.2246923651317526
1 0.7267313634968116 0.065009022085643 0.0370467893211181 0.3999498140399846 0.1955209566482095
1 0.7862962335446751 0.0637755932277788 0.0327494982065124 0.3618903648958347 0.1720149037967959
1 0.7367859902595602 0.0696530130513788 0.0356504640597748 0.4020890842585745 0.2077555402532702
1 0.6225894347191544 0.081899504236175 0.0500301548542026 0.3668671878219275 0.1570764372438244
1 0.7703210315430521 0.0646416177597435 0.0382535628834611 0.4117109874046576 0.0992708229112031
1 0.7554205553887263 0.051747474747515 0.0240005535704088 0.2037952337202504 0.148196222213389
1 0.7585002075021858 0.0499070031649567 0.0235562965579379 0.259996892751889 0.1497153250434706
1 0.7708763940715159 0.0457694998340141 0.0269351553715968 0.3110278737806746 0.1094533376117482
1 0.4586612958226769 0.0294232867931817 0.0163991884308706 0.1299692223121608 0.0560419609336815
1 0.8017469701619778 0.0796527096471304 0.0489379237269498 0.3720057474620862 0.1258671674302718
1 0.7831005262155295 0.0430697339425389 0.0237820915839071 0.2179674643031985 0.1603497591774524
1 0.643152004008375 0.0764616823332432 0.0473628336973139 0.3368254740284711 0.1637534934918365
1 0.6652251119819402 0.0529440110180525 0.0277381247441521 0.410286777719697 0.1196817601441454
1 0.5674204433077579 0.0709924643274841 0.0366347203314174 0.4146888804003505 0.0813769422634048
1 0.6143851661312872 0.0637579192836605 0.0303840058272496 0.3510929705847707 0.1579600982310916
1 0.7628835919968899 0.0522982796288873 0.0283730411000743 0.2512128235059664 0.1532995044655571
1 0.7022451803831543 0.0646416177597435 0.0408437109667311 0.468290954322822 0.1473974104798304
1 0.6995399892193009 0.0494105831230826 0.0241465063557333 0.2238831440317182 0.1086240387313397
1 0.6712199112818142 0.064872557634934 0.0401314202438318 0.3128118522477025 0.185167761964225
1 0.6342479614732003 0.0656624389229146 0.0389527151449617 0.4612993794576148 0.1205599634118112
1 0.7928404723293845 0.0644491678829963 0.0332243586668606 0.3697337254207642 0.0995000818860169
1 0.676617939115867 0.0512800964341755 0.026459138578489 0.2475014593848122 0.1364861700832708
1 0.6694989108960137 0.0593189281603094 0.0301948316034803 0.3075753837872466 0.2101429488641981
1 0.6122770213654697 0.0798761998638271 0.0464104405208398 0.3939930577848854 0.1069865692797212
1 0.8371951998139471 0.0824569795849023 0.0538407040459262 0.3776306564539505 0.1420779587087125
1 0.8753440695197134 0.0825394580870126 0.0554132939351248 0.3445429565018076 0.0941069711826712
1 0.7554395038915327 0.054551744627552 0.0267674895367745 0.299984853921647 0.199530848867415
1 0.5550330379766616 0.0535757487209504 0.0297276587738723 0.298771638212618 0.1187678347010861
1 0.6420785273570537 0.0510429706612231 0.0254993962064987 0.3665108258817983 0.1727785870061375
1 0.7312978632111032 0.0656038672589491 0.0398724054355048 0.4462324877101186 0.1783843203974187
1 0.6599850468883205 0.0515069123582798 0.0287347686774439 0.2958378621722532 0.2087245902294003
1 0.7986493072609446 0.0541256055941351 0.0315931820951345 0.3219015161154376 0.1743456172830439
1 0.7485265848252344 0.056327782252883 0.0313619188780393 0.2828296692484213 0.1423049044689833
1 0.7304027466521533 0.0578688618224 0.0330732667169211 0.4283566457188166 0.1368089389241828
1 0.8865381926683716 0.0519399246242622 0.0275692020399724 0.3994685384223648 0.1131829618275764
1 0.6928855413469736 0.0630145413768526 0.0333381682195507 0.3392489245094647 0.1656122885972429
1 0.6894803471256334 0.0848770202453726 0.0476586432427599 0.4155120377879696 0.0781403783443852
1 0.7867674046283514 0.0794427642850536 0.048996790734729 0.3548903826445957 0.1518347098901938
1 0.7650207950249139 0.0619371902891526 0.0357486170090996 0.3132315435823125 0.1362648157466701
1 0.5086067191643444 0.0586581755179023 0.0332793012117715 0.4320749627568879 0.0439450064455856
1 0.7212143702022983 0.0582382848514836 0.0328083652142916 0.3754047566149243 0.2852410200731634
1 0.6452516646060631 0.0650265175709727 0.035432151550719 0.399941219840799 0.1328069755542952
1 0.7507085865302643 0.0823951206650184 0.050313939896187 0.4011229234199719 0.1298047042201286
1 0.6984516662283786 0.0806206194249421 0.0462208076206971 0.3904764693726544 0.1346444481506132
1 0.6139831410451423 0.0771187860101523 0.0416891065504667 0.351362699132466 0.151685986312391
1 0.7482458763063871 0.0617548693198613 0.0337747651345555 0.2395998015089861 0.2283312836895629
1 0.671189501815052 0.0570310991350115 0.0306302861401484 0.2194714506827074 0.2165576370365076
1 0.7524193446000614 0.048956951217139 0.0258424366489673 0.2486989189958254 0.1475067943982393
1 0.7871648611484263 0.0610756343860379 0.0334351256212739 0.3411174063813298 0.1607519711687582
1 0.5953303141982064 0.0567777168114248 0.0332630620193486 0.3129841364602325 0.1767869303534585
1 0.8044919801294459 0.0656313600737409 0.0375597731997984 0.2766659034382186 0.0446023843988706
1 0.5695291002984757 0.0606386599423519 0.0325336525544911 0.3978362118693339 0.1271084742810344
1 0.81093644361319 0.0670793164294806 0.0360591318612736 0.4284386579507244 0.1451797200518348
1 0.6005283048439488 0.084908582682645 0.0472855879052876 0.4189560527641072 0.1019104258233419
1 0.5863987173455004 0.0707037894834959 0.0350698391761905 0.4470045339982182 0.0952094981926874
1 0.6787707178175617 0.0586371810047887 0.0343035870564744 0.3512266718921404 0.0943528812648813
1 0.7050468771184177 0.0489871933711449 0.027014170305993 0.2264860430725617 0.2231596490171567
1 0.7513998479434203 0.0553667744019162 0.0290940472827515 0.347915767210876 0.177426600068414
1 0.8296773496864517 0.0588681208799792 0.0315263727220265 0.3754983380272957 0.1349572988070859
1 0.6977560806333435 0.0610950411297747 0.0349696251165285 0.4141216626585243 0.0966021745308702
1 0.7165113900998601 0.0667615736452819 0.037251904054384 0.3596392196049728 0.1183710239580978
1 0.65818856724504 0.0514513979918521 0.0277186336596629 0.2803528185946503 0.1212907664078315
1 0.8938342608695653 0.0651034975101246 0.0350806314814554 0.3565868792843876 0.1113346247695268
1 0.7145919126569685 0.0600228202559321 0.0321019611856949 0.3405724325075504 0.1266865062199489
1 0.7821771423699915 0.0603114950999203 0.0293823056982614 0.345800289099989 0.1873622893281237
1 0.7507183493513929 0.0550947282681712 0.0304137396652849 0.283992465589386 0.1937322487940964
1 0.636531652640191 0.0856919706918897 0.0469233641138236 0.4549718421059751 0.1080064567624726
1 0.7248924619218823 0.0487645013403918 0.0222929744617418 0.3173007501858181 0.1487338355422919
1 0.8267054088141585 0.0479465892631803 0.0250869767956638 0.348348041996304 0.205192889750175
1 0.6807853501728083 0.0616327376328914 0.0288767287171212 0.3780633417915595 0.1339495714315152
1 0.7305023413924774 0.0663736668236727 0.0308068871440599 0.3915274904338505 0.1215682892935556
1 0.7313736272198056 0.0528380241645521 0.0265619222269339 0.2690294723961586 0.1412974606635807
1 0.7174194230179028 0.0884515188918911 0.0487566133611209 0.4439913474779682 0.1311911517884895
1 0.7236474870280513 0.0610512243876401 0.0286012141669003 0.3875362866271232 0.1923939884787944
1 0.6425932828337868 0.0613902274390139 0.0314714646131344 0.3497150864591097 0.2131321244182279
1 0.6868654766493572 0.0535276362661973 0.0257884752327243 0.2586803751259967 0.2160592413532519
1 0.831306274509804 0.0461664277444979 0.0214823540442879 0.1910160287238645 0.0998534375289854
1 0.6915749236593486 0.0600427288897527 0.0353173174002009 0.2678935881344762 0.1137561244684182
1 0.6624092938771424 0.0861478936368652 0.0464556985020673 0.4278274546117391 0.0903632955827088
1 0.6835966509885764 0.0786771877446227 0.0428644730779649 0.4008605037466696 0.1096513042767478
1 0.8621611423699914 0.0702707772175136 0.0382535628834611 0.3647264534726148 0.1664605264386182
1 0.5785927115273386 0.0646860292875267 0.0346422987139588 0.3629702601369201 0.2016827922200104
1 0.5338948962955349 0.0619473191966085 0.0275692020399724 0.3786784335970432 0.0931799357777727
1 0.5321902074634802 0.0625888188435006 0.0305190929154634 0.3975568046399992 0.0837173361031087
1 0.6265744538900734 0.0559224592160562 0.0297364688064321 0.3089703027843509 0.1847558970246451
1 0.648904569479966 0.0544802632513584 0.0295118131024249 0.2840586409892904 0.1492124387432887
1 0.744480789815325 0.0559813724400971 0.0346921092689649 0.2313830226654789 0.0746588800698389
1 0.8614224436942678 0.0669510165116492 0.0351238006377611 0.2867497739407897 0.1486388965183202
1 0.7579947882652482 0.0551671613475903 0.0284657917581157 0.3367885570890034 0.1573142818340967
1 0.7760317391304348 0.0610331822098908 0.0315353662924796 0.3464454992490558 0.1765781814422729
1 0.7337138513234713 0.04830475992005 0.0227726315137195 0.135624768065691 0.099232713993611
1 0.7216767570926105 0.0506202681863539 0.024763208285255 0.1711318966888984 0.1180644483216839
1 0.9051193009377664 0.0883129549667768 0.0473190811749061 0.4583646443371791 0.1111142852551137
1 0.7601171945942098 0.0558316891641371 0.0299914701544026 0.3173620237091498 0.1305710413881621
1 0.8051677122364673 0.0619473191966085 0.0329653438585336 0.3582192058374185 0.1832793533559467
1 0.6420858141517477 0.0701745522502725 0.0418419972287426 0.3506090348484256 0.1384567643404528
1 0.6228460763046957 0.0602983735003567 0.0301151998706457 0.4294730663395285 0.1184305818702327
1 0.673213432225064 0.0537008411725903 0.0258208520837652 0.2205964324810802 0.2029870152994895
1 0.9110857118499576 0.0865809059028475 0.0469953126644973 0.4279239603812077 0.0659475870027875
1 0.6323931809263632 0.0547529688339171 0.0290984916012909 0.3432757680042659 0.1381758759834143
1 0.5900587109974424 0.0423559198038535 0.0276987094441359 0.2589119890256618 0.1348643183912136
1 0.7210242714862539 0.0579828513776604 0.028130400793506 0.3298961346783841 0.1147044292329614
1 0.7616867826086957 0.0544802632513584 0.0264683891045827 0.2919335135779003 0.1705153153087363
1 0.6700853854957886 0.0757850875618079 0.0451501802710698 0.3982375336408599 0.1464739841904504
1 0.6299114949246583 0.0565106096733205 0.0314544241648774 0.3398279592586272 0.1492101581083325
1 0.8425572208013641 0.079075359959154 0.0444051645812273 0.4305709763773791 0.197894371048984
1 0.6621696713593997 0.0465788203705189 0.0225210562841262 0.2445505767388705 0.1964742343353264
1 0.790507388280798 0.0797008221018835 0.0454304315092704 0.3662705461149895 0.1372429587493525
1 0.7406922118939061 0.0626057004329071 0.0322382847588006 0.4238489489377978 0.1693375849663158
1 0.6720201500426258 0.0623322190078378 0.0314544241648774 0.4283210127806334 0.1469442008308757
1 0.7152660977247809 0.051454950886362 0.0256783939391853 0.2718294270869784 0.2257696849960684
1 0.6386423427109975 0.0486490314027966 0.0248495465525389 0.2684412466118789 0.1001740609082856
1 0.7722756179388779 0.0469799659359433 0.0253322559710008 0.2366770546578217 0.1866863586608437
1 0.5867970728502778 0.0692604152635548 0.0392248684146873 0.3614176834774005 0.1275788512641319
1 0.8378219738032123 0.0455890780565215 0.0210938318317974 0.221456712679836 0.0862867584969018
1 0.7148195434388406 0.0659475277902558 0.0373747626131715 0.3443853960510546 0.1667341277641984
1 0.7299106649006378 0.0551538379065759 0.0297492433455498 0.3611970988331113 0.2199334787528988
1 0.7807409423017357 0.0558731193736015 0.0297141684214304 0.2716259377322726 0.148424822633379
1 0.7416612001205798 0.0601725035318921 0.0335169495000374 0.3528026267984121 0.1489949816918457
1 0.6012841496890707 0.056914014234869 0.0316038557845679 0.3152476159853564 0.1575872062708504
1 0.6327907738215447 0.0516360563613551 0.0260014808326998 0.299717830359598 0.1448412484250281
1 0.6534660604093436 0.0591320521906549 0.0291417919485971 0.2819693890496656 0.172605295992403
1 0.7574662479927434 0.054223471908804 0.0284390278874787 0.247008318584165 0.1795256498869361
1 0.6623098191469122 0.0564224935247121 0.0305813405391933 0.2653629751961396 0.1491454497468167
1 0.6407359406169479 0.0782821317172973 0.048785893301606 0.3697759242159504 0.1443883613139825
1 0.6062196127996726 0.0657051566799182 0.0331584689258296 0.435830179197946 0.1230103352682712
1 0.5615531421860119 0.0631195140578911 0.032043094184391 0.3550107015655446 0.0901280136644038
1 0.5731785036051423 0.04995127572467 0.0250510025138515 0.2167509064717729 0.313864681379276
1 0.5227575959079284 0.0655798110027052 0.0306450028888555 0.3164184115424861 0.101193928971048
1 0.76816784698904 0.0540568734994207 0.0253799102083014 0.2068666126372127 0.1807264066508335
1 0.6258057090508712 0.0645891314192242 0.0339072159182471 0.3263346949624125 0.1229679266756842
1 0.7686954888223428 0.0565999614079961 0.0309918977242115 0.2938715074133329 0.1731374138477129
1 0.7521674832347554 0.0538644235649386 0.0268736993165473 0.2569953533667237 0.1547173099500767
1 0.7185796849685387 0.0646746091952285 0.0333045299663933 0.3602927016790275 0.1248450845944237
1 0.5860426992198057 0.0593404978869172 0.0321608281934741 0.4276833225393102 0.0658033774864372
1 0.7219031332235022 0.0633265434576338 0.0331092410246349 0.3166389961867752 0.1777789088845422
1 0.7629347228428441 0.0643529429157552 0.0353396462897824 0.3364364700135326 0.1492479269205911
1 0.7773954901960785 0.064749870826239 0.0312115977820708 0.3211334087856665 0.1254624413808527
1 0.8946525115089514 0.0557504325649065 0.0322314685898584 0.2607649002229817 0.0704741527561301
1 0.6350210659518091 0.0640065331029694 0.0320048306325723 0.3292564391239175 0.048349598538023
1 0.6926460535678364 0.0711438084075565 0.0408405675630172 0.3692398727713402 0.136526531975111
1 0.7439203394043853 0.0565587221280735 0.0297333389232913 0.3024345046993214 0.1472094898901187
1 0.6267331536015821 0.0658219770961686 0.0348647858294341 0.3755865718717764 0.1423443184864929
1 0.5245304722932651 0.0541338534385726 0.0288642760816074 0.2692353514107303 0.2177252056780478
1 0.8702661631558055 0.0615449239577845 0.0313955571635736 0.3110942998529937 0.1524801422952354
1 0.8457771887164673 0.0631661685314771 0.0337567780454524 0.314764026544879 0.1134984854155591
1 0.9039260187553282 0.0692604152635548 0.0418150164979573 0.3888804744376791 0.074512400714513
1 0.6705672303863052 0.0598007626747512 0.0296612447221154 0.3377217999013793 0.1493778077430304
1 0.7505887657251356 0.0604951972628701 0.0347509762767441 0.4136661697046367 0.1176509903680735
1 0.6914826020762079 0.0595373216494305 0.0325140301753956 0.2928509452343278 0.1133961936899032
1 0.6961928024222883 0.0548266730641443 0.029312570940679 0.3336749196866442 0.2188520309271748
1 0.6110414039859504 0.0568473969720618 0.0295477873842371 0.3184772017543777 0.1937117711184104
1 0.7891571208946905 0.0602922501295661 0.0309363945482234 0.3087200067090127 0.087218645002272
1 0.62114203880015 0.0761886115192719 0.0425824677914823 0.3881942110557736 0.1628524649656716
1 0.686822599770353 0.0573285216927971 0.0331195193797663 0.3077998535230888 0.1476268490256608
1 0.4763900596760443 0.0634869183837906 0.0314544241648774 0.324028582531479 0.0654030613076743
1 0.6096761675226462 0.0673667082869922 0.0360130847914326 0.3860746374817373 0.1427458685372531
1 0.5768741386184348 0.0676108447017358 0.0338595616615204 0.3790487007092529 0.1061347607795162
1 0.6171543559506496 0.0673634091376702 0.0360796885715365 0.3211924939546989 0.1343970512254967
1 0.7429352054560955 0.068914005450769 0.0314544241648774 0.3141022725458361 0.2462686665819594
1 0.7594115128772856 0.0545642413615482 0.0318076261791757 0.284924937127476 0.2007711196234363
1 0.7140236828644502 0.0617548693198613 0.0301593501232424 0.2432945946482503 0.2746931226877224
1 0.790189179880648 0.0580983213152557 0.030979563685103 0.3044847811151384 0.152935839938634
1 0.7923711815856778 0.0629095686958142 0.0327494982065124 0.3352784005152076 0.2028934640381516
1 0.75182515771526 0.0588681208799792 0.0332351509721255 0.2884593050829254 0.0938197696044115
1 0.7922540048211153 0.0508518425111166 0.0273699598782265 0.1982444185442922 0.1189968797366134
1 0.7906210345666018 0.0564624971608325 0.0309148099830213 0.2703162162537753 0.1488638544766266
1 0.6356761841432225 0.0552885528145254 0.0318429463773679 0.2161626806874931 0.1241235926526608
1 0.6981865061081808 0.0556587358667382 0.0278167897236408 0.2401415314646622 0.1625211501158576
1 0.5535783699914749 0.0599073503183368 0.0305478723357329 0.2935878985755075 0.2015690580324246
1 0.6026446975762114 0.0657963171356963 0.0321019611856949 0.2855423631378406 0.0945445297897808
1 0.7307217858494527 0.0538015828041753 0.0252301397389632 0.2264806409761413 0.2084898046706821
1 0.7514700140267486 0.0644491678829963 0.0327494982065124 0.4100566024070505 0.1509898626894608
1 0.7431714611452073 0.0473852770793665 0.0246193111644814 0.2626325170500193 0.236758867773939
1 0.644472378516624 0.0510418250839722 0.0263460765554865 0.2924114470069479 0.2801120714308842
1 0.7085487405612958 0.0589730935610177 0.0302182171245462 0.3364815895923446 0.0602284630746796
1 0.6724030493383257 0.0530502124724318 0.0282665496028452 0.2289905274483509 0.162726253435164
1 0.7136650943407469 0.0520905376064247 0.0273439717698912 0.1964251483394429 0.1714982145477994
1 0.6584921065932275 0.0549916301260997 0.0295118131024249 0.2329901395013899 0.1590570432719059
1 0.6976609355399966 0.0712963325903912 0.0413890053239077 0.3512649839413889 0.1629860495760756
1 0.6431035766625336 0.0512606896904387 0.0244838785893656 0.2597216644990582 0.1530256172700733
1 0.6304257425404944 0.0554761914631177 0.0280818355169447 0.3141849917957164 0.2744701104334439
1 0.7490282859312669 0.0646550444886171 0.0364389533130765 0.319165460126064 0.1119745761382041
1 0.6062021142369991 0.0629095686958142 0.0321019611856949 0.4173358963965219 0.0594273496635846
1 0.9544984539244468 0.05713607181605 0.0308068871440599 0.3008671925649789 0.048563973745813
1 0.8850283254950522 0.053094624000215 0.0255340856906818 0.3547528753252758 0.1003939805293185
1 0.6241119498653572 0.0714661871365448 0.0446542172915039 0.3985861997790328 0.0723729727782389
1 0.7469380297609276 0.0414716632038273 0.0189296949484785 0.128114569643017 0.1079880790647401
1 0.7252320119352088 0.0450117283685451 0.0217413688526149 0.135097815804743 0.0492657083721062
1 0.7293362627707962 0.0651170822018729 0.0343492955292072 0.426133331882068 0.1465467128157716
1 0.620532348247734 0.04905317618438 0.0263666332851755 0.2171080435243613 0.0377271925894481
1 0.6450740333022609 0.0591058531010439 0.0347301996629089 0.3228997080313822 0.0829579056158282
1 0.727333678337964 0.053022455289218 0.0281762679969888 0.3734533343349924 0.1239445231062175
1 0.6172399744245524 0.0664217792784258 0.0360951061689873 0.4609840872279986 0.1947289628639411
1 0.6251818305778687 0.047292259636052 0.0263388817004191 0.2709228241082896 0.1496902643142661
1 0.5922302221837751 0.0543381464317342 0.0297608657997507 0.3792595894001234 0.1391487078746359
1 0.6216238973281772 0.0522913548967297 0.026809049887352 0.1833339279207179 0.1126525384301869
1 0.6718822966299063 0.0778213316108326 0.0414599155489686 0.5091560426908188 0.10269437347178
1 0.6358833695691185 0.0776986030020202 0.0404701319013163 0.527543389288592 0.0957709956805413
1 0.7477605631241604 0.0543263033153197 0.0310659019523869 0.2908085317795275 0.1310763775455068
1 0.4796533211779273 0.0671984520757148 0.0375597731997984 0.393512752430979 0.0736303462841634
1 0.7720579758153111 0.0438570289925922 0.0197987577901624 0.1413844787956501 0.0679964470096498
1 0.7355990577020834 0.050942684269867 0.0282559837283258 0.3154859400043961 0.0941673432650679
1 0.5338624260372624 0.0756112618312955 0.0469953126644973 0.3849099504434219 0.0810794944051023
1 0.5956562894334254 0.0757162345123339 0.0486435886880538 0.4117410671018071 0.1073564874263863
1 0.7538623028730981 0.0429400618377041 0.0216905816369465 0.1732654508749708 0.0872224485093249
1 0.4969145132139813 0.0473211271204508 0.0275692020399724 0.2505738886377217 0.1306811238512405
1 0.6340916903295891 0.0629095686958142 0.035505905823129 0.4483041950291945 0.126831990492484
1 0.7490167447787486 0.0455224607937142 0.024206990587222 0.2141265145213207 0.116281758939354
1 0.6196813321252447 0.0486957692456775 0.0243931871314272 0.2258053818353106 0.0944611642487831
1 0.7372300297885352 0.0817494005919072 0.0487334383349144 0.4525481749667221 0.0883123937939785
1 0.6317278002354306 0.0807249305209731 0.0484445621626112 0.4626187771692617 0.062461295536388
1 0.5751767774936061 0.0770546360512366 0.0465096598988842 0.4100566024070505 0.0886708720339753
1 0.6484973921422951 0.0517037361207932 0.0281578720594861 0.2989420900283247 0.1386077125290989
1 0.7806711951627351 0.0485868552869941 0.024705095988349 0.2835343282003429 0.1909487085648607
1 0.7249715731212003 0.0790432849508287 0.0446210102332486 0.4772246333099006 0.1485201372808219
1 0.7839223575197135 0.0513337074518869 0.0265978965087461 0.3020914374632082 0.0723031009993891
1 0.6000577867242831 0.07097025859246 0.0362113307109965 0.4953719641145354 0.0599233593456675
1 0.6909923777536437 0.0837443617711079 0.0445740873048332 0.485309540860547 0.0793545935439374
1 0.8025993145780052 0.0875046654036098 0.0489379237269498 0.5204371694473993 0.1013477108810471
1 0.6451001845926957 0.0566980823916125 0.0293108533357806 0.37092184007268 0.1030564174517277
1 0.7235022731780801 0.072479577174147 0.0398331607420675 0.4896475606736166 0.0781290042995875
1 0.9086139130434784 0.0582907711920028 0.0366347203314174 0.4272622063821648 0.0701333734085929
1 0.660934801860965 0.0437891054761159 0.0202748879540519 0.1834447844212343 0.1221860040721499
1 0.7222433825683751 0.0536719736881914 0.0242390116490468 0.2668341297759679 0.1600409550973026
1 0.6853042244268849 0.0561738223168443 0.0291280874621378 0.323293300317673 0.1303666529672001
1 0.7993555350237953 0.0558988939379869 0.0269216650191549 0.2968021323135051 0.2071280181885946
1 0.7862666014160203 0.0634565315459529 0.0324086892413712 0.3713962372207073 0.1228488184533179
1 0.6119867987736879 0.047609801964439 0.0251409382119068 0.2998414738664626 0.1041166311804185
1 0.595945569945971 0.0575851215861949 0.0262741279983374 0.3096905791968252 0.189932657296512
1 0.704473342334254 0.0440769717418661 0.0211246669295686 0.2648803798425196 0.1535022899069679
1 0.7446736149424994 0.0508545072108665 0.0261014514572943 0.3816894142926882 0.1690952724370649
1 0.5213242292779867 0.059902539090182 0.0316432891314409 0.3527321622399629 0.0920218675992641
1 0.6193601812957954 0.0635410449170384 0.0321626677813965 0.366856474157034 0.1839120236341491
1 0.6299875671411015 0.0859431358772047 0.0445331660732952 0.5237090043049109 0.086295508990622
1 0.7738482334807297 0.0859695944855004 0.0446717974683431 0.5230997561181158 0.1641578577800793
1 0.7202872496788405 0.0660473387341439 0.0328339595683153 0.4491144742869397 0.1618802153547118
1 0.7601184688832054 0.078267070395987 0.0407789572646493 0.4802025263055934 0.1518855567235203
1 0.7266546154053403 0.0474803960178103 0.0236169933240275 0.2394609853064315 0.207520438289271
1 0.6886591415104383 0.0533420595642806 0.0271529282427255 0.3333876747752957 0.1034580090893723
1 0.7817004775515226 0.0357048513983652 0.0183741763443639 0.1822147005365945 0.085924941807483
1 0.6923701078132106 0.0711728861049767 0.0393058105422895 0.4105942775312728 0.1782785340319689
1 0.7623748572083615 0.0589206072204985 0.0309540546505571 0.3481826034965433 0.1779744801833349
1 0.6299376631256062 0.059931659800154 0.0275692020399724 0.3612957814423597 0.2254337264052702
1 0.6953557320181961 0.0501501405915352 0.0253028224671112 0.287201972484744 0.1695788283740679
1 0.6395716081421313 0.0372684502037869 0.0186560454020081 0.1842298063155719 0.1561931899534278
1 0.7225025018168527 0.0376024073920926 0.0234141728209017 0.2227802206779217 0.1781512985442132
1 0.7254350706503803 0.0834903869712714 0.035872912064014 0.5190513787511333 0.1190073176612843
1 0.6172305569051936 0.048645635200992 0.0241410648690341 0.3517833238049163 0.1901189585529976
1 0.6570296903199865 0.0649246323251257 0.0330161310936282 0.4470110218344249 0.1082398916737333
1 0.7187541943734015 0.0560535411510942 0.0263955411897407 0.3400761170082683 0.144470873205925
1 0.6479917361581721 0.0517723069617397 0.0238928628281418 0.276531722954778 0.2654853461675148
1 0.8172250036206106 0.0418363050846748 0.0194749892797537 0.212192156693236 0.1049921265733706
1 0.6661629254047536 0.0352545186417435 0.0177266393235464 0.2105708593955809 0.1090039791893588
1 0.6429133164783631 0.0711541222401175 0.0341999811331436 0.45513528482185 0.1343804007569158
1 0.6989663589725625 0.0698727558644557 0.0359479386171625 0.4263999208702659 0.1839753265378438
1 0.7728846626187893 0.0486682763731508 0.0257129292448038 0.2862093414861796 0.1653251641878868
1 0.7452026559843956 0.0478654853729421 0.0216858656766268 0.2164273822871102 0.1547132647791477
1 0.6243386331129889 0.056485793740357 0.0297776440926449 0.4059397959707445 0.1457860804611467
1 0.7290574149539027 0.0392382314887809 0.0146184616236225 0.1198774738267573 0.0613925321958761
1 0.7121010469740905 0.035742058352597 0.0171096804383841 0.1314673598451246 0.0832816354906688
1 0.7880620140604673 0.0540247984910954 0.0269576393009671 0.4021890826332993 0.1694630767434818
1 0.7816486888320545 0.0564143847060794 0.0259503594879287 0.3305799471220033 0.164388623528841
1 0.7008767401958467 0.0358107905050463 0.0175477957629491 0.1653546791907192 0.1042045167877336
1 0.7623399670010982 0.0860537605230136 0.0447711637725375 0.506010932268265 0.1236191669989443
1 0.7202565047293162 0.0565356281405545 0.0286052612732804 0.3224403729337762 0.1508140924969353
1 0.5618375873827792 0.0453004032125333 0.0262741279983374 0.235353546659736 0.1680777889445287
1 0.6085612181104176 0.0522093544978961 0.0295118131024249 0.3344401787610281 0.2307268202046958
1 0.7869843648763853 0.0356916548588121 0.0198912630770005 0.2241037286760074 0.0655909017260499
1 0.6034051355349226 0.0803840192711456 0.0410811412292821 0.4979375334799421 0.0763735989796746
1 0.6459267284750624 0.0788508350740815 0.0435058076006748 0.4995036846330687 0.0951098348092247
1 0.6004914066496164 0.0604352128819531 0.0308068871440599 0.3584397904817076 0.1650195525878338
1 0.6507553744196966 0.0610950411297747 0.0321019611856949 0.3643955764730933 0.2080952471574683
1 0.7327340480053469 0.0373053651345465 0.0183347610443477 0.212997770254411 0.0771713421666683
1 0.7661507086048356 0.045502475603325 0.0234573419577813 0.2898820761808675 0.0719234250109569
1 0.6624852569935004 0.0589643458472203 0.027812028422779 0.3288538721298916 0.1288680950161875
1 0.6922718533674339 0.0505542853731187 0.0269216650191549 0.3213815665353076 0.1805311528433081
1 0.7262414124699608 0.0602295257047649 0.0317262298302549 0.4173930850447684 0.1189504570195272
1 0.6881282703146122 0.0500795756425015 0.0253148138943819 0.3185629846605721 0.133636218218946
1 0.6488038062777289 0.0484240130569458 0.0232107797849681 0.317003809321051 0.1130156219544791
1 0.8959139812446717 0.0542493233761679 0.0230364428942499 0.3915274904338505 0.0463865751252172
1 0.703467921770612 0.0517199818749883 0.0291109568508259 0.3734395478154042 0.1137348871134262
1 0.7669738943865781 0.0422051673917414 0.0221910473364158 0.2057584372728027 0.139975980240865
1 0.6285505848252344 0.0435106191798064 0.0180504078339552 0.241375508051026 0.1385462039940574
1 0.7368878220971322 0.0670953539336433 0.03303279565312 0.4058379206631523 0.1089383541277051
1 0.6566716472967093 0.0698377649515313 0.0385341622375641 0.3872922648399762 0.3204896958897052
1 0.6467924709270588 0.0492841160595706 0.0250114308077433 0.2674486156133146 0.231126077866296
1 0.8195098277919864 0.0637178582589812 0.0314544241648774 0.3862334584415076 0.1221137465732062
1 0.7403769093745268 0.0647057677186592 0.0350038863650536 0.3204992278919756 0.2094612945384545
1 0.700638718721855 0.0629095686958142 0.0344762636169436 0.4026057425390151 0.3113337184849813
1 0.752908591385862 0.0505421306610777 0.0251494584327976 0.3010761675294596 0.1628909437573959
1 0.7046249952712567 0.0421335971036959 0.0208522135393845 0.2406870863584527 0.1435914643019035
1 0.5227885902602476 0.0597662204202692 0.0364908232300698 0.4163800295384268 0.0660154559036288
1 0.7479627484931491 0.0544802632513584 0.0267921576149914 0.3540722140880247 0.191832622523037
1 0.6363507537888355 0.0622507107996132 0.037206076499593 0.446873480765651 0.1307883945043351
1 0.8401327747048866 0.0607284698617399 0.0348360063703124 0.4157918037541471 0.1966042588273553
1 0.6890784027735516 0.0629095686958142 0.0301593501232424 0.3035142085611503 0.2404565151892229
1 0.5384808434818728 0.0794489391554364 0.0407484849494941 0.5009504605264491 0.153149297941622
1 0.6780973657289002 0.0837663261739625 0.0467524862816907 0.4823532268024827 0.1352016598896483
1 0.5505046851071782 0.051895513096479 0.0257262120551552 0.288701099803164 0.0785050767940771
1 0.6234407006808389 0.0444853213034922 0.0235506634715095 0.2625243873068559 0.1557007490520573
1 0.6722019833362114 0.0698377649515313 0.0379297943730524 0.4550558743419648 0.1543297959518803
1 0.7292522366126377 0.058579446035991 0.0291880445920161 0.374101301814447 0.2268644804229706
1 0.5162125512008894 0.064064268071767 0.0290801217530548 0.3971156352852456 0.0945160652603361
1 0.7666466857748951 0.0506741964577189 0.0260748858365916 0.3356347295661632 0.1290651320769776
1 0.6467145112791406 0.0675021230582334 0.0359871833105999 0.4331879126764011 0.1950139879980408
1 0.7832340494458653 0.0814897313920982 0.044817233570928 0.5369328918418561 0.0742031356651511
1 0.63971045872963 0.0808074090230833 0.0440391653899171 0.5576277441936078 0.0514702171248427
1 0.6540010228583666 0.0775980240098423 0.0441956673174045 0.5282867396733296 0.1225800613928844
1 0.7306728102756829 0.0644491678829963 0.0327494982065124 0.3152051958996327 0.304335730693107
1 0.7356245254804843 0.0937565377226302 0.0443589119183822 0.5468506076283135 0.1213273168713076
1 0.6898549831808765 0.0532870738769622 0.0271375106906023 0.3377783600818528 0.1071543936304384
1 0.7676748897093403 0.062384705348357 0.0322785622090325 0.3880382420572131 0.120045222741512
1 0.7344661580528286 0.044867390946551 0.0245512169937443 0.234124574918867 0.1499790217274985
1 0.5773872232273624 0.0716223003559798 0.0399607059147968 0.510552971103941 0.0753396241474805
1 0.6632409709185201 0.060549227320985 0.02884523087816 0.2507685221357106 0.1390092902405672
1 0.7858779929128592 0.080350340500857 0.0451741147934481 0.4954366548031674 0.1196955731223621
1 0.6431605798205763 0.0516131229347843 0.0285099633729587 0.2424705236430602 0.1673195850467498
1 0.5821972905184791 0.0557504325649065 0.0278282168482994 0.3577780364826647 0.0499112207376749
1 0.6518548894428645 0.0879521114117915 0.0464691888350831 0.506486567955077 0.0921542436986431
1 0.6943661047828952 0.0867323418969902 0.0489910005234425 0.5421470400016782 0.1060191439389852
1 0.7428598402082047 0.0539758419510985 0.0277396065160676 0.2943889691954791 0.1164578852075986
1 0.6845325660699063 0.0409702805527101 0.0230364428942499 0.2333682846626074 0.0787774530633128
1 0.9375936231884058 0.0669510165116492 0.0405199424563223 0.4623351683314363 0.0822039375753832
1 0.7216340405907316 0.0629620550363334 0.032631764190954 0.3909860553557564 0.1994643512477695
1 0.6683014114497801 0.0524565006365632 0.0281144963712475 0.3094699945525361 0.0702739139524194
1 0.5948781096188508 0.0824775991671287 0.0469490600016521 0.52158578532662 0.1568568561949679
1 0.6702918579526274 0.055492845807687 0.0287148444619168 0.3121933667691854 0.1014039800436003
1 0.7811256902983803 0.0528781178672238 0.0272454335295636 0.3458664644998933 0.188994964597725
1 0.5960501843812174 0.0599924334180944 0.0333459138631326 0.4170050193970005 0.1472429127132638
1 0.6052645353793692 0.0504965504043211 0.0267597807639505 0.3377599780116183 0.1992117081148396
1 0.7820801060266668 0.0562700472840853 0.0350656883343797 0.4213318724422134 0.1044882165075852
1 0.7246495767660904 0.0587718959127382 0.0302672729622038 0.41645355775319 0.1733931988026764
1 0.7394158161755227 0.054194856437544 0.0293163302298041 0.2467407098330547 0.1617155024822953
1 0.7505542393666566 0.0785335395049511 0.0438572486704219 0.5186962474087404 0.1188307458192793
1 0.5917122591645354 0.0545379982201561 0.0284865461549556 0.322870513033154 0.1800267119219028
1 0.5660267197211934 0.0555295335513445 0.0296807358066046 0.3475640073727576 0.1838120235949564
1 0.7437470677399899 0.0640828922757367 0.0352143165354624 0.4440622192136529 0.1803053853780926
1 0.7662723955669225 0.0515069123582798 0.0298355816128336 0.3198926200374611 0.0781713410254391
1 0.7752957128612992 0.05640678799662 0.0279440918951523 0.3222697100847191 0.2003613907548815
1 0.6405274967215686 0.0578096464712674 0.0315488566449215 0.2993782460671325 0.1608436485928039
1 0.6739358275295483 0.0522767119230034 0.0307259450164577 0.3284402758804899 0.1512136063874034
1 0.593132833373081 0.0616586443526203 0.0346921092689649 0.4458464644998933 0.2140846278610472
1 0.7711875818811799 0.0656038672589491 0.0396565597834836 0.5068932709115969 0.1158188868237754
1 0.6362305784084296 0.0583158733749416 0.0316515006520078 0.3394215560104935 0.1723221293640253
1 0.7501390764482455 0.0508421470200714 0.0248057694042982 0.2917983666027443 0.1743334910330808
1 0.7996402382422643 0.0475209789088726 0.0233602114046587 0.2330119556116518 0.120343624798418
1 0.6393796209036113 0.0617548693198613 0.0366347203314174 0.3979795919245183 0.1835610001785418
1 0.6626226925528934 0.0550158048544996 0.0293443466313005 0.3555417643776331 0.1523568884162736
1 0.8040312531969309 0.0575559624824687 0.0325728971831748 0.3664409979306963 0.1706027174605361
1 0.7438332224408117 0.0616971343510637 0.0337531805887795 0.4001302924214076 0.2203966369939073
1 0.624079483861988 0.0689207977966431 0.0413960219703116 0.4689332449455959 0.1494237487932846
1 0.7988887754020664 0.0453966281797744 0.0264899736697848 0.249250380639636 0.0839542416985847
1 0.8503561722080136 0.0603114950999203 0.0328304403341146 0.3729983784606505 0.1057190804509165
1 0.7491970959476759 0.0702226647627605 0.0407357881083436 0.4659748153261721 0.2181540937711287
1 0.5851377472881706 0.0756497518297389 0.0401745894001376 0.5055256460243587 0.1021897318984491
1 0.7184773043575379 0.05191368148287 0.0285699410750882 0.3482126831936928 0.1196484560129066
1 0.687660221675376 0.0540809296979298 0.0305370800498941 0.3523185659905611 0.1135980927110273
1 0.6453247229326513 0.0604352128819531 0.0332120246407029 0.4070314412496617 0.1639251434526204
1 0.623986465674803 0.0669510165116492 0.0392248684146873 0.4491000883505792 0.0874307392620862
1 0.7946464927751202 0.0605393962682331 0.0300571074337 0.2977673975342453 0.1893000040107999
1 0.7053541225965013 0.0506375311152293 0.0248134049536358 0.2714114447982463 0.2211120216685426
1 0.6169700651776435 0.0577134215040264 0.0310227328155073 0.3385871705104218 0.1182376829280162
1 0.6623561141315873 0.0654289128097968 0.0351041782586656 0.445971796736788 0.1649425758399224
1 0.7752561057118499 0.0606001699439085 0.0327494982065124 0.4041008164156648 0.3309792589500803
1 0.6297211376414117 0.0533255638754056 0.0248927156894185 0.3081023695991224 0.1466969673786269
1 0.6253932338130606 0.047952603341675 0.0230566784261505 0.2578738624396632 0.2088061753918027
1 0.5838081854617426 0.054980633000183 0.0295118131024249 0.3950568450733539 0.1098771676281589
1 0.5992761478915055 0.0576492715451107 0.03123857849343 0.3709395882487589 0.1780565710959109
1 0.610354448207659 0.0577259725666283 0.0302156576891438 0.3535341793005039 0.2001761667328506
1 0.6564565122931014 0.0577904014431783 0.030979563685103 0.3835599722853745 0.1557240858739503
1 0.4956275711176566 0.0610725469508465 0.0310423551492752 0.4108386753270421 0.1104530719370506
1 0.8424208456947997 0.054711203126549 0.0243315169358849 0.2812792741933103 0.1002616959083086
1 0.7278420994637476 0.0541956164029383 0.0277047330471908 0.3270757288772765 0.1294089671342286
1 0.6596441091219096 0.0533255638754056 0.0277634631462176 0.3212492157354989 0.2343990022012021
1 0.6575868971853913 0.0638866220183693 0.034791730378977 0.4267022607212095 0.1155457575189143
1 0.6404687948751987 0.0803785207081872 0.0404459382346223 0.4795029577639588 0.1145053027985539
1 0.625221448091826 0.0747105963180523 0.0422812431529459 0.4663586326456169 0.1679995562216061
1 0.6314932306881365 0.078159563900373 0.0388676066346601 0.4335602789384711 0.161608624189636
1 0.6922926058401501 0.0752849337417666 0.0385491775850176 0.4298804504394397 0.211567298054545
1 0.728231742235717 0.062066950208875 0.0293893060979614 0.3425755797300111 0.1456697742748883
1 0.5965431274779063 0.0823649104961853 0.0458960056412032 0.4924372804785609 0.1592984307964184
1 0.6701420395335584 0.0606723386549056 0.0321019611856949 0.3582743519819469 0.1923011201111481
1 0.5608005681614457 0.0591567957239674 0.0324257296961036 0.3461973414994147 0.1369978711420048
1 0.7533964956951134 0.0700985035184324 0.0365093905770974 0.3789968582392138 0.1248239753219249
1 0.8418753452685422 0.0877356052788004 0.0463477756436798 0.5031748436914849 0.1926204548080872
1 0.8723040409207161 0.0689717404195666 0.0363109518210086 0.4332179923735505 0.1855972499049918
1 0.7607818077660428 0.05762459844846 0.0324008244509775 0.331664205571906 0.2714256256648032
1 0.6199403957326786 0.0710386523025222 0.038732740278866 0.3919510129932379 0.1407058150482241
1 0.5968547369593997 0.0674321412323845 0.0408437109667311 0.3761968561006324 0.1187785807264375
1 0.7990663472463224 0.07770415445021 0.0460240071332711 0.4839248925502095 0.1965746921496542
1 0.7337628039862234 0.061496057368869 0.033129088876121 0.2931315164889468 0.1504379930444347
1 0.645927650916283 0.0754669244093014 0.0397354264254266 0.4064678595813586 0.1601151648800731
1 0.6876436231884058 0.0666623416676609 0.0353396462897824 0.4163432653979577 0.228871245687265
1 0.7542872798896777 0.0496749374001396 0.025925454216901 0.2282778692802643 0.1289190043895443
1 0.795364143316897 0.0475520669956413 0.0248495465525389 0.1837367347343931 0.0812672757969325
1 0.6296756794543904 0.0475520669956413 0.0248495465525389 0.1837367347343931 0.0585647005933451
1 0.7395671538132789 0.053969960605297 0.0299713555047131 0.2932463481457355 0.137907653930901
1 0.7266383802216538 0.0623734582877604 0.0342295828347743 0.3364128359326847 0.1760371570945155
1 0.8008379891641944 0.0698377649515313 0.0375356413728899 0.3933113490572292 0.1881722876141521
1 0.6669249791357272 0.068816300101193 0.0382286576383349 0.3891349952167225 0.1060401127998531
1 0.7034546121057118 0.0748414622665719 0.046779467012476 0.4663056923256934 0.1300099229733826
1 0.6178792327365729 0.0663159318548751 0.0333322815252481 0.3396459769088904 0.1313357636946774
1 0.4165777167592538 0.0555964726288679 0.0271375106906023 0.2521179812800966 0.0964649537191736
1 0.6493916233540529 0.048640783558359 0.0237302325584865 0.2933988259948987 0.220795310522681
1 0.7371144677052345 0.0642217270933247 0.0285699410750882 0.4015139598799677 0.1640810234241266
1 0.7688359851846276 0.0572515417536452 0.0323609759940219 0.2967643177709132 0.0966097687047858
1 0.6532425885227212 0.0663383188777012 0.0337406262705273 0.3982395666814957 0.1970638030339665
1 0.7766007593530707 0.06932639807679 0.033101018275776 0.3844372690249877 0.1754069010275751
1 0.8031789087809037 0.0618270380308584 0.0323447875685014 0.3418959405056361 0.153563274357833
1 0.7097272636842011 0.0625044110119381 0.0349988373246412 0.4145379540334379 0.1741873209283032
1 0.6187656709292412 0.0727630033898568 0.0387931770458911 0.4777319780645586 0.1219484493763184
1 0.6226097442455243 0.0751782495653132 0.0430291484119901 0.4147715996502309 0.1766432052508466
1 0.5887702013510929 0.0620335898469393 0.0339999145337382 0.4223789182809617 0.1187912946865935
1 0.8098271952259164 0.0673585574950372 0.0322543228262248 0.4023880413554259 0.1727614075345016
1 0.6310394305200341 0.0654499073229104 0.0322314685898584 0.3493075852949162 0.0814681354653567
1 0.7947934631364638 0.0574110002526423 0.0311460732001165 0.289964007612612 0.1297403896883236
1 0.6766072811285389 0.0691612743917147 0.0361376211833947 0.4521682205038959 0.1357254712918414
1 0.7624592024842695 0.0687655440776886 0.0344145934214013 0.4165165819467261 0.1912681835456676
1 0.7776227822221857 0.0565827783843175 0.0327764789372977 0.3345339272662844 0.1264534642440574
1 0.5756597728445217 0.062620893851826 0.0304831186336511 0.3861231660862753 0.1129209757634992
1 0.6518919943818585 0.0608128777510374 0.0288642760816074 0.3596588110306406 0.1870641724384244
1 0.6646851843880376 0.0602487396714409 0.0312855014606976 0.4099559007201756 0.1537339371571374
1 0.6733403445357339 0.0524787843137952 0.0262597382882026 0.2635295613892442 0.2334588945884561
1 0.7699326859710964 0.0586115210443164 0.0313824756077283 0.3863069866562707 0.1183262584559925
1 0.6976725857926002 0.0610994994240653 0.030754384143072 0.3745186241359158 0.1541523734632526
1 0.5962557922198807 0.0683531514516676 0.033882687992943 0.4187303066371518 0.1297645671274371
1 0.7044974807281158 0.0556077932438147 0.0286357336013864 0.3350448402646805 0.1699613874642856
1 0.5761419172147724 0.0584557282539582 0.030498536179299 0.3473160208850515 0.1797766526057308
1 0.6760419119402559 0.0582701515520415 0.0297083868418124 0.3556627870739598 0.1562054663888978
1 0.5858759964715431 0.062304726193046 0.0344454284867956 0.3736601324596933 0.1463093851549429
1 0.7480270902684262 0.0583573884548101 0.0283910759515081 0.2947077899635935 0.179520288947872
1 0.6528479975163854 0.0581175662856099 0.0316486852711226 0.3877157873993636 0.1512996093417732
1 0.8185779314122966 0.0536719736881914 0.0269216650191549 0.3171904578967613 0.1781648268662756
1 0.8022583768115943 0.0652189674477199 0.0288642760816074 0.3690278544663933 0.1350942608346529
1 0.7086352389273862 0.0547868558542381 0.0291545512964962 0.3314447911733889 0.1943632752724419
1 0.6647581756180733 0.057548464442071 0.0309918977242115 0.3228941471140019 0.1920664816077412
1 0.6656772254627247 0.0564959666995942 0.0274706637996448 0.2970549140692144 0.199489208450379
1 0.782139459746046 0.059931659800154 0.0318633949165714 0.3888804744376791 0.1931720753150967
1 0.4510470190576832 0.0582907711920028 0.03123857849343 0.3835864424453362 0.1397006198092432
1 0.954725745950554 0.0511701250595386 0.0308068871440599 0.2927055599321755 0.0315399891651498
1 0.8388998886460016 0.0593929842274364 0.0304536851297615 0.3458664644998933 0.1232445454459342
1 0.5801109046736641 0.0575851215861949 0.027353356368525 0.3112346719053755 0.1762464459325002
1 0.494937074168798 0.0485912964339989 0.0297708279107519 0.2816763265927361 0.0837433608047927
1 0.6590849073614459 0.0409916638531037 0.0238278770293657 0.1857710155634221 0.1145456114131876
1 0.5917659254964706 0.059411508838585 0.0311877912712862 0.4364099822435013 0.2030421957927919
1 0.7357023492987963 0.0444723622278658 0.0207019015283604 0.1965799866651207 0.1527879473958203
1 0.5585482236309497 0.0545117550787639 0.0268627980178511 0.2869101991246046 0.1039309572406823
1 0.6312967834381313 0.0477541393864331 0.0212557160870018 0.2173207501858181 0.0795516655479314
1 0.7811524443667861 0.0451502922936594 0.0221039895842727 0.2465768944835029 0.0988654101990813
1 0.7531597496011184 0.0545228048012372 0.0272965548743348 0.3136494935112739 0.1866822648121792
1 0.7079834466520717 0.0556926975961089 0.0285405075711986 0.4687872698221041 0.1817767377132227
1 0.6272266100141722 0.0418844175394278 0.0210938318317974 0.2126884721925181 0.1452773550685535
1 0.7295687185039387 0.0518533221710657 0.0243638937869258 0.2319455135646653 0.1976066061632806
1 0.7939167659449072 0.05713607181605 0.0311306556544686 0.4001302924214076 0.1490808641017445
1 0.5905473882807979 0.0561738223168443 0.0314544241648774 0.3813805958039185 0.0795819780426435
1 0.7822623768115942 0.049226381090773 0.0217413688526149 0.246007786044326 0.0794777973397697
1 0.7272084728981278 0.0531703419684189 0.0259025903646098 0.2912012447932799 0.1539779912250056
1 0.625417745329214 0.0563662722513264 0.0249790539567024 0.2982201765688075 0.1715415555553839
1 0.6385273834056676 0.0620550911576091 0.0304183649315694 0.3249020978102156 0.1502280949042958
1 0.744099465924856 0.0403929308647337 0.0214316772336815 0.1890595386656325 0.0852914899386056
1 0.7773905899657494 0.0539285735238543 0.0276771248789338 0.2451328002158527 0.1322215129695757
1 0.5937237919863598 0.0558659025025018 0.0288966529326483 0.3213153911354032 0.1032859953870842
1 0.6152831220199557 0.0546139652570153 0.0302615928127847 0.3199884001936698 0.1936994726438081
1 0.7303688350726548 0.0543603521667583 0.028515602300171 0.3102081047720569 0.1591396573104352
1 0.7080746248663189 0.0441044645566579 0.0222655654888232 0.2535045134717186 0.0578238913841195
1 0.6393583120204603 0.0465661313790766 0.0239828431544485 0.280709147645606 0.1397171473058543
1 0.6467120565272224 0.0617548693198613 0.0351979975664785 0.3970903599883045 0.1249393668522548
1 0.592368193970087 0.0588681208799792 0.0313136552501237 0.3374362940133649 0.103191233570512
1 0.8348671801913182 0.0627812687779828 0.0343323664508424 0.4054978526285135 0.0894327029979861
1 0.759393242431509 0.0632134369587213 0.034589866605324 0.3523795170411691 0.1850404272045518
1 0.7354969176567705 0.0701001966541274 0.0359283163028207 0.3930615565105089 0.1179547179736689
1 0.7130690571184994 0.0620550911576091 0.0315580300882082 0.3648190990324807 0.2001370107967736
1 0.7349018568802865 0.0538294327097491 0.0291651518660492 0.2366770546578217 0.1602898840295764
1 0.6620778199976266 0.0572218168472248 0.0306145494170276 0.3963170169270682 0.236411816089368
1 0.6836153807457118 0.0545558807607166 0.0295519260134998 0.2764232882091965 0.2071255923508917
1 0.6839598637193931 0.0639958414527726 0.0348408029360404 0.3684592361884036 0.1790311135432016
1 0.7351228598319796 0.0607576289654662 0.0336325032584467 0.3825787715651095 0.2764762721449229
1 0.7469605971135619 0.0545132546868435 0.0295303141610876 0.2683372566693827 0.1814739970135807
1 0.7162297509572856 0.0521131295306551 0.0281519853587081 0.2602354970237475 0.0838798578386103
1 0.6969823455562421 0.0638159456408457 0.0347060348116124 0.4665760864655612 0.2144810171774982
1 0.5885017616823325 0.0611775196318849 0.0372822573522349 0.4191741019641244 0.1595797197546112
1 0.6856537641895175 0.0644841587381858 0.0301004831219386 0.3387074894313706 0.2482153901591961
1 0.6420998678792293 0.0526158462059613 0.0289590375946379 0.2650194942314263 0.1864264194891579
1 0.7185906822571322 0.0555039486463316 0.0316038557845679 0.3631738768130951 0.1638027107708901
1 0.6053071526001704 0.0616105318978672 0.035177762034578 0.336767347013054 0.1203242317674456
1 0.7930530571184997 0.0616393993822661 0.0348216166731284 0.3310431749213333 0.1694716437055297
1 0.7379304386983392 0.0407171957374176 0.0222203688423023 0.1503136252310631 0.1642067687471356
1 0.604370377810169 0.0417208351470795 0.0259503594879287 0.222846396077826 0.1899518179264319
1 0.7248933914546086 0.0581055835660409 0.0316743423973852 0.2335680594597657 0.1552272763055185
1 0.6738836411402694 0.0590960220482921 0.0326642959976039 0.2456455628166763 0.196337952135137
1 0.7675266925175379 0.0464927558340268 0.0263867431301403 0.2573928320019002 0.110186902462386
1 0.7625501657713488 0.048790744481784 0.0274514680373647 0.2751791055232562 0.0797828063452303
1 0.7251041602728048 0.0535831506326251 0.0262616753628236 0.3164438635939203 0.2444407861186867
1 0.6731649263271612 0.0459354878693074 0.0240077484254762 0.1467777738878494 0.1214900600202363
1 0.6401638241338925 0.0590187338621418 0.0376764103523973 0.3611155784167756 0.2563469914445701
1 0.663157662093422 0.0493097760200429 0.0253208096080173 0.2970804891407171 0.2481727529984491
1 0.6325451791651356 0.0623597118226295 0.0325953227500334 0.4173201403646818 0.1774233269698103
1 0.5977639045183291 0.0691449453259596 0.0387715925001151 0.3711454672633305 0.10426609840326
1 0.6679379887012994 0.0653857573639947 0.0357209736536809 0.4295856981936736 0.1828898185290283
1 0.7420468345554169 0.0553109018477421 0.0261487982504928 0.3296214711664161 0.1901157394342974
1 0.6588602637399078 0.0611250332913657 0.0290997440868227 0.3797482692508876 0.1884269441016636
1 0.7220387413564672 0.063189495826005 0.0319973087389325 0.4010794749023583 0.1929651864427901
1 0.7462888864356829 0.0538644235649386 0.0274458616553631 0.3377363439307703 0.1644028732012837
1 0.6654955678202763 0.0506802525672709 0.03027708412585 0.2972576252673927 0.2379229958833521
1 0.6375380605596045 0.061910309638235 0.0299352026904689 0.4357971361663887 0.1540482648826406
1 0.7259959989196931 0.0496958861871581 0.0266773114267601 0.2288608658844436 0.1643475611120034
1 0.7821544130037307 0.0459739778677508 0.0226047515448798 0.1996188307114217 0.1289981514489877
1 0.7928533652319592 0.0521048816862176 0.0297893289694146 0.3210979576974822 0.1650069273591406
1 0.7231965452821824 0.0595279490700659 0.0319085410357786 0.3926017663908531 0.1763814922164829
1 0.6917586596584212 0.0612532376000888 0.0308811946721005 0.3299518232626656 0.2169104728753631
1 0.5662720214438739 0.0611775196318849 0.0321019611856949 0.3375945395118576 0.0796104968713995
1 0.7944849957374255 0.0525172743122386 0.0234411535322609 0.2461070491441824 0.1491645377434226
1 0.6979773186957203 0.0635091241188147 0.0350407830244998 0.3096227069934921 0.1938845485884231
1 0.6581247126016437 0.0543246298672491 0.0275410482570217 0.3544692664874505 0.1915452719730196
1 0.5842266699322489 0.0642680385634611 0.0391867780207433 0.4435335694213466 0.1739464509720498
1 0.6373747666435055 0.0504553111243985 0.0273841914598208 0.2040147679624169 0.1330650734682754
1 0.6090549609107316 0.0667132842905845 0.0335874872618039 0.3197466449139694 0.0950734313371784
1 0.6427434525551305 0.0699684856388694 0.0329205456933446 0.3689529389505466 0.1888864343283713
1 0.7268382401223256 0.049902652488648 0.0266082076098247 0.2835772887405576 0.1874178194451093
1 0.7312377741571493 0.063801836369171 0.0325140301753956 0.3331728195971303 0.1677994336184217
1 0.6412133358604877 0.0633425809617965 0.0357443569277933 0.3641474187234522 0.2004249196075927
1 0.7524908678884501 0.0676080006194379 0.0408548754115218 0.458341825206381 0.2536450755371224
1 0.6744343947356317 0.0746150506027191 0.0409516338251186 0.4553543124251548 0.1297820669650098
1 0.6873214369991475 0.0550355016587197 0.0296220321724158 0.350259384682056 0.2129175705912563
1 0.6384387979549463 0.0561273689341546 0.0318637866505675 0.3949503559507049 0.2106190066412441
1 0.8292985296429396 0.0556606225877836 0.0323897553883899 0.4183652915355554 0.1997808407885595
1 0.807037704608191 0.0480034494894656 0.0292763450972096 0.2213363937588872 0.1345713966679751
1 0.7103087027695413 0.0559942024203333 0.0292168240122856 0.2407137540519831 0.1341558904804608
1 0.7637019042778245 0.0591567957239674 0.0313862623718491 0.4336359422363366 0.1554229165963773
1 0.7032398982284329 0.0720659739035653 0.0403378226692174 0.4409936018623042 0.186053758396812
1 0.7147804310582779 0.0463829338774891 0.0225507901286368 0.1965582184658484 0.2269999957252398
1 0.7624084343960988 0.0691882465525578 0.0369584888418261 0.2950768450733539 0.1643128368301887
1 0.5230011228995219 0.0756937403334057 0.0426475641054018 0.4758538571501188 0.1001612023841984
1 0.7017255704981279 0.0697140471694985 0.0312231609413067 0.3468590954984575 0.1013485334836725
1 0.6543230448519965 0.0588062619600953 0.0297430763259955 0.4436642519393235 0.218005907309337
1 0.6732251664847331 0.0643410387734788 0.0347221496769272 0.3008569592673132 0.1746188358304202
1 0.566610716112532 0.0618029817746144 0.0326955368096955 0.3732465362102916 0.1287381824446215
1 0.6933648512970093 0.0513048399674881 0.0284613641589821 0.2842792256335796 0.2087937205351839
1 0.7501818965952055 0.048952767568095 0.0248101312525227 0.2614208998077751 0.1097023225042534
1 0.6797594373401534 0.0536719736881914 0.0282167390607899 0.3150949035444004 0.3629274177575662
1 0.7272992103480307 0.059557215676304 0.0302011267058573 0.335812073086542 0.1039328534365146
1 0.7450056277764366 0.0582495319120802 0.0288180234381883 0.4320362887943776 0.2205234402591451
1 0.7442874857387758 0.0412482637465016 0.0236839799150674 0.2916271459612415 0.0632872532651852
1 0.7462067095239694 0.0522411505308523 0.0302719652550453 0.3359689264531469 0.1980071141144347
1 0.6707231600466497 0.0612641220850814 0.0344546790064139 0.3411128649621606 0.1941864704544507
1 0.744305844010121 0.0641760131801154 0.0360394040631511 0.3433155095745031 0.1863128358703682
1 0.705420686740515 0.0650265175709727 0.0336560500356569 0.3355431021148247 0.1896817450978632
1 0.6455219671587793 0.0754368541322976 0.039285575010389 0.4926310936001171 0.1456796353492285
1 0.7538871755105337 0.0727985325658954 0.0396565597834836 0.4661529798847375 0.1688086574830118
1 0.6149510055409377 0.0657067283989738 0.0375278748138622 0.4366979056512251 0.1641136892509906
1 0.6656601109323512 0.0673929876282097 0.0363980344126718 0.3811128516579399 0.2622801616288521
1 0.7822540317460732 0.0597149004415896 0.0326847445044306 0.396755347026289 0.1258940240612865
1 0.666145253918445 0.0635049605615399 0.0350023874463578 0.3300739810656269 0.1831125248545987
1 0.7333450957628236 0.0719226388183645 0.0369944631495398 0.4091374996232493 0.1988856673251916
1 0.665584230732058 0.0526505088378531 0.0284906970291433 0.3600559973690758 0.1617257488262196
1 0.8251693947144075 0.0669510165116492 0.0398724054355048 0.4477765803524934 0.1894534891271515
1 0.6216128956755806 0.0695903293874656 0.0350224853118877 0.4308410800734166 0.160098860202283
1 0.7763682681624007 0.0572754320795889 0.032503880744885 0.3854347897900264 0.1884979838906403
1 0.6408702968264348 0.0475470465359596 0.0208122939958148 0.1710770930020644 0.1183258037471715
1 0.6595825112137766 0.0550576129393348 0.0282167390607899 0.2969849024152024 0.095243236654535
1 0.780374023441023 0.0655076422917081 0.0361916687026353 0.4225776846312009 0.1550212922513828
1 0.822407367315642 0.057453614144437 0.0313249167607139 0.2884923927828775 0.1408483055761417
1 0.5680739075418789 0.0555002477193617 0.0336128808793511 0.4020052620633039 0.1735460352658433
1 0.7508480191667178 0.045534092369203 0.0235066781142151 0.2558757986790724 0.1679382884560991
1 0.7990964948728799 0.0498342963640505 0.0288261856682372 0.2295534674799765 0.1352386172785515
1 0.6994489822921875 0.0528636841250244 0.0299827491193309 0.2433427222298649 0.134876730702725
1 0.6614475908086614 0.0565202321296301 0.0308716408461416 0.2675662607834057 0.177388257727665
1 0.6533390373620871 0.0675513072472123 0.0374366370418902 0.3980442334448283 0.2180746274956164
1 0.7392053659295754 0.0437309411323553 0.021614838629412 0.1872128448456597 0.1252130319316146
1 0.7694321025954374 0.0391465886573384 0.0204360164428978 0.1754280456058881 0.0875184072249853
1 0.6939054896779675 0.0672589363259916 0.0333970352273299 0.4309680287768048 0.1149765086446682
1 0.6726085480769036 0.0439639456100301 0.0247871911333212 0.2500224269939111 0.2466065966849286
1 0.6969518859034407 0.0531995966812534 0.029759054509196 0.3201904093370304 0.2659253828674291
1 0.7018089649667929 0.0370520006510652 0.0199023637134932 0.1379168878406656 0.1125430003656154
1 0.6957835123614664 0.0640230287918445 0.0372360046893897 0.3501678654936718 0.1741740641666787
1 0.7666478013232668 0.0582979880631025 0.0322152801643379 0.3164680430924144 0.1971310694679785
1 0.7444798144605627 0.0405005723447048 0.0184707581357629 0.1580965713217025 0.1011999045144345
1 0.707634848968675 0.0377210102022998 0.0158382406626862 0.1365367460088862 0.0857391031811297
1 0.7048126779659131 0.0624067157659817 0.0336842492368542 0.3807046105204246 0.1788341341674446
1 0.612278854246902 0.0601613841810464 0.0341481781714782 0.3578839171225116 0.1460311729234916
1 0.7674848668178551 0.063968043104526 0.0343143793617392 0.2898931054362433 0.1582086105918254
1 0.7230162022957612 0.0641636479086431 0.0332006510414545 0.3696082452818507 0.1202962946440175
1 0.7986974182165387 0.0521323745010093 0.0259503594879287 0.2982937047835706 0.1273474435697476
1 0.7453614833430042 0.0460347514856912 0.0243769581312371 0.2613360984151122 0.1345832555098004
1 0.5783772088564435 0.0484758264964036 0.0229187088916423 0.3260138445286075 0.1206919477256888
1 0.7208329235742336 0.0564731888687642 0.028912241784215 0.392458847909083 0.1710307734965232
1 0.6650233493757818 0.0566549470953146 0.0283246618997513 0.341859176365167 0.1540060616692133
1 0.7194522576313727 0.0517267493370909 0.0270910208543725 0.2486802540919316 0.1984303475411181
1 0.7109536424685012 0.0444557619809622 0.0220531459357529 0.3098621450753893 0.1115707001604738
1 0.6198473737269906 0.0525960037941499 0.0260680934905363 0.3633427860140547 0.2318485238788992
1 0.7728408082030213 0.0511027675766964 0.0259179826368878 0.3123486244483726 0.2581379451820802
1 0.6559757071263973 0.0546992062619126 0.0291586110881265 0.3289530635617899 0.2207364641231688
1 0.6435618499341313 0.0551565871880551 0.0300668448364043 0.4062121267998659 0.1289169130994807
1 0.6477026776643001 0.0490993641594182 0.0268698620574895 0.3158493031033093 0.2974775767235522
1 0.6431497996411526 0.0486277606278572 0.0256265909775199 0.2393066560681051 0.1628746895460245
1 0.706178716314844 0.0458321726437532 0.0253028224671112 0.2088659721121336 0.1086508597164536
1 0.6936894082311202 0.0806247320022395 0.0620227245745177 0.2349425354199806 0.146973254923078
1 0.6758285427215277 0.0631336715382648 0.0369755292965585 0.2954643194439237 0.1838181872056046
1 0.6915850492382609 0.0568696027070859 0.0319137880347336 0.253464113390077 0.1382980284168168
1 0.6970517059354407 0.0796830964849682 0.057417250582811 0.1922350492727975 0.1181257903814251
1 0.7295445021035157 0.052526586385356 0.0278668601870563 0.2401565998679219 0.1149412151144264
1 0.678578488922353 0.0643727151795795 0.0385950721598903 0.3109657399109687 0.1717889123628916
1 0.6883516985612004 0.0600709327106851 0.0363379325517939 0.2783675565975218 0.0888263167805311
1 0.7292058505293912 0.0639110936777138 0.0353264312247541 0.2345702459875499 0.1167669530546382
1 0.6264026768968457 0.0528059491562268 0.0285405075711986 0.2567870234138658 0.1478413870100098
1 0.7523689589076898 0.0737755858884505 0.0507311031891379 0.238102370993995 0.1083161222852258
1 0.6191031120379199 0.0637395088722803 0.0364829538421633 0.285595151055818 0.141495281103729
1 0.7229995983537868 0.0574077657664853 0.0327114078125683 0.2616290731234614 0.1967528708679845
1 0.7194266163838363 0.0631290570131486 0.0343549618666616 0.3019008413925429 0.1159458803921289
1 0.8085486786018755 0.0617067568651083 0.0350158777793736 0.2088833866980217 0.1155982689135991
1 0.633854602206827 0.0674758798591064 0.0399018389070176 0.3574621993648057 0.197890108233639
1 0.7661561668821004 0.0638543227096902 0.0400490064588424 0.3358198355933017 0.244828544591547
1 0.7008725736635907 0.0685909352877944 0.0424005552809778 0.2826126380907562 0.1283963910856848
1 0.7244756461371799 0.0496998078349136 0.0240638683027721 0.1634782389990861 0.1385656895893851
1 0.6150153554987212 0.0621590141014448 0.0370232425439078 0.2299933392674888 0.1759553403615208
1 0.5645999579013129 0.0662686941426343 0.0401667404744009 0.3397302001270845 0.1763356087234986
1 0.8147825865580904 0.0540761184697749 0.0310659019523869 0.1980306211137188 0.0983717409834076
1 0.7194548454853948 0.0595898079899498 0.0301773372641485 0.2448386872906252 0.219186095238587
1 0.7981006549332241 0.0551923278472844 0.0305910414726125 0.2456989674893809 0.0973697736148983
1 0.6574328467740154 0.0635740655086827 0.0378748147890239 0.3482824908951224 0.1444150767029063
1 0.6517792525357613 0.0715133341471496 0.0424625535187748 0.3243594595310004 0.1787930656818604
1 0.6458959431585063 0.0625888188435006 0.0374981030042561 0.2925585034364741 0.10979948786387
1 0.7274904551604706 0.0750484671866879 0.0533074382716946 0.2411425039385598 0.1459269863435158
1 0.7206268569697117 0.0495877592138343 0.0276891163062045 0.2004644052804598 0.122790309667759
1 0.846307536231884 0.068105715887602 0.0426783991707961 0.3723366244616076 0.1296759737126288
1 0.6489336375611799 0.073237966692457 0.05001544579176 0.2670445010413865 0.1270658638227723
1 0.6160846699817903 0.0799267061258565 0.0608789454209246 0.2777730996052361 0.1377872425250635
1 0.837905855403758 0.0826219365891228 0.0654963704206411 0.2648488677788392 0.1216574840892069
1 0.689469491667151 0.0600949889669291 0.0350968199069758 0.2789465913466842 0.1443867946830291
1 0.9999 0.053094624000215 0.0275692020399724 0.3319696305199933 0.0927282369273031
1 0.8387855970331936 0.0773793952507233 0.0538753935106832 0.27332168235482 0.0804127417907079
1 0.7141333551796488 0.0703028522258389 0.0438475632649404 0.2919702777183696 0.1692226969503056
1 0.6270128818561637 0.0711097384828543 0.0430089128800896 0.3413479254751788 0.1709215475571694
1 0.6506197891977493 0.0930116931744099 0.0774694010998752 0.2114489560634283 0.1218941819419061
1 0.7285300976933539 0.0536982168295836 0.0308951876492533 0.2895271354236265 0.1723835397770173
1 0.6881828596332685 0.0674657081123036 0.0391194554097925 0.3220330607665246 0.1296207983937315
1 0.7787450353396217 0.0597982953708596 0.0325336525544911 0.2609413679781183 0.1071261533252087
1 0.7275050096573435 0.0631405085710048 0.0368217865890706 0.2462504291993668 0.1749912787034162
1 0.8337715169466597 0.0592234129867747 0.0325502560512419 0.2148900768584511 0.080886538161142
1 0.6832109090901551 0.0693670994400083 0.052245993320791 0.2493079244512538 0.1073862058866328
1 0.6896389339185542 0.0620287403405001 0.036086804420612 0.3172498460829497 0.1550109171222685
1 0.5820518742878499 0.0692219252651114 0.0458297460270258 0.2681765450122618 0.1362634579444799
1 0.7051688379217187 0.0771722443188712 0.0477387810646286 0.3061367151744592 0.1602677918756615
1 0.6038793728764945 0.0748784718249454 0.0504322399238553 0.2743715805518304 0.1270772694250521
1 0.7333085215957443 0.0711207642453155 0.0472111583165186 0.2285399314078808 0.1088544388860324
1 0.626167134176791 0.0683836990813934 0.0483743266711261 0.2469587510258485 0.1297904071475812
1 0.7230910002232088 0.0722498036607961 0.0461990819766043 0.2959064885104437 0.1689865426017718
1 0.8052649356864382 0.0668460438306107 0.0434632925215138 0.2518973966358075 0.185732027630969
1 0.7348416832737665 0.0555483601741148 0.0289690247199942 0.2242497037994991 0.1724056983677366
1 0.6733797683970402 0.0640496515983914 0.0404543691018796 0.2583390273252993 0.1254701186646554
1 0.6590953558766105 0.076733886198923 0.0474989525839673 0.2697647546099646 0.1373994567747844
1 0.7364523540163547 0.0666829613076223 0.0441970276631778 0.2062127366210022 0.1568382600862408
1 0.7304100045353249 0.0542493233761679 0.0262741279983374 0.1693435852552109 0.0995076332592989
1 0.6518972453689617 0.0709239651933689 0.0438454291771809 0.3128011968833361 0.2215311740867516
1 0.6799947231295072 0.0497354985533949 0.025587346309984 0.2473653844320232 0.1046843256250859
1 0.7395400304410844 0.0652483242359793 0.0366566707356101 0.3390358172883124 0.0946769019285042
1 0.6861430933458823 0.0720547877533607 0.049985083622652 0.2309254670243762 0.179859524661811
1 0.750085157549613 0.0623399169844325 0.0356245625789421 0.2748029083672858 0.1235455602579369
1 0.5701800339561194 0.0705955364170003 0.0490593369183531 0.2627336183701342 0.1079487059314179
1 0.7454973909557033 0.0618288884943433 0.0371992398037272 0.1718251627516216 0.1617718490692782
1 0.6856003951553147 0.070216028532242 0.0461914736108708 0.2919449231432994 0.1203226803402994
1 0.7274797420775995 0.0520297346013851 0.0342460282029846 0.2507650620225758 0.0945028309850148
1 0.6845844480699472 0.0582382848514836 0.031313143359158 0.3311755257211418 0.2654604183119191
1 0.7977508206003615 0.0462879750381138 0.0254221056049106 0.094608919828088 0.0661581942919321
1 0.6677982042170708 0.0453004032125333 0.0243854783521279 0.0907051517243431 0.1214504127073328
1 0.6552251607269155 0.0564455163250146 0.032241626049828 0.3283624224415891 0.3421470388703859
1 0.7637031862038262 0.0452179247104231 0.03214821384854 0.25846766846454 0.0857878614074174
1 0.6307427224736845 0.077631985739213 0.0474347127672653 0.3165838500422469 0.149967430421574
1 0.7311203268243751 0.0557914547613465 0.0349562361878101 0.1812551572379823 0.1884678278418262
1 0.6226858961050299 0.0803806723172694 0.0598615917190443 0.2545156406930823 0.1079140512166032
1 0.7369644839995363 0.0556139681141976 0.027216000025674 0.300205438565936 0.1415888902417446
1 0.7394053103828133 0.0482192266607408 0.0262501451437959 0.1846190733777251 0.070874143011262
1 0.6787907573212209 0.0507491408928108 0.0253432935309122 0.173065951499827 0.0978654310797073
1 0.8068377094234135 0.0791715849263951 0.053794451383081 0.2611619526224075 0.0611575783987271
1 0.7082936361959558 0.0515646473270775 0.0248603388383777 0.1581047965268582 0.1317874270270093
1 0.7259629863248969 0.0599178475748936 0.0349766330859362 0.3034139427716346 0.158688458077511
1 0.6320529888590349 0.0597295632761452 0.0339931804077365 0.3045225955915548 0.1311637297419403
1 0.6487261875675772 0.0685170775402852 0.0395891079888972 0.3572320894334543 0.1752333202471629
1 0.6455224150146293 0.0562088132297687 0.0265880853386245 0.2869904117165119 0.2463271572251602
1 0.7207083454598876 0.0696838050154926 0.0390521918542181 0.3472561478978833 0.1716068401922964
1 0.647070233198104 0.0665913560616445 0.03466026320402 0.4422438830083979 0.2302070426663986
1 0.6885023199568969 0.0745802802373754 0.04198615127278 0.4924260680496781 0.168470520723252
1 0.6600239257947009 0.0855781406583482 0.0647969006069856 0.0851934374745755 0.2386841877764096
1 0.697277663122005 0.0682003633622906 0.0370805654996609 0.4254722160785817 0.2189746806145056
1 0.744132128853879 0.0518288958336717 0.0263239385403927 0.2731880589358958 0.2193425239525451
1 0.6767103779815994 0.0605156797245455 0.0298118912313383 0.2683766852299782 0.1658940300922843
1 0.7362396737646649 0.0633522034758411 0.0335481271772694 0.3567633470395241 0.1534772057332372
1 0.711674095791468 0.0462755332100728 0.0252135949220172 0.0762564218576583 0.1070023137802633
1 0.6393244178969753 0.0547192591754202 0.0266506030111935 0.2933108852412643 0.2025030182604342
1 0.7350826204475363 0.0549964817687326 0.0300069884697617 0.3102151629078599 0.2285432376016278
1 0.6838843462768832 0.0666993512837694 0.0374399907008747 0.4224432798131546 0.201979529715558
1 0.6840769613863938 0.0573603923770679 0.030860504860603 0.3716327205048235 0.2039203713358682
1 0.7289575065508338 0.0382843494031331 0.0198832191390146 0.1319185194353002 0.1052685266132184
1 0.6426353774651798 0.0570250430254595 0.0299850132325242 0.3531542425065095 0.1864346836526934
1 0.758327648261347 0.0676803003310791 0.038543250484405 0.4130170808168553 0.263198770674978
1 0.8741791986359762 0.0613940257648761 0.0322638454408992 0.3888804744376791 0.1336581688752438
1 0.6487570465266905 0.0692021506341534 0.0379119722763821 0.4487236778451194 0.1727988119664406
1 0.6117064650136333 0.0557686646329682 0.0350669991435709 0.3429756443674651 0.1064886328408761
1 0.6375851377918909 0.059704282518948 0.0323475786473223 0.3539216080100477 0.1024262402784925
1 0.745024313893538 0.0523174225238167 0.027594107311 0.3520258671012787 0.2087636342450144
1 0.6968001936904076 0.0424878854303239 0.0226294196230967 0.1912996375616898 0.1976956850139319
1 0.7328910953960647 0.0702049681865345 0.0383317139322425 0.4615719960982883 0.157238808538293
1 0.7110617862915056 0.0467437774324744 0.0236839799150674 0.2249309211748109 0.1136519971705141
1 0.7423057121472053 0.0620283507449307 0.0308068871440599 0.3568376492417645 0.1301292740094927
1 0.614460340454029 0.0565801054284671 0.031862132659706 0.3408420359837401 0.1545673497533702
1 0.7202825823771936 0.0581704900262527 0.0320479997694519 0.3569922036088013 0.1777867894394139
1 0.7461284874903461 0.0490939302596249 0.0257027718042602 0.2922176785537866 0.1576293886588947
1 0.8148560272804775 0.0556926975961089 0.0322098840440824 0.3734946939599326 0.1121547632283556
1 0.682251735507151 0.0711541222401175 0.0430064846162615 0.2129862614920874 0.1282651619794051
1 0.6176235294117647 0.0649302926037317 0.0342604179001686 0.4230710977436186 0.1955109370837618
1 0.7089802614009889 0.0558576546580643 0.0283554969910471 0.3588652037384457 0.2744705846900169
1 0.7532620762075771 0.0534541058759612 0.0256021556176329 0.3322568068074521 0.1492137223790079
1 0.6380435643491082 0.0478139865890642 0.0225468417328001 0.2225058349041071 0.2463835400329779
1 0.5861389009474781 0.0623059758664456 0.0336030697221802 0.4032285043380492 0.1093276196300395
1 0.6465786162129514 0.0624537663014536 0.0325109319050121 0.4079088043632011 0.1688523626792713
1 0.5909388742987075 0.057305052197041 0.0291643542105208 0.3738376762268323 0.1341227853402276
1 0.80862709428815 0.0586833689798268 0.0293823056982614 0.342557694504679 0.2308247095977175
1 0.6804007249137596 0.0625521617571116 0.0333662001619356 0.3717063825262452 0.1914493770895244
1 0.6723314534983802 0.053094624000215 0.0262741279983374 0.0863265460752844 0.1292495992304905
1 0.653967427669115 0.0526935179255093 0.0276987094441359 0.3173831791903945 0.2004518983162355
1 0.6602366916899575 0.0847113926494896 0.0621661799908633 0.0997570010494863 0.2185868962696206
1 0.6924767875130707 0.0595960835501182 0.032890267121266 0.4026190629190864 0.1998813764106063
1 0.6995644925529482 0.0756556733590787 0.0414464184815678 0.5083830658442455 0.1655220699082251
1 0.7239273025627009 0.0564647349682231 0.0291052200872452 0.3653651230436812 0.1271582368529365
1 0.6466517792756215 0.0563453537751666 0.0294414286450481 0.3067510487422109 0.2457893903250286
1 0.7529841028278671 0.0619648146819382 0.0346921092689649 0.4204040285498387 0.1317836494558628
1 0.6781249413209479 0.0504116460520269 0.0268454841924146 0.3033585017495241 0.155762899596603
1 0.7684411383385917 0.0508654127113877 0.0257884752327243 0.2556105718453063 0.142137926548707
1 0.6499600473447229 0.0540500002668553 0.0277233775223528 0.3553358490989422 0.1665379821703368
1 0.7271447939058687 0.0626016488814718 0.0333970352273299 0.4227622791886735 0.1009564382206408
1 0.6730591696140222 0.083735396742888 0.0569165048948093 0.1046571318487715 0.153808348230649
1 0.7323203699390962 0.0471479222140578 0.023128948181088 0.1929729298636806 0.1846967257874882
1 0.646162861426578 0.0638718181950199 0.0362839710902233 0.4304606840221468 0.1478085614154075
1 0.6734669682766785 0.0508901979293477 0.0246062296086361 0.2836816417212976 0.1675048838740672
1 0.7528337650923923 0.0525172743122386 0.0295118131024249 0.3152051958996327 0.2197487729379424
1 0.886265442455243 0.0581753012544075 0.0301593501232424 0.3879540188390191 0.1617392391387641
1 0.7354865269646514 0.0416919676626807 0.0166689955250363 0.0951352270774131 0.070103017857721
1 0.6856407474583461 0.0418651725690736 0.020672932768266 0.1093390413919997 0.1142093835616869
1 0.7206010744375653 0.0415107781255729 0.0164646310022612 0.1083530983440514 0.1161464260188892
1 0.6706366027665133 0.0429444439795708 0.0223471292908175 0.1514175232823248 0.1374721743485988
1 0.7008446167667449 0.0471149307785728 0.024770917058079 0.1678664557647008 0.1735531833549463
1 0.6619662738884637 0.0492327960808911 0.0249502745364329 0.2528238522344674 0.1396604827165518
1 0.6635594384313726 0.061063392378724 0.0345791667683457 0.3862026792042057 0.1691783882651121
1 0.7677926327033451 0.0582645280506107 0.0301740668719495 0.3725772623035052 0.186745489460984
1 0.6684191980838193 0.0792678098359012 0.0450527016020448 0.5287941770735476 0.2239110541939898
1 0.6539047322141245 0.0552579463528664 0.0304714161568252 0.3233748014769674 0.2075396912280201
1 0.6485016432271168 0.0726020452827802 0.045955328968321 0.3084472838568223 0.1803207835129101
1 0.5813610099990042 0.048604126414235 0.0214535746240184 0.2523385659905611 0.2136362304087047
1 0.7857921546022848 0.0458777529005097 0.0246876622973345 0.2444857518465274 0.1079614831343012
1 0.6494939996010503 0.0510639457753872 0.0274798865917279 0.2919905613387205 0.194208597615451
1 0.7373378408562797 0.0476242357066384 0.0257237215306425 0.2555701313304953 0.1839905826639919
1 0.8230385336743393 0.0594454705679557 0.0340445722481474 0.3544692664874505 0.1620853002761339
1 0.7671737395587382 0.0537830024787819 0.0285654128422263 0.340241555508029 0.162727506216098
1 0.5872530844771083 0.0768352431698055 0.0443533616195619 0.5673952332194804 0.1424796776622718
1 0.7419052341002695 0.0743059494731801 0.0478117724089207 0.1975760249026753 0.1567575165631636
1 0.7399177627567468 0.0549036530032961 0.0278282168482994 0.2819410281923532 0.1655103008838488
1 0.7014753101765729 0.0605226154840821 0.0334695207157013 0.3492147422014814 0.1922853901755977
1 0.5944078707954034 0.0629563808436 0.0355846603116601 0.4088404058933084 0.1757681125032582
1 0.6755961448114305 0.0773048208967814 0.0449555710489222 0.4679711065786765 0.1233126036277865
1 0.5778642120730844 0.059288011546398 0.0305714191388446 0.344031601120863 0.1168741367010716
1 0.6896200536033009 0.0658829195888928 0.0356828409108156 0.4087661821089169 0.203858089131463
1 0.7225112827372139 0.0560654525102418 0.0315172918376816 0.3462391026766815 0.1493691268801917
1 0.8394035464620632 0.0513625749362857 0.0262741279983374 0.3061612245573218 0.0838646348031013
1 0.6284792977385303 0.04737361346097 0.0205640288135876 0.2286156877483586 0.2400719735353272
1 0.5642383576697563 0.0611775196318849 0.0334689837780036 0.3552045487012564 0.1416395852925257
1 0.7217582624932993 0.0641412480109189 0.0382751474292371 0.4019390866633996 0.2097880757790641
1 0.6464881962442967 0.0618050736280039 0.0338193419715908 0.3649997866605184 0.2072101379756279
1 0.7420326313608183 0.0555089954331591 0.0301593501232424 0.3355992509490125 0.2428430698955695
1 0.7112080469567945 0.0480545172818015 0.0255915889790198 0.2367843661421653 0.2179292944306929
1 0.5688668458704859 0.0659579750483297 0.0364016070039231 0.4181829415152968 0.1584738756316084
1 0.4773276385336743 0.0923544027826117 0.0508805347894023 0.5814508881591508 0.0298495322480375
1 0.7314623397721262 0.0710175665104229 0.0407217112362944 0.4385887494480504 0.1835390008445085
1 0.8448415038363172 0.0607733748503014 0.0335912963335751 0.3757115698567262 0.1387155878848768
1 0.7499281014308882 0.0673593858186345 0.0374086060708108 0.3987906441109344 0.2543021674735762
1 0.7140801612510825 0.086151357734993 0.0633598682545971 0.2270048582078113 0.1355992039288654
1 0.7148651980060152 0.0727769997319326 0.0402256074174263 0.5166215560423567 0.1405717157442305
1 0.636018261460024 0.0794217697719399 0.0467650772505383 0.4316003715164126 0.1870129255788774
1 0.7446681670297426 0.0835609229373508 0.0561604520659543 0.2332155722216515 0.1246823344185253
1 0.7483356596760442 0.0772509349451485 0.0458038445461931 0.4659880504061529 0.1397103895329774
1 0.929070179028133 0.0721471637034369 0.0379297943730524 0.4649821843276077 0.0751947845674744
1 0.7343237158905234 0.0796971211749136 0.0524412650380646 0.3793783657063251 0.1457887213880038
1 0.625038925831202 0.0642807742047582 0.0357443569277933 0.3806085494496433 0.203719285910072
1 0.7427162874070317 0.0588833142988981 0.0359701428558674 0.3190828421245456 0.2987603944395821
1 0.7000918065404944 0.0769969010824389 0.0559077767745686 0.0662753999042858 0.1428211644978943
1 0.7291330305864893 0.0741678876113544 0.0439903361772661 0.3942882453986074 0.2444022083744527
1 0.6512725611918295 0.0744684665976191 0.0452062413066767 0.4120145755883452 0.1566622813843599
1 0.7316338794726683 0.0874714985115545 0.0497507893171391 0.5298763158592159 0.2269073346531996
1 0.7214920991978176 0.0545379982201561 0.0371203730970305 0.2368424931575824 0.1911831786126394
1 0.7215188505387212 0.0410068929522333 0.0181120028180725 0.1860028386435262 0.131835799408779
1 0.6726879996684876 0.0420095099910677 0.0195325481267681 0.2057143203174747 0.223878605564371
1 0.725191139770271 0.0396806163341279 0.018217758311773 0.1740768451882044 0.1635801435154381
1 0.7334338895947075 0.0395366369266753 0.0201770940251529 0.1458531771561728 0.1078956463053335
1 0.7077777586248458 0.0315002700218293 0.0129365204158438 0.0797208457903543 0.0672501421351865
1 0.6808031427602115 0.0503623775699936 0.0264382923155719 0.2895707722102528 0.229595377725425
1 0.6662923955669223 0.0509704128742713 0.0263107810349302 0.2070604417070403 0.1114708404690304
1 0.7154183403477443 0.0816604594105947 0.0460894884079494 0.4170793738116314 0.1574603614187283
1 0.641445114627601 0.0767215496794651 0.0482654814610061 0.3734183377394547 0.12821478850831
1 0.7004399754605559 0.0488163147798497 0.0248960363887687 0.2751775629746844 0.119752997327089
1 0.6413851057622098 0.0541793416080539 0.0289721989205688 0.3448838600670455 0.142118163835247
1 0.6813186477545302 0.0319058904514803 0.011067800294965 0.0965947623158245 0.0826240308409533
1 0.7061821142369991 0.0564228751528558 0.0321019611856949 0.2332904312237066 0.2884299265087577
1 0.6433215057193247 0.0509365693283817 0.026481591316001 0.2299053195666023 0.1790628528321701
1 0.6945394037223119 0.0781500710590683 0.043856259039593 0.3754306531003443 0.1166976767795295
1 0.7016938038263051 0.0755249911809647 0.0470027556492757 0.3405876452393574 0.0743965027951941
1 0.798965892251826 0.0559401331601745 0.0302981080534995 0.3750309086194751 0.1856147869855039
1 0.684180422633739 0.0744758074256969 0.0401098356980558 0.5154740144545779 0.1343430121675994
1 0.6029581917616779 0.0606341316732792 0.0324828653193966 0.4011034600437029 0.175017750448136
1 0.6907231383812583 0.0808618759617071 0.0439042397197319 0.4777053414072908 0.1339013728714232
1 0.6884956119381552 0.0885898471428628 0.0488982785966187 0.435419337301039 0.0873802960323466
1 0.7806399576263257 0.0454780492659311 0.0255269698998847 0.223772851676486 0.1429495997449037
1 0.7578341858482524 0.0606001699439085 0.0308068871440599 0.3849099504434219 0.3322840220841215
1 0.6866512509949599 0.0745390409574529 0.0451143717975871 0.2738613269912943 0.1127386660813282
1 0.6348139787159897 0.0780154493353584 0.0408002196607575 0.5245499211846023 0.131484211112571
1 0.648196855773954 0.0917770530946353 0.053756360989137 0.4183479907713552 0.1093280723585326
1 0.6212507286690809 0.0581624712741714 0.0272094592477514 0.35564571805601 0.344178532104929
1 0.7353654613275499 0.0398155811767573 0.0180411573078615 0.1897870569829955 0.0923453250832065
1 0.7422948817817424 0.047143481067053 0.0220501942029972 0.1080524388850374 0.055008494298324
1 0.7419093657204977 0.0473211271204508 0.0206081790661843 0.2230008053222109 0.14591792008333
1 0.7385837518288424 0.0435049864985155 0.0176824172849956 0.2263633764469505 0.1708941315793667
1 0.7057764855750382 0.0818624643092079 0.0448686301383592 0.4271479950535748 0.0973902056152812
1 0.6990166552028645 0.0354624084079914 0.015492513498463 0.1216928940130155 0.0993933800980601
1 0.7444240610439966 0.0487417112120136 0.0256351111984107 0.2722463321063753 0.1652653992995535
1 0.5808559169713213 0.0372344884744162 0.0158373548385171 0.1226607333244612 0.083594532589023
1 0.6381381137559898 0.0416387906964647 0.0184014410589851 0.1854433634896642 0.1467329654584032
1 0.64934350148845 0.0411627304294573 0.0207546457757408 0.1775603640987182 0.1388368866053424
1 0.6750820024771765 0.0942360243290959 0.0533230578359422 0.4895288002495111 0.1272410374255704
1 0.7165747090618378 0.0495417028167901 0.0245183064621169 0.1830368026251112 0.1341276023279556
1 0.6974944188073794 0.0385604731845194 0.0179747948130023 0.0742863225637344 0.0676844193390918
1 0.7427575043282387 0.0372037611734675 0.0157901952806482 0.1607013931549655 0.0663578890804251
1 0.7240929612231475 0.040976993917147 0.0192265157719162 0.1798662433275424 0.1692403971842777
1 0.6495782526873862 0.0985184597522112 0.0580986680356318 0.5205305935608452 0.1055345160058141
1 0.687840450652208 0.0387658544818429 0.0187391517537428 0.1474605837079846 0.0476215319909306
1 0.7230231732457084 0.039871907989666 0.0190406656664925 0.2058651428551847 0.1583153700648153
1 0.7339896917965149 0.048544558591118 0.0254338716245444 0.2773276574372614 0.216861000581191
1 0.6743149874198261 0.0536461222208276 0.027056971259798 0.341214432686494 0.2124459441490649
1 0.6535034888300904 0.0552885528145254 0.025335199318152 0.2005121986101295 0.2258415004347366
1 0.6637415881152054 0.0492696823173712 0.0260762694613208 0.3121353926189422 0.1941192309784497
1 0.6347741746408867 0.052118223775627 0.0263979218401716 0.300779607504119 0.2465946216425771
1 0.6809900012037238 0.0712811391714723 0.0405846961584041 0.4413244788618256 0.0955938257795335
1 0.6719746918556045 0.076236723974025 0.0427863220291836 0.5586203751921721 0.1137319096586021
1 0.7165572972337324 0.0867563032946805 0.0501510310431546 0.4667747837948581 0.132756062028638
1 0.6483363396874475 0.0726695277040949 0.0395640544577933 0.3365703964496128 0.1713685069721039
1 0.7916899202863359 0.0506202681863539 0.0228514323140983 0.2704737767707035 0.1424653121087105
1 0.7283955211016948 0.0406439524631813 0.0175323782173012 0.1772630543060966 0.1120502655452669
1 0.6086739130434783 0.0514537353920639 0.0251153775427589 0.3017727507002785 0.2815802744059589
1 0.7539986359761296 0.0718584888594487 0.0379297943730524 0.3119515720489468 0.2702592661092218
1 0.6812167002708679 0.0781612229724363 0.0478047339405192 0.3367122008685256 0.1697771536700482
1 0.686492958226769 0.0642086054937611 0.0333970352273299 0.1999497077109431 0.1840577697571278
1 0.7251426873314101 0.0546858560896076 0.0308542679005751 0.161850431762641 0.080799550919962
1 0.6143191245766821 0.051699362235027 0.0269756264353979 0.2914923442231467 0.1655866865358455
1 0.6879877270392907 0.0836351103515319 0.0520652332319223 0.3927682791820558 0.1690670272768379
1 0.6197645438512668 0.0908244261094742 0.0530821606601818 0.402545694517914 0.1374419741576387
1 0.7222277223421382 0.0657000921684552 0.043487820446818 0.2572465747726787 0.2490240762544557
1 0.7155471875484263 0.039833076604352 0.0170810645341631 0.1569457243388738 0.1199588073040208
1 0.654655342437156 0.04737361346097 0.0223234980942059 0.2016776209233133 0.159944697749934
1 0.6238456436487638 0.1011108730694992 0.0736522533764022 0.3669323001140324 0.3389880049773191
1 0.5706639593852617 0.0457540351184769 0.0211400844752165 0.1976335687142931 0.1615078347023384
1 0.813122927149722 0.0915846032178882 0.059514361712051 0.3875569664395933 0.2984894178788286
1 0.7411144003123069 0.0467308032880211 0.0233711249482799 0.2570204135274397 0.1653609601464619
1 0.6120091735646717 0.0473964336115321 0.0252042842267836 0.2818777299664859 0.2447009055002044
1 0.7371059502615789 0.0734330789018204 0.041753696684697 0.3628740436201245 0.1504713012002106
1 0.6759895106238092 0.0899187087864612 0.052054195639634 0.3690278544663933 0.1301526616172121
1 0.6955698976675464 0.0356571030203254 0.014408449619671 0.0853768396836926 0.0716938485448758
1 0.5953773401534527 0.1264180343732207 0.0903802930592696 0.3260138445286075 0.5581358762229669
1 0.767929286015127 0.0445065473915657 0.0193131050245493 0.1702534970038948 0.1150250691575811
1 0.0001 0.1264180343732207 0.0903802930592696 0.3260138445286075 0.0001
1 0.6487919247329447 0.0503851320181612 0.0251096973933399 0.2796968694355117 0.1613366966243563
1 0.6341419641943734 0.033406999640219 0.016043043069421 0.1033336238506858 0.2607562650639242
1 0.7267767491322762 0.0341276175563024 0.0135871989625178 0.1001351462107038 0.0671070463935333
1 0.6687027464778859 0.051577402713734 0.0255362369770246 0.2704111189903565 0.167716476408245
1 0.756701618408757 0.0473964336115321 0.0239936715340008 0.2465458208318468 0.0567792087085721
1 0.7592890682151067 0.0448385234621522 0.0194102355776719 0.2002144093105602 0.1464431196314461
1 0.522173131149924 0.0556514583161863 0.0285867602146177 0.3259193082713909 0.0940129181956969
1 0.561510855538469 0.0529021741234678 0.0254107453060725 0.2746176172475538 0.1680921285621835
1 0.7231906566050811 0.0505810406236841 0.0227995391051983 0.2358135464230586 0.2267204543105293
1 0.7178157252590759 0.0514450534383959 0.0252874049214633 0.2426958648427437 0.1334101621369205
1 0.7114533443154716 0.0367173616127779 0.017238727709216 0.1218396513959094 0.0758472072742085
1 0.7201605626598466 0.0405853807414809 0.0182751412683064 0.1641306505536968 0.1305360297032868
1 0.6536736173210298 0.0530243379688155 0.0273496025316616 0.2915623558771588 0.2259547180761681
1 0.7166944153118772 0.035664488304329 0.01519490407854 0.0944038721750653 0.0933945717564082
1 0.7284715900451355 0.0545379982201561 0.0256265909775199 0.2500408089979704 0.2687184032453659
1 0.6366796965463735 0.0585454843066204 0.0291118637652758 0.3346944999550655 0.2085989211170718
1 0.6196631473230351 0.0495343009051154 0.0222944733933883 0.2672004578636735 0.1835160535083813
1 0.7089945747866735 0.0437978136414597 0.0204545965658307 0.1503775459689172 0.1119286936673246
1 0.6034358690289378 0.0393432041698193 0.0193278217732564 0.1819319511186876 0.3181511777398583
1 0.6392102653867758 0.0551153479081325 0.0300575943038352 0.2106228543337413 0.1104944291672078
1 0.7067140262476385 0.0414404081475288 0.020760812795295 0.0846627074585731 0.0767952692888895
1 0.7457925105048115 0.0467659831674985 0.0225134322220953 0.1480783750065567 0.06221307907496
1 0.6976434560698381 0.0528152612293442 0.0294909248143551 0.1928518623666082 0.1844901713350576
1 0.6923138678102643 0.0393767954138952 0.0199541666751586 0.1210024556251301 0.155269043080246
1 0.702643937921746 0.0474230123662978 0.0253409128804813 0.1747446656846827 0.1171750939558044
1 0.7089353072563613 0.0344029278519783 0.0153874118358432 0.0821279532637105 0.0630219949585169
1 0.6025370332480818 0.0502078755603329 0.02406661542678 0.2801121807527528 0.1790295886268956
1 0.6581395360302268 0.0514820266237391 0.0315660684768018 0.2933368884676043 0.1385400194941447
1 0.7126471158117921 0.0352981504010382 0.0166500472384548 0.116621745201302 0.1049084781010202
1 0.7598010007271337 0.0541562024717892 0.0280078561477155 0.305883714841404 0.2167540205252342
1 0.5805528609365115 0.0502418372897036 0.0265407608919286 0.3213037130964067 0.1535859955532989
1 0.6552413091760341 0.0548067644303237 0.0268100207072304 0.3120941914179094 0.1373063563254934
1 0.4725962202939144 0.0461664277444979 0.0180719923991573 0.1572665747726787 0.0610018931126104
1 0.5869592768565252 0.0561463295020525 0.030344360703394 0.3172219699604417 0.1507615532498978
1 0.5889925058668032 0.041180225914787 0.0187980187550466 0.1535366886203191 0.1725713659498088
1 0.6516194443673862 0.0544631566110435 0.0307589214414523 0.229912458237867 0.1470525013183203
1 0.5868766253594409 0.0461664277444979 0.0231126237209903 0.2351589131617471 0.2023116890793666
1 0.676323143594012 0.0426719427788017 0.0249108921636742 0.2183917468208785 0.2290463828137023
1 0.683301402155867 0.036736382860128 0.0267058193477075 0.1667517154035679 0.1389551900480336
1 0.6288801581812653 0.0395438872263219 0.0169419768133013 0.1370246877392398 0.1192682877533063
1 0.6598877094287606 0.0467576894814957 0.0212030549445227 0.2207311751907183 0.2699631306972143
1 0.7314088245438092 0.0388864090226702 0.0191512207693449 0.1571528358040932 0.1160579504655272
1 0.6853932544604534 0.0714937291992649 0.0431653068631556 0.2810197024445183 0.1268897728171393
1 0.6741179957603955 0.060232765618009 0.0315132911661812 0.3258247719479989 0.1789938300390229
1 0.6426049930914374 0.067194477196318 0.0409412315961551 0.2885888653322954 0.1366756542376218
1 0.7347695888464312 0.045809691339723 0.0215097295913456 0.1690328836792615 0.145676308015195
1 0.7035762974312976 0.0484610226730542 0.023152667488062 0.1873509296776946 0.1484794983986124
1 0.7669826823984451 0.053094624000215 0.0295118131024249 0.2574120132724395 0.2101090535731632
1 0.6470711349103087 0.0680415659286863 0.0423546306603873 0.3898731054362434 0.2176485965684148
1 0.6688451008146223 0.0490081878842586 0.0250715592435405 0.2024892960849441 0.1544582642256472
1 0.6944759647502403 0.0574372977226401 0.030145273231767 0.2560549380674539 0.19242254787233
1 0.651009291776109 0.0663839156466589 0.038381920844659 0.3015876821284164 0.1428775290355907
1 0.6657264890607195 0.0486332855179613 0.025475218689378 0.2256678745159907 0.1315591752724794
1 0.5806683106467248 0.0724770778273478 0.0475503444243782 0.3470954362407624 0.1809363308546419
1 0.830813808725988 0.067656666117457 0.0393687655160349 0.3094699945525361 0.1401222278978355
1 0.7543228732469907 0.0498645865535504 0.0280767310538387 0.2099863100518182 0.1370799164431593
1 0.656039764150452 0.0617686157272572 0.0399649106964415 0.2577901584336569 0.1112847202528368
1 0.6444679790556863 0.0688014962778436 0.0333472246723238 0.3756453944568219 0.1502530548284259
1 0.8691929838022165 0.0701264397955195 0.0408437109667311 0.2886247435826861 0.0750715633319809
1 0.5976352875188269 0.0714048569535051 0.0413833251291611 0.361338903252024 0.1236926964432849
1 0.7436407982564502 0.0688838828658835 0.0388025616704264 0.3437661148795292 0.2309500700983132
1 0.6851851356833283 0.0543825579017824 0.0325004454962358 0.2549007416829345 0.1751035633549164
1 0.6997342473760956 0.0491337366153569 0.026537660504099 0.3011519007085476 0.1155744465281
1 0.6606380081710486 0.0568710588407339 0.0311571940591904 0.2529713908179573 0.0876032706603964
1 0.7483359242437512 0.0512293404106712 0.0268967597481272 0.1910414807752987 0.1650682104562179
1 0.5621741005952328 0.0727998198824946 0.0424062459658241 0.3262152479023574 0.1244122855455351
1 0.6880621693004604 0.0609529947468124 0.037767910117848 0.2420078507906338 0.122983085190835
1 0.7208816749473282 0.0396090495679155 0.020572643497179 0.1245877634843392 0.0887865861022143
1 0.695088284614711 0.0446917514142588 0.0224201124761432 0.1736031283232881 0.1120881027107762
1 0.7459100320256437 0.0454891521623106 0.0250662223988238 0.2181606687434265 0.1276947657287704
1 0.624892809723526 0.0555964726288679 0.0305602063748413 0.3159299740922117 0.0988214501154665
1 0.7016455423125934 0.0563644736338434 0.0316420283509599 0.3383088627853565 0.2622974079844632
1 0.649706554387642 0.0526327442498339 0.028330058039433 0.2240871848260313 0.159608719164213
1 0.7570443988756079 0.0561081077402741 0.0282483262339585 0.262049671391927 0.1864518241565884
1 0.6646785090993214 0.0560044664276162 0.0273619901933108 0.2846939248283714 0.2046192906067519
1 0.7330810151879694 0.0605379067637731 0.0336700165026441 0.284939682065381 0.2153226536918947
1 0.6837997904378107 0.0520792848878011 0.0249567250930224 0.2110626110422333 0.1476966520679706
1 0.6939651777891084 0.0589964207978107 0.0327494982065124 0.2849850965879504 0.1272474323512848
1 0.7434349122125694 0.0518720011077858 0.024817169701498 0.3266074767768841 0.1470790459518804
1 0.7481298570937289 0.0526838174692568 0.0275069388624033 0.2581967856855194 0.1370335175538885
1 0.7377183606791202 0.0449513080308787 0.0219823128582527 0.2033200362469365 0.1465123306834997
1 0.734422441103168 0.0525990655372802 0.0274342984961272 0.2397211230534189 0.1882209223574177
1 0.5483279283887468 0.0551415910495246 0.0245081179397964 0.3045970787173385 0.0845973598669787
1 0.6907641507398057 0.0591033374152485 0.0313824756077283 0.2761126911242035 0.1147406080975036
1 0.6661184545735038 0.0647526465503339 0.0385673692958194 0.3114756181908121 0.1293438982891674
1 0.7249402930357579 0.0480063333511571 0.0248652012909975 0.2578749986712796 0.1850568795764687
1 0.6870171912279079 0.0641131960329543 0.0362835137995792 0.3395517610729601 0.1769884435939462
1 0.7319173771351952 0.046595316059394 0.022610918564434 0.2402316190144449 0.1565516342084439
1 0.729167897882735 0.0449183335694745 0.0229697846692333 0.1593296902087081 0.1245358860457477
1 0.6622787714446513 0.0497995062533475 0.0267532001042228 0.2186482932950884 0.1057093243978326
1 0.6378969589275498 0.0451921501460377 0.0225103190648357 0.2180445436222712 0.2014431775999527
1 0.5852975450920375 0.0720188637856055 0.0414192994368748 0.3882922486533993 0.0966562441880263
1 0.7052617170062949 0.0931723148598233 0.0712239895483365 0.1933321677205145 0.1044167641077242
1 0.6635099364496914 0.067195541078588 0.0424930258339301 0.3150520841563138 0.146857246105401
1 0.7540105769804603 0.064530588969153 0.0402210791910398 0.3129314769887064 0.0941729122663166
1 0.6709450788935584 0.0472686407799316 0.0260313016155308 0.279954262226911 0.2130776666168182
1 0.5923536700212378 0.0673205203119541 0.0400019128396683 0.3335313699577344 0.13266613029551
1 0.660921838043335 0.0543257372816856 0.0275787246416961 0.2974708375089047 0.115183596124691
1 0.732971343418271 0.0571896403408243 0.0332835493783965 0.2560043647754097 0.1288311182711769
1 0.6842257220801363 0.077631985739213 0.0534383060216314 0.2778381533982875 0.1408729482645307
1 0.5982079549573129 0.0657741114006722 0.0403954161011841 0.3631484246954855 0.0989687402553324
1 0.6474822393055482 0.0577756846841618 0.0316766182374739 0.3534766354888861 0.1187159004122581
1 0.560328937766411 0.055519492689716 0.0324904833981854 0.2684412466118789 0.1161418963703404
1 0.7888707511724196 0.056613707815392 0.0326261578154277 0.2723802585424555 0.0776734270090154
1 0.8569304391546871 0.0503294228539487 0.0238543843911626 0.3258396987359028 0.0667866609090982
1 0.6861876754592191 0.0678707480168433 0.0426959680157375 0.2962887782369572 0.1721920093052086
1 0.6828619710144928 0.0536142387193938 0.0273101872316454 0.3348813481157818 0.1301989611068025
1 0.7292387671161126 0.0554606256536501 0.0288896696926793 0.3399106785085076 0.1543296942524643
1 0.7554843162060495 0.0481369473442729 0.027808509201529 0.2099911053198214 0.0855181348806917
1 0.6080436947645217 0.0625421643699147 0.0346332422611857 0.326595385935743 0.1612089358386749
1 0.7581731019900836 0.0819621083990361 0.0516899560654242 0.2578531826271932 0.0901735415288398
1 0.7524301007774663 0.0623914343589703 0.0338121230346216 0.3371788222747134 0.1770151697788507
1 0.657062933661463 0.0609187076808926 0.0326557169738762 0.3252379950079246 0.1668058526827207
1 0.6590109391401466 0.0475685626845164 0.0282629917042089 0.2089779229552384 0.1129557522365343
1 0.6065484922791611 0.0615624194431142 0.0317512119639269 0.412703618403222 0.1009314835986787
1 0.601685818017937 0.0548874467398197 0.0290346805577026 0.334477329895236 0.1948173357596639
1 0.7449402097288184 0.0543455483434089 0.0295118131024249 0.2841579040891467 0.2254346652723034
1 0.6413643063764569 0.0553376607356105 0.0278222624863782 0.3553744242615806 0.1289132495568879
1 0.655433770999925 0.0580579689021888 0.0308904403092896 0.2758486220290587 0.1395650937748748
1 0.693592063134554 0.1113290461195221 0.0894192658831748 0.1514525932002057 0.1251741447451878
1 0.7017227928099573 0.0496730674222353 0.0240520535883544 0.2816623949504958 0.1426472850712699
1 0.60446232899852 0.0610416726566672 0.0337017585083897 0.3643566497867306 0.1294120517822813
1 0.5738869717382439 0.0591719891428863 0.031249938792268 0.4017324336613508 0.1542466242274832
1 0.7401311625234986 0.0569261264539731 0.0262741279983374 0.3216823638376795 0.2581374157957358
1 0.696307833188174 0.0549221744967563 0.0297016923774532 0.2591319102615669 0.1371050379875925
1 0.7483591172853742 0.050146016640449 0.022573916453584 0.1775209739860299 0.1526649128221947
1 0.6379061244257118 0.0569711147540945 0.030344360703394 0.29506266461161 0.1922215384016881
1 0.6392056886381996 0.0704517717836317 0.0419589135993048 0.3533768471548806 0.1702566231047641
1 0.669093613898312 0.0535478124438633 0.0268868512013884 0.3243701329612509 0.1715027522454226
1 0.6342185142691901 0.0486345976605971 0.0237487336171492 0.2123741390429727 0.1114130153437415
1 0.7083952001928184 0.0616223628322033 0.0337898035990807 0.3712409334172665 0.1520564217079074
1 0.7280375888150041 0.0935091021585646 0.0771057841325109 0.2022658467075931 0.0552614439540604
1 0.7552509265761774 0.058335182719786 0.0308816029571428 0.3114298044982305 0.1782325804609323
1 0.7499342050351577 0.0763810613960191 0.0528950944025285 0.3237712337467206 0.1056597734654814
1 0.6159909622820665 0.0568955094268148 0.028342649034182 0.3863253687265053 0.142899708451693
1 0.6807080669454185 0.0551801524661244 0.0264062784090312 0.373403533971619 0.1199155211706815
1 0.7381804644547111 0.0514450534383959 0.0237764852019055 0.2089779229552384 0.1575104692703688
1 0.7566671296898073 0.0504644753959958 0.0252428653372328 0.2801812527160863 0.1098856933227303
1 0.7202982120554066 0.0526422231192761 0.0253511461281839 0.3251347981775961 0.2251000941247314
1 0.6725312632130128 0.0983504198738619 0.080309743371682 0.162664005827372 0.1171709148252804
1 0.6100197198726001 0.0511802539669945 0.0255243482879776 0.3167144593702314 0.1491954372456307
1 0.6629032216021006 0.0472532036039744 0.0229602620675096 0.2800803316577607 0.1137962552368369
1 0.6983639241213162 0.0815258886091273 0.0532260577615293 0.2058687295618596 0.1150631146408012
1 0.5995782656655824 0.0489890262254643 0.0301233758414301 0.264581014972854 0.0925867137575867
1 0.7216683503855412 0.0549246163395267 0.0289163103046444 0.3537129762311909 0.1971884248084023
1 0.6865899863875874 0.0548844080329419 0.0311468440799891 0.3807078125494998 0.2153246345946525
1 0.6485120611942575 0.0648340676364906 0.0346489401126591 0.2856909675423212 0.2008927403707588
1 0.7735332664441125 0.050257362684693 0.0248680476112016 0.3441459041023819 0.1989728575180327
1 0.7185196859221552 0.0553057504451511 0.029525590488602 0.2820283234049616 0.2008885498054387
1 0.5859381033315737 0.0525997528143488 0.0272916861729827 0.3509950579924754 0.1947168422355537
1 0.569100779364283 0.0514038142162083 0.0197987577901624 0.2955731605726361 0.1047273584681084
1 0.7011276654824212 0.0569101524005411 0.029258429049393 0.4567390312784685 0.2123311270415671
1 0.6148960272804774 0.1216548994474152 0.0998775027195108 0.1186642581839038 0.0654269250245316
1 0.6076152118167024 0.0535974769300475 0.0277363083704319 0.4235478452433243 0.2455676061295272
1 0.647317826568075 0.0607243311882366 0.0306049669958339 0.3945018256415183 0.1807042065371114
1 0.5816240393945371 0.0683366557627926 0.0453117164103718 0.2317800750649045 0.1428648864949995
1 0.6500936213065984 0.0810625170448874 0.0443976350855029 0.5479938371608591 0.1911264666232321
1 0.7325984676929037 0.068669153526557 0.0384759099366788 0.3131853844541434 0.1930917698277579
1 0.700983735194953 0.0815772085878069 0.0454124444201673 0.5169911467758039 0.1904417648284936
1 0.6738989871582609 0.1103965805318749 0.0905716107859867 0.0796307988060917 0.1093236634460996
1 0.708928557234087 0.0733873963386991 0.0462758270930061 0.3143596213305945 0.1336607917236243
1 0.6823224754569275 0.0644611959822508 0.0407830043710294 0.2416815692755833 0.1607626950910958
1 0.5829331116794544 0.0839106635959566 0.0502734688323859 0.4969118147814256 0.1529278086233216
1 0.7408730027361774 0.07400472356659 0.0388588692233771 0.4645937635164685 0.1344969175606205
1 0.6192643477809106 0.0681177439868565 0.0394946755282792 0.3638441148292827 0.1611727189007333
1 0.6663344863798124 0.0846122380944618 0.059627592237137 0.3305050929507524 0.1696249656684213
1 0.7369933993406308 0.0613995772130658 0.0415327567941792 0.1835500861586828 0.1314539962288561
1 0.6111254181430997 0.08118867770892 0.0455902795195592 0.51949573074557 0.179218952875591
1 0.6150784104384929 0.0832652691480693 0.0492894437962134 0.4748517725324505 0.1390320976761158
1 0.681260947446943 0.0721811254328076 0.0469000866472603 0.2730929879814479 0.1511420128732145
1 0.7624870453715259 0.0816241475793191 0.0461898398102136 0.4849155059931815 0.2138185727343441
1 0.7308496282383496 0.0823726681707377 0.048333555862438 0.4446148667868053 0.2199428175317459
1 0.7047518055733468 0.0504965504043211 0.031292539909673 0.0530403199234286 0.0492138047336423
1 0.6019481409904177 0.0646941041002627 0.0377826268859812 0.3166590493843837 0.0997123694513793
1 0.5525555566922421 0.0900450040307061 0.0476428496853148 0.5544513249982023 0.144952014356732
1 0.66022937489274 0.0806741744974687 0.0419644480982218 0.4120215027630317 0.1456603641403581
1 0.7059847685477919 0.0738285680568817 0.0425647961824157 0.44703355833009 0.2233617267788373
1 0.7592222896894255 0.0603527343798429 0.0369584888418261 0.2804000867563464 0.1305984726336534
1 0.6518248705544076 0.086169911213626 0.0580583180612536 0.2493961908540311 0.1004681201062736
1 0.7369122168761943 0.0753437095565818 0.0539286968803795 0.0810196018065614 0.127160203126821
1 0.7310920475367775 0.0559272459068493 0.0315960728881812 0.2257167540486744 0.1675139765173302
1 0.7392530775788576 0.0623484823711984 0.0361513476084082 0.3078202698251164 0.2121836712568609
1 0.72075349816667 0.0513625749362857 0.0301593501232424 0.2068981247008931 0.0031114048041234
1 0.7061770258090231 0.0612114813612556 0.0380821560135823 0.2522088102590598 0.1871802513341538
1 0.7128180516433622 0.0439939645029116 0.0248379240918626 0.0978529432826327 0.1047242091080528
1 0.6977800210105507 0.0575883290523865 0.03360208863884 0.1814978003930232 0.1801470050191232
1 0.6563866036859745 0.0787959971882832 0.0461388927629823 0.4008347402076282 0.2180346372665916
1 0.6780206547314578 0.0853107365892994 0.0520461014268738 0.4549235235421562 0.0759658879374093
1 0.7507007187776162 0.0660405804519013 0.0396731632802344 0.3311297119623849 0.237739994300192
1 0.6461337829808559 0.0724679135557505 0.0412574151816705 0.2630920684750076 0.1676832981236454
1 0.6559516958341347 0.0705628087725877 0.0394658124073744 0.356777710674775 0.1925801651023902
1 0.6299085464948543 0.0692817985639484 0.0361790461339811 0.291749693007905 0.0874025308337463
1 0.7262643998579233 0.0753830073249736 0.0500221717587952 0.3118399972144643 0.1080791356240721
1 0.6841146363733334 0.0682818564439534 0.0413540579451553 0.3739181043520172 0.2492857494267368
1 0.636593457838486 0.0695811651158684 0.0406518481433498 0.4099095459775244 0.1797901442597877
1 0.7615791613750997 0.0785868333267439 0.0466217335990825 0.4440351250196702 0.1812067718964228
1 0.7095907712950452 0.0445690935885182 0.0238134873192309 0.109664403796921 0.1001937684919742
1 0.7339166601994476 0.0699043822143385 0.0447787436466421 0.3366273605647275 0.2565638916406054
1 0.6285831735661994 0.0727869295692161 0.0401174194573825 0.5228409461143521 0.1832485925405678
1 0.7512225881254083 0.0711608580057222 0.0368910370472397 0.5067967651421283 0.2069846537611727
1 0.6361935618405047 0.0712778956209252 0.0383808875698348 0.5031631594320007 0.2089286329873347
1 0.5296445387894289 0.0775742507704153 0.0468658052603338 0.3631382438749119 0.0745322779036976
1 0.6250845629423631 0.0585193054242485 0.031791683027728 0.239806599633687 0.0790130282617804
1 0.7293801422795839 0.0562438041426932 0.0291782334218945 0.217706773329868 0.0760254932496489
1 0.6836007018747418 0.0789073253346868 0.060482445681845 0.2540653817500993 0.1147367722025086
1 0.7351984738280648 0.0744180724568992 0.0496574092984411 0.3148816717149699 0.0938428167873898
1 0.7352360418969207 0.0720535394078654 0.0392073674316257 0.4605555866241534 0.1540680815121226
1 0.7221930765190656 0.0648192638131412 0.0383780892385994 0.3294244228619093 0.157082718843682
1 0.6394894421404262 0.0738541105844275 0.0676038822247558 0.200856022958993 0.1832501629405322
1 0.7100424096449581 0.0414172609283685 0.025584814394905 0.2174434948984011 0.2329289820517636
1 0.654906937598254 0.0737477053256083 0.0434914179034908 0.4964081464672847 0.1468936677198054
1 0.7420092904885797 0.0993547677493259 0.0742458289356491 0.2261992830283682 0.0982363270611466
1 0.7040165190027893 0.0703614076662781 0.0432255428937042 0.3686328540337678 0.155907817559262
1 0.6389352633478875 0.0977911123636347 0.0734364076596272 0.2278536680259754 0.1603450456778236
1 0.7209395209035294 0.0641066070296403 0.0404983579105463 0.2242493145557968 0.0972514474303779
1 0.671693114354578 0.0725967031815873 0.0471040593194827 0.2422640769759082 0.0787192315530514
1 0.7499349300052244 0.0683506521048684 0.0368309436690968 0.4559983724457712 0.223417662415856
1 0.5845809773686069 0.0727245133914134 0.0393327912730748 0.3953325759283469 0.120457339821541
1 0.7350417826491252 0.0748746432459596 0.042350909200375 0.3883176032284693 0.1499286683152079
1 0.7362418546753691 0.0873549351313852 0.0523890825549513 0.4373412288087637 0.1482234682024065
1 0.6315881995848458 0.083362053682628 0.051178516433031 0.4530940372452452 0.1747672523935287
1 0.6937359656015004 0.051994391562886 0.0351014015551666 0.16753000474507 0.1498406654213804
1 0.7618883259236829 0.066339705094302 0.0365585394787756 0.4415872341105807 0.2673110945842996
1 0.7189117065304824 0.0481662331762556 0.0322990376533992 0.1017463733330538 0.1023590958582271
1 0.6953152580685694 0.06386885743035 0.0388961188552534 0.2375118828051432 0.1173665995776929
1 0.6733803782665168 0.0954854145386989 0.0905048194144079 0.2257199355633755 0.1267199038737662
1 0.7001372336339914 0.0769824673402395 0.0459430650056689 0.5477841534578454 0.1320187631740658
1 0.7049414586155431 0.0781214778735062 0.0413138791795654 0.4591702578983541 0.1526862529625888
1 0.64199318927037 0.0707526421582839 0.0401114960477309 0.4745623460828687 0.1708203319799819
1 0.6660860169361568 0.0963958505984467 0.0813645853228307 0.1438915083434951 0.1568898930458319
1 0.710614305200341 0.0805054107380806 0.0665310064970848 0.2272190628817957 0.1493992878478846
1 0.6816207109785644 0.0671902785361821 0.0377256160430722 0.4651193045208383 0.1543401680785621
1 0.5337054863828787 0.0733660130383055 0.0439734732124311 0.5267458908828826 0.0915121064313374
1 0.7449339037438908 0.0875510914776592 0.0517149897171416 0.4317375736347882 0.0916662260830527
1 0.4929386543589701 0.0813847587110597 0.0704361528180907 0.2245007810754331 0.1392034344256957
1 0.8037347857162692 0.0678797964720932 0.0370570270756783 0.4515169290341041 0.1826493895470642
1 0.7395972621638056 0.0660468651341949 0.0395791811168606 0.4504985118645115 0.0973036217860435
1 0.6540527433902813 0.0698599706865554 0.0385026155937376 0.3378023981635173 0.1279579367315833
1 0.8164186585280274 0.0659406545576904 0.0326955368096955 0.4352584005152075 0.1664954442176257
1 0.6509021243988677 0.0481771973355051 0.0369696532866168 0.2110055633475886 0.2479083992288729
1 0.7073302949896949 0.0645797588398596 0.037582899531221 0.2968848515633855 0.1245576003403374
1 0.7198768626166616 0.0642232484097525 0.0394782524353424 0.3034758460200719 0.151976273305282
1 0.622179719168 0.0664991776228965 0.0376904872244465 0.4089488837852507 0.0895364240092786
1 0.6926017551147213 0.072881972412971 0.0379003609015396 0.3975434358857106 0.0699031954977873
1 0.8321854220892755 0.0731142244307975 0.0380107365006545 0.3970696801758344 0.126183135314384
1 0.730320831035144 0.0651318203228278 0.0315032948846514 0.4321317169636341 0.2011889088734055
1 0.5029832054560955 0.0666623416676609 0.0343683407585561 0.2803528185946503 0.1448081063612632
1 0.6323764995233283 0.0771023301584057 0.0401201587332417 0.4581056971518115 0.1927218148214427
1 0.6426959132839828 0.0680753290497643 0.0498581078939787 0.184851267767998 0.1875412166103714
1 0.6243199186298651 0.0758037117080427 0.0461192331505081 0.2932375581997171 0.1036702044097871
1 0.6240859109480102 0.0643709850935045 0.0391641618189857 0.2910856412666266 0.1813927862609001
1 0.607410438048191 0.0679698689123843 0.0355681887829541 0.5291333955484023 0.1038053941078332
1 0.7139882335192497 0.0654583563159793 0.0336181454200841 0.424147120466477 0.1742311959855847
1 0.6038172431054458 0.0703543409638323 0.0429396860570217 0.3169930926782643 0.0999507113594616
1 0.6487302722747691 0.0694184267510289 0.0388227138643124 0.4826893281513005 0.218889581456202
1 0.6630319989787281 0.0878703201867499 0.0605935901016647 0.2264198676726574 0.1696157452620729
1 0.7366420206960616 0.0699877259326912 0.041512271895772 0.3192845798164157 0.1356131145180794
1 0.7505264210269191 0.0717622638922077 0.0395439446128284 0.456350610401154 0.1902362255815398
1 0.7339607224508782 0.0647885795247443 0.036552306546428 0.3338105098384535 0.1056374242522387
1 0.7708157322421143 0.0772350578287292 0.0583879171245051 0.2047474242040038 0.1117612589301363
1 0.6915353825154511 0.0825394580870126 0.0554558950719558 0.2787419700617632 0.1118881493297983
1 0.6622889275715873 0.1083679259754385 0.0964642947412254 0.2307867168648707 0.1547511977669711
1 0.6996624884315226 0.0930525930881859 0.0710595954396395 0.2527284365723615 0.1090416425970719
1 0.7015243544833963 0.0736394658845653 0.0418150164979573 0.4099051840922152 0.0816166549416305
1 0.7300577056315362 0.0610195081444109 0.035107896221978 0.2922713563985419 0.1572263946936246
1 0.6755568884187554 0.0757777369187855 0.0483460034018355 0.310070850970694 0.1392050186879549
1 0.9211092821824384 0.0779206605832012 0.0463477756436798 0.3266755985276504 0.1140887326639459
1 0.8212992901177835 0.1083964762639188 0.0935254729024205 0.2367243228195178 0.120891148518212
1 0.7868707191360818 0.0748414622665719 0.0428942448875711 0.4879229896498187 0.2109413518836465
1 0.7266809401649105 0.0661760712023615 0.0455617280582225 0.2419958582199615 0.1894969975043779
1 0.6749890830255686 0.0913028015487304 0.0733038167489243 0.2486217143405453 0.0957918547290373
1 0.6217112935879693 0.0708581969810127 0.0405048834648736 0.3191577653167385 0.0997186142554683
1 0.6233342369991476 0.1268799141236018 0.1149866998503345 0.2363241192137239 0.0808359817971901
1 0.7626576435383324 0.0798451595238776 0.0459160842748836 0.4208853042336338 0.1074563639186754
1 0.6841058412699608 0.0729745467404001 0.0426563047543699 0.443931112246661 0.1347211979274034
1 0.7246323847746564 0.0786127399887379 0.0579536314633887 0.2439478646301484 0.0952954040471124
1 0.8133218073316283 0.0943751266905292 0.0710621052931322 0.2447283950015682 0.2338787849662465
1 0.5913926302812754 0.0794362035141393 0.0435552722414044 0.5351281082261506 0.1787114682542018
1 0.6466811113790418 0.0783612695586429 0.0462114520705741 0.3571162824836218 0.118409436696307
1 0.5664950405651424 0.0905398752165722 0.0697516136540463 0.2568132834669329 0.0751327223072207
1 0.6008787550467929 0.0532630176784531 0.0343413600277708 0.2560057860244734 0.1264074773268556
1 0.717541562199843 0.0723981853018845 0.0410126336903369 0.3942895940532574 0.1669305408300793
1 0.8153087064452037 0.0733878513479882 0.0404372781392596 0.3464296593729838 0.1160997732004861
1 0.7092067035374323 0.0850116990689666 0.063167134688184 0.2552061666310218 0.1343968595808685
1 0.7880792071429019 0.0756112618312955 0.0411674794771398 0.5225547822443364 0.1724618255855018
1 0.6204096837488832 0.0778944174418091 0.0443021473338021 0.4733744282365922 0.2085187796136531
1 0.7668261865086582 0.0754857510320717 0.0514436104484169 0.2758931721023791 0.1631890828139905
1 0.6700211473655925 0.0862844290438508 0.0627812151859949 0.2648194848424753 0.1068561393315408
1 0.6656998310003887 0.0735154033670338 0.0411098220685155 0.4114662290853097 0.1105006635586053
1 0.7491984815187587 0.0733391114295942 0.0416896867436373 0.4283295515248339 0.1959757463432415
1 0.6766809700536197 0.0733379474348883 0.0433326813904983 0.3629686694126571 0.1652052069159364
1 0.7476469402948748 0.066135934602608 0.0417261388689187 0.2491271127443413 0.1906127876641727
1 0.7510992586615378 0.0736209247612157 0.0424795939735073 0.4123204976460365 0.1517883686220745
1 0.6732304343823496 0.0733620036911323 0.0370799020332294 0.3967939493208414 0.1906427571150005
1 0.6489508988311679 0.0631340935808867 0.0403940325088317 0.2481290752817802 0.2362433265401466
1 0.7795594980240477 0.0681716987008372 0.0407419551214225 0.4247853557283939 0.1540001692357139
1 0.6399583624893436 0.0694451671637073 0.0395615876655124 0.3936186330708259 0.1906255632700174
1 0.594913286213838 0.0759159741794464 0.0488479880224192 0.3283851296697859 0.154953275209244
1 0.7855183324808183 0.073590537923378 0.0412322331792216 0.4348723773711577 0.2044700247385331
1 0.6820310074876726 0.0702746782538853 0.0440376435484108 0.3296266636853451 0.128998713542682
1 0.5993501837548577 0.0736455236106965 0.041907521758894 0.4384647562041974 0.0871664972213282
1 0.8250942274831714 0.078389757204682 0.0421387850083661 0.5283037701110213 0.1023728336478681
1 0.6429386255161397 0.0803430190717288 0.043180475029346 0.5392281058461794 0.1409828631024411
1 0.6865443601864348 0.0723231849216078 0.0427310444486182 0.331800156909048 0.1569978506810368
1 0.60480405883155 0.0731320543748014 0.0433767234267081 0.3047858142666356 0.1101687239473036
1 0.7311464459302848 0.0725768192583334 0.0446686970610874 0.311262886184177 0.1495940166130105
1 0.7421795062595874 0.065729699872889 0.0399056124937601 0.3032002995959185 0.1507133558396736
1 0.6575285940998329 0.0839131521463166 0.0451196882060354 0.5482262735545694 0.2483949055349259
1 0.7159619849815515 0.0362906123207408 0.0152370353301319 0.0614242991205436 0.0399413151566256
1 0.7369332950126651 0.0506320508542561 0.0243315169358849 0.2452393410876644 0.1882712831160858
1 0.6668686414882046 0.0728029576625789 0.0412906522856435 0.3774292530802006 0.0896332392341596
1 0.6836033650078226 0.0684420568950344 0.0366203038909544 0.3941168024739364 0.0604111542893644
1 0.6864300560271167 0.0457173779743529 0.0225417965581837 0.1765585420650366 0.1485128177336583
1 0.7056699073382576 0.0647373992646892 0.0334835724633141 0.3801434919005059 0.0660013659350429
1 0.7047115323678771 0.0510601536849016 0.0273996090119441 0.2044244252534902 0.1843470362423741
1 0.568801241261722 0.044059101383384 0.0226802975328003 0.2181810303845738 0.2017904805945128
1 0.6748840272804774 0.0673768119065318 0.038472106627987 0.4178818434457323 0.0593601922114844
1 0.6032486074606104 0.0514267248952015 0.0233961856864709 0.2973010737850063 0.2172160443578072
1 0.7336928582850674 0.0408751876527373 0.0203777320695038 0.1820161743368816 0.1054313144792269
1 0.7215287060949225 0.0397751299214238 0.0177035424615337 0.1316394135687367 0.1338151276782433
1 0.691974348890462 0.0430028215385712 0.0198139048531214 0.1002822026402299 0.1272519077644039
1 0.7353069040387928 0.0457815279332687 0.0242235940969235 0.1753545173911251 0.0595662438459042
1 0.7184283031452481 0.0460401325002531 0.0239672773616751 0.1798592698962513 0.1955949874987789
1 0.601792682096941 0.0427504420713925 0.0203923333947369 0.1865491892303252 0.1311001651794467
1 0.6777457252441262 0.046465599845043 0.0233454946559515 0.2025907077676846 0.1782016511899253
1 0.7268388101702711 0.046310765166492 0.0248794328790672 0.1908951313637452 0.1128982402585677
1 0.6494684085395533 0.0513625749362857 0.0277139456081889 0.2217136289421806 0.1185039272079673
1 0.7390584462997716 0.0409702805527101 0.0211635665893798 0.1626522342163601 0.1208945711635073
1 0.6312606680369104 0.0509046769357627 0.0225452079127168 0.2580813736704735 0.173500891329479
1 0.718322935373913 0.0647481525180977 0.0346342934727853 0.3834210039455755 0.0659868252182915
1 0.7213781976178142 0.0559813724400971 0.0307143818572218 0.3202471311178305 0.1487323136923
1 0.7531172502084091 0.0457145888557453 0.0173493786216461 0.1710195491904466 0.0693217075587737
1 0.6974817402864723 0.0538196678212714 0.0236689209171433 0.2562218820575624 0.2650406709010213
1 0.6728050569684569 0.0512137734465042 0.0239710324094327 0.2213066241596616 0.220713703512791
1 0.6391872769078124 0.0515752827434147 0.0281144963712475 0.3105845275861411 0.2141226456835593
1 0.7535044207724467 0.0449924833981909 0.0213312620749223 0.1802514969840422 0.0953185055932837
1 0.600849438762885 0.0827447380017308 0.0433691053479193 0.4219534687601044 0.1081704197294593
1 0.6310803430520034 0.0576830346661887 0.0244678405219414 0.295050723194522 0.2439343295429643
1 0.7393302860726887 0.0442611737741757 0.0216766151505332 0.156785299155059 0.0693856251945538
1 0.7026032883209822 0.044709307117161 0.0251948996281498 0.1658378646965555 0.0696862076562754
1 0.7396508384881704 0.049077232440624 0.0219302338191785 0.1670274462585609 0.1689301339858109
1 0.6591701554405592 0.0520439516065117 0.0277208773754401 0.2375415080758216 0.180783023328979
1 0.6687321096748303 0.0644316723976666 0.0322000728869115 0.3461672618022652 0.1050555902030267
1 0.6547190868894663 0.0488763303376498 0.0261341199913862 0.2361822296270716 0.1533782595478545
1 0.728286767409214 0.0435788514051609 0.0211939057320713 0.1588186886676268 0.1433183397242766
1 0.7254145931098791 0.0512904062252887 0.0230364428942499 0.1973026917147717 0.1006500352560368
1 0.754556709641712 0.0501253970582227 0.0255340856906818 0.2216930534221407 0.1684980698940712
1 0.7726110172394614 0.0505872768086038 0.026459138578489 0.2399101956340276 0.155840325240115
1 0.6728652365754817 0.0486369473583573 0.025506118974701 0.1903850539621235 0.1672642274099295
1 0.6031795040121125 0.0484527325088846 0.0264036354025009 0.2889291504222458 0.2055474907638186
1 0.7416841122294833 0.0432937609789755 0.0219703758499932 0.077275042582781 0.0455352529807495
1 0.7064906781896129 0.0435482140552936 0.0207324158233407 0.1033105394227094 0.0891996404522379
1 0.6512048204033964 0.0453870056657298 0.0223403405968711 0.1367025692524219 0.1101191512313464
1 0.7139396697983018 0.0334647346090166 0.0200342257953778 0.1029125076935405 0.0860810976833722
1 0.7774949305597817 0.0411627304294573 0.023576057076106 0.2406475786520789 0.1284241441663883
1 0.6221483665310009 0.0788199937465694 0.0441685645258907 0.3988704145849951 0.1242835695391456
1 0.6297935539139983 0.0837448021734499 0.0611729653035525 0.3150310501069279 0.0947387637923584
1 0.7343657259693505 0.0517089847490716 0.0306514782590637 0.1629311890044856 0.0988482201231093
1 0.6733458568175413 0.048278103973631 0.0256975539379958 0.1555713967439054 0.1421978499910292
1 0.7337757776228612 0.0430914130769127 0.0244582089591632 0.1562163999624967 0.1560126699765573
1 0.7084740004568935 0.09166158315704 0.0624426680676674 0.3702116588498117 0.2135029439334606
1 0.7828804844355874 0.0869871890144704 0.0640711037511672 0.3193472857062784 0.0968770948825442
1 0.7355953870297155 0.0818046493774785 0.0538533183908602 0.3413845851246916 0.0946271309242384
1 0.6758803112574799 0.0869213941862936 0.0529227669618669 0.3483777360893982 0.184086846080107
1 0.6320181226537903 0.0481531899230447 0.0238934771853657 0.1851380961713796 0.2341815047127426
1 0.7698930062700905 0.0502078755603329 0.0276536633888246 0.2801801870936216 0.1700489084357549
1 0.6353987164424074 0.0933474442459312 0.059212177812172 0.4181741181507014 0.1543941145082224
1 0.7180679984772038 0.0911368237325267 0.0692551991469157 0.2849523365224031 0.1477292765634765
1 0.664417626247966 0.0459197419844721 0.0231424034953017 0.1837126709766735 0.2110078098328539
1 0.8002774940222199 0.0466283074948791 0.0235544725109039 0.1551489619757416 0.0592232564520078
1 0.6579105251322762 0.0960494407856608 0.0582700749055106 0.4569010002020122 0.1144904765951883
1 0.6156993786667212 0.0999321174373023 0.0615244245690899 0.4772246333099006 0.1085157192071954
1 0.5504161722080136 0.0478263080974301 0.0244664204797301 0.2516216657808145 0.1399295708750212
1 0.7100795822260051 0.0403483047938065 0.0205026023768814 0.129830957284512 0.1196720115013203
1 0.6311758056265985 0.0525653867669916 0.0293679159881266 0.2244529877457634 0.2729439112583089
1 0.622949055329664 0.0627696051595863 0.0310815998168111 0.2442771990810981 0.0990334272165314
1 0.7224651044896301 0.0495641638558462 0.0328983573192967 0.1035275861977689 0.1391259906398256
1 0.6802235605583222 0.1106811314247769 0.0998528346024417 0.1992785000927961 0.0485771848832396
1 0.7136338333478192 0.0451349827697183 0.0220323967256845 0.1611553089505472 0.1277358396442857
1 0.6006225367695822 0.0542493233761679 0.0275692020399724 0.2212021919007925 0.1990482244510678
1 0.7118334539219916 0.0993077012212676 0.0771667839977293 0.2680576211349184 0.1038415302995048
1 0.6602756458753963 0.1040480250609011 0.0919528829484682 0.2172866120837433 0.0603912273556225
1 0.7122906541942506 0.0490074455280298 0.023895551414803 0.063962536920808 0.0537778053137619
1 0.717710186200607 0.0392382314887809 0.0166689955250363 0.0864588968750929 0.0748419310334315
1 0.67110300126696 0.0782093354271894 0.0604593446043662 0.150350438473679 0.2067850363971095
1 0.7206957520370469 0.0889562874679884 0.0541644725563349 0.3778008217963509 0.1477190385880343
1 0.653204989360341 0.0511808167097354 0.0271734849724145 0.2217324435348289 0.1824243937708845
1 0.6262477051352497 0.1008047027401812 0.0746039365285329 0.3721561460801845 0.1405553773369858
1 0.7050077729203614 0.0405394225516186 0.0201080292028969 0.1418486942628237 0.103457693833959
1 0.6843409312246616 0.0994807937176762 0.0846974308486549 0.1818107342637376 0.0770127496570956
1 0.68180372146207 0.0881686175447827 0.0562227152111466 0.3028524545621075 0.1115606786156983
1 0.6451931416838329 0.0491027921731905 0.0257631808178486 0.1813378764878627 0.1360717878915004
1 0.7485140803189633 0.0494205805102796 0.0271571330243702 0.1999196280137936 0.1785709754937693
1 0.8007089232178414 0.0536719736881914 0.027353356368525 0.3070435632006538 0.2197081276675787
1 0.5626851963096061 0.047256977161535 0.0237559284722165 0.2159420960432039 0.1399962390583857
1 0.6469739458268644 0.0451904318378964 0.0245165275160365 0.1638841147631073 0.1534697876807348
1 0.6390125836693059 0.0788080684155594 0.0430141591602786 0.4160368977812988 0.1220255144724034
1 0.7063568778450604 0.0817403726325713 0.0515233794979521 0.3383138373225182 0.1360143091958176
1 0.691277329720307 0.0917151941747515 0.0717173510479214 0.2440981530662058 0.0981777296718879
1 0.711469484036583 0.0406141583325333 0.019629308852072 0.0886482512171711 0.0874838048930357
1 0.6557406444467178 0.056148162356372 0.0290441474777179 0.3201021754925498 0.1991160278094463
1 0.7327140663247332 0.0767659612072483 0.0541829735955715 0.130928765610773 0.1247504715579644
1 0.7188409240316725 0.0445975427253331 0.0221073680374498 0.1517088002607896 0.0906071391608937
1 0.7371740958113283 0.0389187272684191 0.0200313681756527 0.1191418346628443 0.0698535974208576
1 0.7906464172469362 0.0466283074948791 0.0229846399325845 0.1770927245840027 0.0958988027803412
1 0.6582902561615005 0.0465284944725321 0.0225535339307797 0.168393014877598 0.0907940293413216
1 0.70536113391348 0.0772069795236189 0.0424235576090609 0.4185985775552253 0.0616025486126914
1 0.6732580607059369 0.0474530927469211 0.0240910031862206 0.1478885752244784 0.1056386715393601
1 0.6477711816078295 0.0914471389707245 0.0707691718481177 0.2430109858104249 0.0392166346379281
1 0.7350409856730025 0.074398827486545 0.0508805347894023 0.1283479250145058 0.1191067020101684
1 0.6771814939697324 0.0507439859683867 0.0249096749883361 0.2308236829726604 0.1633194244139974
1 0.7349525404158909 0.0502470179061888 0.0274301827896751 0.1879278433729393 0.1227963483899912
1 0.7131413206509668 0.0699766211887926 0.0382002845086938 0.3999376298915295 0.0558603372242924
1 0.6274530608786225 0.0548532178707484 0.029385282879222 0.1926742168878796 0.1198827411875007
1 0.645627392207659 0.0519087165064933 0.0269916690226305 0.2458521844515857 0.1488616196447364
1 0.6383756088220699 0.054232342482615 0.0256456361809673 0.2992128075673718 0.2030564590720032
1 0.6990555221082353 0.066684547402685 0.0393743000149518 0.1691272425864064 0.1576889442074125
1 0.7174481921648832 0.0471371365713318 0.0250004013290938 0.1167177802651511 0.0999917882774094
1 0.6322716025188612 0.0526580912867753 0.0273954725972581 0.2945401787269278 0.2266716945510846
1 0.6420858141517477 0.0407855286525577 0.0207053096193069 0.1628253083646387 0.3082009917138987
1 0.7375781796160817 0.0490753819194042 0.0258756436748457 0.2587440052876699 0.2360975731985536
1 0.586729918474803 0.0593929842274364 0.0253911229723046 0.314944504926302 0.2046001133037493
1 0.7272192421675431 0.0455699605072434 0.0222173728892434 0.1612918797556077 0.1284216021281593
1 0.6419661471777391 0.0379923716570499 0.0226956339355841 0.1745766661969457 0.1307537178781513
1 0.7340028012627587 0.039038379700359 0.0194625366442399 0.1663529662007132 0.1265976147977439
1 0.7399659473548986 0.0485283128369228 0.0188568857628258 0.2504535697167729 0.1845089101551511
1 0.7122935262539949 0.0455446665287383 0.0238458641702718 0.2326174483842818 0.1951051698290781
1 0.7442360139550555 0.0575801869784118 0.0332974141173178 0.3584906946507514 0.237588417197758
1 0.7443444147087604 0.0499022198227919 0.0213985551387588 0.2297091742916026 0.1279801847564624
1 0.6186910530169343 0.0648942082482331 0.0334577418230315 0.3767207447052665 0.2293317167511794
1 0.6370193709337972 0.0561123677726819 0.0292669461621061 0.3061667855408774 0.2203217431036959
1 0.6201521513611459 0.0522606744765757 0.0244394397748463 0.2600222651943171 0.2775919156965772
1 0.7383154987212276 0.0551153479081325 0.0238209588992441 0.2639871331771444 0.2141471339702596
1 0.7508023444160272 0.0584711929694954 0.0323043165047004 0.343012650379021 0.2142163609926989
1 0.7476940502571867 0.0397548075010819 0.0186314871072177 0.1125546433725658 0.0745800192635884
1 0.7495879464575891 0.0560944615607841 0.0275959045953289 0.2973469341974202 0.1559724078038052
1 0.6116226341446275 0.0570055405571444 0.0292978443494092 0.3278667557259275 0.1876598867331177
1 0.6331524678791747 0.0529371649786573 0.0281431553107789 0.2709529038054391 0.2576953864388597
1 0.8459975927086923 0.0499604399962673 0.0235914746282293 0.2590821543680622 0.0430694902975204
1 0.6261682824551885 0.0490892605398786 0.0247766986376969 0.268937562111161 0.1194666144546806
1 0.775930219864607 0.0450676009227193 0.0231617726420945 0.2165469249706181 0.1440300628366469
1 0.730104255910411 0.062384705348357 0.0309246211466675 0.368606738309248 0.1613516868755237
1 0.7978375502586327 0.0546342231873971 0.0298355816128336 0.3283851296697859 0.0951323685762443
1 0.7646360481192702 0.0501047774182614 0.0282167390607899 0.2169426050246006 0.0848739283624546
1 0.7683507118239317 0.0389388649945959 0.0164771327016551 0.1524382215179521 0.0742958293167781
1 0.7527821078385267 0.0573722603195189 0.0307185866388665 0.3383465326685242 0.2470919432854552
1 0.7216152306450333 0.0448770134605956 0.0220651373630237 0.1534284015782301 0.1221157904631651
1 0.7420132442756693 0.0588131351926608 0.0298509991584815 0.3282196911700252 0.1374149105504257
1 0.6481231461198568 0.0491783845678373 0.0261336982829014 0.2358159771778479 0.2008854194820828
1 0.7671625933485287 0.0512251107468571 0.0269987527603451 0.2656839382604752 0.1352347255510881
1 0.7798875630713997 0.0482315631801986 0.0236590746440398 0.2280997047216988 0.1233095226848632
1 0.6615339942576777 0.0505861391410437 0.0251800137233467 0.2693311916542021 0.2012824547686938
1 0.7229740242028031 0.0505515360916396 0.0267983246345456 0.2286204623034617 0.1310246541935328
1 0.6868136022863223 0.0546617160021889 0.0267674895367745 0.2893652778071053 0.2347238975947894
1 0.5872234839874783 0.0502463655587763 0.0285620921364008 0.2162950314873017 0.1042563038296057
1 0.6299640746197442 0.056538813494253 0.0287749606333629 0.2958013516159165 0.1988419744580698
1 0.7773728082883545 0.04968146849528 0.0263026958099839 0.2174277986229471 0.1270159950797462
1 0.782207153075942 0.0514725463109227 0.0268908299213837 0.2443029816786548 0.1379536464057971
1 0.6354656918937425 0.0516412954633637 0.026676047531626 0.213059282604761 0.1062325615049566
1 0.7422512248371287 0.0572171033643722 0.0300571074337 0.2759991738432078 0.2191337105210013
1 0.6906668574657799 0.0505562762480478 0.0265420743495462 0.2084155950460619 0.1558886779463695
1 0.735769904071584 0.0523779140486996 0.0258498796078442 0.2961664572454598 0.2329960753029133
1 0.5714399201041023 0.0560421461157725 0.0290346805577026 0.3125349604114936 0.203117048223882
1 0.6822091826553998 0.0564143847060794 0.029062134618624 0.2372744714772188 0.1487816794320588
1 0.6713363739863187 0.0606883761590682 0.0323627747223583 0.3517671043467506 0.1878464375109091
1 0.6414373641575447 0.0574530481108029 0.0302863181656512 0.3695858039464105 0.25177949039866
1 0.7128629326909327 0.0559638770125024 0.0295412466063145 0.3723566775930406 0.2089924823337456
1 0.6179248600287263 0.0540115911551032 0.0261789019681497 0.2309937556033256 0.2165565432567333
1 0.7298792484400886 0.0613564167443215 0.0315273860850872 0.3081837684512484 0.1948587852347688
1 0.7167027009178517 0.0398155811767573 0.0209242388037691 0.1239425340782311 0.1098488240903561
1 0.6695539775275431 0.0656265084311079 0.0355681887829541 0.4299092223783362 0.1686074364367005
1 0.6374332453802012 0.063731854601057 0.0350256889365445 0.4301398335883419 0.1397589916966562
1 0.7591997163362865 0.0579251164088627 0.0312817476238343 0.3334916647177918 0.1444448028928195
1 0.6381437215003718 0.0609970978543923 0.0297951105490325 0.272866726480478 0.1895389181697417
1 0.7117388019610299 0.056405894259303 0.0294832452907784 0.2702902651074749 0.2130738097686772
1 0.6667244237220119 0.0588914481167722 0.0306106638063805 0.3289148671209651 0.1640251273936644
1 0.6976447205398261 0.0449006995779546 0.0245556643686584 0.1683127761464077 0.1554412921221374
1 0.7501226787054321 0.0661019728732374 0.0365966299374733 0.3906321761842806 0.2328329359606568
1 0.6350121830228679 0.0483870034408373 0.0265231806956632 0.1793844295715707 0.1231288402572296
1 0.7276837723290298 0.0427175230355582 0.0256265909775199 0.1546021441906193 0.1157055679939802
1 0.7322346396376062 0.0372997724058541 0.018691570137719 0.116848149177908 0.1057427102335644
1 0.7898579831153486 0.040365438049942 0.0247015380897127 0.143432764986315 0.0856612819192238
1 0.6986098433504789 0.0434966697762602 0.0215066910044493 0.1515017647649292 0.1523662775976578
1 0.6382267095712191 0.0450379715099372 0.0228990865578743 0.1921590583405271 0.2535336250508069
1 0.6144933677773367 0.0573948837670423 0.0298020883173137 0.2942724717053486 0.2142957849147484
1 0.8049023197330879 0.0422561957510935 0.0232719108994652 0.1595827137693287 0.0538993421910069
1 0.7680126886662985 0.0522401464620099 0.0281390346182918 0.2395093617737251 0.1461273381536755
1 0.6669508156724161 0.0498116551918917 0.0254361389106691 0.2159680471895042 0.2288848978756388
1 0.7165671009673928 0.0367063125253893 0.0193670664407923 0.1216145780742448 0.145145394901899
1 0.7323643863684911 0.0376216523624469 0.0158487819631757 0.1358919206035944 0.1509399333867322
1 0.7262413279173948 0.0315427678663367 0.0129996190715787 0.0873122112527285 0.086745109013006
1 0.69627409398681 0.0300762718306216 0.0110216621037143 0.0583271275473639 0.0578299355043421
1 0.7238326189627143 0.0362787460526038 0.01770318522831 0.1159095551579943 0.1260658689246572
1 0.6350012664683375 0.0401415043709499 0.0189632261508157 0.141352458438723 0.1409887039196541
1 0.762753430685681 0.0336296916709721 0.0183186731683758 0.1217209314049731 0.0616916085224653
1 0.7145502675179267 0.0294727739175418 0.0124353368115057 0.0801753850905538 0.0780075269663284
1 0.7103739964430622 0.050091392720445 0.024740487687579 0.1949110895346654 0.1467122453522626
1 0.4900275703324808 0.0425868596790441 0.0212233392359609 0.1776485979431988 0.0557026356897603
1 0.7942970773865848 0.0429910044606276 0.0265574254449451 0.2062777303267904 0.092673150275987
1 0.7215457660752531 0.0514759829272054 0.029604318389263 0.2217521385911731 0.1660417898253707
1 0.6331589402417322 0.0481016183931061 0.0242235940969235 0.2345079720906978 0.2227066947666098
1 0.6946643473219438 0.0348617783062816 0.017744226746325 0.1257964956776737 0.1382134380111192
1 0.614736675695959 0.0459656104541929 0.025513975845717 0.2071570718862607 0.1422429282571676
1 0.7174546503444297 0.0475875962294149 0.0245896260989346 0.2007757432652301 0.1594398084439805
1 0.6147953868158363 0.051209216425417 0.0265371899130445 0.2205881605560922 0.1527674847322969
1 0.643610101083335 0.0465417050416826 0.0210452665552361 0.1466950546379691 0.1190016396781237
1 0.7525045730411594 0.0453173841060861 0.0202367975406817 0.1390878031752692 0.0865779901700464
1 0.7318453088918807 0.0536719736881914 0.0290934045634061 0.2473771078011687 0.1043163780323688
1 0.657191965241289 0.0534829300013984 0.0272941420672154 0.2092523291772514 0.1622893979083134
1 0.7750089258312021 0.0506408878263152 0.0260313016155308 0.1910987479737448 0.116759677457976
1 0.6240901740338414 0.0543096434859284 0.0273469132132836 0.3653931459432262 0.1537919759023051
1 0.6885638829530025 0.0679902459500067 0.0435457063712569 0.243799934089765 0.1438108379912725
1 0.6727432550431645 0.0882123160457012 0.0635164177760555 0.1980281926750685 0.0999390511892341
1 0.6712522720036009 0.0534740252484859 0.02727318511432 0.4074284936490873 0.1480984651190423
1 0.7473345654762831 0.0580530389709381 0.0333208543746881 0.3868952124405505 0.2847188110117061
1 0.6771684985130776 0.0520350921755497 0.0255198541090875 0.3134768786864461 0.1838065992215204
1 0.6473145322910009 0.0840969595601145 0.0604731181053212 0.2741969674284515 0.1402337973954651
1 0.5690683089969105 0.0883129549667768 0.0618886641432997 0.2274124986712217 0.9875377518148613
1 0.6499335256594987 0.0498779614364221 0.027014170305993 0.2725063068633527 0.1739915661617199
1 0.7877349134578686 0.04804747026698 0.0247806151941383 0.2937586737903935 0.1232714781598663
1 0.5958923432873792 0.0556349626273113 0.0289937834857709 0.3148963773446876 0.0819238085782429
1 0.712997229440873 0.0577896752527407 0.0325784507196801 0.2970340137603119 0.0928529776491714
1 0.6319554424728117 0.0718348269907766 0.0465813135611987 0.2971027886622752 0.1014812239441233
1 0.6121406762614288 0.0564523682533766 0.0296651771367384 0.3973439598043075 0.2379684545640773
1 0.6549545799689821 0.0612402750603643 0.0368317967991217 0.3791699538283221 0.1292371798281279
1 0.7088490189079353 0.0588351294444942 0.030381362814244 0.366645540069839 0.1912761122672224
1 0.6332680485094901 0.0514854153199977 0.0251994920902088 0.313919234235243 0.1830027416126663
1 0.651391432280716 0.0459459851258642 0.0238723543205347 0.2463747587466022 0.1834047694973661
1 0.7472407623139845 0.0565587221280735 0.0322869717723218 0.3904875912735902 0.157722619554296
1 0.7348657071125388 0.0493520395760469 0.0272340064049051 0.2797922740463259 0.1669661712076958
1 0.6312263151475669 0.0642567179485142 0.0364188746793961 0.444075659834426 0.1398765445312206
1 0.6444306308235022 0.0511909304328945 0.0259416089899225 0.2901002761284457 0.1969039173703247
1 0.7632746656164775 0.0489913172644961 0.0246090328028746 0.2551588984693257 0.1347222299337258
1 0.6643739098438055 0.0882768706112783 0.0586307435073117 0.3049824752465267 0.2342574406386786
1 0.5342033638036733 0.0542493233761679 0.0262741279983374 0.2743970326032646 0.1123897960725255
1 0.7297853607252243 0.1001967360250465 0.0694432627410884 0.2854814120872325 0.144016471846791
1 0.752119402827185 0.0400995236585581 0.0214229080218554 0.1990113188347691 0.1078147700364105
1 0.6799129787996318 0.0540452098232892 0.0296230063271099 0.358105571293614 0.1183091725069351
1 0.7237584789087809 0.0533245420241928 0.035047395089773 0.0924088266082887 0.0913059541132182
1 0.6961689673266632 0.0431642093670205 0.0210614549807565 0.221704870429477 0.1482373582856453
1 0.6789292315134254 0.0874975229528849 0.0644788122265697 0.2218933338655296 0.1015118845932432
1 0.7003074941360342 0.0390370338982363 0.0174931335497653 0.1649469317878625 0.1017207389728558
1 0.5906696311078193 0.0475248976121448 0.0252075964369234 0.2768883417878098 0.148037155063954
1 0.711232255174711 0.0477902237419316 0.0210938318317974 0.2303076724170342 0.3262401451863257
1 0.6846038995241467 0.0468891840483556 0.023213916001021 0.2664510827381778 0.1613829134512304
1 0.7106799752691559 0.0495753650748776 0.0264679766623526 0.2018485623708039 0.1323348434258116
1 0.6955107621483376 0.082308518211822 0.0660329010765317 0.1048556580484844 0.1146672324799177
1 0.7100532192814051 0.0464551025884861 0.0198723415401734 0.1135456912570382 0.1305080251209496
1 0.6715030183660358 0.0657963171356963 0.0436281201562463 0.1413580086356884 0.1672121621639389
1 0.7253775301744178 0.0439791606795622 0.0222955111103164 0.1624651614563365 0.0985758887625981
1 0.5685455379369139 0.0495727909035588 0.0278282168482994 0.3474546740975962 0.1178155017581043
1 0.7372774534135924 0.0548091776365495 0.0287465420789997 0.3383264795370914 0.1672787557975431
1 0.6599488867560648 0.0699070469140884 0.040286829128828 0.3846452488438048 0.1195710555387225
1 0.7441120053431542 0.0388938474805802 0.0189694559944117 0.1789999692919404 0.0992707595407127
1 0.6310927199111749 0.0375061824248516 0.0172949479741763 0.1477373171864616 0.1472748424969927
1 0.7495098607990724 0.0442611737741757 0.022280983034471 0.1419359404394607 0.0823218296848209
1 0.7028127555751611 0.0413384455945586 0.0214222926415231 0.1991584800861287 0.1521139167572651
1 0.5277255462418661 0.0882304764646665 0.0580034420183948 0.2424437680685987 0.1321015267592865
1 0.7130503028138447 0.0558164153781417 0.0292497147875584 0.2325174580829558 0.204238725131719
1 0.6994067785607092 0.0481692691118549 0.021615299695197 0.2721072466361185 0.1582352909097822
1 0.7105684297054936 0.055389941077761 0.028690546638893 0.2080440889318398 0.1560368185412135
1 0.6847944597335516 0.0628891315560893 0.0380902460173519 0.3564896658351923 0.1424990923490871
1 0.5306965753101968 0.0467437774324744 0.0200762736571521 0.2789347743393479 0.0961870350872926
1 0.6067432310218313 0.0541618461227242 0.0264801625061385 0.3153154881886895 0.1910408000690661
1 0.737123937047134 0.0499533450614217 0.0268729256716916 0.3029734203475904 0.1830532207438331
1 0.7710929261017152 0.0866530746138446 0.0608903778812882 0.3088358136588452 0.1443294717305475
1 0.7172066669416538 0.1031797094321697 0.0789674530673612 0.2001151462107038 0.1734945599658996
1 0.6739262163575378 0.0796722808200584 0.056949822487634 0.3321715215402651 0.1843628603393184
1 0.6950136437913862 0.0780038821343598 0.0485120660191741 0.4052514337036804 0.1585071389425413
1 0.6930090802830077 0.0666201756837542 0.0397268914989701 0.3137453715408992 0.1283922925097862
1 0.7335525102988986 0.0433685023601822 0.021243263451488 0.2307382367007254 0.1265849412107229
1 0.5927285160941449 0.0440790865737732 0.018653115368218 0.2117340193041928 0.1444986770085734
1 0.5627934306856812 0.0812198016491043 0.0555983045217517 0.3234613647896528 0.1753939786858268
1 0.6125907593896266 0.0764620929443413 0.0496877034114082 0.363385530888641 0.0909698924814917
1 0.6948730748775447 0.0754188119545483 0.0561533362168789 0.2318746113221212 0.0957104160470123
1 0.6550062492238569 0.0694618163121294 0.0443599876068811 0.3485288701147155 0.1449296269423267
1 0.752069147509415 0.0720531765435865 0.0401585264672918 0.3909119052907604 0.170296765307979
1 0.8441255345268541 0.0769969010824389 0.0404551887542406 0.3991376614228434 0.1311366008477906
1 0.6998635162486071 0.0691449453259596 0.0407012528221512 0.4140535965612694 0.1643041474072233
1 0.667085458815127 0.074623690005715 0.0437491073330436 0.4512856180192445 0.154511776133054
1 0.7512444037784554 0.069515523285359 0.0490132187489471 0.2351073126289702 0.1031660834710292
1 0.6974766856795225 0.0687438392512538 0.0470861950681524 0.2881777693880282 0.139505331058514
1 0.784256862745098 0.0778318375276348 0.0435085748501333 0.5347717791751951 0.1466185776348724
1 0.7109182498553454 0.0761080510882951 0.0475901432152443 0.3331546318840452 0.1564502782835072
1 0.5772187683317305 0.0751060808543161 0.043061525263031 0.3982773812240877 0.0805095834625476
1 0.5548739335038363 0.0764872406801704 0.0417926876083759 0.4493739175892804 0.0519948055821212
1 0.7719831031543052 0.0639855385898557 0.0339857052403682 0.3825336519862976 0.1651094924339178
1 0.6813504804319046 0.0711368017494782 0.0440094475201448 0.2639744071183396 0.1141116028950509
1 0.6828847003807537 0.0753225869873073 0.0406818267115267 0.4702762163199506 0.1395439663600179
1 0.6159851723405422 0.0760442740972778 0.0451519209800892 0.4830950316607557 0.1601523571614088
1 0.7038228930809889 0.0744912034366212 0.0429028786929307 0.4187520499544737 0.1506643918509368
1 0.7721542402755329 0.0668427634451536 0.0408437109667311 0.3955393740530478 0.1720131533786441
1 0.6627689030321432 0.0902122735513668 0.0759226674286716 0.246696133885153 0.1026053813083821
1 0.6159817236868473 0.0738070440563692 0.0411674794771398 0.3478517264970219 0.1774961180712803
1 0.7740103589349158 0.0761155292678636 0.0408805959705109 0.3760474728116949 0.2247898474077026
1 0.6474437406129651 0.0679613784656079 0.0383229418777288 0.3788832622094922 0.1007690288110338
1 0.6490569032015004 0.0681794201178292 0.0387426599632416 0.3228036336593456 0.2024565579171193
1 0.770572860723833 0.0754275596683457 0.0421682184798788 0.3666816357725939 0.3122808591361718
1 0.6887904789205661 0.0728335683388906 0.0424193843624691 0.3781380012086085 0.1304010457038082
1 0.6409013712582166 0.0635208801131613 0.039758134188919 0.2524034438232241 0.1447431334023976
1 0.6864656188364058 0.0742427292204669 0.045220581596786 0.45137946320676 0.1467676698730581
1 0.6864293021455277 0.0738214777985686 0.0401961739459136 0.3968215224261933 0.3021609210700622
1 0.8805376879795397 0.0708769943898888 0.0464772830478433 0.2113980518943845 0.1447941620425946
1 0.7055753568403753 0.0760442740972778 0.041650019079018 0.4263125257328036 0.0459485689959601
1 0.6374117090233725 0.079704412581858 0.0469856479154468 0.4512137504099665 0.1111527660910474
1 0.739770298172017 0.0775943324936723 0.047403542536709 0.4380660597431365 0.1798670644086523
1 0.7284477609500154 0.0713649480027336 0.0404155010159736 0.2988605836411738 0.1761669369841173
1 0.6875581787291389 0.0677774189779022 0.0415610803872383 0.2456950748538323 0.1734805003410465
1 0.6325568354182438 0.0757584294214601 0.0430931614612275 0.3520212092134057 0.1257121703016858
1 0.7546693942102642 0.0695867433530837 0.0362687211401071 0.353778740549511 0.1294079149413387
1 0.6453911163350314 0.0781552088939416 0.0423411403273715 0.4274758977997476 0.0775193169395315
1 0.6967040443307758 0.0726379109382169 0.0402609276479953 0.442813425359672 0.1833587664820154
1 0.6576425360468678 0.0692123028088018 0.0399880370278641 0.4517943725084466 0.1378811306976576
1 0.7587618955121705 0.0727726258461664 0.0422736885327851 0.4371885163678077 0.1336093570523418
1 0.7175822210741143 0.0760803584527763 0.0469143705368951 0.4700694181952497 0.1527232323267426
1 0.6972907360397204 0.0793048801314619 0.044007088542778 0.4180546046505449 0.0510351504408918
1 0.6598185890697493 0.077370164352972 0.0456400025923137 0.511581977594851 0.14636654642324
1 0.7267350178041673 0.0752159593333882 0.0434192748974497 0.5062792109129485 0.1278994773264569
1 0.766462964504334 0.0725045706421395 0.0385619138611727 0.3528857837323873 0.250181555253496
1 0.6145445411723239 0.0728229252438026 0.0406597515917037 0.330954439732023 0.1805877097922112
1 0.817480159808491 0.0727245133914134 0.0489379237269498 0.5106432102615649 0.0875928412319708
1 0.7403254899588475 0.0740897048218627 0.0421590205402666 0.3525391506348503 0.1130828756760641
1 0.6242866480133674 0.0766162779312883 0.0443332160305536 0.4744918344075348 0.2814763698629942
1 0.6011448708837375 0.0671675226446403 0.036823585317407 0.3464730723544078 0.2886383870586596
1 0.6874067079892788 0.0792667807100824 0.0524249278732905 0.3315131264059952 0.1219984173912619
1 0.7027727365728901 0.0689454972781745 0.0388716664327659 0.3817816588296307 0.2299092449927683
1 0.8801090806576232 0.0719822066414815 0.0415375006503937 0.3378781483496829 0.2085117536021783
1 0.8532626666666667 0.077425789397335 0.0417225112370207 0.354091121326233 0.1138341919936713
1 0.8022200215856233 0.0672396913556374 0.0423006692635705 0.2925952675769432 0.121367188280663
1 0.530961410912191 0.0815651804885524 0.0436362143690065 0.5096505792630007 0.1122770394641878
1 0.6665509300389428 0.0776057425978208 0.0444758049776116 0.3820463604292479 0.1500402166041653
1 0.7374177490317203 0.0666516500174641 0.0383854685704886 0.4194682148231766 0.2106514901501852
1 0.6031650766168388 0.0850413067156654 0.0551974482831035 0.5512307888474682 0.1012555818783761
1 0.7523336639391102 0.0699099336625283 0.0401961739459136 0.4034666355219739 0.2198416482047954
1 0.6371652530217903 0.0645948056119577 0.0364597103065399 0.3961418832018184 0.1685224479851103
1 0.8447306990622336 0.0717863201484517 0.0423006692635705 0.3387526090101825 0.2142446499117826
1 0.6029828751104656 0.0798303557005282 0.0441561118709508 0.4487437592996235 0.1773368407515698
1 0.6606643503866326 0.0535025340832586 0.0282308159522653 0.2199174153054643 0.1213001813973591
1 0.7061248994247911 0.0754136106112094 0.0414941648180589 0.4079759524753085 0.0650119491815849
1 0.7957351010627655 0.0573285216927971 0.0280008933893425 0.1855014120872325 0.0723423396620639
1 0.7832113200796046 0.0491686461219753 0.0243315169358849 0.2144421202899817 0.1288177419233045
1 0.7017310816889344 0.0672079688192965 0.0341655407111248 0.4102893071420075 0.0750943896125846
1 0.6521207892616403 0.0537960769088759 0.0282409460537958 0.2040532009802963 0.1419056493626448
1 0.7454394309899132 0.0557359988227071 0.0278444052738198 0.2575388494776478 0.2173477339222467
1 0.675299828434387 0.04995127572467 0.0256789172009011 0.1934090381238498 0.1166315972645811
1 0.7267424987970128 0.0420027176451936 0.0199358832795901 0.115661711609152 0.1012187624097236
1 0.7023139876249207 0.0468520304989699 0.0226587129675982 0.1610992333725271 0.1486778684755542
1 0.7396896770275193 0.0465217198512934 0.0245494380476638 0.1773737155230079 0.1157622350107814
1 0.6686379906677852 0.07655009754899 0.0419677737188533 0.4292219407555525 0.066316825897009
1 0.6874792426354578 0.0496305258723565 0.0217413688526149 0.2605001986233646 0.3838865143955341
1 0.6425129971720511 0.0563783003505809 0.0295016953364746 0.2401099035278565 0.0827602462849306
1 0.7555354388694969 0.0606001699439085 0.0317446993797662 0.2650640192904454 0.1296747763169923
1 0.6954993977379574 0.0594454705679557 0.0308068871440599 0.2512356426367646 0.1422115077370972
1 0.6208431182040716 0.0746039708580621 0.0398035185046192 0.3907249376834473 0.2126331791620603
1 0.6919132141121911 0.0608511915423561 0.0339882646951967 0.3052788859139899 0.1353047669354338
1 0.6666835373740632 0.07735119281543 0.0408249257882498 0.4388959772125573 0.051185101885827
1 0.7663832756200648 0.0743996406835805 0.0417055736111672 0.3774442469037846 0.1999224789450527
1 0.6534179870932788 0.073099790688598 0.0443080340281047 0.2912055841789532 0.2205410795501255
1 0.744010825924092 0.0581888859461558 0.0309211583841704 0.2322783369150486 0.1476724446045321
1 0.5668246297406855 0.0822729889780485 0.044629311981624 0.4072059698008794 0.0465135618518574
1 0.6346109336383291 0.0771508610184776 0.053254837220651 0.337925416511379 0.0905168861674874
1 0.764750043525347 0.0643818104001541 0.0363433286720495 0.3685315389671111 0.1727386133863139
1 0.6662722218701587 0.0718748289525829 0.038638419777399 0.4292786831830774 0.1776793763943606
1 0.5724992404738619 0.0704676009800269 0.0425802875343332 0.4270215685402673 0.1122808209959899
1 0.7116153099380323 0.076326174955112 0.0415672225348956 0.4237408150917597 0.0593869936105173
1 0.6565173939591746 0.085433514734715 0.067347647098598 0.3059518087323269 0.086679914129661
1 0.6893495879459575 0.075762472485855 0.0450218665366505 0.3414075030553617 0.1467637362393028
1 0.7041614399190316 0.0778886269708485 0.0428468980814218 0.4100899035888428 0.056195916160694
1 0.6847976912780768 0.0762256711338634 0.0425019307630404 0.4276869809139431 0.0772643873584249
1 0.7749024899700324 0.0790060779965969 0.0490156281694479 0.3732366099003059 0.1777291054284528
1 0.6279631228696879 0.0743677393997763 0.0381290365283228 0.3502696738317594 0.212977499144102
1 0.7133536888764127 0.0753625573680856 0.0417253575507494 0.451299147778281 0.066044309407787
1 0.6716909023503495 0.085855640206306 0.0630713557390849 0.2659692399312056 0.0843291824676637
1 0.6869841295380733 0.0786484219892389 0.043221690113184 0.4558316781354466 0.044922893915709
1 0.7103287029971695 0.0658564577474388 0.0329248727947325 0.3661602538259328 0.3261284416013379
1 0.612940744280607 0.0754606488491329 0.0400413281591107 0.4733979688777756 0.1415376194266191
1 0.7271728828138176 0.0931242023473353 0.0495854607477673 0.4658645229709397 0.1051557207522112
1 0.6352072206997715 0.0594956748760982 0.0299411583021366 0.3176196389160682 0.1726610437538046
1 0.7669213665140323 0.0576065048865885 0.027305390659442 0.3108915401482475 0.1147113064643232
1 0.7266757873678841 0.0515357798426787 0.0259503594879287 0.2828674837910132 0.156448036616292
1 0.6244805128643548 0.0490835630222177 0.0224911485629748 0.2148914164470714 0.1600772869581395
1 0.7374317225706393 0.0524868874744009 0.0237862226046098 0.2789596522530126 0.1983601274800975
1 0.6027430163910384 0.0545620544764001 0.0264899736697848 0.2643604302623895 0.1474108774756119
1 0.7567082866059676 0.052741421841555 0.0265102885573472 0.2219471891927076 0.1395867819419136
1 0.6214293151441296 0.0532028770667106 0.0286214496988008 0.2369665720324029 0.1048179723283494
1 0.6515818561150145 0.0568251912370376 0.0311754851410233 0.2790700339450347 0.1248119739603778
1 0.7830274711619437 0.0541160888505533 0.0260499805655639 0.2387386728754282 0.1732864142881218
1 0.6960676269849753 0.0573460171781268 0.0275103350386686 0.3256228080686117 0.1808143841836885
1 0.618007657719925 0.0582907711920028 0.0302981080534995 0.3420141108437008 0.1557786225051836
1 0.6189613397501382 0.0602487396714409 0.0330873435889704 0.343967518253279 0.1251670726112392
1 0.7857109284978142 0.0596885651551873 0.0337719251019359 0.2684064174401028 0.103367848021506
1 0.7261232838071542 0.0690016033125625 0.0369026666826262 0.378931345321238 0.1073920872686253
1 0.7036418878570504 0.0739112877756916 0.0507726119310148 0.3218594999643551 0.1158520187942565
1 0.5387072845273152 0.0727245133914134 0.0508805347894023 0.3246903365305219 0.1185544914293489
1 0.6218063306722319 0.0769370277836019 0.0507366376880548 0.3776061470710878 0.1543889465552989
1 0.7212773351344995 0.0766360575274536 0.0409732183708946 0.3826765306966523 0.0858173909060606
1 0.6537776235233008 0.0749608298919107 0.0419461632068427 0.3765249408953303 0.225771735082537
1 0.6845713926082455 0.0819403216466806 0.0422915060319426 0.4664055797242726 0.1203350652466289
1 0.7263847176139402 0.079361311444664 0.0477833529803825 0.3124853453392399 0.2350837735629407
1 0.6547202286218585 0.0769769158920497 0.0423006692635705 0.5469124198194003 0.1483427520351336
1 0.7092554118159932 0.076681175615785 0.0379524355049852 0.5353780013594788 0.0932683943386444
1 0.7408277000167774 0.0574364102784347 0.0316735402285238 0.3141122991115526 0.2042057792481718
1 0.633141083830779 0.0621560784514864 0.0352298942688185 0.3870971034608222 0.2486002387639045
1 0.7464474317705713 0.0563889134234852 0.0276644280701601 0.2391489004660979 0.2201982449417148
1 0.6057620012200922 0.0646941041002627 0.0325287469435288 0.3398204393508837 0.211049629884788
1 0.7554542476770536 0.0458456778921844 0.0231803400085482 0.1993247178523695 0.0991462794555386
1 0.8931523853367435 0.0663736668236727 0.0393543758188508 0.442350197560342 0.1457723302146048
1 0.5589922162468883 0.0573835073801156 0.0304368659902321 0.2378114900752987 0.0722309743298448
1 0.6466746761105132 0.0531427364549681 0.0281223065807458 0.2498983481190906 0.152647606609578
1 0.739208779671243 0.0505713920134336 0.0222929744617418 0.262693790573351 0.1824922824111225
1 0.7605271327095379 0.0404665526494255 0.0182342388153421 0.1628048783643033 0.1459851088373861
1 0.7299976487621074 0.0442087477666989 0.0225824226811998 0.205361638391334 0.1449060198376265
1 0.6342478823756387 0.0551706260808029 0.0283545128966597 0.3063020233086821 0.2668982049847746
1 0.7350677037383802 0.0369825397101047 0.0180217957307765 0.1292266727821129 0.1249174927899267
1 0.6287977647058824 0.0444343786805687 0.0205272369385821 0.2190909421332577 0.1401229464374279
1 0.7321760545283273 0.0471910201558309 0.0245321622067489 0.2044561592694619 0.1864350540378781
1 0.7308995398908509 0.0531402042569716 0.0271091099435072 0.2642095039616524 0.2139593750647325
1 0.620911784706728 0.0464095223317296 0.0222525822873759 0.1982256643697839 0.2909817916354713
1 0.6509873855699915 0.0526013543823832 0.0257774733909549 0.2583800159047721 0.2096219819793388
1 0.6282176691880921 0.0432287366816923 0.0185798645752678 0.1421630129199565 0.1272522361155334
1 0.6724095407933981 0.0442454278893405 0.0217374443832712 0.1820402380946013 0.1632528040779083
1 0.6557897553045934 0.0422286068075787 0.022040232091996 0.1977523450866701 0.2213937314144572
1 0.5940298242714953 0.0505377896842437 0.0262741279983374 0.3036402569482229 0.1597409768272119
1 0.4660482807797633 0.0519399246242622 0.0282167390607899 0.2779263872427681 0.1003395293715893
1 0.7260337420941859 0.0447283021528353 0.0214234870429841 0.2036976417477677 0.2613146725376756
1 0.5343142105267397 0.0468487501135128 0.0255677239762161 0.2426328406492074 0.1973589355696351
1 0.7679720707045594 0.0454871928106745 0.0195321248965713 0.2045235956416113 0.1584064963827919
1 0.7293268163399148 0.0438660033161421 0.0205268175482798 0.1579351863298875 0.1396421535049102
1 0.6779770283348678 0.0403351958959361 0.0192030237310103 0.1436344423923958 0.1113099684104876
1 0.4763900596760443 0.0450117283685451 0.0210938318317974 0.176788317744443 0.0500697009307192
1 0.6208812006798294 0.0507274902795117 0.0266788386363483 0.1981795157635034 0.1945297877517981
1 0.69902242114237 0.0548266730641443 0.0276591377380276 0.2540480971326967 0.2068368327656869
1 0.8203180177670109 0.0517642095168958 0.0246975161207197 0.2265205693595323 0.1302688990669305
1 0.6486214443942302 0.0494594592960029 0.0260882608885915 0.2091836269358772 0.1630615706552733
1 0.6278573448820325 0.0576941765336722 0.0281735699239103 0.2864188969412683 0.1874090156103009
1 0.8085218028868746 0.0461251884645753 0.0178561467277099 0.1218154676621898 0.0901836538492875
1 0.5986507812933402 0.0535831506326251 0.029146535811287 0.204811054365677 0.1583710355467899
1 0.624749289106878 0.0519254908820627 0.0255456488499177 0.238596141255046 0.2087208613998709
1 0.7560785778244092 0.0511236716191139 0.0264750877649817 0.204433661552581 0.0907081597077313
1 0.7208221319393009 0.0490650395080336 0.0261809891094752 0.2016766136675513 0.1595028299494795
1 0.7702765596208014 0.0480477913888764 0.0258163863123242 0.1860186451010211 0.1347417256223373
1 0.7164969185190521 0.0442853852220159 0.0234124321313084 0.1420391171524675 0.1657021363261423
1 0.6988873797843478 0.0480559358299849 0.0228346131745689 0.1803935878762611 0.1394698617262667
1 0.6566551633648288 0.0488082399671137 0.027235622359442 0.1662437022773709 0.152147787326143
1 0.5575819536329002 0.0537544521903016 0.0279392231938002 0.2409311874899042 0.2619077812320049
1 0.6368655872721296 0.0502903540624431 0.0287409356969981 0.2205428619066481 0.2136213033363831
1 0.6278624202179982 0.0484536207613795 0.023833411534758 0.2288887191102633 0.1121839183172769
1 0.7474826099279658 0.0545419526613739 0.0284118872020985 0.2487880593771093 0.1535139687306058
1 0.6594146547321125 0.0501446043853772 0.0222824614327186 0.2018851115073988 0.1877639445917848
1 0.5206693520886616 0.0568473969720618 0.0294308709748227 0.2848196580881896 0.1856711398967595
1 0.7646376818930467 0.0469794303863728 0.0231818083505458 0.19729593911079 0.1403358762039392
1 0.6492883475768526 0.0426301609056423 0.0219572145240623 0.1674961886524911 0.1346412184914585
1 0.6652013947144075 0.0510931450626518 0.0270511724233184 0.225162535074476 0.1569384028368
1 0.6666527613310146 0.0515997007092382 0.0289452182092096 0.2785684461854668 0.148269630218917
1 0.8613087979539642 0.042124979928663 0.0249790539567024 0.2350226696602145 0.0658700736499174
1 0.7382806636095072 0.0558481379144826 0.030069691150133 0.3107222367404307 0.1909269134601194
1 0.6276446646303426 0.0504553111243985 0.0278698442254339 0.2529372957960678 0.2841724779799865
1 0.7413648368304996 0.0423408584825433 0.0209924782105847 0.1386971820982585 0.1361894520715937
1 0.722727623296764 0.0505655257941939 0.026491883813341 0.2373388086568646 0.219811783328053
1 0.6785222778309292 0.0495717217096717 0.0270355835717516 0.2472222271894102 0.1661748529707416
1 0.6563107234856811 0.0421799656159815 0.0204771299087511 0.158211937609547 0.084564073750335
1 0.77931787242874 0.0571154521760887 0.0289105287250264 0.273546206023613 0.2369997547865643
1 0.6457681296811322 0.0472755468636942 0.0223889058734324 0.2021903835241368 0.1802676065364317
1 0.7462038085527024 0.0424812169836928 0.0200421582274887 0.1608569422044383 0.1386886193333992
1 0.7061806124743257 0.0451856896030293 0.0218573034275462 0.1878430772517645 0.1411011652675015
1 0.7518224863996728 0.0409439175535228 0.019908159020896 0.1422124267528191 0.1339875371266884
1 0.6125422453092174 0.0425690950910249 0.0194002734666707 0.1702471339744924 0.2517138335239981
1 0.6466444979359318 0.0482369231792318 0.0224112347371124 0.202326697634821 0.1851041383751859
1 0.4871822896951107 0.0432796793046158 0.0234064640480777 0.1979171775521184 0.1085028904519071
1 0.571316874845954 0.0379598143307952 0.0203075368807228 0.12928383423227 0.1353086605793434
1 0.7644331803292481 0.0395818920200876 0.0184111784616893 0.1407699929583034 0.08865043952254
1 0.7139597098474613 0.0429369416667854 0.0209931546989857 0.1563195416687169 0.1572267052856852
1 0.607410438048191 0.0461664277444979 0.0217413688526149 0.2023437001464939 0.1469203511040763
1 0.5970820289855073 0.0491056625248993 0.0214470338460958 0.217666667067002 0.1902145138422118
1 0.515029673184431 0.0542493233761679 0.0308068871440599 0.2823380805917789 0.0659734045366285
1 0.7318466895534594 0.0403370583105595 0.0185036837485274 0.1417687230787752 0.1123505752966827
1 0.6562578552208694 0.0425146909680471 0.0222593984692689 0.1727350745003055 0.2120577650162458
1 0.7534538081518977 0.0512663499690447 0.0264060336853649 0.2351084525664089 0.1740098947984276
1 0.7264302750820392 0.0400544844939291 0.0175435426491412 0.1292675349003965 0.1851102291608754
1 0.6114203560405661 0.0490211011760547 0.0264180251126357 0.2748749660323121 0.1121155559953998
1 0.808494959356399 0.0564817421889217 0.030720548876776 0.3420724082607728 0.0807179557281574
1 0.7916335160877612 0.04905317618438 0.0273337340347571 0.2834811102084414 0.1811609433415653
1 0.7232471911782573 0.0381350811838638 0.0176422282494685 0.0925919383735757 0.107459686078304
1 0.7194175223462302 0.0461360409066602 0.0209915891422551 0.1441011531353736 0.0897802971646178
1 0.6462682695649445 0.0416960916137669 0.0194472376949973 0.1341429993487706 0.3305573402055459
1 0.5998755192123579 0.0573409378287769 0.031517089035562 0.3491965814217841 0.1509344229009766
1 0.7247475442786429 0.0602645015488625 0.0302195861278895 0.3511604964922362 0.1828624458629115
1 0.6985898742163751 0.0507809800537886 0.0272025818153316 0.2380200260321765 0.1592106904557314
1 0.6746049339883922 0.0403929308647337 0.0172086097068924 0.1265317779576551 0.1990252936602603
1 0.666612024995683 0.042124979928663 0.0201225263005712 0.1575974517722002 0.2504685874179045
1 0.7418438625748134 0.0473673150954889 0.0260151131900104 0.2462592525639623 0.2426816947059964
1 0.5603904025724399 0.0498871257080193 0.0262741279983374 0.2524856224200872 0.1152050152226719
1 0.8469515300331049 0.0402004809879865 0.0174244553783398 0.1360904468033073 0.0707736210598653
1 0.6038658853784552 0.0534915519106988 0.0253432935309122 0.3014048676892013 0.2081552682107878
1 0.6684539562799796 0.0487026424205079 0.0292111709169634 0.2643998203750777 0.1319348186107651
1 0.564566080688341 0.0600753065964513 0.029806148108944 0.3036946869425735 0.0992249014087009
1 0.5737122948647502 0.0480034494894656 0.0293940790998172 0.2758408595222991 0.1718639951508248
1 0.5852514884910486 0.0521708644994527 0.0273101872316454 0.2391255444542803 0.1967099126386039
1 0.6422430950166479 0.0525435174536307 0.0245669849411002 0.217666667067002 0.1438276049159056
1 0.7579147077116728 0.0482769077050775 0.0230201184341522 0.2019766768862121 0.159658578708297
1 0.6157300750667076 0.046286708910248 0.023872844881631 0.1861907391254519 0.1782139580968912
1 0.6861716901147281 0.0469409212199197 0.0248211180973347 0.17193814513686 0.1566930324897443
1 0.7172990561668474 0.0526007465486318 0.0282245407098487 0.2179805109818158 0.12215131601117
1 0.6690896961142506 0.0532028770667106 0.0273803370734088 0.2547649972762681 0.1488833196937422
1 0.6425250112734391 0.0570206018784547 0.0288157108050461 0.2446511903462881 0.1077199902691248
1 0.6619169050088867 0.0546375412737889 0.0291098935691363 0.2733701729746784 0.2919265317460499
1 0.6565039113706395 0.0623038247769782 0.0333864198939328 0.3088516342778757 0.1828697157741164
1 0.7578753334909053 0.059051823042929 0.0313955571635736 0.2711033024897127 0.1154267814674599
1 0.8117364467178176 0.0577134215040264 0.0323609759940219 0.3630720684750076 0.1363699770951061
1 0.7507592613378619 0.0598973094567083 0.0334814965891328 0.3063338560583505 0.168939316702049
1 0.620346597170087 0.0585007165540797 0.0316898921700927 0.3580788337850367 0.1977903855042232
1 0.6435075060906666 0.0535565037505961 0.0243500179945476 0.2019444233271758 0.102242979336269
1 0.7242081992791953 0.04420931016303 0.0203145923663971 0.1395338108120361 0.1504769137686715
1 0.6578268464578891 0.0594240872675621 0.0310706985245903 0.3627779556159553 0.1380857062915397
1 0.7489555979994681 0.0534795238114443 0.0263820508372988 0.2708676779637611 0.2281747771040042
1 0.7690336445365799 0.0612063871162837 0.0342712102054335 0.3689947667664412 0.1784553910411805
1 0.7915349867097698 0.0465192525474019 0.0224968287123938 0.1755383379611204 0.1340694427827906
1 0.6122965868292584 0.0577247420612383 0.0319622963409878 0.3317490458757042 0.1817933476809054
1 0.5873521899035499 0.0524728627844554 0.0254771593578293 0.2979656557897641 0.1260202886773562
1 0.6615788654862403 0.0626385677959443 0.0374144077435025 0.3671101183767303 0.1674084749996793
1 0.6704381988064791 0.0531869999502912 0.0267144531724933 0.2953613992929423 0.2203087120994434
1 0.7825900556446446 0.0597662204202692 0.0334689837780036 0.3508663836331839 0.1973620199621617
1 0.5399749531116794 0.05578892256335 0.0305910414726125 0.2435151792925395 0.2073762197656231
1 0.6984115741290502 0.0488366700513889 0.0252488610508682 0.2220908935735269 0.1963472042267305
1 0.8309440284057427 0.054393660798162 0.0304831186336511 0.3236977055319575 0.1247611110927841
1 0.6726634548768083 0.0536307344082688 0.0286908286671671 0.2690675495227375 0.1066780144653511
1 0.6167033536542337 0.054962520039362 0.0297911427983143 0.3024631874999544 0.2206278837706855
1 0.5897125282444331 0.0658851401912627 0.0368837730416939 0.3841972922753353 0.1531345060426447
1 0.6291088395969583 0.0576328610730496 0.0303249991263089 0.2888325035668246 0.2823373332270847
1 0.6382006559253607 0.0627858509137814 0.034137077509084 0.361086806477879 0.2214932754671982
1 0.6427810599000171 0.0565474015708616 0.0341461466535828 0.3058498109340694 0.2576379129175818
1 0.739859189102977 0.0532331879253294 0.0277634631462176 0.309205292952919 0.1818502976290593
1 0.7054485814503121 0.0549019795552255 0.0299622736361119 0.2443159975857112 0.3041023355800474
1 0.7780108828644501 0.0572746357411643 0.0289419805241055 0.2944084735343206 0.1978756055264056
1 0.7164877672039011 0.0452446940483208 0.0222298616896999 0.1659970837013562 0.125062720833594
1 0.7914728269361977 0.0526949203656363 0.0281669285187346 0.2691539047799655 0.1579476872610927
1 0.6679801864322727 0.0493107629415996 0.0248296223370119 0.2586778298877656 0.1574194614526538
1 0.7756713046332891 0.0568380848989444 0.0299609113606783 0.2715365476050296 0.1796273351212255
1 0.838806905370844 0.0477541393864331 0.0202844105557756 0.2520628351355681 0.1606460701359393
1 0.68119586870059 0.0545113513381271 0.0284757538691169 0.2296522814473937 0.1650886356851574
1 0.7535968165436454 0.0607445073659026 0.0295349394273721 0.3441175432450695 0.3432427283194783
1 0.6707080044083068 0.05846524499754 0.03088871874794 0.3258756761170426 0.2247872082056471
1 0.691349287227035 0.0493747380212948 0.0252987241340773 0.2237770399837213 0.1550798803778179
1 0.7289470160321363 0.0623322190078378 0.0375967753430253 0.354393637468442 0.144223213983194
1 0.6703492107764433 0.0595385914723343 0.0296580311383393 0.2808651442393083 0.1447055865784998
1 0.6744721635486445 0.0684173014105833 0.0381148049596793 0.4114641426411261 0.1444380112627249
1 0.6077363341858483 0.0496305258723565 0.0257884752327243 0.2098760176965859 0.1594716266266543
1 0.633118242636931 0.0560701954956635 0.0283412654094528 0.3208470729257864 0.1696490358504246
1 0.7226195269322968 0.0565676044220832 0.0308566976861152 0.3263905352868859 0.1676880740994229
1 0.6856721186423597 0.0592748900045694 0.0294382293524139 0.2612221120828819 0.3395486286934318
1 0.5919040369308918 0.0688995717085696 0.0393867526698917 0.429619705003755 0.1543424280158985
1 0.7312277113107859 0.0682950108947142 0.0384393316711857 0.4195164300871961 0.1977460452615476
1 0.7324597845740358 0.0558851474728561 0.0299280868996717 0.2660935955515484 0.1206995710295879
1 0.6436200341005968 0.0629095686958142 0.0321019611856949 0.2849850965879504 0.103501310107111
1 0.6006192583120205 0.0577134215040264 0.0321019611856949 0.253882658632936 0.0932088551438015
1 0.6309833792602353 0.0672610746560309 0.0386252971159036 0.4280832715021651 0.1479035603602662
1 0.6961121010892276 0.0606139163513044 0.0328497122661744 0.3543432181003779 0.2389614977449518
1 0.7793447110497118 0.0549599075897588 0.0310559398413857 0.3370600459023364 0.223606005965262
1 0.6411892738366854 0.0548480563645379 0.0308548528466675 0.2822155335451154 0.2147096626339759
1 0.657789059097862 0.066024851367942 0.0345841864105774 0.399937280816295 0.1441554755923445
1 0.7881215794340121 0.0582299975163274 0.0321360420951597 0.3072060993135501 0.0784367799507812
1 0.5470615878797204 0.0633219613218352 0.0293268025222733 0.3650573304721362 0.200804181388102
1 0.6407979460138995 0.0628807012114154 0.0345626018648014 0.2970621070704825 0.176175656814697
1 0.7283708061138824 0.0560125805578659 0.0294418090989493 0.31297550222493 0.1053709411830809
1 0.8065600988014867 0.0575690840820323 0.0271240203381604 0.3153430612940414 0.127860590012267
1 0.6577661797189838 0.0561396779717673 0.0303891213243865 0.3135365796175745 0.1682045909321356
1 0.6857608797442183 0.0636968637458675 0.0382535628834611 0.4395347350616072 0.137934637494541
1 0.7178051289132957 0.0327468128005062 0.0156601516122255 0.1118875136149117 0.0842052554050048
1 0.7203303082094868 0.0363643130291349 0.0154962340324974 0.1242818143609094 0.0956047460737334
1 0.7042804392005183 0.052889757987488 0.0291358238653664 0.2672458200415015 0.2217512813278754
1 0.5327422019086623 0.0439395074947025 0.0207238106779696 0.1901652021442129 0.12735362474782
1 0.7082785552911715 0.0363514830488988 0.0176516613551006 0.1191460614841624 0.1066808798719493
1 0.5713588096457219 0.0638993110098116 0.0334895404882665 0.4115691829857449 0.1146295711802955
1 0.5395913981244672 0.059878482833938 0.032587613951308 0.321712443534829 0.1787114682542018
1 0.688327294508631 0.0633398576033183 0.0328350219823054 0.4379126999744187 0.2203658692793218
1 0.6146550000991372 0.0475642217076824 0.0258992381431575 0.2298157105311363 0.2217611786869319
1 0.6567309241005286 0.0386143213197476 0.0159135356652574 0.1514175232823248 0.1603918671434995
1 0.6738693686671168 0.0500518350869586 0.0242615129324093 0.2880077027131489 0.2497791376275041
1 0.6669711432002999 0.067869527384133 0.03673185088454 0.5045731212886603 0.1370684967230586
1 0.6829465808581074 0.0456732748667731 0.0227666358000842 0.2541446029021654 0.1799845253176767
1 0.7024466222350624 0.0339069598749099 0.0148320110640403 0.0949631397366979 0.0695225617972668
1 0.7279945242838534 0.0553295259939768 0.0292402653186659 0.3695615270377278 0.2290688939666558
1 0.7388322627305303 0.0444475002801322 0.0225875820036423 0.1939262423513394 0.141074875201889
1 0.6684996043011492 0.0479474970878296 0.0272698688894507 0.1559368237873661 0.1702513668675485
1 0.6260617391304348 0.0669029040568961 0.0488300008685623 0.1757405406013503 0.1462956782200871
1 0.6761450507968491 0.0596675281491366 0.0350856125304806 0.3832453846252411 0.1375634033880962
1 0.6946901604021142 0.0515517067266411 0.0265532387813862 0.2710996721734494 0.1715160233803941
1 0.6937977904378108 0.0886222494507263 0.0785511792960158 0.1413962958029865 0.0730257973637582
1 0.7395186500973776 0.0614421382196291 0.0369449985088103 0.0993493133368404 0.1341836231190707
1 0.6453278933811286 0.083234902055591 0.0607407575887359 0.1379403499978246 0.1383344232648548
1 0.5713079177289548 0.0620173010224574 0.0402844744252055 0.2707273059113794 0.1065231205054565
1 0.7092396441261721 0.0670793164294806 0.0548993756605233 0.1372458902632379 0.154654116156057
1 0.6376480187170264 0.0644408004694384 0.0365784127784666 0.3950664357417113 0.2477144256074634
1 0.689334440490121 0.0606001699439085 0.0359871833105999 0.3128201241726906 0.3008228287632176
1 0.75588326412429 0.05848322106875 0.0367786174327649 0.2782940283827587 0.2735746882792302
1 0.7230244398976982 0.0633714484461953 0.0335265426314934 0.464585131928182 0.2534627852110589
1 0.7107817836502097 0.0614567297514983 0.0422343232679545 0.1886293749416369 0.1927408068679715
1 0.7428576211124706 0.0731575256573957 0.0536145799740198 0.1121570104825321 0.0491076641194856
1 0.6616395976851969 0.0673755383308551 0.0467477250067304 0.2020517498333351 0.2261637699775109
1 0.7379916771216913 0.0505617350316126 0.0246552854462937 0.0811008241688959 0.1067837605215474
1 0.6837753672927263 0.0579551027969568 0.0293762820952065 0.3599941428919082 0.3920746486103512
1 0.743623653178053 0.0683256586368759 0.0488454184660132 0.150176353363816 0.1048068170778355
1 0.6527777861565218 0.0642853807047137 0.0449424825126278 0.2346073134098769 0.1403525425790241
1 0.714575811666387 0.0698472296759061 0.0600628220719835 0.106777999151876 0.1001551762466301
1 0.5802711743353998 0.0698821764793145 0.0628350644293998 0.1111983156187221 0.0969288009226202
1 0.6654405044617493 0.0792516763184854 0.0577785489143649 0.2465082622557017 0.0944733969253964
1 0.6532804353422951 0.0668932815428515 0.0453246671507882 0.2759587720410058 0.1710269545940185
1 0.7421791336827963 0.0665486212728251 0.0458572172671044 0.2166038500422468 0.1798625460671365
1 0.8085486786018755 0.0650746300257258 0.056384599466351 0.1509799117817716 0.0989488179657787
1 0.7090713643361773 0.080337700815078 0.0629038704829115 0.2286631015621098 0.069266898281116
1 0.7039910059478534 0.0649601554967275 0.0414800835427579 0.1910502573538864 0.2367980749430132
1 0.6263589670386905 0.0672470932673121 0.0429108483843218 0.2487413390815491 0.1950638207757583
1 0.7785673282112601 0.0683943907315902 0.0485170246634184 0.1148481434340315 0.0782204928259114
1 0.6247124361890809 0.0829297036944727 0.0675666044897728 0.2343118968292712 0.055514283267208
1 0.7074594263960989 0.0788156786350015 0.061962183618786 0.2329926164466083 0.0709882309109499
1 0.6213908917306054 0.069722295013936 0.0412969868813033 0.2978231241693818 0.1670115426901152
1 0.6681218807134935 0.0802647003163855 0.0602439201104233 0.1203142314661256 0.1928201435917151
1 0.6964722650181621 0.0700275785341332 0.0492217755947547 0.2498758741591783 0.1742267841984821
1 0.8200526007161126 0.0834054826189772 0.062859969674526 0.169839900754493 0.0487507334929069
1 0.7367332054563137 0.0699899753448105 0.0586862992697813 0.2155791339672143 0.0965853909970359
1 0.6441523961490879 0.0825927519088054 0.0649022018469906 0.2405508607904536 0.1030609318964694
1 0.6425563720929447 0.0683882487124046 0.052960919713626 0.2052930192662621 0.199463101469268
1 0.7753588458076318 0.0766834827051381 0.0601079373360516 0.2200859365200542 0.0971293304512317
1 0.6394441437850298 0.069003815427892 0.0577377858113674 0.1974638881728723 0.0644763891971092
1 0.6639624121427588 0.0743498255668626 0.0557125757683376 0.2225800261963772 0.0926268180151652
1 0.6736839868932583 0.0758696825701393 0.0582650017119673 0.2238537648011767 0.0960504843929791
1 0.7079338290243 0.0707679394424116 0.0449663633541871 0.2886320963975448 0.2862399453387274
1 0.7428512965805285 0.0500196093326297 0.0260629746197316 0.2255998681751218 0.180751036562914
1 0.7292200128114577 0.0424405977773351 0.0196001797682866 0.1605929915632593 0.1178703091831972
1 0.7187871120511236 0.0441063390956248 0.0229922926416532 0.2065672477013717 0.1575410837331333
1 0.6445483738175073 0.0605860882695488 0.0331601314123768 0.3623861039412082 0.2415200462864266
1 0.7670924098091867 0.0562401843910895 0.0321019611856949 0.3907060027177465 0.1220542354862421
1 0.7326915207921159 0.0379923716570499 0.0169246022424168 0.1657881087368755 0.1571758915429978
1 0.6490004171778618 0.0736082118674963 0.0498365465300281 0.3694465151853252 0.2009839700490716
1 0.7444001381228031 0.0311312796008669 0.0192321628969471 0.0598508715189698 0.0518492796843729
1 0.6758055520605627 0.0598895857303175 0.0374814995075053 0.4645749511076084 0.0956586130986361
1 0.7354127545780051 0.0320213603890756 0.0128377348163743 0.0824883728808358 0.0962867771728159
1 0.7146692455248969 0.037861990970943 0.0180745022332239 0.0867436050186615 0.0997831754339097
1 0.6159319233164331 0.0436431957577165 0.0224128887279739 0.2295203077150138 0.1927456579045617
1 0.762948252344416 0.0807111840558422 0.0530659722346613 0.1602720408737235 0.1010550722808058
1 0.6761795907928388 0.0391703079723045 0.0212842838986483 0.1809145485503264 0.3012254814732865
1 0.7182123466179983 0.0436609479904525 0.0196643633140215 0.1986324427000843 0.1249003946394946
1 0.6764585400728117 0.0616236534974308 0.0268922315152653 0.3374742205909088 0.1441674492931836
1 0.7115419979537461 0.0505542853731187 0.0258856057858469 0.2109348240950545 0.2117398498949488
1 0.6886744335238875 0.0660468651341949 0.0443685115252084 0.20261545260262 0.1100242016030386
1 0.7445821972535652 0.0671481602990945 0.0417044614015802 0.2277675862054996 0.0940261217439962
1 0.7268738345706393 0.0685434865542427 0.0440778381786577 0.2377896740312122 0.1435429810856572
1 0.6382973518764196 0.1379650281327491 0.1152025455023558 0.2451695642901466 0.4523023157282606
1 0.6171853943794032 0.0824432331197715 0.0693713141904147 0.1851337709472418 0.1063110325699151
1 0.5085234441602728 0.1425838256365605 0.119519458996057 0.2671177386137932 0.6489203818236866
1 0.6585584912676011 0.152368383494322 0.1592918644121357 0.2366422254860457 0.177431671304682
1 0.7101931270487297 0.0362432299824032 0.0170467254516881 0.1094548483418322 0.0684084125626594
1 0.7300708723753248 0.0375061824248516 0.0175350989606508 0.145449539047124 0.1009881729740198
1 0.7480214917975516 0.0602605524769968 0.0299688980563915 0.2866200182092885 0.1939723239361954
1 0.5562263201590998 0.0478984768084272 0.0278929705503811 0.2621545836209717 0.1202782575626707
1 0.7676361466325661 0.0520040745831779 0.0293679159881266 0.2765844972406232 0.1570445488553352
1 0.6322121937039387 0.0546576926831532 0.0288168953250921 0.2772700133699128 0.1931946234554634
1 0.7223379216107485 0.0637677912127704 0.0344383447555564 0.4215121006806248 0.1883632526065447
1 0.7126150180212106 0.0326708787880491 0.0124330241783634 0.0747127633920822 0.0679832393090502
1 0.6526614625546258 0.0540198638833122 0.0301427466070655 0.2810569927455923 0.2242063687920551
1 0.7407882292424348 0.048852358894075 0.0265838196172708 0.2577956388155754 0.2165825252855468
1 0.6475843968068749 0.0616047584009875 0.0330732667169211 0.351266377132083 0.211101190083302
1 0.6977701152683103 0.0613414584221956 0.0332371495303866 0.3318879324888842 0.1722418487904881
1 0.7270840573429088 0.0592325728705143 0.0313330109734741 0.3348275806033596 0.2069360365214498
1 0.7498128781033521 0.0552579463528664 0.0287472513198233 0.2889954853048638 0.184674758841397
1 0.6502826115657766 0.0717347710774159 0.0405507775217166 0.4357547160144897 0.158436062357796
1 0.7272934509545302 0.0626113771082442 0.036300278144526 0.3980723102111488 0.1485595728902928
1 0.6471218800874612 0.0565587221280735 0.0306640480923029 0.2462627559558086 0.1722331823648781
1 0.630920929825937 0.0620657498988737 0.0340943828031534 0.3787505478420365 0.0923386670294177
1 0.6514565055720647 0.0688805799637885 0.0358167788280293 0.3821497397051537 0.1803659362649273
1 0.6515500278016437 0.0652612125285339 0.0383878083807596 0.3865643354410291 0.201495023987778
1 0.6440066684377153 0.0632837767991117 0.0339606322831536 0.2989922229230827 0.1990274042425498
1 0.6535711554304655 0.0629456530513127 0.0355824726725889 0.3509950579924754 0.1092841904659261
1 0.6943174799658994 0.0544802632513584 0.0242020095317214 0.2653310028163775 0.1809208790593285
1 0.7540188713144416 0.0502738583735681 0.0261816227114993 0.216616454867719 0.1313237056702019
1 0.6877368339372412 0.0450117283685451 0.0252959337740226 0.1941558402836218 0.1808010552998024
1 0.6519812829826291 0.0648651079764401 0.0356425264862199 0.411625599764127 0.1956489824145301
1 0.6563169012780086 0.0722224701945182 0.0391216378685675 0.4551086228194039 0.1483429580531088
1 0.6464188440476044 0.0673320673057136 0.0387543248246421 0.3465811588188596 0.2150018983972088
1 0.7853175577759318 0.0662404322980582 0.0359871833105999 0.3291953541343001 0.159644262151879
1 0.5592069426706769 0.0569261264539731 0.0283344730633976 0.2438961891868188 0.1392139079962674
1 0.7940912366192396 0.0542493233761679 0.0289362246387565 0.2245448980307611 0.0589498753516579
1 0.7217328072614083 0.0783132583710252 0.0396910950696759 0.4717056049578831 0.1859829515838216
1 0.6749324529898175 0.0616706725096098 0.0374711223382245 0.2882662934778128 0.1737113371899651
1 0.7891503223228783 0.0593775470514793 0.0312639720980265 0.2801971117830241 0.1168574549944165
1 0.7625468889502882 0.0586690347727136 0.0322284914088978 0.2573131304826063 0.160401985915983
1 0.7389500215440478 0.0570653759241069 0.0286924805470579 0.2598384446243217 0.200075931290173
1 0.7436389959230418 0.0663637125067625 0.034424162917756 0.3362482123829737 0.1803897855445559
1 0.6242381792094936 0.0566811902367067 0.0292567227634416 0.2723315580142287 0.2291580906787534
1 0.7530825863838227 0.05466806049791 0.0312551820031315 0.2123812292738447 0.1748014883009493
1 0.709267482103925 0.05768491041759 0.0342764064957644 0.2172901134241522 0.0904820670215818
1 0.6155823890088049 0.0626664741085825 0.0319315567095997 0.3056387871792076 0.1561815170707733
1 0.9037555498721228 0.0652189674477199 0.0372822573522349 0.3101317485515789 0.057770564171029
1 0.706715298900133 0.0586250262927476 0.0287279524955509 0.256413577433971 0.1866754655162995
1 0.6575440775839316 0.0640990481943204 0.0388035792748546 0.2622462724169059 0.1420987181020019
1 0.6331124079643716 0.0589700061258262 0.0345207023990861 0.2554397268815487 0.2021011270183542
1 0.7095169116283309 0.0510017313813005 0.0301593501232424 0.1700053392542538 0.1858063853633924
1 0.5924793691389599 0.0531523589690126 0.0316486852711226 0.2178832410850046 0.1644196699585973
1 0.5925062852209924 0.0714482667218447 0.0429226456022893 0.3479736285320626 0.1770708169268225
1 0.6256679014601875 0.074728256405778 0.0469800765069197 0.3223469488203302 0.1283598210744566
1 0.7002056759359727 0.0679766612582584 0.0399181139082377 0.3245579857307132 0.2235325747068525
1 0.6373739707583836 0.0666382854114169 0.038271550037318 0.3717024435679167 0.1188851591591353
1 0.7616168412715429 0.0616956539687288 0.0333389229239484 0.2313236344792903 0.1745094502510911
1 0.6511389168603989 0.0658155621060505 0.0401601996381999 0.2481106932115456 0.1440778359456645
1 0.5300634051647837 0.0577134215040264 0.0366347203314174 0.2393240706539931 0.0744973598691639
1 0.760569099693831 0.0641144723799096 0.0408859416476326 0.254947219445654 0.1741617897754181
1 0.7736130518819574 0.0767384683924566 0.0442201539946004 0.3243437034991602 0.1140950645385776
1 0.7696120359110383 0.0669510165116492 0.0421682184798788 0.3674637086264101 0.270932394740394
1 0.7240260294118464 0.0589195447238677 0.0331873066632832 0.2579924992481219 0.144699249273937
1 0.7396229350503666 0.0688048916713586 0.0413694634984176 0.3453200620977562 0.1814546605816551
1 0.7225480854689719 0.0583080054843337 0.035745565037613 0.2333682846626074 0.105072156220208
1 0.70260434768281 0.0590860998320244 0.0335027555532947 0.2114763819285154 0.1409757566641041
1 0.7281548070375994 0.0548805590157771 0.030530604679686 0.2175303056409068 0.1851489800240901
1 0.6597362523264109 0.0715505690451063 0.0431532596958981 0.3854040601180991 0.1680273376018331
1 0.6785602839366275 0.0593775470514793 0.0329018598470423 0.2464606333719008 0.1619537934129065
1 0.7034530830680169 0.0674596341049112 0.0420462797474295 0.2932885336396665 0.1939588187392514
1 0.5885688642352669 0.0684521257003878 0.038473725470539 0.3228374253332018 0.1225650327489099
1 0.7005063197678977 0.0735642947819859 0.0435927999256773 0.2894609600237222 0.1126833173240424
1 0.8332899126218313 0.0678957705255251 0.0445817656045649 0.2771042080599104 0.0855499200366079
1 0.7411722184479863 0.0628076834499672 0.0375271243184551 0.3390431690443647 0.1858322883707376
1 0.6722492247641262 0.0707759581944929 0.0403535614450306 0.3262665977627196 0.2152527934117226
1 0.7330534854179572 0.044335915963672 0.0203408818060851 0.188584467521157 0.1340143316648436
1 0.6392712452429258 0.0694304565823325 0.0379741462557266 0.4370842674809717 0.1785509877895159
1 0.6978541512454766 0.0616517711777898 0.0334317246920869 0.2875021251725454 0.2027738074566228
1 0.7153989292605761 0.0363913844941244 0.0172076963947768 0.1305994752988151 0.1295109449459836
1 0.6913725200901893 0.0459249906127505 0.0242432164306915 0.1984878329736189 0.2112927729379757
1 0.6498045006256778 0.0489718593098421 0.0255080278620354 0.2330886703042711 0.2434550817772016
1 0.7140382924568662 0.04605739265785 0.0220661397438565 0.2508094976786297 0.2217406125991907
1 0.7446065560295994 0.0420026276941122 0.0186966583605966 0.1869315603525805 0.1190926616775411
1 0.6869112484991237 0.0519399246242622 0.0286671995944769 0.3437277522722752 0.214814599183263
1 0.744350376482919 0.0441206016536417 0.0279211243333319 0.2522570455742254 0.1608700419548708
1 0.686192496046486 0.0684295204971146 0.0372548484052177 0.449660303345412 0.2350201456299568
1 0.7411448883311305 0.0857067496892026 0.0484591111539024 0.528524548980109 0.1159896690815647
1 0.6586348411437614 0.0789322354333844 0.0441086035043149 0.5339825509077379 0.1570102295825013
1 0.6746768511280886 0.0501597631055798 0.0310407199564134 0.3428518073637313 0.2685092559688799
1 0.6351911824417391 0.0501603291392139 0.0247733657257986 0.2945454955232577 0.1985036312331639
1 0.7458791288809957 0.0530444196920725 0.0267527423149752 0.3406299763191682 0.2104891263937387
1 0.7100728791167673 0.073912441551308 0.0401752105176479 0.4888672189682619 0.2175857251206595
1 0.6669184064010912 0.0662182265052991 0.0359249201654076 0.3710894726839999 0.2313205498915017
1 0.6906764342712635 0.0857545034365945 0.0710049696698392 0.281092426032594 0.2422321585012736
1 0.7189798902652615 0.0601232288722171 0.0355085690133882 0.3296966493986004 0.3773888665855494
1 0.707825126063359 0.0526558382373529 0.0331639218998356 0.1527137072592639 0.1513779674641642
1 0.6631021383325353 0.0867191445491476 0.0723085380373596 0.1675796846030401 0.1788102521165845
1 0.7215633322799795 0.043698416426358 0.0273308230256046 0.0460555427938258 0.0846850055352193
1 0.702342449655161 0.0564242708379916 0.0369185721992222 0.0975818031474819 0.168765392941634
1 0.7023190765983974 0.0663335302239192 0.0467286797773815 0.0954261943550063 0.1498218146169425
1 0.671368580331485 0.0667472460199551 0.0479094825724306 0.190081787787932 0.2674951937162449
1 0.7079782425780051 0.0413537112399234 0.0185827722366538 0.1864746787741014 0.2660319347254052
1 0.7117255561196795 0.0410706891689952 0.0241813634224974 0.1109342041713213 0.1374179716900707
1 0.6949046435327126 0.0506835017181099 0.0266225645869631 0.3543211596558017 0.3099122865091638
1 0.6806249670469838 0.0487422956053677 0.0255447593736398 0.2700265474037035 0.1540724842919276
1 0.6891334906795976 0.06047041204491 0.0333381682195507 0.3544274890972108 0.20848503968253
1 0.6309195884403886 0.0553374054893134 0.0320023401080596 0.3849926696933022 0.2103573734588088
1 0.6963835142808116 0.0458628727515316 0.0211806151448003 0.2671382052091248 0.3219909277943326
1 0.6958365519134118 0.046443319920584 0.0229835827312675 0.2818924095230959 0.2241838341306938
1 0.6757594430915328 0.0562870281776382 0.0283691007142706 0.391326369099655 0.1546334614007346
1 0.7014219405968697 0.0498989614920928 0.0256218121089787 0.3428067679895039 0.238059811941594
1 0.5891256183353181 0.0582667149357588 0.0279469319666241 0.3911966134343291 0.1633661153696814
1 0.679012073935659 0.0744565624553427 0.0557407839055458 0.3344340936683053 0.2080053216847314
1 0.6972565735300256 0.0447084370511812 0.0223950533762208 0.0749368383254885 0.1227263302585271
1 0.6372570023749837 0.0311815789985031 0.0186802847524389 0.1639743539207312 0.2418928090781885
1 0.7211742322809342 0.0331556484328346 0.0145138091768601 0.1684562332959329 0.1675147329386774
1 0.663328449003376 0.0610125625699295 0.0341602038405066 0.479694393798975 0.2002174303765477
1 0.7119949733252038 0.0331431610519032 0.0140634298896431 0.1300135693593543 0.1285020280322062
1 0.701748675168682 0.0406473561705318 0.0196623516884634 0.1725558160623796 0.1917316830418771
1 0.6970399133072259 0.048274823299499 0.023933401585463 0.2780930512447596 0.1773029641778268
1 0.6457084082944655 0.0536607192952538 0.0259976940685789 0.3190789721871591 0.2082622641093672
1 0.7474783681166512 0.0478512895565491 0.023596811472946 0.2909886052336787 0.1859465215370535
1 0.7006131462073726 0.0506415293195535 0.0260669161516758 0.3106979158912825 0.2296184793993592
1 0.6545465178296198 0.0643104013658765 0.0343342598490913 0.424239035449928 0.1446631527527034
1 0.7347045062815756 0.0438295361778005 0.0192745611539542 0.2052831298159741 0.1557585599956437
1 0.6940546087654903 0.0493630531564298 0.0270899514793595 0.335128851589244 0.3145494636647583
1 0.6669355143854596 0.1504857912498075 0.1427053884309613 0.2069354065976912 0.1736038073055703
1 0.7244009518548133 0.1036347283052687 0.0902902766716262 0.2140498159093237 0.2309011554261275
1 0.6825429678202217 0.1931339983428228 0.1819348329542717 0.2990381780324938 0.3039143926317957
1 0.7412759748110623 0.0959339708480656 0.0883081745926536 0.1258994352180473 0.1476403970232384
1 0.6630854498379949 0.1255700520190053 0.110787826980971 0.1978713865576991 0.2981127397873142
1 0.5622306128028917 0.1274444338313421 0.0957044863271571 0.2347653208754562 0.4539082570832908
1 0.7188004195340223 0.0923604801386323 0.0705452117154275 0.2495638430532694 0.2691861316358211
1 0.7090087752537697 0.0660247389579577 0.0384583137009214 0.347352834061492 0.1687453337539343
1 0.6382192973114271 0.0782256755203235 0.0525421391969657 0.3283237405380306 0.1167241478215524
1 0.6808545507203819 0.11675244270956 0.1017009402916076 0.2795633128537415 0.1744703314301905
1 0.6807384338631475 0.0762514194288379 0.0432916176360621 0.371446440724617 0.194621458979334
1 0.7006138275374049 0.0405220428249013 0.0216457410257058 0.1227353017503354 0.2175754235830824
1 0.6970482900117716 0.0584094786179734 0.0327837914433664 0.2900234977750918 0.2385304544163831
1 0.6854217099446888 0.0652666385186365 0.0356723258809031 0.3843028366779751 0.1960350557561753
1 0.6525022260706973 0.0548679123440669 0.0293576376200445 0.3319066063264571 0.2376405689393574
1 0.7389121398124467 0.0680753290497643 0.037623066317376 0.320510837571784 0.1230190722829859
1 0.6695648024380018 0.048734638447396 0.0241082283055606 0.1806561557824591 0.1457563404089387
1 0.5974229667519182 0.0635419040711091 0.0318552804164763 0.4089851911831098 0.1805111090510602
1 0.7232933563338313 0.0504658403083931 0.0263292375300952 0.2163738787483582 0.2448363676530302
1 0.7224509132960407 0.0397343913768856 0.0190196898119914 0.1780911459300587 0.1323694830007007
1 0.696994005082353 0.0522565357453375 0.0271775465836239 0.2943563870755822 0.1915005129868317
1 0.6517585513400853 0.0697698414350549 0.0388221983600901 0.3998105373228219 0.1688924659786266
1 0.6510505556103529 0.0768333186900906 0.0448692328010644 0.3831783607905347 0.2148270997790664
1 0.7672857384332548 0.0757716367574523 0.0436856790097361 0.3810129546639278 0.2707413681023127
1 0.7392177700637681 0.0565439183047241 0.0329155333682813 0.2453307608144226 0.1560382043235195
1 0.6933236196472906 0.072198221854033 0.0401323012179487 0.3456188694396775 0.2390472778805008
1 0.657952980339451 0.0726707685440443 0.0425684975040267 0.363545283267165 0.1795288056990274
1 0.6910672067746155 0.0745219227701442 0.0604958486621167 0.2344171023476882 0.2275072405991992
1 0.6972941454173845 0.074081285158158 0.0590718781027436 0.2844226056887639 0.2729250017467334
1 0.6806112084352327 0.0926507756031947 0.0692101494135941 0.3074670857600412 0.2327773569742911
1 0.6736437240522967 0.0930668768926714 0.0541319972796669 0.4302048996900176 0.1321232231031628
1 0.7112593016313454 0.0869588075430389 0.0811793806693586 0.1785870854207186 0.1202291974960937
1 0.691524215576225 0.0773577899016397 0.0482883568070794 0.323895816811913 0.2810138753512146
1 0.7013386486822848 0.0405275554174571 0.021497149099647 0.0438187416826472 0.0659736435174798
1 0.6773224894649071 0.0940301250336324 0.0767662220646571 0.227444779362172 0.2244442082718039
1 0.7121518308817733 0.0505342036498617 0.0223607520904817 0.1174462472068717 0.1177960891793799
1 0.7046965600176777 0.0409147661862824 0.0221315514147805 0.1034863362916417 0.1231954658954867
1 0.7013300766885865 0.0608104093501815 0.0324048706508057 0.3750633475358066 0.1723092193514148
1 0.7267458061660971 0.0677520892037164 0.0353477405025426 0.4686549190222955 0.2333960012932134
1 0.6840555826791884 0.0606275584316116 0.0335002479661816 0.3369196006599623 0.2079441552353511
1 0.6875057043156351 0.0672938178888852 0.0403378226692174 0.3848065513810715 0.1759152877841104
1 0.7011116561359114 0.0569816643185331 0.0303174696305846 0.2730196609399006 0.324581981692236
1 0.6581580819537186 0.0574747262059472 0.0328558102518069 0.3291754483093073 0.2335330421506041
1 0.7246704661594134 0.0480079741789703 0.0263578612306619 0.1845810415812953 0.1724416602905596
1 0.7413371690488798 0.0566058527419472 0.0376654935257633 0.3090918493913187 0.185869492981211
1 0.7645405042651118 0.0539790745897365 0.0282029616746128 0.2225127031165124 0.1684105017780233
1 0.7169191833075124 0.0549936417856175 0.0300149516210289 0.2770486600983538 0.1951728525152223
1 0.7625180723447708 0.053657539945992 0.0264036354025009 0.2817094142926882 0.271720345781232
1 0.7312314981747451 0.0468550737669102 0.0313139944494414 0.2274124986712217 0.2610254402929363
1 0.6617872068275398 0.0570614704421426 0.0316435922823726 0.3109384935797415 0.1334544537657421
1 0.7177311257799694 0.0567928758780372 0.0328782332285174 0.263095905655571 0.2535638528385934
1 0.7355766872751032 0.0499434121641848 0.0285342410834826 0.263317989834422 0.2181048655683313
1 0.6439366905520341 0.0583110290646496 0.0330524395304447 0.3002596172261179 0.2195423915406111
1 0.649321402720682 0.0650826487778071 0.038055704320543 0.3419418956150473 0.2517423047610048
1 0.688824551968191 0.0529064271122094 0.0269145099163852 0.2881366542811905 0.2296124538367248
1 0.6971312437160921 0.0609110505229208 0.0362362360208764 0.3717257746316086 0.2087923820252195
1 0.7149728601521433 0.0432509554648194 0.0226079731257382 0.1634363608237123 0.2000651922279098
1 0.6919074481726855 0.0506050333137275 0.027746552943557 0.3183256961541899 0.1764673790980896
1 0.7127259493513931 0.0493635792374654 0.026570045455828 0.2196208790370923 0.1941760395567495
1 0.6349895513011833 0.0487846414337023 0.0286383910738937 0.2447412196617189 0.2721538024267213
1 0.7327725325149191 0.0493051105726843 0.0267686108118797 0.2519214603935271 0.2600621718519473
1 0.7999400000000001 0.0528568917791503 0.0247886018898516 0.2432945946482503 0.101401530378082
1 0.6300739340415891 0.0593344417773652 0.0328989298067768 0.3078919657754069 0.209933778143186
1 0.7029492506918192 0.0553633643437192 0.0296486167011995 0.3497997065973524 0.1988780090780886
1 0.6739922464566344 0.0549801678295394 0.0295685459512155 0.2816743273677295 0.1828105740502323
1 0.6502762084817733 0.0549562821801282 0.03370098120495 0.3177621772863414 0.1461242666652206
1 0.7335344842373128 0.0495058400481018 0.0267848614203803 0.2605965102342099 0.2268752638190244
1 0.6822295849168423 0.0635894064981818 0.0374987416052661 0.321536236841645 0.1966245856787189
1 0.6612995785415039 0.0695903293874656 0.0380540157382538 0.4210201104716558 0.1979891957888758
1 0.7317240223271065 0.0579557397868676 0.0311968273201678 0.3044512908702286 0.1973152834589376
1 0.6893586776195602 0.0625966539983812 0.0361849045309159 0.3843214440092711 0.2190994373706412
1 0.6657547765308234 0.0635287320111828 0.0360304727145304 0.3074626126338847 0.235258323681882
1 0.6918237045837476 0.0616709809298131 0.0366107375027773 0.2879733589379312 0.1911194323071568
1 0.66652460200637 0.0614469495055189 0.0342912530303167 0.3676003565258114 0.1580935784590548
1 0.724803288967202 0.0528126625206636 0.0316501911702675 0.2720731987972892 0.2374027953214791
1 0.5530731738642115 0.0562530663905325 0.0393010492673292 0.2758178573503448 0.124784011092688
1 0.6928136983953351 0.057324984040319 0.0325328589978721 0.3303833672731524 0.2193642010041955
1 0.6660488869041432 0.0634147496727936 0.0407049530429493 0.247568422536677 0.158133069773231
1 0.7692556010230178 0.043568354148604 0.0234744826447692 0.2087276798863954 0.1318087101211858
1 0.6309367575208049 0.0709347293586865 0.0462830219415981 0.3467488031432252 0.1659054913353878
1 0.7289856740108441 0.0588320365244807 0.0420578428807639 0.219113000577834 0.175783719594602
1 0.6753360534811935 0.0498276696598018 0.0258792883499181 0.2330804486064115 0.1951931048168257
1 0.6862446666162524 0.05953000460816 0.0379580358584172 0.2977171610749867 0.1589303700694891
1 0.809997664109122 0.0606579049127061 0.0355339073960276 0.3069553293561732 0.2186691837457034
1 0.6766643017425951 0.0588164879777688 0.0356555180214685 0.3365615576661492 0.1795423255887262
1 0.8393913703470486 0.0696068250763407 0.0435849509999406 0.2979113580138625 0.1215503701375366
1 0.7347004810339302 0.0510459638152104 0.0298634326657518 0.1844518560170395 0.1953972602618013
1 0.6387919532944041 0.0758685589899115 0.0563353303170481 0.2804103624062681 0.1729221446752261
1 0.7511620053935687 0.0644329371398931 0.0406291655690476 0.2363700964918941 0.223577253713349
1 0.6579489496368014 0.0580412990846478 0.0349719092386157 0.2605818966544737 0.2147425549209088
1 0.6457798693958057 0.0603874621367796 0.0403154570642869 0.3511604964922362 0.2175272328165386
1 0.7977894693055617 0.0560701954956635 0.0315540452425126 0.279792872933695 0.131318503540653
1 0.7712811722983121 0.0791602643114482 0.0630123313150559 0.2490557471416471 0.1693927610517917
1 0.6403247527601432 0.0692136031157691 0.0456885713008212 0.2640295532628681 0.1726915922908171
1 0.7433335075018311 0.0647570876973387 0.0450390692641604 0.2609669093663424 0.218184963632301
1 0.7110162866464519 0.0694737836164618 0.0508141722815923 0.2395953486986773 0.1950225883062541
1 0.7605306937363204 0.065717587653785 0.0504978992712143 0.2214266329826865 0.249617443094099
1 0.6476148297301552 0.0694364864224737 0.0470136825127335 0.2641844318893644 0.2144381895858726
1 0.7459581871667722 0.0580598313168122 0.0305047031988533 0.2820292620368338 0.1843359639739842
1 0.5694660699062233 0.0692160037357717 0.0470451232195033 0.3422013654537233 0.1156482022408649
1 0.7767607475365867 0.061694095644186 0.0403324975190193 0.2569302099721809 0.1522707911088651
1 0.7277269366867589 0.0633971084066676 0.0427683348753267 0.2288462990245396 0.2231341528713571
1 0.6441284759553964 0.0644847655327079 0.0396103962217325 0.2417033249015297 0.189648086487944
1 0.6299746016869701 0.0712692758478187 0.0522997939989193 0.2493682272476443 0.1602897394017637
1 0.6906453096534424 0.0621614054838524 0.0414816690371533 0.2175645027714383 0.2094912044516845
1 0.6173110029440545 0.0608750983805008 0.0381456400250736 0.3415493074742745 0.2193681875318682
1 0.7399489506526172 0.0727245133914134 0.0437425685689611 0.3677351257056095 0.347908481988862
1 0.7224194553774596 0.0701279355353561 0.0517696400285949 0.202025832304138 0.2611326618211245
1 0.6507824045113181 0.0771809312954814 0.045673257892077 0.3667668616142717 0.2156582125119985
1 0.659888984808757 0.0656031004808285 0.042919183221839 0.2644707226176218 0.2458512212063346
1 0.6001504688832054 0.0707450287634185 0.0526777803955589 0.2400263402107504 0.1484401992401167
1 0.6881140245709805 0.0765163863893839 0.0648203086817659 0.1989551696697044 0.1745363666752298
1 0.7754933863962626 0.0693841330455876 0.0383923208072429 0.2756732724396543 0.1827285993381824
1 0.7157835490646205 0.0411315223694234 0.0200671064625977 0.110818598130003 0.1243921496999841
1 0.6973413110207402 0.0718024773372047 0.0445308061246229 0.331949876699894 0.1836232884516936
1 0.7279262603605116 0.051878641668427 0.0341530980282549 0.1381422539222994 0.1772644611749979
1 0.7302206657013742 0.0445354148759645 0.0242343863827623 0.1488622989848344 0.1385093539900275
1 0.6967100917485012 0.128872093458801 0.1051157439953734 0.1245504637863586 0.0799730033537164
1 0.6859422842744688 0.1096684063208103 0.0945747323074052 0.2197986099482622 0.206430790053791
1 0.6907946196661142 0.1144916393654213 0.061231876602864 0.1151317522718569 0.2261554992341763
1 0.6448752027608934 0.1136631642715234 0.0998462619074192 0.2790467251824526 0.1859479358105275
1 0.6093557885763 0.1590604974789127 0.102185391034249 0.192390440890994 0.3499798167361984
1 0.6723628066808798 0.0694875061215806 0.0391730654530219 0.2617134142662181 0.1453529871738724
1 0.681841055511243 0.0693769779509045 0.0399234730541294 0.3204797440675079 0.1939919800952422
1 0.7038810008773947 0.0690016699387165 0.0520911474692344 0.1915804008573194 0.1886496582207823
1 0.6624354162560546 0.0666327339632271 0.0401380616425322 0.2715718520485277 0.1258839554996956
1 0.671017043491792 0.0770440563491443 0.0541622930762303 0.2528328604269548 0.2256660087018558
1 0.6641701016110487 0.1008586076288838 0.1079512976014039 0.212120615725732 0.167010365097757
1 0.6406528325360068 0.089171177483733 0.0779195806866751 0.1940386348490631 0.1541289582587067
1 0.7154658376153588 0.1179181639797311 0.1300599227381982 0.3273496072181245 0.3586632501042514
1 0.644604499265364 0.0705167971201443 0.0411210887594018 0.3686545066907919 0.1478394621952464
1 0.7253404928774767 0.0646373880959294 0.0371707766016865 0.3185260859193395 0.2373116698339625
1 0.6977837609614732 0.0686182842270439 0.0375907297431378 0.3976252669293734 0.1850189581512045
1 0.7761699700294492 0.0691924917470785 0.0369013532185332 0.3292058343985583 0.1389559119733477
1 0.6442869110991986 0.0767936739922712 0.0453220770027049 0.3700866608648619 0.1461488346760862
1 0.7224917434574459 0.0690212763299754 0.0409701531248991 0.3201774875313927 0.192451283642805
1 0.6597128639956352 0.0720024329908354 0.0408728236484037 0.4388365903498768 0.1421987070896877
1 0.63293630024326 0.0793851573724167 0.0469584609441204 0.3780987263734668 0.1623535025253691
1 0.6873967504244979 0.0743379995977339 0.041113518080323 0.3995355016404049 0.2068957114892597
1 0.6382934564578755 0.0712870305054234 0.0412665922705906 0.3633489247088514 0.1364341312203573
1 0.7270226743619437 0.0697315857251149 0.0412791237955397 0.3947449840382228 0.213197828756876
1 0.7138378085037067 0.0697200308793996 0.0397708310300695 0.3456744260702116 0.2400395938338931
1 0.6293727848877068 0.0739874658338618 0.0381888091813794 0.43077777450208 0.1954067821890313
1 0.7433727420744894 0.0737348753453721 0.0389550613010955 0.4047074242701793 0.2596853550736037
1 0.7356730166498755 0.0677044578544584 0.0390597464743789 0.3639621276037203 0.1566286789263168
1 0.6749984809069122 0.0720442171733935 0.0414841060427312 0.4017749457308803 0.1265236539613453
1 0.650807647543543 0.0721705381674344 0.0437025738333925 0.323875870090523 0.1714003148059678
1 0.6307005111052003 0.0739895884599897 0.0445099132131388 0.4223282463875716 0.2394377186754579
1 0.7199659084697426 0.0645941643496592 0.0402937479971418 0.2636050033303971 0.1771097802600483
1 0.7129946055838225 0.0547705418573099 0.0319175930075955 0.1986491772675629 0.2745002883297455
1 0.6943011482286376 0.0711368017494782 0.0440935373899589 0.2836905403273228 0.1971041059631428
1 0.7319456367847774 0.2176868569557356 0.1914348720275254 0.1975592142996622 0.3072741583663199
1 0.7391607369032022 0.0927049365464838 0.0717610340896068 0.0740431313440315 0.0947903747128173
1 0.706985088136948 0.098386926791597 0.0755569455774674 0.054776977023739 0.1698712780765873
1 0.6933117135549872 0.274412004371932 0.2451416410346514 0.2541032432772252 0.2127214937978162
1 0.7057877381578311 0.3420292753480157 0.3170182503453936 0.3383555566107568 0.2032161217251793
1 0.6735021977852073 0.4213711438172935 0.3907375650160554 0.4156607133971804 0.1978695146768345
1 0.6922889002557545 0.1128503167057747 0.0884376819968171 0.0630769222643037 0.1125889193128559
1 0.7003896104972004 0.350814613119302 0.3197551735083001 0.3335754869130624 0.2760399500928355
1 0.6755630585740766 0.0634364002860927 0.0352263273111393 0.2729949413177926 0.2484683520610241
1 0.730879233091983 0.0825080804016403 0.0767116311323485 0.2032584777061574 0.0719829020490587
1 0.7460125391927434 0.0659494915297495 0.039542029392582 0.3349812864694189 0.1889704502473552
1 0.7546034393902269 0.0519144533416679 0.0325304783280151 0.1989765400886479 0.1447343470072504
1 0.7456631248952088 0.0693449054829178 0.0409305756621868 0.3402334853518353 0.1781480532340805
1 0.6788606359258244 0.0807695022055597 0.0748524861025442 0.2311758067754784 0.0857560466104654
1 0.6312576306905371 0.0491224581469372 0.0288642760816074 0.2315683137852108 0.327757294135542
1 0.6405886527743563 0.0698495476194334 0.0408503184992452 0.3847748986284908 0.1815089397702714
1 0.6400253455776846 0.0728695761378205 0.0428269964843629 0.3090609706923907 0.1783027484584956
1 0.7282560873742404 0.0618073556603806 0.0386832920208232 0.2381569772134356 0.1855784789524824
1 0.7468456132607129 0.0690414205802036 0.0421555316755522 0.3455755209130933 0.1500616120020939
1 0.6707905746258278 0.4771300335418104 0.4445412668832517 0.457959053193553 0.1065547898441358
1 0.5243344330775788 0.419134326177267 0.3960177668851282 0.4338797463725934 0.0589904588294054
1 0.6979101866857629 0.0730959294316198 0.0585000245613823 0.065339249808066 0.0548573450808512
1 0.6544583278667077 0.0549294887667484 0.0313302389840446 0.3421769593044847 0.1620363520661382
1 0.7350370722529445 0.055543241853661 0.028524433953992 0.282347467175203 0.2202636581082913
1 0.7050542468291766 0.0561694234895716 0.0321389633289218 0.3369611463701271 0.2104619405172529
1 0.7114890844123991 0.058195341466222 0.0305286067689619 0.3270146790929718 0.2155904196940747
1 0.6881785332693878 0.0719084518354217 0.039947121235637 0.4604198995253833 0.2080998871933229
1 0.6453500745194612 0.0626856984098179 0.0374936980041646 0.378251894895279 0.1586308439529577
1 0.6602537931283204 0.0828336746797158 0.0488407366438453 0.4970662817969347 0.1364448870834662
1 0.7024609476217563 0.0558546371399201 0.0297763556688084 0.3251785818736102 0.2919294177863863
1 0.7287459953065574 0.054347735228557 0.0300195409943364 0.3131773209154898 0.2493281488203817
1 0.6811389331846001 0.0547715624383533 0.0286641282745842 0.2843835020493819 0.3068681168042917
1 0.7471906073682933 0.047119054729659 0.0236408107781878 0.2220798643843264 0.1854059081392604
1 0.6997712290319932 0.0380553687063737 0.0163399624868454 0.1318778176600105 0.1506088888836069
1 0.7220731918903871 0.0858752562970396 0.0484422781052777 0.4865177836206238 0.1497081434165578
1 0.6673152088661551 0.0635693968859008 0.0351854708333034 0.3635289938616015 0.1784668931684713
1 0.7479544612506736 0.0525264385838358 0.0262587104526895 0.2234209666345109 0.1789087002175787
1 0.7222230735875056 0.0616324012112282 0.0325238413973202 0.3413545054275421 0.3827818440958785
1 0.7053253163554918 0.076903912044729 0.0437633580040293 0.4664286731521034 0.2098670896454909
1 0.7087032464655276 0.0580216307437674 0.030071713531281 0.3217547361005569 0.2826859908297578
1 0.7190266211047776 0.0545516579096288 0.0304494140273752 0.2791545636876811 0.2476580143084777
1 0.7087379462931424 0.0568113126165632 0.0310739961651471 0.3206370932863843 0.2143253123053006
1 0.7334680417398943 0.0455249280976058 0.0252668481852989 0.2038246450458609 0.1633677055090426
1 0.6282825613732992 0.0563719325299323 0.0303878926034634 0.2981747620462381 0.1926328527462514
1 0.7068634950009343 0.0565122686876489 0.0306877998732585 0.284635203690214 0.1641418380139697
1 0.58884786533778 0.0676158434530693 0.0433455585707091 0.3601844146369386 0.1285688777030335
1 0.6945303462332345 0.0632764825054188 0.037851121668447 0.3610991757189276 0.2374970989157455
1 0.6315811004422983 0.0644312975245142 0.0370093667321036 0.3556556968430878 0.2365075798879376
1 0.6907882836786632 0.0563968484021268 0.0333869489964325 0.3129684261555936 0.2096570155117017
1 0.6589340197615413 0.0648074861681813 0.0369388123286356 0.3943463430983224 0.2341688009097519
1 0.764547070999243 0.0615624194431142 0.0353936076865993 0.3338446001618895 0.1701775260006872
1 0.7113549753146051 0.057066663644851 0.0314367318993798 0.3091481579067465 0.213453972789991
1 0.7179940651679318 0.0498161025742732 0.0291649182670689 0.2311781940530299 0.1555211804630024
1 0.6245610210902642 0.0617292725214449 0.0344815799606382 0.3495957579853713 0.175348004608815
1 0.7242630095255242 0.0443904498748596 0.0248629195971741 0.1897356786010359 0.1550911329199213
1 0.6909352818605285 0.0457975654374313 0.0238998255865148 0.2037088380960284 0.2168655897673377
1 0.6663806951754202 0.0665682791059412 0.0448417063908317 0.2779697606513027 0.1827319292274777
1 0.603042940707901 0.0653679609062727 0.0429429842220836 0.3291304923822594 0.1288626012035145
1 0.7074537635561738 0.0589334811947808 0.0327983689262864 0.2785798173029586 0.3398891394829633
1 0.7618419905719761 0.0486157900326316 0.0268922315152653 0.2020552886290204 0.1519820773267264
1 0.6650138789428814 0.0787306317350694 0.0632214587704862 0.2259444327620087 0.1218684445794011
1 0.6759471514247094 0.0740288960433262 0.0444471345637242 0.4711156635101854 0.2474916739259977
1 0.6613147041773231 0.0451079533357861 0.024353101501087 0.1728398521947622 0.2499649508290035
1 0.7067139913356112 0.0488043994947242 0.0267637291597872 0.2707062745090097 0.2087730492345419
1 0.6657471798918875 0.0631212636006505 0.0402393431022193 0.3683881589119268 0.2564054022358426
1 0.6748073113735311 0.0587506072399584 0.0350302038236685 0.2627197098231085 0.2375601839833795
1 0.7093006539848457 0.0554040227521207 0.0302065953114069 0.2790264704807515 0.2084877819255138
1 0.7302335596949497 0.0721402076789263 0.0472683704139337 0.3239249343187478 0.1886233965824564
1 0.7072441157413538 0.0664698917909138 0.0473406657206821 0.2304565670668188 0.2209432504017178
1 0.7275633558374356 0.0371727132125021 0.0254200489949556 0.1040181969805269 0.0959704726329736
1 0.6990320252228747 0.0408965763224829 0.0238148650578486 0.1231651240092675 0.1184117756551117
1 0.6361435007208867 0.0823349800532759 0.0560743212889581 0.3159634556681441 0.1315388506569697
1 0.715342004654595 0.0480646835437822 0.0246389334982494 0.2181646536274825 0.2515017051514401
1 0.6542386210240273 0.0771736568626178 0.0577541624111461 0.2577160081039594 0.1789039053967461
1 0.6711633663441295 0.0627205069957109 0.0365161572094575 0.3264379263362995 0.1970806107150239
1 0.7083251513920817 0.0447917856192712 0.0253799102083014 0.200406633097537 0.1573440886425168
1 0.7334835650455243 0.0605823367667463 0.0369222367407305 0.2896786954199931 0.1735828333980605
1 0.7009008916817187 0.0429360187733091 0.0273379388164018 0.1381702450576526 0.1730180005270987
1 0.684805467386653 0.0632861581356347 0.0371130147453407 0.3052437929008944 0.2158292196966997
1 0.7174449229808287 0.0573172613531577 0.0306725576547344 0.3181502358533414 0.1758908646565836
1 0.6511759230638159 0.0642867882832529 0.0370619148793725 0.3432516170935447 0.1968677875668074
1 0.7073702114378858 0.0403599394292486 0.0170050980745535 0.1329140276079015 0.0848946669303611
1 0.7163999814568048 0.0467149099480755 0.021968006809901 0.1963431484161595 0.1197078469386889
1 0.728556624288082 0.0783935651145491 0.0553547227222567 0.0785760433347283 0.1616229062500209
1 0.7363826014223497 0.0812171410485372 0.0736696602723347 0.1501580559980933 0.2412289568135961
1 0.6884381041922183 0.1201378836974231 0.0999678054480248 0.164120455505412 0.1036918286952832
1 0.716617558665821 0.147893380819268 0.1246303761683292 0.2622373028708521 0.1749413040447922
1 0.6844051508078433 0.211226022327952 0.1478010759210261 0.2244077778375306 0.1190526545837891
1 0.7726045596054151 0.1359443042248317 0.1024892353485568 0.218214118084526 0.3460520265449572
1 0.6589021467171357 0.2168213729962839 0.1804958618112892 0.2311348649158378 0.3089456494666648
1 0.6244382262168116 0.1795616984818434 0.1473635508912093 0.2856468505869932 0.7593775210099912
1 0.6664780997315328 0.0962012383161782 0.0547293784139851 0.0837821391395393 0.2511038802889613
1 0.6927120198433828 0.0845901115140799 0.0656504427244727 0.2247920413776971 0.1748006361850512
1 0.704089996273705 0.1292009895997419 0.1066851297418856 0.1660478272627044 0.1633147753069637
1 0.7137275454115465 0.1316546973103021 0.117872215729295 0.1800564537279771 0.1537116562971454
1 0.6422942242261006 0.1658510180620103 0.1504717285911333 0.2418056481504038 0.2183000662902947
1 0.6152798681099131 0.2326123934135854 0.2164625671813785 0.2679710529914288 0.1798986383721883
1 0.713698480603335 0.126919951419209 0.1040013481939276 0.1233807795127194 0.0667939100588017
1 0.7294682760559523 0.2023243249232014 0.1883628685947471 0.2792034563892693 0.3925476768052342
1 0.6476637267518637 0.0819188071724379 0.0635560719719048 0.370119748564814 0.151692866035133
1 0.7171157222015891 0.0878646599081439 0.0764544380399222 0.3221601006596139 0.3051916003346265
1 0.7396024978768969 0.0744907251601397 0.0509763242933548 0.2953852067533382 0.2331422754958975
1 0.6778642046637067 0.1726030179893962 0.1585964729161447 0.240002968515363 0.3563896879207798
1 0.6896798388135174 0.1892495292513401 0.1157688229729235 0.1935436694602898 0.0455574805507586
1 0.7848677097584176 0.0627652312738201 0.038307524280278 0.3268134639220592 0.1732066701917803
1 0.6727746638667075 0.1230261049563592 0.1405913929034109 0.4218992416595298 0.3796971763037171
1 0.6492646766768558 0.1408379201801198 0.1769482222983192 0.4620598786678345 0.3855664043855882
1 0.7372926854219949 0.140563101728643 0.1016042680651883 0.1363110314475964 0.2445593751757553
1 0.6886750532123715 0.1996284850096044 0.136791805153622 0.2060061953892037 0.1213789215313753
1 0.684775156655468 0.0894010370799223 0.0676791394305911 0.2111613475844327 0.1956524943023405
1 0.6628793635954578 0.2256010583986548 0.1632576413727508 0.2349879622511743 0.066238792995552
1 0.6175098836714612 0.0608407323331437 0.0400342896907092 0.3169147270417682 0.2424689826477827
1 0.8056950294970163 0.0595766863903862 0.0391365679353954 0.2872109964269765 0.1321174553025532
1 0.7361713542002796 0.0744565624553427 0.052267108596488 0.311297011051172 0.1871473746343173
1 0.6995881329049206 0.125192581370356 0.1070575455717962 0.1572535992326163 0.1323753806086051
1 0.6696100129678295 0.066036556613251 0.0397116076826677 0.349945800373336 0.201017225885864
1 0.6914198237051525 0.0726918332051451 0.0505659295106214 0.2777432603894899 0.1776891728844611
1 0.7118799660158363 0.0759714885458741 0.0496352713027733 0.3095718028906236 0.2627595903710253
1 0.8387257294524126 0.0820995725884648 0.0537173636548415 0.2288620550563799 0.1348352561221738
1 0.5802540587140255 0.0785461227259307 0.040897672363548 0.2253169443188609 0.2356522106944236
1 0.7162564504756488 0.0697473366906274 0.0516841048561503 0.2426567594828013 0.1806248502656157
1 0.6389669252836283 0.0729664503925206 0.0451390398499026 0.3296818523806556 0.2248384195470564
1 0.7279058357335515 0.0720159478810064 0.0455825046073039 0.3310973184423778 0.1447506061375005
1 0.7342505964678875 0.0851787709628291 0.0654408672381777 0.2197645131396369 0.1468819429014567
1 0.657554547373613 0.0698495476194334 0.039317373675624 0.3269862177814023 0.130718745161017
1 0.7188497071340358 0.0702814688677104 0.0459040928605636 0.2678928486243823 0.2038270427017067
1 0.6090768392963274 0.0764275148364437 0.0564404216255509 0.3411429101157513 0.1719580078285457
1 0.6576420991010264 0.0690183009006234 0.050003226573916 0.3444575688612769 0.1704110750043831
1 0.7280400130188985 0.0655836093285674 0.0424497732101024 0.3343771960594677 0.119283574670358
1 0.6651311882640478 0.0719244298148315 0.0471826710908543 0.3056371959917169 0.1875025677659804
1 0.7756116552526785 0.0724770778273478 0.0633687487715617 0.1917723189801241 0.162859196419353
1 0.7921771094445285 0.0685498310499639 0.0509303453444083 0.2294995690064378 0.1609916432183228
1 0.6408215836383699 0.0831515355896606 0.0652383293137324 0.2741333261493113 0.1554701101081579
1 0.6662596459033316 0.0752176143062688 0.0421167098885431 0.3424448955576492 0.1081966897362673
1 0.6642822624991918 0.0742390567568367 0.050250935062091 0.2853682173451358 0.1399615274251165
1 0.7268375184252618 0.0737958178380963 0.0574710227045568 0.2279860188257839 0.2440979681833587
1 0.6853953955496265 0.0662073901135355 0.041053512961476 0.3413030089224937 0.1521718338719755
1 0.7261438551737289 0.06457268047495 0.0423111394191675 0.3155278421352648 0.1611355682062819
1 0.7692246067797986 0.0658313080486208 0.0498209287788841 0.2210355965226907 0.1929727639436231
1 0.6684365193588543 0.0631751008239697 0.0383314312823329 0.3392628855335824 0.1665968678569978
1 0.7075435954753692 0.0698189893664734 0.0469500377177999 0.2705491752346187 0.213987419700797
1 0.6123474803825268 0.0719878948060774 0.0466380508844701 0.3173654043456294 0.1860225372510364
1 0.7043521828710794 0.064543674484361 0.0359717657779027 0.3879134470322147 0.1959722786614587
1 0.6956343523614118 0.0813847587110597 0.0625362011641172 0.2682758081121182 0.2863744532929496
1 0.6667637477567399 0.0735848776447721 0.0668213726520728 0.1756918822268531 0.1030154717464686
1 0.7160094478826394 0.0573139971912268 0.0346065854931719 0.0916280696522996 0.1327585798557623
1 0.5586015195680956 0.0655653772605057 0.0367210585792751 0.2677353756575081 0.1544496993078086
1 0.685625455444897 0.0608687046945862 0.0517087798371119 0.1205930914910784 0.1867896675723041
1 0.6858816148080614 0.0626540864359423 0.0502984283411144 0.0714276274777159 0.0918384250418147
1 0.6841652179003581 0.0632944685070435 0.0434218676356811 0.2183930367779488 0.294395007695595
1 0.7149317414210128 0.0422082515360396 0.0254896119933432 0.087177918072582 0.1406568833196664
1 0.6790609196803274 0.123525208577318 0.0978099283439384 0.1718739235656378 0.2580682251857759
1 0.7195509981180291 0.0412984999243468 0.0251830724680705 0.0280931006963161 0.064518678395093
1 0.710691193485422 0.0501874985227105 0.0318124740492619 0.1416725364070849 0.3213660043030513
1 0.7350957735538141 0.1338186076358757 0.1215650873059346 0.1737953848670878 0.2630060094613676
1 0.4754524808184143 0.1731833590993109 0.1334415049436332 0.1873763817291288 0.1817977947945011
1 0.5498177402388953 0.1209524573077989 0.1296210365208099 0.2070304755007017 0.0822622494780276
1 0.6927640829495652 0.0816405145192137 0.0757255078819675 0.0958076233380932 0.1275148777320019
1 0.7552418832701109 0.2021558161791704 0.1329705689461533 0.1769387163625413 0.2666469702482168
1 0.7021011922726411 0.2167848075352903 0.1429084961879849 0.210895118855112 0.1159787942071417
1 0.6493958509823564 0.2347958828795126 0.165135308875267 0.2363653898989267 0.0978646839211838
1 0.7595814919011082 0.1861256146240273 0.1483888178192525 0.2251515058191001 0.5143196905741896
1 0.7000154992133675 0.2012315568090484 0.1655685916957993 0.2590380374127343 0.2220338919951869
1 0.7597292728760853 0.0593300006303604 0.0433475208021433 0.1601231462239389 0.1846947851301023
1 0.6731865041420221 0.1824768266611078 0.2287408512154778 0.3970563383549335 0.1573682892067488
1 0.7276422526550861 0.1667042126137388 0.1822945757076404 0.3161610627577277 0.2354355533760137
1 0.6649400089116588 0.1664091227796325 0.1932955102129459 0.3984979658683768 0.2326714187624143
1 0.7199277272584074 0.1568090804550612 0.1761429740098742 0.3556365270208927 0.5064417960494316
1 0.7832130040394203 0.146861892196852 0.1534992295241263 0.2517780639268434 0.2881944287347199
1 0.6335832435652855 0.1926129434825823 0.2503615823315225 0.4613492899368536 0.1316842009699098
1 0.6797657940566206 0.2014110776323528 0.2119947459620202 0.2909766530961757 0.6667939781652287
1 0.6700711222961432 0.2008961441221792 0.2062354583887847 0.3487340651403538 0.2710903557170355
1 0.6849503086598329 0.2132087537973873 0.2693538948255539 0.4492871057879685 0.1994048474433013
1 0.7064757865734766 0.0891510432216543 0.0959887991765671 0.1573733092737106 0.185325325853197
1 0.7309048819765253 0.0575102799193475 0.0350758349157274 0.1570950088941146 0.1573434284267729
1 0.6545785665251628 0.2225879967012176 0.3034276817069515 0.4699138272567487 0.2673928273769472
1 0.6841231723640033 0.1790651090455707 0.2325146691287102 0.4093328089705974 0.3573833973222632
1 0.7182882180902849 0.1332854569532623 0.1544694176654694 0.3259267716653429 0.2491146264247987
1 0.6603127355403786 0.0743067988123061 0.0521342248695442 0.3081439987564665 0.2448833191176454
1 0.7330326478471749 0.0532389614222091 0.0316163084200818 0.0757053943906465 0.077444126064028
1 0.578671389599318 0.1916585491145565 0.238516839226212 0.4336252255935499 0.2926877159094407
1 0.6645989958661893 0.1972345316061106 0.221370216201707 0.3432716922613859 0.1032091375227239
1 0.706322078190868 0.2393620670836083 0.2991570208760955 0.4246703365305218 0.5460419756814545
1 0.7003241837215756 0.061161915601868 0.0452889651323917 0.1850423575071466 0.3016295338918378
1 0.7532965905650468 0.2584386630430744 0.3343447712632238 0.4662856391942604 0.3602682428183723
1 0.5795032777493606 0.2630651585234804 0.3377135335307207 0.4701703356801038 0.5300843170602054
1 0.7502834938675943 0.0635918910648291 0.0540855159714997 0.1060641946273368 0.0955741274586686
1 0.7034347313426769 0.1421378727701418 0.130853589762272 0.1671883209056918 0.2162555651766177
1 0.5832609367066189 0.1373432669169895 0.1586207329553833 0.3307479308599951 0.4974393671315497
1 0.691816360511509 0.0904780162966884 0.077591436898124 0.1873763817291288 0.1368101394500149
1 0.6915920692832463 0.1906925445329801 0.2069401154920066 0.3072135748176002 0.3137010083067301
1 0.8860267860187554 0.284034499190784 0.3552229345736259 0.4577028903381363 0.5114417229482578
1 0.6614184108998602 0.2867436015772684 0.4027920003585857 0.5836058306977001 0.4125408288766261
1 0.6618586335623531 0.0677667215542085 0.0439952558397818 0.2586909995864514 0.2433482734987131
1 0.7056575244785813 0.2420968005630807 0.2986805530346004 0.4470162672274982 0.5004430335747275
1 0.6709840254419915 0.2588510556690954 0.3589334244670354 0.5441720795684617 0.1766972506330165
1 0.6886667828804092 0.0834054826189772 0.0633926210656322 0.3611668573371091 0.1414536834873266
1 0.7231987376483955 0.0713883612646301 0.0470980963453191 0.2713571658161582 0.2211390457330807
1 0.7066789091121978 0.0841665344699034 0.0629482701538179 0.421125942009356 0.1524416816458693
1 0.6237070494464655 0.0640098011331432 0.0436721037846168 0.3100568330357323 0.1822976697826413
1 0.6831843121258722 0.1391066059091384 0.1493503121933078 0.2472651186425074 0.2456603647486832
1 0.6896791645749907 0.0829828371285223 0.0588370117630266 0.2355911931088563 0.2592631852107249
1 0.6757636058052856 0.120245275762329 0.101910317890589 0.1401202323240375 0.1409662405500945
1 0.6320582502106462 0.0695451356663252 0.0411497387111194 0.3206382264077569 0.1342701615285316
1 0.6681575733518841 0.07732581546763 0.0646456020927364 0.2513860412548628 0.1954314034771035
1 0.7230098412152905 0.0813255433599271 0.0718064961097496 0.2336963336564139 0.1098608053930988
1 0.6097181465079489 0.0657000921684552 0.0420578428807639 0.3042035356655452 0.1944579460578158
1 0.7870394042328934 0.071260519531511 0.0548120095771524 0.1955301363790998 0.1188202641357517
1 0.6959079873762319 0.073198236200474 0.0496850818577794 0.3066137059349352 0.1953559126777571
1 0.7677048840502779 0.0606374182941129 0.0350889867811424 0.2976011163569423 0.1842193726844007
1 0.7119533570976845 0.0663617626813962 0.0513077757010081 0.1089653550630525 0.2658928542581188
1 0.6504138551498312 0.1016676031175142 0.0990449551120663 0.1867934079554624 0.2201359284329211
1 0.6919048663191679 0.0776245838275383 0.0555461220386384 0.1537881242360436 0.2542048329556345
1 0.6757456697512703 0.1137688275782586 0.1040374375042162 0.2100865757751586 0.1943180284867938
1 0.5792680306905371 0.0947359702455145 0.1021169015615867 0.1895270822260181 0.1530326000337437
1 0.7393495487837408 0.1039013965421402 0.0992465691954441 0.1523797760003353 0.4504265609037252
1 0.7100181474224996 0.051725307752655 0.0322138393297129 0.0585751471889454 0.1474083775353195
1 0.6713470325191474 0.0792748080069391 0.0642668910374168 0.1974530903328699 0.3589839506524552
1 0.6553315529480511 0.1101815472179378 0.1019698842383507 0.2754774473212393 0.1448421361229456
1 0.662087496629688 0.121462449570668 0.1216239543137138 0.1615679757664573 0.6403024576361688
1 0.4818450639386189 0.1314217316882613 0.1331177364332244 0.1806485493834679 0.4669454516488996
1 0.7015643587571561 0.0914111868283045 0.0928352411109187 0.1809127661821053 0.1217588189332346
1 0.6917178033129957 0.036126175854999 0.0254844487014988 0.1050202895392433 0.2362867822151002
1 0.6437958456149769 0.0477721815641824 0.0238357464043215 0.1652283025736631 0.1986346170146475
1 0.6952509042922831 0.0394988052223461 0.019661227803784 0.1126128204165852 0.1020772878624998
1 0.6702997322512805 0.0768814311448436 0.0462416220506943 0.3686546686219955 0.1838629189143738
1 0.7287520689083035 0.0636142749122319 0.0420911719997476 0.2410563090905011 0.2411417274613692
1 0.6897946988377698 0.0691383470273156 0.0424662537395729 0.3169988643642931 0.2628949657088344
1 0.6849300640480137 0.0725920937371484 0.0416724395303342 0.3589983351432716 0.262538436877995
1 0.6777267445567945 0.0799225578683484 0.0558109661047342 0.4323800104390203 0.1843125027108459
1 0.6721004657068849 0.0823951206650184 0.0508805347894023 0.5084925097646756 0.2102816674425449
1 0.6453537282813164 0.1446732816391923 0.1614243547625673 0.4841730502998506 0.2937096833113413
1 0.6928242489190792 0.1440684391364242 0.1643382713562461 0.462500606831197 0.2163320605132232
1 0.6424483990115738 0.1648988493192966 0.1796376182512624 0.4485958948022893 0.2718023398493893
1 0.6894453445452822 0.1911785055388468 0.2347155674268931 0.4153803761387755 0.1449038601304306
1 0.7105138180213199 0.1178540140208154 0.1057862780344705 0.4337694540173611 0.1107150180751636
1 0.6578588482403956 0.2051357021511022 0.2744331686119687 0.4725923553166006 0.2715691847392857
1 0.7009431008682012 0.1188665048362786 0.1235765935877466 0.3363735155688678 0.1708746979836147
1 0.7028539921343836 0.1967818269237658 0.2463235532548782 0.4166677176264285 0.2251403078113925
1 0.6880877941829838 0.1739660747848441 0.1931344227520457 0.3873970795926568 0.2357521879279056
1 0.700402029905405 0.1362596259508488 0.1411173091972099 0.3828025184670585 0.1714116675782118
1 0.6610027177550349 0.216893328838451 0.2832431777957637 0.4571992545822921 0.1603752520652933
1 0.6778563276375517 0.1107599126372203 0.0950358609681826 0.4208956764996393 0.3212003243918412
1 0.6978788367762659 0.1524276378165585 0.1734916696811954 0.3931322438815294 0.2784879647203695
1 0.7647981555719422 0.1311865151529921 0.1338612048333557 0.3939784311685953 0.2705491479014875
1 0.6234391410951202 0.141000770031184 0.1524602938666181 0.3989348658510303 0.1922306018510861
1 0.6948169368831781 0.1442323587009902 0.1490862437470555 0.3046878854613674 0.1564597966333707
1 0.697315719959243 0.098861614871601 0.0905354321155892 0.2813592361128029 0.1510925972419708
1 0.7323688316514647 0.0915435183790071 0.0861603888997607 0.2509902731875985 0.1743818036856081
1 0.6906429558191032 0.1416023311670006 0.1444958869603758 0.3471285239407145 0.241152521206233
1 0.6881773920824962 0.0853151777363042 0.0589498423044948 0.302954262900195 0.1323977231781674
1 0.7272094160683649 0.1230098087995363 0.1243655425275794 0.3047096351315277 0.1343352950855957
1 0.7046501079288799 0.1371852311230936 0.1511983155716245 0.3731101031824138 0.2041908044563378
1 0.6396160636993691 0.1579600062734534 0.1784548505051236 0.4158469498986755 0.28801731837131
1 0.7078110390603514 0.1583518871084349 0.1877554712930371 0.4386737864251371 0.2004099110863041
1 0.6866429162939471 0.0964247180828455 0.0873692459124683 0.326763832372131 0.1502214743489725
1 0.6047935655853504 0.1435888417365533 0.1509609788134193 0.3655230092097524 0.5322014377534104
1 0.6723114205407263 0.2042115309422774 0.2573908830333669 0.4389231139573222 0.1988946868879696
1 0.7294496553989019 0.1526612020347558 0.1346735071958442 0.3159586214228304 0.3958978168050215
1 0.7569147716093164 0.1107868261393351 0.068531914346216 0.196579664192397 0.0922859386930138
1 0.6843825714541995 0.1278012679814192 0.1150001901833503 0.334175477161411 0.3059360130377948
1 0.7240481341801193 0.0760419078873166 0.058433364121789 0.2582979680704993 0.1916392458107625
1 0.7286447657014561 0.1920571953331816 0.2429677667227268 0.3865249453283408 0.1943356544265318
1 0.7037125841667929 0.2162046585673517 0.2900571635021755 0.4515666259653275 0.1800442317543984
1 0.6487133115755157 0.150089371580254 0.1618791724627861 0.45601174120006 0.3693650933836115
1 0.6614966765735175 0.2150091364692762 0.2805583186166956 0.5004595514911636 0.2901070246837507
1 0.7241813873877442 0.104983927207096 0.0914487291436185 0.4432931970089781 0.2095359446566989
1 0.6707473158965253 0.0716716992613075 0.0407294397201452 0.4102706992813085 0.1947418409357803
1 0.706454864450128 0.192697778552914 0.2415154337180734 0.5012463034751564 0.5686012266454986
1 0.675700351212358 0.0737674676590179 0.0467237649066398 0.2594008331237685 0.4802597826807805
1 0.6844037876022779 0.0774054870110272 0.0509403074424588 0.3315674877102808 0.1836020799072775
1 0.697658313864948 0.1747431536321686 0.1624900689898029 0.1680656919602792 0.1274912461606709
1 0.6607424835036863 0.4351836771513909 0.3958980541906953 0.4088554355177838 0.1046994226861927
1 0.5280989542665494 0.2172543852622662 0.1868633091610766 0.1932218753652822 0.6615070950571483
1 0.6410251191209139 0.228929678997361 0.1923313995303116 0.198368850928099 0.667273998769895
1 0.6363442116022234 0.4842098838566473 0.4448737743590323 0.4551504105991815 0.1336030792853768
1 0.5127567547780583 0.2459294197843402 0.2049943457439666 0.2049128627037645 0.9999
1 0.7407523004023598 0.2627941080292723 0.2248294270878087 0.2276214736357024 0.4969437976955065
1 0.6483002739267655 0.0639461231575974 0.0353696479750309 0.3923680968847409 0.1820359030239001
1 0.7420021411599932 0.0532389614222091 0.0253028224671112 0.146678510787993 0.0902407672064275
1 0.7174257791888696 0.0501442692338834 0.0261479131580405 0.2527105689496857 0.2725174432535921
1 0.6571282878855311 0.0526434709451567 0.0270844338876342 0.2591116000387052 0.2354703255689854
1 0.6374627973202933 0.0875180532191144 0.0499514599390775 0.5090128018686757 0.1438287226512584
1 0.6594251288857971 0.059621185675322 0.0305080239046788 0.3165080471142874 0.2478508295019918
1 0.7035915698067314 0.0651896106594605 0.0350652662049958 0.3340334057247597 0.2966717251162241
1 0.6926411495190042 0.0766120012712096 0.0423675814008037 0.4251445935852276 0.2375784586401836
1 0.7178474101058346 0.0662703515981185 0.0342286090686024 0.3626750160755818 0.2305195056896701
1 0.635585924551693 0.0815930989832691 0.0470151149941309 0.4801438386521884 0.1129357933428566
1 0.6523443626113419 0.0712184328754514 0.0412346408513724 0.3993519868669326 0.1820255791916646
1 0.7585463175622166 0.0667867704558345 0.0394146637171148 0.3738312757421536 0.1668706769253549
1 0.6979715980327502 0.0763833800901009 0.0661444647118188 0.1977810681219461 0.2085354742243799
1 0.6884343287837681 0.0856213480078872 0.0847215138512721 0.152757700797471 0.1253844621398916
1 0.6507532846075634 0.0710599467487988 0.0424877822086429 0.3097364149919903 0.1256413689186265
1 0.7034710796725798 0.072270004087149 0.0411445171668446 0.3753731836037007 0.1192563123915471
1 0.8362343750011526 0.065953776157254 0.036811321354755 0.3726374217639795 0.1442993621874965
1 0.625462829302943 0.0727136200152356 0.0430025749819909 0.4131730891897789 0.1932627573369438
1 0.6675989858249003 0.0712612305376517 0.0419601540859756 0.4305424525300568 0.1909989689017436
1 0.8083704608851151 0.0649565357451238 0.0368701883625342 0.4036195407980451 0.177297483908041
1 0.7244097240471681 0.0705113396067487 0.0434338590500011 0.3218778820345896 0.1885864508838756
1 0.8377840920716112 0.0740716626441134 0.0457002386228623 0.4157918037541471 0.1263221890153039
1 0.7789991305291731 0.0690439091305637 0.0365375897782947 0.343947377902669 0.1887209375016626
1 0.6470931927655448 0.0825862702347983 0.0537331978776116 0.3806711478044812 0.2138387497834901
1 0.704289935817439 0.0671106091289787 0.0436102207436558 0.292721700244563 0.2205786166001471
1 0.8156030819317307 0.0727924369078897 0.0430339096869505 0.4303763428793902 0.1682469054272103
1 0.675687125009023 0.0635510683427063 0.0389370742119923 0.2913085237193267 0.216190299001471
1 0.7500084907377051 0.0707969103878745 0.0413032533560686 0.4000128844239499 0.2009622673809226
1 0.6790040567158943 0.0535816972125206 0.0297778919503903 0.2856396314464422 0.2360125082807568
1 0.6056944131717784 0.0691098022813923 0.0433071670072967 0.4101716900302861 0.1804334234096694
1 0.7102665759536233 0.0551474229164578 0.0290801217530548 0.2890921729905067 0.2635234099035791
1 0.7196179184738211 0.069380696429305 0.0354026012635277 0.3327049127337992 0.2881359675409102
1 0.7391374789470281 0.0549736348291451 0.0270040788235704 0.2593571690067021 0.1946230577427034
1 0.6861521819284842 0.060967574269808 0.0337011814233968 0.4120017580751376 0.1950996192895952
1 0.7137983546398773 0.0463854224278492 0.0194638248479137 0.164340496849668 0.1467996595137925
1 0.7393621776641092 0.0518976795434482 0.0287063402222397 0.2720082620685202 0.1657826917180762
1 0.6544958102919967 0.070964528050397 0.0407288253370198 0.4325348914478312 0.1928560639276539
1 0.7258929402516624 0.0607334044695231 0.0308068871440599 0.3802267682810781 0.3948713243540432
1 0.646639613525115 0.0687332698837209 0.038070563287806 0.5009087130474901 0.2116375706900753
1 0.599757079068808 0.0749006776177045 0.040793900411725 0.4670438025452142 0.1806741668165867
1 0.6773704356793725 0.0698466815401124 0.0380373005413669 0.4354102121766199 0.2405196789589176
1 0.7258015329272361 0.0512051159147281 0.0287465420789997 0.3235473069138592 0.1672001721733064
1 0.6885985315035771 0.066499034209234 0.0372501888583233 0.3586931476986946 0.1869974650317927
1 0.7332160652739983 0.0676393949902161 0.040086590737851 0.3386075321515693 0.1957586346354184
1 0.7524102734734731 0.0603547963265185 0.0348378050986488 0.318238235039854 0.1901107467084455
1 0.7502544841549259 0.0622996922811166 0.0358594999534703 0.314764026544879 0.1987277161224261
1 0.7368804212928491 0.0596075336646001 0.0344649032922041 0.3066256133378677 0.3078365019652069
1 0.6774685428400341 0.0564186438147276 0.0316455006646281 0.2940435324829969 0.2753562937834249
1 0.7281787272312906 0.0609300840678193 0.0360089492314954 0.3701900946692973 0.1754224989838582
1 0.7102518550791203 0.0473246262059697 0.0244100062709567 0.2102790860354416 0.2344146556705459
1 0.7016008025496334 0.0356129253191658 0.0174566920699925 0.1042446098908118 0.1656722683192043
1 0.681954609607475 0.0492364219524015 0.0300889656658656 0.2437463136852567 0.1662004732383787
1 0.6994332827899199 0.0405555388640136 0.0199401503672469 0.1447770151340975 0.1880490675285264
1 0.7253502306055856 0.0378849865203402 0.0173961317399532 0.1088537301999677 0.0963858505463501
1 0.7002628340161363 0.0480794371377088 0.0286323225188189 0.1503823577807705 0.1921045162949806
1 0.7097776848341006 0.0515483886402493 0.0285144572280802 0.2046086080014492 0.3080950725387217
1 0.7070890768832054 0.0471160870367929 0.0243315169358849 0.1888575974844076 0.274206854340416
1 0.5432435086406493 0.0457396910386841 0.0224452134393339 0.1653514823233252 0.1283133271933318
1 0.7195343505360206 0.043974855440674 0.0218470891850552 0.1346724025480049 0.1532113635875974
1 0.6980044218843989 0.0515275319982412 0.0309786826786093 0.3093889634371072 0.1861507102643129
1 0.692237044439734 0.0361269581638263 0.0203383719720186 0.1540680971326967 0.1994894501142551
1 0.6300899804821278 0.0554951832078988 0.0292732468333014 0.3156695846801786 0.219196436191076
1 0.688483976414063 0.0426867255866225 0.0207888143940951 0.2344669496294201 0.2406528095631975
1 0.6124373957632874 0.0525616858400218 0.0267010754850176 0.1977062889274233 0.1990248153152685
1 0.6460184096407025 0.047094806042764 0.0234068340701575 0.3103990971671923 0.1833877467910359
1 0.6967096678946701 0.045087446336749 0.0246712084852415 0.2169763126556991 0.2854719850045752
1 0.7000931571995499 0.0496673779874701 0.0267287816515274 0.2399435850276278 0.3443846836564696
1 0.707160793278745 0.0350167734880458 0.0152060871076432 0.0726710971237222 0.0686388470217406
1 0.7046526275953487 0.0376257039138823 0.0178629629096029 0.1696193161102039 0.1758360739684549
1 0.7177409093301141 0.0477137249082748 0.0256783939391853 0.1721503675929157 0.1766241166154252
1 0.6988577656572074 0.0348179333894822 0.0158168503715411 0.1066833472200603 0.1015271085230937
1 0.6828068291039046 0.0541267004223484 0.0286637115197576 0.201557242841557 0.1969303412038876
1 0.7582390115335857 0.0483294561684232 0.0224345070751824 0.2961137483409098 0.1628886599922441
1 0.6695538967934799 0.0418341014563857 0.0188299237717619 0.2380460266776758 0.2142937618501723
1 0.6340084567835499 0.0474387353880854 0.0251948996281498 0.2971049985235797 0.1607159239001941
1 0.7053324989596044 0.039947686637322 0.0195106586946612 0.1576675528291776 0.170689909505942
1 0.7123936037621961 0.045852650717571 0.0208474862277409 0.1535046471534394 0.1368800790071815
1 0.6963729893955874 0.0452426682437357 0.0225661265314206 0.2749751966165152 0.1917312968779515
1 0.7301670648294901 0.0403702896925749 0.0183703673049695 0.2127241550269529 0.1837618352525721
1 0.7316373248533605 0.0456886211101544 0.0217860265799749 0.165880786325635 0.2010117747460616
1 0.6554765998748917 0.0500447115155685 0.0267808961044013 0.39025433331229 0.1785623456084017
1 0.7178364237272498 0.0419325300519158 0.0258424366489673 0.2809410443789301 0.1197088684045568
1 0.709336266980174 0.0446766593779452 0.0215043240494263 0.2887724565383546 0.2934357904942817
1 0.6673061721060938 0.0434795310930377 0.0189768838786267 0.2511847384677208 0.314171170967252
1 0.6313729298426326 0.0491390628971683 0.0268735011054652 0.2574430045357226 0.1812305422823462
1 0.681037568295393 0.043230987190776 0.0203370716982546 0.2272450669684159 0.2894171803609426
1 0.7151185251309669 0.0469041523586311 0.0243315169358849 0.2781102078127634 0.3433994137733566
1 0.7629138029014971 0.046420736541129 0.0250253066001215 0.2977790072140538 0.1436410860788856
1 0.6667010621207571 0.0532452369823775 0.0276125155517062 0.3705660451895524 0.1903758246391898
1 0.7213798466656028 0.0349081088289577 0.0182245729654786 0.1928415570039319 0.1304027119260866
1 0.6835998847151031 0.0493710621513013 0.0273996090119441 0.3261576184597722 0.2192226070537298
1 0.6909529528013367 0.1203005844767979 0.1112805836809784 0.3600167361660666 0.2375419345597847
1 0.5929017021149736 0.0528471884361494 0.0298355816128336 0.2329901395013899 0.1274255952269924
1 0.7656478292178825 0.0495639086095492 0.0258507384102934 0.1484601561751219 0.0973018387883049
1 0.7094286109288319 0.1052692115650415 0.0855215924631576 0.2828488303354636 0.1500254761937115
1 0.5918732576148406 0.1454705740764426 0.1345207333332469 0.2556473359857754 0.2126468411243101
1 0.6853585720888524 0.105075667091021 0.0872084591677605 0.1440651433282879 0.2893725029514848
1 0.6850546994399046 0.1442366306268016 0.1375870115674555 0.2564647967964444 0.2284281600490803
1 0.6531459645777188 0.0575955950559446 0.0320623160618392 0.242088131543203 0.1854857543821886
1 0.7064893373495652 0.0507550370187643 0.027158672032083 0.196072175307718 0.162843515608709
1 0.7216961872722932 0.0419870574967869 0.0216910048606679 0.1653271061515426 0.1725837717454028
1 0.6591300240652003 0.0620950932348853 0.0367330071913981 0.3255057120219891 0.2696097401749234
1 0.7084344511304892 0.0974062125524054 0.0761344786012847 0.1888653282269752 0.2049135808003984
1 0.7763853870567774 0.0517408385169965 0.0335086795457297 0.290210671254074 0.1511091366844303
1 0.7306303730700222 0.0330605898274331 0.0200577725984894 0.0840104070786344 0.06222767406547
1 0.655076718605422 0.0517366975340945 0.0279888060294621 0.2350464928041801 0.1958745137735637
1 0.658483297306844 0.0571635646308417 0.0301439325775945 0.1656172799860909 0.2408087690672244
1 0.7713499942685901 0.0810614428857929 0.0610080137949879 0.1700781321941485 0.2540051132533399
1 0.6797772473835703 0.1342122551609024 0.1117952674090922 0.2220869546151984 0.4490801419571962
1 0.6549839955339677 0.2142444689081941 0.1771036311833153 0.3147216742889402 0.1166179837884222
1 0.7084732160272804 0.1251709590471916 0.0967779588249465 0.2639148492584258 0.2195700581257058
1 0.6148192415494765 0.2401924640014126 0.2061172896816242 0.290321011718822 0.2914355483020762
1 0.7623527944436215 0.0482970013794731 0.0260047984432984 0.241233201691705 0.1576532850192203
1 0.6087081333762182 0.0499701433392682 0.0277406088969005 0.2100317245082122 0.1694677086024989
1 0.6843497705135686 0.0515901434357083 0.0276070144203719 0.2818550484805195 0.2138863564810889
1 0.7208362151238057 0.2010946080774211 0.158587525897128 0.2732389631049396 0.2477238122974675
1 0.6790818516226838 0.0566468439347089 0.0311204313881045 0.3901482558006283 0.1822041910907359
1 0.6829134007946803 0.2551947275769858 0.2043260875384829 0.2335482817503471 0.0984285246479057
1 0.5992153251394783 0.0384876768944115 0.0210614549807565 0.1094548483418322 0.1028177663569787
1 0.7108024090213265 0.0551949823279448 0.0300923635322025 0.2620861262947525 0.1355946397204019
1 0.7711381120840239 0.0368566640258781 0.0201225263005712 0.1731900303746475 0.1164511375918869
0 0.6622470085913317 0.0584969675338808 0.0398839685688393 0.2251672619171157 0.1220063996455495
0 0.6765761919682455 0.056902011134856 0.043127591522654 0.2587116743034157 0.1570865152598837
0 0.685294396145705 0.0534693948462534 0.0458479225207076 0.2362010561974674 0.1646416939015285
1 0.5878539799261517 0.0502848554994848 0.021396015777004 0.260411964778884 0.1467526312635629
1 0.7649129899576743 0.0413130819299461 0.0220246662992226 0.2454452951451396 0.1929823908921093
1 0.6699333534359898 0.0477487935324672 0.0375940344483236 0.197462002835729 0.1471483218436999
1 0.7145220345978653 0.0804333514925844 0.0752817361920183 0.2783442553789353 0.1180396525731185
1 0.7238635351993726 0.0820354226295491 0.0776505374725067 0.2869125864021561 0.1505439608334658
1 0.7238635351993726 0.0820354226295491 0.0776505374725067 0.2869125864021561 0.1505439608334658
1 0.7297230553030385 0.0361865259869433 0.0225430813558128 0.1994927823243491 0.1261524716628316
0 0.6380570365731356 0.0563061316395839 0.0500711135133804 0.2010802041039162 0.1474779537342712
0 0.6380570365731356 0.0563061316395839 0.0500711135133804 0.2010802041039162 0.1474779537342712
0 0.6823835845966788 0.0795444565806349 0.062859969674526 0.1997842692111824 0.1292967433618386
1 0.745071748974104 0.045813602941594 0.02346813424362 0.1841779040891468 0.1584264352176652
1 0.6322871432805046 0.0596379204447028 0.0343503536046993 0.332208597234517 0.1603882697183034
0 0.7229259465227349 0.0515764081711614 0.0380976743677936 0.2955486511897735 0.1839601769661089
1 0.6605082843511816 0.0416197989516836 0.027293998806125 0.1347503949552455 0.0904415794747471
0 0.7550303965733536 0.0480343237836449 0.0342350242826214 0.2283467396071542 0.141695429898346
1 0.6769569289002557 0.0589599719614541 0.0309687713992643 0.3651024500509482 0.1406408188364769
1 0.7611099077254221 0.0658868817665964 0.035872912064014 0.4595454210637011 0.1757490439266413
1 0.5410167073858128 0.071698113933292 0.0429661934382448 0.3691749108959195 0.2213101800420518
1 0.7795457225017833 0.0455890780565215 0.0230364428942499 0.2128539106922788 0.1487243948085028
1 0.6898901597758637 0.0309903787951555 0.0128146084914271 0.1095730186798969 0.1782942445475303
1 0.633885363521364 0.0393998894014143 0.0175841811789666 0.2169435504063637 0.2420122076421663
1 0.6945277251036864 0.0493803410268117 0.0400234973854444 0.2013393911089331 0.1234839745539918
0 0.7160986824788678 0.0414572019797827 0.0290047057970434 0.1059527345409978 0.0831432592535093
1 0.6596928146729685 0.0445993357425241 0.0230364428942499 0.1843039524762192 0.1805934779122285
1 0.7204171251478261 0.0323606799435483 0.0140731672923473 0.0953055029989069 0.0671720384529802
1 0.6188592144333368 0.0354970055106937 0.0184777822676947 0.0814825068022906 0.0544280128321803
0 0.7606942751311441 0.0482192266607408 0.0392968169653611 0.2632942710490621 0.1566930497377608
0 0.691906437905896 0.0497719176562425 0.0367007955270512 0.2309913723624735 0.1244138559454995
0 0.6989993235633215 0.0457636256473488 0.0394808713988231 0.1712865257679617 0.1131828993514277
1 0.7737517180903121 0.059950651544935 0.0332756220359266 0.4620042913319149 0.2344620089500648
1 0.7180360796107621 0.0529541876145926 0.028164236059802 0.3375319411570197 0.1738470770997386
1 0.7203051726408456 0.0733421432660107 0.0471459026437383 0.408686925553012 0.1508709047803646
0 0.7193193704545338 0.039221250595228 0.0265502834936523 0.1462308536632081 0.0971138816583508
1 0.7460311560312906 0.0425219078391468 0.0203491642578573 0.1669281831587045 0.1248989079243512
1 0.6333991469904314 0.0392691609198553 0.0198334472743456 0.1709152510029377 0.1244431099869305
0 0.7124911506939198 0.0414564697849084 0.0319315567095997 0.1506490347822502 0.0962674961900694
0 0.7111043904202967 0.0542493233761679 0.0391054198506052 0.3511476468839598 0.1467640568607656
0 0.61579296471985 0.0521526324313911 0.0436894657414801 0.3029569420112603 0.155715123612916
1 0.7043751440750212 0.0312130708259086 0.0104742246903905 0.0918852796672444 0.1221388283833198
1 0.7360028043875737 0.0550961029377783 0.0271806798274819 0.3619250282320585 0.1936722012299367
1 0.6296127625262268 0.0512959576734785 0.0253526330091665 0.2059054937023288 0.146633615350026
1 0.621780706335209 0.057413043608658 0.0322682207190415 0.2784301549523597 0.1651064839965454
0 0.7154726683716964 0.0517595028467695 0.0366751913952184 0.3142263514206566 0.1901794605704522
1 0.7584235210522625 0.0382409911343857 0.0183565162420302 0.1847895251934317 0.0991266089870262
1 0.6699300307928934 0.0434357197779901 0.0183461747455638 0.1508278872340977 0.1223306658059411
0 0.7428651752023735 0.0418775443645974 0.0318244453187052 0.1622769979271962 0.0996940139844236
0 0.6446377900653777 0.0345392465218911 0.0240437227072884 0.11629297297655 0.1390616173370014
0 0.7219334390451833 0.0499769356851423 0.0454930267762007 0.1932130520006868 0.1534340141445811
1 0.779427579655966 0.0394186532662735 0.0175728492811023 0.1835712962346323 0.1037099925814923
1 0.6147492058407502 0.0632672744707152 0.0342134949717532 0.5105856664499472 0.1906635021349428
0 0.7020632172604673 0.0608269858680128 0.0522218614938824 0.2393713388156892 0.1557246150686501
1 0.7522015350078636 0.0368326077696341 0.0159540067290585 0.1875418202288895 0.140341081974736
1 0.5899739064101757 0.0475135769971979 0.0366778894877231 0.1102820408406358 0.1311151451456857
1 0.7051252071611254 0.0419806425066689 0.0193454818755902 0.120274526226183 0.1631453583893867
0 0.6431286827741517 0.0337703903465577 0.0216651880258746 0.0674626644008389 0.1087993456549175
1 0.7470645634943018 0.0332609641173226 0.016427756242517 0.1203640576379049 0.0861349642611041
1 0.786057774579342 0.0481550766440901 0.0241876198215867 0.2349491414454514 0.1471800578108282
0 0.651862930664648 0.0432384400246932 0.0358175902566701 0.1625290947013412 0.1437809913846513
1 0.725257209145398 0.0588412674222319 0.0297828751103862 0.3912658667844337 0.1444524698278122
1 0.6247320818414323 0.0592145306927651 0.0299650890169971 0.5455838214110278 0.1341127581738764
0 0.7439213022126375 0.0601116433114984 0.0431100905395923 0.3876587747776809 0.1063416923246934
1 0.686492958226769 0.0543214920871649 0.0286619207626019 0.2791533894713852 0.0950096520688198
0 0.7278159978138518 0.0383070223295247 0.0288155367341441 0.1364889223047079 0.1210440092563652
0 0.6631387212276214 0.0354854585169341 0.0207700633213887 0.1906851517243431 0.128418346980269
1 0.7069819815120205 0.0296682230104481 0.0143437489508713 0.0652226094452471 0.0709436282428969
1 0.6445895181871576 0.0342565284833086 0.0191049681259259 0.0879525702155791 0.0937066919913216
1 0.6636217165785371 0.0398155811767573 0.0216334460136536 0.2620442912657395 0.0967292654546947
0 0.7088388556894936 0.0560391074088948 0.0477076033873965 0.2423901974941666 0.0914364587389221
1 0.6208900263312259 0.0494528798189587 0.0263239385403927 0.3248430489714778 0.2383153103239569
0 0.7550601923521365 0.0541968370356486 0.0414029475082566 0.3647565331697643 0.1577873039602332
1 0.6104701090265371 0.0635267355936967 0.035719236959391 0.3414623775498737 0.1285301631884166
1 0.5994256782863496 0.0528380241645521 0.0284685590140495 0.4167109065379483 0.1705546303737361
1 0.6942578693158192 0.0531812264534115 0.027553013614452 0.2713695080576436 0.1198740596219651
0 0.7084215047688731 0.0502785714522759 0.0390266428277858 0.219633512913565 0.1478280081068757
1 0.620163844708283 0.0517178670430812 0.0306574555243693 0.3976868930352359 0.2069875807495781
1 0.6671541062252685 0.0454886694402365 0.0223889058734324 0.2357851253461323 0.1890966039650667
1 0.6599488867560648 0.0627901170083608 0.0320907967538549 0.4266346810131439 0.1476629092621781
1 0.7492582481819609 0.0405390953675504 0.0162741891988721 0.1410410368744227 0.1120291837418314
1 0.6477752668605217 0.0316172156074921 0.0153955060486035 0.0961205052611186 0.0870112086012629
0 0.6928855413469736 0.0360050732361129 0.0208348170234704 0.1055703523674507 0.0859179994169477
0 0.6478693585925457 0.0475479430445551 0.0462783966494121 0.2246236782561375 0.1436811103567726
0 0.7371182823897153 0.0664624898792391 0.0563995426134267 0.3039927075913408 0.1568068235957847
0 0.6363100119984995 0.0665661167004199 0.0642197974182427 0.2940070094195095 0.1419510716947722
1 0.6912834267785711 0.0447361751241204 0.0289378598316183 0.1659445761023727 0.0694789913910624
0 0.5840289833052753 0.0551016015007366 0.0485370674883016 0.2504163281869688 0.1359283302609078
0 0.7160590556914033 0.053510315775558 0.0603604767741704 0.2142832993302114 0.0979175575880974
0 0.6676474420822642 0.0524879175239792 0.0432856937731346 0.2954722150294125 0.1717958267733113
0 0.6766417507549736 0.0510345353513418 0.0548319822737762 0.2150346908863176 0.1049997877590245
0 0.7027410511806308 0.0385929582843281 0.0296260843425354 0.1874347717917605 0.1051138136297343
0 0.7674568602804706 0.0462858794319513 0.0430654328251831 0.1821622166284042 0.1018174445770096
0 0.6780668291605387 0.0541049859541737 0.0479666181957236 0.3109589410503825 0.1175658236230976
0 0.6899241428159182 0.0522837395966104 0.0388756349929053 0.2380823524722961 0.1515766096764779
0 0.7243508590961706 0.0486939363913581 0.0385917210910539 0.2629854525602924 0.1449457536461388
0 0.7402056473337015 0.041536083246927 0.0333840844869135 0.1612304812269455 0.1141831173238899
1 0.6450716025523615 0.0243426095389891 0.0132456831394894 0.0913823466279718 0.1067802637097811
1 0.7050142212809002 0.0633401345579636 0.0338470186104124 0.3892169595376408 0.1671075563293984
1 0.6875390174811663 0.0399205538577957 0.0190923537680411 0.1808190011991746 0.1042374567941789
1 0.729581417753862 0.0342257864599428 0.0172086097068924 0.1255926219762455 0.0844895239899942
0 0.6918579707385235 0.0424457297809765 0.0326535668271986 0.1460657756208506 0.1152487764430443
1 0.7037119126557683 0.052860563319021 0.0298443321108398 0.4162270113009479 0.1175615377465158
1 0.6311271000755396 0.0398980596788675 0.0168385885530646 0.1755120779080534 0.194034163952562
0 0.6600530211509362 0.0574247466600382 0.0461319299916586 0.3775424226094699 0.1655103008838488
1 0.7826652261488831 0.0432315668498628 0.0190028268665825 0.177064048599436 0.1156764525754969
1 0.6310102075166991 0.0500504165387752 0.021947403360416 0.3081164068573009 0.140634894334443
0 0.6848975178560819 0.044023115870152 0.0400852943039816 0.1677367921493561 0.0978744183184248
0 0.70048772802237 0.0545187532498018 0.0446425948437783 0.2941393602193181 0.0781136948323513
0 0.6303864528722932 0.0509199401562588 0.0477291879331726 0.2128759691368551 0.096579930147239
0 0.6894522582176846 0.055160928164889 0.0501989168591199 0.3043849375246739 0.1213547270358899
1 0.6929769268513827 0.0520813164081482 0.0305954464856548 0.2211866089837984 0.1030654584148226
1 0.6260731990033895 0.0403159509255818 0.0203599565436961 0.2858674352312824 0.1314298804354313
1 0.6714780879055551 0.0502078755603329 0.0243315169358849 0.239985824653036 0.0652410782213408
1 0.6825310322708952 0.0370592020491932 0.0169788385057483 0.155772291559707 0.1392248385753956
1 0.7704335917375074 0.035394298061156 0.0181287938933475 0.147880116751038 0.1171456256556791
0 0.6200466226671851 0.0608476055079741 0.0643863069656331 0.2940605799939416 0.2199862664991375
1 0.5802908439897698 0.0472249021532097 0.0250869767956638 0.3460870491441824 0.1066862896803935
1 0.7649355894948338 0.046580935202426 0.0200644140036651 0.297473582332142 0.1644627986878153
1 0.666764786935052 0.053819141278356 0.0277660025079724 0.2338354051636614 0.1534723983277407
0 0.6568596251070964 0.0632752234789543 0.0493264459394403 0.3793438640366031 0.144244808947062
0 0.7254733353232805 0.0453496891882621 0.0409463692843856 0.2028468990123479 0.1433358588540751
1 0.6045542485478467 0.0413551803639394 0.0175323782173012 0.2383314396554288 0.1195960088830537
1 0.7370348022774833 0.0547441945620341 0.0265648589044539 0.2921023283465642 0.1833615043171728
0 0.6612393962069769 0.0464385120987923 0.0437725134652129 0.1755142511081862 0.0992799287779453
1 0.7289870770379404 0.025371559728032 0.0106544590310011 0.0466967107509402 0.0560815182438795
1 0.6491222301505473 0.0416424189928438 0.0208522135393845 0.1618889758228414 0.128108045261232
1 0.6523108868866836 0.0419682707111451 0.0188274522589362 0.2028236107641398 0.1934933702810554
1 0.728993666137589 0.0317326855450874 0.0114732818063731 0.1011120211112525 0.0557101991622065
0 0.6600611387427792 0.0534188888728989 0.0459840904906672 0.2485704963677552 0.1236524289044832
0 0.6360109228427894 0.0633644502751574 0.0605543454082274 0.3279991065257361 0.1948299843051202
1 0.751210252178769 0.0554040227521207 0.0282629917042089 0.2695126578358196 0.2435662242267182
1 0.638891648952307 0.0457881641637872 0.0246887787418136 0.1900804454861203 0.1144868234014054
1 0.6722123151142847 0.0390938940667868 0.0192836715206597 0.2673282966923658 0.1814310066517841
1 0.7344003968854426 0.0530753790298608 0.0305262877705308 0.4436516471138514 0.1576422402198938
0 0.6649187043925114 0.0355593055834741 0.0249188179520553 0.137937202166402 0.0788489268634907
0 0.6617429509234578 0.0541530984089268 0.0431100905395923 0.3807188418048756 0.1237911840869541
1 0.7548526648974733 0.0423775704171527 0.0329518535255178 0.2248482019249306 0.1309786260727359
1 0.7072675766236863 0.0479967491153968 0.0349814343139308 0.2206119203702 0.163250394657762
1 0.7063230093600954 0.0499289313102509 0.0249499511693954 0.1688138102825799 0.1114644374942416
1 0.6839263994502438 0.0304092224097464 0.0124666462948983 0.0904396016899238 0.1344683225211841
1 0.6090148508098893 0.0401042560207455 0.0159135356652574 0.129307468313118 0.1277363130703987
0 0.6249358518891595 0.052463567339009 0.0545248129216202 0.2324295173293214 0.1813325207329166
1 0.651469877969514 0.0403485193369505 0.0154154302641305 0.1243315872614918 0.1730617894081791
0 0.7296513830930332 0.0522937840955419 0.0495854607477673 0.2710455688208726 0.0831595548601203
0 0.626862672313289 0.0494140197393653 0.0306450028888555 0.2771267678493164 0.1329689059383559
0 0.7241913084039967 0.0411731331738702 0.0330995181915136 0.2448506108403552 0.1074939389143335
0 0.798129502632266 0.0503653345818906 0.0444640315890065 0.2295782390497734 0.0682771485131759
0 0.7567468300295856 0.0488915182717466 0.0357799714639383 0.2252948858742846 0.1230516420958912
1 0.7760600009620188 0.046310765166492 0.0303212343784468 0.229563199168111 0.0749320460427056
0 0.6779094015560239 0.0611079958752784 0.0465003367256121 0.3186410041335512 0.1357837751454114
0 0.7531559665556625 0.0574329945044757 0.0401314202438318 0.2961971000290871 0.1830401899951067
0 0.7403639477388987 0.0614358076380354 0.0439961938619101 0.3466849497057528 0.1579559969082866
0 0.685513566215966 0.0486501207461878 0.0341178782954316 0.3334179977332152 0.1510521473852462
0 0.685513566215966 0.0486501207461878 0.0341178782954316 0.3334179977332152 0.1510521473852462
0 0.7098359857376573 0.0531625475166913 0.0410786018481012 0.2939512144913604 0.1279623321650109
0 0.6319014750246412 0.0602372644422476 0.0620181715474632 0.2721848835491108 0.0971321438582541
1 0.6219704859335038 0.0523688129391582 0.0315469294517155 0.3393245535284732 0.1719977294995649
1 0.7495308838400001 0.0570904915592934 0.0302956737092989 0.2336120887988642 0.1110319017650721
0 0.6769072419939302 0.0483192571129802 0.0446356438576283 0.2005385566027884 0.1129392757812758
0 0.7050031459857459 0.0518554344048992 0.0430153290006604 0.2629373901614467 0.1395258390140512
1 0.6784806316008866 0.048834719533203 0.0236314769140795 0.3238855005964711 0.1331148506051693
1 0.702654407711427 0.0669802494006655 0.0336839187339588 0.4287783769101287 0.1636851270815406
1 0.7245912360410024 0.04427421067654 0.0208515276552213 0.1693446525982359 0.118883288963091
0 0.7735343699914748 0.0460509578069027 0.0422359155614887 0.2011739526091724 0.1311035073978797
1 0.7988684811497084 0.043568354148604 0.0243315169358849 0.335656545676425 0.1810658119063869
0 0.6699627073594272 0.0492511246240855 0.0531376638426452 0.1561321393552018 0.1012588350459385
0 0.6844546047854867 0.040541642172494 0.0268431756840831 0.1015188136692639 0.093587124077374
1 0.4778891035208566 0.0399599185987514 0.0217413688526149 0.1810897187382216 0.0949054609532545
1 0.6723332367392738 0.0423334673095728 0.0265079608106909 0.1342338591654702 0.1274498488129048
1 0.6367891981199386 0.0426301609056423 0.0212961871508029 0.1922568174720698 0.1589049892937556
1 0.6957937814069906 0.0499054543089488 0.0236531448172963 0.2542923158578339 0.1510311760968797
1 0.5829015435697869 0.0442419288038215 0.0212856946551787 0.2819214206860632 0.2202302809604492
1 0.7946318488161773 0.043268987654419 0.0213696346395985 0.2245694074136236 0.1505962845441782
0 0.6355556361860255 0.0651708549929668 0.0666012946980835 0.2908489722943384 0.175543586895233
1 0.7022105978381313 0.0463203876805366 0.0248783259728084 0.2627354565903928 0.1896588894317499
0 0.7075152245436999 0.0465600752695246 0.045450053888366 0.2208099985624555 0.1211656710156381
0 0.7227094990451015 0.0575720297201403 0.0440483584730017 0.3296332337775737 0.144212066845636
0 0.7110937297054665 0.0538393214397348 0.0519785323633329 0.2664176220736718 0.1362948711181729
0 0.7131832314487162 0.0546983731463128 0.0421747593160798 0.2734656751280321 0.1813775399725096
1 0.6556763621309872 0.0589835908175745 0.0296783226239138 0.2687248554497042 0.1318838368596203
1 0.7123646311435566 0.0521203464017548 0.0267597807639505 0.236511616158061 0.0662133461024218
1 0.7468815601023018 0.0412589553966983 0.0217413688526149 0.227247060171461 0.2550162600801287
0 0.7528769507246377 0.068914005450769 0.0499221799985924 0.3882187204386362 0.1857245945024225
1 0.8021281080368015 0.0335156772319402 0.0171705192935223 0.1043457182255191 0.0591431376520894
0 0.7253362445201569 0.0551290943155284 0.053979461969708 0.2533627090528058 0.111086357713917
0 0.6545956074129786 0.0566475451836399 0.0614901798327588 0.269408425559009 0.0945622668834031
0 0.8193381833553623 0.0623322190078378 0.0616826296484494 0.3005363155654575 0.0889444032815032
0 0.6999285977224622 0.0669358230927303 0.0508805347894023 0.3126220333409337 0.1166797853481001
1 0.6565756692242114 0.0455890780565215 0.0217413688526149 0.1976335687142931 0.2088557417834872
1 0.7072223802768696 0.0332939692359953 0.0148327872601918 0.1013949642245548 0.0861156300011511
1 0.7167541890665848 0.0406056386718626 0.0171631685115403 0.1837483444803768 0.1542524909167209
1 0.7236979114509532 0.0294232867931817 0.0167337492271181 0.0884882758275495 0.1036207114818767
0 0.6657809889173061 0.0341864217189872 0.0225507901286368 0.1645458687621502 0.0923419393614429
0 0.6513170276590757 0.0454076253056911 0.0384848261329332 0.2149904307274242 0.0905884168222383
1 0.673874493098121 0.0604407114449115 0.0345070986823379 0.4301991336288978 0.1757479846429001
0 0.7463285781376983 0.0538718254766133 0.045974196578265 0.2827453138117783 0.0765010918461659
0 0.6672381754779608 0.0557225604891048 0.0496636117965487 0.2917737798608392 0.1465595309667238
1 0.5691251321398125 0.04905317618438 0.0275692020399724 0.2161626806874931 0.1187929072483761
0 0.7285205667099061 0.0437433774755742 0.0387608852164611 0.1743627548785091 0.1346729439181323
1 0.64997 0.0461123012112501 0.0242708103401833 0.2359325814088985 0.2515606038699358
1 0.7863086322238636 0.0704151146395077 0.0528231458518548 0.3180727965400933 0.1008661887407194
1 0.7029245826170435 0.0311168458586675 0.0137550789313576 0.132781676808093 0.1505654067616946
1 0.5541920579710146 0.0529791540626197 0.0289937834857709 0.2824704313915875 0.1986637299417506
0 0.6413849977531253 0.0624605189256692 0.0469953126644973 0.3011245413497374 0.1797650643661204
0 0.6685442158715089 0.0602415133318063 0.0558744187754337 0.244908873316816 0.1122654956222495
1 0.7636592325069804 0.0600932287432004 0.0332075122142196 0.356196283023152 0.2391499624137628
1 0.5754893039613164 0.1285349832483792 0.1007408853923496 0.3460870491441824 0.2642381415172032
1 0.6823202934552225 0.0544169410386903 0.0312246529637333 0.2428996769348747 0.0850559441256476
1 0.6158737162389497 0.0444343786805687 0.0191512207693449 0.2020452620633039 0.1035767068089451
1 0.7056517667215823 0.0384684319240573 0.0141867702742523 0.1788838720968039 0.1866856306667829
0 0.6656486668789087 0.0704151146395077 0.0578595449170473 0.3016392389192541 0.1524366081737474
0 0.6863991807029907 0.0453210228524946 0.0338364353300978 0.1819641793987212 0.0976480352267822
0 0.7486514586008116 0.0576134956098155 0.0479292602956574 0.246501556305377 0.183890660304755
0 0.6982979283887468 0.0477541393864331 0.033882687992943 0.3179073580403325 0.2355630141739706
0 0.623230717928757 0.0604026555556984 0.0528572267613196 0.3160178761994127 0.2334810333120157
0 0.7123183590698993 0.0573228614141912 0.0480808894423094 0.3178392362895662 0.1078324489339474
1 0.7547128673212345 0.0288061198952991 0.0108002260897574 0.1529765833442992 0.0953776590713716
1 0.6669742710997443 0.0291568176842176 0.0178063361856546 0.1234662166524492 0.1202823597798172
0 0.7190453557714168 0.0545091307357572 0.0395162600740552 0.3389180475099433 0.2011487616235487
0 0.6267981647058825 0.057574857578912 0.0532893725068434 0.3185492594194041 0.1886700041088457
1 0.7327606187856095 0.0471943918202738 0.0267005548199253 0.1758118270582662 0.1338900047676089
1 0.643180403851567 0.0347105944407476 0.0158794547687433 0.1680984428936213 0.2282059538521077
0 0.6995235587464621 0.0357741333609223 0.023868990495219 0.1132126656746327 0.0954338697823132
1 0.7690408996922491 0.055726264418293 0.0376737913889166 0.3534843302982116 0.1387452667385668
1 0.7021334782608696 0.0462746808109935 0.0231578560856532 0.3454942278754317 0.132063616704937
1 0.6391552396677783 0.0359247463430849 0.0227267512753165 0.1433985127316753 0.1541886248333457
1 0.6889696883571015 0.0394764386954339 0.0236885081479294 0.1301624266862134 0.074581537536214
1 0.7265804551678909 0.0471429327580544 0.0269456478736964 0.1047347450047953 0.1310565866602865
1 0.724029033482694 0.0319855118809246 0.0125065598357998 0.038730430347144 0.0369749825051769
0 0.6957722886901961 0.0762000441977932 0.0694795931941636 0.3465085624199026 0.109047809721205
0 0.6628174531155805 0.0632648608026097 0.057281189197445 0.2544935084629351 0.1531926793862229
0 0.674276803480989 0.0689787812567465 0.0609094618333509 0.3897036318252981 0.1318282584481885
0 0.6471859649320376 0.0649536986487571 0.0521931098140989 0.2641130177801021 0.1355280605240264
1 0.7535481109925863 0.0384134462367388 0.0240540010688952 0.2774221937606536 0.1757404613774968
1 0.8233669543879693 0.0430230794689529 0.0263460765554865 0.3547266152722088 0.0909461245869485
0 0.7247141438330436 0.0420469597208433 0.029791829109852 0.1860260458930449 0.1342924522901628
0 0.6561115961920818 0.0647438567477443 0.0606880225622827 0.2868945326280804 0.1259488656630048
1 0.5904790359863871 0.0246712547637557 0.0149671354050589 0.0763798744484942 0.0952331406238807
0 0.7042434346336027 0.0588681208799792 0.0680834349973717 0.2422799052051097 0.0859699320448556
0 0.7251016897013742 0.0501190525047665 0.0390256262594169 0.2416656617020773 0.149053330198614
1 0.7878104363553827 0.0462654019932182 0.0238134873192309 0.3205496471938642 0.1350108254072475
1 0.701787859555301 0.0521105051876484 0.0305272688862478 0.1971673329121604 0.1070638281924067
1 0.7722692050358669 0.0812564587932283 0.0639931594609566 0.1365132340878264 0.1146965765304424
0 0.6016967694844945 0.0613038148761298 0.0522160798948384 0.2654219939912458 0.11667287630373
1 0.6094643835281569 0.046879624407692 0.0252837772636638 0.3613982201011315 0.2055929493167808
1 0.6910528322928831 0.0649663769592302 0.0402973516054163 0.3748182019580183 0.1288151101953896
1 0.7169950449607911 0.0375269877982075 0.0170044313639615 0.1261224045590473 0.1196240875679804
1 0.7112791338448423 0.0450983308217416 0.0250114308077433 0.269864017709821 0.16307776628727
0 0.6964866307718874 0.0465355529766125 0.0374733338714117 0.214915111673989 0.1357739286999444
0 0.6836873540719522 0.0538451785945844 0.0414912479875486 0.2849850965879504 0.1482949295456835
0 0.7383662209873624 0.0456821989609001 0.0403737243880311 0.2653672925454048 0.0866462429989594
0 0.7286625064663188 0.0530327650803311 0.040612447717259 0.2462015854013991 0.1889124511726255
1 0.5939371453855754 0.0674046484175928 0.0372360046893897 0.4765156111491617 0.1223960373217517
1 0.6778792839319898 0.0486180720650083 0.0321019611856949 0.1238527931551931 0.0916893309510642
0 0.683798587609371 0.0523803769647336 0.042943199528143 0.2713952618689013 0.1331926517443893
0 0.7122868302362626 0.0501218872917345 0.0450802563743991 0.2319602974137055 0.0941536100110164
0 0.7421568821749088 0.0600228202559321 0.047701716693094 0.2830599940512961 0.1125324084225451
0 0.733319097212508 0.044989522633521 0.0415161532326747 0.1749303161368362 0.0935031485954066
0 0.6782908547300938 0.0573589085306348 0.0465749816204406 0.2464872674483281 0.1342753467933533
1 0.7249002854889957 0.0350786893923439 0.0150378890103405 0.0688472165583203 0.0904757361690548
0 0.7398667655583973 0.0325409751082544 0.0242020095317214 0.1212671572247473 0.0991802521710033
0 0.7121279679656266 0.0476960294867481 0.0385689218305805 0.1812959797172015 0.1134795533537989
1 0.7409613721687298 0.0476953352237483 0.0256505738320614 0.2846787289712915 0.1187799368038261
1 0.7307217858494527 0.0538015828041753 0.0252301397389632 0.2264806409761413 0.2084898046706821
0 0.7602720103426839 0.0566442553873829 0.0418749736343111 0.3222271411043457 0.0997039529303644
1 0.6096844400366104 0.0335884523910494 0.0174861255738821 0.1048934725910763 0.1195486892691078
0 0.6153221994884911 0.0312836357749424 0.0186475808628257 0.0399890605125668 0.0971188657601944
1 0.6747371616552158 0.0439458520481586 0.0246801907173213 0.3097754195006234 0.1368248348239811
0 0.7026081830963069 0.0627219300472219 0.044097584496339 0.3135894131965779 0.1442692456174758
0 0.7646567634979574 0.0627446116338588 0.0562458415425692 0.3546583390680591 0.1278443432750361
1 0.7553531331725422 0.0544067823977255 0.0282167390607899 0.3557626947883867 0.1716569654197165
1 0.6052309505546257 0.0593492456007146 0.0314081715214583 0.4024464314180577 0.1202565996116016
1 0.7490996559340357 0.0566741920656688 0.030899392430898 0.2683088958120703 0.1287483629266752
0 0.6609519463938619 0.0430278565757412 0.0375853597833779 0.2322489347878188 0.124352576234144
0 0.7426560827069874 0.0418469967348716 0.0285524989984694 0.2430249911720606 0.1447024123046427
0 0.7006880974204399 0.0410082641000073 0.0283701030951034 0.1461299515310468 0.1014124750750312
0 0.640223769175734 0.0550832728998071 0.0444771131319011 0.2891394411522028 0.1732346805234563
1 0.7204044613554306 0.0290748861054668 0.0108895415380019 0.0840400719222018 0.0566609200544581
1 0.6377074553524706 0.0526388216058544 0.0303979163923658 0.3343728423799079 0.2075177489402045
1 0.6676427764171184 0.0276912377292524 0.0154278828996443 0.1256678213183823 0.0702925248816644
1 0.7620049910088457 0.0510161651234999 0.0279577242524629 0.2470004170428903 0.0990226997168274
0 0.6536579996438261 0.0573393639735275 0.0458370422151616 0.2640326601317181 0.1436483842257323
0 0.6547626767375276 0.0622097508992046 0.0474368151904645 0.3018999298925847 0.1705254466658836
0 0.722779101080989 0.0469381327941317 0.035102429779202 0.1828260039989599 0.111004791779859
0 0.7746502625739404 0.0344004393016182 0.0344464918073375 0.1656640048477537 0.0718954464284076
0 0.6629197344455039 0.0511069544588986 0.0431051475009902 0.194355108044866 0.1038680689920814
1 0.7343264030256231 0.0732352458165825 0.039947121235637 0.4517598304055553 0.1335745377786731
1 0.6888175602892276 0.0629797868886254 0.0338170592093313 0.3878252450842769 0.1436833454441889
0 0.6563270034004023 0.0345669476444503 0.0280048178522109 0.0889735620714558 0.1330935609950755
0 0.6017184531264381 0.0365957463651038 0.026722422857409 0.1458385922303847 0.1031668247524508
1 0.8208719930878909 0.0413596559209856 0.0212293628390158 0.2191328788738605 0.1492999147421519
1 0.6185232265377937 0.0429910044606276 0.0197987577901624 0.2405372862968466 0.1074856612717924
0 0.5445776129582267 0.0290985275936949 0.0220246662992226 0.0731824572692956 0.0672884109482799
1 0.7587976645206207 0.0451121369848301 0.0193764510394261 0.2444166992725861 0.0927422897168312
1 0.6653170544422847 0.0454736081189262 0.0279577242524629 0.1723545659508559 0.1012186506809054
0 0.7485616168626087 0.0502782840476012 0.0346605220893209 0.2829675538998715 0.1516511171472375
1 0.7419561178345302 0.0495068080903237 0.0344608460194927 0.3133932503850972 0.1228946989438697
1 0.7004333459938754 0.0728303608149641 0.040379642746894 0.5115586366048491 0.0963601444858011
1 0.6627112861861211 0.0570002248408323 0.030673570700502 0.5238977536186912 0.1378727305941992
0 0.6219578292326139 0.0564762436259633 0.055274536011343 0.242301963649686 0.0753249832005887
0 0.7892975627069327 0.0538163111101855 0.0473514580259469 0.2179163287849567 0.1111230153067402
1 0.6474584423949531 0.0618893206099433 0.0323503315214589 0.4515386065069032 0.1761054779572715
0 0.5809985167832498 0.0475431847016317 0.0393244895246994 0.2156536391294062 0.1593336920664811
1 0.7710360538637748 0.0501437256014172 0.0185756323056766 0.2684412466118789 0.1297303961875454
1 0.6161713276340052 0.0374899950407099 0.0152478434029232 0.2193292044768249 0.1374742728572768
1 0.6159265894132652 0.0428073022976778 0.03027708412585 0.2179073048427242 0.1598872505478518
0 0.7142977073665745 0.0620863108223717 0.0492017351010048 0.3186855317072355 0.095500254203865
0 0.7142977073665745 0.0620863108223717 0.0492017351010048 0.3186855317072355 0.095500254203865
0 0.6985900465945097 0.062230706960829 0.0553492518114752 0.2784984529943913 0.1183266665951689
0 0.7021543256506598 0.0498694291895283 0.0430877616500109 0.1672613420845408 0.1549227289080856
0 0.7635154920536606 0.051747474747515 0.0394047398237486 0.2895438463664873 0.1355587163820306
1 0.7221780708933402 0.0559106765481541 0.0409031786298508 0.3302409670109389 0.1467099546879042
1 0.8504328832054562 0.0515935148114763 0.0283462464649534 0.3920568936330847 0.0800438649131889
1 0.7913559147393417 0.0450478127240436 0.0236435088512663 0.1751339327468359 0.1119889084094816
1 0.6246756312753213 0.0578138301203114 0.0300326580999641 0.3842769683832756 0.1362955397662804
1 0.6052955296225883 0.0541968370356486 0.0274514680373647 0.3568154851812499 0.2190202128867681
1 0.916237660077722 0.0526616117342327 0.0297546394852314 0.413861687901547 0.1099798513948424
1 0.6522457595907928 0.0300006364811581 0.0210938318317974 0.1480020187860787 0.0768217062181686
1 0.75776172375363 0.0453816805963527 0.0223386117377792 0.221026251365067 0.1380922018945654
1 0.7479861668264484 0.0260577605590458 0.0094223718737359 0.0482385683191833 0.0630551749232011
1 0.5782330412762898 0.0569711147540945 0.0357096674630363 0.4557176283410077 0.1182870200488439
1 0.7674172214919965 0.0379247609486345 0.0166582032391976 0.1644135179623416 0.1140474427649347
1 0.7703302368627452 0.090494053800851 0.0769978612741234 0.2398387682235098 0.1318215990528873
0 0.7446651291378688 0.0357741333609223 0.0231983271494543 0.273569840104461 0.1696645874925893
1 0.694931167945439 0.0597341454119439 0.0296736973576293 0.3814357419484469 0.1564176707804917
1 0.6316611406288423 0.0419806425066689 0.0229555007666477 0.1086276558430287 0.0461362122567305
1 0.7242550244902848 0.0424029631224544 0.0195829121187151 0.145869700359424 0.1077041839951309
1 0.7157051666538721 0.049005063729627 0.0219032531078193 0.1927807060767039 0.1004680823522818
1 0.6785955696317 0.0931843429590779 0.0670689603098397 0.2825035190915396 0.2217861971904367
1 0.7626230288087842 0.0397621228680384 0.0212856946551787 0.1957585990723968 0.1083134673683109
0 0.6733421997826837 0.030950469844384 0.0162268600316313 0.0896395854425989 0.0496115995973487
1 0.6446464951611799 0.0638412011678616 0.0344566412378481 0.3328419425976088 0.1822283781120808
1 0.734690558926677 0.0375202640992113 0.0182193992029606 0.1113957243806322 0.1129179371101572
1 0.7227434242621108 0.0414951439001673 0.0251752772943818 0.2358348222773557 0.1461815457310824
1 0.6135282176916624 0.0581191266886116 0.0290742880855589 0.4255094525790556 0.1137574957496139
1 0.6564070081294187 0.0592106164350855 0.0315093001818347 0.3364897468353645 0.1910214996663307
1 0.5769240835464621 0.0266808757752937 0.0154278828996443 0.0975432763590608 0.0538326942900322
1 0.683072409804931 0.0340915714213532 0.0101227045952254 0.0917151143248439 0.1127402105453863
1 0.6332230790908508 0.0407482229715292 0.0195995156284166 0.2122685129137139 0.173803791158044
1 0.7326128634491528 0.083745477441645 0.0757027872324885 0.2250743012299954 0.0910025349277111
1 0.8006108776987281 0.0621273529951108 0.0389950972200186 0.3042613502007239 0.1241500691246148
1 0.6144820311874782 0.0001 0.0001 0.1479207507627183 0.1445864179241943
1 0.7052207313772686 0.0415476302406866 0.0204462948109799 0.244618102646336 0.1203824500836299
1 0.634027211633705 0.0718857223287607 0.0431100905395923 0.4651694732164874 0.1257881084634758
1 0.6375035249276181 0.0767226599806501 0.0397914633079027 0.3846121611438526 0.100452495255861
1 0.6992185280001092 0.0930640617933278 0.0740839446804447 0.2237177055319575 0.0812806120910776
1 0.6489551602804979 0.0540568734994207 0.0255269698998847 0.2930279529145522 0.2316071460004997
1 0.7271044934253776 0.050008023771911 0.0249292434146471 0.2838143010308205 0.1774641810050556
1 0.692961305355676 0.0739433627262819 0.0536145799740198 0.1803544365244157 0.0882575576221914
1 0.8009410511052276 0.05713607181605 0.0415991708459361 0.2567502592733967 0.1281422621319529
1 0.442637220801364 0.0450117283685451 0.0203167874068164 0.1784427027420502 0.0697748228546898
1 0.6833689307446342 0.0525502657477236 0.0344885976431013 0.1603673649490761 0.0955393023078979
1 0.6860854677718533 0.0724483896100271 0.0397316365207512 0.4692404274461292 0.1447045235257476
1 0.6488521174319795 0.0713033449064964 0.0434587642951272 0.2809127642556056 0.2633427054368133
1 0.63763118184637 0.0902528499183776 0.0698404187589386 0.2698971054097732 0.1443458248305469
1 0.7220996464790589 0.0436044385041026 0.0304831186336511 0.265463353616186 0.1963587563732693
1 0.688374436655468 0.0312378143592211 0.0190124628390878 0.1584955465135477 0.0875567417083046
1 0.7092846479113384 0.0493418510283683 0.0243315169358849 0.2803528185946503 0.1929545580233589
1 0.705692340497787 0.052678932224872 0.0278023153674667 0.4587352265766431 0.1130691576258198
1 0.7199818376276897 0.0643660645153188 0.0358105822872623 0.4552965121838624 0.149169628335798
1 0.7133418073316283 0.0847469715930713 0.0553752035411807 0.3840535629463902 0.1462204451188839
1 0.7381438935606343 0.043674708023301 0.0214346407904632 0.2473347769860595 0.1784620110215698
1 0.7428014782086002 0.0355520757797414 0.0226877691128135 0.17034894231258 0.1040323889930103
1 0.7646389201790144 0.0967741141791575 0.0760898208868755 0.2756749024059293 0.0883857736916277
1 0.6453626472132856 0.0867871022447255 0.0727522539743713 0.272890360561326 0.0812430563237639
1 0.5690245882287469 0.1472757541200939 0.1253472921834144 0.136536027807271 0.1998838710487306
1 0.663094027832198 0.0398680675172765 0.0197398907888586 0.1396398546404191 0.1975093348880661
1 0.599259855975775 0.068884466624153 0.0458658876583057 0.2858623053804571 0.134065779495724
1 0.6955921431749292 0.0635918910648291 0.0488398120257332 0.1290918969185994 0.0789288424178928
1 0.6690154982372719 0.039504700597745 0.0177731291597762 0.1957161789204978 0.1239282301826313
1 0.7454587177029838 0.0681442058860454 0.037767910117848 0.3623441390760605 0.1552695909922378
1 0.7400751696322454 0.0693245652224706 0.060766266662134 0.23647117564325 0.1000963757140656
1 0.6936676929501517 0.0562191046611618 0.0506519922962305 0.1158096330835057 0.106610491291419
1 0.6692240752347552 0.1359864702087384 0.1184644829399913 0.1896032954414568 0.1387458452498176
1 0.8168025975475397 0.0785392495511002 0.0550432727618709 0.1540523410346811 0.1715759239531241
1 0.7414620433699574 0.0608276107335801 0.0313366901622697 0.3631723342645234 0.2053469342133145
1 0.6925226302778926 0.0441693657052526 0.0296604281585061 0.1219007052830889 0.1133538828360765
1 0.7362908029741176 0.1085201940459516 0.0815219866144862 0.1343434162458341 0.0626731368508457
1 0.6698119970471612 0.0390938940667868 0.0259827363389695 0.0871206508741358 0.0782054729337082
1 0.673932837641712 0.0679791734799557 0.0381870351242034 0.4506864849408508 0.1070334458751684
1 0.6699668580721704 0.0841432072331104 0.0511443461634573 0.4307670516388057 0.170548677827705
1 0.6389352633478875 0.9999 0.9999 0.9999 0.1062226486865668
1 0.7709248917869123 0.0422755929108255 0.0269498188021056 0.3242299859052288 0.1300488451668948
1 0.7586227590824483 0.0536821922580539 0.0380272114613067 0.1071782388894381 0.0946741251894873
1 0.6941435613379984 0.1808512846427478 0.1574948071744985 0.1689368822986909 0.0772456694275959
1 0.6930469052825644 0.0367638756749198 0.0186298273208998 0.0566369958560611 0.0809776060913886
1 0.6286388560677102 0.0627372254838306 0.0363544431269822 0.2556308743918215 0.08669909501003
1 0.7190024816199148 0.0696666983751777 0.0387931770458911 0.4207549587469685 0.1521208099590126
1 0.6957835123614664 0.0480428142304213 0.0209319475765931 0.1906851517243431 0.1291245076711896
1 0.699330751075301 0.0736946989662251 0.0581569817230267 0.2172269448358934 0.1515284849634493
1 0.6843138263994817 0.0935496179038582 0.0898406788968396 0.1640524557159078 0.0521016058754169
1 0.6825302789348064 0.0739177027658096 0.0430669213832866 0.3940421556302133 0.1105114230629621
1 0.7061084716794545 0.0367844953148811 0.0230364428942499 0.0874515278736572 0.0769893633908885
1 0.6985628501252583 0.0697511624983348 0.0873692459124683 0.1249729796193873 0.1309340158027793
1 0.6545455397473555 0.0506802525672709 0.0308068871440599 0.2621245039238222 0.2676182123194849
1 0.7285904322224995 0.0679967820103544 0.0537761248550715 0.3059739356684421 0.1441189123525599
1 0.7079616249985201 0.0582774987887008 0.0513940986022385 0.0943010620737741 0.1275053662174634
1 0.6740894939086239 0.0495301172560714 0.0362405673312549 0.1841107696091716 0.1107049350124625
1 0.6631504653062985 0.0919040700259901 0.081051443024441 0.2092936741774282 0.0856666074040317
1 0.6496638357037613 0.0755830984248411 0.0407568462712754 0.4775716506218095 0.1587182469990992
1 0.5889374043232464 0.0461664277444979 0.0256265909775199 0.2413093326511217 0.0525779680288494
